timestep,px,py,theta,px_ref,py_ref,theta_ref,error_px,error_py,error_theta,error_norm
0,0.0,0.0,0.7853981633974483,0.0,0.0,0.7853981633974483,0.0,0.0,0.0,0.0
1,0.0002813270177961172,0.0002813270177961172,0.7852885386388905,0.01999966666833333,0.01999866669333308,0.7853231571470295,-0.019718339650537212,-0.019717339675536964,-3.4618508139017123e-05,0.02788525776993209
2,0.0005626848743081383,0.0005626231934954585,0.7851789138803327,0.03999733338666616,0.03998933418663416,0.7850980633706443,-0.03943464851235802,-0.0394267109931387,8.085050968842378e-05,0.055763460974321
3,0.0008440735661548206,0.0008438885237175224,0.7850692891217749,0.05999100040499132,0.0599640064794446,0.7847226568420766,-0.0591469268388365,-0.05912011795572708,0.0003466322796982224,0.08362814989891318
4,0.0011254930899545507,0.001125123005082178,0.7849596643632171,0.07997866837326832,0.07991469396917268,0.7841965616812204,-0.07885317528331377,-0.0787895709640905,0.0007631026819966413,0.11147287594150306
5,0.0014069434423253449,0.0014063266342096655,0.7848500396046593,0.09995833854135666,0.09983341664682815,0.7835192505983565,-0.09855139509903131,-0.09842709001261848,0.0013307890063027905,0.13929120763241581
6,0.025332859871160636,0.025306028701017363,0.7837018672293955,0.11992801295888919,0.11971220728891936,0.7826900438339384,-0.09459515308772856,-0.094406178587902,0.0010118233954571343,0.13364802029901243
7,0.049286201500893106,0.04917824394407992,0.7825536948541317,0.13988569467506554,0.1395431146442365,0.7817081077917023,-0.09059949317417243,-0.09036487070015657,0.0008455870624294315,0.12796403024894565
8,0.07326693675384066,0.07302294089266413,0.781405522478868,0.1598293879383454,0.15931820661424598,0.7805724533623122,-0.08656245118450473,-0.08629526572158185,0.0008330691165557846,0.12223184873502135
9,0.0972750340162082,0.09684008811231415,0.7802573501036042,0.17975709839602208,0.17902957342582415,0.7792819339341677,-0.08248206437981388,-0.08218948531351,0.0009754161694365271,0.11644463867932708
10,0.12131046163812931,0.12062965420489294,0.7791091777283404,0.1996668332936563,0.19866933079506124,0.7778352430874435,-0.078356371655527,-0.0780396765901683,0.0012739346408969787,0.11059627032945737
11,0.14502981540251533,0.14405252727158185,0.7772712857219207,0.21955660167434962,0.21822962308086932,0.7762309119668949,-0.07452678627183429,-0.07417709580928747,0.0010403737550258585,0.1051549608542461
12,0.16879217779367967,0.1674317671927019,0.775433393715501,0.23942441457783872,0.23770262642713458,0.7744673063284713,-0.07063223678415906,-0.07027085923443269,0.000966087387029746,0.09963854603273947
13,0.19259746854601975,0.19076729499677922,0.7735955017090813,0.2592682852393897,0.2570805518921551,0.7725426232543283,-0.06667081669336997,-0.0663132568953759,0.0010528784547529924,0.09404017434944249
14,0.21644560724892759,0.2140590318599928,0.7717576097026616,0.279086229288473,0.27635564856411376,0.7704548875304338,-0.0626406220395454,-0.062296616704120955,0.0013027221722278215,0.08835390804791465
15,0.24033651334706146,0.2373068991064407,0.7699197176962419,0.29887626494719843,0.29552020666133955,0.7682019476806334,-0.05853975160013697,-0.05821330755489884,0.0017177700156084663,0.08257507146659641
16,0.2644289120052143,0.26066478249060926,0.7672428970404708,0.31863641322849195,0.31456656061611776,0.765781471650788,-0.054207501223277665,-0.053901778125508504,0.0014614253896827467,0.07645907819306223
17,0.28858374913800644,0.28395809123754484,0.7645660763846996,0.33836469813399206,0.33348709214081446,0.7631909421364422,-0.04978094899598562,-0.049529000903269615,0.0013751342482574147,0.07023642792467263
18,0.3128008516672244,0.30718665844219883,0.7618892557289285,0.35805914685164836,0.35227423327509,0.760427651547437,-0.04525829518442398,-0.045087574832891164,0.0014616041814915492,0.0639010091790057
19,0.3370800460685002,0.3303503176634194,0.7592124350731574,0.37771778995300115,0.3709204694129827,0.7574886966029721,-0.04063774388450092,-0.0405701517495633,0.0017237384701852543,0.05744853971441296
20,0.3614211583725553,0.35344890292514397,0.7565356144173863,0.39733866159012243,0.38941834230865047,0.7543709725508718,-0.03591750321756715,-0.035969439383506496,0.0021646418665144385,0.05087782701096777
21,0.38111838222557926,0.3720407010322928,0.7532868366202219,0.4169197996921991,0.40776045305957015,0.7510711670052485,-0.035801417466619856,-0.03571975202727734,0.0022156696149734367,0.05062164921604287
22,0.4008759026456066,0.39056840923447805,0.7500380588230575,0.43645924616173865,0.4259394650659996,0.7475857533974175,-0.03558334351613207,-0.03537105583152156,0.002452305425640011,0.050232456921041564
23,0.4206935111009418,0.40903183198011617,0.7467892810258931,0.4559550470703768,0.44394810696551984,0.7439109840358401,-0.03526153596943504,-0.03491627498540367,0.002878296990053042,0.04970721045626113
24,0.4405709984256873,0.4274307743961275,0.7435405032287288,0.47540525285426916,0.46177917554148284,0.7400428827720981,-0.034834254428581846,-0.03434840114535537,0.0034976204566307123,0.04904560420359877
25,0.46050815482195123,0.44576504228999314,0.7402917254315644,0.4948079185090459,0.479425538604203,0.7359772372714972,-0.03429976368709464,-0.033660496314209865,0.004314488160067187,0.0482505710763389
26,0.45453878069632636,0.4403112751095458,0.737800897807267,0.5141611037843102,0.49688013784373675,0.7317095908888981,-0.059622323087983875,-0.05656886273419093,0.0060913069183688995,0.08241335851317698
27,0.448555840708451,0.43487239351387874,0.7353100701829696,0.5334628733776623,0.5141359916531132,0.7272352341528829,-0.08490703266921129,-0.07926359813923445,0.00807483603008663,0.11643506844409612
28,0.44255937197779543,0.42944843124700466,0.7328192425586721,0.5527112971282275,0.5311861979208834,0.7225491958644261,-0.1101519251504321,-0.10173776667387874,0.010270046694246027,0.15029801609215265
29,0.4365494117077651,0.4240394219603736,0.7303284149343747,0.5719044502096711,0.5480239367918736,0.7176462338199793,-0.13535503850190594,-0.12398451483149997,0.012682181114395452,0.18399452188495505
30,0.4305259971854701,0.41864539921266397,0.7278375873100773,0.5910404133226791,0.5646424733950353,0.712520825173375,-0.16051441613720902,-0.1459970741823713,0.0153167621367023,0.21751925583734938
31,0.42047207514766655,0.4096870449699848,0.7302017764786884,0.610117272886887,0.5810351605373051,0.7071671564563529,-0.18964519773922045,-0.17134811556732027,0.023034620022335583,0.2566243781358138
32,0.410439360431837,0.4007049464117226,0.7325659656472996,0.6291331212322355,0.597195441362392,0.7015791132839158,-0.21869376080039854,-0.1964904949506694,0.030986852363383832,0.2956275708359609
33,0.4004279091147148,0.3916991537423096,0.7349301548159107,0.6480860567897367,0.6131168519734339,0.6957502697783335,-0.24765814767502192,-0.22141769823112428,0.03917988503757719,0.3345077257573432
34,0.39043777715418415,0.3826697172986137,0.7372943439845219,0.6669741842816288,0.6287930240184685,0.6896738777545541,-0.27653640712744465,-0.24612330671985477,0.04762046622996774,0.3732516247541744
35,0.3804690203889669,0.373616687549657,0.739658533153133,0.6857956149109028,0.6442176872376911,0.6833428557202919,-0.3053265945219359,-0.27060099968803414,0.05631567743284116,0.4118503197512974
36,0.3525595071238565,0.34815027345093186,0.7876585331531331,0.7045484665501799,0.6593846719714731,0.6767497777563413,-0.3519889594263234,-0.31123439852054124,0.11090875539679179,0.48276684890755955
37,0.3259040579792295,0.32137404876108205,0.8356585331531331,0.723230863929924,0.6742879116281452,0.6698868623569647,-0.3973268059506945,-0.3529138628670631,0.1657716707961684,0.5566839607616572
38,0.30056407531930296,0.2933496940577576,0.8836585331531331,0.7418409388259654,0.6889214451105513,0.6627459613267954,-0.4412768635066624,-0.3955717510527937,0.22091257182633772,0.6324592041295453
39,0.27659793125538873,0.2641417650580694,0.9316585331531332,0.7603768302463229,0.7032794192004101,0.6553185488498808,-0.4837788989909341,-0.43913765414234074,0.27633998430325235,0.7093995272899751
40,0.25406083318236905,0.23381754391077178,0.9796585331531332,0.778836684617301,0.7173560908995228,0.6475957108685986,-0.524775851434932,-0.483538546988751,0.33206282228453465,0.7870609497471087
41,0.27278251016245425,0.2617101896227757,0.968310328997246,0.7972186559688459,0.731145829726896,0.6395681349355568,-0.5244361458063916,-0.4694356401041203,0.32874219406168925,0.7768362255872993
42,0.29181950629455083,0.28938858646993004,0.9569621248413588,0.8155209061191403,0.7446431199708592,0.6312261007306176,-0.5237013998245894,-0.45525453350092915,0.3257360241107412,0.7665662423136413
43,0.3111693699875291,0.3168491700184489,0.9456139206854716,0.8337416048584215,0.757842562895277,0.6225594714682599,-0.5225722348708924,-0.44099339287682804,0.3230544492172117,0.7562546465166422
44,0.3308296093590636,0.3440884038846205,0.9342657165295843,0.8518789301319992,0.7707388788989693,0.6135576864580234,-0.5210493207729356,-0.42665047501434883,0.3207080300715609,0.7459066047839288
45,0.35079769255653864,0.3711027801902237,0.9229175123736971,0.8699310682224605,0.7833269096274834,0.6042097551231719,-0.5191333756659218,-0.4122241294372597,0.31870775725052525,0.7355289451491772
46,0.37027012592343195,0.3968306067926512,0.9100249325083704,0.8878962139310396,0.795601620036366,0.5945042528303504,-0.5176260880076076,-0.39877101324371483,0.31552067967802,0.7256089768559635
47,0.39007262984252755,0.4223052522552848,0.8971323526430436,0.9057725707581367,0.8075581004051143,0.5844293189362826,-0.5156999409156091,-0.3852528481498295,0.312703033706761,0.7156461229946894
48,0.4102019128146317,0.44752248227647534,0.8842397727777168,0.9235583510829657,0.8191915683009982,0.5739726575167142,-0.513356438268334,-0.3716690860245228,0.3102671152610026,0.7056475218054962
49,0.4306546290245412,0.4724781053412193,0.87134719291239,0.941251776342316,0.8304973704919704,0.5631215413080933,-0.5105971473177748,-0.35801926515075105,0.3082256516042967,0.6956222346755648
50,0.45142737889717255,0.49716797341785696,0.8584546130470633,0.958851077208406,0.8414709848078965,0.5518628194639037,-0.5074236983112335,-0.34430301139003955,0.3065917935831596,0.6855814329112466
51,0.4715322943011246,0.5204480966795585,0.8437088054523291,0.976354493765815,0.852108021949363,0.540182929805001,-0.5048221994646904,-0.3316599252698045,0.303525875647328,0.6759968315678833
52,0.49197829572790475,0.5434292365150015,0.8289629978575949,0.9937602756874735,0.8624042272433384,0.5280679163262988,-0.5017819799595687,-0.3189749907283369,0.30089508153129607,0.6663843111988854
53,0.5127609375032031,0.5661063960223055,0.8142171902628607,1.0110666824096939,0.8723554823449863,0.5155034528098956,-0.4983057449064908,-0.3062490863226808,0.29871373745296503,0.6567549125993718
54,0.5338757007553485,0.5884746443955227,0.7994713826681265,1.0282719833062262,0.8819578068849474,0.5024748734859666,-0.49439628255087764,-0.29348316248942474,0.2969965091821598,0.6471220729748832
55,0.5553179943978694,0.6105291179967671,0.7847255750733922,1.0453744578613184,0.8912073600614354,0.4889672117755554,-0.490056463463449,-0.2806782420646683,0.29575836329783683,0.637501860712132
56,0.5759191295970736,0.631102559652155,0.7677660279060091,1.0623723958417668,0.900100442176505,0.4749652482411506,-0.4864532662446932,-0.26899788252435,0.2928007796648585,0.6282745718354861
57,0.5968662016819055,0.6513236734720312,0.750806480738626,1.0792640974679386,0.9086334961158833,0.4604535689580829,-0.4823978957860331,-0.25730982264385205,0.29035291178054307,0.6190483729622773
58,0.6181531858691892,0.6711866434728612,0.7338469335712429,1.0960478735837471,0.916803108771767,0.44541663559766037,-0.4778946877145579,-0.2456164652989058,0.2884302979735825,0.6098383534682391
59,0.6397739596104518,0.6906857566802013,0.7168873864038597,1.1127220458255676,0.9246060124080204,0.4298388685756445,-0.47294808621511575,-0.23392025572781916,0.2870485178282152,0.600662492487823
60,0.6617223043528873,0.709815404771861,0.6999278392364766,1.1292849467900707,0.9320390859672264,0.4137047446598081,-0.4675626424371835,-0.2222236811953654,0.2862230945766685,0.5915419249350847
61,0.6826640457972378,0.7274518071414622,0.6803597740697779,1.1457349202009626,0.9390993563190677,0.3969989104388761,-0.46307087440372474,-0.21164754917760553,0.2833608636309018,0.5826857633678445
62,0.703946866224041,0.7446750698389,0.6607917089030791,1.1620703210746102,0.945783999449539,0.37970631302149005,-0.45812345485056916,-0.20110892961063898,0.2810853958815891,0.5738735934256498
63,0.7255626165061353,0.7614785981293111,0.6412236437363804,1.178289515884539,0.9520903415905158,0.36181234924553096,-0.4527268993784037,-0.19061174346120469,0.27941129449084945,0.5651240161726943
64,0.7475030200385309,0.777855957992859,0.6216555785696817,1.1943908827247842,0.958015860289225,0.3433030345211741,-0.44688786268625336,-0.18015990229636603,0.27835254404850757,0.5564588852646709
65,0.7697596759074965,0.7938008785883008,0.6020875134029829,1.210372811472079,0.963558185417193,0.3241651921901698,-0.4406131355645826,-0.16975730682889212,0.27792232121281313,0.5479035454185069
66,0.7908652590361074,0.8083047567874482,0.5795297619436542,1.2262337039468676,0.9687151001182652,0.30438666394296926,-0.4353684449107602,-0.16041034333081705,0.275143098000685,0.5394264411844666
67,0.8122926197147774,0.8223288908555678,0.5569720104843255,1.2419719740731194,0.9734845416953194,0.283956541378582,-0.42967935435834204,-0.15115565083975158,0.27301546910574354,0.5310459723165404
68,0.8340308550472789,0.8358661448844759,0.5344142590249968,1.2575860480369372,0.9778646024353163,0.26286541820488024,-0.42355519298965827,-0.1419984575508404,0.2715488408201166,0.5227823030727738
69,0.856068903954856,0.8489096307054381,0.5118565075656681,1.273074364443936,0.9818535303723597,0.24110566184802507,-0.41700546048907994,-0.13294389966692155,0.2707508457176431,0.5146587752998846
70,0.8783955528044394,0.861452711394081,0.48929875610633944,1.2884353744753823,0.9854497299884603,0.2186717023624417,-0.4100398216709429,-0.12399701859437928,0.2706270537438977,0.5067020013719464
71,0.8994654153065752,0.8726721547219529,0.46348111871522313,1.3036675420430732,0.9886517628517197,0.19556033550876473,-0.404202126736498,-0.11597960812976682,0.2679207832064584,0.49861024341082727
72,0.9208178834779681,0.8833439454543413,0.4376634813241068,1.3187693439429462,0.9914583481916864,0.1717710357084244,-0.3979514604649781,-0.10811440273734518,0.2658924456156824,0.49066575344214775
73,0.9424387256129466,0.8934609706999646,0.4118458439329905,1.3337392700073958,0.9938683634116449,0.14730627331565815,-0.39130054439444917,-0.10040739271168031,0.26453957061733235,0.48288605796497425
74,0.964313531131002,0.9030164873261595,0.3860282065418742,1.34857582325629,0.99588084453764,0.12217182931261213,-0.38426229212528806,-0.09286435721148056,0.2638563772292621,0.47529094857174836
75,0.9864277201816339,0.9120041264532691,0.3602105691507579,1.3632775200466682,0.9974949866040543,0.0963770991912814,-0.3768497998650343,-0.08549086015078522,0.2638334699594765,0.4679022961030385
76,1.0072394801503592,0.9198427358468831,0.3311305117769263,1.3778428902211026,0.998710143975583,0.06993537651704462,-0.3706034100707434,-0.07886740812869986,0.2611951352598817,0.46020631710617615
77,1.0282703560945263,0.9270729092364043,0.30205045440309475,1.3922704772547134,0.9995258306054791,0.0428641055705861,-0.3640001211601871,-0.07245292136907477,0.25918634883250863,0.4526843021805274
78,1.0495025645126979,0.9336885328584683,0.2729703970292632,1.4065588384008205,0.9999417202299663,0.015185091651111312,-0.35705627388812267,-0.06625318737149799,0.25778530537815186,0.4453447330200054
79,1.0709181516586805,0.9396840126069379,0.24389033965543164,1.4207065448352156,0.99995764649874,-0.013075342784616575,-0.3497883931765351,-0.06027363389180207,0.2569656824400482,0.43819652314392565
80,1.092499008723036,0.9450542787632237,0.2148102822816001,1.4347121817990456,0.9995736030415051,-0.041886267855577024,-0.3422131730760096,-0.054519324278281434,0.2566965501371771,0.43124857263397365
81,1.1296256524644308,0.9531544383337976,0.1608102822816001,1.4485743487402851,0.998789743470524,-0.07121213282096248,-0.3189486962758543,-0.04563530513672631,0.23202241510256258,0.3970456561165418
82,1.1671353747789348,0.9592389261888291,0.1068102822816001,1.4622916594537918,0.9976063813191736,-0.10101283897581732,-0.295156284674857,-0.03836745513034445,0.20782312125741742,0.36301479821822613
83,1.2049188238926345,0.9632900042727088,0.05281028228160009,1.4758627422199255,0.9960239899165367,-0.13124390617594112,-0.27094391832729103,-0.0327339856438279,0.1840541884575412,0.3291778622317123
84,1.2428658500382106,0.9652958625120106,-0.0011897177183999158,1.4892862399417186,0.994043202198076,-0.16185673736972372,-0.246420389903508,-0.028747339686065354,0.1606670196513238,0.29557284940072187
85,1.2808658265736168,0.9652506532452975,-0.05518971771839992,1.5025608102805854,0.9916648104524687,-0.19279898196781758,-0.2216949837069686,-0.02641415720717122,0.13760926424941766,0.26226452888079294
86,1.318807969068791,0.9631545084598215,-0.1112553487272956,1.515685125790554,0.9888897660047016,-0.22401499487154508,-0.19687715672176287,-0.02573525754488004,0.11275964614424948,0.22833671653574078
87,1.3565730342505966,0.9589355213894732,-0.16732097973619128,1.5286578740510102,0.9857191788355535,-0.25544638373627454,-0.17208483980041356,-0.026783657446080245,0.08812540400008326,0.1951836141316705
88,1.3940423442054288,0.9526069503347645,-0.22338661074508698,1.5414777577979386,0.9821543171376185,-0.28703263284555847,-0.14743541359250978,-0.02954736680285397,0.06364602210047149,0.16328216128956194
89,1.4310981504398523,0.9441886830307027,-0.27945224175398264,1.5541434950536477,0.9781966068080447,-0.3187117881210078,-0.12304534461379535,-0.034007923777341964,0.03925954636702517,0.1335590045325202
90,1.4676240039089719,0.9337071741489533,-0.3355178727628783,1.5666538192549668,0.9738476308781951,-0.3504211845928371,-0.09902981534599498,-0.040140456729241825,0.014903311829958799,0.1078900796987146
91,1.4945688208465189,0.9243114665676622,-0.3656013415931417,1.579007479379901,0.9691091288804564,-0.38209819537047346,-0.08443865853338206,-0.04479766231279425,0.016496853777331733,0.09699929787456663
92,1.521218833127023,0.9141095389948929,-0.39568481042340514,1.591203240072732,0.9639829961524481,-0.41368097997668896,-0.06998440694570895,-0.0498734571575552,0.017996169553283814,0.0878011449981128
93,1.5475499239059638,0.903110623632811,-0.42576827925366856,1.6032398817675544,0.9584712830789142,-0.44510920994479974,-0.05568995786159059,-0.05536065944610313,0.019340930691131186,0.08087178507323975
94,1.5735382649458267,0.891324673915167,-0.455851748083932,1.6151162008102287,0.9525761942715953,-0.4763247508234524,-0.04157793586440195,-0.061251520356428335,0.020473002739520407,0.07680896652013153
95,1.5991603381793924,0.878762355499968,-0.4859352169141954,1.6268310095787475,0.9463000876874145,-0.5072722820789922,-0.027670671399355085,-0.06753773218744652,0.02133706516479683,0.07604131557621241
96,1.6073951973524787,0.874412882503744,-0.5164852642467279,1.6383831366019965,0.9396454736853249,-0.5378998396315425,-0.030987939249517815,-0.06523259118158087,0.021414575384814616,0.0753268037959064
97,1.615493358067403,0.8698139028363938,-0.5470353115792603,1.6497714266769001,0.9326150140222006,-0.5681592696408527,-0.034278068609497225,-0.06280111118580678,0.021123958061592396,0.07460018202362095
98,1.6234472628549175,0.8649697084166172,-0.5775853589117927,1.660994740983941,0.9252115207881683,-0.5980065863693985,-0.03754747812902348,-0.06024181237155102,0.020421227457605773,0.07386416995088976
99,1.6312494888701388,0.8598848200055655,-0.6081354062443252,1.672051957201041,0.9174379552818098,-0.6274022311885141,-0.040802468330902286,-0.05755313527624428,0.019266824944188965,0.07313286091388727
100,1.6388927548197891,0.8545639829879189,-0.6386854535768576,1.682941969615793,0.9092974268256818,-0.6563112337819401,-0.04404921479600388,-0.05473344383776291,0.017625780205082542,0.07243446228366655
101,1.6483779964782161,0.8475211667782666,-0.6664947553356744,1.6936636892360304,0.9007931915226274,-0.6847032801150899,-0.045285692757814244,-0.05327202474436077,0.01820852477941548,0.07225131807490798
102,1.6576637400749754,0.8402173297498994,-0.6943040570944912,1.704216043898726,0.8919286509533796,-0.7125526946185239,-0.04655230382375053,-0.05171132120348021,0.018248637524032718,0.07193184623928274
103,1.6667428048755921,0.8326581200142258,-0.722113358853308,1.7145979783772067,0.8827073508159741,-0.7398383461925445,-0.04785517350161461,-0.05004923080174828,0.017724987339236553,0.0714787962328158
104,1.67560816997184,0.824849383164265,-0.7499226606121248,1.7248084544866769,0.8731329795075166,-0.7665434890556865,-0.049200284514836934,-0.04828359634325152,0.01662082844356172,0.07090998244485232
105,1.6842529797110601,0.8167971577542069,-0.7777319623709416,1.734846451188034,0.8632093666488738,-0.7926555501696838,-0.050593471476973795,-0.046412208894666906,0.014923587798742255,0.07026027300943491
106,1.6931351618041424,0.8080501273953817,-0.8024685607793722,1.7447109646899726,0.8529404815528762,-0.8181658750569212,-0.05157580288583019,-0.04489035415749443,0.015697314277548946,0.07015420882050791
107,1.7017982768236473,0.7990860804861054,-0.8272051591878029,1.7544010085493633,0.8423304316366457,-0.8430694433909002,-0.052602731725716056,-0.04324435115054026,0.015864284203097268,0.06991993138380163
108,1.7102370240858502,0.7899105018407261,-0.8519417575962336,1.763915613769895,0.8313834607786832,-0.8673645649064725,-0.05367858968404482,-0.041472958937957105,0.015422807310238928,0.06956479209245349
109,1.7184462401904999,0.7805290057031136,-0.8766783560046643,1.7732538288989745,0.8201039476213741,-0.8910525650657036,-0.054807588708474686,-0.0395749419182605,0.014374209061039367,0.06911342629331496
110,1.726420902180138,0.770947332311482,-0.9014149544130949,1.7824147201228708,0.8084964038195901,-0.914137468639516,-0.05599381794273284,-0.037549071508108045,0.012722514226421011,0.06860832884691484
111,1.7347719313492802,0.7603930789981748,-0.9230690259189763,1.7913973713600952,0.7965654722360865,-0.9366256880218409,-0.05662544001081504,-0.03617239323791177,0.013556662102864547,0.0685468130283807
112,1.7428924780052935,0.7496604803756215,-0.9447230974248577,1.8002008843530102,0.7843159250844199,-0.9585257217604746,-0.05730840634771672,-0.034655444708798444,0.013802624335616853,0.06837957095967893
113,1.7507787345822754,0.7387545687499328,-0.9663771689307391,1.808824378757652,0.7717526620201257,-0.9798478675264842,-0.0580456441753765,-0.032998093270192874,0.013470698595745123,0.06811483456531461
114,1.7584270033683709,0.7276804576903056,-0.9880312404366205,1.8172669922317666,0.7588807081809217,-1.0006039525927415,-0.0588399888633957,-0.031200250490616033,0.012572712156120991,0.06777664060044869
115,1.765833698239557,0.7164433396313696,-1.0096853119425018,1.8255278805210422,0.7457052121767199,-1.0208070838766747,-0.05969418228148515,-0.029261872545350287,0.011121771934172964,0.06740434996401388
116,1.7735389430805228,0.7041835698621428,-1.0285578561776925,1.8336062175435337,0.7322314440302513,-1.0404714187339885,-0.060067274463010856,-0.0280478741681085,0.011913562556296053,0.06735498258887389
117,1.7810114564496917,0.6917805743851916,-1.0474304004128832,1.8415011954722713,0.7184647930691263,-1.0596119569697484,-0.06048973902257959,-0.02668421868393467,0.012181556556865258,0.0672268277843001
118,1.7882485769191083,0.6792387706805871,-1.0663029446480738,1.8492120248160406,0.7044107657701763,-1.078244353954232,-0.06096344789693231,-0.025171995089589116,0.011941409306158057,0.06702811777522533
119,1.7952477268989069,0.6665626256666657,-1.0851754888832645,1.8567379344983332,0.6900749835569364,-1.0963847542815959,-0.06149020759942636,-0.02351235789027073,0.011209265398331336,0.06677966932346217
120,1.8020064135553517,0.6537566541090807,-1.1040480331184552,1.8640781719344526,0.675463180551151,-1.1140496450750117,-0.06207175837910084,-0.021706526442070273,0.010001611956556467,0.06651397387153547
121,1.8089753006159772,0.639926256059837,-1.1205575341302527,1.871232003106772,0.6605812012792008,-1.1312557278065778,-0.062256702490794735,-0.02065494521936384,0.010698193676325074,0.0664603273764011
122,1.815714915367434,0.6259826951779739,-1.1370670351420502,1.8781987126381352,0.6454349983343708,-1.1480198073479873,-0.0624837972707013,-0.0194523031563969,0.010952772205937045,0.0663519422356996
123,1.8222234208776273,0.6119297718846495,-1.1535765361538477,1.884977603863395,0.6300306299958922,-1.16435869688339,-0.06275418298576763,-0.018100858111242735,0.010782160729542412,0.06619655230125082
124,1.8284990432050041,0.5977713164085601,-1.1700860371656452,1.891567998899078,0.6143742578057116,-1.1802891372852227,-0.06306895569407378,-0.01660294139715157,0.01020310011957748,0.06601101489470082
125,1.8345400718820535,0.5835111877419826,-1.1865955381774427,1.8979692387111724,0.5984721441039565,-1.1958277295646969,-0.06342916682911892,-0.01496095636197392,0.009232191387254174,0.06582038269192893
126,1.8406983445422234,0.5682789434746675,-1.201175403427609,1.9041806831810315,0.5823306495240819,-1.2109908790505335,-0.06348233863880814,-0.014051706049414414,0.009815475622924508,0.0657556181908108
127,1.8466338864735719,0.5529585345520127,-1.2157552686777753,1.9102017111693845,0.5659562304487028,-1.2257947500135267,-0.06356782469581268,-0.012997695896690087,0.010039481335751388,0.06565515684751128
128,1.852345435965636,0.5375532176135056,-1.2303351339279416,1.9160317205784498,0.5493554364271267,-1.2402552295333436,-0.06368628461281389,-0.01180221881362109,0.009920095605401968,0.06552589956291514
129,1.857831778921736,0.5220662673474201,-1.2449149991781079,1.9216701284121454,0.532534907555621,-1.2543878994917435,-0.06383834949040934,-0.01046864020820093,0.009472900313635568,0.06538090802230025
130,1.8630917491170538,0.5065009757947211,-1.2594948644282742,1.927116370834386,0.5155013718214642,-1.2682080156685605,-0.06402462171733214,-0.009000396026743074,0.008713151240286265,0.06523862597588788
131,1.8683833730085304,0.49005526236007074,-1.2725462271250485,1.932369903225468,0.4982616424118385,-1.2817304930098559,-0.06398653021693756,-0.00820638005176777,0.009184265884807363,0.06516111925527333
132,1.873459913346545,0.47354188862906127,-1.2855975898218228,1.9374302002365305,0.4808226149886482,-1.2949698962289915,-0.0639702868899854,-0.007280726359586931,0.009372306407168685,0.06506186831393698
133,1.8783205054152978,0.4569636674179463,-1.2986489525185971,1.9422967558420892,0.4631912649303451,-1.3079404349891695,-0.06397625042679134,-0.006227597512398819,0.009291482470572321,0.06494671074002831
134,1.8829643212826779,0.4403234225888173,-1.3117003152153714,1.9469690833906388,0.44537464454187115,-1.3206559629989763,-0.06400476210796091,-0.005051221953053853,0.008955647783604803,0.06482536573702972
135,1.8873905699412892,0.42362398856859895,-1.3247516779121458,1.9514467156533182,0.4273798802338298,-1.333129980429876,-0.064056145712029,-0.003755891665230826,0.008378302517730196,0.06471083741352947
136,1.8917750692018058,0.40616510903783276,-1.336629071241523,1.9557292048706325,0.40921416967201735,-1.3453756391359823,-0.06395413566882668,-0.003049060634184586,0.008746567894459378,0.06462144140941156
137,1.8959518980961767,0.38865538577838554,-1.3485064645709002,1.9598161227972284,0.3908847788984522,-1.3574057502217107,-0.06386422470105169,-0.0022293931200666472,0.008899285650810551,0.06451981614546762
138,1.8999204673957504,0.3710972889011679,-1.3603838579002774,1.9637070607447196,0.3723990394250553,-1.3692327935620554,-0.06378659334896919,-0.0013017505238874238,0.008848935661778023,0.0644106179743642
139,1.9036802172512257,0.353493295341196,-1.3722612512296546,1.9674016296225532,0.3537643453011427,-1.380868928933525,-0.06372141237132745,-0.0002710499599467009,0.008607677703870387,0.06430073077447299
140,1.907230617271631,0.33584588850816854,-1.3841386445590318,1.9708994599769205,0.3349881501559047,-1.3923260084614568,-0.06366884270528961,0.000857738352263826,0.008187363902425027,0.06419883312165874
141,1.9106799906073106,0.31758133084235657,-1.3951514973582004,1.9742002020277007,0.3160779642170538,-1.4036155901318894,-0.0635202114203901,0.00150336662530276,0.00846409277368898,0.06409928421271759
142,1.9139280139509243,0.2992798940819268,-1.406164350157369,1.9773035257034395,0.29704135130683235,-1.4147489521538088,-0.06337551175251521,0.002238542775094443,0.008584601996439734,0.0639934524391863
143,1.9169742933766758,0.28094379785625995,-1.4171772029565377,1.9802091206743555,0.2778859258165868,-1.4257371079907708,-0.06323482729767971,0.0030578720396731707,0.008559905034233095,0.06388478644382779
144,1.9198184594266148,0.2625752659982958,-1.4281900557557063,1.9829166963833729,0.2586193496611108,-1.4365908219100985,-0.06309823695675809,0.003955916337185006,0.008400766154392114,0.06377781474069788
145,1.9224601671554447,0.2441765262748226,-1.439202908554875,1.985425982075177,0.23924932921398243,-1.4473206249233783,-0.0629658149197323,0.0049271970608401605,0.008117716368503336,0.06367784888343671
146,1.9249562475669098,0.225318017096422,-1.4496236102115394,1.9877367268232897,0.21978361222511697,-1.457936831014273,-0.06278047925637997,0.005534404871305021,0.008313220802733667,0.06356986591975229
147,1.9272556771124798,0.2064345214026348,-1.4600443118682038,1.9898486995551619,0.20022998472177053,-1.4684495535690345,-0.06259302244268206,0.006204536680864264,0.008405241700830679,0.06345889080328834
148,1.9293582060970074,0.1875280897530204,-1.4704650135248682,1.99176168907528,0.18059626789423294,-1.4788687219418666,-0.062403482978272695,0.0069318218587874625,0.008403708416998334,0.06334719533854251
149,1.9312636062067854,0.16860077519775457,-1.4808857151815327,1.9934755040862868,0.1608903149674558,-1.4892040981017618,-0.06221189787950143,0.007710460230298782,0.008318382920229128,0.06323738553371805
150,1.932971670534339,0.14965463305468865,-1.491306416838197,1.994989973208109,0.1411200080598672,-1.499465293319851,-0.062018302673769954,0.008534624994821438,0.00815887648165381,0.06313221804895228
151,1.9345041727419423,0.1304160521027177,-1.5013805555421786,1.9963049449950963,0.12129325503062975,-1.5096617848669232,-0.061800772253153946,0.009122797072087949,0.00828122932474451,0.06301697895514913
152,1.9358427883299858,0.11116300900898066,-1.5114546942461602,1.997420287951166,0.10141798631660187,-1.5198029326997817,-0.0615774996211802,0.009745022692378785,0.008348238453621537,0.06290029421354044
153,1.9369873814458374,0.09189745771500014,-1.5215288329501417,1.998335890542952,0.08150215176026913,-1.5298979961226906,-0.061348509097114645,0.01039530595473101,0.008369163172548877,0.06278331662583597
154,1.9379378359277035,0.07262135343172367,-1.5316029716541233,1.9990516612109581,0.06155371742991314,-1.5399561504164885,-0.0611138252832546,0.01106763600181053,0.008353178762365188,0.06266711899279213
155,1.9386940553164183,0.05333665244109431,-1.5416771103581048,1.999567528378714,0.04158066243329049,-1.5499865034331373,-0.060873473062295735,0.011755990007803821,0.008309393075032423,0.06255261015341426
156,1.9392592547959793,0.033932293737833366,-1.5516340919242075,1.9998834404599326,0.02159097572609596,-1.5599981121576436,-0.060624185663953334,0.012341318011737407,0.008364020233436076,0.06243041608182382
157,1.9396312206089903,0.014523269327254,-1.5615910734903102,1.9999993658636692,0.0015926529164868282,-1.56999999924253,-0.06036814525467893,0.012930616410767173,0.008408925752219742,0.0623074942086324
158,1.939809915878514,-0.004888496567098954,-1.571548055056413,1.9999152929974802,-0.018406306933053812,-1.580001169522415,-0.06010537711896613,0.013517810365954858,0.008453114466002054,0.062183942460078766
159,1.9397953228885831,-0.024301079449888137,-1.5815050366225156,1.9996312302685817,-0.03839790450523538,-1.5900106265178413,-0.059835907379998554,0.014096825055347241,0.008505589895325683,0.062059659587338195
160,1.9395874430859563,-0.04371255474477942,-1.5914620181886183,1.9991472060830102,-0.058374143427580086,-1.600037388938299,-0.0595597629970539,0.014661588682800666,0.008575370749680733,0.061934356656570995
161,1.9395049180425614,-0.047705321958624224,-1.59840092527912,1.998463268842781,-0.0783270334708653,-1.610090507194452,-0.058958350800219606,0.030621711512241072,0.011689581915331981,0.06745682078467624
162,1.9393946897674819,-0.05169742042110161,-1.6053398323696217,1.997579486941048,-0.09824859374510869,-1.6201790799288849,-0.05818479717356606,0.04655117332400708,0.014839247559263136,0.07597819179274976
163,1.9392567635680147,-0.055688657919703004,-1.6122787394601235,1.996495948755265,-0.11813085589181781,-1.6303122705732334,-0.05723918518725024,0.0624421979721148,0.018033531113109902,0.08660577724896075
164,1.9390911460850635,-0.05967884228337372,-1.6192176465506252,1.9952127626383473,-0.13796586727122728,-1.6404993239373136,-0.05612161655328385,0.07828702498785356,0.021281677386688402,0.09864787842824455
165,1.9388978452928185,-0.06366778139176568,-1.6261565536411269,1.9937300569078378,-0.15774569414324865,-1.6507495828327603,-0.05483221161501928,0.09407791275148297,0.02459302919163342,0.11163351729248
166,1.937740879978897,-0.08454528135704234,-1.6367254058299576,1.9920479798330735,-0.17746242484086058,-1.6610725047296746,-0.054307099854176366,0.09291714348381824,0.02434709889971698,0.1103432728923542
167,1.9363633321778406,-0.1054093877504048,-1.6472942580187884,1.9901666996203604,-0.19710817293466984,-1.671477678439753,-0.05380336744251979,0.09169878518426504,0.024183420420964552,0.10903351491941324
168,1.9347653557611828,-0.12625777005958047,-1.6578631102076191,1.988086404396152,-0.21667508038737962,-1.6819748408132476,-0.053321048634969115,0.09041731032779915,0.024111730605628434,0.10770236667429678
169,1.9329471292222453,-0.14708809952867066,-1.6684319623964499,1.985807302188237,-0.236155320696897,-1.692573893429715,-0.05286017296599166,0.08906722116822632,0.024141931033265118,0.1063484866212925
170,1.9309088556561993,-0.1678980494182716,-1.6790008145852806,1.9833296209049371,-0.2555411020268312,-1.7032849192537511,-0.052420765248737844,0.08764305260855962,0.02428410466847053,0.10497122957915309
171,1.9286890139711625,-0.18833316724001198,-1.6900769355947762,1.980653608312316,-0.27482467032312397,-1.714118199216562,-0.051964594341153525,0.08649150308311199,0.024041263621785713,0.10372599253392957
172,1.9262429712404174,-0.20874244484737495,-1.7011530566042716,1.977779532009403,-0.2939983124155676,-1.725084228672093,-0.051536560768985495,0.08525586756819267,0.02393117206782147,0.10245623966962783
173,1.9235710275425355,-0.22912337844646177,-1.712229177613767,1.9747076794014329,-0.3130543591029702,-1.7361937336623283,-0.051136651858897375,0.08393098065650842,0.023964556048561292,0.10116158670120738
174,1.9206735106694384,-0.2494734677205941,-1.7233052986232624,1.971438357671107,-0.33198518822073414,-1.7474576869099745,-0.05076484700166861,0.08251172050014005,0.024152388286712068,0.09984283434953237
175,1.917550776086185,-0.2697902161370507,-1.7343814196327578,1.9679718937478738,-0.35078322768961984,-1.7588873234378162,-0.050421117661688886,0.08099301155256916,0.02450590380505835,0.09850226569937998
176,1.9142816256584751,-0.2895960389263458,-1.7462333109252275,1.964308634275237,-0.36944095854447706,-1.7704941556922353,-0.05002700861676179,0.07984491961813128,0.02426084476700785,0.09729594733993938
177,1.910777973869261,-0.30936172598801637,-1.7580852022176972,1.960448945576091,-0.3879509179417303,-1.7822899880233805,-0.04967097170682999,0.07858919195371394,0.024204785805683304,0.09606944456036691
178,1.907040312861384,-0.3290845009213302,-1.7699370935101668,1.9563932136160893,-0.40630570214441675,-1.7942869303459041,-0.04935290075470533,0.07722120122308657,0.024349836835737326,0.09482477147437399
179,1.90306916764795,-0.3487615933532363,-1.7817889848026365,1.9521418439650484,-0.4244979694835826,-1.8064974107716563,-0.04907267631709833,0.07573637613034628,0.024708425969019787,0.09356619338279464
180,1.898865096038584,-0.36839023932750764,-1.7936408760951061,1.9476952617563903,-0.44252044329485246,-1.818934186968815,-0.048830165717806295,0.07413020396734482,0.025293310873708785,0.09230072480334402
181,1.8945602650695832,-0.38738704713111666,-1.806569978195312,1.9430539116446306,-0.46036591482899825,-1.8316103559602837,-0.0484936465750474,0.07297886769788159,0.0250403777649717,0.09112941022097641
182,1.890010189072043,-0.4063266111391802,-1.8194990802955178,1.9382182577609126,-0.47802724613534286,-1.8445393620273418,-0.04820806868886951,0.07170063499616264,0.025040281731824043,0.08995562603179873
183,1.8852156286337214,-0.4252057654264413,-1.8324281823957236,1.933188783666595,-0.4954973729168449,-1.8577350023321744,-0.04797315503287369,0.07029160749040364,0.025306819936450786,0.08878495831326975
184,1.8801773852102366,-0.4440213541656926,-1.8453572844959294,1.9279659923048962,-0.5127693073557238,-1.871211429814701,-0.047788607094659596,0.06874795319003119,0.025854145318771504,0.08762687296731878
185,1.8748963009910975,-0.4627702321553028,-1.8582863865961352,1.9225504059505998,-0.5298361409084934,-1.884983152854841,-0.047654104959502286,0.06706590875319063,0.026696766258705873,0.08649547482414631
186,1.864121545572601,-0.49921065857466757,-1.8451121795394592,1.9169425661578283,-0.5466910470692872,-1.899065031120944,-0.05282102058522731,0.04748038849461961,0.053952851581484884,0.0891928119359332
187,1.8538277850085016,-0.5357898674972584,-1.8319379724827831,1.911143033705888,-0.5633272841003701,-1.9134722669486295,-0.057315248697386245,0.02753741660311171,0.08153429446584637,0.10339820221096649
188,1.8440168058552802,-0.5725015103372161,-1.818763765426107,1.9051523885431907,-0.5797381977287431,-1.928220391512157,-0.06113558268791053,0.007236687391527052,0.10945662608604989,0.125581376442267
189,1.834690310879217,-0.6093392155238184,-1.805589558369431,1.898971229729261,-0.5959172238077642,-1.9433252449633298,-0.06428091885004394,-0.013421991716054182,0.1377356865938988,0.15258868159638994
190,1.825849918760865,-0.6462965896073127,-1.792415351312755,1.892600175374829,-0.6118578909427194,-1.958802949622059,-0.06675025661396394,-0.03443869866459337,0.16638759830930394,0.18255534392309358
191,1.821799992787598,-0.6642706955427302,-1.8099461528835608,1.886039862580021,-0.6275538230792937,-1.9746698752097716,-0.06423986979242291,-0.03671687246343647,0.1647237223262108,0.18057905274822522
192,1.8174356047833553,-0.6821710447548259,-1.8274769544543665,1.8792909473706498,-0.6429987420539088,-1.9909425950243342,-0.061855342587294526,-0.039172302700917094,0.1634656405699677,0.17911328357336795
193,1.8127580960168026,-0.6999921360880013,-1.8450077560251723,1.8723541046326122,-0.6581864701049049,-2.007637831866406,-0.059596008615809604,-0.04180566598309632,0.16263007584123357,0.17817951487011982
194,1.8077689039852332,-0.7177284927442787,-1.862538557595978,1.865230028044401,-0.6731109323435617,-2.024772392446539,-0.05746112405916781,-0.04461756040071707,0.16223383485056075,0.1777985507381141
195,1.802469561972794,-0.7353746639664377,-1.8800693591667839,1.8579194300077386,-0.6877661591839738,-2.0423630889355304,-0.05544986803494467,-0.04760850478246392,0.16229372976874656,0.17799020286230813
196,1.8029190273433409,-0.7339680016362934,-1.9304677755821116,1.8504230415763365,-0.7021462887308055,-2.060426646274568,-0.04750401423299566,-0.03182171290548785,0.1299588706924566,0.14198084677922793
197,1.8034387855596687,-0.7325857681441049,-1.9808661919974393,1.8427416123827909,-0.7162455691239705,-2.078979593845187,-0.03930282682312214,-0.016340199020134394,0.09811340184774786,0.1069483703589895
198,1.8040275167151278,-0.7312314736203916,-2.031264608412767,1.8348759105636196,-0.7300583608392996,-2.0980381401223296,-0.030848393848491806,-0.0011731127810920006,0.06677353170956257,0.0735642857207
199,1.804683725748856,-0.7299085572457021,-2.0816630248280945,1.8268267226824504,-0.7435791389442745,-2.1176180290088564,-0.02214299693359445,0.013670581698572382,0.03595500418076192,0.04438422515733628
200,1.80540574624243,-0.7286203785169432,-2.132061441243422,1.8185948536513634,-0.7568024953079283,-2.137734376690414,-0.01318910740893342,0.028182116790985146,0.005672935446991989,0.031628570275161784
201,1.7966713908879623,-0.7425128077711289,-2.1510246683301504,1.8101811266504018,-0.7697231407640244,-2.1584014880706035,-0.013509735762439412,0.027210332992895436,0.007376819740453122,0.031262319994497
202,1.7876751764392262,-0.7562371175764717,-2.1699878954168788,1.8015863830452545,-0.7823359072266527,-2.179632652163961,-0.013911206606028292,0.026098789650180976,0.009644756747082095,0.0311077132420624
203,1.778420337873812,-0.7697883727644163,-2.188951122503607,1.7928114823031196,-0.7946357497573974,-2.201439916254256,-0.014391144429307667,0.02484737699298112,0.012488793750649041,0.03131241208790487
204,1.7689102031687847,-0.7831617003956721,-2.2079143495903355,1.7838573019067592,-0.8066177485832404,-2.22383383918308,-0.014947098737974507,0.0234560481875683,0.015919489592744362,0.032047341639421224
205,1.7591481921039671,-0.7963522915124893,-2.226877576677064,1.774724737266751,-0.8182771110644103,-2.246823224830935,-0.01557654516278384,0.021924819551920938,0.019945648153871343,0.03348365798222426
206,1.7507635511926296,-0.8072436314354454,-2.2514416077469823,1.7654147016319481,-0.8296091736113709,-2.270414837697643,-0.014651150439318528,0.022365542175925457,0.01897322995066064,0.03278501396643427
207,1.7421139314568193,-0.8179257457839877,-2.2760056388169008,1.7559281259981563,-0.8406094035501944,-2.294613103481373,-0.013814194541337033,0.022683657766206733,0.01860746466447205,0.032428660806759706
208,1.7332045517421963,-0.8283921893838988,-2.300569669886819,1.746265959015033,-0.8512734009355746,-2.319419798686549,-0.013061407272836556,0.022881211551675773,0.018850128799729582,0.03239564103063625
209,1.7240407876235353,-0.838636647188341,-2.3251337009567377,1.7364291668912253,-0.8615969003107405,-2.3448337345377843,-0.012388379267689986,0.022960253122399576,0.01970003358104666,0.032691535409325095
210,1.714628168161311,-0.8486529380881107,-2.349697732026656,1.7264187332977474,-0.8715757724135882,-2.3708504418018905,-0.011790565136436504,0.02292283432547748,0.021152709775234424,0.03334532786741103
211,1.705320235757332,-0.858082605861784,-2.377123018260471,1.7162356592696177,-0.8812060258283252,-2.3974618644663783,-0.010915423512285694,0.023123419966541214,0.020338846205907313,0.032672736132579205
212,1.6957572246774553,-0.8672534869015229,-2.404548304494286,1.7058809631057523,-0.8904838085819884,-2.424656071515499,-0.010123738428297058,0.02323032168046546,0.020107767021213085,0.03234903738477958
213,1.685946327254496,-0.8761586837951946,-2.431973590728101,1.6953556802671397,-0.8994054096851778,-2.4524169971891108,-0.009409353012643784,0.023246725889983222,0.02044340646100995,0.03235551044954519
214,1.6758949222563855,-0.884791498951495,-2.4593988769619157,1.6846608632732913,-0.9079672606164054,-2.4807242209956297,-0.008765941016905865,0.02317576166491042,0.021325344033714,0.03269140481559129
215,1.6656105693366063,-0.8931454396372025,-2.4868241631957306,1.6737975815969954,-0.9161659367494548,-2.509552799257385,-0.008187012260389093,0.02302049711225229,0.022728636061654317,0.03337006674057021
216,1.6555038109102107,-0.9009049649044016,-2.516904956274585,1.6627669215573662,-0.9239981587231878,-2.5388731599736905,-0.007263110647155457,0.023093193818786162,0.02196820369910535,0.03269021796792172
217,1.6451682472351858,-0.9083570063549927,-2.5469857493534396,1.6515699862112163,-0.9314607937532426,-2.5686510721830618,-0.006401738976030469,0.02310378739824992,0.02166532282962219,0.03231336360350788
218,1.6346132297836504,-0.9154948214870626,-2.577066542432294,1.6402078952427481,-0.9385508568851079,-2.598847699706418,-0.005594665459097703,0.023056035398045238,0.021781157274123775,0.03220713992386239
219,1.6238483085864024,-0.9223119521062355,-2.6071473355111485,1.628681784851592,-0.9452655121880633,-2.6294197471130945,-0.004833476265189596,0.022953560081827806,0.02227241160194593,0.03234638668851168
220,1.612883223592186,-0.9288022301689562,-2.637228128590003,1.6169928076391802,-0.951602073889516,-2.6603197029822847,-0.004109584046994241,0.022799843720559765,0.02309157439228171,0.03270997344290482
221,1.601929363343246,-0.9348485767000045,-2.668954724116543,1.6051421324934945,-0.957558007449271,-2.691496182110619,-0.0032127691502483735,0.022709430749266457,0.02254145799407592,0.03215831866045247
222,1.59078921777255,-0.9405444100359198,-2.700681319643083,1.593130944472173,-0.9631309305733167,-2.722894364390203,-0.00234172669962307,0.022586520537396848,0.022213044747120048,0.031765609562222075
223,1.5794739993523221,-0.9458839973635473,-2.732407915169623,1.5809604446840095,-0.9683186141667071,-2.7544565238654024,-0.0014864453316874027,0.022434616803159724,0.022048608695779404,0.031490676338375316
224,1.5679950967642853,-0.950861964428644,-2.764134510696163,1.5686318501688397,-0.9731189832251738,-2.7861226372410264,-0.0006367534045543799,0.02225701879652975,0.021988126544863373,0.031293099072482664
225,1.5563640634370388,-0.9554733009450249,-2.795861106222703,1.5561463937758424,-0.9775301176650971,-2.817831057161089,0.00021766966119640685,0.022056816720072203,0.021969950938386162,0.03113244751283389
226,1.5445206883188085,-0.9597392702690667,-2.8277517712523688,1.5435053240402514,-0.9815502530915156,-2.8495192322111245,0.0010153642785570849,0.021810982822448866,0.021767460958755702,0.030831352433688064
227,1.5325473135923695,-0.9636254414085115,-2.8596424362820345,1.530709905058507,-0.9851777815038595,-2.881124453092601,0.0018374085338626056,0.02155234009534801,0.021482016810566495,0.030485348611346372
228,1.5204561153216358,-0.9671278624058488,-2.8915331013117003,1.5177614163618436,-0.9884112519391305,-2.912584602987957,0.002694698959792241,0.021283389533281682,0.021051501676256912,0.030056776196637543
229,1.5082593893886214,-0.9702429715499579,-2.923423766341366,1.5046611527883416,-0.9912493710522671,-2.9438388899030694,0.0035982366002798027,0.021006399502309203,0.020415123561703385,0.029512597254762688
230,1.4959695389894085,-0.9729676009981122,-2.955314431371032,1.49141042435344,-0.9936910036334646,-2.974828539761162,0.004559114635968475,0.02072340263535244,0.019514108390130236,0.02882785752206684
231,1.48320450819226,-0.975373338853033,-2.985770074568512,1.4780105561189416,-0.9957351730622453,-3.0054974311418126,0.005193952073318409,0.020361834209212337,0.019727356573300714,0.02882273456619842
232,1.4703721400478107,-0.9773892539514621,-3.016225717765992,1.4644628880605028,-0.9973810616980933,-3.0357926556293995,0.005909251987307851,0.01999180774663112,0.019566937863407574,0.02859119957920994
233,1.4574843362504128,-0.9790134765835322,-3.046681360963472,1.450768774933639,-0.9986280112074989,-3.0656649915020315,0.006715561316773755,0.019614534623966673,0.01898363053855956,0.028110620070334033
234,1.4445530499095736,-0.980244500324154,-3.077137004160952,1.4369295861382525,-0.9994755228272839,-3.095069282657533,0.00762346377132106,0.019231022503129913,0.017932278496580967,0.02737729056111057
235,1.4315902744637505,-0.9810811834301874,-3.107592647358432,1.4229467055816887,-0.9999232575641007,-3.1239647189303588,0.008643568882061858,0.018842074133913367,0.01637207157192666,0.02641552135096191
236,1.4179049618835415,-0.9815466635220783,-3.1353585358145892,1.4088215315403523,-0.9999710363300244,3.1308702891621083,0.009083430343189258,0.018424372807946066,0.0169564822028887,0.026636225499545443
237,1.4042120014653825,-0.9816320281558959,3.12006088290884,1.3945554765198755,-0.9996188400141854,3.1030967943149705,0.00965652494550695,0.017986811858289542,0.01696408859386933,0.026543439428027237
238,1.3905219490444525,-0.981337211524468,3.0922949944526827,1.3801499671138728,-0.9988668094904141,3.0759271557872387,0.010371981930579643,0.01752959796594611,0.016367838665444,0.026129886272120977
239,1.37684535821417,-0.9806624409004714,3.0645291059965256,1.3656064438612794,-0.9977152455608932,3.0493838894183343,0.011238914352890594,0.017052804660421805,0.015145216578191345,0.025426146538916113
240,1.36319277219048,-0.9796082364612289,3.0367632175403685,1.350926361102302,-0.9961646088358407,3.023485121228019,0.012266411088178053,0.016556372374611827,0.01327809631234933,0.024512979192073167
241,1.3486262265716396,-0.9780756154832769,3.0123475716310124,1.3361111868329818,-0.9942155195492712,2.998244789888664,0.012515039738657752,0.016139904065994304,0.01410278174234847,0.02481957243370642
242,1.3341014386825325,-0.976187835012918,2.9879319257216563,1.3211624025584014,-0.9918687573109126,2.9736728934044856,0.012939036124131054,0.01568092229799467,0.014259032317170739,0.02483203540911285
243,1.3196270666642804,-0.973946020345051,2.9635162798123003,1.3060815031445296,-0.9891252607943699,2.9497757684852686,0.01354556351975078,0.015179240449318954,0.01374051132703169,0.024549812284702502
244,1.3052117386053994,-0.9713515078122895,2.939100633902944,1.2908699966687416,-0.9859861273616705,2.9265563918596627,0.014341741936657826,0.014634619549380945,0.012544242043281528,0.024025312892306826
245,1.2908640473986461,-0.9684058439883821,2.914684987993588,1.2755294042690073,-0.9824526126243325,2.904014693833692,0.015334643129638836,0.014046768635950335,0.010670294159896176,0.02337345003383138
246,1.2754814405934496,-0.9648542485645046,2.893735419604316,1.2600612599917844,-0.9785261299411385,2.8821478756489345,0.015420180601665168,0.013671881376633888,0.01158754395538164,0.023642620097667284
247,1.2601766082068517,-0.9609811970806832,2.872785851215044,1.2444671106386092,-0.974208249852809,2.8609507235309106,0.01570949756824258,0.013227052772125769,0.011835127684133528,0.023702605050562764
248,1.244956267045608,-0.9567883892966873,2.851836282825772,1.2287485156114235,-0.9695006994538089,2.8404159136590224,0.016207751434184514,0.012712310157121598,0.011420369166749822,0.02355247052833348
249,1.229827096835948,-0.952277665303211,2.8308867144365,1.2129070467566294,-0.9644053617015306,2.820534303571183,0.016920050079318516,0.012127696398319565,0.010352410865317019,0.023249548927684462
250,1.2147957372920548,-0.9474510047143151,2.809937146047228,1.1969442882079129,-0.9589242746631383,2.8012952066945758,0.017851449084141935,0.01147326994882325,0.00864193935265245,0.022912731689984187
251,1.19867323848421,-0.9418988086135742,2.792227066989445,1.1808618362278254,-0.9530596307003675,2.7826866477405034,0.017811402256384667,0.011160822086793254,0.009540419248941667,0.023083102032382338
252,1.1826515926879964,-0.9360619674018651,2.774516987931662,1.1646612990481637,-0.9468137755926088,2.764695597602315,0.017990293639832622,0.010751808190743728,0.009821390329347146,0.023145447773144066
253,1.1667358249116124,-0.9299423117384917,2.756806908873879,1.1483442967091446,-0.9401892075986283,2.747308187147715,0.01839152820246781,0.010246895860136607,0.00949872172616395,0.02309703225139006
254,1.1509309269558121,-0.9235417609843158,2.739096829816096,1.1319124608974056,-0.9331885764572977,2.7305098999059307,0.019018466058406513,0.009646815472981851,0.008586929910165075,0.02298909448557316
255,1.1352418558482829,-0.916862322599771,2.7213867507583127,1.1153674347828333,-0.9258146823277321,2.71428574412675,0.019874421065449566,0.008952359727961157,0.007101006631562878,0.022925131462373474
256,1.1184563191306374,-0.9093622168985644,2.7065397019318262,1.0987108728542532,-0.918070474669267,2.69862040504676,0.019745446276384193,0.008708257770702499,0.007919296885066096,0.02298764157560302
257,1.1017839827822442,-0.9016137312971879,2.69169265310534,1.081944440753977,-0.9099590510617106,2.6834983784538204,0.0198395420282671,0.008345319764522685,0.00819427465151934,0.023030369665466552
258,1.0852285218997022,-0.8936185738005955,2.6768456042788533,1.0650698151112423,-0.9014836559663549,2.6689040868100813,0.02015870678845988,0.00786508216575943,0.00794151746877203,0.023049960446041046
259,1.068793585816657,-0.885378506787827,2.661998555452367,1.0480886833745522,-0.8926476794282345,2.654821979292142,0.020704902442104878,0.007269172640407495,0.0071765761602247125,0.023087596267187174
260,1.052482797299375,-0.8768953466235253,2.6471515066258804,1.0310027436429283,-0.8834546557201532,2.6412366171483908,0.021480053656446785,0.006559309096627941,0.005914889477489638,0.023225054541159997
261,1.0351071156805185,-0.8675280055251909,2.6347631842246892,1.0138137044961069,-0.8739082619290224,2.6281327457710297,0.021293411184411637,0.006380256403831441,0.006630438453659515,0.023196545987168554
262,1.0178488100454863,-0.8579461331830942,2.622374861823498,0.9965232848236771,-0.8640123164850744,2.615495354844479,0.021325525221809194,0.006066183301980166,0.00687950697901929,0.02321431071803809
263,1.0007105290017506,-0.8481512001134734,2.609986539422307,0.979133213653199,-0.8537707776345435,2.603309727872266,0.021577315348551562,0.005619577521070007,0.006676811550041073,0.023275308840935195
264,0.9836949027367811,-0.8381447095306918,2.597598217021116,0.9616452299772965,-0.8431877418564168,2.591561482308587,0.02204967275948455,0.005043032325725005,0.006036734712528968,0.02341073279135266
265,0.966804542614394,-0.8279281971165412,2.5852098946199247,0.9440610825797653,-0.8322674422239013,2.5802366014347324,0.022743460034628682,0.004339245107360057,0.00497329318519224,0.023681800344449742
266,0.9489065453504447,-0.816797041358112,2.574907769320711,0.9263825298606904,-0.821014246711247,2.56932145902926,0.022524015489754357,0.004217205353134967,0.005586310291451291,0.023586499474181816
267,0.931124170402083,-0.8054820921414951,2.5646056440214977,0.9086113396606129,-0.8094326564466194,2.558802837787985,0.022512830741470036,0.0039505643051243045,0.005802806233512925,0.023581922451460503
268,0.913459305063388,-0.7939845503544644,2.5543035187222842,0.8907492890837423,-0.7975273039117043,2.5486679423582137,0.022710015979645726,0.003542753557239986,0.005635576364070527,0.023665494913869246
269,0.89591382415681,-0.7823056362638628,2.5440013934230707,0.8727981643202526,-0.7853029510887806,2.538904407763251,0.02311565983655739,0.0029973148249177184,0.005096985659819531,0.023859943182151754
270,0.8784895898341891,-0.7704465893860928,2.5336992681238573,0.8547597604676596,-0.7727644875559871,2.5295003039093875,0.023729829366529565,0.0023178981698943613,0.004198964214469747,0.02420968306618255
271,0.8601325352669963,-0.7576739748089129,2.5251643484630204,0.836635881351318,-0.759916928531561,2.5204441367892327,0.023496653915678345,0.0022429537226481555,0.0047202116737876665,0.02407081188660792
272,0.8418851612199921,-0.7447451513547543,2.5166294288021835,0.8184283393440346,-0.7467654128678123,2.5117248469228364,0.023456821875957545,0.002020261513058008,0.00490458187934717,0.024049092966529205
273,0.823748796912399,-0.7316610608161518,2.5080945091413467,0.800138955184839,-0.7333152009956565,2.503331805511806,0.023609841727559977,0.001654140179504715,0.004762703629540788,0.02414216543719153
274,0.8057247634770003,-0.7184226562959798,2.49955958948051,0.7817695577969044,-0.7195716728205074,2.495254808721464,0.023955205680095903,0.0011490165245275907,0.004304780759045723,0.024366026666914464
275,0.787814373863903,-0.7050309021380236,2.491024669819673,0.7633219841046635,-0.7055403255703919,2.4874840704519436,0.024492389759239508,0.0005094234323683722,0.0035405993677293246,0.024752222369611814
276,0.7690579296425385,-0.6907553534210147,2.4839944804960927,0.7447980788501106,-0.6912267715971265,2.480010213910566,0.024259850792427873,0.00047141817611184855,0.00398426658552653,0.02458936712874439
277,0.750402307907897,-0.6763482972090462,2.4769642911725125,0.7261996944083366,-0.6766367361314569,2.4728242622546763,0.02420261349956032,0.00028843892241070535,0.004140028917836158,0.024555845264652987
278,0.7318484306834571,-0.6618104455472202,2.4699341018489323,0.7075286906022854,-0.6617760549930369,2.4659176285357978,0.02431974008117166,-3.439055418330561e-05,0.004016473313134483,0.024649198733449448
279,0.7133972149641419,-0.6471425169449894,2.462903912525352,0.68878693451678,-0.6466506722561834,2.4592821051422575,0.02461028044736191,-0.0004918446888059202,0.0036218073830944775,0.024880219123149784
280,0.6950495726709982,-0.6323452363406454,2.4558737232017718,0.6699763003118093,-0.631266637872321,2.452909852907744,0.02507327235918888,-0.0010785984683244765,0.0029638702940277817,0.02527087035647481
281,0.6759507876090185,-0.6167192949990717,2.4501374799936766,0.65109866903512,-0.6156301052500863,2.446793390027349,0.024852118573898463,-0.0010891897489854196,0.0033440899663275125,0.025099742421453176
282,0.6569419504723617,-0.6009840560632926,2.4444012367855814,0.6321559284341076,-0.5997473287940437,2.440925580900035,0.024786022038254085,-0.0012367272692489495,0.003475655885546214,0.02505906156770547
283,0.6380236867353309,-0.5851400372918399,2.4386649935774862,0.6131499727670459,-0.5836246614030073,2.435299624996844,0.024873713968285083,-0.0015153758888326596,0.0033653685806420697,0.025146047728104085
284,0.6191966188919662,-0.5691877600225802,2.432928750369391,0.5940827026136648,-0.5672685519289687,2.4299090458371793,0.025113916278301396,-0.0019192080936114575,0.0030197045322117866,0.02536751398939155
285,0.6004613664355617,-0.5531277491555605,2.427192507161296,0.5749560246850888,-0.5506855425976376,2.4247476801408347,0.02550534175047292,-0.0024422065579229324,0.0024448270204611156,0.025738376208299458
286,0.581075461612831,-0.5363161240383526,2.4225839452125926,0.5557718516331736,-0.5338822663916443,2.419809667210888,0.025303609979657415,-0.0024338576467083373,0.0027742780017043778,0.02557133081162965
287,0.5617672397983888,-0.5194153366235068,2.4179753832638893,0.5365321018592358,-0.5168654443974288,2.4150894385917674,0.025235137939152996,-0.0025498922260780432,0.0028859446721218873,0.02552729546628943
288,0.5425371110758058,-0.5024257458635623,2.413366821315186,0.5172386993222217,-0.4996418831169025,2.410581708037644,0.02529841175358416,-0.00278386274665976,0.0027851132775418286,0.025603054212629886
289,0.5233854838700482,-0.48534771259713505,2.4087582593664827,0.49789357334630513,-0.48221847174493154,2.4062814618184905,0.02549191052374311,-0.0031292408522035076,0.0024767975479922377,0.025802406410165787
290,0.5043127649388042,-0.4681815995412545,2.4041496974177794,0.47849865842796485,-0.4646021794137574,2.402183949384547,0.02581410651083932,-0.0035794201274970683,0.0019657480332324617,0.026135120216525604
291,0.4846937151125462,-0.4503594288439826,2.4005399767226443,0.4590558940425284,-0.44680005240543,2.398284674404404,0.02563782107001783,-0.003559376438552586,0.0022553023182401155,0.025981790130709483
292,0.4651391260237656,-0.43246655512239085,2.396930256027509,0.4395672244502339,-0.42881921133339584,2.394579386187274,0.02557190157353173,-0.0036473437889950056,0.002350869840235248,0.025937460473362515
293,0.44564925247011417,-0.4145032115218646,2.393320535332374,0.4200345985017983,-0.41066684829434086,2.3910640714961615,0.02561465396831586,-0.0038363632275237314,0.0022564638362125855,0.02599845783453686
294,0.42622434840599593,-0.3964696321060167,2.389710814637239,0.40045996944354106,-0.39235022399145386,2.387734946755494,0.02576437896245487,-0.00411940811456285,0.001975867881744975,0.026166329517557953
295,0.40686466693925794,-0.37836605185363764,2.386101093942104,0.3808452947220541,-0.373876664830236,2.3845884506541766,0.02601937221720385,-0.004489387023401625,0.0015126432879273288,0.026447124912545753
296,0.38706559633329213,-0.3597171718053688,2.383392712890571,0.36119253578846583,-0.35525355998804264,2.381621237142953,0.0258730605448263,-0.00446361181732613,0.0017714757476183784,0.026314961879820783
297,0.36731710655522554,-0.3410147367927737,2.3806843318390385,0.34150365790229065,-0.3364883584585042,2.3788301688233062,0.02581344865293489,-0.0045263783342694985,0.0018541630157322686,0.02627280252792914
298,0.34761934246661813,-0.3222588840042624,2.377975950787506,0.3217806299349115,-0.31758856607203484,2.3762123107238504,0.02583871253170661,-0.004670317932227552,0.0017636400636553695,0.026316560587553776
299,0.3279724485569404,-0.30344975102008126,2.375267569735973,0.3020254241726877,-0.2985617424935936,2.373764924459197,0.025947024384252726,-0.004888008526487686,0.0015026452767759046,0.026446146119611432
300,0.30837656894251375,-0.2845874758113044,2.3725591886844404,0.2822400161197344,-0.27941549819892586,2.371485462765573,0.026136552822779324,-0.005171977612378531,0.001073725918867563,0.02666498890361154
301,0.28844999843918756,-0.26530264534995307,2.3706811609389287,0.2624263843003676,-0.260157491430468,2.3693715644070066,0.026023614138819984,-0.005145153919485057,0.001309596531922086,0.026559671398151862
302,0.2685596805016248,-0.24598042626699668,2.368803133193417,0.2425865100612595,-0.2407954251341592,2.3674210494456176,0.025973170440365317,-0.005185001132837486,0.0013820837477993564,0.026521688765192234
303,0.24870568528272186,-0.22662088671165412,2.3669251054479052,0.22272237737329917,-0.22133704387835867,2.365631914869418,0.025983307909422687,-0.0052838428332954435,0.0012931905784872022,0.026546631177517106
304,0.22888808280726522,-0.20722409496477318,2.3650470777023935,0.20283597263320371,-0.2017901307561289,2.364002330571082,0.026052110174061505,-0.005433964208644282,0.0010447471313117518,0.026633285717512403
305,0.2091069429716847,-0.1877901194385896,2.363169049956882,0.1829292844648735,-0.182162504272095,2.3625306356712543,0.026177658506811197,-0.005627615166494598,0.0006384142856274977,0.026783342400855756
306,0.18910492314143446,-0.1680651821379719,2.362073326669346,0.16300430352053824,-0.16246201521515416,2.3612153351802236,0.026100619620896215,-0.005603166922817732,0.0008579914891222451,0.026709061637486955
307,0.16912452838731143,-0.1483183400037866,2.36097760338181,0.14306302228168652,-0.14269654351825772,2.360055096992098,0.02606150610562491,-0.005621796485528879,0.00092250638971203,0.026676913506949954
308,0.1491657826979654,-0.12854961674427806,2.359881880094274,0.1231074348598263,-0.12287399510655006,2.3590487492060004,0.02605834783813911,-0.005675621637728001,0.0008331308882736366,0.02668228401215104
309,0.12922871003605416,-0.10875903609396127,2.358786156806738,0.10313953679706928,-0.10300229873509785,2.3581952777692634,0.02608917323898488,-0.005756737358863423,0.0005908790374746786,0.02672328803402803
310,0.10931333433821455,-0.08894662181359346,2.357690433519202,0.08316132486658098,-0.0830894028174964,2.3574938244380585,0.02615200947163357,-0.005857218996097063,0.0001966090811436061,0.026800620681309607
311,0.0892874913564174,-0.0689806044330608,2.357349467792926,0.06317479687290779,-0.06314327224661277,2.356943685051464,0.026112694483509613,-0.005837332186448024,0.0004057827414620796,0.0267602675598979
312,0.06926845726618383,-0.04900776008716473,2.3570085020666496,0.04318195145219192,-0.04317188520872868,2.3565443081154838,0.02608650581399191,-0.005835874878436051,0.0004641939511658144,0.026735345466339006
313,0.04925623439487918,-0.029028091097900728,2.3566675363403733,0.02318478787231655,-0.02318322999237945,2.356295293694157,0.02607144652256263,-0.005844861105521279,0.00037224264621649183,0.02672117680247898
314,0.029250825069076974,-0.009041599788057658,2.356326570614097,0.0031853058329736565,-0.0031853017931379904,2.356196392605459,0.02606551923610332,-0.005856297994919667,0.00013017800863801554,0.026715622125769507
315,0.009252231614558591,0.01095171151878246,2.3559856048878207,-0.016814494734297237,0.016813900484349713,2.3562475059203347,0.026066726348855828,-0.005862188965567252,-0.0002619010325140003,0.02671905825744959
316,-0.010746254893188655,0.030958554552095025,2.356390954079395,-0.03681261386610762,0.03680637742582691,2.3564486847638113,0.026066358972918962,-0.0058478228737318845,-5.773068441650153e-05,0.026714330148808484
317,-0.03075284951540801,0.05095728957164913,2.356796303270969,-0.05680705176720758,0.05678413230707805,2.3568001304177795,0.02605420225179957,-0.005826842735428925,-3.827146810575499e-06,0.0266978194968831
318,-0.050767548964856635,0.07094791329149332,2.357201652462543,-0.07679580901047076,0.07673917429251892,2.3573021947256567,0.02602826004561412,-0.005791261001025602,-0.00010054226311373426,0.026664942035016397
319,-0.07079034995295999,0.0909304224270089,2.357607001654117,-0.0967768867368283,0.09666352163141724,2.357955380799775,0.025986536783868308,-0.005733099204408343,-0.0003483791456577734,0.02661371617298226
320,-0.0908212491898124,0.11090481369491045,2.358012350845691,-0.11674828685516017,0.11654920485049365,2.358760344032969,0.025927037665347777,-0.005644391155583198,-0.0007479931872778067,0.02654486631018891
321,-0.11074172471795307,0.13075299526643858,2.3591742460513907,-0.13670801224209556,0.13638826994159764,2.359717893416455,0.025966287524142484,-0.005635274675159063,-0.0005436473650641815,0.02657630450059729
322,-0.13068524830159056,0.15057801794063733,2.3603361412570902,-0.1566540669417306,0.1561727815432119,2.3608289931666846,0.02596881864014003,-0.005594763602574576,-0.0004928519095943606,0.026569227018074282
323,-0.15065179301696174,0.17037985495371982,2.3614980364627898,-0.1765844563652152,0.175894826114484,2.3620947646644646,0.02593266334825345,-0.005514971160764187,-0.0005967282016747788,0.02651931408963253
324,-0.1706413319092249,0.19015847957319978,2.3626599316684893,-0.19649718749021736,0.19554651510054424,2.363516488710183,0.02585585558099246,-0.005388035527344459,-0.0008565570416938506,0.026425175205374518
325,-0.19065383799249616,0.20991386509792773,2.363821826874189,-0.21639026906021674,0.21511998808781552,2.365095608099521,0.025736431067720583,-0.00520612298988779,-0.0012737812253322822,0.026288592950163395
326,-0.21044630322704902,0.22940668244477008,2.3657696857021673,-0.23626171178363561,0.23460741594808077,2.366833730524539,0.025815408556586594,-0.005200733503310684,-0.001064044822371546,0.026355552342911696
327,-0.23027670014612406,0.24886090990849324,2.3677175445301457,-0.25610952853275937,0.2540010039700232,2.3687326318054684,0.02583282838663531,-0.005140094061529932,-0.0010150872753227347,0.02635879343959523
328,-0.250144953510165,0.26827647367678537,2.369665403358124,-0.27593173454245457,0.2732929949770132,2.3707942594589726,0.02578678103228954,-0.005016521300227839,-0.0011288561008484521,0.026294445764444438
329,-0.2700509879359825,0.2876533000840305,2.3716132621861026,-0.29572634760863703,0.29247567242986966,2.373020736608938,0.025675359672654552,-0.004822372345839154,-0.0014074744228356195,0.026162193211063674
330,-0.2899947278970399,0.3069913156115882,2.373561121014081,-0.3154913882864973,0.3115413635133787,2.3754143662461753,0.025496660389457415,-0.004550047901790477,-0.0018532452320942916,0.025965691687574875
331,-0.30961002195033493,0.32593687030802,2.376345029004119,-0.33522488008843665,0.3304824422053109,2.3779776358435334,0.025614858138101715,-0.004545571897290934,-0.0016326068394145743,0.02606623460342172
332,-0.3292779826059732,0.3448277444858071,2.3791289369941566,-0.35492484968172117,0.34929133232673576,2.3807132223330263,0.02564686707574798,-0.004463587840928651,-0.0015842853388696732,0.026080555347801345
333,-0.34899845743453173,0.36366379173805474,2.3819128449841944,-0.37458932708580633,0.3679605105723846,2.3836239974514886,0.025590869651274606,-0.00429671883432986,-0.0017111524672941414,0.026005431067685447
334,-0.36877129359959565,0.38244486608278433,2.3846967529742322,-0.3942163458693397,0.38648250951987934,2.3867130334610547,0.02544505226974403,-0.0040376434370950065,-0.0020162804868224526,0.025842187146924368
335,-0.3885963378589423,0.40117082196406484,2.38748066096427,-0.4138039433467995,0.4048499206165983,2.389983609250355,0.025207605487857165,-0.0036790986525334635,-0.002502948286084994,0.0255973414918295
336,-0.407986383430575,0.4193840219727517,2.3911738910287412,-0.43335016077475924,0.42305539714299684,2.3934392168216947,0.02536377734418427,-0.003671375170245128,-0.0022653257929534654,0.025728037192025897
337,-0.42744356214767426,0.43752548603156677,2.3948671210932124,-0.4528530435477663,0.44109165715120235,2.3970835681686076,0.025409481400092027,-0.003566171119635586,-0.002216447075395145,0.02575406684611526
338,-0.44696760861562995,0.4555949666921593,2.3985603511576836,-0.472310641393794,0.4589514863776903,2.400920602546995,0.02534303277816402,-0.0033565196855309676,-0.0023602513893115074,0.025673066069622455
339,-0.4665582565277601,0.4735922174880273,2.402253581222155,-0.49172100856927403,0.47662774112889944,2.404954494141537,0.025162752041513914,-0.0030355236408721176,-0.0027009129193822368,0.025488692094242343
340,-0.4862152386689436,0.4915169929378792,2.405946811286626,-0.5110822040536624,0.49411335113860816,2.409189660127124,0.02486696538471883,-0.0025963582007289543,-0.0032428488404980804,0.025211567026934615
341,-0.5053333663044799,0.5088215126752986,2.41064947714523,-0.5303922917435467,0.5114013223959523,2.4136307691226384,0.025058925439066848,-0.0025798097206536363,-0.0029812919774085955,0.025367169022381102
342,-0.5245326596153015,0.5260359352330388,2.4153521430038336,-0.549649340646248,0.5284847399429308,2.4182827500314454,0.025116681030946553,-0.0024488047098919496,-0.0029306070276118312,0.025405368882733967
343,-0.5438126940085488,0.5431598799137073,2.4200548088624374,-0.5688514250729251,0.5453567706403021,2.42315080125933,0.025038731064376263,-0.0021968907265947912,-0.0030959923968927328,0.025324880080671193
344,-0.5631730431057711,0.5601929680208321,2.424757474721041,-0.5879966248311352,0.5620106659007431,2.4282404002962408,0.02482358172536414,-0.00181769787991104,-0.0034829255751995802,0.025132548733084056
345,-0.582613278752356,0.5771348228672367,2.429460140579645,-0.6070830254168587,0.5784397643882002,2.433557313642975,0.024469746664502634,-0.0013049415209634985,-0.004097173063330128,0.024844681549759304
346,-0.6014146578119878,0.5933649905902285,2.4353040633233003,-0.6261087182059404,0.5946374946823286,2.439107607057674,0.02469406039395261,-0.001272504092100113,-0.0038035437343735268,0.02501765037616208
347,-0.62031056313194,0.6094850079909576,2.4411479860669556,-0.645071800644958,0.6105973779069791,2.4448976560896263,0.024761237513017953,-0.0011123699160214828,-0.0037496700226706814,0.02506823239251368
348,-0.639300349391804,0.6254943245492959,2.446991908810611,-0.6639703764414682,0.6263130303216559,2.4509341568591303,0.024670027049664145,-0.0008187057723599844,-0.003942248048519392,0.024996436414995462
349,-0.6583833680650117,0.6413923935256971,2.452835831554266,-0.6828025557536419,0.6417781658749337,2.4572241370319414,0.024419187688630162,-0.00038577234923664605,-0.004388305477675214,0.02481335875377166
350,-0.6775589674409837,0.6571786719798683,2.4586797542979215,-0.7015664553792397,0.6569865987187891,2.463774966924827,0.024007487938256022,0.00019207326107928413,-0.0050952126269052656,0.024542973759438872
351,-0.6960011840998603,0.6721812401222402,2.4658345047220434,-0.7202601989439371,0.671932245682862,2.4705943706648235,0.024259014844076776,0.00024899443937820287,-0.004759865942780106,0.024722825955566175
352,-0.7145502674430201,0.6870514759404098,2.472989255146165,-0.7388819170889542,0.6866091287076386,2.477690437308543,0.02433164964593415,0.0004423472327712563,-0.004701182162377915,0.02478559983721774
353,-0.7332052679385227,0.7017886182235072,2.480144005570287,-0.7574297476579961,0.7010113772355988,2.4850716318091606,0.02422447971947339,0.0007772409879084341,-0.00492762623887355,0.024732792433983217
354,-0.7519652306325041,0.7163919125737519,2.487298755994409,-0.7759018358834606,0.715133230559358,2.4927468056970676,0.023936605250956533,0.0012586820143939415,-0.005448049702658775,0.024581021071471358
355,-0.7708291951980605,0.7308606114450704,2.4944535064185307,-0.7942963345719204,0.7289690401258765,2.5007252073153747,0.023467139373859913,0.0018915713191939298,-0.006271700896844035,0.024364295692411008
356,-0.7888730313105202,0.7444963386255258,2.503133253566511,-0.8126114042888336,0.7425132717958018,2.509016491422985,0.023738372978313382,0.001983066829723934,-0.005883237856473933,0.024536817099707908
357,-0.8070345409118994,0.7579749381964057,2.511813000714491,-0.8308452135424925,0.7557605080570542,2.5176307279456003,0.02381067263059311,0.0022144301393515198,-0.005817727231109071,0.02461092810316044
358,-0.8253123557587861,0.7712953947132087,2.5204927478624715,-0.8489959389671652,0.7687054501917557,2.5265784096181902,0.023683583208379044,0.0025899445214530026,-0.006085661755718785,0.024589737802942033
359,-0.8437050988456177,0.7844567046455416,2.5291724950104517,-0.8670617655054355,0.78134292039565,2.5358704582208973,0.023356666659817726,0.0031137842498916157,-0.006697963210445579,0.02449678021661615
360,-0.8622113845084208,0.7974578764527228,2.537852242158432,-0.8850408865897049,0.7936678638491532,2.545518229063543,0.022829502081284092,0.0037900126035695925,-0.007665986905111222,0.024378632366150236
361,-0.8798218592144299,0.8096027995736422,2.5483222650051087,-0.9029315043228463,0.8056753507392133,2.5555335133215724,0.0231096451084164,0.00392744883442897,-0.007211248316463692,0.024525143295518415
362,-0.8975585239863616,0.8215626783252076,2.5587922878517855,-0.9207318296579966,0.8173605782311729,2.565928537768054,0.023173305671635003,0.004202100094034655,-0.0071362499162686,0.024608653027314614
363,-0.9154194345243367,0.8333362016610012,2.5692623106984622,-0.9384400825774543,0.8287188723898353,2.5767159613820527,0.023020648053117543,0.004617329271165871,-0.007453650683590496,0.024633856273366107
364,-0.9334026329086084,0.8449220789629562,2.579732333545139,-0.9560544922706857,0.83974569004898,2.5879088682432516,0.022651859362077365,0.005176388913976204,-0.008176534698112636,0.02463244718694242
365,-0.9515061478141899,0.8563190401828349,2.5902023563918157,-0.9735732973113987,0.8504366206285644,2.5995207560461813,0.022067149497208893,0.0058824195542704905,-0.009318399654365539,0.02466565464087889
366,-0.9686538681751029,0.8668652269341867,2.6027824597548297,-0.9909947458336898,0.8607873878989016,2.6115655194852865,0.022340877658586944,0.0060778390352850264,-0.008783059730456788,0.024762816482047336
367,-0.9859329002833864,0.8771948647773721,2.6153625631178437,-1.008317095707223,0.870793851691091,2.6240574276749693,0.022384195423836517,0.006401013086281049,-0.008694864557125648,0.02485207924842516
368,-1.003340509612751,0.8873063189757887,2.6279426664808576,-1.0255386147114476,0.8804520095530344,2.637011094678,0.022198105098696574,0.006854309422754334,-0.009068428197142264,0.02493940291190554
369,-1.0208739412886734,0.8971979893219044,2.6405227698438716,-1.042657580708813,0.8897579983503596,2.650441442122924,0.02178363942013961,0.0074399909715447965,-0.009918672279052299,0.02506512461214923
370,-1.0385304205243737,0.9068683103905011,2.6531028732068855,-1.0596722818169868,0.8987080958116269,2.664363652799013,0.021141861292613084,0.00816021457887417,-0.011260779592127346,0.025305583532332022
371,-1.055193203871001,0.9157237436848398,2.6681618914865397,-1.0765810165800351,0.9072987220171839,2.678793114029098,0.021387812709034115,0.008425021667655908,-0.010631222542558216,0.025326713472667368
372,-1.071987447001756,0.9243272572317696,2.683220909766194,-1.0933820941385743,0.9155264408310896,2.693745349540943,0.021394647136818268,0.008800816400679978,-0.010524439774749261,0.025415529268535172
373,-1.0889093414903894,0.9326769000147083,2.698279928045848,-1.1100738343988477,0.9233879612755189,2.709235938492216,0.021164492908458232,0.009288938739189345,-0.010956010446367959,0.025578395334217414
374,-1.1059550499631852,0.9407707785872825,2.713338946325502,-1.12665456820074,0.9308801388471135,2.7252804202598746,0.020699518237554893,0.009890639740169016,-0.011941473934372393,0.025862977583062115
375,-1.123120706969162,0.948607057502704,2.7283979646051564,-1.1431226374846875,0.9379999767747388,2.7418941835904724,0.020001930515525457,0.010607080727965235,-0.013496218985316055,0.02635783209630651
376,-1.1392851935527406,0.9556941289750489,2.7463285024661652,-1.1594763954574863,0.9447446272181542,2.7590923387340904,0.02019120190474566,0.010949501756894686,-0.01276383626792521,0.026277209504756163
377,-1.1555741499251473,0.962490238808082,2.764259040327174,-1.1757142067569655,0.9511113924071088,2.776889571263257,0.020140056831818187,0.011378846400973197,-0.012630530936082796,0.026355840839046504
378,-1.1719823392589976,0.9689932020825694,2.782189578188183,-1.1918344476155285,0.9570977257204172,2.7952999764232915,0.01985210835653084,0.011895476362152269,-0.013110398235108622,0.02659870496781947
379,-1.1885044863940384,0.9752009281245982,2.8001201160491918,-1.2078355060225212,0.9627012327045702,2.814336873086924,0.019331019628482826,0.012499695420028045,-0.014216757037732286,0.027056364983865978
380,-1.205135279533087,0.9811114211777193,2.8180506539102006,-1.2237157818854385,0.9679196720314864,2.834012596709942,0.018580502352351536,0.01319174914623289,-0.01596194279974128,0.027821591096576226
381,-1.220797700499394,0.9863634227945263,2.8392069490882186,-1.2394736871899266,0.9727509563950139,2.8543382711218332,0.01867598669053261,0.013612466399512413,-0.01513132203361467,0.027623334824523962
382,-1.2365677210419856,0.9912829150035853,2.8603632442662366,-1.2551076461585875,0.9771931533458231,2.875323559550972,0.018539925116601852,0.014089761657762212,-0.014960315284735515,0.027677811335444166
383,-1.2524382829391576,0.9958676959772839,2.8815195394442545,-1.2706160954085512,0.9812444860643621,2.896976395989684,0.01817781246939365,0.014623209912921764,-0.01545685654542961,0.027985452445794166
384,-1.2684022829696973,1.0001157136954302,2.9026758346222725,-1.2859974841078177,0.9849033340715609,2.9193026988581225,0.01759520113812041,0.015212379623869232,-0.016626864235850025,0.02859126109896194
385,-1.2844525760920875,1.0040250668636803,2.9238321298002905,-1.3012502741303347,0.9881682338770005,2.9423060699269263,0.016797698038247155,0.015856832986679836,-0.018473940126635835,0.029578510367395373
386,-1.299616876807788,1.0073804585193324,2.948411745997265,-1.3163729402098099,0.9910378795642899,2.9659874825973085,0.016756063402021848,0.01634257895504254,-0.017575736600043523,0.029270327375492147
387,-1.3148590628756265,1.0103621414723656,2.9729913621942394,-1.3313639700922384,0.993511123313416,2.990344964890073,0.016504907216611908,0.016851018158949627,-0.017353602695833636,0.029283379274719343
388,-1.330169926077695,1.012968314407257,2.997570978391214,-1.3462218646871233,0.9955869758598548,3.01537328382298,0.01605193860942844,0.017381338547402203,-0.017802305431766197,0.02960908207807465
389,-1.3455402167063666,1.0151974028642683,3.0221505945881884,-1.360945138217388,0.9972646068902659,3.0410636392016177,0.015404921511021463,0.017932795974002436,-0.018913044613429353,0.03027540313118058
390,-1.360960649152295,1.017048060190619,3.046730210785163,-1.3755323183679475,0.998543345374605,3.067403376135589,0.01457166921565256,0.018504714816014123,-0.02067316535042618,0.03133907751926452
391,-1.375631196633606,1.018443933777136,3.074596799454749,-1.389981946432944,0.9994226798345278,3.0943757267243446,0.014350749799338036,0.01902125394260823,-0.019778927269595403,0.03096704837869335
392,-1.3903349415013155,1.0194305002149564,3.1024633881243355,-1.4042925774616108,0.9999022585479752,3.1219595922240613,0.013957635960295312,0.019528241666981194,-0.019496204099725745,0.030923612313284363
393,-1.4050604663488018,1.0200069934386813,3.130329976793922,-1.4184627804027723,0.9999818896898556,-3.1330559296913743,0.013402314053970521,0.020025103748825712,-0.019799400694290092,0.031187226071030177
394,-1.4197963368573636,1.0201729658033323,-3.124988741716078,-1.432491138247941,0.9996615414087742,-3.1043304177311337,0.012694801390577437,0.02051142439455811,-0.02065832398494427,0.0317591382582526
395,-1.4345311106749308,1.0199282884319472,-3.0971221530464916,-1.4463762481730242,0.9989413418397719,-3.0750839964195906,0.011845137498093461,0.02098694659217526,-0.022038156626901007,0.03265638616141378
396,-1.4486980688120779,1.0192978610745551,-3.0666226609120164,-1.460116721678599,0.9978215790530742,-3.045356048786323,0.011418652866521217,0.021476282021480886,-0.021266612125693474,0.03230921097855825
397,-1.4628392135396615,1.0182357088697565,-3.036123168777541,-1.4737111847287665,0.9963027009388654,-3.0151903723094278,0.01087197118910499,0.021933007930891035,-0.020932796468113413,0.03220929310631823
398,-1.4769413915155567,1.0167428197751465,-3.005623676643066,-1.4871582778885493,0.9943853150281404,-2.9846349301467145,0.010216886372992562,0.02235750474700604,-0.020988746496351407,0.03232290619915144
399,-1.490991485642442,1.014820582396909,-2.9751241845085907,-1.5004566564598378,0.992070188249698,-2.953741503402485,0.00946517081739584,0.022750394147211028,-0.02138268110610575,0.032624974233573696
400,-1.5049764272686272,1.0124707846982088,-2.9446246923741155,-1.5136049906158564,0.9893582466233818,-2.9225652469480483,0.008628563347229168,0.02311253807482705,-0.022059445426067192,0.033094722452426055
401,-1.5185976076115804,1.009752605486042,-2.9127203451809156,-1.5266019655341467,0.9862505748896836,-2.891164155538977,0.008004357922566374,0.02350203059635836,-0.021556189641938506,0.03287984944892437
402,-1.532125149106924,1.0066013084107945,-2.8808159979877157,-1.5394462815280487,0.9827484160758617,-2.859598451199729,0.007321132421124643,0.023852892334932818,-0.021217546787986485,0.03275276697272972
403,-1.5455452834089702,1.0030201008658806,-2.848911650794516,-1.5521366541766646,0.9788531709987472,-2.827929906773413,0.006591370767694338,0.024166929867133313,-0.020981744021102866,0.03267598889042597
404,-1.5588443514911832,0.9990126278080333,-2.817007303601316,-1.5646718144533056,0.9745663977044351,-2.7962211238571486,0.005827462962122443,0.024446230103598254,-0.0207861797441673,0.03261353644132775
405,-1.5720088175483504,0.9945829680474649,-2.785102956408116,-1.57705050885239,0.9698898108450863,-2.7645347857899107,0.005041691304039642,0.024693157202378635,-0.02056817061820526,0.03253029828338829
406,-1.5850010707469158,0.9897446466668101,-2.753382297699535,-1.5892714995147947,0.964825280993091,-2.732932907721797,0.004270428767878975,0.024919365673719107,-0.02044938997773782,0.03251751678562898
407,-1.5978333390849149,0.9844967055219686,-2.721661638990954,-1.6013335643516353,0.9593748338928642,-2.7014761059532435,0.003500225266720447,0.025121871629104398,-0.020185533037710535,0.03241628842238871
408,-1.6104927118141428,0.9788444246495585,-2.689940980282373,-1.613235497166481,0.9535406496505743,-2.6702229076755954,0.002742785352338295,0.025303774998984174,-0.019718072606777604,0.032196370727371915
409,-1.6229664521394023,0.9727934908987949,-2.658220321573792,-1.6249761077759686,0.9473250618621301,-2.639229120063048,0.0020096556365662988,0.025468429036664797,-0.01899120151074385,0.031833085433160456
410,-1.6352420100331946,0.9663499922098613,-2.626499662865211,-1.6365542221288205,0.940730556679773,-2.608547274546721,0.0013122120956259309,0.025619435530088275,-0.017952388318489998,0.03131079085239005
411,-1.6474951160780804,0.9594139454132745,-2.5964664677967986,-1.6479686824232516,0.9337597718176508,-2.578226158302969,0.00047356634517115026,0.02565417359562372,-0.01824030949382971,0.03148126074966456
412,-1.6595344160996541,0.9521130819094009,-2.566433272728386,-1.6592183472227418,0.926415495496766,-2.54831044080868,-0.0003160688769123787,0.025697586412634865,-0.018122831919705984,0.03144682629073565
413,-1.6713490515521379,0.9444539865296204,-2.5364000776599736,-1.670302091570187,0.9187006653297247,-2.518840399062686,-0.0010469599819509234,0.025753321199895707,-0.017559678597287576,0.03118768972637832
414,-1.682928366520347,0.9364435672036008,-2.506366882591561,-1.681218807100389,0.9106183671457304,-2.4898517410274974,-0.0017095594199578734,0.025825200057870368,-0.01651514156406364,0.03070201055827544
415,-1.694261917330527,0.9280890487288632,-2.4763336875231485,-1.691967402150893,0.9021718337562933,-2.4613755232435177,-0.0022945151796338603,0.025917214972569935,-0.014958164279630815,0.030011889485009047
416,-1.705668848589614,0.9191395563467265,-2.4490032374548787,-1.702546801871149,0.893364443662152,-2.4334381555791036,-0.0031220467184651657,0.025775112684574553,-0.0155650818757751,0.030271692774180594
417,-1.7168269566844487,0.9098816884284932,-2.421672787386609,-1.7129559483300023,0.8841997197019128,-2.4060614838033527,-0.0038710083544464258,0.02568196872658035,-0.015611303583256131,0.030302822029009625
418,-1.7277279075459082,0.9003223597405824,-2.394342337318339,-1.723193800621481,0.8746813276429652,-2.3792629391356055,-0.004534106924427128,0.025641032097617145,-0.015079398182733517,0.030090013329784313
419,-1.7383635591774098,0.8904687102125748,-2.367011887250069,-1.7332593349688885,0.8648130747152218,-2.353055743107651,-0.005104224208521302,0.025655635497352947,-0.013956144142418303,0.029648586760043862
420,-1.7487259677362244,0.8803280996043485,-2.3396814371817993,-1.7431515448271764,0.8545989080882805,-2.327449155898217,-0.005574422909047971,0.025729191516068006,-0.012232281283582225,0.02902919551486229
421,-1.7592066656728405,0.8694954207536009,-2.3154601046611405,-1.7528694409836028,0.8440429132926041,-2.3024487566599667,-0.006337224689237697,0.02545250746099681,-0.013011348001173761,0.029279442098879387
422,-1.769421933126884,0.858412087718616,-2.2912387721404817,-1.7624120516566506,0.833149312585366,-2.278056745137869,-0.007009881470233292,0.025262775133250037,-0.013182027002612617,0.029344711304722097
423,-1.7793657773702614,0.8470846024731841,-2.267017439619823,-1.7717784225932054,0.8219224632616022,-2.2542722549523493,-0.007587354777055966,0.025162139211581835,-0.012745184667473541,0.02920857638475283
424,-1.78903236490375,0.83551961022159,-2.242796107099164,-1.780967617163977,0.8103668559113548,-2.2310916701770687,-0.00806474773977306,0.025152754310235226,-0.01170443692209533,0.028891089442257795
425,-1.7984160248791867,0.8237238955002425,-2.218574774578505,-1.789978716457167,0.7984871126234903,-2.208508938179551,-0.00843730842201973,0.02523678287675224,-0.010065836398954087,0.0284500341965898
426,-1.8079218497921024,0.8111617659189921,-2.1973956932993546,-1.7988108193703554,0.7862879851369292,-2.186515873031657,-0.00911103042174699,0.024873780782062926,-0.010879820267697404,0.02863714955782997
427,-1.8171595083753154,0.7984011440379425,-2.176216612020204,-1.8074630427006113,0.7737743529400123,-2.165102445073569,-0.009696465674704058,0.0246267910979302,-0.011114166946634807,0.028705835526587235
428,-1.8261248571997684,0.7854477534645439,-2.1550375307410534,-1.8159345212328108,0.7609512213187744,-2.144257053386,-0.010190335966957509,0.024496532145769523,-0.010780477355053275,0.028638116668017886
429,-1.8348138749773295,0.7723074042700834,-2.133858449461903,-1.8242244078261607,0.7478237193548899,-2.123966778963472,-0.010589467151168819,0.024483684915193482,-0.00989167049843065,0.02845053227659686
430,-1.8432226643644873,0.758985990383654,-2.1126793681827523,-1.8323318734989098,0.7343970978741133,-2.104217617273643,-0.010890790865577538,0.02458889250954066,-0.008461750909109167,0.02819262650004965
431,-1.8517281084196135,0.7448571619280061,-2.0942143284157373,-1.840256107511248,0.7206767273460168,-2.084994689631238,-0.011472000908365532,0.024180434581989263,-0.009219638784499384,0.028307277522433116
432,-1.8599712279634701,0.7305736976321955,-2.0757492886487223,-1.8479963174463758,0.7066680957358779,-2.0662824334160166,-0.011974910517094317,0.02390560189631763,-0.00946685523270574,0.028363667462347832
433,-1.8679492125208852,0.716140467414893,-2.0572842488817074,-1.855551729289751,0.6923768063095604,-2.048064771633234,-0.01239748323113421,0.023763661105332567,-0.009219477248473495,0.028344451667486358
434,-1.8756593420139318,0.7015623922571618,-2.0388192091146924,-1.862921587506485,0.6778085753922868,-2.030325262666764,-0.012737754507446741,0.023753816864874988,-0.008493946447928558,0.028260242953702244
435,-1.883098987689333,0.6868444425246586,-2.0203541693476774,-1.8701051551168988,0.662969230082182,-2.0130472313250416,-0.012993832572434139,0.02387521244247659,-0.007306938022635823,0.028147056637603876
436,-1.890591706004963,0.6713158096762324,-2.004178373796829,-1.8771017137702157,0.6478647059195176,-1.996213882444517,-0.013489992234747339,0.023451103756714775,-0.007964491352312031,0.028202256654438106
437,-1.8978322670471326,0.6556680129721204,-1.9880025782459807,-1.883910563816402,0.6325010445125663,-1.9798083984096402,-0.013921703230730609,0.023166968459554127,-0.00819417983634052,0.028242996151980764
438,-1.9048187763182922,0.6399051466686018,-1.9718267826951323,-1.8905310243761266,0.6168843911210447,-1.963814021986842,-0.014287751942165583,0.023020755547557115,-0.008012760708290267,0.0282541921793839
439,-1.911549405793705,0.6240313351299918,-1.955650987144284,-1.8969624334088513,0.6010209921980904,-1.9482141258648502,-0.014586972384853736,0.023010342931901406,-0.007436861279433771,0.028241149956928665
440,-1.9180223943997505,0.6080507317494993,-1.9394751915934356,-1.9032041477790322,0.5849171928917617,-1.9329922702561362,-0.01481824662071829,0.023133538857737612,-0.006482921337299441,0.028227102615403114
441,-1.924496517935648,0.5912933274423683,-1.9251599036543938,-1.9092555433204328,0.5685794345070697,-1.9181322498532611,-0.01524097461521512,0.022713892935298574,-0.007027653801132683,0.028241744943370846
442,-1.9307300992453895,0.5744449643549477,-1.910844615715352,-1.9151160148985422,0.5520142519295328,-1.9036181313569873,-0.015614084346847301,0.022430712425414945,-0.007226484358364704,0.028269392743456943
443,-1.9367218609187509,0.557509095120676,-1.8965293277763102,-1.9207849764710867,0.5352282710113162,-1.8894342827063793,-0.015936884447664168,0.02228082410935983,-0.007095045069930972,0.02829768671525611
444,-1.9424705751001474,0.5404891903050983,-1.8822140398372684,-1.9262618611466333,0.5182282059209752,-1.8755653950493394,-0.016208713953514087,0.02226098438412316,-0.006648644787929037,0.028328048137721624
445,-1.9479750637402513,0.5233887376946649,-1.8678987518982266,-1.9315461212412777,0.5010208564578846,-1.8619964983989576,-0.016428942498973642,0.02236788123678024,-0.0059022534992689835,0.02837373537317427
446,-1.9534278359083843,0.505578780165318,-1.8550513335022436,-1.9366372283334143,0.4836131053324,-1.8487129718292505,-0.016790607574969973,0.021965674832918003,-0.006338361672993065,0.02836529926335687
447,-1.9586513523943156,0.4877002403190132,-1.8422039151062606,-1.9415346733165766,0.4660119154128712,-1.8357005489754596,-0.01711667907773906,0.02168832490614203,-0.006503366130800936,0.028384113706718755
448,-1.9636447510363342,0.4697560690782846,-1.8293564967102776,-1.9462379664503477,0.44822432694058495,-1.8229453195202048,-0.017406784585986435,0.02153174213769965,-0.006411177190072781,0.02842033184306325
449,-1.968407207654574,0.4517492281983832,-1.8165090783142945,-1.950746637409333,0.4302574547137687,-1.810433727268505,-0.017660570245241036,0.021491773484614507,-0.006075351045789601,0.028472828437488416
450,-1.9729379361870483,0.4336826897784277,-1.8036616599183115,-1.955060235330194,0.41211848524175654,-1.7981525653422639,-0.01787770085685425,0.021564204536671183,-0.005509094576047646,0.028547806015075745
451,-1.9773683676892102,0.415002113659503,-1.7919363370219035,-1.9591783288567337,0.39381467387048763,-1.7860889689586406,-0.018190038832476496,0.021187439789015383,-0.005847368063262914,0.028530279192595053
452,-1.9815794638719548,0.39627087460892324,-1.7802110141254954,-1.9631005061830311,0.37535334188046116,-1.7742304061965488,-0.018478957688923714,0.020917532728462085,-0.005980607928946613,0.028544399168927946
453,-1.9855706457869489,0.37749154782781325,-1.7684856912290874,-1.9668263750946215,0.3567418735583286,-1.7625646671013775,-0.018744270692327314,0.020749674269484653,-0.005921024127709895,0.02858242804238081
454,-1.9893413647200293,0.35866671512847703,-1.7567603683326793,-1.970355563007719,0.33798771324326765,-1.7510798514294241,-0.018985801712310346,0.02067900188520938,-0.005680516903255217,0.028641753750701576
455,-1.9928911022666416,0.339798964579446,-1.7450350454362713,-1.973687717006473,0.3190983623493521,-1.7397643552903157,-0.019203385260168515,0.020700602230093845,-0.005270690145955603,0.02872394667788006
456,-1.9962995924563842,0.32043514425059405,-1.7341298640087344,-1.9768225038782612,0.3000813763650833,-1.7286068569072703,-0.019477088578123025,0.020353767885510743,-0.005523007101464028,0.02870777689163898
457,-1.9994967181858,0.30103530584477384,-1.7232246825811974,-1.9797596101470079,0.2809443618313017,-1.7175963016812124,-0.01973710803879225,0.020090944013472112,-0.005628380899985075,0.028720691785588056
458,-2.0024820992469317,0.28160175642575447,-1.7123195011536605,-1.982498742104534,0.2616949732986626,-1.706721886714927,-0.01998335714239774,0.019906783127091876,-0.0055976144387335225,0.028756701211272592
459,-2.005255380612879,0.2621368070662797,-1.7014143197261236,-1.9850396258399263,0.2423409102659238,-1.6959730449273882,-0.020215754772952677,0.019795896800355872,-0.005441274798735352,0.028812527528938713
460,-2.007816232480021,0.24264277257323066,-1.6905091382985866,-1.987382007266929,0.22288991410024592,-1.6853394288655676,-0.020434225213092017,0.019752858472984747,-0.005169709433018976,0.02888700180937745
461,-2.0102045745458312,0.22278757173612648,-1.680157352270669,-1.9895256521493512,0.20334976494075557,-1.6748108943012632,-0.02067892239648006,0.01943780679537091,-0.0053464579694058045,0.02887959101705623
462,-2.0123872555262867,0.20290871156149326,-1.6698055662427513,-1.9914703461244907,0.183728278586583,-1.6643774836832836,-0.020916909401796024,0.01918043297491026,-0.005428082559467695,0.028894120306740004
463,-2.0143640415285304,0.1830083222385078,-1.6594537802148337,-1.993215894724571,0.16403330337065347,-1.6540294095005519,-0.021148146803959378,0.018975018867854326,-0.005424370714281812,0.028926099839473748
464,-2.016134720723106,0.1630885362633785,-1.649101994186916,-1.9947621233961865,0.14427271702045727,-1.6437570375989194,-0.02137259732691965,0.018815819242921222,-0.005344956587996608,0.028972254506829564
465,-2.017699103366657,0.14315148821083024,-1.6387502081589984,-1.996108877517759,0.12445442350706172,-1.6335508704836228,-0.021590225848898026,0.018697064703768515,-0.005199337675375615,0.02903017728168244
466,-2.019070598461912,0.1229998301610858,-1.6287099243752747,-1.9972560224149978,0.10458634988363526,-1.6234015306300522,-0.02181457604691439,0.018413480277450545,-0.005308393745222517,0.02903637422594269
467,-2.020239699463204,0.10283541785130307,-1.618669640591551,-1.9982034433743696,0.08467644311472142,-1.613299743817685,-0.022036256088834305,0.01815897473658165,-0.005369896773866012,0.02905478854265634
468,-2.0212062885176088,0.08266028398433595,-1.6086293568078274,-1.998951045654568,0.06473266689756589,-1.6032363224955564,-0.022255242863040703,0.017927617086770056,-0.005393034312271006,0.029082298884306003
469,-2.0219702681867138,0.06247646234384048,-1.5985890730241037,-1.999498754495988,0.04476299847674028,-1.5932021491822361,-0.022471513690725864,0.017713463867100203,-0.005386923841867564,0.029116227059865187
470,-2.0225315614564394,0.042285987589256335,-1.58854878924038,-1.9998465151282017,0.024775425453357765,-1.5831881598989876,-0.022685046328237757,0.01751056213589857,-0.0053606293413923645,0.02915420141532357
471,-2.022891120109629,0.02203409961186549,-1.57859237812972,-1.999994292775436,0.0047779425901285115,-1.5731853276313745,-0.02289682733419296,0.017256157021736978,-0.005407050498345445,0.02917663195473984
472,-2.0230490281503015,0.0017796355576239556,-1.56863596701906,-1.999942072660049,-0.015221451386431743,-1.5631846458120962,-0.023106955490252545,0.0170010869440557,-0.005451321206963788,0.02920077485631754
473,-2.023005269925143,-0.018475396762557675,-1.5586795559084,-1.9996898600040087,-0.03521475698538918,-1.5531771118160986,-0.023315409921134345,0.016739360222831505,-0.005502444092301273,0.029224842368251444
474,-2.022759849771876,-0.03872898948143701,-1.5487231447977399,-1.9992376800283709,-0.05519397715107451,-1.5431537104581057,-0.023522169743505295,0.016464987669637506,-0.005569434339634194,0.02924733983231787
475,-2.0223127920188295,-0.05897913487447832,-1.5387667336870798,-1.998585577950756,-0.0751511204618093,-1.5331053974825013,-0.023727214068073543,0.016171985587330982,-0.005661336204578538,0.02926712375499683
476,-2.021666964605083,-0.07913569902848111,-1.5286704067465273,-1.9977336189808284,-0.09507820432636097,-1.5230230830361118,-0.023933345624254754,0.015942505297879855,-0.005647323710415542,0.029306326501852515
477,-2.0208176663032615,-0.09928471547934789,-1.5185740798059748,-1.9966818883137751,-0.11496725817687632,-1.5128976151157174,-0.024135777989486407,0.01568254269752843,-0.005676464690257399,0.029337692070054145
478,-2.0197649836865468,-0.11942413033805824,-1.5084777528654223,-1.9954304911217866,-0.1348103266569955,-1.5027197629842826,-0.02433449256476017,0.015386196318937256,-0.005757989881139736,0.029360807431345514
479,-2.0185090240600903,-0.13955189069432955,-1.4983814259248698,-1.993979552543539,-0.15459947280389894,-1.4924802005528235,-0.02452947151655116,0.015047582109569385,-0.005901225372046293,0.02937599634254488
480,-2.017049915450076,-0.15966594482588042,-1.4882850989843173,-1.9923292176716814,-0.17432678122297965,-1.4821694897287272,-0.024720697778394474,0.014660836397099225,-0.006115609255590071,0.0293845826766399
481,-2.015406811378626,-0.17953443562826846,-1.4778185906603565,-1.9904796515383252,-0.19398436125389898,-1.4717780637361624,-0.024927159840300916,0.014449925625630522,-0.006040526924194101,0.02943894722662613
482,-2.0135558473779938,-0.1993846409174476,-1.4673520823363957,-1.9884310390985427,-0.21356435012673866,-1.4612962104201923,-0.025124808279451072,0.01417970920929107,-0.006055871916203381,0.029478699581302562
483,-2.011497226215355,-0.21921438616701971,-1.456885574012435,-1.9861835852118708,-0.2330589161070144,-1.450714055553347,-0.025313641003484433,0.013844529939994688,-0.00617151845908781,0.029504899088177872
484,-2.0092311734060635,-0.23902149909191855,-1.4464190656884741,-1.9837375146218252,-0.25246026162825813,-1.4400215461719812,-0.02549365878423826,0.013438762536339577,-0.006397519516492922,0.02952042060471362
485,-2.006757937188945,-0.25880380988637647,-1.4359525573645133,-1.9810930719334263,-0.2717606264109441,-1.4292084339797944,-0.0256648652555187,0.01295681652456765,-0.00674412338471897,0.029530452134424786
486,-2.0041269862653683,-0.2781965153582641,-1.4248687575979613,-1.9782505215887396,-0.2909522905664908,-1.4182642588677388,-0.02587646467662874,0.012755775208226683,-0.006604498730222508,0.029595956291377647
487,-2.001281256483719,-0.29755886930326475,-1.4137849578314092,-1.9752101478404307,-0.31002757768512307,-1.4071783326133003,-0.0260711086432881,0.012468708381858318,-0.006606625218108952,0.029644879682240378
488,-1.9982210974400778,-0.3168884930685963,-1.4027011580648572,-1.9719722547233407,-0.32897885790632714,-1.3959397228381787,-0.02624884271673711,0.01209036483773085,-0.006761435226678492,0.02967988666086867
489,-1.9949468850730236,-0.33618301202235823,-1.3916173582983051,-1.9685371660240831,-0.347798550970695,-1.384537237321871,-0.026409719048940516,0.011615538948336779,-0.007080120976434179,0.029707273828899945
490,-1.991459021617449,-0.3554400558452537,-1.380533558531753,-1.964905225248665,-0.36647912925192844,-1.372959408789994,-0.026553796368784077,0.01103907340667476,-0.007574149741759184,0.029737736759602184
491,-1.9878505093194936,-0.3741765867190998,-1.368558160790766,-1.9610767955881379,-0.38501312076778266,-1.3611944803206513,-0.02677371373135573,0.010836534048682844,-0.0073636804701147085,0.029807482403295952
492,-1.9840178837205533,-0.3928685617674844,-1.3565827630497789,-1.957052259882277,-0.4033931121687696,-1.3492303915401058,-0.026965623838276276,0.010524550401285193,-0.00735237150967305,0.029865839967308103
493,-1.9799616944514757,-0.41151330040347783,-1.3446073653087918,-1.9528320205812995,-0.42161175170339216,-1.337054765810933,-0.027129673870176285,0.010098451299914324,-0.007552599497858692,0.029917213809676903
494,-1.975682523204025,-0.4301081288142504,-1.3326319675678047,-1.9484164997056181,-0.43966175215875003,-1.3246548986519633,-0.02726602349840679,0.009553623344499607,-0.007977068915841379,0.02997234366732641
495,-1.971180983647462,-0.44865038034452,-1.3206565698268176,-1.9438061388036416,-0.4575358937753214,-1.3120177476702315,-0.027374844843820467,0.008885513430801406,-0.008638822156586068,0.030049354858387868
496,-1.9666052585742124,-0.46655992993412754,-1.3074784444306227,-1.9390013989076176,-0.47522702713477977,-1.2991299243311092,-0.027603859666594843,0.00866709720065223,-0.008348520099513479,0.030112944562606225
497,-1.9617939233530768,-0.48440762669977316,-1.2943003190344278,-1.934002760487532,-0.4927280760196602,-1.2859776879442872,-0.027791162865544727,0.008320449319887013,-0.008322631090140531,0.03018020540961599
498,-1.9567478135228182,-0.5021903712019457,-1.2811221936382329,-1.928810723403061,-0.5100320402437544,-1.272546942300503,-0.027937090119757313,0.007841669041808719,-0.008575251337729961,0.030257358001417482
499,-1.9514678053932708,-0.5199050752807749,-1.267944068242038,-1.9234258068535868,-0.527131998452086,-1.2588232354572375,-0.028041998539684032,0.007226923171311128,-0.00912083278480047,0.0303606931955113
500,-1.945954815893158,-0.537548662592323,-1.254765942845843,-1.917848549326277,-0.5440211108893698,-1.2447917632410141,-0.0281062665668812,0.00647244829704674,-0.009974179604828937,0.030517848319891634
501,-1.9404210297296416,-0.554472093524195,-1.240030334207794,-1.9120795085422362,-0.5606926221358159,-1.2304373771094976,-0.028341521187405405,0.0062205286116209235,-0.00959295709829644,0.030560785744380002
502,-1.9346384763230882,-0.571312146371788,-1.225294725569745,-1.906119261400735,-0.5771398638092112,-1.2157445970978271,-0.02851921492235321,0.005827717437423274,-0.00955012847191794,0.03063515732206967
503,-1.9286084112637956,-0.5880651645831451,-1.210559116931696,-1.8999684039215217,-0.5933562572321769,-1.200697630660021,-0.0286400073422739,0.0052910926490318255,-0.009861486271675046,0.030748895808997385
504,-1.9223321438853147,-0.6047275105045087,-1.195823508293647,-1.8936275511852179,-0.6093353160635608,-1.1852803983066504,-0.028704592700096843,0.004607805559052158,-0.01054310998699659,0.030924790740543294
505,-1.9158110369801482,-0.6212955661701792,-1.181087899655598,-1.8870973372718132,-0.625070648892882,-1.16947656703277,-0.02871369970833504,0.0037750827227027717,-0.011611332622827986,0.031201776324139594
506,-1.9093252605810527,-0.6370870282303086,-1.1643972208455518,-1.8803784151972567,-0.6405559617968117,-1.153269592622839,-0.028946845383795994,0.0034689335665031296,-0.011127628222712849,0.031205407666382426
507,-1.9025768295769094,-0.6527680437738852,-1.1477065420355055,-1.8734714568481579,-0.6557850608566534,-1.136642772009011,-0.029105372728751577,0.0030170170827682474,-0.01106377002649439,0.031283096409345845
508,-1.8955676238936108,-0.6683342445044677,-1.1310158632254592,-1.8663771529145952,-0.6707518546358369,-1.119579306941384,-0.029190470979015615,0.0024176101313692078,-0.01143655628407525,0.03144397007953787
509,-1.8882995961016493,-0.6837812941098405,-1.114325184415413,-1.8590962128210502,-0.6854503566164047,-1.1020623802982807,-0.029203383280599127,0.0016690625065642894,-0.012262804117132209,0.03171749879009299
510,-1.8807747708721854,-0.6991048894699899,-1.0976345056053667,-1.8516293646554642,-0.6998746875935437,-1.0840752464144137,-0.029145406216721126,0.000769798123553711,-0.013559259190953021,0.032154327896819074
511,-1.8733374088598633,-0.7136324066164321,-1.0785660683629794,-1.8439773550964327,-0.7140190780271819,-1.06560133682667,-0.02936005376343065,0.0003866714107497726,-0.012964731536309504,0.03209745372424435
512,-1.8656243986768681,-0.7280154724252059,-1.0594976311205921,-1.836140949338534,-0.7278778703497366,-1.0466243828210473,-0.029483449338334244,-0.0001376020754693119,-0.012873248299544837,0.032171621671887
513,-1.8576385447295964,-0.7422488572958313,-1.0404291938782049,-1.828120931015814,-0.7414455212290605,-1.0271285560983872,-0.029517613713782476,-0.0008033360667708545,-0.013300637779817714,0.032385827664924184
514,-1.849382750628877,-0.7563273860509616,-1.0213607566358176,-1.8199181021234212,-0.754716603785701,-1.007098628747356,-0.029464648505455715,-0.0016107822652605686,-0.014262127888461595,0.032774508737172026
515,-1.8408600181342347,-0.770245939818048,-1.0022923193934303,-1.811533282937409,-0.7676858097635824,-0.9865201535059736,-0.029326735196825826,-0.002560130054465648,-0.01577216588745678,0.033397198684649826
516,-1.8324627924113015,-0.7833900186232743,-0.9804485612383751,-1.8029673119327096,-0.7803479516532316,-0.9653796649918884,-0.02949548047859185,-0.0030420669700427228,-0.015068896246486663,0.03326122628828645
517,-1.8237804767296315,-0.7963475493249055,-0.9586048030833199,-1.7942210456992849,-0.79269796476672,-0.9436649021705272,-0.02955943103034664,-0.003649584558185426,-0.014939900912792625,0.03332086537845659
518,-1.814817213689434,-0.8091123494859781,-0.9367610449282646,-1.7852953588564693,-0.804730909263467,-0.9213650517940357,-0.029521854832964767,-0.004381440222511079,-0.015395993134228902,0.033582339641414306
519,-1.805577279939556,-0.8216783286272052,-0.9149172867732094,-1.7761911439655085,-0.8164419721261122,-0.8984710118695688,-0.02938613597404749,-0.005236356501092998,-0.01644627490364059,0.034079970291915826
520,-1.7960650841369608,-0.8340394911329317,-0.8930735286181541,-1.7669093114403063,-0.8278264690856536,-0.8749756733946423,-0.02915577269665448,-0.006213022047278138,-0.018097855223511816,0.034873960030230876
521,-1.7866887723852376,-0.8456885022087347,-0.8681844177262313,-1.7574507894563798,-0.8388798464951001,-0.8508742176279203,-0.02923798292885782,-0.006808655713634648,-0.01731020009831108,0.03465343368006351
522,-1.7770254610501055,-0.8571005614072311,-0.8432953068343085,-1.7478165238580448,-0.8495976831508637,-0.8261644250538847,-0.029208937192060747,-0.007502878256367418,-0.01713088178042388,0.03468317033655487
523,-1.7670811359331633,-0.8682685996896795,-0.8184061959423857,-1.7380074780638322,-0.8599756920611862,-0.8008469909691761,-0.029073657869331138,-0.008292907628493329,-0.01755920497320962,0.034962488157006685
524,-1.7568619569060246,-0.8791856991726453,-0.7935170850504629,-1.7280246329701487,-0.8700097221608728,-0.7749258413027453,-0.028837323935875903,-0.00917597701177253,-0.01859124374771759,0.03551653347372555
525,-1.7463742540946725,-0.8898450974131856,-0.7686279741585401,-1.717868986853184,-0.8796957599716702,-0.7484084409343449,-0.028505267241488497,-0.010149337441515471,-0.02021953322419523,0.036392153478665694
526,-1.7359900485391695,-0.8998867257529148,-0.7407152255745836,-1.7075415552690867,-0.8890299312075991,-0.721306085468987,-0.02844849327008281,-0.01085679454531574,-0.01940914010559658,0.036109575970590155
527,-1.7253296349480571,-0.909634628440089,-0.712802476990627,-1.6970433709524082,-0.8980085023246204,-0.6936341662499572,-0.02828626399564893,-0.011626126115468649,-0.019168310740669825,0.036092986520031914
528,-1.714401318539868,-0.9190812111669113,-0.6848897284066705,-1.6863754837128333,-0.9066278820139979,-0.6654123974581106,-0.0280258348270348,-0.012453329152913417,-0.019477330948559857,0.03633041763622829
529,-1.703213613248437,-0.9282191143752123,-0.656976979822714,-1.6755389603301956,-0.9148846226387805,-0.6366649935694167,-0.02767465291824145,-0.013334491736431864,-0.02031198625329722,0.036827596576049254
530,-1.691775235089942,-0.937041218990068,-0.6290642312387574,-1.6645348844478025,-0.9227754216128066,-0.6074207853483693,-0.027240350642139477,-0.014265797377261413,-0.021643445890388135,0.037603037482708046
531,-1.680354141404382,-0.945352148708495,-0.5986324283338396,-1.6533643564640714,-0.9302971227216964,-0.5777132630548064,-0.02698978494031068,-0.015055025986798642,-0.020919165279033147,0.03731908056958142
532,-1.6686854582779427,-0.9533117195420083,-0.5682006254289217,-1.642028493422494,-0.9374467173852932,-0.5475805367263731,-0.02665696485544866,-0.015865002156715158,-0.02062008870254861,0.03724889430356523
533,-1.6567799911814372,-0.9609125607436777,-0.5377688225240038,-1.6305284288999269,-0.9442213458610588,-0.5170652053199697,-0.026251562281510266,-0.016691214882618932,-0.02070361720403413,0.03736818087369186
534,-1.6446487648531196,-0.9681476337585202,-0.507337019619086,-1.6188653128932389,-0.95061829838793,-0.48621412915210704,-0.025783451959880743,-0.017529335370590204,-0.021122890466978905,0.03765953392146657
535,-1.6323030130895206,-0.9750102387413648,-0.476905216714168,-1.6070403117043106,-0.9566350162701883,-0.4550781034039326,-0.02526270138521003,-0.01837522247117651,-0.021827113310235402,0.03810873597485724
536,-1.6198356445872055,-0.9814519233234226,-0.4450443331632895,-1.5950546078234087,-0.9622690929009017,-0.4237114343156453,-0.024781036763796838,-0.01918283042252089,-0.02133289884764422,0.03791006910243852
537,-1.6071694004208643,-0.9874931844786671,-0.413183449612411,-1.582909399810932,-0.9675182747245379,-0.3921714238816628,-0.024260000609932275,-0.01997490975412919,-0.021012025730748174,0.03780277601696922
538,-1.5943171372087166,-0.9931278901455955,-0.3813225660615325,-1.5706059021775611,-0.972380462138356,-0.3605177731102454,-0.023711235031155464,-0.0207474280072395,-0.020804792951287066,0.03775603058273213
539,-1.5812919003839,-0.9983503209287353,-0.34946168251065396,-1.5581453452628062,-0.9768537103322188,-0.32881191793031006,-0.02314655512109387,-0.02149661059651653,-0.0206497645803439,0.03773963511132201
540,-1.5681069109529642,-1.0031551759040023,-0.31760079895977544,-1.5455289751119743,-0.9809362300664917,-0.29711631530754834,-0.022577935840989882,-0.022218945837510606,-0.020484483652227103,0.03772345174382171
541,-1.5546263365553856,-1.0075866294438576,-0.2858448912756567,-1.5327580533515686,-0.9846263883877127,-0.265493699789787,-0.021868283203817063,-0.022960241056144914,-0.020351191485869724,0.03767712136739173
542,-1.5410118575674798,-1.011587832819396,-0.254088983591538,-1.519833857063122,-0.9879227092817555,-0.23400633231352022,-0.021178000504357808,-0.023665123537640387,-0.020082651278017755,0.0375747077136846
543,-1.5272772021890269,-1.0151547514054697,-0.22233307590741927,-1.506757678655493,-0.9908238742642128,-0.20271526353027572,-0.020519523533533812,-0.024330877141256924,-0.01961781237714355,0.037388514158374804
544,-1.513436219800022,-1.018283788489271,-0.19057716822330056,-1.4935308257356246,-0.9933287229077735,-0.17167963311530354,-0.019905394064397397,-0.024955065581497515,-0.01889753510799702,0.03709577933126313
545,-1.4995028669956132,-1.020971788897088,-0.15882126053918186,-1.4801546209777887,-0.9954362533063774,-0.1409560245718928,-0.019348246017824478,-0.025535535590710534,-0.01786523596728906,0.036682214464746045
546,-1.4850922008357705,-1.0232799489336526,-0.1287410880176338,-1.466630401991313,-0.997145622475965,-0.11059789210988624,-0.018461798844457533,-0.02613432645768754,-0.018143195907747545,0.03678337387621081
547,-1.4706186343082661,-1.025153654860082,-0.09866091549608572,-1.452959521186826,-0.99845614669166,-0.08065507250195922,-0.017659113121440084,-0.02669750816842187,-0.018005842994126497,0.03672617051324442
548,-1.4560952623515238,-1.0265912114436435,-0.06858074297453765,-1.439143345641015,-0.9993673017612495,-0.05117339069845843,-0.016951916710508774,-0.027223909682393965,-0.017407352276079216,0.036490062370715275
549,-1.4415352249653572,-1.0275913180570935,-0.038500570452989574,-1.425183256959923,-0.9998787232348542,-0.022194363718999813,-0.01635196800543426,-0.02771259482223931,-0.01630620673398976,0.0360730806486494
550,-1.426951695322575,-1.028153069855417,-0.0084203979314415,-1.4110806511407838,-0.9999902065507035,0.006244996773392763,-0.015871044181791083,-0.028162863304713626,-0.014665394704834262,0.035498038182256365
551,-1.4117252441861154,-1.0282812856633836,0.01882006860806837,-1.396836938432427,-0.9997017071169574,0.03411228652508152,-0.01488830575368838,-0.028579578546426232,-0.01529221791701315,0.035669397064263295
552,-1.3965009498147065,-1.0279947295657614,0.04606053514757824,-1.3824535431942528,-0.9990133403295429,0.061379721814441665,-0.014047406620453673,-0.028981389236218513,-0.015319186666863424,0.03566410008616191
553,-1.38129010859112,-1.0272936141863533,0.07330100168708811,-1.3679319037538011,-0.9979253815259969,0.08802407252366619,-0.013358204837318866,-0.029368232660356486,-0.014723070836578075,0.035464116243429704
554,-1.3661040069159311,-1.0261784597507606,0.10054146822659799,-1.3532734722629136,-0.9964382658753348,0.11402652573356668,-0.012830534653017533,-0.029740193875425813,-0.013485057506968698,0.035084876046474096
555,-1.3509539128330406,-1.024650093700377,0.12778193476610786,-1.338479714552524,-0.9945525882039893,0.13937249138381436,-0.012474198280516546,-0.03009750549638779,-0.011590556617706499,0.03458043467851431
556,-1.335025764041547,-1.022603613424919,0.15162312530804622,-1.3235521099860739,-0.9922691027578862,0.16405136184929442,-0.011473654055473181,-0.030334510667032855,-0.012428236541248194,0.03473166189974535
557,-1.319150927738581,-1.0201780046774442,0.17546431584998456,-1.3084921513115828,-0.9895887229007583,0.18805623702960433,-0.010658776426998084,-0.03058928177668596,-0.01259192117961977,0.03475442638755499
558,-1.3033384267912669,-1.0173746461144006,0.1993055063919229,-1.293301344512367,-0.9865125207488105,0.21138362585071127,-0.01003708227889999,-0.030862125365590187,-0.012078119458788367,0.034627947851635324
559,-1.287597248636844,-1.0141951310959547,0.22314669693386124,-1.2779812086564475,-0.9830417267418881,0.234033134057412,-0.009616039980396618,-0.03115340435406666,-0.010886437123550752,0.03437320673137131
560,-1.271936340174428,-1.0106412667803655,0.24698788747579958,-1.2625332757446417,-0.979177729151317,0.25600714694934407,-0.009403064429786223,-0.03146353762904852,-0.009019259473544483,0.03405464523756466
561,-1.2553998787444742,-1.0064718315817176,0.26738598115756007,-1.2469590905573706,-0.9749220735246148,0.2773105143849678,-0.008440788187103587,-0.031549758057102806,-0.009924533227407717,0.03413400794608202
562,-1.238951900091117,-1.0019659748686411,0.28778407483932056,-1.2312602105001726,-0.97027646206729,0.2979502440332553,-0.007691689590944462,-0.03168951280135113,-0.01016616919393476,0.0341575512358563
563,-1.222599247688633,-0.9971255713830216,0.30818216852108105,-1.2154382054479715,-0.9652427529619856,0.3179352075580311,-0.007161042240661386,-0.03188281842103602,-0.009753039036950073,0.03410156018274769
564,-1.206348725349115,-0.9919526350608834,0.32858026220284153,-1.1994946575880876,-0.9598229596252282,0.3372758632229733,-0.0068540677610273715,-0.03212967543565515,-0.008695601020131782,0.03398393393317809
565,-1.1902070943916259,-0.9864493181944566,0.348978355884602,-1.1834311612620187,-0.954019249902089,0.35598399733641756,-0.006775933129607115,-0.03243006829236761,-0.007005641451815536,0.033862982907238555
566,-1.1731323809887921,-0.9802363225562828,0.36619592113412114,-1.1672493228060146,-0.9478339451990766,0.3740724860305142,-0.005883058182777567,-0.03240237735720619,-0.007876564896393046,0.033860961394322896
567,-1.1561671657489598,-0.9737302773324135,0.38341348638364026,-1.1509507603904343,-0.9412695195556019,0.39155507809344553,-0.005216405358525522,-0.032460757776811566,-0.008141591709805274,0.033870299613060054
568,-1.1393164777935394,-0.9669331111568723,0.4006310516331594,-1.1345371038579373,-0.9343285986543979,0.4084461989420335,-0.004779373935602127,-0.032604512502474425,-0.007815147308874115,0.03386699245873076
569,-1.1225853122937903,-0.9598468389627718,0.4178486168826785,-1.1180099945604975,-0.92701395877128,0.4247607753253133,-0.004575317733292783,-0.032832880191491776,-0.006912158442634819,0.0338630992138275
570,-1.1059786289900668,-0.9524735613850115,0.4350661821321976,-1.1013710851952752,-0.9193285256646756,0.4405140799735253,-0.004607543794791669,-0.03314503572033589,-0.005447897841327709,0.033904313053250444
571,-1.1032148980215095,-0.9511890700886891,0.45030674454295666,-1.0846220396393396,-0.9112753734053558,0.4557215951360275,-0.018592858382169952,-0.03991369668333333,-0.005414850593070841,0.044363477914765
572,-1.1004710636311164,-0.9498626087831903,0.4655473069537157,-1.0677645327832885,-0.90285772314685,0.470398893769609,-0.03270653084782782,-0.04700488563634031,-0.004851586815893261,0.0574692468057264
573,-1.0977477631299777,-0.9484944855660097,0.48078786936447476,-1.0508002503637583,-0.894078941837027,0.48456153703014543,-0.046947512766219335,-0.05441554372898272,-0.003773667665670666,0.07196777696932208
574,-1.095045629059773,-0.9470850182114644,0.4960284317752338,-1.0337308887948575,-0.8849425408713637,0.498224986670857,-0.06131474026491546,-0.0621424773401007,-0.002196554895623204,0.08732702741493299
575,-1.092365289045849,-0.9456345340968845,0.5112689941859928,-1.0165581549985165,-0.8754521746884284,0.5114045309468265,-0.07580713404733253,-0.07018235940845607,-0.0001355367608336655,0.10330684156831764
576,-1.1029204128530163,-0.951556232350696,0.5253281625134261,-0.9992837662338049,-0.865611639308158,0.5241152226565137,-0.10363664661921146,-0.08594459304253799,0.0012129398569123984,0.1346421138382017
577,-1.1133912421034613,-0.9576257367457724,0.5393873308408593,-0.9819094499252019,-0.8554248708134978,0.5363718280074358,-0.1314817921782594,-0.10220086593227462,0.0030155028334235556,0.16655801370409096
578,-1.1237757071649233,-0.9638418476023369,0.5534464991682926,-0.9644369434898631,-0.8448959437760261,0.5481887850668954,-0.15933876367506017,-0.11894590382631087,0.005257714101397193,0.19890855487918738
579,-1.134071755475625,-0.9702033362628251,0.5675056674957258,-0.9468679941638701,-0.8340290696261731,0.5595801706434279,-0.18720376131175487,-0.136174266636652,0.00792549685229793,0.2316279185324046
580,-1.1442773519499752,-0.9767089453347382,0.5815648358231591,-0.9292043588275147,-0.8228285949687089,0.570559674535322,-0.21507299312246042,-0.15388035036602932,0.011005161287837129,0.26468220222447364
581,-1.154959098180599,-0.9837312030781373,0.6023922668831723,-0.9114478038296094,-0.8112989998441578,0.581140580175409,-0.24351129435098962,-0.17243220323397956,0.02125168670776323,0.2991358376666755
582,-1.1654922827055365,-0.9909743950619108,0.6232196979431854,-0.89360010481086,-0.7994448959368459,0.5913357507932551,-0.27189217789467646,-0.1915294991250649,0.03188394714993037,0.3341040130277818
583,-1.1758723365853174,-0.998435379434165,0.6440471290031986,-0.8756630465262938,-0.7872710247302823,0.6011576203049405,-0.30020929005902364,-0.21116435470388273,0.04288950869825814,0.36953418311656655
584,-1.1860947573033709,-1.0061109198720293,0.6648745600632118,-0.8576384226667918,-0.7747822556106337,0.6106181882251972,-0.3284563346365791,-0.23132866426139553,0.05425637183801457,0.40538903359228007
585,-1.196155110719064,-1.0139976869854626,0.6857019911232249,-0.8395280356797178,-0.7619835839190322,0.619729017975972,-0.3566270750393462,-0.25201410306643035,0.06597297314725292,0.4416405914104647
586,-1.2255661511774745,-1.0380599143672997,0.7427019930813076,-0.8213336965886817,-0.7488801289535097,0.6285012380388306,-0.40423245458879276,-0.28917978541378997,0.11420075504247695,0.5099712129984573
587,-1.2535586218961698,-1.0637585849649098,0.7997019950393902,-0.8030572248124292,-0.7354771319213411,0.6369455454658797,-0.4505013970837406,-0.3282814530435687,0.16275644957351054,0.5806977553465947
588,-1.280041599952919,-1.0910102263956059,0.8567019969974728,-0.7847004479829077,-0.721779953842635,0.6450722113249574,-0.4953411519700114,-0.3692302725529708,0.21162978567251545,0.6530551410013659
589,-1.3049290654397798,-1.1197263220400664,0.9137019989555555,-0.7662652017625027,-0.7077940734059962,0.6528910877099849,-0.5386638636772771,-0.4119322486340702,0.26081091124557054,0.7265461216751476
590,-1.328140180866138,-1.1498135985549949,0.9707020009136381,-0.747753329660472,-0.6935250847771224,0.6604116159967486,-0.5803868512056659,-0.4562885137778725,0.31029038491688954,0.8008297121298129
591,-1.3083207903560792,-1.1208495386960948,0.9748303171361361,-0.7291666828486026,-0.6789786953612166,0.6676428360684155,-0.5791541075074765,-0.44187084333487825,0.30718748106772065,0.7905905836505955
592,-1.2886211411952044,-1.0918039051750543,0.9789586333586341,-0.7105071199760853,-0.6641607235200951,0.6745933962741206,-0.5781140212191191,-0.4276431816549592,0.30436523708451346,0.7808538338841838
593,-1.2690415691240555,-1.0626771930157521,0.9830869495811321,-0.6917765069836577,-0.6490770962449237,0.6812715639183997,-0.5772650621403979,-0.41360009677082843,0.30181538566273236,0.7716168213819213
594,-1.2495824078367044,-1.0334698986238882,0.9872152658036301,-0.6729767169170084,-0.6337338467854989,0.6876852361095336,-0.5766056909196959,-0.39973605183838923,0.2995300296940965,0.7628769708340065
595,-1.2302439889750652,-1.004182519778523,0.991343582026128,-0.6541096297394813,-0.6181371122370333,0.6938419508213524,-0.5761343592355839,-0.38604540754148975,0.2975016312047757,0.7546317493620144
596,-1.2104731510525197,-0.9739697389476855,0.9942755129389056,-0.6351771321440697,-0.6022931310853911,0.6997488980461777,-0.5752960189084501,-0.3716766078622944,0.2945266148927279,0.7455567966856065
597,-1.190790979766306,-0.9436991213267657,0.9972074438516831,-0.6161811173647562,-0.5862082407117827,0.7054129309366325,-0.5746098624015499,-0.357490880614983,0.29179451291505065,0.7369669337625235
598,-1.1711976443085552,-0.9133709271284322,1.0001393747644607,-0.5971234849871871,-0.5698888748578939,0.71084057685146,-0.5740741593213681,-0.3434820522705383,0.2892987979130007,0.7288585974703348
599,-1.151693313107747,-0.8829854170602934,1.0030713056772382,-0.5780061407587223,-0.5533415610524803,0.7160380482354703,-0.5736871723490247,-0.3296438560078131,0.2870332574417679,0.721228212425964
600,-1.1322781538272608,-0.8525428523226576,1.0060032365900158,-0.5588309963978517,-0.5365729180004349,0.7210112532766491,-0.5734471574294091,-0.31596993432222265,0.2849919833133667,0.7140721758424323
601,-1.1124556760037496,-0.8212596867198613,1.0079078697747186,-0.5395999694030323,-0.5195896529353996,0.7257658062944856,-0.5728557066007173,-0.30167003378446167,0.28214206348023296,0.7062383548444597
602,-1.0926928170538166,-0.7899388233326456,1.0098125029594214,-0.5203149828609361,-0.5023985589369582,0.7303070378230215,-0.5723778341928805,-0.2875402643956875,0.27950546513639984,0.6988698689779018
603,-1.0729896486697321,-0.7585803757814038,1.0117171361441242,-0.5009779652541498,-0.48500651221350166,0.7346400043601177,-0.5720116834155823,-0.27357386356790214,0.2770771317840065,0.6919622545696038
604,-1.0533462423272313,-0.7271844578228703,1.013621769328827,-0.4815908502683184,-0.467420469351827,0.7387694977612211,-0.5717553920589129,-0.2597639884710433,0.27485227156760583,0.6855109986285403
605,-1.0337626692852548,-0.6957511833497082,1.0155264025135298,-0.4621555765987845,-0.44964746453460147,0.7427000542616012,-0.5716070926864704,-0.24610371881510673,0.27282634825192853,0.6795115342101169
606,-1.0138105314498917,-0.6635900100686671,1.0165340478852198,-0.44267408775671735,-0.4316946067267801,0.7464359631158108,-0.5711364436931744,-0.23189540334188702,0.270098084769409,0.6729972442749568
607,-0.993890810795642,-0.6314087484390924,1.01754169325691,-0.4231483318747701,-0.4135690768321209,0.7499812748470809,-0.5707424789208719,-0.21783967160697154,0.267560418409829,0.6669255410240471
608,-0.9740035275479763,-0.5992074311361995,1.0185493386286,-0.4035802615122578,-0.39527812482090974,0.7533398091026414,-0.5704232660357185,-0.20392930631528972,0.26520952952595855,0.661291130259942
609,-0.9541487018994298,-0.5669860908555671,1.01955698400029,-0.38397183345991004,-0.37682906683007494,0.756515162113617,-0.5701768684395198,-0.19015702402549212,0.263041821886673,0.6560886793347293
610,-0.9343263540095822,-0.5347447603131044,1.0205646293719801,-0.36432500854419003,-0.35822928223682704,0.7595107137603188,-0.5700013454653922,-0.17651547807627732,0.26105391561166136,0.6513128239863195
611,-0.9141857736666303,-0.5019117138699443,1.0207730107010031,-0.3446417514312205,-0.3394862107070128,0.7623296342454584,-0.5695440222354098,-0.16242550316293147,0.2584433764555447,0.6461852800672288
612,-0.8940520355547626,-0.46907447121876644,1.0209813920300261,-0.3249240304303084,-0.32060734921933826,0.764974890379158,-0.5691280051244543,-0.1484671219994282,0.25600650165086813,0.6414736950329686
613,-0.873925140548242,-0.4362330337854552,1.0211897733590491,-0.3051738172971223,-0.30160024906668353,0.7674492514806304,-0.5687513232511197,-0.13463278471877166,0.2537405218784188,0.6371721171427411
614,-0.8538050895210341,-0.40338740299607695,1.0213981546880722,-0.28539308703651545,-0.2824725128356836,0.7697552949021605,-0.5684120024845186,-0.12091489016039336,0.2516428597859116,0.6332746198231793
615,-0.8336918833468073,-0.3705375802768803,1.0216065360170952,-0.2655838177050335,-0.263231791365801,0.7718954111815078,-0.5681080656417739,-0.10730578891107928,0.24971112483558733,0.629775319020777
616,-0.8139025425832301,-0.33820158069116035,0.9679055338854415,-0.2457479902131001,-0.24388578068908245,0.77387180882917,-0.56815455237013,-0.0943158000020779,0.1940337250562716,0.6077369101577981
617,-0.7924060880944096,-0.3069743918731652,0.9142045317537879,-0.22588758812693474,-0.2244422189518554,0.7756865187570767,-0.5665184999674748,-0.08253217292130982,0.13851801299671118,0.5890178352962394
618,-0.7692644964087244,-0.27694604507688486,0.8605035296221343,-0.2060045974701957,-0.20490888331957058,0.777341398355284,-0.5632598989385287,-0.07203716175731428,0.08316213126685024,0.5739050500763483
619,-0.7445444871572925,-0.24820311516927496,0.8068025274904806,-0.1861010065253778,-0.18529358686603822,0.7788381352231183,-0.5584434806319147,-0.06290952830323673,0.02796439226736236,0.5626710735825207
620,-0.7183173307142908,-0.22082847102585326,0.753101525358827,-0.1661788056349928,-0.16560417544830938,0.7801782505609888,-0.5521385250792981,-0.05522429557754388,-0.027076725202161755,0.5555536182462067
621,-0.6906337064991948,-0.1948776612379405,0.7561552477250101,-0.14623998700252616,-0.14584852456842748,0.7813631022287947,-0.5443937194966686,-0.04902913666951303,-0.0252078545037846,0.5471780459764987
622,-0.6630294578070501,-0.16884243447738942,0.7592089700911931,-0.12628654449322554,-0.1260345362233393,0.7823938874764594,-0.5367429133138246,-0.042807898254050125,-0.02318491738526629,0.5389462046806737
623,-0.635504842053357,-0.14272303352823615,0.7622626924573762,-0.10632047343471225,-0.10617013574419806,0.7832716453517061,-0.5291843686186447,-0.036552897784038085,-0.021008952894329913,0.5308611743464012
624,-0.6080601159110212,-0.1165197019594591,0.7653164148235593,-0.08634377041745736,-0.08626326862634384,0.7839972587896967,-0.5217163454935638,-0.030256433333115257,-0.01868084396613745,0.5229267356374965
625,-0.5806955353079608,-0.0902326841227076,0.7683701371897423,-0.06635843309511363,-0.06632189735120068,0.7845714563886423,-0.5143371022128471,-0.023910786771506917,-0.0162013191989,0.5151474188817468
626,-0.5533861697579969,-0.06383788292702591,0.7684470230815267,-0.0463664599847589,-0.04635399820139721,0.7849948138749364,-0.5070197097732381,-0.0174838847256287,-0.016547790793409733,0.5075908802409477
627,-0.5260788336765783,-0.037440982104437553,0.768523908973311,-0.026369850267042503,-0.026367558070356484,0.7852677552607884,-0.49970898340953573,-0.01107342403408107,-0.016743846287477382,0.5001120326572126
628,-0.4987735272251305,-0.011041981810986246,0.7686007948650954,-0.006370603586275981,-0.006370571267652135,0.7853905536967359,-0.4924029236388545,-0.004671410543334111,-0.016789758831640578,0.4927112311346075
629,-0.4714702505650674,0.015359117797271903,0.7686776807568797,0.013629280149540351,0.013628963678619457,0.7853633320208057,-0.48509953071460776,0.0017301541186524466,-0.01668565126392596,0.4853894921513117
630,-0.4441690038577906,0.04176231656426836,0.768754566648664,0.033627800968699426,0.033623047221136695,0.7851860630054648,-0.47779680482649006,0.008139269343131667,-0.016431496356800745,0.4781485422756893
631,-0.41685547395697736,0.06818145894924026,0.768282478105872,0.053622959035786476,0.053603681993068565,0.7848585693028844,-0.4704784329927638,0.014577776956171691,-0.01657609119701242,0.47099600241581896
632,-0.38952947492584733,0.09458770398617647,0.76781038956308,0.07361275485165383,0.07356287600690768,0.7843805230883966,-0.4631422297775012,0.021024827979268787,-0.016570133525316555,0.4639152268678841
633,-0.36219101285447997,0.12098104578998084,0.767338301020288,0.09359518945337977,0.09349264585116929,0.7837514454014016,-0.4557862023078597,0.027488399938811553,-0.01641314438111363,0.45690925319355546
634,-0.33484009383573243,0.14736147847843295,0.766866212477496,0.1135682646141561,0.11338501988364241,0.7829707051823518,-0.4484083584498885,0.03397645859479054,-0.01610449270485581,0.44998201114227665
635,-0.307476723965238,0.17372899617218937,0.766394123934704,0.1335299830431127,0.13323204141994396,0.7820375180038213,-0.4410067070083507,0.040496954752245407,-0.0156433940691173,0.4431383923206794
636,-0.2801009093414051,0.20008359299478498,0.7651775996942327,0.15347834858503784,0.15302577191607933,0.7809509444930636,-0.4335792579264429,0.04705782107870565,-0.015773344798830857,0.43641059775727625
637,-0.2526930539767566,0.22640486698200948,0.7639610754537615,0.17341136642000265,0.17275829414376465,0.7797098884428689,-0.4261044203967593,0.05364657283824484,-0.015748812989107464,0.4297568579668196
638,-0.22525319843302863,0.2526927791801924,0.7627445512132902,0.19332704326283448,0.1924217153572057,0.7783130946069631,-0.4185802416958631,0.06027106382298669,-0.015568543393672862,0.4231836473871862
639,-0.19778138331931522,0.27894729068503626,0.761528026972819,0.2132233875624471,0.21200817045009426,0.7767591461756517,-0.41100477088176235,0.066939120234942,-0.01523111920283271,0.41669863750385466
640,-0.17027764929200845,0.30516836264167446,0.7603115027323477,0.23309840970098727,0.23150982510153895,0.7750464619269026,-0.4033760589929957,0.07365853754013552,-0.01473495919455492,0.4103107896993906
641,-0.1427420370547382,0.3313559562447286,0.7583256584259636,0.2529501221928054,0.25091887890969955,0.7731732930475957,-0.3956921592475436,0.08043707733502903,-0.014847634621632189,0.40405799157304434
642,-0.11515447466238814,0.35748881680855166,0.7563398141195794,0.2727765398831953,0.2702275685118367,0.7711377196192538,-0.38793101454558343,0.08726124829671494,-0.014797905499674413,0.3978994540180269
643,-0.08751507090861585,0.38356684127621377,0.7543539698131952,0.2925756801469099,0.28942817068955534,0.7689376467622203,-0.3800907510555257,0.09413867058665842,-0.01458367694902507,0.39184659239443503
644,-0.05982393479151929,0.4095899268070354,0.7523681255068111,0.3123455630864238,0.30851300545799065,0.7665708004319635,-0.37216949787794307,0.10107692134904472,-0.01420267492515237,0.38591241902166196
645,-0.032081175513206925,0.43555797077699276,0.7503822812004269,0.3320842117299144,0.32747443913769303,0.7640347228610073,-0.36416538724312136,0.10808353163929973,-0.013652441660580328,0.3801116523350101
646,-0.004286902479367256,0.4614708707791227,0.7475668496887213,0.351789652228968,0.34630488740800797,0.7613267676398998,-0.35607655470833527,0.11516598337111472,-0.01375991795117848,0.3744903895707033
647,0.023580216295587004,0.4873054153112526,0.7447514181770157,0.37145991405595574,0.3649968183406966,0.7584440944306824,-0.34787969776036876,0.12230859697055602,-0.013692676253666658,0.36900835544705374
648,0.051519959918776614,0.5130613995920066,0.7419359866653101,0.3910930302010885,0.38354275541260996,0.7553836633065133,-0.3395730702823119,0.12951864417939662,-0.013447676641203166,0.36368363897496325
649,0.07953210692165065,0.5387386194627284,0.7391205551536045,0.4106870373691092,0.40193528049619187,0.7521422287114786,-0.3311549304474586,0.13680333896653651,-0.013021673557874092,0.35853633775992927
650,0.10761643526174194,0.5643368713890994,0.7363051236418989,0.43023997617563103,0.4201670368266409,0.7487163330352061,-0.3226235409138891,0.14416983456245847,-0.012411209393307199,0.353588643013583
651,0.1357727223244272,0.5898559524627524,0.7325765269813648,0.4497498913430674,0.43823073194451173,0.7451022997977352,-0.31397716901864026,0.15162522051824062,-0.012525772816370462,0.3488964963234974
652,0.1640239638068922,0.6152698729532917,0.7288479303208306,0.4692148318961616,0.45611914061260495,0.7412962264412188,-0.30519086808926943,0.15915073234068677,-0.012448296120388225,0.34442035602728194
653,0.19236976694859848,0.6405782795457985,0.7251193336602965,0.48863285135707546,0.4738251077059589,0.7372939767265044,-0.296263084408477,0.16675317183983956,-0.012174643066207969,0.34018620994340876
654,0.220809737674372,0.665780820392252,0.7213907369997623,0.5080020079400462,0.4913415510738144,0.733091172734505,-0.28719227026567423,0.17443926931843756,-0.011700435734742665,0.3362221869197292
655,0.24934348059988168,0.690877145116421,0.7176621403392281,0.5273203647455568,0.5086614643723737,0.7286831864746114,-0.2779768841456751,0.18221568074404726,-0.011021046135383239,0.33255851498085703
656,0.2779705990371361,0.7158669048187352,0.7129095810870466,0.5465859899540265,0.5257779198672481,0.7240651311052729,-0.2686153909168904,0.19008898495148707,-0.011155550018226323,0.3292605301786561
657,0.30671615904381644,0.7407203307375565,0.7081570218348651,0.5657969570189859,0.5426840712044526,0.7192318517753863,-0.2590807979751695,0.1980362595331039,-0.011074829940521225,0.32628801974256566
658,0.33557951135037106,0.7654368615140977,0.7034044625826835,0.5849513448597394,0.5593731561488667,0.7141779160993728,-0.24937183350936837,0.206063705365231,-0.010773453516689235,0.323673646312685
659,0.36456000402669986,0.7900159388815917,0.698651903330502,0.6040472380534647,0.5758384992890305,0.708897604283927,-0.23948723402676486,0.2141774395925612,-0.01024570095342503,0.3214515286637204
660,0.3936569824968794,0.8144570076779006,0.6938993440783204,0.6230827270267574,0.5920735147072245,0.7033848989304824,-0.22942574452987796,0.22238349297067617,-0.00948555485216196,0.31965695041681946
661,0.41446091505018284,0.8317640655059405,0.6879813879861016,0.6420559082465795,0.6080717086137423,0.6976334745446516,-0.2275949931963967,0.22369235689219824,-0.009652086558549988,0.3192662121725194
662,0.43536690511523113,0.8489477042284468,0.6820634318938829,0.6609648844106218,0.6238266819443293,0.6916366867923863,-0.22559797929539072,0.22512102228411746,-0.00957325489850347,0.3188503883418701
663,0.45637422052030574,0.8660073220382698,0.6761454758016641,0.6798077646370254,0.6393321329197169,0.6853875615526078,-0.22343354411671967,0.2266751891185529,-0.009242085750943763,0.31841734586469633
664,0.4774821255450618,0.8829423214717328,0.6702275197094453,0.6985826646534714,0.6545818595662526,0.6788787838277314,-0.2211005391084096,0.2283604619054802,-0.008651264118286095,0.3179760892371594
665,0.4986898809462945,0.8997521094295566,0.6643095636172265,0.7172877069856007,0.6695697621966022,0.672102686587147,-0.21859782603930622,0.2301823472329544,-0.0077931229699205185,0.3175368565889753
666,0.5186751816165196,0.915401269577437,0.6570520646112541,0.7359210211447693,0.6842898458495512,0.6650512396345386,-0.21724583952824972,0.23111142372788573,-0.00799917502328451,0.31728887747747714
667,0.5387735287304604,0.9309049755699038,0.6497945656052817,0.7544807438150888,0.6987362226879031,0.6577160386082651,-0.21570721508462842,0.23216875288200067,-0.007921473002983404,0.3170089623163463
668,0.5589838636868573,0.9462624108103189,0.6425370665993093,0.7729650190397587,0.7129031143535387,0.6500882942451496,-0.2139811553529014,0.23335929645678022,-0.007551227645840264,0.3167041476329687
669,0.5793051219859324,0.9614727664062794,0.6352795675933369,0.7913719984066616,0.7267848542786822,0.6421588220623271,-0.2120668764207292,0.2346879121275972,-0.006879254468990181,0.31638283821298646
670,0.5997362332854579,0.9765352412122237,0.6280220685873645,0.8096998412331966,0.7403758899524486,0.6339180326396285,-0.20996360794773872,0.23615935125977505,-0.005895964052264002,0.31605492915310646
671,0.6197258907016976,0.9910495250030533,0.6192063300648818,0.827946714750356,0.7536707851417809,0.6253559227167048,-0.20822082404865838,0.23737873986127245,-0.0061495926518230215,0.3158201944072155
672,0.6398427238257833,1.0053870234821136,0.610390591542399,0.8461107942859937,0.7666642220658663,0.61646206735519,-0.20626807046021034,0.23872280141624735,-0.006071475812790994,0.3155502426333161
673,0.6600851692429779,1.019546622385729,0.6015748530199163,0.8641902634472943,0.7793510035231799,0.607225613456968,-0.20410509420431644,0.24019561886254914,-0.005650760437051705,0.3152534787983042
674,0.680451653776366,1.0335272212759994,0.5927591144974336,0.8821833143024047,0.791726054970291,0.5976352749755627,-0.20173166052603875,0.24180116630570836,-0.00487616047812911,0.31494006386359014
675,0.7009405946091162,1.0473277336263227,0.5839433759749508,0.9000881475612352,0.803784426551621,0.5876793302090884,-0.19914755295211906,0.24354330707470173,-0.0037359542341375285,0.3146220710975934
676,0.7209006514441578,1.060517721021886,0.5732923332727582,0.9179029727553806,0.8155212950793129,0.5773456216204795,-0.19700232131122275,0.24499642594257298,-0.00405328834772134,0.31440355035061973
677,0.7410000605712198,1.0734943688592968,0.5626412905705656,0.9356260084171686,0.8269319659624466,0.5666215586940145,-0.19462594784594878,0.24656240289685027,-0.003980268123448982,0.31414665465596997
678,0.7612365418402057,1.0862562050204136,0.5519902478683729,0.953255482257799,0.8380118750848067,0.5554941244066477,-0.19201894041759326,0.24824432993560697,-0.003503876538274775,0.3138611125562853
679,0.7816077995510566,1.0988017817561124,0.5413392051661803,0.9707896313445805,0.8487565906304755,0.5439498859681842,-0.18918183179352388,0.25004519112563695,-0.002610680802003884,0.3135588919805328
680,0.8021115227141836,1.1111296758505254,0.5306881624639876,0.9882267022772163,0.8591618148564958,0.5319750105656659,-0.1861151795630327,0.25196786099402957,-0.0012868481016782285,0.31325439983458064
681,0.8221218519785696,1.1228725733624898,0.5178700417148049,1.0055649513631455,0.8692233858119127,0.5195552869336455,-0.18344309938457593,0.2536491875505771,-0.0016852452188406142,0.31303693249892234
682,0.8422810551310882,1.1343580183909214,0.5050519209656221,1.0228026447919047,0.8789372790024944,0.5066761536623483,-0.18052158966081655,0.255420739388427,-0.00162423269672618,0.3127785743545297
683,0.86258581997495,1.145584123854577,0.4922338002164393,1.0399380588085174,0.8882996090004824,0.4933227352482483,-0.17735223883356743,0.25728451485409454,-0.001088935031809013,0.31249051822813606
684,0.8830328103972928,1.1565490452822145,0.4794156794672565,1.0569694798858615,0.8973066309987076,0.4794798869840495,-0.17393666948856878,0.2592424142835069,-6.420751679298009e-05,0.31218680061610915
685,0.9036186669173117,1.1672509811156435,0.4665975587180737,1.0738952048960235,0.9059547423084627,0.4651322498740918,-0.17027653797871178,0.2612962388071808,0.0014653088439818829,0.31188454743831595
686,0.9237796789184992,1.1774059396123302,0.45123360913595334,1.090713541280604,0.9142404838005289,0.4502643168426439,-0.16693386236210472,0.2631654558118013,0.0009692922933094428,0.3116470937828767
687,0.9440943255858103,1.187249959002994,0.43586965955383306,1.1074228072199814,0.9221605412887859,0.4348605115707623,-0.16332848163417113,0.265089417714208,0.0010091479830707795,0.3113673243560303
688,0.964557811721993,1.1967807156432464,0.42050570997171277,1.124021331801486,0.9297117468558371,0.4189052813456625,-0.15946352007949305,0.26706896878740927,0.0016004286260502543,0.31105788801620216
689,0.9851653069967887,1.2059959598332135,0.4051417603895925,1.1405074551864933,0.936891080120138,0.4023832053261955,-0.1553421481897046,0.2691048797130755,0.0027585550633970057,0.3107349818022084
690,1.0059119470871145,1.2148935163485688,0.3897778108074722,1.1568795287764002,0.9436956694441047,0.3852791196091139,-0.1509675816892857,0.27119784690446413,0.004498691198358329,0.3104186223621684
691,1.0263493922589377,1.2232891208730592,0.3714723130268934,1.1731359153774927,0.9501227930827353,0.36757826041131964,-0.146786523118555,0.2731663277903239,0.00389405261557374,0.31013108462947986
692,1.0469370904588742,1.2313092220763648,0.35316681524631455,1.1892749893646573,0.9561698802722672,0.3492664265498517,-0.14233789890578308,0.2751393418040976,0.0039003886964628642,0.30980146530526365
693,1.0676681431220605,1.238951132567801,0.3348613174657357,1.2052951368439446,0.9618345122584524,0.3303301621888942,-0.13762699372188414,0.2771166203093487,0.004531155276841503,0.3094436007106014
694,1.0885356036481488,1.2462122916815426,0.3165558196851569,1.2211947558139582,0.9671144232640236,0.31075696051584134,-0.13265915216580937,0.27909786841751894,0.005798859169315551,0.30907555318436236
695,1.1095324797289865,1.253090266334656,0.29825032190457806,1.236972256326048,0.9720075013949759,0.29053548859030254,-0.1274397765970614,0.28108276493968,0.0077148333142755265,0.30871983424832194
696,1.130377158221306,1.2594983411865392,0.27666089059574517,1.2526260606433117,0.9765117894852975,0.2696558330657038,-0.1222489024220057,0.28298655170124176,0.007005057530041381,0.30834275314679255
697,1.1513553149578237,1.2654549328876383,0.25507145928691227,1.2681546033983628,0.9806254858798085,0.24810976580033245,-0.1167992884405391,0.28482944700782986,0.006961693486579823,0.30792588854983194
698,1.1724571723251238,1.270957265157288,0.23348202797807938,1.2835563317498675,0.9843469451548001,0.22589102754483356,-0.11109915942474369,0.2866103200024879,0.007591000433245815,0.30748353133849404
699,1.1936728950547273,1.2760027734385309,0.21189259666924648,1.2988297055378224,0.9876746787761803,0.2029956269152212,-0.10515681048309511,0.28832809466235054,0.008896969754025291,0.3070345274287617
700,1.2149925948071678,1.2805891060934187,0.19030316536041358,1.3139731974375781,0.9906073556948702,0.17942215074251594,-0.09898060263041031,0.28998175039854845,0.010881014617897644,0.30660230224249807
701,1.2363343708464165,1.2847002627816722,0.16526978073371001,1.328985293112564,0.9931438028792042,0.15517208065333724,-0.09265092226614757,0.2915564599024679,0.010097700080372779,0.30609038902673874
702,1.2577723655236803,1.2882759302777393,0.14023639610700644,1.3438644913657243,0.9952830057841277,0.13025010941636972,-0.08609212584204395,0.2929929244936117,0.009986286690636725,0.30554285109815477
703,1.2792931449849918,1.2913138679338498,0.11520301148030289,1.3586093042896297,0.9970241087570001,0.10466444924219856,-0.07931615930463787,0.29428975917684974,0.01053856223810433,0.30497307549561375
704,1.3008832235003238,1.2938121720639804,0.09016962685359933,1.373218257415277,0.9983664153798475,0.07842712292189793,-0.0723350339149531,0.29544575668413287,0.011742503931701398,0.30439848664657204
705,1.3225290719142544,1.2957692771367761,0.06513624222689578,1.3876898898595273,0.9993093887479177,0.051554227525755024,-0.06516081794527295,0.2964598883888584,0.013582014701140753,0.3038402026430561
706,1.3443356473458679,1.2971916877201561,0.03686573259573567,1.4020227544711974,0.9998526516844362,0.024066159466105345,-0.05768710712532954,0.29733903603572,0.012799573129630322,0.3031536471023253
707,1.3661737161294292,1.297997129044403,0.008595222964575554,1.4162154179757676,0.9999959868914717,-0.004012210822560227,-0.05004170184633838,0.2980011421529313,0.012607433787135781,0.30243643966100775
708,1.388025825968558,1.2981849574261923,-0.01967528666658456,1.4302664611187157,0.999739337036853,-0.03265142639572878,-0.042240635150157635,0.2984456203893393,0.012976139729144222,0.30169925387666546
709,1.4098745133457051,1.2977550227590007,-0.047945796297744675,1.4441744788074369,0.9990828047770997,-0.06181740477477093,-0.03429996546173175,0.298672217981901,0.013871608477026252,0.3009551510551765
710,1.431702317478445,1.2967076686330652,-0.07621630592890478,1.457938080251753,0.9980266527163616,-0.0914714824314205,-0.02623576277330808,0.2986810159167036,0.015255176502515719,0.3002188950207071
711,1.4537197638501846,1.295026323340091,-0.10697588363643903,1.4715558891029872,0.9965713033013819,-0.12157055086072027,-0.017836125252802537,0.29845502003870905,0.014594667224281238,0.2993434994479209
712,1.475675085805717,1.292668632826993,-0.1377354613439733,1.4850265435916035,0.9947173386525217,-0.1520672896241892,-0.009351457785886419,0.2979512941744713,0.014331828280215897,0.2984423307187121
713,1.4975475119194108,1.2896368276505925,-0.16849503905150753,1.4983486966633788,0.9924655003309216,-0.18291049838327378,-0.0008011847439679531,0.2971713273196709,0.014415459331766245,0.29752183977932567
714,1.5193163491914854,1.2859337761321048,-0.19925461675904177,1.5115210161141086,0.9898166890418857,-0.21404552605890018,0.007795333077376787,0.2961170870902191,0.014790909299858407,0.29658871772624845
715,1.5409610026251834,1.281562981643486,-0.230014194466576,1.5245421847228224,0.9867719642746133,-0.24541479105467268,0.016418817902360994,0.2947910173688726,0.015400596588096671,0.29564928526542245
716,1.5626636310419013,1.2764811303071606,-0.2619540246390079,1.5374109003835117,0.9833325438784152,-0.2769583822343691,0.02525273065838962,0.2931485864287454,0.015004357595361173,0.29461657264608565
717,1.5841929045290022,1.2707088104688058,-0.2938938548114398,1.550125876235334,0.9794998035755915,-0.30861472634854564,0.034067028293668145,0.2912090068932143,0.014720871537105829,0.29356422154497247
718,1.605526861805985,1.2642519102757936,-0.3258336849838717,1.5626858407913,0.9752752764111607,-0.3403213041667633,0.04284102101468501,0.2889766338646329,0.014487619182891598,0.2924939984186056
719,1.6266437408277796,1.2571170161926601,-0.3577735151563036,1.5750895380654217,0.9706606521396621,-0.37201539497002895,0.05155420276235789,0.286456364052998,0.014241879813725322,0.29140678693118083
720,1.64752200098347,1.249311406282476,-0.3897133453287355,1.5873357276983062,0.9656577765492774,-0.4036348275127553,0.06018627328516368,0.2836536297331985,0.013921482184019784,0.2903025608205599
721,1.6682019487627835,1.240817740922003,-0.4212254749761299,1.5994231850811964,0.9602686507235386,-0.43511871520880985,0.06877876368158709,0.2805490901984643,0.01389324023267996,0.28919082362501863
722,1.6886040204607184,1.231676731030139,-0.45273760462352425,1.6113507014784265,0.9544954302409214,-0.46640815416292103,0.07725331898229193,0.27718130078921766,0.013670549539396781,0.28807018715183214
723,1.7087079582044715,1.2218974530094395,-0.4842497342709186,1.6231170841482976,0.9483404243126435,-0.49744686468148896,0.08559087405617394,0.273557028696796,0.013197130410570357,0.28693798968103384
724,1.7284938001480254,1.2114896170194012,-0.515761863918313,1.6347211564623458,0.9418060948590116,-0.528181759882355,0.09377264368567961,0.2696835221603896,0.012419895964042027,0.28579147055920406
725,1.7479419002929082,1.2004635573349334,-0.5472739935657074,1.646161758023011,0.934895055524683,-0.5585634287330091,0.10178014226989718,0.2655685018102504,0.011289435167301742,0.28462831528261234
726,1.766935411774708,1.1888896568302074,-0.5769121633739281,1.6574377447796707,0.927610070633246,-0.5885465249860494,0.10949766699503738,0.26127958619696146,0.01163436161212128,0.2835350412395849
727,1.7855776027064125,1.17675798882583,-0.6065503331821489,1.668547989143047,0.9199540540815242,-0.6180900577424485,0.1170296135633655,0.25680393474430574,0.011539724560299613,0.2824488565986343
728,1.8038520985926727,1.1640792092550032,-0.6361885029903697,1.6794913800979598,0.9119300681740611,-0.6471575834684962,0.12436071849471286,0.2521491410809421,0.010969080478126503,0.2813629300012951
729,1.821742847905587,1.1508644546100992,-0.6658266727985904,1.6902668233144347,0.9035413223982338,-0.6757173029780909,0.13147602459115237,0.24732313221186542,0.009890630179500426,0.28027219151162464
730,1.8392341361836695,1.137125332160846,-0.6954648426068112,1.7008732412571288,0.8947911721405041,-0.7037420699869326,0.1383608949265407,0.24233416002034203,0.008277227380121377,0.27917395088141767
731,1.8561316135087043,1.1230232855190445,-0.7223118865188978,1.7113095732930879,0.8856831173443074,-0.7312093202389199,0.1448220402156164,0.23734016817473713,0.008897433720022163,0.2781778982741589
732,1.8726444488676908,1.1084727278718403,-0.7491589304309844,1.7215747757978035,0.8762208011101247,-0.7581009318558724,0.15106967306988728,0.23225192676171558,0.008942001424887991,0.2772056330514491
733,1.8887607411220666,1.0934841461040692,-0.776005974343071,1.7316678222595798,0.8664080082382859,-0.7844030284895931,0.15709291886248677,0.2270761378657833,0.008397054146522143,0.2762467521313431
734,1.904468874930004,1.07806834279352,-0.8028530182551575,1.7415877033821823,0.8562486637151049,-0.8101057371275008,0.16288117154782178,0.22181967907841516,0.0072527188723432445,0.27529411181912933
735,1.9197575291178257,1.062236428425295,-0.8297000621672441,1.7513334271857652,0.8457468311429333,-0.8352029121201988,0.16842410193206048,0.21648959728236172,0.0055028499529546915,0.27434413644309036
736,1.934452568659039,1.0461780626015345,-0.85343724485964,1.7609040191060688,0.8349067111147797,-0.8596918362790572,0.17354854955297028,0.2112713514867548,0.006254591419417199,0.27348455701337787
737,1.9487623238383427,1.0297754345573482,-0.8771744275520359,1.7702985220918765,0.823732639534121,-0.8835729088565338,0.17846380174646614,0.2060427950232272,0.006398481304497938,0.27266078280124845
738,1.962678732147782,1.013037785982578,-0.9009116102444318,1.7795159967007192,0.8122290858806044,-0.9068493289873355,0.18316273544706285,0.20080870010197371,0.005937718742903719,0.2718602181213077
739,1.9761939527018013,0.9959745473268083,-0.9246487929368277,1.7885555211928177,0.8004006514223111,-0.9295267818372679,0.18763843150898363,0.19557389590449725,0.004877988900440222,0.27107402035998857
740,1.9893003706550125,0.9785953324859912,-0.9483859756292236,1.7974161916232538,0.7882520673753163,-0.9516131333632378,0.1918841790317587,0.1903432651106749,0.0032271577340142743,0.2702970796784991
741,2.001897603289631,0.9610395378315532,-0.9691326534759309,1.8060971219323696,0.7757881930112588,-0.9731181382979247,0.19580048135726158,0.18525134482029437,0.00398548482199379,0.26957702674139217
742,2.0141279266537464,0.943226189285907,-0.9898793313226383,1.814597444034368,0.7630140137137015,-0.9940531647825135,0.19953048261937845,0.18021217557220548,0.004173833459875209,0.2688982383812513
743,2.025986076703625,0.925162953878205,-1.0106260091693458,1.8229163079041226,0.7499346389840432,-1.0144309380104182,0.20306976879950223,0.1752283148941618,0.003804928841072419,0.2682475923925813
744,2.0374669495823534,0.9068576061912048,-1.0313726870160531,1.8310528816621792,0.7365553003977854,-1.0342653043291206,0.20641406792017425,0.17030230579341943,0.002892617313067447,0.2676154144081194
745,2.0485656038165856,0.8883180250150171,-1.0521193648627605,1.8390063516579414,0.722881349511976,-1.0535710164801917,0.20955925215864424,0.1654366755030411,0.0014516516174312155,0.26699528284074076
746,2.0592584699434617,0.8695851126775345,-1.0702241363681024,1.8467759225510378,0.7089182557246515,-1.0723635400346438,0.2124825473924239,0.16066685695288296,0.0021394036665414173,0.26639678848953907
747,2.0696104470800627,0.8506616890968397,-1.0883289078734444,1.854360817390854,0.6946716040871542,-1.090658880591542,0.2152496296892088,0.15599008500968548,0.0023299727180976504,0.26583968566701527
748,2.0796181421195263,0.8315539568753489,-1.1064336793787863,1.8617602776942273,0.6801470930701856,-1.1084734309385513,0.21785786442529909,0.15140686380516333,0.0020397515597649907,0.2653116056370185
749,2.0892782748016416,0.8122681790270216,-1.1245384508841283,1.868973563521292,0.665350532284497,-1.125823837107909,0.22030471128034956,0.1469176467425246,0.0012853862237807157,0.2648029700634487
750,2.0985876787880313,0.7928106769245087,-1.1426432223894702,1.8759999535494778,0.6502878401571169,-1.1427268820842833,0.22258772523855352,0.14252283676739175,8.365969481305413e-05,0.26430675630040734
751,2.1075757285696723,0.7731167792482481,-1.1585317838812244,1.8828387451456365,0.6349650415640629,-1.1591993858163752,0.2247369834240358,0.1381517376841852,0.0006676019351508078,0.2638049659048121
752,2.1162497493358314,0.7532825661731469,-1.1744203453729785,1.8894892544363082,0.6193882654204694,-1.1752581201377648,0.2267604948995232,0.1338943007526775,0.0008377747647863032,0.26334142797456245
753,2.1246075514073777,0.7333130446692867,-1.1903089068647326,1.895950816376105,0.6035637422291092,-1.1909197372013636,0.2286567350312727,0.12974930244017746,0.0006108303366310075,0.262905224506046
754,2.1326470249317664,0.7132132558641542,-1.2061974683564867,1.902222784814218,0.5874978015882669,-1.2062007100649477,0.23042424011754847,0.12571545427588726,3.2417084609992486e-06,0.26248753472889147
755,2.140366140415654,0.6929882737700538,-1.2220860298482408,1.9083045325590295,0.5711968696599886,-1.2211172841230187,0.23206160785662444,0.12179140411006517,-0.0009687457252220977,0.26208142708781
756,2.147818544381729,0.6724902884526207,-1.2361791878687727,1.9141954514408346,0.5546674665997017,-1.2356854381550875,0.23362309294089445,0.11782282185291904,-0.0004937497136852098,0.26165284384740456
757,2.1549813364891306,0.6518893142966876,-1.2502723458893046,1.9198949523726523,0.5379162039482439,-1.2499208538459183,0.2350863841164783,0.1139731103484437,-0.00035149204338624784,0.26125772988777857
758,2.1618530941083876,0.6311894429403371,-1.2643655039098365,1.9254024654091402,0.5209497819873273,-1.2638388927244983,0.23645062869924738,0.11023966095300974,-0.0005266111853381439,0.26088687199367544
759,2.1684324524134992,0.610394785664002,-1.2784586619303684,1.9307174398035836,0.5037749870595203,-1.2774545795615464,0.23771501260991568,0.10661979860448167,-0.0010040823688219902,0.2605325639070786
760,2.174718104653008,0.5895094725739084,-1.2925518199509003,1.935839344062973,0.4863986888537981,-1.2907825913575508,0.23887876059003488,0.10311078372011029,-0.0017692285933494922,0.2601884435370297
761,2.180765599091516,0.5683388218817562,-1.3052317576503376,1.94076766600115,0.4688278376577654,-1.3038372511423686,0.2399979330903661,0.0995109842239908,-0.0013945065079690178,0.2598141422580302
762,2.186544172037491,0.547093193286185,-1.317911695349775,1.9455019127900275,0.45106946157762406,-1.3166325258920903,0.24104225924746348,0.09602373170856093,-0.0012791694576845813,0.2594678478518303
763,2.192052894419684,0.5257760026310159,-1.3305916330492122,1.9500416110088725,0.433130663727031,-1.3291820279480693,0.24201128341081146,0.09264533890398485,-0.0014096051011429633,0.2591420596995468
764,2.19729088055306,0.5043906772657223,-1.3432715707486496,1.954386306691646,0.415018619385944,-1.3414990193963932,0.24290457386141395,0.08937205787977831,-0.0017725513522564018,0.2588303279578302
765,2.2022572882811966,0.48294065549438575,-1.3559515084480869,1.9585355653724,0.39674057313061206,-1.3535964189332585,0.24372172290879668,0.08620008236377369,-0.0023550895148283235,0.2585271337089716
766,2.2069963414303166,0.4612230628726386,-1.3675540873722256,1.9624889721287242,0.37830383593583167,-1.3654868108028255,0.24450736930159245,0.08291922693680692,-0.0020672765694000894,0.2581931940834177
767,2.2114831011688447,0.43945194803937665,-1.3791566662963644,1.9662461316232376,0.3597157822506608,-1.3771824554492114,0.24523696954560714,0.07973616578871584,-0.0019742108471529907,0.25788161019170724
768,2.2157169634966887,0.4176302417856664,-1.390759245220503,1.9698066681431217,0.3409838470487362,-1.3886953015737538,0.245910295353567,0.07664639473693019,-0.0020639436467493333,0.25758649625014285
769,2.219697358458383,0.39576088171310664,-1.4023618241446418,1.9731702256376917,0.3221155228543811,-1.4000369993327406,0.24652713282069127,0.07364535885872553,-0.002324824811901216,0.25730268344622304
770,2.2234237502198155,0.3738468118383736,-1.4139644030687806,1.9763364677540007,0.30311835674570226,-1.4112189144499225,0.2470872824658148,0.07072845509267134,-0.0027454886188580385,0.25702563534381867
771,2.226923983005091,0.3517117260772966,-1.424783464153394,1.979305077870476,0.2839999473358494,-1.422252143052719,0.24761890513461493,0.06771177874144724,-0.002531321100674999,0.2567224469089348
772,2.2301845347645615,0.32954006728898844,-1.4356025252380076,1.9820757591285796,0.26476794173367757,-1.4331475270714018,0.24810877563598188,0.06477212555531087,-0.0024549981666057707,0.25643599554769414
773,2.2332050238475754,0.3073344306869736,-1.446421586322621,1.984648234462495,0.24543003248500284,-1.4439156700672382,0.2485567893850804,0.061904398201970745,-0.0025059162553828784,0.25616188569427417
774,2.2359850967030432,0.2850974154619116,-1.4572406474072346,1.9870222466268317,0.22599395449569257,-1.4545669533788361,0.24896285007621155,0.05910346096621902,-0.0026736940283984545,0.2558962064119221
775,2.2385244279208214,0.2628316244773594,-1.468059708491848,1.9891975582223522,0.20646748193779657,-1.4651115524962097,0.24932686969846918,0.056364142539562845,-0.0029481559956383574,0.2556354751235286
776,2.240835539448704,0.24041532615837438,-1.4783560746076976,1.9911739517197096,0.18685842513998854,-1.4755594535896255,0.2496615877289945,0.05355690101838584,-0.0027966210180720985,0.25535675264847474
777,2.242915726134932,0.21797642043259352,-1.488652440723547,1.9929512294812013,0.1671746274635352,-1.4859204701354887,0.24996449665373088,0.05080179296905832,-0.0027319705880584078,0.2550892695107305
778,2.24476476745014,0.19551728614307343,-1.4989488068393966,1.9945292137805317,0.14742396216506348,-1.4962042595945497,0.25023555366960815,0.048093323978009944,-0.002744547244846851,0.25483000739938055
779,2.2463824673696573,0.1730403042773861,-1.509245172955246,1.9959077468205864,0.12761432924735241,-1.5064203401089062,0.25047472054907094,0.04542597503003368,-0.002824832846339831,0.2545762842885687
780,2.247768654394291,0.15054785771520038,-1.5195415390710956,1.99708669074921,0.10775365229944407,-1.516578107193738,0.250681963645081,0.042794205415756306,-0.002963431877357481,0.25432572194453984
781,2.2489257075867863,0.12799309058253583,-1.5295534049026696,1.998065927672992,0.0878498753273104,-1.5266868504077726,0.2508597799137944,0.040143215255225434,-0.0028665544948969224,0.2540675580315144
782,2.249856891259843,0.10542786978888918,-1.5395652707342435,1.9988453596690559,0.06791095957636362,-1.536755769993164,0.25101153159078726,0.03751691021252557,-0.0028095007410795514,0.2538152888181908
783,2.2505621120747565,0.08285445719572547,-1.5495771365658175,1.999424908794852,0.04794488034705368,-1.5467939934810255,0.25113720327990463,0.03490957684867179,-0.0027831430847919947,0.2535671889508496
784,2.2510412993425764,0.06027511548562796,-1.5595890023973915,1.9998045170959504,0.02795962380486148,-1.5568105922633153,0.25123678224662593,0.03231549168076648,-0.0027784101340762035,0.25332179400730875
785,2.25129440503119,0.03769210793549458,-1.5696008682289655,1.9999841466118375,0.007963183785935567,-1.5668145981353296,0.2513102584193525,0.029728924149559015,-0.0027862700936358564,0.2530778896287202
786,2.2513213580611953,0.015145933660892844,-1.5795543183623135,1.9999637793797111,-0.012036441400328576,-1.5768150198156834,0.2513575786814841,0.02718237506122142,-0.002739298546630131,0.2528379275961479
787,2.2511239012401827,-0.007399392056212584,-1.5895077684956616,1.999743417436278,-0.03203125217051633,-1.5868208594525117,0.25138048380390465,0.02463186011430375,-0.002686909043149832,0.25259868497358007
788,2.2507020541302687,-0.029941635642475175,-1.5994612186290096,1.9993230828175483,-0.05201325086691355,-1.5968411291256488,0.25137897131272036,0.022071615224438377,-0.0026200895033607896,0.25235968038865236
789,2.250055858523995,-0.0524785638298962,-1.6094146687623576,1.998702817556634,-0.07197444495646654,-1.606884867354864,0.2513530409673612,0.019495881126570344,-0.0025298014074937036,0.252120686338116
790,2.249185378440188,-0.07500794387707535,-1.6193681188957056,1.997882683679544,-0.09190685022768164,-1.6169611556237677,0.2513026947606438,0.016898906350606285,-0.002406963271937901,0.2518817399137943
791,2.2480970398329956,-0.0973971238752625,-1.6294874837298383,1.9968627631989828,-0.111802493984214,-1.6270791349278113,0.25123427663401277,0.014405370108951501,-0.002408348802027005,0.2516584522477712
792,2.246782196535102,-0.11977414443245718,-1.639606848563971,1.9956431581061487,-0.13165341823383273,-1.6372480223527806,0.25113903842895335,0.011879273801375545,-0.0023588262111904346,0.25143090070665924
793,2.2452409831873426,-0.1421367141267436,-1.6497262133981037,1.994223990360534,-0.15145168287151517,-1.6474771276873965,0.25101699282680845,0.009314968744771557,-0.002249085710707144,0.2511998362202177
794,2.243473557610998,-0.16448254301598406,-1.6598455782322363,1.9926054018777313,-0.1711893688553761,-1.6577758700698915,0.2508681557332668,0.0067068258393920555,-0.002069708162344863,0.2509663259597347
795,2.2414801007916334,-0.18680934287231046,-1.669964943066369,1.9907875545152398,-0.1908585813741894,-1.668153794663767,0.2506925462763936,0.004049238501878938,-0.001811148402601992,0.2507317876726505
796,2.239282681702843,-0.20889506918961337,-1.680483091459199,1.9887706300562809,-0.21045145300520013,-1.6786205893521406,0.250512051646562,0.0015563838155867593,-0.0018625021070584058,0.25052380977633637
797,2.2368530875012627,-0.23095646147637158,-1.691001239852029,1.9865548301916196,-0.22996014686099078,-1.689186101433152,0.25029825730964306,-0.0009963146153808,-0.001815138418877149,0.2503068216859796
798,2.2341915869739335,-0.2529910790713655,-1.7015193882448592,1.984140376499396,-0.24937685972413318,-1.699860354290574,0.2500512104745376,-0.0036142193472323003,-0.0016590339542852384,0.25008283194760267
799,2.2312984745637916,-0.2749964842754709,-1.7120375366376892,1.981527510422967,-0.2686938251683646,-1.7106535640039524,0.24977096414082456,-0.006302659107106312,-0.0013839726337367964,0.24985430438539255
800,2.2281740703370945,-0.29697024262134303,-1.7225556850305193,1.9787164932467636,-0.2879033166650653,-1.7215761558510787,0.2494575770903309,-0.009066925956277727,-0.0009795291794405525,0.24962422036230453
801,2.2248644013005205,-0.31861122578967815,-1.7337243934701518,1.9757076060701602,-0.30699765067375967,-1.7326387806421168,0.24915679523036038,-0.011613575115918484,-0.0010856128280349875,0.2494296740398969
802,2.221313241879536,-0.340213895263393,-1.7448931019097844,1.9725011497793674,-0.325969189715432,-1.7438523308090974,0.2488120921001684,-0.014244705547961034,-0.0010407711006870102,0.24922169250668136
803,2.217521035041333,-0.3617755563524675,-1.756061810349417,1.9690974450173422,-0.344810345427416,-1.7552279561563868,0.24842359002399084,-0.016965210925051488,-0.0008338541930301702,0.24900360193168813
804,2.213488253821059,-0.38329351948221624,-1.7672305187890496,1.9654968321517237,-0.3635135815986424,-1.7667770791568955,0.24799142166933552,-0.01977993788357385,-0.00045343963215405125,0.24877941388257233
805,2.2092154012628087,-0.4047651005287827,-1.7783992272286822,1.961699671240799,-0.3820714171840091,-1.7785114096548387,0.24751573002200966,-0.022693683344773563,0.00011218242615651519,0.2485539226344617
806,2.2047787552221214,-0.4258280233327937,-1.7904994891623531,1.9577063419974947,-0.4004764292967199,-1.7904429588085071,0.2470724132246267,-0.025351594036073788,-5.653035384600713e-05,0.2483696517139151
807,2.2000875733125898,-0.4468357209084385,-1.802599751096024,1.9535172437514072,-0.41872125617732653,-1.80258405207521,0.24657032956118252,-0.028114464731111954,-1.5699020813997322e-05,0.24816798905879534
808,2.1951425423915127,-0.4677851174230797,-1.814700013029695,1.94913279540887,-0.43679860013833777,-1.814947341005158,0.24600974698264277,-0.030986517284741943,0.00024732797546289653,0.24795366711349315
809,2.189944386483379,-0.4886731455802038,-1.826800274963366,1.944553435411064,-0.45470123048319755,-1.8275458135709115,0.24539095107231512,-0.033971915097006256,0.0007455386075454484,0.24773244783707463
810,2.18449386667386,-0.5094967470685178,-1.838900536897037,1.9397796216901726,-0.4724219863984661,-1.8403928027138892,0.24471424498368743,-0.037074760670051665,0.001492265816852134,0.24751126526674688
811,2.1789002410482485,-0.529858068269339,-1.8522519346882196,1.9348118316235898,-0.4899537798180512,-1.8535019927388603,0.2440884094246587,-0.039904288451287795,0.0012500580506407122,0.2473318954308024
812,2.1730352699523277,-0.5501428941923416,-1.8656033324794021,1.9296505619861817,-0.5072895982583422,-1.8668874231310342,0.24338470796614597,-0.04285329593399945,0.0012840906516320416,0.24713188772996234
813,2.166899998859276,-0.5703476089217624,-1.8789547302705847,1.9242963289006125,-0.5244225076230977,-1.8805634893080148,0.24260366995866356,-0.04592510129866467,0.0016087590374300742,0.24691748361010257
814,2.160495521425186,-0.590468610822233,-1.8923061280617672,1.9187496677857283,-0.541345654977011,-1.894544939750472,0.24174585363945789,-0.04912295584522197,0.002238811688704656,0.24669644265902843
815,2.1538229792941124,-0.6105023131807976,-1.9056575258529498,1.9130111333030182,-0.5580522712867794,-1.9088468688807356,0.24081184599109418,-0.05245004189401825,0.0031893430277858403,0.246478242393262
816,2.147021733720166,-0.6300480600046733,-1.9206242261951003,1.9070812993011486,-0.5745356741286307,-1.9234847049782011,0.23994043441901747,-0.05551238587604257,0.002860478783100806,0.24629498450781745
817,2.1399287254643347,-0.6494898293208358,-1.9355909265372508,1.9009607587585777,-0.5907892703612041,-1.9384741923347701,0.23896796670575693,-0.058700558959631666,0.0028832657975192966,0.2460889228618714
818,2.1325455433458402,-0.6688232662130521,-1.9505576268794014,1.89465012372426,-0.6068065587627183,-1.9538313667637117,0.23789541962158034,-0.06201670745033383,0.003273739884310345,0.2458678914635626
819,2.124873841182251,-0.6880440400313288,-1.965524327221552,1.8881500252564394,-0.6225811326313736,-1.9695725234828305,0.2367238159258116,-0.0654629073999552,0.004048196261278614,0.24564190433373226
820,2.116915337419031,-0.7071478453619686,-1.9804910275637024,1.8814611133595462,-0.6381066823479474,-1.9857141762998443,0.2354542240594848,-0.06904116301402119,0.005223148736141825,0.2454234200326093
821,2.1088284851991927,-0.7257696341737782,-1.9974790038055061,1.8745840569191952,-0.6533769978995605,-2.0022730069375108,0.23424442827999759,-0.07239263627421766,0.004794003132004621,0.24522260995467726
822,2.1004264685587137,-0.7442513633610119,-2.01446698004731,1.8675195436353014,-0.6683859713635882,-2.019265803252276,0.23290692492341236,-0.0758653919974237,0.004798823204966052,0.24499841241190795
823,2.091711712188495,-0.7625876993850073,-2.0314549562891138,1.8602682799533052,-0.6831275993507646,-2.036709385028378,0.2314434322351897,-0.07946010003424264,0.005254428739264405,0.24476024767848376
824,2.082686731031244,-0.7807733506652996,-2.0484429325309175,1.8528309909935323,-0.6975959854064473,-2.0546205159757753,0.22985574003771148,-0.08317736525885233,0.006177583444857859,0.24452054690129155
825,2.0733541295557005,-0.7988030691066903,-2.065430908772721,1.8452084204786805,-0.711785342369123,-2.073015800533438,0.22814570907702003,-0.08701772673756725,0.007584891760716861,0.24429506732607595
826,2.063869815694333,-0.8163875819684477,-2.0848660786815576,1.8374013306594494,-0.7256899946851959,-2.091911564088844,0.22646848503488348,-0.09069758728325183,0.007045485407286556,0.24405668586953855
827,2.054045556531241,-0.8337844562251253,-2.104301248590394,1.8294105022383151,-0.7393043806791324,-2.1113237152817104,0.22463505429292585,-0.09448007554599291,0.0070224666913163425,0.24379644650977364
828,2.043885062826059,-0.8509871208348072,-2.1237364184992304,1.8212367342914608,-0.7526230547780576,-2.1312675891780724,0.22264832853459815,-0.09836406605674963,0.007531170678841903,0.24352512441688806
829,2.0333921723388944,-0.8679890781112686,-2.143171588408067,1.812880844188868,-0.765640689689914,-2.1517577702945823,0.2205113281500264,-0.10234838842135463,0.008586181886515387,0.24325739654597436
830,2.022570848380753,-0.8847839061782423,-2.1626067583169033,1.8043436675125866,-0.7783520785342984,-2.172807894737887,0.21822718086816661,-0.10643182764394388,0.010201136420983747,0.24301213877001537
831,2.011541408406802,-0.9011923464960468,-2.184877418885953,1.7956260579731689,-0.7907521369251587,-2.1944304311165266,0.21591535043363308,-0.11044020957088818,0.009553012230573366,0.24270916440385548
832,2.0001493069254317,-0.9173511052243684,-2.207148079455003,1.786728887324304,-0.8028359050044701,-2.216636440398034,0.2134204196011278,-0.11451520021989825,0.009488360943030738,0.24238819191022914
833,1.9884001939840565,-0.9332521682357762,-2.229418740024053,1.777653045275642,-0.8145985494261158,-2.2394353155356597,0.2107471487084145,-0.11865361880966041,0.010016575511606618,0.24206068191743674
834,1.9762998966941459,-0.9488876492100771,-2.251689400593103,1.7683994394038254,-0.8260353652891601,-2.262834502486271,0.20790045729032047,-0.12285228392091696,0.011145101893168086,0.2417426257454797
835,1.963854416341198,-0.9642497935456291,-2.273960061162153,1.7589689950617298,-0.8371417780197469,-2.2868392051869093,0.20488542127946818,-0.12710801552588225,0.012879144024756428,0.2414546661686278
836,1.9511085121987795,-0.9792854634068431,-2.2993040988562288,1.7493626552859305,-0.8479133452008673,-2.311452078146046,0.20174585691284896,-0.13137211820597583,0.012147979289817368,0.24105517547700658
837,1.9379856775226227,-0.9939933065745342,-2.3246481365503047,1.739581380702398,-0.8583457583492696,-2.3366729115189178,0.19840429682022465,-0.1356475482252646,0.012024774968613094,0.24064313318542682
838,1.9244943409239634,-1.0083638764089151,-2.3499921742443806,1.7296261494304437,-0.868434844638788,-2.3624983148415106,0.19486819149351975,-0.13992903177012717,0.012506140597130067,0.2402293686057463
839,1.9106431676976137,-1.0223879428960934,-2.3753362119384565,1.7194979569848965,-0.8781765685694278,-2.3889214069446996,0.19114521071271717,-0.14421137432666553,0.013585195006243111,0.23982904241761951
840,1.8964410542563659,-1.036056498576379,-2.4006802496325323,1.709197816176561,-0.8875670335815046,-2.4159315208889622,0.1872432380798048,-0.14848946499487437,0.015251271256429888,0.2394613803852548
841,1.8818247532078252,-1.049426965079295,-2.429011932260493,1.6987267570109346,-0.8966024836142181,-2.443513933963093,0.1830979961968906,-0.15282448146507677,0.014502001702600076,0.23893619734098132
842,1.866835560765755,-1.0623780168042227,-2.4573436148884533,1.6880858265852081,-0.9052793046080264,-2.471649633771164,0.17874973418054685,-0.1570987121961963,0.01430601888271088,0.23840330329001724
843,1.8514855077139312,-1.0748992588413917,-2.485675297516414,1.6772760889835565,-0.9135940259502211,-2.5003151320731636,0.17420941873037465,-0.1613052328911706,0.014639834556749776,0.23787102490277962
844,1.8357869144738794,-1.086980641259417,-2.5140069801443743,1.666298625170732,-0.921543321863127,-2.52948233822374,0.16948828930314752,-0.16543731939628992,0.01547535807936562,0.2373505288968661
845,1.8197523812161283,-1.0986124671716821,-2.542338662772335,1.655154532883968,-0.9291240127343685,-2.559118503655017,0.16459784833216018,-0.16948845443731364,0.01677984088268225,0.2368551264447833
846,1.8032099200652552,-1.1099116661156594,-2.5730616219221285,1.6438449265232045,-0.9363330663886721,-2.5891862477784504,0.1593649935420507,-0.1735785997269873,0.016124625856321906,0.23619215695879045
847,1.7863281752981708,-1.1206973794125508,-2.6037845810719222,1.6323709370396566,-0.9431675993006936,-2.619643673878287,0.15395723825851415,-0.17752978011185716,0.01585909280636466,0.23552317266756181
848,1.7691230803441,-1.130959427225981,-2.634507540221716,1.6207337118227096,-0.949624877748395,-2.6504445810272683,0.1483893685213904,-0.1813345494775861,0.01593704080555236,0.23485232124476432
849,1.7516108738185736,-1.140688123968661,-2.6652304993715097,1.6089344145851874,-0.9557023189064935,-2.6815387748284367,0.14267645923338623,-0.18498580506216755,0.016308275456927035,0.23418428628380125
850,1.7338080841970007,-1.1498742874438959,-2.6959534585213034,1.5969742252469805,-0.9613974918795568,-2.712872476001037,0.1368338589500202,-0.18847679556433905,0.01691901747973379,0.23352357605568483
851,1.7154820775802404,-1.1586284003921947,-2.72788850511665,1.5848543398170567,-0.9667081186743309,-2.7443888216776147,0.1306277377631837,-0.1919202817178638,0.016500316560964734,0.23274290720536114
852,1.6968858995438534,-1.1667929073869934,-2.7598235517119964,1.5725759702738584,-0.9716320751109048,-2.7760284500182753,0.12430992926999496,-0.1951608322760886,0.016204898306278803,0.23195540023660494
853,1.6780385137362093,-1.1743594825863117,-2.791758598307343,1.5601403444441087,-0.976167391672356,-2.807730154671101,0.11789816929210062,-0.19819209091395573,0.015971556363758133,0.23116049367475233
854,1.658959139977448,-1.1813204098954144,-2.8236936449026895,1.5475487058800246,-0.9803122542925307,-2.8394315920225517,0.11141043409742335,-0.20100815560288376,0.015737947119862206,0.23035678072111754
855,1.639667234659865,-1.18766859083538,-2.855628691498036,1.5348023137349744,-0.9840650050816433,-2.8710700213760587,0.10486492092489064,-0.2036035857537366,0.015441329878022714,0.22954194919614293
856,1.6199453230303966,-1.1934672786177047,-2.8872041613189277,1.5219024426375487,-0.9874241429894152,-2.9025830564067965,0.09804288039284792,-0.20604313562828958,0.015378895087868827,0.22869781492044844
857,1.6000501761908015,-1.198640450811668,-2.9187796311398193,1.5088503825641069,-0.9903883244054711,-2.9339094056196564,0.09119979362669461,-0.20825212640619684,0.0151297744798371,0.22784920580521015
858,1.580001628159312,-1.203182950139847,-2.950355100960711,1.4956474387097796,-0.9929563636967662,-2.9649895801409523,0.08435418944953255,-0.2102265864430808,0.0146344791802413,0.22699122209035896
859,1.5598196658840215,-1.2070902480599186,-2.9819305707816026,1.4822949313579503,-0.9951272336818244,-2.9957665489487293,0.07752473452607123,-0.21196301437809417,0.013835978167126672,0.22611907973328385
860,1.5395244093173464,-1.2103584492792863,-3.0135060406024943,1.4687941957482267,-0.9969000660415961,-3.0261863244390357,0.07073021356911968,-0.21345838323769017,0.012680283836541406,0.22522884825030107
861,1.5189560436968081,-1.2130074842847793,-3.043192521186161,1.4551465819429195,-0.9982741516667748,-3.0561984648014353,0.06380946175388869,-0.21473333261800454,0.013005943615274518,0.22439074427408823
862,1.4983181117526705,-1.2150448393911881,-3.0728790017698273,1.4413534546920337,-0.9992489409414315,-3.085756483749059,0.0569646570606368,-0.21579589844975666,0.012877481979231664,0.22355910065103385
863,1.47762880009304,-1.2164687192355377,-3.102565482353494,1.4274161932968048,-0.999824043962853,-3.1148181624090387,0.05021260679623518,-0.21664467527268472,0.012252680055544918,0.22272482882207786
864,1.4569063406029799,-1.217277869063001,-3.1322519629371604,1.413336191471756,-0.999999230697499,3.139839544846084,0.04357014913122392,-0.2172786383655021,0.011093799396341808,0.221881583215755
865,1.4361689943781644,-1.2174715758326182,3.1212468636587594,1.399114857205336,-0.999774431073011,3.111879164795771,0.03705413717282835,-0.21769714475960722,0.009367698862988494,0.2210267171635497
866,1.4152829787583026,-1.2170465747014636,3.094518637643435,1.3847536126191209,-0.9991497350062423,3.084514521703087,0.03052936613918167,-0.21789683969522133,0.01000411594034789,0.22025248530214844
867,1.3944157813326894,-1.2160635456911708,3.0677904116281103,1.3702538938256013,-0.9981253923672896,3.057769563448156,0.024161887507088142,-0.21793815332388122,0.01002084817995419,0.21950228445365763
868,1.3735823086993382,-1.214523191033956,3.0410621856127857,1.3556171507845733,-0.9967018128795511,3.0316637948036833,0.01796515791476483,-0.21782137815440494,0.00939839080910243,0.2187629525988972
869,1.3527974433647703,-1.212426611090697,3.014333959597461,1.3408448471581444,-0.9948795659558413,3.006212463340424,0.01195259620662581,-0.21754704513485568,0.008121496257037286,0.2180264665228482
870,1.332076033112614,-1.209775303564884,2.9876057335821367,1.325938460164364,-0.9926593804706327,2.9814267933001624,0.006137572948250014,-0.2171159230942512,0.006178940281974299,0.21729052709626367
871,1.3112326794870999,-1.2065400881109423,2.964300073855772,1.3108994804295147,-0.9900421444685181,2.957314255765872,0.0003331990575852206,-0.21649794364242414,0.006985818089900064,0.21661087756018949
872,1.2904703781836522,-1.2028200270930938,2.940994414129407,1.295729411839035,-0.987028904809002,2.9338788640941087,-0.005259033655382828,-0.2157911222840918,0.007115550035298401,0.21597244487184272
873,1.2698004058141825,-1.1986171409850694,2.9176887544030423,1.2804297713871424,-0.9836208667477723,2.9111214845518916,-0.010629365572959903,-0.21499627423729717,0.006567269851150748,0.21535902670122872
874,1.2492339888440631,-1.1939337124970015,2.8943830946766775,1.2650020890251326,-0.9798193934546138,2.8890401533006966,-0.015768100181069444,-0.21411431904238776,0.005342941375980903,0.21476061469657984
875,1.228782297494706,-1.188772285335616,2.8710774349503128,1.2494479075083849,-0.9756260054681576,2.867630392188506,-0.020665610013678837,-0.21314627986745838,0.003447042761806962,0.21417349547125594
876,1.2081443443410422,-1.1830491147610427,2.8511754629298274,1.2337687822420895,-0.9710423800876875,2.8468855171578986,-0.025624437901047292,-0.21200673467335518,0.00428994577192876,0.21359276907079308
877,1.1876243731418807,-1.1769163687379245,2.831273490909342,1.217966281125707,-0.9660703507022413,2.826796934384504,-0.0303419079838263,-0.21084601803568315,0.004476556524838138,0.21306504701598214
878,1.1672305113533639,-1.1703764762961975,2.8113715188888566,1.2020419843961807,-0.9607119060572806,2.807354420475193,-0.03481147304281684,-0.20966457023891683,0.0040170984136636,0.2125728292810384
879,1.1469708364827962,-1.1634320277264854,2.7914695468683712,1.1859974844699102,-0.9549691894592174,2.7885463841460103,-0.03902664798711397,-0.20846283826726797,0.002923162722360928,0.2121046417970541
880,1.126853372889343,-1.1560857735541488,2.771567574847886,1.1698343857835234,-0.9488444979181241,2.7703601077480107,-0.042981012894180326,-0.20724127563602468,0.0012074670998751813,0.21165484112926342
881,1.1064422740533097,-1.148168471329505,2.7547789344731126,1.153554304633417,-0.9423402812289547,2.7527819678085708,-0.047112030580107156,-0.2058281901005503,0.001996966664541855,0.21116054352389918
882,1.0861669661657456,-1.1399096263572859,2.7379902940983394,1.1371588690141392,-0.9354591409916634,2.735797634409647,-0.05099190284839361,-0.2044504853656225,0.002192659688692533,0.21072489857358823
883,1.0660331638591882,-1.131311566408022,2.721201653723566,1.1206497184555895,-0.9282038295705979,2.7193922497417313,-0.054616554596401246,-0.2031077368374241,0.0018094039818348229,0.21033067950722617
884,1.0460465418825688,-1.1223767148606045,2.704413013348793,1.1040285038590658,-0.9205772489935901,2.703550586566602,-0.057981961976496965,-0.20179946586701447,0.0008624267821910614,0.20996589275120595
885,1.0262127335017743,-1.113107590019251,2.6876243729740197,1.0872968873321767,-0.9125824497911844,2.688257187608608,-0.06108415383040233,-0.20052514022806667,-0.0006328146345881969,0.20962348667795744
886,1.0059803656391528,-1.103235029307407,2.6735576960378777,1.0704565420226324,-0.9042226297764663,2.6734964870893,-0.06447617638347958,-0.19901239953094063,6.120894857764014e-05,0.20919635808166379
887,0.9858888689892442,-1.0930788525314643,2.659491019101736,1.0535091519509268,-0.8955011327659768,2.6592529157394935,-0.06762028296168254,-0.19757771976548755,0.00023810336224228124,0.20882891253070934
888,0.9659422190190659,-1.082641069275204,2.645424342165594,1.0364564118419504,-0.8864214472422383,2.6455109906809953,-0.07051419282288451,-0.19621962203296572,-8.664851540141072e-05,0.2085051533372451
889,0.9461443625350924,-1.0719237448433563,2.631357665229452,1.0193000269555008,-0.8769872049583982,2.632255391580335,-0.07315566442040844,-0.19493653988495807,-0.0008977263508831435,0.20821338028981792
890,0.9264992169023087,-1.0609289998529434,2.61729098829331,1.0020417129157693,-0.8672021794855813,2.619471024450662,-0.07554249601346053,-0.1937268203673621,-0.00218003615735185,0.20794591169638138
891,0.9063783550492346,-1.0492933501917512,2.6055522667265807,0.9846831955397783,-0.8570702847035119,2.607143074424953,-0.07830484049054376,-0.1922230654882393,-0.0015908076983723873,0.2075665811711477
892,0.8863954639980516,-1.0374223144330212,2.5938135451598514,0.9672262106648,-0.8465955732350124,2.5952570487522775,-0.08083074666674839,-0.1908267411980088,-0.0014435035924260653,0.20724511686787034
893,0.8665532973112486,-1.0253175283580167,2.582074823593122,0.9496725039747743,-0.8357822348250097,2.5837988111854746,-0.08311920666352568,-0.18953529353300702,-0.0017239875923524828,0.20696715233156107
894,0.8468545891600598,-1.0129806599578601,2.570336102026393,0.9320238308257422,-0.8246345946646914,2.572754608838554,-0.0851692416656824,-0.18834606529316877,-0.0024185068121611586,0.20672176763109992
895,0.8273020539477066,-1.0004134092036903,2.5585973804596636,0.9142819560703085,-0.8131571116614865,2.562111092499413,-0.08697990212260187,-0.18725629754220374,-0.0035137120397492616,0.20650126032247362
896,0.8072322406260667,-0.9871782130520301,2.5488341919006605,0.8964486538811698,-0.8013543766555692,2.5518553312912466,-0.0892164132551031,-0.18582383639646094,-0.003021139390586125,0.20615332607169198
897,0.7872925994854532,-0.973747705424917,2.5390710033416575,0.8785257075736812,-0.7892311105835723,2.5419748224863588,-0.09123310808822804,-0.18451659484134464,-0.0029038191447012807,0.2058598696903026
898,0.7674850311543879,-0.9601231665061654,2.5293078147826544,0.8605149094275374,-0.7767921625902832,2.532457497190761,-0.09302987827314946,-0.1833310039158822,-0.0031496824081065355,0.20560820933901
899,0.7478114236723324,-0.946305894974477,2.5195446262236514,0.8424180605075443,-0.7640425080890486,2.523291722537723,-0.09460663683521187,-0.18226338688542842,-0.003747096314071552,0.20538840927132174
900,0.7282736523097214,-0.9322972078796515,2.5097814376646483,0.8242369704835132,-0.750987246771676,2.5144663009541306,-0.09596331817379178,-0.18130996110797548,-0.004684863289482255,0.20519310021523898
901,0.708210846294242,-0.9176133911526673,2.501696743112243,0.8059734574492955,-0.7376316005686248,2.505970466995288,-0.09776261115505347,-0.1799817905840425,-0.004273723883044589,0.2048639494823841
902,0.6882674088304908,-0.9027678544154569,2.493612048559838,0.7876293477409753,-0.7239809115603028,2.4977938821817167,-0.0993619389104845,-0.17878694285515417,-0.004181833621878628,0.20458507661113529
903,0.6684446434600309,-0.8877615680009533,2.485527354007433,0.7692064757542365,-0.710040639840307,2.489926628215464,-0.10076183229420566,-0.17772092816064633,-0.004399274208031212,0.20434536639504378
904,0.6487438458370647,-0.8725955127489984,2.477442659455028,0.7507066837609222,-0.6958163613314545,2.482359198903139,-0.10196283792385752,-0.17677915141754386,-0.004916539448111212,0.20413588869559063
905,0.6291663036437471,-0.8572706799422337,2.4693579649026227,0.732131821724822,-0.6813137655554999,2.475082491068045,-0.1029655180810749,-0.17595691438673378,-0.0057245261654221835,0.20394975811219568
906,0.6090843255618358,-0.8412874745497986,2.46270962916501,0.7134837471166572,-0.6665386533573856,2.4680877946939646,-0.1043994215548214,-0.17474882119241297,-0.005378165528954426,0.2036303376061044
907,0.5891090522265139,-0.8251711116388216,2.4560612934273975,0.6947643247283485,-0.6514969345849919,2.4613667825080277,-0.1056552725018346,-0.1736741770538297,-0.00530548908063011,0.20335659467336337
908,0.5692413665489633,-0.8089223035558518,2.449412957689785,0.6759754264865352,-0.6361946257252741,2.454911499179146,-0.1067340599375719,-0.17272767783057774,-0.005498541489361131,0.2031187933156636
909,0.5494821466849693,-0.7925417685015418,2.4427646219521724,0.6571189312653843,-0.6206378474977482,2.448714350281457,-0.10763678458041503,-0.1719039210037936,-0.005949728329284643,0.20290893208156577
910,0.5298322659961059,-0.7760302304989035,2.43611628621456,0.6381967246987043,-0.6048328224062841,2.4427680911485643,-0.10836445870259837,-0.1711974080926194,-0.006651804934004524,0.2027206327841793
911,0.5097209268778801,-0.7589015350705263,2.430711100237522,0.619210698991383,-0.5887858722501876,2.4370658157238534,-0.10948977211350297,-0.17011566282033863,-0.006354715486331486,0.20240486986034248
912,0.4897024648792505,-0.7416643848589682,2.425305914260484,0.6001627527301665,-0.5725034155955617,2.431600945494345,-0.110460287850916,-0.1691609692634065,-0.006295031233860993,0.2021299981014141
913,0.46977746485888855,-0.7243192834641949,2.419900728283446,0.5810547906938144,-0.5559919652079778,2.426367218580206,-0.11127732583492583,-0.16832731825621716,-0.006466490296759719,0.2018874558090724
914,0.44994650894488375,-0.7068667376400697,2.4144955423064083,0.5618887236626036,-0.5392581254474379,2.4213586790388097,-0.11194221471771981,-0.1676086121926318,-0.006863136732401465,0.2016700497417893
915,0.43021017651773646,-0.6893072572795486,2.4090903563293704,0.5426664682272655,-0.5223085896267315,2.4165696664309295,-0.11245629170952903,-0.166998667652817,-0.007479310101559111,0.20147186558542116
916,0.4100725032946166,-0.6711947496413726,2.4047767635563715,0.5233899465973252,-0.5051501373341961,2.4119948056869718,-0.1133174433027086,-0.1660446123071765,-0.007218042130600288,0.20115604978499213
917,0.3900131471626348,-0.652995545061104,2.4004631707833726,0.504061086408882,-0.48778963172197237,2.4076289973029317,-0.11404793924624723,-0.16520591333913165,-0.007165826519559104,0.2008762686786092
918,0.37003248136730904,-0.6347099821723209,2.3961495780103736,0.48468182053184755,-0.470234016760835,2.4034674078887996,-0.11464933916453851,-0.1644759654114859,-0.0073178298784259965,0.2006249356461835
919,0.35013087768996193,-0.6163384012154749,2.3918359852373747,0.46525408687666003,-0.4524903144626965,2.3995054610862865,-0.1151232091866981,-0.1638480867527784,-0.007669475848911755,0.20039553309838842
920,0.33030870644080296,-0.5978811440315606,2.387522392464376,0.44577982820049183,-0.43456562207189353,2.395738828867818,-0.11547112175968888,-0.16331552195966703,-0.008216436403442273,0.20018254044888928
921,0.3101582779996738,-0.5789552940635316,2.3841837132421486,0.426260991912989,-0.416467109226396,2.3921634232246705,-0.11610271391331517,-0.16248818483713562,-0.007979709982521843,0.1998647696846781
922,0.2900711490892882,-0.559962273884767,2.3808450340199214,0.40669952988151115,-0.3982020150900286,2.388775388248735,-0.11662838079222293,-0.16176025879473843,-0.007930354228813385,0.19957818280000186
923,0.27004754361622385,-0.5409022952060677,2.3775063547976942,0.38709739823596034,-0.3797776454569147,2.385571092609647,-0.1170498546197365,-0.16112464974915297,-0.008064737811952938,0.199315983351221
924,0.25008768477897736,-0.5217755704846053,2.374167675575467,0.367456557173166,-0.3612013698292525,2.382547122426782,-0.11736887239418864,-0.16057420065535283,-0.008379446851314754,0.19907220110483245
925,0.2301917950654764,-0.5025823129215543,2.37082899635324,0.3477789707608671,-0.3424806184696126,2.379700274533819,-0.1175871756953907,-0.16010169445194172,-0.00887127818057909,0.19884163555693965
926,0.21005052823243747,-0.48302209913299976,2.368377791223086,0.328066606741307,-0.3236228794289322,2.377027550132213,-0.11801607850886953,-0.15939921970406756,-0.008649758909127225,0.198521344842471
927,0.18995726795620058,-0.46341257378012507,2.365926586092932,0.30832143633446063,-0.3046356955513944,2.3745261488288225,-0.11836416837826005,-0.15877687822873066,-0.008599562735890576,0.1982274599927739
928,0.16991213496518273,-0.4437538546848726,2.363475380962778,0.28854543404091454,-0.2855266614573912,2.3721934630521706,-0.11863329907573181,-0.1582271932274814,-0.00871808208939262,0.1979538059284442
929,0.1499152496986328,-0.42404605996476064,2.361024175832624,0.2687405774444146,-0.26630342050577305,2.370027072841291,-0.1188253277457818,-0.1577426394589876,-0.009002897008667077,0.19769484305851096
930,0.12996673230590783,-0.4042893080321735,2.35857297070247,0.2489088470141234,-0.2469736617366209,2.3680247410007484,-0.11894211470821558,-0.1573156462955526,-0.009451770298278372,0.1974456258882965
931,0.10986317054854469,-0.3842811513951468,2.356946676855386,0.22905222590655416,-0.22754511679571235,2.366184408615277,-0.11918905535800947,-0.15673603459943444,-0.009237731759890622,0.19712318774603219
932,0.08979217450413104,-0.3642403269328388,2.3553203830083023,0.20917269976727051,-0.20802555684197999,2.36450419091746,-0.11938052526313947,-0.15621477009085882,-0.009183807909157515,0.19682252547499554
933,0.06975379725706132,-0.34416688764984527,2.3536940891612184,0.1892722565323201,-0.1884227894391479,2.3629823735019793,-0.11951845927525878,-0.15574409821069737,-0.0092882843407609,0.19653793135420417
934,0.04974809180545872,-0.32406088663702254,2.3520677953141345,0.16935288622944283,-0.16874465543281053,2.361617408880159,-0.11960479442398411,-0.155316231204212,-0.009549613566024462,0.19626419348404878
935,0.02977511106103509,-0.3039223770713473,2.3504415014670506,0.14941658077906955,-0.1489990258141988,2.3604079133688436,-0.11964146971803447,-0.15492335125714848,-0.009966411901793037,0.19599656988639716
936,0.009743165185933097,-0.2836586078440346,2.349599282761867,0.12946533379513178,-0.12919379857188856,2.3593526643079974,-0.11972216860919868,-0.15446480927214606,-0.00975338154613059,0.19567295012738542
937,-0.010271707061052592,-0.26337797452607237,2.348757064056683,0.10950114038569836,-0.10933689553270708,2.3584505976018466,-0.11977284744675096,-0.15404107899336528,-0.009693533545163557,0.19536671567985703
938,-0.0302694914827265,-0.24308049150316885,2.3479148453514993,0.08952599695348055,-0.08943625919312186,2.3577008055788626,-0.11979548843620705,-0.15364423231004698,-0.009785960227363333,0.19507248444971587
939,-0.0502501738940141,-0.22276617317298456,2.3470726266463156,0.06954190099617216,-0.06949984954232696,2.357102535166389,-0.11979207489018626,-0.1532663236306576,-0.010029908520073239,0.1947852823769663
940,-0.07021374012197187,-0.20243503394512172,2.346230407941132,0.04955085090671553,-0.04953564087836742,2.3566551863762744,-0.1197645910286874,-0.1528993930667543,-0.010424778435142557,0.19450053385498045
941,-0.0901356745071447,-0.18211208294027526,2.3461511091318936,0.029554845773460472,-0.029551618618522946,2.356358311098441,-0.11969052028060517,-0.1525604643217523,-0.010207201966547341,0.19417698857253016
942,-0.11005599724386676,-0.16178755221365437,2.3460718103226554,0.009555885180257023,-0.009555776105247387,2.3562116121999095,-0.11961188242412378,-0.152231776108407,-0.010139801877254051,0.19386678843028407
943,-0.12997470820687307,-0.1414614418930659,2.3459925115134173,-0.010444030993501241,0.010443888591061618,2.3562149429274206,-0.11953067721337182,-0.15190533048412752,-0.010222431414003363,0.19356474453937444
944,-0.14989180727090878,-0.12113375210632649,2.345913212704179,-0.030442902772863486,0.030439375871184192,2.3563683066123997,-0.1194489044980453,-0.15157312797751069,-0.010455093908220636,0.19326604176445406
945,-0.16980729431072916,-0.1008044829812628,2.345833913894941,-0.050438730287320994,0.05042268780681477,2.3566718566776563,-0.11936856402340817,-0.15122717078807757,-0.010837942782715437,0.1929662464405065
946,-0.18957691143805291,-0.08062091299901405,2.34651502314524,-0.07042951397077836,0.07038583133961263,2.3571258969458246,-0.11914739746727455,-0.15100674433862668,-0.010610873800584564,0.19264404948450392
947,-0.20936027119487322,-0.060450812966502385,2.3471961323955393,-0.09041325476152971,0.09032082147833986,2.3577308822501957,-0.1189470164333435,-0.15077163444484226,-0.010534749854656411,0.1923316391706352
948,-0.22915736440349577,-0.040294192240834706,2.3478772416458384,-0.11038795430214902,0.11021968449273731,2.3584874193492102,-0.11876941010134674,-0.15051387673357203,-0.010610177703371804,0.19202389365932546
949,-0.24896818187985514,-0.020151060172864776,2.3485583508961376,-0.1303516151393278,0.1300744611029139,2.359396268146511,-0.11861656674052734,-0.15022552127577868,-0.010837917250373419,0.19171608591408118
950,-0.2687927144335191,-2.1426107188818322e-05,2.349239460146437,-0.1503022409236186,0.14987720966295232,2.3604583432190505,-0.1184904735099005,-0.14989863577014112,-0.01121888307261365,0.19140390971907245
951,-0.2883641174348502,0.019824127431655434,2.3506970231676556,-0.17023783660906852,0.16962000933746174,2.3616747156563527,-0.11812628082578167,-0.1497958819058063,-0.010977692488697066,0.1910841024000848
952,-0.30796442578129196,0.039641133346476405,2.3521545861888744,-0.1901564086527219,0.18929496326980613,2.3630466152146,-0.11780801712857006,-0.14965382992332973,-0.010892029025725503,0.19077115611848558
953,-0.3275935978321935,0.05942954953625143,2.353612149210093,-0.21005596521397318,0.2088942017407418,2.364575432789753,-0.11753763261822031,-0.14946465220449037,-0.010963283579659588,0.19045989322414583
954,-0.34725159188558324,0.07918933396069641,2.355069712231312,-0.22993451635375262,0.22840988531620351,2.366262723214435,-0.11731707553183063,-0.1492205513555071,-0.011193010983122864,0.1901456090817011
955,-0.36693836617825754,0.09892044464035515,2.356527275252531,-0.24979007423350463,0.2478342079829598,2.3681102083837824,-0.1171482919447529,-0.14891376334260464,-0.011582933131251583,0.1898241174307242
956,-0.3862621643579901,0.11823138575557156,2.3587967525723568,-0.269620653313991,0.267159400270935,2.3701197807158785,-0.11664151104399911,-0.14892801451536342,-0.011323028143521707,0.18950727313867047
957,-0.4056297384791335,0.13749842225598874,2.3610662298921827,-0.2894242705538291,0.28637773236087966,2.3722935069527646,-0.1162054679253044,-0.14887931010489092,-0.011227277060581908,0.1891951677586991
958,-0.42504098878851115,0.15672145490625172,2.3633357072120087,-0.30919894560779787,0.30548151717619876,2.3746336323082975,-0.11584204318071328,-0.14876006226994704,-0.011297925096288797,0.18888244546892682
959,-0.44449581530799126,0.17590038469764843,2.3656051845318347,-0.32894270102487083,0.3244631134576801,2.3771425849693415,-0.11555311428312043,-0.14856272876003165,-0.01153740043750684,0.18856436091162615
960,-0.4639941178350016,0.19503511284861968,2.3678746618516606,-0.3486535624459593,0.3433149288198954,2.379822980956867,-0.11534055538904231,-0.1482798159712757,-0.01194831910520655,0.18823684514825456
961,-0.4830173185025776,0.21361903587924885,2.371012768999805,-0.3683295588013468,0.36202942278805417,2.3826776293535232,-0.1146877597012308,-0.14841038690880531,-0.011664860353718165,0.18792284090759243
962,-0.5020987437486731,0.2321431706613347,2.3741508761479495,-0.38796872250779796,0.38059910981409556,2.3857095379040607,-0.11413002124087518,-0.14845593915276087,-0.0115586617561112,0.1876124470278106
963,-0.5212382056649767,0.2506073347745996,2.377288983296094,-0.40756908966530103,0.3990165622707952,2.388921918994649,-0.11366911599967566,-0.14840922749619556,-0.011632935698555169,0.18730000515518405
964,-0.5404355157716485,0.26901134638933977,2.3804270904442384,-0.4271287002534774,0.4172744134227364,2.39231819601659,-0.11330681551817112,-0.14826306703339664,-0.011891105572351623,0.18698066713099282
965,-0.5596904850191767,0.2873550242682155,2.383565197592383,-0.4466455983275678,0.4353653603728932,2.3959020101191086,-0.11304488669160895,-0.14801033610467768,-0.012336812526725804,0.1866504833753664
966,-0.5783561813331121,0.3050259140813154,2.387652807927103,-0.4661178322140288,0.45328216698369495,2.3996772273548608,-0.11223834911908326,-0.14825625290237954,-0.012024419427757671,0.18633826821188978
967,-0.5970939532195034,0.32262035838638903,2.3917404182618234,-0.4855434547056987,0.47101766677138485,2.4036479462203655,-0.11155049851380472,-0.14839730838499582,-0.011907527958542108,0.18602973976403173
968,-0.6159034875976337,0.3401380632060482,2.3958280285965436,-0.5049205232565162,0.48856476577251795,2.407818505591774,-0.11098296434111754,-0.14842670256646973,-0.01199047699523037,0.18571880881394373
969,-0.6347844701877398,0.3575787358451092,2.399915638931264,-0.5242471001757738,0.5059164453814522,2.4121934930541324,-0.11053737001196595,-0.148337709536343,-0.012277854122868526,0.18540046370360883
970,-0.6537365855162635,0.374942084895483,2.404003249265984,-0.5435212528218883,0.5230657651576994,2.416777753619516,-0.11021533269437511,-0.14812368026221645,-0.012774504353531668,0.18507088419530912
971,-0.6719834315588297,0.39152260789008503,2.4091494551656876,-0.5627410537956501,0.5400058656019979,2.4215763988259873,-0.10924237776317958,-0.1484832577119129,-0.012426943660299727,0.18475823080131462
972,-0.6903153623909781,0.4080090097182877,2.414295661065391,-0.5819045811329816,0.5567299709000376,2.4265948162052435,-0.10841078125799652,-0.14872096118174993,-0.01229915513985258,0.1844507820665093
973,-0.7087318925212788,0.4244008537645007,2.4194418669650943,-0.6010099184971187,0.5732313916326847,2.431838679101828,-0.10772197402416006,-0.14883053786818395,-0.012396812136733715,0.18414188453729974
974,-0.7272325342178263,0.44069770591734314,2.4245880728647977,-0.620055155370246,0.589503527451662,2.4373139568209106,-0.10717737884758027,-0.14880582153431887,-0.012725883956112849,0.18382630709886372
975,-0.7458167975211573,0.4568991345811402,2.429734278764501,-0.6390383872445473,0.605539869719601,2.4430269250746033,-0.10677841027660995,-0.14864073513846088,-0.013292646310102185,0.1835003855299154
976,-0.7635782613132291,0.4722231067558001,2.4360816650828188,-0.6579577158126543,0.6213340041134094,2.4489841766885143,-0.10562054550057487,-0.14911089735760935,-0.012902511605695555,0.18318360775016315
977,-0.7814366338261017,0.4874340321201002,2.4424290514011364,-0.6768112491574763,0.6368796131899154,2.455192632520491,-0.10462538466862548,-0.14944558106981515,-0.012763581119354495,0.18287526301100124
978,-0.7993911955606297,0.5025312978383639,2.448776437719454,-0.69559710194139,0.6521704789127604,2.4616595525321086,-0.10379409361923964,-0.14963918107439644,-0.012883114812654473,0.18256799563486348
979,-0.8174412231422826,0.5175142956541684,2.4551238240377717,-0.7143133955947752,0.6672004851395333,2.4683925469401653,-0.10312782754750738,-0.14968618948536494,-0.01326872290239356,0.18225631167336154
980,-0.83558598935029,0.5323824219148505,2.4614712103560894,-0.7329582585038568,0.6819636200681355,2.4753995873599552,-0.10262773084643328,-0.14958119815328497,-0.013928377003865844,0.18193676282055277
981,-0.8527893955445313,0.5462976078233598,2.4692022222157766,-0.7515298261978846,0.6964539786414377,2.4826890178342347,-0.1012595693466467,-0.15015637081807787,-0.013486795618458114,0.18161037893682871
982,-0.8700998650257168,0.5600793794762852,2.4769332340754637,-0.7700262415355653,0.7106657649092125,2.490269565621063,-0.10007362349015148,-0.15058638543292735,-0.013336331545599212,0.18129767603391087
983,-0.8875163631774363,0.5737269131612988,2.484664245935151,-0.7884456548907789,0.7245932943464408,2.4981503515899917,-0.09907070828665743,-0.15086638118514206,-0.013486105654840763,0.18099045626235125
984,-0.905037849046132,0.5872393931892406,2.492395257794838,-0.8067862243375392,0.7382309961270456,2.5063409000487984,-0.09825162470859283,-0.150991602937805,-0.013945642253960333,0.18068294566306298
985,-0.9226632754033143,0.6006160119428711,2.5001262696545252,-0.8250461158341854,0.7515734153521484,2.514851147791886,-0.09761715956912886,-0.15095740340927732,-0.014724878137360786,0.18037203087667497
986,-0.9392287176441,0.6129875079908742,2.5094701086666036,-0.8432235034067843,0.7646152152319554,2.523691452126122,-0.09600521423731567,-0.1516277072410812,-0.014221343459518199,0.18002835713779508
987,-0.9559090323332387,0.6252036814085147,2.518813947678682,-0.8613165693317297,0.7773511792204058,2.5328725975898596,-0.09459246300150892,-0.15214749781189107,-0.014058649911177667,0.17970598427552792
988,-0.9727027631676288,0.6372634656420993,2.5281577866907603,-0.8793235043175001,0.7897762131017095,2.542405801035813,-0.09337925885012877,-0.1525127474596102,-0.014248014345052518,0.17939573582963173
989,-0.9896084439421804,0.6491658077917571,2.5375016257028387,-0.8972425076856059,0.8018853470279821,2.5523027146979134,-0.09236593625657452,-0.15271953923622494,-0.014801088995074707,0.1790915857334413
990,-1.0066245986778244,0.6609096687033648,2.546845464714917,-0.9150717875506427,0.8136737375071053,2.5625754268059584,-0.09155281112718172,-0.1527640688037405,-0.015729962091041383,0.17879096635498387
991,-1.022463969289744,0.6716242584247851,2.5580839465786465,-0.9328095609994818,0.8251366693400644,2.5732364592495207,-0.08965440829026217,-0.15351241091527923,-0.015152512670874252,0.17841965102291724
992,-1.0384227528158765,0.6821601647762171,2.5693224284423755,-0.9504540542695596,0.836269557506963,2.584298761724097,-0.08796869854631684,-0.15410939273074586,-0.014976333281721654,0.17808000283675096
993,-1.0544989336276278,0.6925160570500866,2.5805609103061045,-0.9680035029262528,0.8470679490009707,2.5957757017178724,-0.086495430701375,-0.15455189195088415,-0.015214791411767958,0.17776174142800732
994,-1.070690481268874,0.7026906272749835,2.5917993921698335,-0.9854561520393205,0.8575275246094671,2.6076810496170584,-0.08523432922955354,-0.15483689733448358,-0.015881657447224917,0.17745867884849229
995,-1.0869953507124137,0.7126825903808619,2.6030378740335625,-1.0028102563583978,0.8676441006416691,2.620028958122165,-0.08418509435401589,-0.15496151026080718,-0.016991084088602726,0.17716911895759593
996,-1.101995703219077,0.7216448031584876,2.616474923039504,-1.0200640804875087,0.8774136306020465,2.632833935077795,-0.08193162273156829,-0.1557688274435589,-0.01635901203829082,0.17676067345831825
997,-1.117115123625579,0.7304046524589636,2.629911972045446,-1.0372158990586215,0.8868322068088755,2.646110808726245,-0.07989922456695742,-0.15642755434991196,-0.016198836680799023,0.17639690517723647
998,-1.1323508820968373,0.7389605566777515,2.6433490210513875,-1.054263996904172,0.8958960619572528,2.659874684302496,-0.07808688519266527,-0.1569355052795013,-0.01652566325110838,0.1760664988074503
