timestep,px,py,theta,px_ref,py_ref,theta_ref,error_px,error_py,error_theta,error_norm
0,0.0,0.0,0.7853981633974483,0.0,0.0,0.7853981633974483,0.0,0.0,0.0,0.0
1,0.0,0.0,0.7853231571470295,0.01999966666833333,0.01999866669333308,0.7853231571470295,-0.01999966666833333,-0.01999866669333308,0.0,0.028283092765033196
2,0.004429164919601796,0.004428500539327012,0.7850983801749359,0.03999733338666616,0.03998933418663416,0.7850980633706443,-0.035568168467064364,-0.03556083364730715,3.1680429168901014e-07,0.050295800002517994
3,0.012504568863694485,0.01249906419307764,0.784725140221731,0.05999100040499132,0.0599640064794446,0.7847226568420766,-0.047486431541296836,-0.04746494228636696,2.483379654361073e-06,0.06714076208192452
4,0.023597756672283015,0.023577330097225145,0.7842053859266372,0.07997866837326832,0.07991469396917268,0.7841965616812204,-0.0563809117009853,-0.056337363871947536,8.824245416816368e-06,0.07970386345806474
5,0.037200859745473984,0.03714802086595382,0.7835411453584995,0.09995833854135666,0.09983341664682815,0.7835192505983565,-0.06275747879588267,-0.06268539578087434,2.189476014302638e-05,0.08870152461148029
6,0.05290013786484502,0.052789099310936914,0.7827341353511407,0.11992801295888919,0.11971220728891936,0.7826900438339384,-0.06702787509404418,-0.06692310797798245,4.4091517202304864e-05,0.09471768770993819
7,0.0703553285773483,0.07015153467164556,0.7817854970168597,0.13988569467506554,0.1395431146442365,0.7817081077917023,-0.06953036609771723,-0.06939157997259093,7.738922515743152e-05,0.09823272962647041
8,0.08928711602465472,0.08894702545629955,0.7807103275804798,0.1598293879383454,0.15931820661424598,0.7805724533623122,-0.07054227191369067,-0.07037118115794642,0.0001378742181675774,0.09964102706019053
9,0.10935925330322423,0.10883184968744625,0.7795171888955117,0.17975709839602208,0.17902957342582415,0.7792819339341677,-0.07039784509279785,-0.0701977237383779,0.00023525496134402246,0.09941645918385962
10,0.1303137552479615,0.12954132402518023,0.778212738708707,0.1996668332936563,0.19866933079506124,0.7778352430874435,-0.06935307804569482,-0.06912800676988101,0.0003774956212635461,0.09792177111007044
11,0.15276813057492777,0.1516753075436709,0.7766762696832042,0.21955660167434962,0.21822962308086932,0.7762309119668949,-0.06678847109942185,-0.06655431553719843,0.00044535771630938026,0.09428878582269874
12,0.17584450940025723,0.17435261743963923,0.7750197617177556,0.23942441457783872,0.23770262642713458,0.7744673063284713,-0.0635799051775815,-0.06335000898749535,0.0005524553892842787,0.08975485049880672
13,0.19940173103276496,0.1974258718845432,0.7732480224948656,0.2592682852393897,0.2570805518921551,0.7725426232543283,-0.05986655420662476,-0.05965468000761193,0.0007053992405372522,0.08451735175378998
14,0.22332375509022276,0.22077353432677596,0.7713650406156912,0.279086229288473,0.27635564856411376,0.7704548875304338,-0.05576247419825023,-0.055582114237337804,0.0009101530852574369,0.07873787735544815
15,0.24751362052280942,0.2442938332127129,0.7693744008805149,0.29887626494719843,0.29552020666133955,0.7682019476806334,-0.05136264442438901,-0.051226373448626655,0.0011724531998814625,0.0725509284948876
16,0.2716904079634717,0.2677079697160213,0.7669781780824357,0.31863641322849195,0.31456656061611776,0.765781471650788,-0.04694600526502024,-0.046858590900096475,0.0011967064316477094,0.0663406893073132
17,0.29600183582238854,0.29113986675544895,0.7644703187026768,0.33836469813399206,0.33348709214081446,0.7631909421364422,-0.04236286231160352,-0.042347225385365506,0.001279376566234558,0.05991273992623817
18,0.3203776493208448,0.3145161851320655,0.7618531307302939,0.35805914685164836,0.35227423327509,0.760427651547437,-0.037681497530803576,-0.037758048143024525,0.001425479182856959,0.053362884541933005
19,0.3447588031336498,0.3377754367199965,0.7591293701212241,0.37771778995300115,0.3709204694129827,0.7574886966029721,-0.03295898681935133,-0.03314503269298619,0.0016406735182519228,0.04677157057412966
20,0.36909631510776886,0.36086676367271076,0.7563025496970538,0.39733866159012243,0.38941834230865047,0.7543709725508718,-0.028242346482353575,-0.02855157863593971,0.001931577146181973,0.040206389637782836
21,0.3907664714524578,0.38131122352093055,0.7529630881888425,0.4169197996921991,0.40776045305957015,0.7510711670052485,-0.026153328239741314,-0.026449229538639596,0.0018919211835940475,0.03724429737514493
22,0.4123447074257893,0.4015331911013654,0.7495215418249599,0.43645924616173865,0.4259394650659996,0.7475857533974175,-0.02411453873594932,-0.024406273964634184,0.0019357884275423842,0.03436458153565365
23,0.43375175160821994,0.42145679475612896,0.745980700097169,0.4559550470703768,0.44394810696551984,0.7439109840358401,-0.02220329546215688,-0.02249131220939088,0.0020697160613288856,0.031672214618726206
24,0.45492432302284436,0.4410227255694049,0.7423446859807792,0.47540525285426916,0.4617791755414829,0.7400428827720982,-0.0204809298314248,-0.020756449972077984,0.002301803208681008,0.029250589741313195
25,0.4758133038578045,0.46018624092372473,0.7386192406561619,0.4948079185090459,0.479425538604203,0.7359772372714972,-0.01899461465124136,-0.019239297680478273,0.002642003384664693,0.02716479602117029
26,0.47593128761889764,0.46029367230884444,0.7342263789873228,0.5141611037843102,0.49688013784373675,0.7317095908888981,-0.0382298161654126,-0.03658646553489231,0.002516788098424705,0.05297567863377946
27,0.47601384460160956,0.4603681847461464,0.7297662510430718,0.5334628733776623,0.5141359916531132,0.7272352341528829,-0.057449028776052735,-0.05376780690696681,0.002531016890188864,0.07872594244208846
28,0.4747372116732637,0.45922624085050273,0.7252480780019506,0.5527112971282275,0.5311861979208834,0.7225491958644261,-0.07797408545496382,-0.07195995707038066,0.00269888213752445,0.1061389532118217
29,0.4711256634424458,0.45602497867619307,0.7206826059491551,0.5719044502096711,0.5480239367918736,0.7176462338199793,-0.10077878676722529,-0.09199895811568048,0.003036372129175846,0.13648952968030711
30,0.46516036494364166,0.4507857982461716,0.7160822497409051,0.5910404133226791,0.5646424733950353,0.712520825173375,-0.12588004837903743,-0.11385667514886366,0.003561424567530058,0.16976988190139286
31,0.47329376155067066,0.45786315568165287,0.711011343316416,0.610117272886887,0.5810351605373051,0.7071671564563529,-0.13682351133621634,-0.12317200485565222,0.003844186860063159,0.18413797491866696
32,0.47977536049302694,0.4634456836666558,0.7059089224762796,0.6291331212322355,0.597195441362392,0.7015791132839158,-0.1493577607392086,-0.13374975769573622,0.004329809192363809,0.20053799047647083
33,0.4845903834460363,0.4675502019742213,0.7007764755718597,0.6480860567897367,0.6131168519734339,0.6957502697783335,-0.16349567334370047,-0.1455666499992126,0.005026205793526195,0.2189651742601598
34,0.4877240398730362,0.4701938065401635,0.6956183601981843,0.6669741842816288,0.6287930240184685,0.6896738777545541,-0.1792501444085926,-0.15859921747830497,0.005944482443630217,0.23941525207629236
35,0.4891615362004317,0.4713938653915635,0.6904413687572684,0.6857956149109028,0.6442176872376911,0.6833428557202919,-0.19663407871047112,-0.1728238218461276,0.007098513036976506,0.26188436989471886
36,0.4852312152000644,0.46814711212418403,0.6840819686490854,0.7045484665501799,0.6593846719714731,0.6767497777563413,-0.21931725135011548,-0.19123755984728907,0.007332190892744173,0.29107666010761296
37,0.4788690861184615,0.4629592089140903,0.6777218149910322,0.723230863929924,0.6742879116281452,0.6698868623569647,-0.24436177781146246,-0.21132870271405485,0.007834952634067527,0.32316232071323225
38,0.4700503932404882,0.455861040091758,0.671356468551569,0.7418409388259654,0.6889214451105513,0.6627459613267954,-0.27179054558547716,-0.23306040501879333,0.008610507224773634,0.35813599915652605
39,0.45875063163206015,0.44688378142599194,0.6649829546888032,0.7603768302463229,0.7032794192004103,0.6553185488498809,-0.3016261986142627,-0.2563956377744183,0.009664405838922252,0.3959930397121404
40,0.4449455323192637,0.4360589219954409,0.6585985532660986,0.778836684617301,0.7173560908995228,0.6475957108685986,-0.33389115229803734,-0.2812971689040819,0.011002842397500046,0.43672927696364366
41,0.4594464569760465,0.44728063305250576,0.6515194651272109,0.7972186559688459,0.731145829726896,0.6395681349355568,-0.33777219899279937,-0.28386519667439025,0.011951330191654175,0.4413755119949128
42,0.4729219076138465,0.4575570757707311,0.6443876998580288,0.8155209061191403,0.7446431199708592,0.6312261007306176,-0.3425989985052938,-0.28708604420012807,0.013161599127411217,0.4471752433251408
43,0.48535977542904574,0.46690271826146246,0.6371796465127274,0.8337416048584215,0.757842562895277,0.6225594714682599,-0.3483818294293758,-0.2909398446338145,0.014620175044467554,0.45412513891045236
44,0.49674816899788515,0.4753320563393727,0.629875577618159,0.8518789301319992,0.7707388788989693,0.6135576864580234,-0.35513076113411407,-0.2954068225595966,0.0163178911601356,0.4622221564252045
45,0.5070753059452932,0.48285975617231663,0.6224586353988835,0.8699310682224605,0.7833269096274834,0.6042097551231719,-0.3628557622771673,-0.3004671534551668,0.018248880275711588,0.4714635045838778
46,0.4979415069804805,0.47630509305672547,0.6134305658415348,0.8878962139310396,0.795601620036366,0.5945042528303504,-0.38995470695055906,-0.31929652697964056,0.018926313011184415,0.5043541919508095
47,0.48620595024012614,0.4680428209118717,0.604286743642199,0.9057725707581367,0.8075581004051143,0.5844293189362826,-0.4195666205180105,-0.3395152794932426,0.01985742470591645,0.5400935950168545
48,0.47183611757587846,0.4581211917607276,0.5949979305719166,0.9235583510829658,0.8191915683009983,0.5739726575167142,-0.45172223350708735,-0.3610703765402707,0.02102527305520241,0.5786768140910868
49,0.45479922440405557,0.4465903066442577,0.5855301523421788,0.941251776342316,0.8304973704919704,0.5631215413080933,-0.4864525519382605,-0.38390706384771267,0.022408611034085424,0.6200990766062263
50,0.435062014798382,0.43350253891628093,0.5758421143222303,0.958851077208406,0.8414709848078965,0.5518628194639037,-0.523789062410024,-0.40796844589161557,0.023979294858326616,0.6643555082374908
51,0.4517876757686159,0.4443615391403051,0.5662491244896452,0.976354493765815,0.852108021949363,0.540182929805001,-0.5245668179971991,-0.4077464828090579,0.026066194684644106,0.6649112627202233
52,0.4676315030656518,0.4544332911223233,0.5563109116992776,0.9937602756874735,0.8624042272433384,0.5280679163262988,-0.5261287726218217,-0.40797093612101515,0.028242995372978807,0.6663703451442299
53,0.4825832331714891,0.46373060925143966,0.545974832805461,1.0110666824096939,0.8723554823449863,0.5155034528098956,-0.5284834492382048,-0.4086248730935466,0.030471379995565373,0.6687283065851642
54,0.49663253346246106,0.4722666915219711,0.5351867059103288,1.0282719833062264,0.8819578068849476,0.5024748734859665,-0.5316394498437653,-0.40969111536297653,0.032711832424362264,0.6719801921322538
55,0.5097688939415352,0.4800553133319946,0.5238889793233776,1.0453744578613184,0.8912073600614354,0.4889672117755554,-0.5356055639197832,-0.41115204672944083,0.034921767547822224,0.6761204445069691
56,0.4966242431765384,0.47246115865312843,0.5116009312527239,1.0623723958417668,0.900100442176505,0.4749652482411506,-0.5657481526652284,-0.42763928352337655,0.03663568301157327,0.7101327357094798
57,0.4806757982958551,0.4635067059493547,0.4987509498810216,1.0792640974679386,0.9086334961158833,0.4604535689580829,-0.5985882991720834,-0.44512679016652856,0.03829738092293866,0.7469354059189062
58,0.4618827989451264,0.45327050179430867,0.48527004425006287,1.0960478735837471,0.916803108771767,0.44541663559766037,-0.6341650746386207,-0.4635326069774583,0.0398534086524025,0.7865215278706245
59,0.44020290527471023,0.4418380922603742,0.47106828442202386,1.1127220458255676,0.9246060124080204,0.4298388685756445,-0.6725191405508573,-0.48276792014764625,0.04122941584637935,0.828882816725007
60,0.4155919089401764,0.4293034519227536,0.4560303850801991,1.1292849467900707,0.9320390859672264,0.4137047446598081,-0.7136930378498944,-0.5027356340444729,0.042325640420391,0.8740093419698127
61,0.438935138141764,0.4407536423051348,0.4433473042068852,1.1457349202009626,0.9390993563190676,0.396998910438876,-0.7067997820591986,-0.4983457140139328,0.0463483937680092,0.8660615198701889
62,0.4617220802702285,0.45157461829906226,0.42956357324835653,1.1620703210746102,0.945783999449539,0.37970631302149005,-0.7003482408043817,-0.4942093811504767,0.049857260226866484,0.8586130194751643
63,0.4839518642145732,0.46175792465591414,0.4145833796949158,1.178289515884539,0.9520903415905158,0.36181234924553096,-0.6943376516699657,-0.4903324169346016,0.05277103044938486,0.851654528126388
64,0.5056228010285679,0.47129511583478234,0.39829757601920524,1.1943908827247842,0.9580158602892251,0.34330303452117417,-0.6887680816962163,-0.4867207444544428,0.05499454149803107,0.8451762851857306
65,0.5267322962887852,0.48017773645665257,0.3805807881195188,1.210372811472079,0.963558185417193,0.3241651921901698,-0.6836405151832939,-0.4833804489605404,0.05641559592934897,0.8391684764702716
66,0.510555870416068,0.473705769769198,0.3679880002959792,1.2262337039468676,0.9687151001182652,0.30438666394296926,-0.7156778335307996,-0.49500933034906724,0.06360133635300996,0.8725102455134034
67,0.4913968872637891,0.46631901839509154,0.3538805326111648,1.2419719740731194,0.9734845416953194,0.283956541378582,-0.7505750868093304,-0.5071655233002279,0.0699239912325828,0.9085533520455044
68,0.4692177668614071,0.4581253337726067,0.3381969979933385,1.2575860480369372,0.9778646024353163,0.26286541820488024,-0.7883682811755302,-0.5197392686627096,0.07533157978845828,0.9472741425095129
69,0.4439784882025299,0.44924843824148913,0.3208225910806584,1.273074364443936,0.9818535303723597,0.24110566184802507,-0.829095876241406,-0.5326050921308705,0.07971692923263335,0.9886470274928856
70,0.41563692314788875,0.4398304630095244,0.3015839520920754,1.2884353744753823,0.9854497299884603,0.2186717023624417,-0.8727984513274936,-0.5456192669789359,0.08291224972963368,1.0326431921498982
71,0.4394072821690591,0.44722477088255097,0.2838795762353174,1.3036675420430732,0.9886517628517197,0.19556033550876473,-0.8642602598740141,-0.5414269919691688,0.08831924072655267,1.0236646290229996
72,0.4625033541673591,0.45396326714444807,0.2637636004514283,1.3187693439429462,0.9914583481916864,0.1717710357084244,-0.8562659897755871,-0.5374950810472383,0.09199256474300394,1.0151625679487688
73,0.48492428777199925,0.46001816448770055,0.2410857072882491,1.3337392700073958,0.9938683634116449,0.14730627331565815,-0.8488149822353965,-0.5338501989239444,0.09377943397259095,1.0071134450470964
74,0.506666020325346,0.465363755030515,0.21565744187213995,1.34857582325629,0.99588084453764,0.12217182931261213,-0.8419098029309441,-0.530517089507125,0.09348561255952782,0.999499904095024
75,0.5277210961155056,0.46997616638336803,0.1872474654026759,1.3632775200466682,0.9974949866040543,0.0963770991912814,-0.8355564239311627,-0.5275188202206863,0.0908703662113945,0.9923144999016444
76,0.5105108271346546,0.466715388381771,0.16905035349977848,1.3778428902211026,0.998710143975583,0.06993537651704462,-0.8673320630864481,-0.531994755593812,0.09911497698273386,1.0223048010742206
77,0.4901752433397677,0.4632445241095625,0.14763910976059416,1.3922704772547134,0.999525830605479,0.04286410557058595,-0.9020952339149457,-0.5362813064959164,0.10477500419000821,1.0546806399342143
78,0.46669066949107413,0.45975186875358265,0.122243075527116,1.4065588384008203,0.9999417202299662,0.015185091651111546,-0.9398681689097461,-0.5401898514763835,0.10705798387600444,1.089320275437592
79,0.4400350008571343,0.4564770693867737,0.09267628849190278,1.4207065448352156,0.99995764649874,-0.013075342784616575,-0.9806715439780813,-0.5434805771119663,0.10575163127651935,1.1261754847198346
80,0.41019432168380443,0.4537036011024888,0.0589387486549545,1.4347121817990456,0.9995736030415051,-0.041886267855577024,-1.0245178601152412,-0.5458700019390164,0.10082501651053152,1.165236709285441
81,0.436332716807685,0.45524595174359805,0.04009930273894549,1.4485743487402851,0.998789743470524,-0.07121213282096248,-1.0122416319326002,-0.5435437917269259,0.11131143555990797,1.1543237027059894
82,0.4617329451459484,0.4562650294579897,0.016904802276083784,1.4622916594537918,0.9976063813191736,-0.10101283897581732,-1.0005587143078434,-0.5413413518611838,0.1179176412519011,1.1437100900711992
83,0.48638688808343766,0.4566818391936614,-0.010644752733630622,1.4758627422199255,0.9960239899165367,-0.13124390617594112,-0.9894758541364879,-0.5393421507228753,0.1205991534423105,1.133356332878813
84,0.5102798032568506,0.45642749541285316,-0.04254936229019772,1.4892862399417186,0.994043202198076,-0.16185673736972372,-0.979006436684868,-0.5376157067852227,0.119307375079526,1.123262436388284
85,0.5333899393463292,0.45544358001216145,-0.07880902639361752,1.5025608102805854,0.9916648104524687,-0.19279898196781758,-0.9691708709342562,-0.5362212304403072,0.11398995557420007,1.113471640866614
86,0.5679831604991189,0.4527116637378145,-0.08708731074816174,1.515685125790554,0.9888897660047016,-0.22401499487154508,-0.947701965291435,-0.536178102266887,0.13692768412338335,1.0974402776676104
87,0.6022669580871033,0.44971840902767507,-0.09905983160108475,1.5286578740510102,0.9857191788355535,-0.25544638373627454,-0.9263909159639069,-0.5360007698078784,0.1563865521351898,1.081643983990951
88,0.6362271587259204,0.44634327013146013,-0.11472658895238655,1.5414777577979386,0.9821543171376185,-0.28703263284555847,-0.9052505990720182,-0.5358110470061583,0.17230604389317192,1.065955673551297
89,0.6698454917474597,0.4424693420655134,-0.13408758280206712,1.5541434950536477,0.9781966068080447,-0.3187117881210078,-0.884298003306188,-0.5357272647425313,0.1846242053189407,1.0502727065050657
90,0.7030983897967777,0.43798362544888503,-0.15714281315012646,1.5666538192549668,0.9738476308781951,-0.3504211845928371,-0.8635554294581891,-0.5358640054293101,0.19327837144271065,1.03452150336714
91,0.6847214000007495,0.4408954448974495,-0.18506084547307028,1.579007479379901,0.9691091288804564,-0.38209819537047346,-0.8942860793791514,-0.5282136839830069,0.19703734989740318,1.0571570389364229
92,0.6724364948308049,0.4431952137634965,-0.20381607361622936,1.591203240072732,0.9639829961524481,-0.41368097997668896,-0.9187667452419271,-0.5207877823889515,0.2098649063604596,1.0767523045574272
93,0.6652841919155351,0.44467349472763684,-0.21477827726947996,1.6032398817675544,0.9584712830789142,-0.44510920994479974,-0.9379556898520193,-0.5137977883512773,0.2303309326753198,1.0939841781248594
94,0.6624652519812337,0.44528842653927114,-0.21911246295915773,1.6151162008102287,0.9525761942715953,-0.4763247508234524,-0.9526509488289949,-0.5072877677323242,0.2572122878642946,1.1095237134122071
95,0.6633169035672817,0.4450987742171954,-0.21780947630550054,1.6268310095787475,0.9463000876874145,-0.5072722820789922,-0.9635141060114658,-0.5012013134702191,0.2894628057734917,1.1239888367032873
96,0.6693693686501045,0.44375923972949316,-0.2085110869825748,1.6383831366019965,0.9396454736853249,-0.5378998396315425,-0.969013767951892,-0.49588623395583176,0.3293887526489677,1.1372720826077038
97,0.6769156546198764,0.44216254837487184,-0.19694105352351038,1.6497714266769001,0.9326150140222006,-0.5681592696408527,-0.9728557720570238,-0.49045246564732875,0.37121821611734235,1.1509973667483144
98,0.685778643390871,0.44039413965601837,-0.1833845186217992,1.660994740983941,0.9252115207881683,-0.5980065863693985,-0.9752160975930699,-0.4848173811321499,0.41462206774759935,1.1653350544439085
99,0.6958034720414357,0.4385348518578,-0.16809083311676096,1.672051957201041,0.9174379552818098,-0.6274022311885141,-0.9762484851596054,-0.4789031034240098,0.45931139807175314,1.180413591773748
100,0.7068540217162633,0.4366596615274716,-0.15127804868037797,1.682941969615793,0.9092974268256818,-0.6563112337819401,-0.9760879478995297,-0.4726377652982102,0.5050331851015621,1.1963246454347707
101,0.7211595729356443,0.43447888448855104,-0.12957182113127158,1.6936636892360304,0.9007931915226274,-0.6847032801150899,-0.9725041163003861,-0.46631430703407634,0.5551314589838183,1.2130062761253004
102,0.7366848007868185,0.4324559186563088,-0.10608711432394867,1.704216043898726,0.8919286509533796,-0.7125526946185239,-0.9675312431119074,-0.4594727322970708,0.6064655802945752,1.2308665233095928
103,0.7532550504114398,0.4306914041561002,-0.08109121387810869,1.7145979783772067,0.8827073508159741,-0.7398383461925445,-0.9613429279657669,-0.4520159466598739,0.6587471323144358,1.2499785700231458
104,0.7707174638182608,0.4292722437933662,-0.05481123536245493,1.7248084544866769,0.8731329795075166,-0.7665434890556865,-0.9540909906684161,-0.44386073571415036,0.7117322536932316,1.2703797747644572
105,0.7889374432715726,0.42827258292646764,-0.027440161405852467,1.734846451188034,0.8632093666488738,-0.7926555501696838,-0.9459090079164614,-0.4349367837224062,0.7652153887638313,1.2920791184340366
106,0.809031781866299,0.4277210525979247,-0.0028869159218732135,1.7447109646899726,0.8529404815528762,-0.8181658750569212,-0.9356791828236736,-0.42521942895495146,0.815278959135048,1.3118638942888396
107,0.8305511503539471,0.42765892781782044,0.016140247361439628,1.7544010085493633,0.8423304316366457,-0.8430694433909002,-0.9238498581954162,-0.4146715038188252,0.8592096907523398,1.3280407784589252
108,0.8532057676574133,0.42802461069991676,0.029373839287699238,1.763915613769895,0.8313834607786832,-0.8673645649064725,-0.9107098461124817,-0.40335885007876643,0.8967384041941717,1.3402352596838343
109,0.8767669227917563,0.42871689140082586,0.03681795888030935,1.7732538288989745,0.8201039476213741,-0.8910525650657036,-0.8964869061072183,-0.3913870562205482,0.927870523946013,1.3482641839812135
110,0.9010554011118092,0.4296115478875572,0.038667544668440065,1.7824147201228708,0.8084964038195901,-0.914137468639516,-0.8813593190110617,-0.3788848559320329,0.952805013307956,1.3521040554066295
111,0.925984712517464,0.430575983865952,0.03529003819485946,1.7913973713600952,0.7965654722360865,-0.9366256880218409,-0.8654126588426313,-0.36598948837013456,0.9719157262167003,1.351853377607883
112,0.9525426048617179,0.43151360216595924,0.027904773189290806,1.8002008843530102,0.7843159250844199,-0.9585257217604746,-0.8476582794912922,-0.3528023229184607,0.9864304949497654,1.3476049715007876
113,0.98030787712773,0.4322885869556377,0.016233573752860504,1.808824378757652,0.7717526620201257,-0.9798478675264842,-0.8285165016299219,-0.339464075064488,0.9960814412793447,1.3393482330572617
114,1.0089679672242942,0.43275388351573485,0.00030969603031635873,1.8172669922317666,0.7588807081809217,-1.0006039525927415,-0.8082990250074724,-0.32612682466518683,1.0009136486230579,1.3272279953324335
115,1.0382877281957974,0.4327629637296079,-0.019638399834578695,1.8255278805210422,0.7457052121767199,-1.0208070838766747,-0.7872401523252448,-0.31294224844711205,1.0011686840420961,1.311494812114326
116,1.0672419538594624,0.43219427595925675,-0.043686035793643566,1.8336062175435337,0.7322314440302513,-1.0404714187339885,-0.7663642636840713,-0.30003716807099456,0.9967853829403449,1.2926397744614009
117,1.0973011144652194,0.43088027437598736,-0.07043378873868382,1.8415011954722713,0.7184647930691263,-1.0596119569697484,-0.7442000810070519,-0.2875845186931389,0.9891781682310646,1.2708312494063998
118,1.1281020625762423,0.42870725231961015,-0.09985695696810293,1.8492120248160406,0.7044107657701763,-1.078244353954232,-0.7211099622397983,-0.2757035134505661,0.978387396986129,1.2462960737929663
119,1.1570459163936482,0.4258073620743192,-0.13177240698157305,1.8567379344983332,0.6900749835569364,-1.0963847542815959,-0.6996920181046851,-0.26426762148261723,0.9646123473000228,1.2206077488395468
120,1.1837956065056654,0.4222619464008264,-0.1655223034916173,1.8640781719344526,0.675463180551151,-1.1140496450750117,-0.6802825654287872,-0.25320123415032453,0.9485273415833944,1.1944033454126293
121,1.2075368762151928,0.41829595079145315,-0.19227594938093456,1.8712320031067717,0.6605812012792007,-1.1312557278065776,-0.663695126891579,-0.24228525048774757,0.9389797784256431,1.1751069688993465
122,1.229603265590764,0.4140000439337917,-0.22096554922040346,1.8781987126381352,0.6454349983343708,-1.1480198073479873,-0.6485954470473712,-0.2314349544005791,0.9270542581275838,1.1548453530934184
123,1.2502344918001622,0.4093655799398612,-0.25094834921815623,1.884977603863395,0.6300306299958922,-1.16435869688339,-0.6347431120632328,-0.220665050056031,0.9134103476652339,1.1339798701255115
124,1.26964116629646,0.40439063337921766,-0.28172199131819914,1.891567998899078,0.6143742578057116,-1.1802891372852227,-0.6219268326026179,-0.209983624426494,0.8985671459670235,1.1127933426516057
125,1.288007700564147,0.39907499783296957,-0.31290008764526495,1.8979692387111724,0.5984721441039565,-1.1958277295646969,-0.6099615381470254,-0.19939714627098698,0.8829276419194318,1.091500582146023
126,1.3136309949813163,0.390785140737414,-0.33878669576656023,1.9041806831810315,0.5823306495240819,-1.2109908790505335,-0.5905496881997152,-0.19154550878666787,0.8722041832839733,1.0705973816085985
127,1.3376821780094243,0.3823101691350847,-0.36546047841126794,1.9102017111693845,0.5659562304487028,-1.2257947500135267,-0.5725195331599602,-0.1836460613136181,0.8603342716022587,1.049609237087352
128,1.3604082012429655,0.3736140593540303,-0.392683066373213,1.9160317205784498,0.5493554364271267,-1.2402552295333436,-0.5556235193354844,-0.1757413770730964,0.8475721631601305,1.0285820816144138
129,1.3820051062115994,0.3646687336333913,-0.4202795840899719,1.9216701284121454,0.532534907555621,-1.2543878994917435,-0.5396650222005459,-0.16786617392222974,0.8341083154017715,1.0075485449130406
130,1.4026302123532293,0.3554512101646105,-0.44811837600130006,1.927116370834386,0.5155013718214642,-1.2682080156685605,-0.5244861584811567,-0.16005016165685365,0.8200896396672603,0.9865337306824754
131,1.4222933508000053,0.34599842212273973,-0.48307439381382844,1.932369903225468,0.4982616424118385,-1.2817304930098559,-0.5100765524254627,-0.15226322028909878,0.7986560991960274,0.9597988030676362
132,1.4415069500138273,0.33592041312269616,-0.5159607686638747,1.9374302002365305,0.4808226149886482,-1.2949698962289915,-0.4959232502227031,-0.14490220186595204,0.7790091275651168,0.934768280937482
133,1.460306159328743,0.3252572990197844,-0.5471251409903511,1.9422967558420892,0.4631912649303451,-1.3079404349891695,-0.4819905965133462,-0.13793396591056073,0.7608152939988183,0.9111424837321632
134,1.4787190583261465,0.3140409591618072,-0.5768470770302572,1.9469690833906388,0.44537464454187115,-1.3206559629989763,-0.4682500250644923,-0.13133368538006396,0.7438088859687191,0.8886834541806403
135,1.4967671970458822,0.30229755108084355,-0.6053533760296331,1.9514467156533182,0.4273798802338298,-1.333129980429876,-0.45467951860743594,-0.12508232915298623,0.7277766044002428,0.8672011529165383
136,1.5084083614892372,0.29424157705096243,-0.6526518007056261,1.9557292048706325,0.40921416967201735,-1.3453756391359823,-0.4473208433813953,-0.11497259262105491,0.6927238384303562,0.8325748917107314
137,1.519851947253758,0.28549413252382533,-0.6971554879878982,1.9598161227972284,0.3908847788984522,-1.3574057502217107,-0.43996417554347045,-0.10539064637462686,0.6602502622338126,0.8003787059165964
138,1.5310213851823624,0.27614042702429126,-0.7395216306098866,1.9637070607447196,0.3723990394250553,-1.3692327935620554,-0.43268567556235715,-0.09625861240076405,0.6297111629521688,0.7700771149987167
139,1.5418570240274654,0.26625601949788086,-0.7802724398568517,1.9674016296225532,0.3537643453011427,-1.380868928933525,-0.4255446055950878,-0.08750832580326184,0.6005964890766733,0.7412570816708568
140,1.5523110277061043,0.25590863889808746,-0.8198323548579955,1.9708994599769205,0.3349881501559047,-1.3923260084614568,-0.4185884322708162,-0.07907951125781726,0.5724936536034613,0.7135957035660703
141,1.563698648170026,0.24370847083286884,-0.8557552119961132,1.9742002020277007,0.3160779642170538,-1.4036155901318894,-0.41050155385767484,-0.07236949338418497,0.5478603781357763,0.6884038518364964
142,1.5745906039924327,0.2311649370640812,-0.8913163694962105,1.9773035257034395,0.29704135130683235,-1.4147489521538088,-0.4027129217110068,-0.06587641424275115,0.5234325826575983,0.6637010380089077
143,1.584977935364128,0.21830617186085452,-0.9267046384073261,1.9802091206743555,0.2778859258165868,-1.4257371079907708,-0.3952311853102275,-0.059579753955732256,0.4990324695834447,0.6393675332871577
144,1.5948495950633013,0.2051601406350019,-0.9620963774383583,1.9829166963833729,0.2586193496611108,-1.4365908219100985,-0.3880671013200716,-0.05345920902610887,0.47449444447174016,0.6153039411471417
145,1.6041926645492601,0.1917551711343874,-0.9976617325007033,1.985425982075177,0.23924932921398243,-1.4473206249233783,-0.3812333175259168,-0.047494158079595034,0.449658892422675,0.5914284884737062
146,1.6108158911693486,0.18149296502383538,-1.0284761088065355,1.9877367268232897,0.21978361222511697,-1.457936831014273,-0.3769208356539411,-0.038290647201281586,0.42946072220773757,0.5726883986360731
147,1.6170606895691986,0.17112966685096315,-1.0597464236346352,1.9898486995551619,0.20022998472177053,-1.4684495535690345,-0.3727880099859633,-0.029100317870807385,0.4087031299343993,0.5539458252461618
148,1.6228875845023834,0.16073819042207224,-1.0916046528848957,1.99176168907528,0.18059626789423294,-1.4788687219418666,-0.3688741045728967,-0.0198580774721607,0.38726406905697086,0.53519707346725
149,1.6282629159826023,0.15039273544609533,-1.1241900833681375,1.9934755040862868,0.1608903149674558,-1.4892040981017618,-0.3652125881036845,-0.010497579521360462,0.36501401473362427,0.5164549008743718
150,1.6331581910424855,0.14017031328091467,-1.1576538887861856,1.994989973208109,0.1411200080598672,-1.499465293319851,-0.3618317821656234,-0.0009496947789525423,0.3418114045336653,0.4977531283423554
151,1.6303396060076247,0.14659997247855616,-1.1842492879606616,1.9963049449950963,0.12129325503062975,-1.5096617848669232,-0.3659653389874715,0.02530671744792641,0.3254124969062615,0.49037164725437765
152,1.6275835844617497,0.15337112115653564,-1.21164153104895,1.997420287951166,0.10141798631660187,-1.5198029326997817,-0.36983670348941633,0.05195313483993377,0.30816140165083183,0.4841918678943504
153,1.6247818711184843,0.16083363641608722,-1.2400468752728557,1.998335890542952,0.08150215176026913,-1.5298979961226906,-0.37355401942446775,0.07933148465581809,0.2898511208498349,0.47942649295150297
154,1.6218113925091278,0.16948478188237875,-1.2696832724161247,1.9990516612109581,0.06155371742991314,-1.5399561504164885,-0.37724026870183036,0.10793106445246561,0.2702728780003638,0.4764522678995987
155,1.618173229468174,0.1811997715423428,-1.30077828037729,1.999567528378714,0.04158066243329049,-1.5499865034331373,-0.3813942989105399,0.1396191091090523,0.24920822305584722,0.4765079698268651
156,1.6222382679824106,0.16651274833912302,-1.3216899482174236,1.9998834404599326,0.02159097572609596,-1.5599981121576436,-0.37764517247752205,0.14492177261302708,0.23830816394022003,0.4694773450055264
157,1.625565470745757,0.1534336200166681,-1.3453367266908867,1.9999993658636692,0.0015926529164868282,-1.56999999924253,-0.37443389511791225,0.15184096710018127,0.2246632725516433,0.46230942791241453
158,1.6281927257246755,0.14197885317059825,-1.3716152865144668,1.9999152929974802,-0.018406306933053812,-1.580001169522415,-0.3717225672728046,0.16038516010365206,0.20838588300794814,0.45533036669912663
159,1.6301731128827512,0.13216803850750825,-1.400505592536762,1.9996312302685817,-0.03839790450523538,-1.5900106265178413,-0.36945811738583045,0.17056594301274364,0.18950503398107932,0.4488921912021622
160,1.6315738065090755,0.1240223936864558,-1.4320645709870061,1.9991472060830102,-0.058374143427580086,-1.600037388938299,-0.36757339957393476,0.1823965371140359,0.16797281795129293,0.44338873282485375
161,1.6304792575678964,0.13186139081809356,-1.447501985011298,1.998463268842781,-0.0783270334708653,-1.610090507194452,-0.36798401127488467,0.21018842428895884,0.162588522183154,0.4539013480975043
162,1.6291222443456437,0.14281185305556326,-1.466002484406483,1.997579486941048,-0.09824859374510869,-1.6201790799288849,-0.36845724259540424,0.24106044680067196,0.15417659552240193,0.4665204188882052
163,1.6276417677996422,0.1568876148857952,-1.4874792375112869,1.996495948755265,-0.11813085589181781,-1.6303122705732334,-0.3688541809556227,0.275018470777613,0.1428330330619465,0.4817570356631807
164,1.6262043305909168,0.17410028490240223,-1.5119402040014627,1.9952127626383473,-0.13796586727122728,-1.6404993239373136,-0.3690084320474305,0.31206615217362954,0.1285591199358509,0.5000799471816867
165,1.6250048430332213,0.19445674325039145,-1.539480956395846,1.9937300569078378,-0.15774569414324865,-1.6507495828327603,-0.36872521387461643,0.3522024373936401,0.11126862643691426,0.5219056883020726
166,1.6255515913741525,0.17700302646790209,-1.543140140476379,1.9920479798330735,-0.17746242484086058,-1.6610725047296746,-0.36649638845892096,0.35446545130876267,0.11793236425329567,0.5233291521244819
167,1.6259962094860996,0.16093050137389942,-1.5507959810051888,1.9901666996203604,-0.19710817293466984,-1.671477678439753,-0.36417049013426084,0.3580386743085693,0.12068169743456414,0.5247627180745152
168,1.6262900963558056,0.14623837127377215,-1.5621642472816148,1.988086404396152,-0.21667508038737962,-1.6819748408132476,-0.36179630804034635,0.36291345166115174,0.1198105935316327,0.5262673467265838
169,1.6264050005490704,0.13292740267928832,-1.5770585412885147,1.985807302188237,-0.236155320696897,-1.692573893429715,-0.35940230163916653,0.3690827233761853,0.11551535214120023,0.5279544182016263
170,1.6263303062198746,0.12099977661635594,-1.595381899795225,1.9833296209049371,-0.2555411020268312,-1.7032849192537511,-0.3569993146850625,0.3765408786431872,0.1079030194585262,0.5299760424615955
171,1.6266519677380178,0.1340804848044183,-1.6009306263483347,1.980653608312316,-0.27482467032312397,-1.714118199216562,-0.3540016405742983,0.4089051551275423,0.11318757286822723,0.5525685605162262
172,1.6271401161975938,0.15027467877032452,-1.6102095965108778,1.977779532009403,-0.2939983124155676,-1.725084228672093,-0.35063941581180913,0.44427299118589214,0.1148746321612153,0.5775142177750096
173,1.6279013218353608,0.16957811257996358,-1.6230186897442316,1.9747076794014329,-0.3130543591029702,-1.7361937336623283,-0.34680635756607203,0.4826324716829338,0.11317504391809674,0.6049936718155713
174,1.6290724149807103,0.19198285058121517,-1.6394073864751721,1.971438357671107,-0.33198518822073414,-1.7474576869099745,-0.34236594269039666,0.5239680388019493,0.10805030043480235,0.6351628230810554
175,1.6308242040542051,0.21747494154580937,-1.6596095484697175,1.9679718937478738,-0.35078322768961984,-1.7588873234378162,-0.3371476896936687,0.5682581692354292,0.09927777496809864,0.6681631448764563
176,1.6287105635309262,0.19373883286021132,-1.6655706387966738,1.964308634275237,-0.36944095854447706,-1.7704941556922353,-0.3355980707443107,0.5631797914046883,0.10492351689556156,0.663932592159524
177,1.6265422882032998,0.17092907089164192,-1.6752741925039614,1.960448945576091,-0.3879509179417303,-1.7822899880233805,-0.3339066573727911,0.5588799888333722,0.10701579551941909,0.6597672909798689
178,1.6242484608474657,0.14905386244969718,-1.68872020959158,1.9563932136160893,-0.40630570214441675,-1.7942869303459041,-0.33214475276862365,0.555359564594114,0.10556672075432405,0.6556589931578117
179,1.6217686531152584,0.12812254444340335,-1.70590869005953,1.9521418439650484,-0.4244979694835826,-1.8064974107716563,-0.33037319084979,0.552620513926986,0.10058872071212632,0.6516547923400088
180,1.6190530329063968,0.10814602171051403,-1.726839633907811,1.9476952617563903,-0.44252044329485246,-1.818934186968815,-0.3286422288499935,0.5506664650053665,0.092094553061004,0.6478585316012317
181,1.6215988374812056,0.12432811863461685,-1.7339522068658932,1.9430539116446306,-0.46036591482899825,-1.8316103559602837,-0.321455074163425,0.584694033463615,0.09765814909439041,0.6743423400305709
182,1.6247656473997032,0.14356530414189816,-1.7447726491963704,1.9382182577609126,-0.47802724613534286,-1.8445393620273418,-0.3134526103612094,0.621592550277241,0.09976671283097138,0.703266119254666
183,1.628679624586043,0.16583504815635872,-1.7593009608992425,1.933188783666595,-0.4954973729168449,-1.8577350023321744,-0.304509159080552,0.6613324210732037,0.09843404143293188,0.7346942626966065
184,1.6335004346408315,0.19110537355908858,-1.7775371419745092,1.9279659923048962,-0.5127693073557238,-1.871211429814701,-0.2944655576640647,0.7038746809148124,0.09367428784019172,0.7687160745591994
185,1.6394206661220219,0.21933222902491764,-1.7994811924221707,1.9225504059505998,-0.5298361409084934,-1.884983152854841,-0.2831297398285779,0.7491683699334111,0.08550196043267033,0.8054354606806882
186,1.6338130389224579,0.1952399871860445,-1.8060984846204569,1.9169425661578283,-0.5466910470692872,-1.899065031120944,-0.28312952723537044,0.7419310342553317,0.09296654650048719,0.7995415983874372
187,1.6282428264600493,0.172005908657828,-1.8163983782293127,1.911143033705888,-0.5633272841003701,-1.9134722669486295,-0.28290020724583864,0.7353331927581981,0.09707388871931677,0.7938329619654213
188,1.6226387621336253,0.14964889327590564,-1.8303808732487385,1.9051523885431907,-0.5797381977287431,-1.928220391512157,-0.28251362640956534,0.7293870910046487,0.09783951826341841,0.788284243763203
189,1.6169392296057556,0.1281879302479491,-1.8480459696787344,1.898971229729261,-0.5959172238077642,-1.9433252449633298,-0.28203200012350527,0.7241051540557133,0.09527927528459545,0.7829102525337568
190,1.6110924482606004,0.10764255086674265,-1.8693936675193001,1.892600175374829,-0.6118578909427194,-1.958802949622059,-0.28150772711422856,0.719500441809462,0.08940928210275878,0.7777669997596715
191,1.6162455479580389,0.1243842632744544,-1.881444782942201,1.886039862580021,-0.6275538230792937,-1.9746698752097716,-0.2697943146219821,0.7519380863537481,0.09322509226757059,0.8042952043497331
192,1.6225518287975864,0.14402738820918404,-1.8973965011741347,1.8792909473706498,-0.6429987420539088,-1.9909425950243342,-0.2567391185730634,0.7870261302630929,0.09354609385019952,0.833112223171166
193,1.6301696089181017,0.16651659012827025,-1.9172488222151014,1.8723541046326122,-0.6581864701049049,-2.007637831866406,-0.2421844957145105,0.8247030602331752,0.09038900965130447,0.8642676903530524
194,1.639289641909977,0.19177889592448172,-1.941001746065101,1.865230028044401,-0.6731109323435617,-2.024772392446539,-0.22594038613442402,0.8648898282680434,0.08377064638143783,0.8978312727474256
195,1.650133681609941,0.2197202862834273,-1.9686552727241335,1.8579194300077386,-0.6877661591839738,-2.0423630889355304,-0.20778574839779762,0.9074864454674011,0.07370781621139688,0.9338840442554656
196,1.6399950453779548,0.1955962833531097,-1.9753252256413165,1.8504230415763365,-0.7021462887308055,-2.060426646274568,-0.2104279961983817,0.8977425720839152,0.08510142063325166,0.9259934768181185
197,1.6299974921710707,0.17224525903159568,-1.985690633498741,1.8427416123827909,-0.7162455691239705,-2.078979593845187,-0.21274412021172018,0.8884908281555662,0.09328896034644618,0.9183565987805301
198,1.620067489138181,0.14970076856858838,-1.9997514962964067,1.8348759105636196,-0.7300583608392996,-2.0980381401223296,-0.21480842142543866,0.879759129407888,0.09828664382592289,0.910922086704663
199,1.6101403697906034,0.12799536431228187,-2.017507814034314,1.8268267226824504,-0.7435791389442745,-2.1176180290088564,-0.216686352891847,0.8715745032565564,0.10011021497454253,0.903668714407405
200,1.600160643624578,0.10716110745866932,-2.0389595867124624,1.8185948536513634,-0.7568024953079283,-2.137734376690414,-0.2184342100267853,0.8639636027665977,0.09877478997795164,0.8966064187538775
201,1.6080100440148226,0.12268426754906621,-2.0578402388424037,1.8101811266504018,-0.7697231407640244,-2.1584014880706035,-0.20217108263557915,0.8924074083130906,0.10056124922819976,0.9205306588661051
202,1.6176083880144148,0.14080813121280766,-2.0810002419235807,1.8015863830452545,-0.7823359072266528,-2.179632652163961,-0.18397799503083978,0.9231440384394605,0.09863241024038016,0.9464518850484215
203,1.6291444738261778,0.16142203455751142,-2.1084395959559927,1.7928114823031196,-0.7946357497573974,-2.201439916254256,-0.16366700847694182,0.9560577843149087,0.09300032029826344,0.9744138936758361
204,1.6428363587942816,0.1843861110177772,-2.1401583009396403,1.7838573019067592,-0.8066177485832404,-2.22383383918308,-0.1410209431124776,0.9910038596010176,0.08367553824343954,1.004478547227752
205,1.658928219322473,0.20952694176086023,-2.1761563568745235,1.774724737266751,-0.8182771110644103,-2.246823224830935,-0.11579651794427792,1.0278040528252705,0.07066686795641175,1.0367178067337515
206,1.6452252370055696,0.1897259342633498,-2.186048417509664,1.7654147016319481,-0.8296091736113709,-2.270414837697643,-0.12018946462637858,1.0193351078747206,0.0843664201879788,1.029857884568778
207,1.6318333611194151,0.17077781412051293,-2.1997917210041833,1.7559281259981563,-0.8406094035501944,-2.294613103481373,-0.12409476487874116,1.0113872176707073,0.09482138247718952,1.0233741785451156
208,1.6186984511004,0.1527248705198609,-2.217386267358081,1.746265959015033,-0.8512734009355746,-2.319419798686549,-0.127567507914633,1.0039982714554354,0.10203353132846793,1.0172004913862407
209,1.605776459940384,0.135605966401036,-2.238832056571357,1.7364291668912253,-0.8615969003107405,-2.3448337345377843,-0.1306527069508412,0.9972028667117765,0.10600167796642745,1.0112962191877637
210,1.5930337354357702,0.1194567599612028,-2.2641290886440113,1.7264187332977474,-0.8715757724135882,-2.3708504418018905,-0.13338499786197722,0.9910325323747909,0.10672135315787923,1.0056472965705618
211,1.6043404062330724,0.13306360617266175,-2.290363226129077,1.7162356592696177,-0.8812060258283252,-2.3974618644663783,-0.11189525303654535,1.014269632000987,0.10709863833730138,1.0260280465880227
212,1.618053320734378,0.14871222459870476,-2.3212540522387575,1.7058809631057523,-0.8904838085819884,-2.424656071515499,-0.08782764237137441,1.039196033180693,0.10340201927674153,1.0480143451945254
213,1.6343676136565841,0.16620834929941697,-2.3568015669730524,1.6953556802671397,-0.8994054096851778,-2.4524169971891108,-0.06098806661055556,1.0656137589845947,0.09561543021605834,1.0716317175697876
214,1.6534976476392844,0.18531517057227265,-2.3970057703319623,1.6846608632732913,-0.9079672606164054,-2.4807242209956297,-0.031163215634006924,1.093282431188678,0.08371845066366745,1.096925885981365
215,1.675671132333812,0.20574883686049966,-2.441866662315487,1.6737975815969954,-0.9161659367494548,-2.509552799257385,0.0018735507368166093,1.1219147736099544,0.06768613694189796,1.12395626363785
216,1.655268277886078,0.18857330420744664,-2.4546433041326523,1.6627669215573662,-0.9239981587231878,-2.5388731599736905,-0.007498643671288052,1.1125714629306345,0.08422985584103815,1.1157805153342315
217,1.6352163286969854,0.17212628886179368,-2.4714354333930366,1.651569986211216,-0.9314607937532425,-2.5686510721830618,-0.01635365751423068,1.1035870826150362,0.09721563879002515,1.1079813949043604
218,1.615467470746355,0.15647511930094787,-2.49224305009664,1.6402078952427483,-0.938550856885108,-2.598847699706418,-0.024740424496393354,1.095025976186056,0.10660464960977789,1.1004810441097612
219,1.5959830594925455,0.14168297049263756,-2.5170661542434623,1.628681784851592,-0.9452655121880635,-2.6294197471130945,-0.0326987253590465,1.0869484826807012,0.1123535928696322,1.0932289515342613
220,1.5767341714025234,0.12780905124627184,-2.5459047458335036,1.6169928076391802,-0.951602073889516,-2.6603197029822847,-0.04025863623665682,1.0794111251357879,0.11441495714878114,1.0862043625754318
221,1.5913831818301067,0.13773851749685806,-2.5723168996418275,1.6051421324934945,-0.957558007449271,-2.691496182110619,-0.013758950663387726,1.095296524946129,0.11917928246879139,1.1018473068679706
222,1.60891633385499,0.1489588095657894,-2.6034001853241016,1.593130944472173,-0.9631309305733167,-2.722894364390203,0.01578538938281704,1.112089740139106,0.11949417906610149,1.1186025332848633
223,1.629467725191593,0.16122748202299933,-2.6391546028803257,1.5809604446840095,-0.9683186141667071,-2.7544565238654024,0.04850728050758346,1.1295460961897064,0.11530192098507674,1.1364514387612414
224,1.6531779855958972,0.174255615625598,-2.6795801523105,1.5686318501688397,-0.9731189832251738,-2.7861226372410264,0.08454613542705758,1.1473745988507718,0.10654248493052654,1.1554080751833056
225,1.6801873061692305,0.18770511702269274,-2.724676833614624,1.5561463937758424,-0.9775301176650971,-2.817831057161089,0.1240409123933881,1.16523523468779,0.09315422354646508,1.1755156355701262
226,1.6600700406747961,0.17879561519767884,-2.744721510262262,1.5435053240402514,-0.9815502530915156,-2.8495192322111245,0.11656471663454471,1.1603458682891943,0.1047977219488625,1.170885318784708
227,1.6406834451388659,0.17067050056661623,-2.7691312670808386,1.5307099050585071,-0.9851777815038596,-2.881124453092601,0.10997354008035876,1.1558482820704759,0.11199318601176245,1.166456987803726
228,1.6220185073242182,0.16337815517604357,-2.7979061040703543,1.5177614163618436,-0.9884112519391307,-2.912584602987957,0.10425709096237457,1.1517894071151742,0.11467849891760284,1.162170184384652
229,1.6040755816011434,0.15695655862417543,-2.831046021230809,1.5046611527883413,-0.991249371052267,-2.9438388899030694,0.09941442881280205,1.1482059296764424,0.11279286867226057,1.1580079087914887
230,1.5868642789615484,0.15143292953942242,-2.868551018562202,1.49141042435344,-0.9936910036334646,-2.974828539761162,0.09545385460810829,1.145123933172887,0.10627752119895995,1.1539996413331697
231,1.6044386059132567,0.15635436522287727,-2.8959266348700012,1.4780105561189416,-0.9957351730622453,-3.0054974311418126,0.1264280497943151,1.1520895382851226,0.10957079627181132,1.1641735761459542
232,1.6251673822252026,0.16155170044793968,-2.9279822511778004,1.4644628880605028,-0.9973810616980933,-3.0357926556293995,0.16070449416469978,1.158932762146033,0.10781040445159906,1.1749783678554184
233,1.6491011730286422,0.16674341331076284,-2.964717867485599,1.450768774933639,-0.9986280112074989,-3.0656649915020315,0.19833239809500314,1.1653714245182618,0.10094712401643235,1.1864301998284714
234,1.6762808171212518,0.1716015750528556,-3.006133483793398,1.4369295861382525,-0.9994755228272841,-3.095069282657533,0.23935123098299926,1.1710770978801397,0.08893579886413505,1.1985909048845855
235,1.7067297198192155,0.1757515722629309,-3.0522291001011967,1.4229467055816887,-0.9999232575641009,-3.1239647189303588,0.28378301423752683,1.1756748298270319,0.07173561882916202,1.2115651462745862
236,1.6787487234473433,0.17324441351435999,-3.0661635156114055,1.4088215315403525,-0.9999710363300245,3.1308702891621087,0.26992719190699077,1.1732154498443845,0.0861515024060715,1.2069454262936574
237,1.651382431357476,0.17117627393929982,-3.08412636884137,1.3945554765198755,-0.9996188400141854,3.1030967943149705,0.25682695483760054,1.1707951139534853,0.09596214402324588,1.2024683017335833
238,1.6246311027822296,0.1696372799897646,-3.106117659791089,1.3801499671138728,-0.9988668094904141,3.0759271557872387,0.24448113566835672,1.1685040894801786,0.10114049160125838,1.1980827316470823
239,1.5985007599259806,0.1687099171853134,-3.132137388460564,1.3656064438612794,-0.9977152455608932,3.0493838894183343,0.23289431606470123,1.1664251627462066,0.10166402930068763,1.193785155543664
240,1.5730038732332803,0.1684688301770645,3.120999752329792,1.350926361102302,-0.9961646088358407,3.023485121228019,0.22207751213097837,1.1646334390129052,0.09751463110177294,1.1896211884210142
241,1.5930810063009995,0.1680553253052274,3.093565657455555,1.336111186832982,-0.9942155195492715,2.998244789888664,0.25696981946801745,1.162270844854499,0.09532086756689084,1.1941495185737507
242,1.6157028399960227,0.1669680304752458,3.0614515625813175,1.3211624025584014,-0.9918687573109126,2.9736728934044856,0.29454043743762126,1.1588367877861585,0.08777866917683186,1.198900273073179
243,1.6408083473993438,0.16495172924384924,3.02465746770708,1.3060815031445296,-0.9891252607943699,2.9497757684852686,0.33472684425481414,1.154076990038219,0.07488169922181154,1.203969695664641
244,1.6684052693361402,0.16170988842498307,2.9831833728328427,1.2908699966687414,-0.9859861273616702,2.926556391859662,0.37753527266739884,1.1476960157866534,0.05662698097318053,1.2095228983920652
245,1.69878941660511,0.15685608982917104,2.9370292779586054,1.2755294042690073,-0.9824526126243325,2.904014693833692,0.4232600123361028,1.1393087024535036,0.033014584124913426,1.2158385255838806
246,1.6833831391747995,0.16005235869672527,2.9358751776124135,1.2600612599917844,-0.9785261299411385,2.8821478756489345,0.4233218791830151,1.1385784886378638,0.05372730196347897,1.2159148864785712
247,1.6692576672714123,0.16299991275634282,2.9314331987051814,1.2444671106386094,-0.9742082498528091,2.860950723530911,0.42479055663280296,1.137208162609152,0.07048247517427031,1.2160004940031814
248,1.6570242943705065,0.16560940311828315,2.923703341236909,1.2287485156114235,-0.9695006994538089,2.8404159136590224,0.42827577875908296,1.135110102572092,0.08328742757788676,1.2160723182547435
249,1.6465201458954541,0.16793506602145744,2.9126856052075967,1.2129070467566294,-0.9644053617015306,2.820534303571183,0.43361309913882473,1.132340427722988,0.0921513016364135,1.2160209810665032
250,1.637354640197455,0.170070544400103,2.898379990617244,1.196944288207913,-0.9589242746631386,2.8012952066945758,0.4404103519895419,1.1289948190632415,0.09708478392266828,1.2157368279691558
251,1.6587323043505442,0.1647662232197118,2.8709020840518114,1.1808618362278254,-0.9530596307003675,2.7826866477405034,0.47787046812271883,1.1178258539200794,0.0882154363113079,1.2188834182150383
252,1.6816169521729998,0.15841569358692345,2.8387441774863786,1.1646612990481637,-0.9468137755926088,2.764695597602315,0.516955653124836,1.1052294691795324,0.07404857988406377,1.2223986743380588
253,1.706125804514636,0.150757656254652,2.801906270920946,1.1483442967091446,-0.9401892075986285,2.7473081871477145,0.5577815078054913,1.0909468638532804,0.05459808377323139,1.2264853121634944
254,1.732406926129535,0.14147032687664726,2.7603883643555136,1.1319124608974056,-0.9331885764572977,2.7305098999059307,0.6004944652321293,1.0746589033339449,0.029878464449582864,1.231413043591468
255,1.7609947225033948,0.13001205780776467,2.7141904577900813,1.1153674347828333,-0.9258146823277321,2.71428574412675,0.6456272877205615,1.0558267401354968,-9.528633666855413e-05,1.2375801828221251
256,1.747999128240514,0.13593129822010147,2.7180611755089044,1.0987108728542532,-0.918070474669267,2.69862040504676,0.6492882553862609,1.0540017728893685,0.019440770462144208,1.2380924518761223
257,1.7362450345751834,0.14123022001267768,2.7189053177790625,1.081944440753977,-0.9099590510617106,2.6834983784538204,0.6543005938212063,1.0511892710743882,0.03540693932524208,1.2386935868281017
258,1.725751267637651,0.1459503131297076,2.7167228846005558,1.0650698151112423,-0.9014836559663549,2.6689040868100813,0.6606814525264086,1.0474339690960626,0.04781879779047449,1.2393161577058789
259,1.716531377946491,0.15012163329648198,2.711513875973384,1.0480886833745522,-0.8926476794282346,2.6548219792921417,0.6684426945719388,1.0427693127247166,0.056691896681242415,1.2399183225665669
260,1.7085938977307025,0.15376268544054816,2.7032782918975475,1.0310027436429283,-0.8834546557201532,2.6412366171483908,0.6775911540877742,1.0372173411607015,0.06204167474915678,1.2404832744975471
261,1.6900943097571794,0.16243386641919613,2.676292825481222,1.0138137044961069,-0.8739082619290224,2.6281327457710297,0.6762806052610726,1.0363421283482186,0.04816007971019243,1.2384182885113133
262,1.6733296170290821,0.17085086512348227,2.6446273590212863,0.9965232848236771,-0.8640123164850744,2.615495354844479,0.676806332205405,1.0348631816085567,0.029132004176807502,1.2368739990919346
263,1.6581093474504687,0.1791058613848226,2.6082818925177396,0.979133213653199,-0.8537707776345435,2.603309727872266,0.6789761337972696,1.032876639019366,0.004972164645473676,1.2360693605617328
264,1.6441882497291773,0.18732450180424712,2.5672564259705823,0.9616452299772965,-0.8431877418564168,2.591561482308587,0.6825430197518808,1.030512243660664,-0.024305056338004505,1.23628928407155
265,1.6313866119441314,0.19560848472474401,2.521550959379814,0.9440610825797653,-0.8322674422239013,2.5802366014347324,0.6873255293643661,1.0278759269486453,-0.05868564205491822,1.2378971318732186
266,1.640997708191763,0.1887464315676293,2.498851627825818,0.9263825298606904,-0.821014246711247,2.56932145902926,0.7146151783310727,1.0097606782788764,-0.07046983120344175,1.2390550744858797
267,1.651404189653101,0.1809539224793934,2.471664881074768,0.9086113396606129,-0.8094326564466194,2.558802837787985,0.7427928499924882,0.9903865789260129,-0.08713795671321689,1.2410478706387151
268,1.6627470594361693,0.1719688199575849,2.439990719126663,0.8907492890837423,-0.7975273039117043,2.5486679423582137,0.771997770352427,0.9694961238692892,-0.10867722323155071,1.2440715535997176
269,1.6754880381397812,0.16120230423659618,2.403829141981504,0.8727981643202526,-0.7853029510887806,2.538904407763251,0.8026898738195286,0.9465052553253768,-0.13507526578174733,1.248370361438054
270,1.689788694947904,0.14820305349046306,2.3631801496392906,0.8547597604676596,-0.7727644875559871,2.5295003039093875,0.8350289344802444,0.9209675410464502,-0.16632015427009694,1.2542395810995546
271,1.6625053551967144,0.17510784723733866,2.409997401727684,0.836635881351318,-0.759916928531561,2.5204441367892327,0.8258694738453964,0.9350247757688996,-0.11044673506154856,1.2524097573945632
272,1.6340596209308789,0.20064627077905467,2.4561105571336452,0.8184283393440346,-0.7467654128678123,2.5117248469228364,0.8156312815868443,0.9474116836468669,-0.05561428978919114,1.2513737391532336
273,1.6045364398757085,0.22478940897585148,2.5015196158571738,0.800138955184839,-0.7333152009956565,2.503331805511806,0.8043974846908695,0.958104609971508,-0.0018121896546321459,1.2510088093442817
274,1.5741118591230019,0.2474452967838226,2.5462245778982697,0.7817695577969044,-0.7195716728205074,2.495254808721464,0.7923423013260975,0.96701696960433,0.050969769176805624,1.2512098382539258
275,1.5431930654680859,0.268388400610319,2.590505294666382,0.7633219841046633,-0.7055403255703919,2.4874840704519436,0.7798710813634225,0.9739287261807109,0.10302122421443816,1.2519382731850552
276,1.5264897728202955,0.2786542828046355,2.5877286348170494,0.7447980788501106,-0.6912267715971264,2.4800102139105666,0.7816916939701849,0.969881054401762,0.10771842090648276,1.2503257264857175
277,1.5104480058874374,0.288575062679666,2.5814736634960425,0.7261996944083366,-0.6766367361314569,2.4728242622546763,0.7842483114791008,0.9652117988111228,0.10864940124136613,1.24839253562817
278,1.4949868715318764,0.29827097671989944,2.5717403807033614,0.7075286906022854,-0.6617760549930369,2.4659176285357978,0.787458180929591,0.9600470317129364,0.10582275216756365,1.2461858387456013
279,1.480058089283331,0.30783674550296103,2.5585287864390063,0.68878693451678,-0.6466506722561834,2.4592821051422575,0.7912711547665511,0.9544874177591445,0.09924668129674874,1.2437870295088822
280,1.465641370318661,0.3173453831680224,2.5418388807029766,0.6699763003118093,-0.631266637872321,2.452909852907744,0.7956650700068517,0.9486120210403434,0.0889290277952326,1.241312225862558
281,1.4829503387009608,0.305509936437591,2.541445961735586,0.65109866903512,-0.6156301052500863,2.446793390027349,0.8318516696658408,0.9211400416876774,0.09465257170823671,1.2447631445609264
282,1.500853261149453,0.29325803243280507,2.5377776583613683,0.6321559284341076,-0.5997473287940437,2.440925580900035,0.8686973327153453,0.8930053612268487,0.09685207746133306,1.2495895149829106
283,1.5204183942878848,0.2797629413704608,2.530833970580324,0.6131499727670459,-0.5836246614030073,2.435299624996844,0.907268421520839,0.8633876027734682,0.09553434558347984,1.2560656640868322
284,1.5424452958682195,0.2643430364117874,2.520614898392453,0.5940827026136648,-0.5672685519289687,2.4299090458371793,0.9483625932545547,0.8316115883407562,0.09070585255527375,1.2645936081741511
285,1.5668510000184177,0.24688353436401933,2.5071204417977553,0.5749560246850888,-0.5506855425976376,2.4247476801408347,0.9918949753333289,0.7975690769616569,0.08237276165692053,1.2754439801418025
286,1.536782323610853,0.26901368509887724,2.510418621385067,0.5557718516331736,-0.5338822663916443,2.419809667210888,0.9810104719776795,0.8028959514905215,0.0906089541741788,1.270918344200869
287,1.5067611438103947,0.29095659856281064,2.510546367580034,0.5365321018592358,-0.5168654443974288,2.4150894385917674,0.9702290419511589,0.8078220429602394,0.09545692898826674,1.2661093444998301
288,1.476857494507867,0.3128077469373124,2.5075036803826567,0.5172386993222217,-0.4996418831169025,2.410581708037644,0.9596187951856453,0.8124496300542149,0.09692197234501254,1.261085446023396
289,1.4471405350123523,0.33466148592587286,2.5012905597929347,0.49789357334630513,-0.48221847174493154,2.4062814618184905,0.9492469616660472,0.8168799576708043,0.09500909797444423,1.2559416340636194
290,1.4176794425093495,0.35661039715313014,2.491907005810868,0.47849865842796485,-0.4646021794137574,2.402183949384547,0.9391807840813846,0.8212125765668876,0.08972305642632117,1.2508000911232104
291,1.4313115522179523,0.34625396756344934,2.4662271964240143,0.4590558940425284,-0.44680005240543,2.398284674404404,0.9722556581754238,0.7930540199688794,0.06794252201961015,1.2565157896904087
292,1.4440010122582132,0.33608939643090335,2.4418393504664597,0.4395672244502339,-0.42881921133339584,2.394579386187274,1.0044337878079794,0.7649086077642993,0.04725996427918577,1.2634104307571128
293,1.4558234766003684,0.3261364567726586,2.418658080879465,0.4200345985017983,-0.41066684829434086,2.3910640714961615,1.03578887809857,0.7368033050669995,0.027594009383303586,1.2714161945264792
294,1.4668487466836688,0.3164091553553858,2.3966036439140277,0.40045996944354106,-0.39235022399145386,2.387734946755494,1.0663887772401277,0.7087593793468396,0.008868697158533667,1.2804700448761392
295,1.4771410998640941,0.30691672401865017,2.3756015661593195,0.3808452947220541,-0.373876664830236,2.3845884506541766,1.0962958051420402,0.6807933888488862,-0.008986884494857073,1.2905134229310862
296,1.4601069653875751,0.3233022001358191,2.4061316910976833,0.36119253578846583,-0.35525355998804264,2.381621237142953,1.0989144295991093,0.6785557601238618,0.024510453954730504,1.2917629834963822
297,1.4436162091075655,0.33822304384325785,2.434146722249396,0.34150365790229065,-0.3364883584585042,2.3788301688233062,1.1021125512052747,0.6747114023017621,0.055316553426089765,1.29342470712568
298,1.4277754245043455,0.3517684575031809,2.4596466596144575,0.3217806299349115,-0.31758856607203484,2.3762123107238504,1.105994794569434,0.6693570235752158,0.08343434889060708,1.295463083688206
299,1.412678671407564,0.36402528483295576,2.4826315031928683,0.3020254241726877,-0.2985617424935936,2.373764924459197,1.1106532472348765,0.6625870273265493,0.10886657873367112,1.2978536652257773
300,1.3984084059476918,0.3750767729640825,2.503101252984628,0.2822400161197344,-0.27941549819892586,2.371485462765573,1.1161683898279573,0.6544922711630083,0.13161579021905512,1.3005824555552923
301,1.3997944964652789,0.37404801441044794,2.5005120291742173,0.2624263843003676,-0.260157491430468,2.3693715644070066,1.1373681121649113,0.634205505840916,0.13114046476721075,1.3088241546166033
302,1.400818557325613,0.3732838347597413,2.49859538884163,0.2425865100612595,-0.2407954251341592,2.3674210494456176,1.1582320472643535,0.6140792598939004,0.1311743393960123,1.3174982049543735
303,1.4015108582333595,0.3727651538913674,2.497297814806097,0.22272237737329917,-0.22133704387835867,2.365631914869418,1.1787884808600604,0.5941021977697261,0.13166589993667888,1.326587959092545
304,1.4018987692270402,0.3724737392710237,2.496570048226122,0.20283597263320371,-0.2017901307561289,2.364002330571082,1.1990627965938365,0.5742638700271525,0.13256771765504016,1.336078134825303
305,1.402007071220228,0.3723922550113065,2.4963667497652384,0.1829292844648735,-0.182162504272095,2.3625306356712543,1.2190777867553544,0.5545547592834015,0.1338361140939841,1.345954581938032
306,1.3976962020703527,0.3756370396923101,2.5044601109965314,0.16300430352053824,-0.16246201521515416,2.3612153351802236,1.2346918985498145,0.5380990549074642,0.1432447758163078,1.3544496088948883
307,1.3935341151606522,0.37871738475520306,2.5122270833531433,0.14306302228168652,-0.14269654351825772,2.360055096992098,1.2504710928789657,0.5214139282734608,0.15217198636104534,1.3633439595922017
308,1.389510597769712,0.38164708271209163,2.5196927782441794,0.1231074348598263,-0.12287399510655006,2.3590487492060004,1.2664031629098857,0.5045210778186417,0.16064402903817898,1.372634326052305
309,1.38561600755677,0.38443865130263893,2.526880375080088,0.10313953679706928,-0.10300229873509785,2.3581952777692634,1.2824764707597007,0.4874409500377368,0.1686850973108247,1.3823166207062372
310,1.3818412601021275,0.3871034578983734,2.5338112699150104,0.08316132486658098,-0.0830894028174964,2.3574938244380585,1.2986799352355465,0.4701928607158698,0.17631744547695183,1.3923859888806318
311,1.3568361825344328,0.4044975296364363,2.5780638210733415,0.06317479687290779,-0.06314327224661277,2.356943685051464,1.293661385661525,0.4676408018830491,0.22112013602187774,1.3932486550834535
312,1.332362635274596,0.41996178537989,2.6198238396780185,0.04318195145219192,-0.04317188520872868,2.3565443081154838,1.2891806838224042,0.46313367058861865,0.2632795315625347,1.3949178270111386
313,1.3085739176173283,0.4336382258621424,2.6590913257290407,0.02318478787231655,-0.02318322999237945,2.356295293694157,1.2853891297450117,0.45682145585452183,0.3027960320348839,1.397353389236865
314,1.2856042659768754,0.4456695978496476,2.6958662792264083,0.0031853058329736565,-0.0031853017931379904,2.356196392605459,1.2824189601439018,0.4488548996427856,0.3396698866209493,1.400515884289425
315,1.2635702765744607,0.45619732890737075,2.7301487001701212,-0.016814494734297237,0.016813900484349713,2.3562475059203347,1.280384771308758,0.439383428423021,0.3739011942497865,1.4043664275514296
316,1.2527971442156067,0.4608981745065793,2.7477746666945055,-0.03681261386610762,0.03680637742582691,2.3564486847638113,1.2896097580817143,0.42409179708075234,0.39132598193069423,1.41282808742776
317,1.2398615054837672,0.4662732564338915,2.7687818314903407,-0.05680705176720758,0.05678413230707805,2.3568001304177795,1.2966685572509749,0.40948912412681343,0.41198170107256127,1.4208306064271388
318,1.2250763816699903,0.4720557239095841,2.792590934765257,-0.07679580901047076,0.07673917429251892,2.3573021947256567,1.3018721906804611,0.3953165496170652,0.43528874003960016,1.4285036445433197
319,1.2087033370444236,0.4780138356943218,2.8187219542989275,-0.0967768867368283,0.09666352163141724,2.357955380799775,1.305480223781252,0.3813503140629046,0.4607665734991526,1.4359709300588135
320,1.1909638843134436,0.48394907348005634,2.846777104270479,-0.11674828685516017,0.11654920485049365,2.358760344032969,1.3077121711686037,0.3673998686295627,0.48801676023750984,1.443348240849809
321,1.1713694606192815,0.48989920923796865,2.87747722424772,-0.13670801224209556,0.13638826994159764,2.359717893416455,1.308077472861377,0.353510939296371,0.5177593308312649,1.4505555431876604
322,1.1499042552947647,0.49570411048672974,2.9108163744385966,-0.1566540669417306,0.1561727815432119,2.3608289931666846,1.3065583222364954,0.33953132894351784,0.549987381271912,1.4576907395939418
323,1.126914447460669,0.5011058497285354,2.946226126059507,-0.1765844563652152,0.175894826114484,2.3620947646644646,1.3034989038258842,0.3252110236140514,0.5841313613950425,1.464950869319721
324,1.1026859565085434,0.5059004417811827,2.9832604859398844,-0.19649718749021736,0.19554651510054424,2.363516488710183,1.2991831439987607,0.31035392668063844,0.6197439972297012,1.4725077329368574
325,1.0774578786845814,0.5099285749437638,3.0215695247412966,-0.21639026906021674,0.21511998808781552,2.365095608099521,1.2938481477447983,0.29480858685594824,0.6564739166417755,1.4805111061851712
326,1.0516948075941481,0.5130356735158108,3.0604727557824263,-0.23626171178363561,0.23460741594808077,2.366833730524539,1.2879565193777838,0.27842825756773004,0.6936390252578875,1.4891236979447509
327,1.0240743429351857,0.5152811703993403,3.1020214230235656,-0.25610952853275937,0.2540010039700232,2.3687326318054684,1.280183871467945,0.2612801664293171,0.7332887912180972,1.4982825239126583
328,0.9951242887382211,0.5164273579962891,-3.137721580683878,-0.27593173454245457,0.2732929949770132,2.3707942594589726,1.2710560232806758,0.24313436301927593,0.7746694670367358,1.508247498243526
329,0.9652490352876198,0.5163117081344196,-3.0929237887764613,-0.29572634760863703,0.29247567242986966,2.373020736608938,1.2609753828962569,0.22383603570454996,0.8172407817941867,1.5192247965912957
330,0.9347635044998631,0.5148268393902986,-3.0471557213387825,-0.3154913882864973,0.3115413635133787,2.3754143662461753,1.2502548927863604,0.20328547587691992,0.860615219594628,1.5313787375553602
331,0.9049686904377048,0.5120047140085724,-3.006214786870954,-0.33522488008843665,0.3304824422053109,2.3779776358435334,1.2401935705261415,0.18152227180326147,0.8989928844650983,1.542471599042872
332,0.8744813474476084,0.5078520023557667,-2.975265904138817,-0.35492484968172117,0.34929133232673576,2.3807132223330263,1.2294061971293295,0.1585606700290309,0.927206180707743,1.547996248433017
333,0.8435567395787827,0.5026604502741495,-2.953366038889106,-0.37458932708580633,0.36796051057238466,2.3836239974514886,1.2181460666645891,0.13469993970176486,0.9461952708389916,1.5483247088528107
334,0.8123485671830809,0.4967158712442105,-2.9394436204705943,-0.3942163458693397,0.38648250951987934,2.3867130334610547,1.2065649130524205,0.11023336172433118,0.9570286532479368,1.543973486360372
335,0.7809436925656243,0.4902794938886893,-2.9324208010801,-0.41380394334679954,0.40484992061659836,2.389983609250355,1.1947476359124238,0.08542957327209094,0.9607808968491316,1.5355194747244332
336,0.7504655293687653,0.4838096861126505,-2.919270285670647,-0.43335016077475924,0.42305539714299684,2.3934392168216947,1.1838156901435246,0.06075428896965368,0.9704758046872444,1.5319706130802746
337,0.7205792498901743,0.47705361791080064,-2.912645793431585,-0.4528530435477663,0.44109165715120235,2.3970835681686076,1.1734322934379406,0.03596196075959829,0.9734559455793939,1.5250747810807743
338,0.6911324327769552,0.47019154485888087,-2.9113590456185943,-0.472310641393794,0.4589514863776903,2.400920602546995,1.163443074170749,0.011240058481190585,0.9709056590139973,1.5153824350493006
339,0.6620028304666374,0.46336386346370395,-2.914450959562148,-0.49172100856927403,0.47662774112889944,2.404954494141537,1.1537238390359115,-0.01326387766519549,0.9637798534759012,1.5033716217810247
340,0.6330938074853789,0.4566821104765371,-2.9211388539929133,-0.5110822040536624,0.49411335113860816,2.409189660127124,1.1441760115390414,-0.03743124066207104,0.9528567930595493,1.489454904063436
341,0.5943314539669775,0.44799562357355915,-2.930552481285373,-0.5303922917435467,0.5114013223959523,2.4136307691226384,1.1247237457105244,-0.06340569882239311,0.9390020567715744,1.4665430949786358
342,0.5555293292120198,0.4396830400050644,-2.9424662177504555,-0.549649340646248,0.5284847399429308,2.4182827500314454,1.105178669858268,-0.08880169993786635,0.9224363393976853,1.4422879166320943
343,0.516666909584993,0.4318405751139127,-2.956407102244338,-0.5688514250729251,0.5453567706403021,2.42315080125933,1.085518334657918,-0.11351619552638936,0.9036274036759178,1.4169609967106946
344,0.47773108977654144,0.4245466541225167,-2.9720044456386643,-0.5879966248311352,0.5620106659007431,2.4282404002962408,1.0657277146076767,-0.13746401177822642,0.8829404612446812,1.3907752422012825
345,0.4387149739426133,0.41786581044048166,-2.988961946000863,-0.6070830254168587,0.5784397643882002,2.433557313642975,1.045797999359472,-0.16057395394771856,0.8606660475357479,1.3639001046746366
346,0.4005316688016928,0.41199218363375767,-3.0317855651005243,-0.6261087182059404,0.5946374946823286,2.439107607057674,1.026640387007633,-0.18264531104857096,0.8122921350213881,1.3218049426828515
347,0.3624059622231236,0.4077888029790276,-3.0735389612604953,-0.645071800644958,0.6105973779069791,2.4448976560896263,1.0074777628680815,-0.2028085749279515,0.7647486898294646,1.2810087116541649
348,0.3244130973886959,0.40519924933909557,-3.1143386613026713,-0.6639703764414682,0.6263130303216559,2.4509341568591303,0.988383473830164,-0.2211137809825603,0.7179124890177846,1.241447355858756
349,0.28662182987579105,0.40416903133800464,3.128892615272345,-0.6828025557536419,0.6417781658749337,2.4572241370319414,0.9694243856294329,-0.2376091345369291,0.6716684782404037,1.203071188637718
350,0.2490952553112671,0.4046456458977143,3.0896784784855673,-0.7015664553792397,0.6569865987187891,2.463774966924827,0.9506617106905068,-0.25234095282107477,0.6259035115607405,1.165842549587085
351,0.2339059668280244,0.4054348944369,3.053535159127423,-0.7202601989439371,0.671932245682862,2.4705943706648235,0.9541661657719616,-0.266497351245962,0.5829407884625994,1.1494667776749692
352,0.22185420402203107,0.4064988940238087,3.0196621108874298,-0.7388819170889542,0.6866091287076386,2.477690437308543,0.9607361211109853,-0.2801102346838299,0.5419716735788866,1.1380724638369524
353,0.21293343046806476,0.4075920314067647,2.987634627168544,-0.7574297476579961,0.7010113772355988,2.4850716318091606,0.9703631781260609,-0.2934193458288341,0.5025629953593835,1.1314898029916691
354,0.2071265772551537,0.40849317429574844,2.957041354816341,-0.7759018358834606,0.715133230559358,2.4927468056970676,0.9830284131386143,-0.3066400562636095,0.46429454911927337,1.129576209684429
355,0.20440831466958118,0.40900060722653336,2.9274787573761776,-0.7942963345719204,0.7289690401258765,2.5007252073153747,0.9987046492415016,-0.3199684328993431,0.42675355006080284,1.132214364401967
356,0.19685407641788188,0.4106432539165427,2.9045966406993498,-0.8126114042888336,0.7425132717958018,2.509016491422985,1.0094654807067154,-0.3318700178792591,0.39558014927636487,1.1338615083012258
357,0.19236287272719466,0.4117280374615789,2.8815154990811673,-0.8308452135424925,0.7557605080570542,2.5176307279456003,1.0232080862696873,-0.3440324705954753,0.36388477113556705,1.1391774467992626
358,0.19090371474074544,0.41211632546889265,2.8580716525087597,-0.8489959389671652,0.7687054501917557,2.5265784096181902,1.0398996537079106,-0.3565891247228631,0.3314932428905695,1.148231189149013
359,0.19244029742475574,0.4116686108360175,2.834058162980773,-0.8670617655054355,0.78134292039565,2.5358704582208973,1.0595020629301912,-0.3696743095596325,0.29818770475987577,1.1610855368023858
360,0.1969301713933074,0.41024257680027654,2.809229757757044,-0.8850408865897049,0.7936678638491532,2.545518229063543,1.0819710579830124,-0.3834252870488767,0.2637115286935008,1.1778030783739937
361,0.19527660690403464,0.41081333290847777,2.793233657575976,-0.9029315043228463,0.8056753507392133,2.5555335133215724,1.098208111226881,-0.3948620178307355,0.23770014425440378,1.1909989199274857
362,0.19655548511316695,0.4103488827788647,2.775342664056185,-0.9207318296579966,0.8173605782311729,2.565928537768054,1.1172873147711635,-0.4070116954523082,0.20941412628813083,1.2074120010470912
363,0.20072949172009907,0.4087479206171986,2.755521005369694,-0.9384400825774543,0.8287188723898353,2.5767159613820527,1.1391695742975534,-0.4199709517726367,0.1788050439876412,1.2272139842315624
364,0.20775194434923513,0.4058935030005736,2.7336619803105924,-0.9560544922706857,0.83974569004898,2.5879088682432516,1.1638064366199208,-0.43385218704840645,0.14575311206734076,1.2505667162538583
365,0.21756504311318445,0.40165254489798097,2.7095975188949204,-0.9735732973113987,0.8504366206285644,2.5995207560461813,1.1911383404245832,-0.44878407573058343,0.11007676284873913,1.2776285009258528
366,0.22032250962222125,0.40038124800915786,2.719829688192515,-0.9909947458336898,0.8607873878989016,2.6115655194852865,1.211317255455911,-0.46040613988974377,0.10826416870722833,1.3003785745848333
367,0.22592996822519829,0.3978652443454415,2.7267601235734387,-1.008317095707223,0.870793851691091,2.6240574276749693,1.2342470639324212,-0.4729286073456495,0.10270269589846936,1.3257356924426946
368,0.2344006117221588,0.3941348681760038,2.730802103883796,-1.0255386147114476,0.8804520095530344,2.637011094678,1.2599392264336065,-0.4863171413770306,0.09379100920579608,1.353790223672443
369,0.24573718931960445,0.3891969790217594,2.7322634517545477,-1.042657580708813,0.8897579983503596,2.650441442122924,1.2883947700284175,-0.5005610193286002,0.08182200963162378,1.3846361467071497
370,0.25993370764290796,0.3830380477971678,2.731367159442146,-1.0596722818169868,0.8987080958116269,2.664363652799013,1.3196059894598948,-0.5156700480144591,0.06700350664313293,1.4183670313921355
371,0.25052821854156604,0.387128488628914,2.7438305639621055,-1.0765810165800354,0.9072987220171841,2.678793114029098,1.3271092351216014,-0.5201702333882701,0.06503744993300753,1.4268937814504756
372,0.24289187204742044,0.3903369588809693,2.753491622047715,-1.0933820941385743,0.9155264408310896,2.693745349540943,1.3362739661859948,-0.5251894819501203,0.05974627250677189,1.437018344258673
373,0.23705157699185378,0.39272468650464354,2.760796507839117,-1.1100738343988477,0.9233879612755189,2.709235938492216,1.3471254113907014,-0.5306632747708754,0.05156056934690101,1.4487956645146658
374,0.23302609428038573,0.3943362328381471,2.7661096775800846,-1.12665456820074,0.9308801388471135,2.7252804202598746,1.3596806624811257,-0.5365439060089664,0.04082925732021003,1.4622851620849442
375,0.2308280755475537,0.3952026577341214,2.7697313257163065,-1.1431226374846875,0.9379999767747388,2.7418941835904724,1.373950713032241,-0.5427973190406175,0.027837142125834102,1.4775467498124109
376,0.24008738994865886,0.3915914690694446,2.7833192843913586,-1.1594763954574863,0.9447446272181542,2.7590923387340904,1.3995637854061451,-0.5531531581487097,0.02422694565726813,1.5051060263935394
377,0.2523074434135587,0.38701587935849396,2.7951438384711134,-1.1757142067569655,0.9511113924071088,2.776889571263257,1.4280216501705243,-0.5640955130486149,0.0182542672078565,1.535507342694467
378,0.26750596359903983,0.38152907188236374,2.8055918920589256,-1.1918344476155285,0.9570977257204172,2.7952999764232915,1.4593404112145683,-0.5755686538380534,0.01029191563563403,1.568776476943833
379,0.28569707123408794,0.3751759449024917,2.815008007301308,-1.2078355060225212,0.9627012327045702,2.814336873086924,1.4935325772566093,-0.5875252878020785,0.0006711342143841392,1.6049379967945236
380,0.30689280998642504,0.36799666718522017,2.823712516762034,-1.2237157818854385,0.9679196720314864,2.834012596709942,1.5306085918718635,-0.5999230048462663,-0.010300079947907825,1.6440122763844178
381,0.2821525766795859,0.37613715369592765,2.8392636681539285,-1.2394736871899266,0.9727509563950139,2.8543382711218332,1.5216262638695124,-0.5966138026990861,-0.015074602967904749,1.6344790485421326
382,0.2580795594891607,0.3836452855236277,2.8542099036479436,-1.2551076461585873,0.9771931533458229,2.875323559550972,1.513187205647748,-0.5935478678221953,-0.021113655903028494,1.6255707850468726
383,0.2346914283746598,0.3905579911950535,2.8690275269500782,-1.2706160954085512,0.9812444860643621,2.896976395989684,1.505307523783211,-0.5906864948693086,-0.027948869039605917,1.6172947831672262
384,0.21200124192441544,0.39690039083317574,2.884166335097615,-1.2859974841078177,0.9849033340715609,2.9193026988581225,1.4979987260322332,-0.5880029432383852,-0.03513636376050755,1.6096528223531643
385,0.1900187305444236,0.40268767399404937,2.900063283118685,-1.3012502741303347,0.9881682338770003,2.9423060699269263,1.4912690046747583,-0.5854805598829509,-0.04224278680824112,1.6026400666842897
386,0.20398714406257662,0.3992467191785642,2.9249171701117036,-1.3163729402098099,0.9910378795642899,2.9659874825973085,1.5203600842723866,-0.5917911603857258,-0.04107031248560489,1.6319921366008745
387,0.22107589706653266,0.3954849507768227,2.950822912212473,-1.3313639700922384,0.993511123313416,2.990344964890073,1.5524398671587711,-0.5980261725365932,-0.039522052677599895,1.6641114256054375
388,0.24131180744073918,0.39157702884492734,2.978321773513203,-1.3462218646871233,0.9955869758598548,3.01537328382298,1.5875336721278626,-0.6040099470149274,-0.03705151030977705,1.698959678935609
389,0.26471803667238225,0.3877211496076381,3.0079911718215717,-1.360945138217388,0.9972646068902659,3.0410636392016177,1.6256631748897703,-0.6095434572826277,-0.03307246738004599,1.73649583143967
390,0.2913125232359733,0.3841467948026761,3.041305675086228,-1.3755323183679475,0.998543345374605,3.067403376135589,1.6668448416039208,-0.6143965505719289,-0.026097701049360822,1.7766642725445756
391,0.275697067488035,0.38571809297865084,3.049418440564978,-1.389981946432944,0.999422679834528,3.0943757267243446,1.665679013920979,-0.6137045868558773,-0.04495728615936656,1.775708606422665
392,0.26141535281378164,0.38703823960160794,3.061319162626798,-1.4042925774616108,0.9999022585479751,3.1219595922240613,1.6657079302753925,-0.6128640189463672,-0.060640429597263346,1.7759117310280839
393,0.24846629907073123,0.3880799438348621,3.077007841271688,-1.4184627804027723,0.9999818896898556,-3.1330559296913743,1.6669290794735034,-0.6119019458549935,-0.07312153621652406,1.7771953484055074
394,0.23685139115530007,0.3888311352292394,3.096484476499648,-1.432491138247941,0.9996615414087742,-3.1043304177311337,1.6693425294032411,-0.6108304061795348,-0.08237041294880498,1.779495195418415
395,0.22657439414449013,0.3892950265069405,3.119749068310678,-1.4463762481730242,0.9989413418397721,-3.075083996419591,1.6729506423175144,-0.6096463153328316,-0.08835224244931705,1.7827615096179594
396,0.24384919200377816,0.388917622959757,-3.1397634419512395,-1.460116721678599,0.9978215790530742,-3.045356048786323,1.7039659136823773,-0.6089039560933172,-0.09440739316491653,1.8119538124968049
397,0.2642435819981917,0.3889549286569045,-3.1115395301070827,-1.4737111847287667,0.9963027009388657,-3.0151903723094278,1.7379547667269584,-0.6073477722819612,-0.09634915779765496,1.8435404112449325
398,0.28774289411087056,0.38966136908175647,-3.078764503336438,-1.4871582778885493,0.9943853150281404,-2.9846349301467145,1.7749011719994199,-0.604723945946384,-0.09412957318972337,1.8774518895872563
399,0.314315793542555,0.39133309542339556,-3.041438361639305,-1.500456656459838,0.9920701882496981,-2.9537415034024845,1.8147724500023932,-0.6007370928263025,-0.0876968582368205,1.9136287097892566
400,0.34390769089049894,0.3943068005672154,-2.999561105015684,-1.5136049906158564,0.9893582466233818,-2.9225652469480483,1.8575126815063554,-0.5950514460561664,-0.07699585806763576,1.952016379944092
401,0.30620349194524155,0.3889153118557876,-2.97561116315802,-1.5266019655341467,0.9862505748896836,-2.891164155538977,1.8328054574793882,-0.597335263033896,-0.08444700761904311,1.9295379132128536
402,0.2687429881264083,0.3826398258989599,-2.9470422429828047,-1.5394462815280487,0.9827484160758617,-2.859598451199729,1.808189269654457,-0.6001085901769019,-0.08744379178307549,1.9071772784979977
403,0.23158025973511537,0.37531718082940674,-2.9138543444900376,-1.5521366541766646,0.9788531709987472,-2.827929906773413,1.7837169139117799,-0.6035359901693405,-0.08592443771662461,1.8850158432760105
404,0.19478347214644567,0.3667891964475717,-2.8760474676797187,-1.5646718144533056,0.9745663977044351,-2.7962211238571486,1.7594552865997513,-0.6077772012568634,-0.07982634382257014,1.8631822984022572
405,0.15843684577431122,0.3569040779248561,-2.8336216125518483,-1.57705050885239,0.9698898108450863,-2.7645347857899107,1.7354873546267013,-0.6129857329202302,-0.06908682676193756,1.841857990308963
406,0.17544206357138423,0.3623132983518774,-2.806854403687335,-1.5892714995147947,0.964825280993091,-2.732932907721797,1.764713563086179,-0.6025119826412135,-0.07392149596553788,1.8661990881286878
407,0.19524324586761782,0.36920069746196926,-2.775407194822822,-1.6013335643516353,0.9593748338928642,-2.7014761059532435,1.7965768102192532,-0.5901741364308949,-0.07393108886957833,1.892474452200341
408,0.21773122809118073,0.37782441656798516,-2.7392799859583086,-1.613235497166481,0.9535406496505743,-2.6702229076755954,1.8309667252576618,-0.5757162330825891,-0.06905707828271312,1.9205877251759464
409,0.24276394615979013,0.3884763877790163,-2.6984727770937953,-1.6249761077759686,0.9473250618621301,-2.639229120063048,1.8677400539357587,-0.5588486740831138,-0.05924365703074708,1.9504549624379388
410,0.27015993329753796,0.401478454622709,-2.652985568229282,-1.6365542221288205,0.940730556679773,-2.608547274546721,1.9067141554263585,-0.539252102057064,-0.044438293682560914,1.9820006210951677
411,0.2778034350569353,0.4055417422285817,-2.644817593997984,-1.6479686824232516,0.9337597718176508,-2.578226158302969,1.9257721174801867,-0.528218029589069,-0.06659143569501502,1.9980107493592232
412,0.2876916871287594,0.41090238544509833,-2.6330189997994626,-1.6592183472227418,0.926415495496766,-2.54831044080868,1.9469100343515011,-0.5155131100516677,-0.08470855899078256,2.015784707864409
413,0.29977946790659415,0.41764117313148325,-2.6175897856337187,-1.670302091570187,0.9187006653297247,-2.518840399062686,1.970081559476781,-0.5010594921982414,-0.09874938657103272,2.0351986161209377
414,0.3140055653276785,0.4258622809724679,-2.5985299515007516,-1.681218807100389,0.9106183671457304,-2.4898517410274974,1.9952243724280676,-0.4847560861732625,-0.10867821047325421,2.0561419486126598
415,0.3302910013631248,0.43569217786523645,-2.5758394974005614,-1.691967402150893,0.9021718337562933,-2.4613755232435177,2.0222584035140176,-0.46647965589105683,-0.11446397415704368,2.0785173372678725
416,0.2978471216597178,0.4150905361265613,-2.548461261357459,-1.702546801871149,0.893364443662152,-2.4334381555791036,2.0003939235308668,-0.4782739075355906,-0.11502310577835528,2.0599883724893875
417,0.2660489962942292,0.3936554071132945,-2.5164030253143563,-1.7129559483300023,0.8841997197019128,-2.4060614838033527,1.9790049446242315,-0.4905443125886183,-0.11034154151100362,2.0418789261959733
418,0.2350223534666118,0.371261219693102,-2.4796647892712538,-1.723193800621481,0.8746813276429652,-2.3792629391356055,1.958216154088093,-0.5034201079498632,-0.10040185013564829,2.024382089115213
419,0.20490542268776257,0.3477941482659841,-2.438246553228151,-1.7332593349688885,0.8648130747152218,-2.353055743107651,1.9381647576566512,-0.5170189264492377,-0.08519081012050034,2.007747163429194
420,0.17585005171384638,0.3231544801114933,-2.3921483171850486,-1.7431515448271764,0.8545989080882805,-2.327449155898217,1.9190015965410228,-0.5314444279767873,-0.06469916128683151,1.992281679137212
421,0.1477210718855918,0.29697880228528467,-2.384228688372027,-1.7528694409836028,0.8440429132926041,-2.3024487566599667,1.9005905128691944,-0.5470641110073193,-0.08177993171206044,1.979447245165035
422,0.11986222901822824,0.2706397520579735,-2.3726345489673832,-1.7624120516566506,0.833149312585366,-2.278056745137869,1.882274280674879,-0.5625095605273924,-0.0945778038295142,1.96680411692473
423,0.09237190242478172,0.24403876988400464,-2.357365898971117,-1.7717784225932054,0.8219224632616022,-2.2542722549523493,1.8641503250179872,-0.5778836933775976,-0.10309364401876753,1.9543884713059145
424,0.06535128519118989,0.21708138298723323,-2.338422738383228,-1.780967617163977,0.8103668559113548,-2.2310916701770687,1.846318902355167,-0.5932854729241216,-0.10733106820615923,1.9422670001261573
425,0.03884959239609277,0.18962058115504016,-2.319265534239587,-1.789978716457167,0.7984871126234903,-2.208508938179551,1.8288283088532598,-0.60886653146845,-0.11075659606003585,1.9306989563306602
426,0.012605824881716687,0.1613632287602916,-2.311828490466905,-1.7988108193703554,0.7862879851369292,-2.186515873031657,1.811416644252072,-0.6249247563766376,-0.1253126174352479,1.920277183714453
427,-0.013368972912563462,0.13297497617871223,-2.300348785248126,-1.8074630427006113,0.7737743529400123,-2.165102445073569,1.7940940697880479,-0.6407993767613,-0.13524634017455694,1.9098923909573866
428,-0.03895881554628834,0.10435457298328407,-2.2848264185832505,-1.8159345212328108,0.7609512213187744,-2.144257053386,1.7769757056865225,-0.6565966483354903,-0.14056936519725038,1.8996108979571242
429,-0.06415680983876856,0.07527640354983524,-2.273283137587541,-1.8242244078261607,0.7478237193548899,-2.123966778963472,1.760067597987392,-0.6725473158050547,-0.1493163586240689,1.8900934411913195
430,-0.0890730801774345,0.045843626140141175,-2.2657825180379287,-1.8323318734989098,0.7343970978741133,-2.104217617273643,1.7432587933214754,-0.6885534717339722,-0.16156490076428565,1.8812656168357849
431,-0.11394896026768851,0.016007613292918343,-2.266029604089329,-1.840256107511248,0.7206767273460168,-2.084994689631238,1.7263071472435596,-0.7046691140530985,-0.18103491445809095,1.8733575652227805
432,-0.13883221166111637,-0.013822252160613516,-2.266276690140729,-1.8479963174463758,0.7066680957358779,-2.0662824334160166,1.7091641057852596,-0.7204903478964914,-0.19999425672471238,1.8655685419302082
433,-0.16372283283855782,-0.04364596839929587,-2.266523776192129,-1.855551729289751,0.6923768063095604,-2.048064771633234,1.6918288964511932,-0.7360227747088564,-0.21845900455889522,1.857885592933604
434,-0.18867620400053978,-0.0735298581565873,-2.27124416936137,-1.862921587506485,0.6778085753922868,-2.030325262666764,1.6742453835059452,-0.7513384335488741,-0.24091890669460625,1.850850876089581
435,-0.2108020739480239,-0.09977475327919254,-2.2804378696484515,-1.8701051551168988,0.662969230082182,-2.0130472313250416,1.659303081168875,-0.7627439833613745,-0.2673906383234099,1.845687636842567
436,-0.22320921832120927,-0.11422004822795825,-2.2979147919535343,-1.8771017137702157,0.6478647059195176,-1.996213882444517,1.6538924954490064,-0.7620847541474759,-0.3017009095090173,1.8458485847450026
437,-0.2329647768371586,-0.12518453368002302,-2.315391714258617,-1.883910563816402,0.6325010445125663,-1.9798083984096402,1.6509457869792434,-0.7576855781925893,-0.33558331584897694,1.8472481124152613
438,-0.24045307169564165,-0.13331027849641558,-2.3328686365637,-1.8905310243761266,0.6168843911210447,-1.963814021986842,1.650077952680485,-0.7501946696174602,-0.36905461457685784,1.8497974485832613
439,-0.24601173192355003,-0.13913450237868882,-2.3503455588687827,-1.8969624334088513,0.6010209921980904,-1.9482141258648502,1.6509507014853013,-0.7401554945767792,-0.4021314330039325,1.8534233365037793
440,-0.24993647852537842,-0.1431054307679206,-2.3678224811738655,-1.903204147779032,0.5849171928917617,-1.9329922702561364,1.6532676692536536,-0.7280226236596823,-0.4348302109177291,1.8580603432306746
441,-0.24505883750799923,-0.13833992522576707,-2.3938040190179315,-1.9092555433204328,0.5685794345070697,-1.9181322498532611,1.6641967058124336,-0.7069193597328368,-0.47567176916467035,1.8696388123865764
442,-0.23977274299048337,-0.1334372078974741,-2.4197855568619975,-1.9151160148985422,0.5520142519295328,-1.9036181313569873,1.6753432719080588,-0.685451459827007,-0.5161674255050102,1.8822984868662689
443,-0.23417858639300781,-0.12851283865542104,-2.4457670947060635,-1.9207849764710867,0.5352282710113162,-1.8894342827063793,1.686606390078079,-0.6637411096667373,-0.5563328119996842,1.895969296539719
444,-0.22836268359465436,-0.12365552839768765,-2.4717486325501294,-1.9262618611466333,0.5182282059209752,-1.8755653950493394,1.697899177551979,-0.6418837343186629,-0.59618323750079,1.9105786553270927
445,-0.22239901660629222,-0.1189323022086512,-2.4977301703941954,-1.9315461212412777,0.5010208564578846,-1.8619964983989576,1.7091471046349855,-0.6199531586665359,-0.6357336719952378,1.926053749491773
446,-0.21660775732106155,-0.11458558683797114,-2.5305154006694486,-1.9366372283334143,0.48361310533240004,-1.8487129718292505,1.7200294710123527,-0.5981986921703711,-0.681802428840198,1.9445301767876397
447,-0.2107349781783112,-0.1104715667523096,-2.5633006309447017,-1.9415346733165766,0.4660119154128712,-1.8357005489754596,1.7307996951382654,-0.5764834821651807,-0.7276000819692421,1.9640271559175684
448,-0.20483257587182546,-0.10661889136603424,-2.596085861219955,-1.9462379664503477,0.44822432694058495,-1.8229453195202048,1.7414053905785223,-0.5548432183066192,-0.7731405416997501,1.9844621509256772
449,-0.19894434042027073,-0.10304508597371907,-2.628871091495208,-1.950746637409333,0.4302574547137687,-1.810433727268505,1.7518022969890623,-0.5333025406874877,-0.8184373642267031,2.005757364887946
450,-0.19310710842752482,-0.09975909057477293,-2.661656321770461,-1.955060235330194,0.41211848524175654,-1.7981525653422639,1.7619531269026691,-0.5118775758165295,-0.8635037564281973,2.027840282515245
451,-0.18810171009740537,-0.09715363097068534,-2.6998845059906635,-1.9591783288567337,0.39381467387048763,-1.7860889689586406,1.7710766187593283,-0.490968304841173,-0.913795537032023,2.052506893867651
452,-0.18312966223910615,-0.09480250396812699,-2.738112690210866,-1.9631005061830311,0.37535334188046116,-1.7742304061965488,1.779970843943925,-0.47015584584858816,-0.9638822840143171,2.078078868116585
453,-0.177747874376373,-0.09250501172952362,-2.7716608744310682,-1.9668263750946215,0.3567418735583286,-1.7625646671013775,1.7890785007182486,-0.4492468852878522,-1.0090962073296907,2.1025935891941314
454,-0.17200479224178838,-0.09027793246234937,-2.8005290586512706,-1.970355563007719,0.33798771324326765,-1.7510798514294241,1.7983507707659305,-0.42826564570561704,-1.0494492072218464,2.1257517720902004
455,-0.16593204673640216,-0.08812250854094822,-2.824717242871473,-1.973687717006473,0.3190983623493521,-1.7397643552903157,1.8077556702700708,-0.40722087089030035,-1.0849528875811572,2.1473081216613834
456,-0.1609097890113993,-0.08647558340800701,-2.8523237902476346,-1.9768225038782612,0.3000813763650833,-1.7286068569072703,1.815912714866862,-0.38655695977309035,-1.1237169333403643,2.1701854799624902
457,-0.1555816896999271,-0.08488985199054798,-2.8752503376237963,-1.9797596101470079,0.2809443618313017,-1.7175963016812124,1.8241779204470807,-0.3658342138218497,-1.157654035942584,2.1912605103874436
458,-0.15018088340922942,-0.08341638103253801,-2.895558967580178,-1.982498742104534,0.2616949732986626,-1.706721886714927,1.8323178586953044,-0.3451113543312006,-1.188837080865251,2.2112946857038915
459,-0.14508308739473333,-0.08213621608451788,-2.916604224458641,-1.9850396258399263,0.2423409102659238,-1.6959730449273882,1.839956538445193,-0.3244771263504417,-1.2206311795312528,2.231740564074533
460,-0.14028389752579573,-0.08103785816613089,-2.9383198822303034,-1.987382007266929,0.22288991410024592,-1.6853394288655676,1.8470981097411334,-0.3039277722663768,-1.2529804533647357,2.2525770873109248
461,-0.13722782604813927,-0.08040794204675265,-2.968178523637256,-1.9895256521493512,0.20334976494075557,-1.6748108943012632,1.852297826101212,-0.28375770698750824,-1.293367629335993,2.2769113942945367
462,-0.13386856593622753,-0.07981948826617402,-2.993357165044209,-1.9914703461244907,0.183728278586583,-1.6643774836832836,1.8576017801882632,-0.26354776685275705,-1.3289796813609254,2.299201772929437
463,-0.1304709737753664,-0.07931212283484038,-3.016353454616455,-1.993215894724571,0.16403330337065347,-1.6540294095005519,1.8627449209492046,-0.24334542620549385,-1.3623240451159033,2.3205521844763908
464,-0.12724639759222947,-0.07890615475681212,-3.0391311042909073,-1.9947621233961865,0.14427271702045727,-1.6437570375989194,1.867515725803957,-0.2231788717772694,-1.3953740666919878,2.3418993532877095
465,-0.12419844114609085,-0.07859275893378913,-3.061719378039555,-1.996108877517759,0.12445442350706172,-1.6335508704836228,1.871910436371668,-0.20304718244085085,-1.428168507555932,2.363248215077899
466,-0.12264138578932383,-0.07846812666894873,-3.091660379960626,-1.9972560224149978,0.10458634988363526,-1.6234015306300522,1.874614636625674,-0.183054476552584,-1.468258849330574,2.388194511733642
467,-0.12079984951291377,-0.07837609808010866,-3.1169213818816974,-1.9982034433743696,0.08467644311472142,-1.613299743817685,1.877403593861456,-0.1630525411948301,-1.5036216380640124,2.4108314781187645
468,-0.11883637551620378,-0.07832764684894823,-3.139197942687443,-1.998951045654568,0.06473266689756589,-1.6032363224955564,1.8801146701383642,-0.14306031374651412,-1.5359616201918866,2.4319694745085156
469,-0.11704597756658582,-0.078323359355263,3.1217794973621884,-1.999498754495988,0.04476299847674028,-1.5932021491822361,1.8824527769294022,-0.12308635783200328,-1.5682036606351613,2.453169670056086
470,-0.11542619497676071,-0.07835545656091863,3.0996248352282922,-1.9998465151282017,0.024775425453357765,-1.5831881598989876,1.884420320151441,-0.10313088201427639,-1.600372312052306,2.474442858303328
471,-0.11522073140173215,-0.07836408448495803,3.069932836457408,-1.999994292775436,0.0047779425901285115,-1.5731853276313745,1.8847735613737038,-0.08314202707508654,-1.6400671430908034,2.4998208352130957
472,-0.11474254516949244,-0.07839840999835739,3.044920837686523,-1.999942072660049,-0.015221451386431743,-1.5631846458120962,1.8851995274905566,-0.06317695861192564,-1.6750798236809672,2.522669419930628
473,-0.11414307740771186,-0.07845654284072044,3.0228159895643216,-1.9996898600040087,-0.03521475698538918,-1.5531771118160986,1.8855467825962968,-0.04324178585533126,-1.7071922057991662,2.543946097885061
474,-0.11369514429296965,-0.07850999846065308,3.0007154897309563,-1.9992376800283709,-0.05519397715107451,-1.5431537104581057,1.8855425357354012,-0.02331602130957857,-1.7393161069905245,2.5653527654016455
475,-0.1133892796966253,-0.07855337513448248,2.9786159985431344,-1.998585577950756,-0.0751511204618093,-1.5331053974825013,1.8851962982541306,-0.0034022546726731745,-1.7714639111539503,2.586901823960234
476,-0.11436451919326576,-0.07839301151602664,2.948924552418182,-1.9977336189808284,-0.09507820432636097,-1.5230230830361118,1.8833690997875625,0.01668519281033433,-1.8112376717252925,2.6130326184666335
477,-0.11506139620737729,-0.07825705913784267,2.9239113801542698,-1.9966818883137751,-0.11496725817687632,-1.5128976151157174,1.881620492106398,0.03671019903903365,-1.8463763119095988,2.636465209368237
478,-0.11561115117647527,-0.07813546103363612,2.9039883817641106,-1.9954304911217866,-0.1348103266569955,-1.5027197629842826,1.8798193399453114,0.05667486562335937,-1.8764771624311933,2.656708364188978
479,-0.11626167405140744,-0.07797791806323787,2.888089946470975,-1.993979552543539,-0.15459947280389894,-1.4924802005528235,1.8777178784921316,0.07662155474066107,-1.9026151601557881,2.674254988125572
480,-0.11699484677682005,-0.07778797034346752,2.8757216124904237,-1.9923292176716814,-0.17432678122297965,-1.4821694897287272,1.8753343708948613,0.09653881087951213,-1.9252942049604354,2.6894156466265846
481,-0.1187892807605266,-0.07729931372777114,2.8600757640895487,-1.9904796515383252,-0.19398436125389898,-1.4717780637361624,1.8716903707777985,0.11668504752612784,-1.9513314793538754,2.7063877746353886
482,-0.12026141268784984,-0.07687357705940336,2.8521395599070103,-1.9884310390985427,-0.21356435012673866,-1.4612962104201923,1.8681696264106928,0.1366907730673353,-1.9697495368523832,2.7182081153611826
483,-0.12151199720671328,-0.07650113138550002,2.8492162068880234,-1.9861835852118708,-0.2330589161070144,-1.450714055553347,1.8646715880051574,0.15655778472151438,-1.9832550447382156,2.7266849916244755
484,-0.12276233687250582,-0.07612477577287169,2.848288564435975,-1.9837375146218252,-0.25246026162825813,-1.4400215461719812,1.8609751777493195,0.17633548585538644,-1.9948751965716305,2.7338342791156287
485,-0.1239762576845326,-0.0757581538794271,2.8491106420123646,-1.9810930719334263,-0.2717606264109441,-1.4292084339797944,1.8571168142488936,0.19600247253151704,-2.0048662311874272,2.7398519003698185
486,-0.12581571014076962,-0.07520426194587915,2.8461616998694836,-1.9782505215887396,-0.2909522905664908,-1.4182642588677388,1.85243481144797,0.21574802862061165,-2.018759348442364,2.7483542801904917
487,-0.12716423674048566,-0.07479385536939684,2.848609941697757,-1.9752101478404307,-0.31002757768512307,-1.4071783326133003,1.848045911099945,0.23523372231572623,-2.027397032868529,2.7533520157313434
488,-0.12809370251701294,-0.07451346899328777,2.854441903802903,-1.9719722547233407,-0.32897885790632714,-1.3959397228381787,1.8438785522063277,0.2544653889130394,-2.032803680538504,2.756253172887436
489,-0.12878697884005486,-0.07430873587228187,2.861166678970096,-1.9685371660240831,-0.347798550970695,-1.384537237321871,1.8397501871840283,0.27348981509841314,-2.037481390887619,2.758769263352696
490,-0.12917244858160953,-0.07419771458122616,2.8686543615971134,-1.964905225248665,-0.36647912925192844,-1.372959408789994,1.8357327766670555,0.2922814146707023,-2.041571536792479,2.7610428451099502
491,-0.12915863927260718,-0.07420158013920838,2.872012949741764,-1.9610767955881379,-0.38501312076778266,-1.3611944803206513,1.8319181563155307,0.3108115406285743,-2.049977877117171,2.7667557250137254
492,-0.1282194223653437,-0.07446109112395169,2.879442433014231,-1.957052259882277,-0.4033931121687696,-1.3492303915401058,1.8288328375169334,0.3289320210448179,-2.054512482625249,2.770170998929819
493,-0.12641093527493447,-0.0749463538732229,2.889188971071076,-1.9528320205812995,-0.42161175170339216,-1.337054765810933,1.826421085306365,0.34666539783016925,-2.0569415702975773,2.772543868457755
494,-0.12384972703516893,-0.07560689946698805,2.8990550598519147,-1.9484164997056181,-0.43966175215875003,-1.3246548986519633,1.8245667726704493,0.36405485269176197,-2.059475348675708,2.7754312377546677
495,-0.12039955001618359,-0.07646050065752923,2.908956213535639,-1.9438061388036416,-0.4575358937753214,-1.3120177476702315,1.823406588787458,0.38107539311779215,-2.062211345973716,2.7789828496657045
496,-0.11438064822524845,-0.07788653537136359,2.9142436700380867,-1.9390013989076176,-0.47522702713477977,-1.2991299243311092,1.824620750682369,0.3973404917634162,-2.06981171281039,2.787694545086058
497,-0.10650179457189798,-0.07970929821349197,2.9226099651962514,-1.934002760487532,-0.4927280760196602,-1.2859776879442872,1.827500965915634,0.4130187778061682,-2.0745976540390476,2.795406896569334
498,-0.09681623573170961,-0.0818648336793012,2.932240151521112,-1.928810723403061,-0.5100320402437544,-1.272546942300503,1.8319944876713512,0.4281672065644532,-2.0783982133579713,2.8034389761371714
499,-0.08531674828400633,-0.08430807945701141,2.9411078537395308,-1.9234258068535868,-0.527131998452086,-1.2588232354572375,1.8381090585695805,0.4428239189950746,-2.0832542179828177,2.8133051862840808
500,-0.07173752716138962,-0.08706757824427883,2.9491112197360123,-1.917848549326277,-0.5440211108893698,-1.2447917632410141,1.8461110221648873,0.456953532645091,-2.0892823242025598,2.8252492044739634
501,-0.05135289297526592,-0.09104042696710828,2.951505598837261,-1.9120795085422362,-0.5606926221358159,-1.2304373771094976,1.8607266155669702,0.46965219516870765,-2.101242331232827,2.8457153857810273
502,-0.027187562785672435,-0.09569008089665006,2.9558964652721285,-1.906119261400735,-0.5771398638092112,-1.2157445970978271,1.8789316986150626,0.4814497829125612,-2.1115442448096307,2.86719328251789
503,0.0006934085643781791,-0.10092781424401966,2.959636471765132,-1.8999684039215217,-0.5933562572321769,-1.200697630660021,1.9006618124858998,0.49242844298815724,-2.122851204754433,2.8916255522514103
504,0.03263621260942509,-0.10680500934600136,2.9608824298217047,-1.8936275511852179,-0.6093353160635608,-1.1852803983066504,1.926263763794643,0.5025303067175595,-2.1370224790512307,2.9205982046231926
505,0.06930686151104504,-0.11350486030979891,2.9593084232417346,-1.8870973372718132,-0.625070648892882,-1.16947656703277,1.9564041987828582,0.5115657885830831,-2.1544003169050816,2.954768632320396
506,0.1081861679005957,-0.12067149772092747,2.949912427981148,-1.8803784151972567,-0.6405559617968117,-1.153269592622839,1.9885645830978524,0.5198844640758843,-2.180003286575599,2.9961781133001786
507,0.14692018252420108,-0.1281883280619759,2.9424664199282766,-1.8734714568481579,-0.6557850608566534,-1.136642772009011,2.020391639372359,0.5275967327946776,-2.204076115242298,3.036164061885149
508,0.18563947103449652,-0.13600190084142613,2.9322253148771877,-1.8663771529145952,-0.6707518546358369,-1.119579306941384,2.0520166239490916,0.5347499537944107,-2.2313806853610147,3.078277034486783
509,0.2243218253449662,-0.14422117121841188,2.9197282930126773,-1.8590962128210502,-0.6854503566164047,-1.1020623802982807,2.0834180381660166,0.5412291853979929,-2.261394633868628,3.1220931188822565
510,0.2629105532912355,-0.15292593270759486,2.9070051119521927,-1.8516293646554642,-0.6998746875935437,-1.0840752464144137,2.1145399179466997,0.5469487548859489,-2.29210494881298,3.1660980877784377
511,0.30141200867121454,-0.1621273048479429,2.893839748629192,-1.8439773550964325,-0.7140190780271818,-1.06560133682667,2.145389363767647,0.5518917731792389,-2.3237442217237243,3.210462156678485
512,0.33970519904140767,-0.17181355530124598,2.885252547878089,-1.836140949338534,-0.7278778703497366,-1.0466243828210473,2.1758461483799416,0.5560643150484906,-2.35130837648045,3.251486593113572
513,0.37783019340718854,-0.18180636186156207,2.88092951788725,-1.828120931015814,-0.7414455212290605,-1.0271285560983872,2.2059511244230023,0.5596391593674984,-2.375127233193949,3.2894749924418356
514,0.41582812058252816,-0.1919416147608013,2.8806358464050876,-1.8199181021234212,-0.754716603785701,-1.007098628747356,2.2357462227059495,0.5627749890248998,-2.3954508320271426,3.324674653146594
515,0.4538230696846431,-0.20208802613042579,2.880929337780046,-1.811533282937409,-0.7676858097635824,-0.9865201535059736,2.265356352622052,0.5655977836331566,-2.4157358158935667,3.359690430591304
516,0.49195251844798105,-0.21225836736650275,2.877116075791792,-1.8029673119327096,-0.7803479516532316,-0.9653796649918884,2.2949198303806906,0.5680895842867288,-2.440689566395906,3.397991813286701
517,0.5300429079104723,-0.22257403188460353,2.875322124885997,-1.7942210456992849,-0.79269796476672,-0.9436649021705272,2.324263953609757,0.5701239328821165,-2.464198280123062,3.435042559948288
518,0.5681147302948142,-0.2329580120554908,2.875784084930572,-1.7852953588564693,-0.804730909263467,-0.9213650517940357,2.3534100891512835,0.5717728972079762,-2.4860361704549785,3.470711617883443
519,0.6061913456005299,-0.24332440345823045,2.8787252306045175,-1.7761911439655085,-0.8164419721261122,-0.8984710118695688,2.382382489566038,0.5731175686678818,-2.5059890647055,3.504881063107592
520,0.6442982852418424,-0.2535787613136803,2.884355744902355,-1.7669093114403063,-0.8278264690856536,-0.8749756733946423,2.4112075966821487,0.5742477077719733,-2.5238538888825888,3.537445541150681
521,0.6825694952726267,-0.2636465802060635,2.889682357339781,-1.7574507894563798,-0.8388798464951001,-0.8508742176279203,2.4400202847290062,0.5752332662890365,-2.542628732211885,3.570651645064804
522,0.7208937894897367,-0.2735104013333253,2.8987379312293884,-1.7478165238580448,-0.8495976831508637,-0.8261644250538847,2.4687103133477812,0.5760872818175384,-2.558282950896313,3.6015578329867712
523,0.7593058336962808,-0.2830267742949491,2.911626009973613,-1.7380074780638322,-0.8599756920611862,-0.8008469909691761,2.497313311760113,0.576948917766237,-2.570712306236797,3.6301522822387504
524,0.7977540365679262,-0.2920278129989795,2.9304188415849524,-1.7280246329701487,-0.8700097221608728,-0.7749258413027453,2.525778669538075,0.5779819091618933,-2.5778406242918885,3.654980609943307
525,0.8362809479898596,-0.3002868227615343,2.9545473779917235,-1.717868986853184,-0.8796957599716702,-0.7484084409343449,2.5541499348430436,0.5794089372101359,-2.5802294882535177,3.676544684650346
526,0.8750533062142166,-0.30762478460603976,2.9809683481051867,-1.7075415552690867,-0.8890299312075991,-0.721306085468987,2.582594861483303,0.5814051466015593,-2.5809108736054123,3.697151484663483
527,0.9139226673168994,-0.31392240198393756,3.0124314329445037,-1.6970433709524082,-0.8980085023246204,-0.6936341662499572,2.6109660382693076,0.5840861003406828,-2.5771197079851254,3.7148144253639708
528,0.9528871989152786,-0.3189832827149615,3.0484703410541525,-1.6863754837128335,-0.9066278820139981,-0.665412397458111,2.6392626826281123,0.5876445992990367,-2.5693025686673225,3.7299261885939736
529,0.9919247394196455,-0.3226290933979205,3.088671643780953,-1.6755389603301956,-0.9148846226387805,-0.6366649935694167,2.667463699749841,0.59225552924086,-2.5578486698292164,3.7428223333664357
530,1.0309929789916112,-0.32469855638396466,3.1326580341850763,-1.6645348844478025,-0.9227754216128066,-0.6074207853483693,2.6955278634394135,0.598076865228842,-2.5431064876461407,3.7537923499852917
531,1.0702371465154363,-0.32504919741495136,-3.104566199389803,-1.6533643564640714,-0.9302971227216964,-0.5777132630548064,2.7236015029795078,0.6052479253067451,-2.5268529363349965,3.7642151851329047
532,1.1093732626571948,-0.32359946323412925,-3.0549297025057185,-1.642028493422494,-0.9374467173852932,-0.5475805367263731,2.751401756079689,0.6138472541511639,-2.5073491657793454,3.772773504190478
533,1.1483067822470145,-0.32021689707004725,-3.0020181733655216,-1.6305284288999269,-0.9442213458610588,-0.5170652053199697,2.7788352111469417,0.6240044487910115,-2.484952968045552,3.7797219390081382
534,1.1869249510573983,-0.31479150966909775,-2.946216968656474,-1.6188653128932389,-0.95061829838793,-0.48621412915210704,2.8057902639506374,0.6358267887188322,-2.4600028395043667,3.7852805286929843
535,1.2250992245985912,-0.30723681423541854,-2.8880134457894693,-1.6070403117043106,-0.9566350162701883,-0.4550781034039326,2.832139536302902,0.6493982020347697,-2.4329353423855364,3.789710643060316
536,1.2629377264542405,-0.29743066394338824,-2.8294464953277774,-1.5950546078234085,-0.9622690929009016,-0.4237114343156451,2.857992334277649,0.6648384289575133,-2.405735061012132,3.794429008848571
537,1.3001880623521993,-0.28541014774369705,-2.7707957880879666,-1.582909399810932,-0.9675182747245379,-0.3921714238816628,2.883097462163131,0.6821081269808409,-2.3786243642063036,3.7993915748736193
538,1.3367126862442626,-0.27121009754550335,-2.7120726362122767,-1.5706059021775611,-0.972380462138356,-0.3605177731102454,2.907318588421824,0.7011703645928526,-2.3515548631020313,3.80446468362438
539,1.3723771940137242,-0.25487431883267797,-2.653286824031527,-1.5581453452628062,-0.9768537103322188,-0.32881191793031006,2.9305225392765304,0.7219793914995408,-2.324474906101217,3.80951442890719
540,1.4070507792383449,-0.23645522692812965,-2.59444681441045,-1.5455289751119743,-0.9809362300664917,-0.29711631530754834,2.952579754350319,0.744481003138362,-2.2973304991029018,3.8144077642461984
541,1.440657153171766,-0.21598272706887395,-2.5354201158432734,-1.5327580533515688,-0.9846263883877128,-0.2654936997897873,2.9734152065233346,0.7686436613188388,-2.269926416053486,3.8189759102103875
542,1.47307843875804,-0.19350709541745761,-2.4762452816762646,-1.519833857063122,-0.9879227092817555,-0.23400633231352022,2.992912295821162,0.7944156138642979,-2.2422389493627444,3.8231211966230196
543,1.5041723991267206,-0.16910738472851675,-2.4169586426291363,-1.506757678655493,-0.9908238742642128,-0.20271526353027572,3.0109300777822137,0.8217164895356961,-2.2142433790988605,3.8267207455407055
544,1.5338081211986843,-0.14287087605134097,-2.3575876191988305,-1.4935308257356246,-0.9933287229077735,-0.17167963311530354,3.027338946934309,0.8504578468564326,-2.185907986083527,3.8296544716891567
545,1.5618649184566624,-0.11489214356574527,-2.2981529069195523,-1.4801546209777887,-0.9954362533063774,-0.1409560245718928,3.042019539434451,0.8805441097406321,-2.1571968823476597,3.831806257721073
546,1.5882178071496287,-0.08528775376668171,-2.23870113709613,-1.466630401991313,-0.997145622475965,-0.11059789210988624,3.0548482091409417,0.9118578687092833,-2.1281032449862436,3.8330674106959863
547,1.61279313538377,-0.054134375771837634,-2.179181565809139,-1.4529595211868263,-0.9984561466916602,-0.08065507250195937,3.065752656570596,0.9443217709198225,-2.0985264933071797,3.8333270668461026
548,1.6354903790972268,-0.02154764703822413,-2.119613248190384,-1.439143345641015,-0.9993673017612495,-0.05117339069845843,3.074633724738242,0.9778196547230255,-2.0684398574919256,3.8324857811245208
549,1.6562195652847158,0.012352453950206663,-2.060009884058834,-1.425183256959923,-0.9998787232348542,-0.022194363718999813,3.081402822244639,1.0122311771850607,-2.0378155203398345,3.8304500262946375
550,1.6749004715009788,0.04744198208895995,-2.00038132299421,-1.4110806511407838,-0.9999902065507035,0.006244996773392763,3.085981122641763,1.0474321886396634,-2.006626319767603,3.827132459986702
551,1.6914510499167332,0.0835692431209363,-1.9407744741425106,-1.396836938432427,-0.9997017071169574,0.03411228652508152,3.08828798834916,1.0832709502378937,-1.9748867606675922,3.8224568497330544
552,1.705822348480657,0.12062414170732197,-1.8811582062600214,-1.3824535431942528,-0.9990133403295429,0.061379721814441665,3.08827589167491,1.1196374820368649,-1.942537928074463,3.816345067769703
553,1.717961783721626,0.15847393849721295,-1.8215348948687302,-1.3679319037538014,-0.997925381525997,0.08802407252366595,3.0858936874754272,1.1563993200232099,-1.909558967392396,3.808728749556674
554,1.7278251257561466,0.19698324451355528,-1.7619063163732802,-1.3532734722629138,-0.996438265875335,0.11402652573356646,3.0810985980190604,1.1934215103888903,-1.8759328421068466,3.799545696562813
555,1.7353765421965288,0.2360144762018626,-1.7022737991610628,-1.338479714552524,-0.9945525882039893,0.13937249138381436,3.073856256749053,1.230567064405852,-1.8416462905448772,3.7887397174566426
556,1.7406205024322587,0.27566924742861515,-1.6431739070683944,-1.3235521099860739,-0.9922691027578862,0.16405136184929442,3.0641726124183326,1.2679383501865014,-1.8072252689176889,3.7766234431278516
557,1.7435130786320008,0.3155645228748216,-1.584750201640889,-1.3084921513115828,-0.9895887229007583,0.18805623702960433,3.0520052299435836,1.30515324577558,-1.7728064386704934,3.7631108922742467
558,1.744071215512899,0.3555606287255439,-1.5270026828785463,-1.293301344512367,-0.9865125207488105,0.21138362585071127,3.0373725600252657,1.3420731494743543,-1.7383863087292577,3.7481701355877357
559,1.7423200296431924,0.3955222771906628,-1.4699313507813667,-1.2779812086564475,-0.9830417267418883,0.23403313405741222,3.02030123829964,1.378564003932551,-1.703964484838779,3.7317761519958257
560,1.7382922682860333,0.4353189747728715,-1.41353620534935,-1.2625332757446417,-0.979177729151317,0.25600714694934407,3.000825544030675,1.4144967039241885,-1.6695433522986942,3.7139103215242226
561,1.7320912176259777,0.4744251846296794,-1.3541439960372705,-1.2469590905573706,-0.9749220735246146,0.27731051438496757,2.979050308183348,1.4493472581542939,-1.631454510422238,3.6928298137043543
562,1.7235970585957727,0.5130162350433384,-1.294871786725191,-1.2312602105001726,-0.97027646206729,0.2979502440332553,2.954857269095945,1.4832926971106284,-1.5928220307584464,3.6699347034654894
563,1.7128535732255863,0.5509593696366648,-1.2357195774131116,-1.2154382054479715,-0.9652427529619856,0.3179352075580311,2.928291778673558,1.5162021225986504,-1.5536547849711426,3.6452167025409516
564,1.6999120737453517,0.5881254612105241,-1.1766873681010321,-1.1994946575880876,-0.9598229596252282,0.3372758632229733,2.899406731333439,1.5479484208357523,-1.5139632313240055,3.6186721836981284
565,1.6848311134008296,0.6243894245593787,-1.1177751587889526,-1.1834311612620187,-0.954019249902089,0.35598399733641756,2.8682622746628486,1.5784086744614676,-1.4737591561253702,3.590302002636083
566,1.6676056918428594,0.6597754017985744,-1.058741391339289,-1.1672493228060146,-0.9478339451990766,0.3740724860305142,2.8348550146488742,1.6076093469976511,-1.4328138773698031,3.5600233670325214
567,1.6483617198890939,0.6940137069737828,-0.9998276238896253,-1.1509507603904343,-0.9412695195556019,0.39155507809344553,2.799312480279528,1.6352832265293848,-1.391382701983071,3.5279239527794233
568,1.6271784294504013,0.7269922222348341,-0.9410338564399617,-1.1345371038579373,-0.9343285986543979,0.4084461989420335,2.7617155333083385,1.661320820889232,-1.3494800553819952,3.4940171689203856
569,1.6041410426091527,0.7586043739326451,-0.8823600889902982,-1.1180099945604975,-0.92701395877128,0.4247607753253133,2.7221510371696502,1.6856183327039251,-1.3071208643156114,3.458320457482295
570,1.579340385209895,0.7887494329773505,-0.8238063215406346,-1.1013710851952752,-0.9193285256646756,0.4405140799735253,2.6807114704051704,1.708077958642026,-1.2643204015141598,3.420855211499821
571,1.5532393040370152,0.8169366537527546,-0.7650593075809037,-1.0846220396393396,-0.9112753734053558,0.4557215951360275,2.637861343676355,1.7282120271581105,-1.2207809027169312,3.381617259790696
572,1.5256377188724346,0.8434377015100987,-0.7064322936211728,-1.0677645327832885,-0.90285772314685,0.470398893769609,2.593402251655723,1.7462954246569486,-1.1768311873907817,3.3406907358638223
573,1.4966461675889131,0.8681774711450223,-0.6479252796614419,-1.0508002503637586,-0.8940789418370272,0.4845615370301453,2.5474464179526715,1.7622564129820495,-1.1324868166915871,3.298114204726165
574,1.4663785584083078,0.8910881089070611,-0.589538265701711,-1.0337308887948575,-0.8849425408713637,0.498224986670857,2.5001094472031653,1.7760306497784248,-1.087763252372568,3.2539300868578964
575,1.4349516998646237,0.912109129819165,-0.5312712517419801,-1.0165581549985168,-0.8754521746884286,0.5114045309468265,2.4515098548631404,1.7875613045075935,-1.0426757826888067,3.2081846539234147
576,1.4145772023185752,0.9240817134440369,-0.4727536405741954,-0.9992837662338049,-0.865611639308158,0.5241152226565137,2.41386096855238,1.7896933527521948,-0.996868863230709,3.165987145088387
577,1.394717052888902,0.9342388873568478,-0.4143560294064107,-0.9819094499252019,-0.8554248708134978,0.5363718280074358,2.376626502814104,1.7896637581703456,-0.9507278574138465,3.123320886500381
578,1.3755108236053417,0.9426861704124614,-0.35607841823862596,-0.9644369434898631,-0.8448959437760261,0.5481887850668954,2.3399477670952047,1.7875821141884876,-0.9042672033055213,3.0803416275917197
579,1.3570870856727038,0.9495385525273826,-0.29792080707084123,-0.9468679941638701,-0.8340290696261731,0.5595801706434279,2.303955079836574,1.7835676221535557,-0.8575009777142691,3.0372076648593147
580,1.3395628456096647,0.9549195380051749,-0.2398831959030565,-0.9292043588275147,-0.8228285949687089,0.570559674535322,2.2687672044371796,1.7777481329738838,-0.8104428704383785,2.9940792739114683
581,1.3226101185476664,0.9590660548021434,-0.18154910696882876,-0.9114478038296094,-0.8112989998441578,0.581140580175409,2.234057922377276,1.7703650546463012,-0.7626896871442378,2.950746140576252
582,1.3070419471568975,0.961923910002429,-0.12333501803460098,-0.89360010481086,-0.7994448959368459,0.5913357507932551,2.2006420519677574,1.761368805939275,-0.7146707688278561,2.9079201879078123
583,1.2929456956526622,0.9636713407976554,-0.06524092910037321,-0.8756630465262938,-0.7872710247302823,0.6011576203049405,2.168608742178956,1.7509423655279377,-0.6663985494053137,2.8657896068457416
584,1.2803924695464137,0.9644914888826708,-0.007266840166145448,-0.8576384226667918,-0.7747822556106337,0.6106181882251972,2.1380308922132056,1.7392737444933046,-0.6178850283913426,2.8245408764349524
585,1.2694369284104603,0.964571102450428,0.050587248768082314,-0.8395280356797178,-0.7619835839190322,0.619729017975972,2.108964964090178,1.72655468636946,-0.5691417692078897,2.784357494690888
586,1.2673890242132249,0.9644674161494311,0.10877451991546452,-0.8213336965886817,-0.7488801289535097,0.6285012380388306,2.088722720801907,1.7133475451029407,-0.5197267181233661,2.751079474721819
587,1.2678479679272285,0.9645175353561022,0.16684179106284674,-0.8030572248124292,-0.7354771319213411,0.6369455454658797,2.070905192739658,1.6999946672774433,-0.4701037544030329,2.720225675562903
588,1.2707805450915766,0.9650114027704025,0.22478906221022896,-0.7847004479829077,-0.721779953842635,0.6450722113249574,2.055480993074484,1.6867913566130377,-0.4202831491147284,2.6920076372597297
589,1.2761285932971154,0.9662342521405584,0.28261633335761116,-0.7662652017625027,-0.7077940734059962,0.6528910877099849,2.042393795059618,1.6740283255465545,-0.3702747543523738,2.666617078348697
590,1.2838095658571838,0.9684647231285474,0.3401665097382188,-0.747753329660472,-0.6935250847771224,0.6604116159967486,2.0315628955176557,1.6619898079056696,-0.32024510625852975,2.6442418285983114
591,1.2734511336551484,0.9647986229445386,0.3962720371673056,-0.7291666828486026,-0.6789786953612166,0.6676428360684155,2.002617816503751,1.6437773183057551,-0.2713707989011099,2.605019021360677
592,1.2649784874988759,0.9612536189713364,0.4504949441434475,-0.7105071199760853,-0.6641607235200951,0.6745933962741206,1.9754856074749612,1.6254143424914316,-0.22409845213067314,2.5680216678145324
593,1.258334149996844,0.9580399811735698,0.5034193176294715,-0.6917765069836577,-0.6490770962449237,0.6812715639183997,1.9501106569805016,1.6071170774184935,-0.17785224628892826,2.533256460863981
594,1.2534490283576325,0.9553494974171359,0.5555604911914851,-0.6729767169170084,-0.6337338467854989,0.6876852361095336,1.926425745274641,1.5890833442026349,-0.1321247449180485,2.5007516820145987
595,1.2502431829155056,0.953359365845415,0.6073898944253222,-0.6541096297394813,-0.6181371122370333,0.6938419508213524,1.904352812654987,1.5714964780824483,-0.08645205639603015,2.4705535358999207
596,1.2591014593415346,0.9595162295411154,0.6363531688681366,-0.6351771321440697,-0.6022931310853911,0.6997488980461777,1.8942785914856044,1.5618093606265064,-0.06339572917804104,2.4559232234700006
597,1.270199305897714,0.96771632527426,0.6651907941513,-0.6161811173647562,-0.5862082407117827,0.7054129309366325,1.8863804232624701,1.5539245659860428,-0.040222136785332485,2.4443261808380616
598,1.2834250846497524,0.9780913673300631,0.6939603385808909,-0.5971234849871871,-0.5698888748578939,0.71084057685146,1.8805485696369395,1.547980242187957,-0.01688023827056906,2.4357731206768616
599,1.2986614939946586,0.9907683039159572,0.7227350661368831,-0.5780061407587223,-0.5533415610524803,0.7160380482354703,1.8766676347533808,1.5441098649684375,0.0066970179014127496,2.4302677911029615
600,1.315785055473402,1.005869890571446,0.7516085111342219,-0.5588309963978517,-0.5365729180004349,0.7210112532766491,1.8746160518712538,1.5424428085718809,0.030597257857572835,2.427807931414032
601,1.2944292814249587,0.9859106674506974,0.7568672961008477,-0.5395999694030323,-0.5195896529353996,0.7257658062944856,1.834029250827991,1.505500320386097,0.03110148980636207,2.3730069132312908
602,1.273626286536981,0.9662621038661318,0.7621207194052537,-0.5203149828609361,-0.5023985589369582,0.7303070378230215,1.793941269397917,1.46866066280309,0.03181368158223219,2.3186637382013884
603,1.253372096821409,0.9469295586234926,0.7671337935556788,-0.5009779652541498,-0.48500651221350166,0.7346400043601177,1.754350062075559,1.4319360708369944,0.03249378919556112,2.264782748434139
604,1.2336582367344973,0.9279229815695621,0.7717061249922883,-0.4815908502683184,-0.467420469351827,0.7387694977612211,1.7152490870028156,1.3953434509213891,0.03293662723106716,2.211367811538045
605,1.21447268863181,0.9092557476028967,0.7756617489028106,-0.4621555765987845,-0.44964746453460147,0.7427000542616012,1.6766282652305944,1.3589032121374982,0.03296169464120935,2.158422283298934
606,1.2259217416124082,0.9204839979811307,0.7889333150869552,-0.44267408775671735,-0.4316946067267801,0.7464359631158108,1.6685958293691256,1.3521786047079107,0.04249735197114435,2.1481166275932115
607,1.239414836778792,0.9340728322750282,0.8013682817103899,-0.4231483318747701,-0.4135690768321209,0.7499812748470809,1.6625631686535622,1.3476419091071492,0.05138700686330899,2.1407698683930754
608,1.2549043333542282,0.9500651397327183,0.8129936946556481,-0.4035802615122578,-0.39527812482090974,0.7533398091026414,1.658484594866486,1.345343264553628,0.05965388555300666,2.1363703417129805
609,1.272347138339488,0.9684982099325513,0.8238388823014777,-0.38397183345991004,-0.37682906683007494,0.756515162113617,1.656318971799398,1.3453272767626263,0.0673237201878607,2.1349076095335118
610,1.291704624679919,0.9894042167130971,0.8339369925119904,-0.36432500854419003,-0.35822928223682704,0.7595107137603188,1.6560296332241091,1.3476334989499241,0.07442627875167163,2.1363729694454605
611,1.2791555260075567,0.9755736746405336,0.830968236590992,-0.3446417514312205,-0.3394862107070128,0.7623296342454584,1.6237972774387772,1.3150598853475464,0.06863860234553354,2.090648549613214
612,1.267349306535659,0.9626392407122757,0.8271081677636876,-0.3249240304303084,-0.32060734921933826,0.764974890379158,1.5922733369659672,1.283246589931614,0.06213327738452956,2.045951303023216
613,1.2562804398307688,0.9506062356589333,0.8221514160806993,-0.3051738172971223,-0.30160024906668353,0.7674492514806304,1.561454257127891,1.252206484725617,0.05470216460006894,2.002286893605318
614,1.245943489321739,0.9394800912176894,0.8158995966019656,-0.28539308703651545,-0.2824725128356836,0.7697552949021605,1.5313365763582545,1.221952604053373,0.0461443016998051,1.9596655768841789
615,1.2363339173170347,0.9292656714702444,0.8081536313634593,-0.2655838177050335,-0.263231791365801,0.7718954111815078,1.5019177350220683,1.1924974628360454,0.03625822018195146,1.9181036833745428
616,1.2489000646017516,0.9424171360800568,0.8146220460012489,-0.2457479902131001,-0.24388578068908245,0.77387180882917,1.4946480548148517,1.1863029167691392,0.04075023717207893,1.908650832375154
617,1.2635192018893606,0.9579167096947631,0.8193602329695148,-0.22588758812693474,-0.2244422189518554,0.7756865187570767,1.4894067900162953,1.1823589286466185,0.04367371421243804,1.9021599868597103
618,1.2801922909783219,0.9757625852015069,0.8224317472051393,-0.2060045974701957,-0.20490888331957058,0.777341398355284,1.4861968884485175,1.1806714685210775,0.0450903488498553,1.8986309402759598
619,1.2989310386495991,0.9959433200734955,0.8238756972791109,-0.1861010065253778,-0.18529358686603822,0.7788381352231183,1.485032045174977,1.1812369069395336,0.04503756205599263,1.8980698584374072
620,1.319757878023182,1.0184378832977639,0.8237085700306109,-0.1661788056349928,-0.16560417544830938,0.7801782505609888,1.4859366836581749,1.1840420587460732,0.04353031946962216,1.900488966932937
621,1.2970051076806748,0.9938714059287922,0.8300737196770986,-0.14623998700252616,-0.14584852456842748,0.7813631022287947,1.443245094683201,1.1397199304972196,0.04871061744830396,1.8396441632967784
622,1.2746569005418211,0.9694315230608428,0.8345957746342947,-0.12628654449322554,-0.1260345362233393,0.7823938874764594,1.4009434450350466,1.095466059284182,0.05220188715783525,1.7791608865566708
623,1.2526659464121817,0.9451628687503386,0.8373674267085188,-0.10632047343471225,-0.10617013574419806,0.7832716453517061,1.358986419846894,1.0513330044945366,0.0540957813568127,1.7190321489804639
624,1.2309880923830756,0.9211060767939035,0.8384415668454569,-0.08634377041745736,-0.08626326862634384,0.7839972587896967,1.317331862800533,1.0073693454202475,0.05444430805576017,1.6592529697190874
625,1.2095815495917281,0.8972989978142023,0.8378366382973303,-0.06635843309511363,-0.06632189735120068,0.7845714563886423,1.2759399826868418,0.963620895165403,0.05326518190868801,1.5998203801121038
626,1.2207990906810469,0.9097593086778627,0.8476541374210577,-0.0463664599847589,-0.04635399820139721,0.7849948138749364,1.2671655506658057,0.9561133068792599,0.06265932354612125,1.5886432510834603
627,1.2315367487653377,0.9219246609451346,0.8571640193008416,-0.026369850267042503,-0.026367558070356484,0.7852677552607884,1.2579065990323801,0.9482922190154911,0.07189626404005323,1.5769452169677456
628,1.241826655448363,0.9338086325824329,0.8663091008897119,-0.006370603586275981,-0.006370571267652135,0.7853905536967359,1.248197259034639,0.940179203850085,0.08091854719297598,1.5647623283085477
629,1.2516994358528715,0.9454238293112897,0.8750390515063758,0.013629280149540351,0.013628963678619457,0.7853633320208057,1.2380701557033311,0.9317948656326702,0.08967571948557018,1.5521279318174555
630,1.261184223389549,0.9567820205733675,0.8833101493627853,0.033627800968699426,0.033623047221136695,0.7851860630054648,1.2275564224208495,0.9231589733522307,0.0981240863573205,1.5390729666363705
631,1.2599496104289523,0.95527844621547,0.8808353130437694,0.053622959035786476,0.053603681993068565,0.7848585693028844,1.2063266513931659,0.9016747642224014,0.09597674374088494,1.5091232241391275
632,1.2603419202826973,0.9557538174096291,0.8764221361792994,0.07361275485165383,0.07356287600690768,0.7843805230883966,1.1867291654310435,0.8821909414027214,0.09204161309090286,1.4815730247672763
633,1.2623756683610956,0.9581961226118685,0.8701363563318094,0.09359518945337977,0.09349264585116929,0.7837514454014016,1.1687804789077159,0.8647034767606991,0.08638491093040779,1.4564416443628097
634,1.2660764142667744,0.9625839225406346,0.8620108012641952,0.1135682646141561,0.11338501988364241,0.7829707051823518,1.1525081496526184,0.8491989026569922,0.07904009608184337,1.433757702011804
635,1.2714802350233767,0.9688863485498876,0.8520489891197947,0.1335299830431127,0.13323204141994396,0.7820375180038213,1.137950251980264,0.8356543071299437,0.07001147111597339,1.4135595152290532
636,1.2652152084559138,0.9617251237811748,0.8531166390140594,0.15347834858503784,0.15302577191607933,0.7809509444930636,1.111736859870876,0.8086993518650955,0.07216569452099586,1.376648602501117
637,1.2602200388800386,0.9560030901166665,0.8520518063481494,0.17341136642000265,0.17275829414376465,0.7797098884428689,1.086808672460036,0.7832447959729019,0.07234191790528044,1.3415881834747923
638,1.2564825257703662,0.9517309097318404,0.8490089592706128,0.19332704326283448,0.1924217153572057,0.7783130946069631,1.0631554825075318,0.7593091943746346,0.07069586466364974,1.3083760689985966
639,1.2540001666630278,0.9489108007358783,0.8440946403984716,0.2132233875624471,0.21200817045009426,0.7767591461756517,1.0407767791005806,0.7369026302857841,0.06733549422281992,1.277018347252426
640,1.2527791795571108,0.9475373543987481,0.8373753772994023,0.23309840970098727,0.23150982510153895,0.7750464619269026,1.0196807698561234,0.7160275292972091,0.06232891537249963,1.247529233652404
641,1.2604346060678733,0.9560330268493925,0.8372944270283574,0.2529501221928054,0.25091887890969955,0.7731732930475957,1.0074844838750678,0.705114147939693,0.06412113398076169,1.2313904606974628
642,1.270151873051534,0.9668150884760637,0.8350564962150797,0.2727765398831953,0.2702275685118367,0.7711377196192538,0.9973753331683387,0.696587519964227,0.0639187765958259,1.218227129144674
643,1.2819595109623168,0.9798577670218263,0.8308328581138794,0.2925756801469099,0.28942817068955534,0.7689376467622203,0.9893838308154068,0.6904295963322709,0.061895211351659096,1.208058115058534
644,1.2958980182501054,0.9951241011731572,0.8247512698419254,0.3123455630864238,0.30851300545799065,0.7665708004319635,0.9835524551636816,0.6866110957151665,0.05818046940996191,1.2009143166098284
645,1.3120187869540694,1.0125663615886284,0.8169029042459319,0.3320842117299144,0.32747443913769303,0.7640347228610073,0.979934575224155,0.6850919224509354,0.05286818138492466,1.1968365629985627
646,1.2912238458362892,0.990418056849538,0.8160843144866564,0.351789652228968,0.34630488740800797,0.7613267676398998,0.9394341936073212,0.6441131694415301,0.0547575468467566,1.1403581753569032
647,1.2707902772470383,0.9686903136351849,0.8134229682910318,0.37145991405595574,0.3649968183406966,0.7584440944306824,0.8993303631910825,0.6036934952944883,0.054978873860349387,1.0845568749444323
648,1.2506795245690747,0.9474195482850508,0.8090612306506924,0.3910930302010885,0.38354275541260996,0.7553836633065133,0.8595864943679863,0.5638767928724409,0.053677567344179056,1.0294305513612576
649,1.2308585065766955,0.926637559237419,0.8030954531291575,0.4106870373691092,0.40193528049619187,0.7521422287114786,0.8201714692075863,0.5247022787412271,0.05095322441767891,0.9749820261404439
650,1.2112985665066203,0.9063727555506851,0.7955835274871396,0.43023997617563103,0.4201670368266409,0.7487163330352061,0.7810585903309892,0.48620571872404417,0.046867194451933436,0.9212193313025904
651,1.222373274017503,0.9176753923426263,0.8007942033946447,0.4497498913430674,0.43823073194451173,0.7451022997977352,0.7726233826744356,0.47944466039811456,0.05569190359690945,0.9109970702289872
652,1.235560883773202,0.9312754588229135,0.8041686863725986,0.4692148318961616,0.45611914061260495,0.7412962264412188,0.7663460518770404,0.47515631821030857,0.0628724599313798,0.9038875727547794
653,1.250866901261873,0.947167142258221,0.8059762899489217,0.48863285135707546,0.4738251077059589,0.7372939767265044,0.7622340499047975,0.47334203455226204,0.06868231322241725,0.8998725957922745
654,1.2683044782518353,0.9653375686958516,0.8064496182921213,0.5080020079400462,0.4913415510738144,0.733091172734505,0.7603024703117891,0.47399601762203725,0.07335844555761628,0.8989513516416722
655,1.2878926973138236,0.9857683708489847,0.8057955599001678,0.5273203647455568,0.5086614643723737,0.7286831864746114,0.7605723325682668,0.477106906476611,0.07711237342555644,0.901136832790303
656,1.2763752358805136,0.9737712057248109,0.7934642781420308,0.5465859899540265,0.5257779198672481,0.7240651311052729,0.7297892459264871,0.4479932858575628,0.06939914703675787,0.8591312875532099
657,1.265605702317775,0.9628265189707736,0.7798908431512186,0.5657969570189859,0.5426840712044526,0.7192318517753863,0.699808745298789,0.42014244776632104,0.060658991375832305,0.8184934145406879
658,1.255595860090419,0.9529263287766808,0.7650448137567022,0.5849513448597394,0.5593731561488667,0.7141779160993728,0.6706445152306795,0.3935531726278141,0.050866897657329435,0.7792532366129078
659,1.2463606206092612,0.9440595763504208,0.7488789826065109,0.6040472380534647,0.5758384992890305,0.708897604283927,0.6423133825557965,0.3682210770613903,0.03998137832258386,0.7414524621410956
660,1.237917894028775,0.9362120220886421,0.7313288030240809,0.6230827270267574,0.5920735147072245,0.7033848989304824,0.6148351670020176,0.3441385073814176,0.02794390409359848,0.7051485351478092
661,1.2514574943408137,0.9483612867581654,0.7283682138690003,0.6420559082465795,0.6080717086137423,0.6976334745446516,0.6094015860942341,0.3402895781444232,0.03073473932434867,0.6986500657190361
662,1.267361340430643,0.9625472497289725,0.723870615821216,0.6609648844106218,0.6238266819443293,0.6916366867923863,0.6063964560200211,0.3387205677846432,0.03223392902882971,0.6953325183641479
663,1.2856664815932881,0.9787278841452098,0.7180091843918964,0.6798077646370254,0.6393321329197169,0.6853875615526078,0.6058587169562627,0.3393957512254929,0.0326216228392886,0.6952110694878745
664,1.3064158743331218,0.9968535532711382,0.7109304595019335,0.6985826646534714,0.6545818595662526,0.6788787838277314,0.6078332096796504,0.34227169370488564,0.032051675674202085,0.6983111290926137
665,1.329657248503671,1.0168678122940753,0.7027610906799533,0.7172877069856007,0.6695697621966022,0.6721026865871469,0.6123695415180703,0.34729805009747305,0.0306584040928064,0.7046646924048886
666,1.3026147792517715,0.9939623178188257,0.6975295601454022,0.7359210211447693,0.6842898458495512,0.6650512396345386,0.5666937581070022,0.3096724719692745,0.032478320510863634,0.6466016522374537
667,1.2756505454680984,0.9713642932481164,0.6910176367999306,0.7544807438150888,0.6987362226879031,0.6577160386082651,0.5211698016530096,0.2726280705602132,0.03330159819166545,0.5891120635791981
668,1.2487384982041678,0.9491067283094444,0.6833901173452639,0.7729650190397587,0.7129031143535387,0.6500882942451496,0.47577347916440915,0.23620361395590572,0.033301823100114314,0.5322232258590641
669,1.2218574839204728,0.9272179528260097,0.6747753303937564,0.7913719984066616,0.7267848542786822,0.6421588220623271,0.43048548551381116,0.2004330985473275,0.03261650833142926,0.4759779583626521
670,1.1949903164621638,0.9057227036008033,0.6652722461046594,0.8096998412331966,0.7403758899524486,0.6339180326396285,0.3852904752289672,0.16534681364835468,0.03135421346503087,0.42044191725830315
671,1.194920567040751,0.9056679790678542,0.6605807747705892,0.827946714750356,0.7536707851417809,0.6253559227167048,0.36697385229039503,0.15199719392607336,0.03522485205388437,0.398765276106723
672,1.1965874980949511,0.9069632443907456,0.654854133849928,0.8461107942859937,0.7666642220658663,0.61646206735519,0.35047670380895746,0.14029902232487934,0.03839206649473792,0.3794623648635594
673,1.2000064562474504,0.90958863575135,0.6482604384815961,0.8641902634472943,0.7793510035231798,0.6072256134569679,0.33581619280015607,0.1302376322281702,0.041034825024628185,0.36251650039686956
674,1.205196083474252,0.9135195871310213,0.640947209119518,0.8821833143024047,0.791726054970291,0.5976352749755627,0.3230127691718472,0.1217935321607303,0.04331193414395529,0.34791785979386314
675,1.2121774182728038,0.9187277826342202,0.6330484856242318,0.9000881475612352,0.803784426551621,0.5876793302090884,0.31208927071156856,0.1149433560825992,0.045369155415143414,0.33566359389110606
676,1.2265025420270355,0.9292394757990551,0.6268182292910345,0.9179029727553806,0.8155212950793129,0.5773456216204795,0.3085995692716549,0.11371818071974216,0.04947260767055495,0.33258541412783504
677,1.2434197594471157,0.9414918173017471,0.6198954010763268,0.9356260084171686,0.8269319659624466,0.5666215586940145,0.3077937510299471,0.11455985133930058,0.05327384238231225,0.33271467505077557
678,1.2629608820542055,0.9554393152337315,0.6124412804521662,0.953255482257799,0.8380118750848067,0.5554941244066477,0.30970539979640654,0.11742744014892481,0.05694715604551848,0.33607977764907837
679,1.2851583579278114,0.9710343493766849,0.6046145276415026,0.9707896313445805,0.8487565906304755,0.5439498859681842,0.3143687265832309,0.12227775874620939,0.06066464167331842,0.3427240074563066
680,1.3100441015380404,0.988228721822817,0.5965786532390288,0.9882267022772163,0.8591618148564958,0.5319750105656659,0.3218173992608241,0.12906690696632117,0.06460364267336294,0.3527014822587527
681,1.2911822486517806,0.9754191502681552,0.5739221340513634,1.0055649513631455,0.8692233858119127,0.5195552869336455,0.28561729728863505,0.10619576445624246,0.05436684711771789,0.30953276880555247
682,1.2728276169111288,0.9635525865750528,0.5509683157277431,1.0228026447919047,0.8789372790024944,0.5066761536623483,0.25002497211922403,0.08461530757255842,0.04429216206539477,0.26764534851038346
683,1.2555572243820985,0.9529409957969992,0.5276339439853395,1.0399380588085174,0.8882996090004824,0.4933227352482483,0.21561916557358107,0.06464138679651676,0.03431120873709115,0.22770022506494036
684,1.2398167882933149,0.94376836548537,0.5038413364263863,1.0569694798858615,0.8973066309987076,0.4794798869840495,0.18284730840745334,0.046461734486662465,0.024361449442336813,0.1902243706318699
685,1.225034763805386,0.935619023958997,0.4795164730382564,1.0738952048960235,0.9059547423084625,0.46513224987409174,0.15113955890936248,0.029664281650534474,0.014384223164164656,0.15469337978464165
686,1.2470618961586726,0.9470730538992642,0.46588836306957115,1.090713541280604,0.9142404838005289,0.4502643168426439,0.15634835487806864,0.0328325700987353,0.015624046226927257,0.1605207044367424
687,1.2707461057393312,0.9589815713191598,0.45168110716626236,1.1074228072199814,0.9221605412887859,0.4348605115707623,0.1633232985193498,0.03682103003037396,0.016820595595500087,0.16826532776518668
688,1.296167478674176,0.9713142453538814,0.4369932170940058,1.124021331801486,0.9297117468558371,0.4189052813456625,0.17214614687268992,0.041602498498044316,0.018087935748343276,0.1780231366537218
689,1.3234493620053824,0.984057954607197,0.42192700332272715,1.1405074551864933,0.936891080120138,0.4023832053261955,0.1829419068188891,0.04716687448705903,0.019543797996531664,0.1899326600654514
690,1.3527599779830397,0.9972150750734744,0.40659340662480126,1.1568795287764002,0.9436956694441047,0.38527911960911393,0.1958804492066395,0.05351940562936974,0.021314287015687328,0.2041758457587552
691,1.3547171716148882,0.9980578173317245,0.3891334462884944,1.1731359153774927,0.9501227930827351,0.3675782604113194,0.18158125623739552,0.04793502424898943,0.021555185877174976,0.18903477247506992
692,1.3588553796648701,0.9997546576934893,0.3712543864586677,1.1892749893646573,0.9561698802722672,0.3492664265498517,0.16958039030021288,0.04358477742122202,0.021987959908816024,0.17646702801991568
693,1.3648749392816364,1.0020981141394154,0.35306252349085687,1.2052951368439446,0.9618345122584524,0.3303301621888942,0.15957980243769176,0.04026360188096301,0.022732361301962656,0.16614340562551494
694,1.3725420090992453,1.0049234522284165,0.33466403763447555,1.2211947558139582,0.9671144232640236,0.31075696051584134,0.1513472532852871,0.037809028964392866,0.023907077118634212,0.15781971386549737
695,1.381676591007443,1.0080999526807013,0.31616920901512396,1.236972256326048,0.9720075013949759,0.29053548859030254,0.14470433468139499,0.03609245128572536,0.025633720424821427,0.15132447633550739
696,1.3583950664637874,1.0004835581349276,0.29242518728279343,1.2526260606433117,0.9765117894852975,0.2696558330657038,0.10576900582047566,0.023971768649630132,0.022769354217089643,0.11081593647082762
697,1.336679187486856,0.9939458656174084,0.26855842978324806,1.2681546033983628,0.9806254858798085,0.24810976580033245,0.06852458408849316,0.013320379737599919,0.020448663982915616,0.07274062825918555
698,1.3158079110256062,0.9882019491126565,0.24461934237585015,1.2835563317498675,0.9843469451548001,0.22589102754483356,0.03225157927573874,0.0038550039578563178,0.018728314831016585,0.03749366876826039
699,1.2951247952783256,0.9830390658316343,0.22065530467358585,1.2988297055378224,0.9876746787761803,0.2029956269152212,-0.0037049102594968186,-0.004635612944546064,0.01765967775836466,0.018630069402228413
700,1.2740130912672232,0.9783035502559961,0.19671011202483324,1.3139731974375781,0.9906073556948702,0.17942215074251594,-0.03996010617035495,-0.012303805438874105,0.0172879612823173,0.04524452805282214
701,1.2972994797041617,0.9829442301476894,0.17195134013653107,1.328985293112564,0.9931438028792042,0.15517208065333724,-0.031685813408402375,-0.010199572731514839,0.016779259483193837,0.03727687760612339
702,1.3201566912531448,0.986913758334985,0.14714909258697464,1.3438644913657243,0.9952830057841277,0.13025010941636972,-0.023707800112579447,-0.008369247449142692,0.016898983170604925,0.030293228966939
703,1.3427468226441508,0.990262077518594,0.1223157641610938,1.3586093042896297,0.9970241087570001,0.10466444924219856,-0.015862481645478876,-0.00676203123840613,0.01765131491889524,0.024676148580934348
704,1.3652187395238469,0.9930245374867952,0.09748068895207289,1.373218257415277,0.9983664153798475,0.07842712292189793,-0.007999517891430052,-0.005341877893052294,0.019053566030174954,0.021343999727928862
705,1.387713521966453,0.9952243165842993,0.07269010799544456,1.3876898898595273,0.9993093887479177,0.051554227525755024,2.3632106925575158e-05,-0.0040850721636184195,0.02113588046968954,0.021527048480631326
706,1.3999876581279436,0.9961180996279475,0.04407790933639308,1.4020227544711974,0.9998526516844362,0.024066159466105345,-0.0020350963432538283,-0.003734552056488649,0.020011749870287733,0.020458705459043828
707,1.412228648404533,0.9966580065877655,0.015446466704639086,1.4162154179757676,0.999995986891472,-0.004012210822559991,-0.003986769571234561,-0.003337980303706467,0.019458677527199077,0.020141414429716113
708,1.424402948876741,0.9968460714719088,-0.013180262300608866,1.4302664611187157,0.999739337036853,-0.03265142639572878,-0.005863512241974789,-0.0028932655649441807,0.019471164095119915,0.02053966875731366
709,1.4364796237150952,0.9966868885119952,-0.04177020775696868,1.4441744788074369,0.9990828047770997,-0.06181740477477093,-0.00769485509234169,-0.002395916265104492,0.02004719701780225,0.021606511007381743
710,1.448515575267448,0.9961838517232102,-0.07038531335788378,1.457938080251753,0.9980266527163616,-0.0914714824314205,-0.00942250498430508,-0.0018428009931513722,0.02108616907353672,0.0231690751191624
711,1.462633074072471,0.9951885429857612,-0.10150599313259731,1.4715558891029872,0.9965713033013819,-0.12157055086072027,-0.008922815030516285,-0.0013827603156206791,0.02006455772812296,0.022002616457695242
712,1.4765519655982489,0.9937708195749446,-0.13257182768838263,1.4850265435916037,0.9947173386525218,-0.15206728962418953,-0.008474577993354826,-0.0009465190775771459,0.019495461935806896,0.021278801813545963
713,1.4902838572536161,0.9919396170381125,-0.16356957319384033,1.4983486966633788,0.9924655003309216,-0.18291049838327378,-0.008064839409762659,-0.0005258832928091151,0.01934092518943345,0.020961621481321
714,1.5038369872078,0.9897027525757613,-0.19448035620254064,1.5115210161141086,0.9898166890418857,-0.21404552605890018,-0.007684028906308704,-0.0001139364661243425,0.019565169856359532,0.02102030335793231
715,1.5172842474453776,0.9870540464493145,-0.22546580904723973,1.5245421847228224,0.9867719642746133,-0.24541479105467268,-0.007257937277444837,0.00028208217470115926,0.019948982007432947,0.021230146184364605
716,1.5303253393227518,0.9840628681627703,-0.25790458105080727,1.5374109003835117,0.9833325438784152,-0.2769583822343691,-0.00708556106075986,0.000730324284355155,0.019053801183561814,0.020341727769508097
717,1.5431454707646874,0.9806811856595946,-0.2901901745610687,1.550125876235334,0.9794998035755915,-0.30861472634854564,-0.0069804054706466,0.0011813820840030909,0.018424551787476928,0.019737928785271665
718,1.5557478320901559,0.9769178696804004,-0.3223168123530328,1.5626858407913,0.9752752764111607,-0.3403213041667633,-0.006938008701144138,0.001642593269239656,0.01800449181373054,0.019364808360941586
719,1.5681354459900305,0.9727808695916055,-0.35428371206750364,1.575089538065422,0.9706606521396622,-0.3720153949700291,-0.006954092075391438,0.0021202174519432404,0.01773168290252547,0.019164219190780006
720,1.5804160563219685,0.968238386947144,-0.38627363229311484,1.5873357276983062,0.9656577765492774,-0.4036348275127553,-0.006919671376337755,0.0025806103978666117,0.01736119521964047,0.018866703512711285
721,1.5928852218084402,0.9631671080224203,-0.4184042936825809,1.5994231850811964,0.9602686507235386,-0.43511871520880985,-0.006537963272756242,0.002898457298881718,0.01671442152622893,0.01818015141372082
722,1.6050833792502615,0.9577430756483948,-0.45026150424778066,1.6113507014784265,0.9544954302409214,-0.46640815416292103,-0.006267322228165062,0.003247645407473354,0.016146649915140365,0.01762216876795921
723,1.6170178810269549,0.9519742044572571,-0.4818510254916562,1.6231170841482976,0.9483404243126435,-0.49744686468148896,-0.006099203121342711,0.0036337801446135742,0.01559583918983276,0.017135776518439654
724,1.6287190287848137,0.9458549039415098,-0.5132242103802085,1.6347211564623458,0.9418060948590116,-0.528181759882355,-0.006002127677532165,0.0040488090824982725,0.014957549502146561,0.016617661651179536
725,1.6402671510933453,0.9393463892911433,-0.5444914733259033,1.646161758023011,0.934895055524683,-0.5585634287330091,-0.005894606929665702,0.004451333766460341,0.014071955407105818,0.015892787424969464
726,1.6519968833704866,0.9322434325821776,-0.5748634086143337,1.6574377447796707,0.927610070633246,-0.5885465249860494,-0.0054408614091840946,0.0046333619489316025,0.013683116371715709,0.015436926166360661
727,1.6634259862095708,0.9248390705121549,-0.6048536367920925,1.6685479891430468,0.9199540540815241,-0.6180900577424483,-0.005122002933475978,0.004885016430630773,0.01323642095035582,0.015010034615319433
728,1.674564475496034,0.9171391893426357,-0.6344807562213138,1.6794913800979598,0.9119300681740611,-0.6471575834684962,-0.004926904601925797,0.0052091211685746375,0.012676827247182332,0.014564040694816613
729,1.6855007566405837,0.9090900860607366,-0.6638811124914655,1.6902668233144347,0.9035413223982338,-0.6757173029780909,-0.004766066673850933,0.005548763662502787,0.01183619048662532,0.013914006430844552
730,1.696231953700364,0.9006946135564292,-0.6930228115251161,1.7008732412571288,0.8947911721405041,-0.7037420699869326,-0.004641287556764739,0.005903441415925137,0.010719258461816428,0.01308795907340264
731,1.707137961697027,0.8916379294796686,-0.7206574961699198,1.7113095732930879,0.8856831173443074,-0.7312093202389199,-0.004171611596060831,0.005954812135361198,0.010551824069000126,0.012814176604798475
732,1.7178073048025826,0.8822677725980343,-0.7479958764130085,1.7215747757978033,0.8762208011101246,-0.7581009318558721,-0.0037674709952206786,0.00604697148790978,0.010105055442863664,0.012364135528971344
733,1.7282438071966413,0.8725841596452302,-0.7750049696972057,1.7316678222595798,0.8664080082382859,-0.7844030284895931,-0.0034240150629385457,0.006176151406944275,0.00939805879238742,0.011755519317235641
734,1.7384505362498137,0.8625874167502814,-0.8016548888146383,1.7415877033821823,0.8562486637151049,-0.8101057371275008,-0.003137167132368557,0.006338753035176503,0.008450848312862469,0.011019911291130401
735,1.7484298909888367,0.8522782073360771,-0.8279188434103198,1.7513334271857652,0.8457468311429333,-0.8352029121201988,-0.0029035361969285134,0.006531376193143812,0.007284068709878966,0.010205246415127744
736,1.758459926724284,0.8413567631371678,-0.8525838931383399,1.7609040191060688,0.8349067111147797,-0.8596918362790572,-0.0024440923817847793,0.006450052022388131,0.007107943140717277,0.009904524943372165
737,1.76824538219048,0.8301594393399769,-0.8768737137314336,1.7702985220918765,0.823732639534121,-0.8835729088565338,-0.00205313990139655,0.006426799805855921,0.006699195125100199,0.009507804926660129
738,1.777793122534158,0.8186831302208359,-0.9007646725078827,1.7795159967007192,0.8122290858806044,-0.9068493289873355,-0.0017228741665611391,0.006454044340231557,0.006084656479452777,0.009035819177718498
739,1.7871086772742784,0.8069256043618023,-0.9242368267802422,1.7885555211928177,0.8004006514223111,-0.9295267818372679,-0.0014468439185393311,0.00652495293949118,0.005289955057025675,0.00852361382821514
740,1.7961964491679547,0.7948854673043995,-0.9472737076394842,1.7974161916232538,0.7882520673753163,-0.9516131333632378,-0.0012197424552990999,0.0066333999290831835,0.004339425723753676,0.008019998870847487
741,1.8052745847843015,0.7822636298378817,-0.9689399320087632,1.8060971219323696,0.7757881930112588,-0.9731181382979247,-0.0008225371480681254,0.006475436826622882,0.004178206289161546,0.00775017788507625
742,1.814112375920833,0.7693967868229405,-0.9902084074317411,1.814597444034368,0.7630140137137015,-0.9940531647825135,-0.0004850681135348811,0.0063827731092390705,0.0038447573507723876,0.007467077254529511
743,1.8227171690067754,0.7562799052262399,-1.0110664147917332,1.8229163079041226,0.7499346389840432,-1.0144309380104182,-0.00019913889734723966,0.006345266242196668,0.003364523218684967,0.007184850483751735
744,1.8310947816044563,0.7429093834527171,-1.0315044756024547,1.8310528816621792,0.7365553003977854,-1.0342653043291206,4.189994227710159e-05,0.006354083054931681,0.0027608287266658316,0.006928080710565952
745,1.839249781162453,0.729282911733114,-1.0515160556425567,1.8390063516579414,0.722881349511976,-1.0535710164801917,0.0002434295045117274,0.006401562221137969,0.0020549608376350115,0.006727712898079205
746,1.8473467403645418,0.7151176450370906,-1.0704674647793615,1.8467759225510378,0.7089182557246515,-1.0723635400346438,0.0005708178135039876,0.00619938931243913,0.0018960752552823479,0.006507946081298769
747,1.8552105840654893,0.7007342203204759,-1.0890371612238852,1.854360817390854,0.6946716040871542,-1.090658880591542,0.0008497666746354327,0.006062616233321716,0.0016217193676568709,0.006333039767859535
748,1.8628479333106436,0.6861270367652185,-1.107221558696641,1.8617602776942273,0.6801470930701856,-1.1084734309385513,0.0010876556164163276,0.005979943695032852,0.0012518722419103678,0.006205634975226212
749,1.870263949058725,0.6712923039291125,-1.1250194293471318,1.868973563521292,0.665350532284497,-1.125823837107909,0.001290385537432881,0.005941771644615512,0.0008044077607771705,0.0061332550050989575
750,1.8774626257076281,0.6562278075984866,-1.14243163528092,1.8759999535494778,0.6502878401571169,-1.1427268820842833,0.0014626721581503244,0.005939967441369709,0.00029524680336323605,0.006124523958778882
751,1.884560914687183,0.6406833115733301,-1.1590606156803274,1.8828387451456365,0.6349650415640629,-1.1591993858163752,0.001722169541546359,0.005718270009267279,0.00013877013604779442,0.00597358660934738
752,1.8914334763579286,0.6249456908462552,-1.1753465253289619,1.8894892544363082,0.6193882654204694,-1.1752581201377648,0.0019442219216203593,0.005557425425785745,-8.840519119712731e-05,0.005888360698998459
753,1.898085718217553,0.6090098839988096,-1.1912921057682415,1.895950816376105,0.6035637422291092,-1.1909197372013636,0.0021349018414480447,0.0054461417697003744,-0.0003723685668779453,0.005861478004555857
754,1.9045217993966133,0.5928728013886847,-1.2069015835533035,1.902222784814218,0.5874978015882669,-1.2062007100649477,0.0022990145823953423,0.005374999800417779,-0.000700873488355791,0.005887895596156373
755,1.9106908134741314,0.5766750392478307,-1.222097782042766,1.9083045325590295,0.5711968696599886,-1.2211172841230187,0.002386280915101846,0.0054781695878420855,-0.000980497919747414,0.006055250185546939
756,1.9167166236848152,0.560100321837459,-1.2366006260198201,1.9141954514408346,0.5546674665997017,-1.2356854381550875,0.0025211722439806294,0.0054328552377572725,-0.0009151878647326583,0.006058860812561952
757,1.922489892501168,0.5434731818959979,-1.2507312420810515,1.9198949523726523,0.5379162039482439,-1.2499208538459183,0.002594940128515688,0.005556977947754005,-0.0008103882351331304,0.006186311281696672
758,1.9280210035614223,0.5267861496456421,-1.2645300832626116,1.9254024654091402,0.5209497819873273,-1.2638388927244983,0.0026185381522820794,0.005836367658314745,-0.0006911905381132843,0.006434102412765631
759,1.9333217008794192,0.5100232242008034,-1.2780416446708116,1.9307174398035836,0.5037749870595203,-1.2774545795615464,0.0026042610758356677,0.006248237141283086,-0.0005870651092652057,0.006794651467686827
760,1.9384524777461318,0.4930009372485811,-1.291404644243161,1.935839344062973,0.4863986888537981,-1.2907825913575508,0.0026131336831587415,0.006602248394782961,-0.0006220528856102359,0.007127769728671724
761,1.9435514784502779,0.47522793292935683,-1.3044503336676982,1.94076766600115,0.4688278376577654,-1.3038372511423686,0.0027838124491279537,0.0064000952715914106,-0.0006130825253296557,0.0070061902215277526
762,1.9483975887109248,0.45746543572846177,-1.317186464953376,1.9455019127900275,0.45106946157762406,-1.3166325258920903,0.002895675920897345,0.006395974150837702,-0.0005539390612856465,0.007042746116442561
763,1.953003082201735,0.43969669117668486,-1.3296501565167975,1.9500416110088725,0.433130663727031,-1.3291820279480693,0.002961471192862497,0.006566027449653844,-0.00046812856872824327,0.007218183459335301
764,1.957389825632993,0.4218594596181602,-1.3419087106548435,1.954386306691646,0.415018619385944,-1.3414990193963932,0.003003518941346872,0.006840840232216205,-0.00040969125845036203,0.0074823838474772164
765,1.9615847827608874,0.4038530564739746,-1.3540382617735172,1.9585355653724,0.39674057313061206,-1.3535964189332585,0.003049217388487513,0.007112483343362563,-0.00044184284025861054,0.007751152887625964
766,1.9656945505325962,0.38519077170804916,-1.3659337609540332,1.9624889721287242,0.37830383593583167,-1.3654868108028255,0.0032055784038720336,0.006886935772217495,-0.000446950151207659,0.0076095585727218315
767,1.9695917764563675,0.3664340394166555,-1.377694793203751,1.9662461316232376,0.3597157822506608,-1.3771824554492114,0.003345644833129935,0.006718257165994668,-0.0005123377545397378,0.007522686267060095
768,1.9732784562440857,0.3475800086775666,-1.389322032594753,1.9698066681431217,0.3409838470487362,-1.3886953015737538,0.003471788100964046,0.0065961616288304215,-0.0006267310209993049,0.007480337734643614
769,1.9767561219552767,0.32862743424659824,-1.4008171544360264,1.9731702256376917,0.3221155228543811,-1.4000369993327406,0.003585896317584991,0.006511911392217129,-0.0007801551032857734,0.007474776542863316
770,1.980025945657722,0.30957644554394487,-1.4121827301622054,1.9763364677540007,0.30311835674570226,-1.4112189144499225,0.0036894779037213166,0.006458088798242612,-0.0009638157122828783,0.007499873255947589
771,1.9831351242267936,0.2901388882129175,-1.4233558599415495,1.979305077870476,0.2839999473358494,-1.422252143052719,0.0038300463563176734,0.006138940877068122,-0.001103716888830375,0.007319429018329888
772,1.9860296319861432,0.27064964560168125,-1.4344071531763611,1.9820757591285796,0.26476794173367757,-1.4331475270714018,0.003953872857563656,0.005881703868003685,-0.0012596261049593327,0.007198208727799099
773,1.9887119874687893,0.2511048213996505,-1.4453423486175916,1.984648234462495,0.24543003248500284,-1.4439156700672382,0.004063753006294357,0.005674788914647677,-0.0014266785503533885,0.007124094988699479
774,1.991164659575799,0.23165712168905878,-1.456061905247804,1.9870222466268317,0.22599395449569257,-1.4545669533788361,0.004142412948967333,0.005663167193366209,-0.0014949518689679753,0.0071739758007901295
775,1.9933968761331569,0.21228705851525614,-1.4665965668506666,1.9891975582223522,0.20646748193779657,-1.4651115524962097,0.004199317910804634,0.005819576577459573,-0.001485014354456915,0.007328506675296391
776,1.9954503566896513,0.19265128178681815,-1.4769662733974027,1.9911739517197096,0.18685842513998854,-1.4755594535896255,0.0042764049699417495,0.005792856646829603,-0.0014068198077772376,0.007336482097655169
777,1.9972893998680332,0.17310911044073016,-1.4871670979041727,1.9929512294812013,0.1671746274635352,-1.4859204701354887,0.00433817038683193,0.005934482977194955,-0.0012466277686840055,0.007455997002779457
778,1.9989207006392355,0.15364825930946616,-1.4972205589952956,1.9945292137805317,0.14742396216506348,-1.4962042595945497,0.00439148685870383,0.006224297144402674,-0.0010162994007458792,0.007685043672221008
779,2.000349589910986,0.13426266533754772,-1.5071437528329519,1.9959077468205864,0.12761432924735241,-1.5064203401089062,0.004441843090399855,0.0066483360901953,-0.0007234127240456356,0.008028304227994689
780,2.0015804874254255,0.11495103974226045,-1.5169501801244105,1.99708669074921,0.10775365229944407,-1.516578107193738,0.004493796676215522,0.00719738744281638,-0.0003720729306724291,0.008493234533139642
781,2.002653394930907,0.09504487302013039,-1.5269357699619792,1.998065927672992,0.0878498753273104,-1.5266868504077726,0.004587467257915145,0.0071949976928199905,-0.0002489195542065836,0.008536674328249548
782,2.0035216763770505,0.07526116181462518,-1.5367968902508098,1.9988453596690559,0.06791095957636362,-1.536755769993164,0.004676316707994621,0.007350202238261563,-4.1120257645799185e-05,0.008711779483687808
783,2.0041907456779025,0.05558991008796769,-1.546547990765651,1.999424908794852,0.04794488034705368,-1.5467939934810255,0.004765836883050545,0.007645029740914008,0.0002460027153745603,0.009012224934569504
784,2.004665222200418,0.03602636049932485,-1.5561999911102509,1.9998045170959504,0.02795962380486148,-1.5568105922633153,0.0048607051044677885,0.008066736694463374,0.0006106011530644384,0.009437771388337646
785,2.0049492360187062,0.01656985757030515,-1.5657607477799715,1.9999841466118375,0.007963183785935567,-1.5668145981353296,0.0049650894068686835,0.008606673784369584,0.0010538503553580991,0.009991874049458524
786,2.005050424660016,-0.003524710646437945,-1.5757305853788286,1.9999637793797111,-0.012036441400328576,-1.5768150198156834,0.005086645280304669,0.00851173075389063,0.0010844344368547976,0.009974944545320035
787,2.004952043084082,-0.023463020694467453,-1.58559552475863,1.999743417436278,-0.03203125217051633,-1.5868208594525117,0.005208625647803888,0.00856823147604888,0.0012253346938817522,0.010101772957166754
788,2.00465909756506,-0.04325626441053746,-1.5953674907910687,1.9993230828175483,-0.05201325086691355,-1.5968411291256488,0.005336014747511886,0.008756986456376091,0.0014736383345801407,0.010359993973162472
789,2.004176066413787,-0.06291076424164446,-1.6050546981617304,1.998702817556634,-0.07197444495646654,-1.606884867354864,0.005473248857153168,0.009063680714822081,0.0018301691931335018,0.010745058419015742
790,2.0035071407843716,-0.0824290276769562,-1.6146619766403492,1.997882683679544,-0.09190685022768164,-1.6169611556237677,0.005624457104827618,0.009477822550725434,0.0022991789834185816,0.011258324121505792
791,2.0026269468765263,-0.1024818317169144,-1.6248451811634523,1.9968627631989828,-0.111802493984214,-1.6270791349278113,0.0057641836775435,0.009320662267299606,0.0022339537643589757,0.011184413618550378
792,2.001551774351832,-0.12235506258872983,-1.6349359241415151,1.9956431581061487,-0.13165341823383273,-1.6372480223527806,0.005908616245683396,0.009298355645102896,0.0023120982112654342,0.011256862874713695
793,2.000286154690004,-0.14206026341289818,-1.6449441094487811,1.994223990360534,-0.15145168287151517,-1.6474771276873965,0.006062164329469821,0.00939141945861699,0.002533018238615403,0.011461447430510004
794,1.9988343112159301,-0.16160476970555782,-1.6548754510078272,1.9926054018777313,-0.1711893688553761,-1.6577758700698915,0.0062289093381988625,0.009584599149818296,0.0029004190620642856,0.011793060804633564
795,1.9972003424417444,-0.18099265743154946,-1.6647316730187176,1.9907875545152398,-0.1908585813741894,-1.668153794663767,0.006412787926504571,0.009865923942639937,0.003422121645049403,0.012254436779623712
796,1.9952694954685188,-0.20148722672252392,-1.6759808295373306,1.9887706300562809,-0.21045145300520013,-1.6786205893521406,0.006498865412237986,0.008964226282676208,0.0026397598148100165,0.011382483752384272
797,1.9931276570924226,-0.221774755261231,-1.6871452168246044,1.9865548301916196,-0.22996014686099078,-1.689186101433152,0.006572826900802964,0.008185391599759784,0.0020408846085475663,0.01069429282817445
798,1.9907778945146735,-0.2418793736519557,-1.698241677227877,1.984140376499396,-0.24937685972413318,-1.699860354290574,0.006637518015277566,0.007497486072177484,0.001618677062696916,0.010143424384246707
799,1.9882226183542868,-0.26182067879003024,-1.7092818118186663,1.981527510422967,-0.2686938251683646,-1.7106535640039524,0.006695107931319777,0.0068731463783343605,0.0013717521852860681,0.009692590747982132
800,1.9854637221268558,-0.2816150761666071,-1.7202723094508399,1.9787164932467636,-0.2879033166650653,-1.7215761558510787,0.006747228880092271,0.00628824049845822,0.0013038464002388395,0.009314884946268368
801,1.9878636099442197,-0.26567948922605633,-1.7179516589775283,1.9757076060701602,-0.30699765067375967,-1.7326387806421168,0.012156003874059573,0.04131816144770334,0.01468712166458852,0.04550461996759291
802,1.9902030317920494,-0.2498967724292839,-1.7155387237742095,1.9725011497793674,-0.325969189715432,-1.7438523308090974,0.01770188201268197,0.07607241728614808,0.028313607034887944,0.08307845473932944
803,1.9925716547004304,-0.23364680946293773,-1.7128029020157411,1.9690974450173422,-0.344810345427416,-1.7552279561563868,0.02347420968308822,0.11116353596447828,0.04242505414064568,0.12127759672424321
804,1.995176603036441,-0.2154264249606967,-1.7095329514851547,1.9654968321517237,-0.3635135815986424,-1.7667770791568955,0.029679770884717405,0.1480871566379457,0.05724412767174081,0.1615165159164206
805,1.9981529489051966,-0.19411103517704187,-1.7055260912928942,1.961699671240799,-0.3820714171840091,-1.7785114096548387,0.03645327766439754,0.18796038200696724,0.07298531836194444,0.20490193594272627
806,1.9950503173781167,-0.21700008036156268,-1.7315020288182579,1.9577063419974947,-0.4004764292967199,-1.7904429588085071,0.03734397538062195,0.1834763489351572,0.05894092999024925,0.196296144495809
807,1.9915172311907052,-0.23879531291880793,-1.7567890725318105,1.9535172437514072,-0.41872125617732653,-1.80258405207521,0.037999987439298,0.1799259432585186,0.045794979543399617,0.1895112773800938
808,1.9876225639222311,-0.2594931822861475,-1.7816155622123477,1.94913279540887,-0.43679860013833777,-1.814947341005158,0.03848976851336117,0.17730541785219028,0.03333177879281024,0.18447135538463622
809,1.9834284541302891,-0.27909191343506357,-1.8061907983130023,1.944553435411064,-0.45470123048319755,-1.8275458135709115,0.03887501871922505,0.17560931704813398,0.02135501525790917,0.18112409003552696
810,1.978991587801068,-0.29759112551971856,-1.8307105873384661,1.9397796216901726,-0.4724219863984661,-1.8403928027138892,0.03921196611089539,0.17483086087874755,0.00968221537542302,0.17943565280195034
811,1.9825390242706324,-0.28425137453040683,-1.8426528847772539,1.9348118316235898,-0.4899537798180512,-1.8535019927388603,0.047727192647042616,0.20570240528764439,0.01084910796160643,0.21144518817568966
812,1.9870818727550492,-0.26795462367014494,-1.854502118583811,1.9296505619861817,-0.5072895982583422,-1.8668874231310342,0.05743131076886754,0.23933497458819725,0.012385304547223086,0.2464406242616885
813,1.9926893551913285,-0.24872265087350914,-1.8662580235761783,1.9242963289006125,-0.5244225076230977,-1.8805634893080148,0.06839302629071597,0.2756998567495886,0.014305465731836442,0.28441635573003
814,1.9994294789442661,-0.226578188322631,-1.8779228992687007,1.9187496677857283,-0.541345654977011,-1.894544939750472,0.08067981115853784,0.31476746665438005,0.016622040481771183,0.3253676108993813
815,2.007369091225127,-0.20154489695635783,-1.8895035882103144,1.9130111333030182,-0.5580522712867794,-1.9088468688807356,0.09435795792210899,0.35650737433042157,0.019343280670421237,0.3692899872489051
816,2.000261610865957,-0.22308563316684257,-1.90345519425768,1.9070812993011486,-0.5745356741286307,-1.9234847049782011,0.09318031156480844,0.3514500409617881,0.02002951072052106,0.3641440416305899
817,1.9931716577276737,-0.2436065768150014,-1.9173874241183233,1.9009607587585777,-0.5907892703612041,-1.9384741923347701,0.09221089896909596,0.3471826935462027,0.02108676821644684,0.3598379140397791
818,1.986126619128233,-0.26311272502692556,-1.931361085704857,1.89465012372426,-0.6068065587627183,-1.9538313667637117,0.09147649540397307,0.3436938337357927,0.022470281058854624,0.3563682282278595
819,1.9791525642675152,-0.28160920096162645,-1.9454267133635617,1.8881500252564394,-0.6225811326313736,-1.9695725234828305,0.0910025390110758,0.34097193166974715,0.024145810119268862,0.3537320178318283
820,1.9722746585907787,-0.29910134222638324,-1.9596263179721227,1.8814611133595462,-0.6381066823479474,-1.9857141762998443,0.09081354523123242,0.3390053401215642,0.026087858327721536,0.35192655054788036
821,1.978659196039279,-0.28351743580418387,-1.9754827479523522,1.8745840569191952,-0.6533769978995605,-2.0022730069375108,0.10407513912008381,0.3698595620953766,0.02679025898515852,0.3851563945110355
822,1.9865159702843371,-0.2651745594214409,-1.9914783351904628,1.8675195436353014,-0.6683859713635882,-2.019265803252276,0.11899642664903576,0.4032114119421473,0.027787468061813314,0.4213214160909764
823,1.9959366997988301,-0.24411751220473005,-2.0076625376632364,1.8602682799533052,-0.6831275993507646,-2.036709385028378,0.1356684198455249,0.43901008714603457,0.029046847365141737,0.46041231097919644
824,2.0070143699683665,-0.22039444787806622,-2.024095030082695,1.8528309909935323,-0.6975959854064473,-2.0546205159757753,0.15418337897483414,0.47720153752838107,0.03052548589308035,0.5024197717651614
825,2.019843933812088,-0.19405740489312992,-2.0408498082304973,1.8452084204786805,-0.711785342369123,-2.073015800533438,0.17463551333340743,0.5177279374759931,0.032165992302940705,0.5473339299013001
826,2.0107798274493516,-0.21189896862597765,-2.055790278011419,1.8374013306594494,-0.7256899946851959,-2.091911564088844,0.17337849678990214,0.5137910260592182,0.036121286077425374,0.5434575134414811
827,2.001962364848208,-0.22863119258254125,-2.0711685715051575,1.8294105022383151,-0.7393043806791323,-2.1113237152817104,0.17255186260989275,0.510673188096591,0.040155143776552826,0.5405309296447292
828,1.9934157110175532,-0.24426190543235696,-2.0870499813310985,1.8212367342914608,-0.7526230547780576,-2.1312675891780724,0.1721789767260924,0.5083611493457006,0.044217607846973817,0.5385460565580578
829,1.9851642183507943,-0.25879947129726344,-2.1034976904139118,1.812880844188868,-0.765640689689914,-2.1517577702945823,0.1722833741619263,0.5068412183926505,0.04826007988067049,0.5374928994735219
830,1.9772326944846053,-0.2722529587354761,-2.120575191388615,1.8043436675125866,-0.7783520785342984,-2.172807894737887,0.1728890269720187,0.5060991197988223,0.052232703349272214,0.5373594607035845
831,1.9851740616384377,-0.2592938297169657,-2.142072131340874,1.7956260579731689,-0.7907521369251587,-2.1944304311165266,0.1895480036652688,0.531458307208193,0.05235829977565265,0.5666725417288929
832,1.9950006955179553,-0.2440058820172414,-2.164299645311498,1.786728887324304,-0.8028359050044701,-2.216636440398034,0.20827180819365143,0.5588300229872287,0.05233679508653566,0.5986712627144297
833,2.0068284512809043,-0.22647396868835357,-2.187382269833113,1.777653045275642,-0.8145985494261158,-2.2394353155356597,0.2291754060052622,0.5881245807377622,0.05205304570254654,0.6333414629980867
834,2.0207779438879725,-0.20679262898649994,-2.2114708097676496,1.7683994394038254,-0.8260353652891601,-2.262834502486271,0.2523785044841471,0.6192427363026601,0.0513636927186214,0.6706673578749405
835,2.0369756397431935,-0.1850680396339308,-2.2367488138393448,1.7589689950617298,-0.8371417780197469,-2.2868392051869093,0.27800664468146374,0.6520737383858161,0.050090391347564545,0.7106313404887596
836,2.015915700410938,-0.21187252297937292,-2.2544580760845356,1.7493626552859305,-0.8479133452008673,-2.311452078146046,0.2665530451250073,0.6360408222214944,0.05699400206151051,0.6919875502265892
837,1.9945928507554471,-0.23804401667562777,-2.273661962258149,1.739581380702398,-0.8583457583492696,-2.3366729115189178,0.255011470053049,0.6203017416736418,0.06301094926076889,0.6736285922589048
838,1.9729846940701534,-0.2635494281309844,-2.294450315032515,1.7296261494304437,-0.868434844638788,-2.3624983148415106,0.24335854463970974,0.6048854165078035,0.06804799980899556,0.6555457868303186
839,1.951069541763225,-0.28835285166115343,-2.316917813655949,1.7194979569848965,-0.8781765685694278,-2.3889214069446996,0.2315715847783284,0.5898237169082744,0.07200359328875061,0.6377318663441012
840,1.9288267101374201,-0.31241533808335364,-2.3411667307739306,1.7091978161765609,-0.8875670335815045,-2.4159315208889622,0.21962889396085927,0.5751516954981508,0.07476479011503168,0.6201823100813282
841,1.9407467365060125,-0.3001315553107658,-2.3581252689109435,1.6987267570109346,-0.8966024836142181,-2.443513933963093,0.24201997949507792,0.5964709283034524,0.08538866505214937,0.649340021025478
842,1.9550808323519524,-0.28585270480137503,-2.3769180731198856,1.6880858265852081,-0.9052793046080264,-2.471649633771164,0.2669950057667443,0.6194265998066514,0.09473156065127863,0.681138542615113
843,1.9719291320074628,-0.26968863762213463,-2.3975382113918817,1.6772760889835565,-0.9135940259502211,-2.5003151320731636,0.29465304302390627,0.6439053883280865,0.10277692068128186,0.7155401178871234
844,1.9913995412408905,-0.25176511418182973,-2.420044314464266,1.666298625170732,-0.921543321863127,-2.52948233822374,0.32510091607015856,0.6697782076812973,0.10943802375947387,0.7525092252981398
845,2.013607693471141,-0.23222613704292977,-2.444564761366185,1.655154532883968,-0.9291240127343685,-2.559118503655017,0.3584531605871728,0.6968978756914388,0.11455374228883208,0.7920087609051745
846,1.9995664316561392,-0.2439817676490968,-2.4738378549585955,1.6438449265232045,-0.9363330663886721,-2.5891862477784504,0.35572150513293477,0.6923512987395752,0.11534839281985487,0.7868884049257179
847,1.9861145418319384,-0.25459001160862305,-2.505811705889435,1.6323709370396566,-0.9431675993006936,-2.619643673878287,0.35374360479228173,0.6885775876920706,0.11383196798885198,0.7824521385615124
848,1.9732807367408505,-0.2640614425964544,-2.5406810757378238,1.6207337118227096,-0.949624877748395,-2.6504445810272683,0.35254702491814083,0.6855634351519406,0.10976350528944456,0.7786749357012765
849,1.961098748093601,-0.27241190197797543,-2.5786864371393303,1.6089344145851874,-0.9557023189064935,-2.6815387748284367,0.3521643335084137,0.6832904169285181,0.1028523376891064,0.7755540697010669
850,1.9496071517434546,-0.2796631623308474,-2.620121027522879,1.5969742252469805,-0.9613974918795568,-2.712872476001037,0.35263292649647404,0.6817343295487094,0.09275144847815842,0.7731199830100709
851,1.9654784149724764,-0.27054484315333993,-2.6418286726593596,1.5848543398170567,-0.9667081186743309,-2.7443888216776147,0.38062407515541974,0.696163275520991,0.10256014901825505,0.8000228602600556
852,1.9842819535491807,-0.2602781849651742,-2.667138652844913,1.5725759702738584,-0.9716320751109048,-2.7760284500182753,0.41170598327532226,0.7113538901457306,0.10888979717336245,0.8290857384002092
853,2.006114340964467,-0.24906546586621586,-2.6967107999960187,1.5601403444441087,-0.976167391672356,-2.807730154671101,0.4459739965203584,0.7271019258061402,0.1110193546750824,0.8601716765831169
854,2.031084695878733,-0.2371606455811979,-2.7306123241333373,1.5475487058800246,-0.9803122542925307,-2.8394315920225517,0.4835359899987086,0.7431516087113328,0.10881926788921437,0.8932653582324894
855,2.0592369070215724,-0.22489199023725584,-2.7687415335542553,1.5348023137349747,-0.9840650050816434,-2.8710700213760587,0.5244345932865977,0.7591730148443876,0.10232848782180337,0.9283568433116077
856,2.026950932106161,-0.23752054724174101,-2.786850859186312,1.5219024426375487,-0.9874241429894152,-2.9025830564067965,0.5050484894686122,0.7499035957476742,0.11573219722048433,0.9114951020731265
857,1.9947247162402486,-0.24945750726917718,-2.809383398281519,1.5088503825641069,-0.9903883244054711,-2.9339094056196564,0.48587433367614175,0.7409308171362939,0.12452600733813757,0.8947396662778894
858,1.9625231720904432,-0.2605668852178348,-2.8363391508398754,1.4956474387097796,-0.9929563636967662,-2.9649895801409523,0.4668757333806637,0.7323894784789314,0.12865042930107684,0.8780194938415236
859,1.9303218897747627,-0.27071356972041555,-2.867718116861382,1.4822949313579503,-0.9951272336818244,-2.9957665489487293,0.4480269584168124,0.7244136639614089,0.1280484320873474,0.861336004682401
860,1.8981088134352795,-0.2797633162291795,-2.9035202963460387,1.4687941957482267,-0.9969000660415961,-3.0261863244390357,0.4293146176870528,0.7171367498124166,0.12266602809299698,0.8447740013396534
861,1.9141985705721714,-0.27585874115071907,-2.9271475009228314,1.4551465819429195,-0.9982741516667748,-3.0561984648014353,0.4590519886292519,0.7224154105160557,0.12905096387860393,0.8656020476486577
862,1.929830162178251,-0.2724542746519989,-2.9499485614421515,1.4413534546920337,-0.9992489409414316,-3.0857564837490594,0.4884767074862173,0.7267946662894327,0.13580792230690797,0.886162384929908
863,1.9450206312428844,-0.26950693963246425,-2.971974404788801,1.4274161932968048,-0.999824043962853,-3.1148181624090387,0.5176044379460796,0.7303171043303887,0.1428437576202377,0.9064666381892221
864,1.9597874301541487,-0.26697792082830507,-2.993272818506965,1.413336191471756,-0.999999230697499,3.139839544846084,0.5464512386823928,0.7330213098691939,0.1500729438265367,0.9265263544274566
865,1.9741481767718632,-0.264832179575189,-3.013888644321953,1.399114857205336,-0.999774431073011,3.111879164795771,0.5750333195665271,0.734942251497822,0.15741749806186256,0.9463528413569878
866,1.9725788170720557,-0.2650336897239241,-3.023056844690368,1.3847536126191209,-0.9991497350062423,3.084514521703087,0.5878252044529348,0.7341160452823181,0.1756139407861319,0.9567157859727832
867,1.9735888251303522,-0.2649134037041993,-3.036905045058783,1.3702538938256013,-0.9981253923672896,3.057769563448156,0.6033349313047509,0.7332119886630903,0.1885106986726477,0.9680646379069128
868,1.9771855606006004,-0.2645354884727999,-3.055433245427198,1.3556171507845736,-0.9967018128795513,3.0316637948036833,0.6215684098160268,0.7321663244067513,0.19608826694870451,0.9802374320089305
869,1.983378427723446,-0.26400059045607127,-3.0786414457956126,1.3408448471581444,-0.9948795659558413,3.006212463340424,0.6425335805653016,0.73087897549977,0.1983313980435497,0.9931610254291946
870,1.992176280783076,-0.2634460222286206,-3.1065296461640273,1.325938460164364,-0.9926593804706327,2.9814267933001624,0.6662378206187121,0.7292133582420122,0.1952288677153966,1.0068461979124717
871,1.9821773425753815,-0.2637967588185773,-3.120584206458759,1.3108994804295147,-0.9900421444685181,2.957314255765872,0.6712778621458668,0.7262453856499409,0.20528684495495497,1.0100440669082298
872,1.97406962223547,-0.26396711449586385,-3.1393187667534908,1.2957294118390352,-0.9870289048090022,2.9338788640941087,0.6783402103964347,0.7230617903131383,0.20998767633198678,1.013439005497039
873,1.967855706358089,-0.26398124426173225,3.1204519801313637,1.2804297713871426,-0.9836208667477725,2.9111214845518916,0.6874259349709464,0.7196396224860402,0.20933049557947214,1.0169832145625992
874,1.9635383172945589,-0.26388995814949984,3.092357419836632,1.2650020890251326,-0.9798193934546138,2.8890401533006966,0.6985362282694263,0.715929435305114,0.2033172665359353,1.0207084448621067
875,1.9611184771304686,-0.263770720389389,3.0595828595419,1.2494479075083849,-0.9756260054681576,2.867630392188506,0.7116705696220837,0.7118552850787686,0.19195246735339433,1.024723717049553
876,1.9730539930451134,-0.2647517499176275,3.0416192113061147,1.2337687822420895,-0.9710423800876875,2.8468855171578986,0.7392852108030239,0.70629063017006,0.19473369414821606,1.0408219294455239
877,1.9880743826050686,-0.2662584128567322,3.018975563070329,1.217966281125707,-0.9660703507022413,2.826796934384504,0.7701081014793616,0.6998119378455092,0.19217862868582536,1.0581757234215865
878,2.006153383009417,-0.2684863843074743,2.9916519148345437,1.2020419843961807,-0.9607119060572806,2.807354420475193,0.8041113986132362,0.6922255217498063,0.18429749435935072,1.076910804462775
879,2.0272497597622157,-0.2716735110653239,2.9596482665987582,1.1859974844699102,-0.9549691894592174,2.7885463841460103,0.8412522752923055,0.6832956783938935,0.17110188245274793,1.097212025533409
880,2.051301851795616,-0.27609859123909997,2.9229646183629727,1.1698343857835234,-0.9488444979181241,2.7703601077480107,0.8814674660120925,0.6727459066790241,0.15260451061496205,1.1193123269450729
881,2.021160811555432,-0.26940187626784157,2.9053392023491544,1.153554304633417,-0.9423402812289547,2.7527819678085708,0.8676065069220149,0.6729384049611131,0.15255723454058367,1.1085399665937616
882,1.9916544244572818,-0.2622982311016179,2.883233790877551,1.1371588690141392,-0.9354591409916634,2.735797634409647,0.8544955554431426,0.6731609098900455,0.1474361564679043,1.0977457288052217
883,1.9628213583061072,-0.25467865999297273,2.856648383948163,1.1206497184555895,-0.9282038295705979,2.7193922497417313,0.8421716398505177,0.6735251695776252,0.13725613420643157,1.087073351435115
884,1.9347063661788693,-0.2464433545447996,2.8255829815609896,1.1040285038590658,-0.9205772489935901,2.703550586566602,0.8306778623198035,0.6741338944487905,0.12203239499438778,1.0767423665951654
885,1.9073612294876714,-0.2375024057518517,2.7900375837160314,1.0872968873321769,-0.9125824497911846,2.688257187608608,0.8200643421554945,0.675080044039333,0.10178039610742351,1.0670510016708927
886,1.922127738962374,-0.24291863995157703,2.772544896221619,1.0704565420226324,-0.9042226297764663,2.6734964870893,0.8516711969397417,0.6613039898248892,0.09904840913231894,1.0828099473161172
887,1.9397071839593985,-0.24971780796187884,2.7507137243118573,1.0535091519509268,-0.8955011327659768,2.6592529157394935,0.8861980320084717,0.645783324804098,0.09146080857236383,1.1003400083771533
888,1.9600186905021277,-0.25808782893337806,2.724544067986746,1.0364564118419504,-0.8864214472422383,2.6455109906809953,0.9235622786601774,0.6283336183088601,0.0790330773057506,1.119828846641084
889,1.9829568066005316,-0.2682502674211511,2.694035927246285,1.0193000269555008,-0.8769872049583982,2.632255391580335,0.9636567796450308,0.6087369375372471,0.06178053566594999,1.141495458889447
890,2.0083869620467945,-0.2804578919731879,2.659189302090475,1.0020417129157693,-0.8672021794855813,2.619471024450662,1.0063452491310252,0.5867442875123934,0.03971827763981306,1.1655801821220557
891,1.9959332022524992,-0.27393623877445067,2.6622120068721777,0.9846831955397783,-0.8570702847035119,2.607143074424953,1.0112500067127208,0.5831340459290613,0.05506893244722466,1.1686335948101747
892,1.9847183224011558,-0.2681064764417465,2.6621193863242754,0.9672262106648,-0.8465955732350126,2.595257048752277,1.0174921117363558,0.5784890967932661,0.06686233757199833,1.172352508736169
893,1.9747624580062295,-0.26293000905998604,2.658911440446768,0.9496725039747743,-0.8357822348250097,2.5837988111854746,1.025089954031455,0.5728522257650237,0.07511262926129358,1.1766949449601187
894,1.9660796205512177,-0.2583799978957609,2.652588169239656,0.9320238308257422,-0.8246345946646914,2.572754608838554,1.0340557897254754,0.5662545967689305,0.07983356040110179,1.1816467500877903
895,1.9586779092334776,-0.2544414726787362,2.6431495727029386,0.9142819560703085,-0.8131571116614865,2.562111092499413,1.044395953163169,0.5587156389827503,0.08103848020352578,1.187220833502009
896,1.9746021996381211,-0.26310878734372156,2.6385497604987,0.8964486538811698,-0.8013543766555692,2.5518553312912466,1.0781535457569513,0.5382455893118476,0.08669442920745318,1.2081553321893468
897,1.9932199470398069,-0.2733533911623474,2.6304827092729375,0.8785257075736811,-0.7892311105835722,2.5419748224863588,1.1146942394661257,0.5158777194212247,0.08850788678657873,1.2314652715028687
898,2.0144757164171034,-0.28527398473871984,2.6189484190256516,0.8605149094275374,-0.7767921625902832,2.532457497190761,1.153960806989566,0.4915181778515633,0.0864909218348906,1.2572574687733538
899,2.03829606645299,-0.2989963702646404,2.6039468897568416,0.8424180605075443,-0.7640425080890486,2.523291722537723,1.195878005945446,0.46504613782440823,0.0806551672191187,1.2856505634925062
900,2.064507328271054,-0.3146244151238615,2.5855821184389725,0.8242369704835132,-0.750987246771676,2.5144663009541306,1.2402703577875411,0.43636283164781453,0.07111581748484186,1.3167158162438362
901,2.0318768630653277,-0.29434765528069345,2.5868941967801464,0.8059734574492955,-0.7376316005686248,2.505970466995288,1.225903405616032,0.4432839452879313,0.08092372978485862,1.3060966526613995
902,1.9992960388698118,-0.27416095016446496,2.584881400980395,0.7876293477409753,-0.7239809115603028,2.4977938821817167,1.2116666911288365,0.4498199613958378,0.08708751879867815,1.2953989362322968
903,1.966832034767028,-0.25395608431165384,2.5795437310397173,0.7692064757542365,-0.710040639840307,2.489926628215464,1.1976255590127916,0.4560845555286531,0.08961710282425317,1.2846600042466814
904,1.9345522079590993,-0.23362600748074414,2.570881186958114,0.7507066837609222,-0.6958163613314545,2.482359198903139,1.1838455241981771,0.4621903538507104,0.0885219880549748,1.273949092674392
905,1.902525151943575,-0.2130655094264198,2.5588937687355844,0.732131821724822,-0.6813137655554999,2.475082491068045,1.170393330218753,0.46824825612908016,0.08381127766753949,1.2633690304312248
906,1.9163334946508939,-0.22216565825790713,2.534087784912614,0.7134837471166572,-0.6665386533573856,2.4680877946939646,1.2028497475342368,0.4443729950994785,0.06599999021864944,1.2840057915078575
907,1.9324736277052978,-0.23338646191752452,2.5046018010896436,0.6947643247283485,-0.6514969345849919,2.4613667825080277,1.2377093029769495,0.41811047266746737,0.043235018581615936,1.3071380771982934
908,1.9507840706890844,-0.24693393770538263,2.470435817266673,0.6759754264865352,-0.6361946257252741,2.454911499179146,1.2748086442025492,0.38926068801989144,0.015524318087527078,1.3330048638408427
909,1.9710643355160191,-0.2630392838282716,2.4315898334437027,0.6571189312653843,-0.6206378474977482,2.448714350281457,1.3139454042506347,0.3575985636694766,-0.01712451683775429,1.3618452581577551
910,1.9930699133385743,-0.2819538166691239,2.3880638496207323,0.6381967246987043,-0.6048328224062841,2.4427680911485643,1.35487318863987,0.3228790057371602,-0.05470424152783204,1.3938883612693382
911,1.9922754500575635,-0.28120844360672054,2.4127776730261687,0.619210698991383,-0.5887858722501876,2.4370658157238534,1.3730647510661804,0.3075774286434671,-0.024288142697684645,1.4073025968522412
912,1.9930320549157183,-0.2818839296154691,2.435583800333985,0.6001627527301665,-0.5725034155955617,2.431600945494345,1.3928693021855518,0.29061948598009263,0.003982854839640115,1.4228704936623264
913,1.9954046520981665,-0.28390683584414794,2.456482231544182,0.5810547906938144,-0.5559919652079778,2.426367218580206,1.4143498614043521,0.27208512936382984,0.030115012963976007,1.4405980570864527
914,1.9994479604585516,-0.2872108205039552,2.4754729666567585,0.5618887236626036,-0.5392581254474379,2.4213586790388097,1.437559236795948,0.2520473049434827,0.054114287617948786,1.4604905885869377
915,2.005207221159281,-0.2917373554732305,2.4925560056717155,0.5426664682272655,-0.5223085896267315,2.4165696664309295,1.4625407529320156,0.23057123415350106,0.07598633924078602,1.482552687683386
916,1.995845814799398,-0.2846349928871848,2.491045558538417,0.5233899465973252,-0.5051501373341961,2.4119948056869718,1.472455868202073,0.2205151444470113,0.07905075285144525,1.490973586036851
917,1.9877089925486617,-0.2784423176425117,2.4862136671737565,0.504061086408882,-0.48778963172197237,2.4076289973029317,1.4836479061397796,0.20934731407946067,0.0785846698708248,1.5004042647379883
918,1.980811555246198,-0.27314007210723124,2.4780603315777334,0.48468182053184755,-0.470234016760835,2.4034674078887996,1.4961297347143505,0.19709394465360375,0.07459292368893378,1.5108985109463884
919,1.9751593254023692,-0.26872126918943584,2.4665855517503483,0.46525408687666003,-0.4524903144626965,2.3995054610862865,1.5099052385257092,0.18376904527326066,0.06708009066406184,1.5225257403050774
920,1.9707490595714232,-0.2651911310258,2.4517893276916007,0.44577982820049183,-0.43456562207189353,2.395738828867818,1.5249692313709313,0.16937449104609353,0.05605049882378266,1.5353698359885695
921,1.985176702222429,-0.2770940157729921,2.4545242875530593,0.426260991912989,-0.416467109226396,2.3921634232246705,1.55891571030944,0.13937309345340393,0.06236086432838883,1.5663754110774788
922,2.0020489442168965,-0.29093633015902487,2.4542157195963212,0.40669952988151115,-0.3982020150900286,2.388775388248735,1.5953494143353852,0.10726568493100375,0.06544033134758642,1.6002900105764755
923,2.021328402794767,-0.3067635274515785,2.4508636238213866,0.38709739823596034,-0.3797776454569147,2.385571092609647,1.6342310045588064,0.07301411800533625,0.06529253121173939,1.6371637524454965
924,2.0429595379509173,-0.32464301202919327,2.4444680002282553,0.367456557173166,-0.3612013698292525,2.382547122426782,1.6755029807777513,0.03655835780005923,0.061920877801473484,1.67704530267607
925,2.0661200108102937,-0.3440372441742956,2.4359804897357087,0.3477789707608671,-0.3424806184696126,2.379700274533819,1.7183410400494266,-0.0015566257046830123,0.05628021520188975,1.7192631606664817
926,2.036805323582551,-0.31906324836398486,2.4420108914838448,0.328066606741307,-0.3236228794289322,2.377027550132213,1.7087387168412442,0.004559631064947334,0.06498334135163164,1.7099800078717098
927,2.007405341769963,-0.29432099760897057,2.444973953339938,0.30832143633446063,-0.3046356955513944,2.3745261488288225,1.6990839054355023,0.010314697942423845,0.07044780451111565,1.7005750215336102
928,1.9779971122537632,-0.26972028982384066,2.4448696753039894,0.28854543404091454,-0.2855266614573912,2.3721934630521706,1.6894516782128486,0.01580637163355053,0.07267621225181875,1.6910880066477025
929,1.9486563784927693,-0.24517084282870077,2.4416980573759983,0.2687405774444146,-0.26630342050577305,2.370027072841291,1.6799158010483546,0.021132577677072273,0.07167098453470722,1.6815767643718758
930,1.9194584112890416,-0.22058299481476878,2.435459099555965,0.2489088470141234,-0.2469736617366209,2.3680247410007484,1.6705495642749182,0.0263906669218521,0.06743435855521662,1.6721183291601862
931,1.931934455503427,-0.23122291420908322,2.410863720425463,0.22905222590655416,-0.22754511679571235,2.366184408615277,1.7028822295968729,-0.0036777974133708757,0.04467931181018603,1.7034722348704314
932,1.9464684875046188,-0.24424876577863652,2.3815883412506746,0.20917269976727051,-0.20802555684197999,2.36450419091746,1.7372957877373483,-0.03622320893665654,0.017084150333214865,1.737757360262994
933,1.962876489331264,-0.2598439097566449,2.347632962031601,0.1892722565323201,-0.1884227894391479,2.3629823735019793,1.7736042327989439,-0.071421120317497,-0.015349411470378271,1.775108040504077
934,1.9809328008875118,-0.27821207814337956,2.3089975827682414,0.16935288622944283,-0.16874465543281053,2.361617408880159,1.811579914658069,-0.10946742271056903,-0.05261982611191751,1.815646923255587
935,2.0003657844807936,-0.2995717812258685,2.2656822034605963,0.14941658077906955,-0.1489990258141988,2.3604079133688436,1.850949203701724,-0.15057275541166973,-0.09472570990824725,1.8594779023892514
936,1.9942972810884916,-0.29229176231011633,2.299029509176251,0.12946533379513178,-0.12919379857188856,2.3593526643079974,1.8648319472933599,-0.16309796373822777,-0.060323155131746464,1.8729223209910628
937,1.989089828618199,-0.2864521137304116,2.3309330655021214,0.10950114038569836,-0.10933689553270708,2.3584505976018466,1.8795886882325008,-0.17711521819770448,-0.027517532099725184,1.8881156352357376
938,1.984837955270923,-0.28197980830733893,2.361392872438208,0.08952599695348055,-0.08943625919312186,2.3577008055788626,1.8953119583174425,-0.19254354911421706,0.0036920668593452,1.9050706204769132
939,1.9816270176462398,-0.2788020817005279,2.3904089299845106,0.06954190099617216,-0.06949984954232696,2.357102535166389,1.9120851166500676,-0.20930223215820093,0.03330639481812181,1.9237947483130546
940,1.9795336540364494,-0.2768472779410246,2.4179812381410293,0.04955085090671553,-0.04953564087836742,2.3566551863762744,1.929982803129734,-0.22731163706265717,0.06132605176475492,1.944290380921961
941,1.989315614271057,-0.28548942187106036,2.419452612041853,0.029554845773460472,-0.029551618618522946,2.356358311098441,1.9597607684975966,-0.2559378032525374,0.06309430094341195,1.9774092443618145
942,2.0012313960726393,-0.2959855728020551,2.4178055524948037,0.009555885180257023,-0.009555776105247387,2.3562116121999095,1.9916755108923823,-0.28642979669680774,0.06159394029489418,2.0131088352608404
943,2.0152479100120417,-0.308373235829985,2.4130400594998815,-0.010444030993501241,0.010443888591061618,2.3562149429274206,2.025691941005543,-0.3188171244210466,0.05682511657246092,2.051414461427135
944,2.031314323230648,-0.32270952607612075,2.4051561330570865,-0.030442902772863486,0.030439375871184192,2.3563683066123997,2.0617572260035115,-0.3531489019473049,0.04878782644468682,2.092352087468426
945,2.049258722766858,-0.33897749216507356,2.3943066699801916,-0.050438730287320994,0.05042268780681477,2.3566718566776563,2.099697453054179,-0.3894001799718883,0.037634813302535264,2.1358319862987027
946,2.0233812546516714,-0.3150009880976524,2.4017790391050586,-0.07042951397077836,0.07038583133961263,2.3571258969458246,2.0938107686224496,-0.38538681943726505,0.044653142159233994,2.1294507363402415
947,1.9975203147488558,-0.2913964718303259,2.4063152069124207,-0.09041325476152971,0.09032082147833986,2.3577308822501957,2.0879335695103856,-0.3817172933086658,0.048584324662225065,2.1230956453495353
948,1.9717483378416478,-0.2680865755819763,2.4079151734022775,-0.11038795430214902,0.11021968449273731,2.3584874193492102,2.082136292143797,-0.3783062600747136,0.04942775405306721,2.1168018963390898
949,1.9461351525441182,-0.2449946980036834,2.4065789385746292,-0.1303516151393278,0.1300744611029139,2.359396268146511,2.0764867676834458,-0.3750691591065973,0.04718267042811819,2.1106161126235397
950,1.920748663574287,-0.22204563218953616,2.4023065024294756,-0.1503022409236186,0.14987720966295232,2.3604583432190505,2.0710509044979055,-0.3719228418524885,0.04184815921042517,2.1045972816058005
951,1.9333782779626063,-0.2335610793989104,2.389698869591694,-0.17023783660906852,0.16962000933746174,2.3616747156563527,2.103616114571675,-0.40318108873637215,0.02802415393534119,2.142088023635833
952,1.948138901182469,-0.2473643295117415,2.3731261469371887,-0.1901564086527219,0.18929496326980613,2.3630466152146,2.138295309835191,-0.43665929278154764,0.010079531722588797,2.182448113242421
953,1.964910339108458,-0.26357723449108844,2.3525883344659606,-0.21005596521397318,0.2088942017407418,2.364575432789753,2.174966304322431,-0.47247143623183024,-0.011987098323792189,2.2257249096685707
954,1.9835419007469521,-0.2823436596785354,2.328085432178009,-0.22993451635375262,0.22840988531620351,2.366262723214435,2.2134764171007046,-0.5107535449947389,-0.03817729103642575,2.2719605054526246
955,2.003849831569623,-0.30382660206334355,2.2996174400733342,-0.24979007423350463,0.2478342079829598,2.3681102083837824,2.253639905803128,-0.5516608100463034,-0.06849276831044815,2.321188000503213
956,1.99561271769597,-0.2946004103131269,2.327470663715952,-0.269620653313991,0.267159400270935,2.3701197807158785,2.265233371009961,-0.5617598105840619,-0.04264911699992657,2.3342397599872777
957,1.988145253110428,-0.2866911457165239,2.3535895685250776,-0.2894242705538291,0.28637773236087966,2.3722935069527646,2.277569523664257,-0.5730688780774036,-0.018703938427687028,2.3486337967971576
958,1.9815251372015557,-0.2800364498847039,2.377974154500712,-0.30919894560779787,0.30548151717619876,2.3746336323082975,2.2907240828093536,-0.5855179670609026,0.003340522192414319,2.3643729131425957
959,1.9758215487505475,-0.2745760478521183,2.4006244216428545,-0.32894270102487083,0.3244631134576801,2.3771425849693415,2.304764249775418,-0.5990391613097984,0.023481836673513,2.381457024697098
960,1.9710956416202547,-0.2702524733429625,2.4215403699515052,-0.3486535624459593,0.3433149288198954,2.379822980956867,2.319749204066214,-0.6135674021628579,0.04171738899463806,2.399883677870084
961,1.9851178792646749,-0.28255222502001504,2.4267638613959877,-0.3683295588013468,0.36202942278805417,2.3826776293535232,2.3534474380660217,-0.6445816478080693,0.044086232042464424,2.4405212435637984
962,2.001556692395423,-0.29682045690464465,2.4290781256592022,-0.38796872250779796,0.38059910981409556,2.3857095379040607,2.389525414903221,-0.6774195667187402,0.04336858775514152,2.484071217225
963,2.0203857205373104,-0.3130870497526789,2.4284831627411485,-0.40756908966530103,0.3990165622707952,2.388921918994649,2.4279548102026114,-0.712103612023474,0.039561243746499386,2.5305377307302983
964,2.0415610939056177,-0.3314026872998135,2.4249789726418265,-0.4271287002534774,0.4172744134227364,2.39231819601659,2.4686897941590953,-0.7486771007225499,0.032660776625236476,2.5799250817148476
965,2.0643028455056265,-0.3512128993106897,2.4194550691556422,-0.4466455983275678,0.4353653603728932,2.3959020101191086,2.510948443833194,-0.7865782596835829,0.023553059036533597,2.6313726822297845
966,2.035344625383916,-0.32570485053623327,2.4315285840179186,-0.4661178322140288,0.45328216698369495,2.3996772273548608,2.501462457597945,-0.7789870175199283,0.03185135666305783,2.6201430703604376
967,2.0061412171380417,-0.3006004304857899,2.440881591610441,-0.4855434547056987,0.47101766677138485,2.4036479462203655,2.4916846718437404,-0.7716180972571747,0.037233645390075676,2.608691882201665
968,1.9767654385269258,-0.2758218251057085,2.44751409193321,-0.5049205232565162,0.48856476577251795,2.407818505591774,2.481685961783442,-0.7643865908782265,0.039695586341435884,2.5970421276526174
969,1.9472874546074228,-0.2512897723587526,2.451426084986225,-0.5242471001757738,0.5059164453814522,2.4121934930541324,2.4715345547831964,-0.7572062177402048,0.03923259193209239,2.585224073062432
970,1.917775418471624,-0.22692415795229834,2.452617570769486,-0.5435212528218883,0.5230657651576994,2.416777753619516,2.4612966712935123,-0.7499899231099978,0.03583981714997009,2.5732762543847496
971,1.9303724991490494,-0.23729929614300882,2.4456694548274287,-0.5627410537956501,0.5400058656019979,2.4215763988259873,2.4931135529446995,-0.7773051617450067,0.024093056001441404,2.6115893585515053
972,1.9452860809957968,-0.24975725389837974,2.4350211980470218,-0.5819045811329816,0.5567299709000376,2.4265948162052435,2.5271906621287785,-0.8064872247984174,0.008426381841778241,2.6527693624634785
973,1.962433672552126,-0.26439417468733384,2.420672800428265,-0.6010099184971187,0.5732313916326847,2.431838679101828,2.5634435910492446,-0.8376255663200185,-0.01116587867356289,2.6968471055458316
974,1.9817077591261762,-0.28133025023917413,2.402624261971159,-0.620055155370246,0.589503527451662,2.4373139568209106,2.6017629144964225,-0.8708337776908361,-0.03468969484975171,2.743852238467841
975,2.0029738591094253,-0.30070791244149153,2.380875582675703,-0.6390383872445473,0.605539869719601,2.4430269250746033,2.6420122463539726,-0.9062477821610926,-0.06215134239890041,2.79381039834815
976,1.9944653514636053,-0.29260936822585976,2.4087947651467467,-0.6579577158126543,0.6213340041134094,2.4489841766885143,2.6524230672762594,-0.9139433723392691,-0.04018941154176758,2.8057540527391476
977,1.9868708248457092,-0.2857745308823108,2.434977476258668,-0.6768112491574763,0.6368796131899154,2.455192632520491,2.6636820740031855,-0.9226541440722262,-0.02021515626182291,2.819024922465613
978,1.9802631006534828,-0.2801337795816719,2.4594237160114667,-0.69559710194139,0.6521704789127604,2.4616595525321086,2.6758602025948726,-0.9323042584944323,-0.002235836520641854,2.833623837633159
979,1.9747065261593526,-0.27562042437925566,2.482133484405143,-0.7143133955947752,0.6672004851395333,2.4683925469401653,2.6890199217541277,-0.9428209095187889,0.01374093746497751,2.8495487748727566
980,1.9702575414121333,-0.2721713993069908,2.5031067814396963,-0.7329582585038568,0.6819636200681355,2.4753995873599552,2.70321579991599,-0.9541350193751263,0.027707194079741093,2.866795595210302
981,1.980600099991122,-0.2798475738117423,2.523302944449466,-0.7515298261978846,0.6964539786414377,2.4826890178342347,2.7321299261890064,-0.97630155245318,0.04061392661523122,2.90161130166243
982,1.9933900743251856,-0.2889454686181935,2.5413796018005748,-0.7700262415355653,0.7106657649092125,2.490269565621063,2.7634163158607508,-0.999611233527406,0.05111003617951182,2.9390992818817567
983,2.0086660432280077,-0.29940109977722246,2.557336753493023,-0.7884456548907789,0.7245932943464408,2.4981503515899917,2.7971116981187865,-1.0239943941236633,0.05918640190303126,2.9792451059152345
984,2.0264556174325716,-0.31116477985799124,2.5711743995268104,-0.8067862243375392,0.7382309961270456,2.5063409000487984,2.8332418417701106,-1.0493957759850367,0.06483349947801198,3.0220347799564933
985,2.046776246169937,-0.32420165804257206,2.582892539901937,-0.8250461158341854,0.7515734153521484,2.514851147791886,2.871822362004122,-1.0757750733947204,0.06804139211005111,3.0674558380659085
986,2.0201321826763556,-0.30754538335351667,2.5871666880151776,-0.8432235034067843,0.7646152152319554,2.523691452126122,2.86335568608314,-1.072160598585472,0.06347523588905579,3.05816337689061
987,1.9938236328584786,-0.29125482675091435,2.588335104458073,-0.8613165693317297,0.7773511792204058,2.5328725975898596,2.855140202190208,-1.06860600597132,0.055462506868213524,3.049068785683397
988,1.967902822117926,-0.27524623113390884,2.586397789230624,-0.8793235043175001,0.7897762131017095,2.542405801035813,2.8472263264354263,-1.0650224442356184,0.04399198819481098,3.0402147713110526
989,1.9424193415289057,-0.2594394468803536,2.5813547423328296,-0.8972425076856059,0.8018853470279821,2.5523027146979134,2.8396618492145116,-1.0613247939083357,0.02905202763491621,3.0316552832336745
990,1.917420890840806,-0.24375839347134678,2.5732059637646905,-0.9150717875506427,0.8136737375071053,2.5625754268059584,2.8324926783914486,-1.057432130978452,0.010630536958732062,3.0234567126193195
991,1.931813651549525,-0.2529509745680048,2.578716884317938,-0.9328095609994818,0.8251366693400644,2.5732364592495207,2.8646232125490068,-1.078087643908069,0.005480425068417283,3.0607791741451678
992,1.9488868687529621,-0.26372354150892724,2.5812590724506106,-0.9504540542695596,0.836269557506963,2.584298761724097,2.899340923022522,-1.0999930990158902,-0.0030396892734865233,3.1009952991751777
993,1.9686216424830663,-0.27610542140031324,2.5808325281627087,-0.9680035029262529,0.8470679490009708,2.5957757017178724,2.936625145409319,-1.123173370401284,-0.014943173555163725,3.144122924293003
994,1.9909846536208005,-0.2901495924275695,2.5774372514542323,-0.9854561520393205,0.8575275246094671,2.6076810496170584,2.976440805660121,-1.1476771170370366,-0.030243798162826074,3.1901845278755316
995,2.0159277421967805,-0.3059324174586471,2.5710732423251814,-1.0028102563583978,0.8676441006416691,2.620028958122165,3.0187379985551783,-1.1735765181003162,-0.04895571579698377,3.2392063240656004
996,2.000946361830137,-0.296318841671614,2.5995506062427904,-1.0200640804875087,0.8774136306020465,2.632833935077795,3.0210104423176456,-1.1737324722736604,-0.03328332883500451,3.2411818506588355
997,1.9867315111362227,-0.2877585332612463,2.6263137192821917,-1.0372158990586215,0.8868322068088755,2.646110808726245,3.023947410194844,-1.1745907400701219,-0.019797089444053118,3.2441197991185584
998,1.973343161148184,-0.28017657778882465,2.651362581443385,-1.054263996904172,0.8958960619572527,2.6598746843024963,3.027607158052356,-1.1760726397460775,-0.008512102859111081,3.2480185364840906
