timestep,px,py,theta,px_ref,py_ref,theta_ref,error_px,error_py,error_theta,error_norm
0,0.0,0.0,0.7853981633974483,0.0,0.0,0.7853981633974483,0.0,0.0,0.0,0.0
1,0.020000000000000004,0.020000000000000004,0.7853231571470295,0.01999966666833333,0.01999866669333308,0.7853231571470295,3.333316666749575e-07,1.3333066669236893e-06,0.0,1.3743422674397607e-06
2,0.039998819356608054,0.03999581950870429,0.785097907719183,0.03999733338666616,0.03998933418663416,0.7850980633706443,1.4859699418931505e-06,6.48532207012803e-06,-1.5565146127549667e-07,6.655203708294499e-06
3,0.059993958498434016,0.059978954946219826,0.7847217536776666,0.05999100040499132,0.0599640064794446,0.7847226568420766,2.9580934426953753e-06,1.4948466775223379e-05,-9.031644100376823e-07,1.5265080468089034e-05
4,0.07998303588536754,0.07994100899541234,0.7841939699981209,0.07997866837326832,0.07991469396917268,0.7841965616812204,4.367512099215376e-06,2.6315026239662198e-05,-2.591683099573139e-06,2.6800608000930046e-05
5,0.09996376287949969,0.09987367252489919,0.7835137523426793,0.09995833854135666,0.09983341664682815,0.7835192505983565,5.4243381430313375e-06,4.025587807103548e-05,-5.498255677194308e-06,4.099012050545618e-05
6,0.12009737569259486,0.11993154796357715,0.7972992299734609,0.11992801295888919,0.11971220728891936,0.7826900438339384,0.0001693627337056719,0.0002193406746577864,0.014609186139522556,0.014611814183267784
7,0.13992482793806651,0.14023664287521115,0.8110976676292604,0.13988569467506554,0.1395431146442365,0.7817081077917023,3.913326300097886e-05,0.0006935282309746549,0.029389559837558088,0.02939776760682415
8,0.15944930339766075,0.1607913605511978,0.8250806421624955,0.1598293879383454,0.15931820661424598,0.7805724533623122,-0.0003800845406846387,0.0014731539369518265,0.04450818880018337,0.04453418369132629
9,0.17866848311671035,0.18159976843843564,0.8393386104485416,0.17975709839602208,0.17902957342582415,0.7792819339341677,-0.0010886152793117276,0.0025701950126114925,0.06005667651437396,0.060121505134031375
10,0.1975762572674295,0.2026658435380945,0.8538802094633682,0.1996668332936563,0.19866933079506124,0.7778352430874435,-0.002090576026226809,0.003996512743033254,0.07604496637592473,0.07617860285764096
11,0.21616323764376946,0.22399032312552533,0.8685496721503615,0.21955660167434962,0.21822962308086932,0.7762309119668949,-0.0033933640305801593,0.005760700044656009,0.09231876018346663,0.09256054270725166
12,0.23442087815645563,0.24556798434082422,0.8830809681807786,0.23942441457783872,0.23770262642713458,0.7744673063284713,-0.005003536421383098,0.007865357913689641,0.10861366185230736,0.10901296607650815
13,0.2523449799298281,0.26738666803179245,0.8971182122684606,0.2592682852393897,0.2570805518921551,0.7725426232543283,-0.006923305309561645,0.010306116139637334,0.12457558901413224,0.12519275364217805
14,0.2699383336576073,0.2894263393796391,0.9103188169071614,0.279086229288473,0.27635564856411376,0.7704548875304338,-0.00914789563086571,0.01307069081552531,0.13986392937672765,0.14077089789287603
15,0.2872115324546391,0.31166067907285017,0.9223699481011649,0.29887626494719843,0.29552020666133955,0.7682019476806334,-0.011664732492559338,0.01614047241151062,0.15416800042053147,0.15544887644320463
16,0.3041847412627061,0.33406092166287615,0.9330903898758783,0.31863641322849195,0.31456656061611776,0.765781471650788,-0.01445167196578584,0.01949436104675839,0.1673089182250903,0.16905961981761938
17,0.3208851148671801,0.35659902057986004,0.942468969974218,0.33836469813399206,0.33348709214081446,0.7631909421364422,-0.017479583266811982,0.02311192843904558,0.1792780278377758,0.18160481362771003
18,0.337340995373135,0.37924817660845334,0.9505842409553796,0.35805914685164836,0.35227423327509,0.760427651547437,-0.020718151478513358,0.026973943333363337,0.19015658940794267,0.19317443908265663
19,0.35357847285097166,0.40198244273214534,0.9575722381088451,0.37771778995300115,0.3709204694129827,0.7574886966029721,-0.02413931710202949,0.03106197331916266,0.20008354150587293,0.20391413977006373
20,0.369617600306445,0.4247740763481318,0.9635568742489178,0.39733866159012243,0.38941834230865047,0.7543709725508718,-0.027721061283677406,0.035355734039481335,0.20918590169804596,0.21395613250708304
21,0.38547159221086563,0.44759155977832416,0.9686218203694102,0.4169197996921991,0.40776045305957015,0.7510711670052485,-0.03144820748133348,0.039831106718754006,0.2175506533641618,0.2233915701081924
22,0.4011455507293048,0.4703955563720582,0.9728191319798958,0.43645924616173865,0.4259394650659996,0.7475857533974175,-0.035313695432433845,0.0444560913060586,0.22523337858247827,0.2322788754213032
23,0.41663537288598373,0.49313553555734396,0.976160393281588,0.4559550470703768,0.44394810696551984,0.7439109840358401,-0.03931967418439308,0.04918742859182412,0.23224940924574788,0.24063505148760334
24,0.4319260360733671,0.5157451321647648,0.9786303440875652,0.47540525285426916,0.46177917554148284,0.7400428827720981,-0.04347921678090205,0.05396595662328196,0.23858746131546715,0.2484486736996319
25,0.44698449650807115,0.5381303304643537,0.9801807603770601,0.4948079185090459,0.479425538604203,0.7359772372714972,-0.047823422000974725,0.05870479186015065,0.24420352310556293,0.2556730196489182
26,0.4617565623234776,0.5601634723710102,0.980741692859318,0.5141611037843102,0.49688013784373675,0.7317095908888981,-0.05240454146083262,0.06328333452727342,0.24903210197041992,0.26223654246961187
27,0.4761415315268535,0.5816452856474468,0.980229183583746,0.5334628733776623,0.5141359916531132,0.7272352341528829,-0.05732134185080878,0.06750929399433359,0.25299394943086306,0.2680469724802292
28,0.4899857843081643,0.6022967183048072,0.9785504680591554,0.5527112971282275,0.5311861979208834,0.7225491958644261,-0.06272551282006322,0.07111052038392385,0.25600127219472923,0.2729978890635094
29,0.5030331105676484,0.6216889144308864,0.9756376429469067,0.5719044502096711,0.5480239367918736,0.7176462338199793,-0.06887133964202263,0.07366497763901281,0.2579914091269274,0.27700064537459246
30,0.5148021916111664,0.6390717217369911,0.9714979233870827,0.5910404133226791,0.5646424733950353,0.712520825173375,-0.07623822171151273,0.07442924834195586,0.25897709821370773,0.2800377061355751
31,0.5243328142270168,0.6530235887746795,0.9663034272853347,0.610117272886887,0.5810351605373051,0.7071671564563529,-0.08578445865987017,0.07198842823737439,0.25913627082898183,0.28229933405306856
32,0.532382894892397,0.6646776548943584,0.9607994717673648,0.6291331212322355,0.597195441362392,0.7015791132839158,-0.09675022633983854,0.06748221353196637,0.25922035848344904,0.2847975591402983
33,0.5398562637597879,0.6753704825263879,0.9551005928485498,0.6480860567897367,0.6131168519734339,0.6957502697783335,-0.10822979302994884,0.062253630552953965,0.2593503230702162,0.2878398733548825
34,0.5472331238241878,0.6857981587725286,0.9485155965522412,0.6669741842816288,0.6287930240184685,0.6896738777545541,-0.11974106045744104,0.057005134754060105,0.258841718797687,0.29083765632727476
35,0.5550376728713812,0.6966777357192817,0.9399511859682268,0.6857956149109028,0.6442176872376911,0.6833428557202919,-0.13075794203952162,0.05246004848159058,0.25660833024793495,0.2927414067837602
36,0.564213794573321,0.7092407103504537,0.9277990566116162,0.7045484665501799,0.6593846719714731,0.6767497777563413,-0.1403346719768589,0.04985603837898056,0.25104927885527495,0.29189927224207424
37,0.5767492775654494,0.725972243524994,0.9099536640175817,0.723230863929924,0.6742879116281452,0.6698868623569647,-0.14648158636447461,0.051684331896848845,0.240066801660617,0.2859373962374189
38,0.5955353500272688,0.7501357611817189,0.8836401919998067,0.7418409388259654,0.6889214451105513,0.6627459613267954,-0.1463055887986966,0.06121431607116756,0.22089423067301128,0.27193157034521687
39,0.6209090016854438,0.7810578859717392,0.8463819714460933,0.7603768302463229,0.7032794192004101,0.6553185488498808,-0.13946782856087903,0.07777846677132905,0.19106342259621245,0.24901003303273614
40,0.6474168798458557,0.8110133912676528,0.7984794786100109,0.778836684617301,0.7173560908995228,0.6475957108685986,-0.13141980477144533,0.09365730036813003,0.15088376774141232,0.22092706119046482
41,0.6753287443063132,0.8396652255089736,0.7445943975107622,0.7972186559688459,0.731145829726896,0.6395681349355568,-0.12188991166253271,0.10851939578207759,0.10502626257520542,0.1940724752676773
42,0.7047432549984622,0.8667721672846579,0.6888904049143039,0.8155209061191403,0.7446431199708592,0.6312261007306176,-0.11077765112067806,0.1221290473137987,0.05766430418368629,0.17467788687346616
43,0.7356213282732282,0.8921994078531598,0.6346416465680984,0.8337416048584215,0.757842562895277,0.6225594714682599,-0.09812027658519329,0.1343568449578828,0.012082175099838555,0.16680926059225412
44,0.7678326967522039,0.9159149668959413,0.5839875084251905,0.8518789301319992,0.7707388788989693,0.6135576864580234,-0.08404623337979533,0.14517608799697201,-0.029570178032832906,0.17033573113216446
45,0.7977067433600429,0.9356582025875845,0.538127301831792,0.8699310682224605,0.7833269096274834,0.6042097551231719,-0.07222432486241759,0.15233129296010106,-0.06608245329137985,0.18107475403748466
46,0.8232840689270844,0.9509249728025101,0.4974300525883749,0.8878962139310396,0.795601620036366,0.5945042528303504,-0.06461214500395518,0.15532335276614406,-0.09707420024197544,0.19422531644754065
47,0.8451635376934155,0.962804872813966,0.4616349078855618,0.9057725707581367,0.8075581004051143,0.5844293189362826,-0.06060903306472121,0.15524677240885165,-0.12279441105072081,0.20701082729581957
48,0.8640570335212748,0.972204134751159,0.4302015227264189,0.9235583510829657,0.8191915683009982,0.5739726575167142,-0.05950131756169086,0.15301256645016081,-0.14377113479029535,0.21822784304971568
49,0.8807123121930215,0.9798466584608535,0.40252162591830803,0.941251776342316,0.8304973704919704,0.5631215413080933,-0.060539464149294564,0.14934928796888314,-0.1605999153897853,0.22751388827828137
50,0.8957464275148825,0.98624771531364,0.3780215684184996,0.958851077208406,0.8414709848078965,0.5518628194639037,-0.06310464969352347,0.14477673050574347,-0.1738412510454041,0.23486864216814085
51,0.9096525611865942,0.9917701257646669,0.35619074244948656,0.976354493765815,0.852108021949363,0.540182929805001,-0.06670193257922075,0.13966210381530397,-0.18399218735551448,0.24043247713190993
52,0.922744109630564,0.9966409686870242,0.3365920422633167,0.9937602756874735,0.8624042272433384,0.5280679163262988,-0.07101616605690952,0.1342367414436858,-0.1914758740629821,0.2443886432365966
53,0.9352590103366569,1.0010200211167968,0.3188485633434057,1.0110666824096939,0.8723554823449863,0.5155034528098956,-0.07580767207303696,0.1286645387718105,-0.1966548894664899,0.24693017683866264
54,0.9474461031731515,1.0050431267788331,0.30263285972196774,1.0282719833062262,0.8819578068849474,0.5024748734859666,-0.08082588013307468,0.12308531989388571,-0.1998420137639989,0.2482330544829126
55,0.9596664194201648,1.0088585955020373,0.28765044962094805,1.0453744578613184,0.8912073600614354,0.4889672117755554,-0.0857080384411536,0.11765123544060185,-0.20131676215460736,0.24842729274084388
56,0.9738379630725935,1.0130513288351513,0.27360268969397206,1.0623723958417668,0.900100442176505,0.4749652482411506,-0.08853443276917328,0.11295088665864628,-0.20136255854717855,0.24727136625052148
57,0.989814846828753,1.017535092065743,0.26031003552270476,1.0792640974679386,0.9086334961158833,0.4604535689580829,-0.08944925063918563,0.10890159594985982,-0.20014353343537816,0.24478186210652272
58,1.0070044032890755,1.022113591367107,0.24760678077022208,1.0960478735837471,0.916803108771767,0.44541663559766037,-0.08904347029467163,0.10531048259534015,-0.1978098548274383,0.24113849964995993
59,1.0249892308243953,1.026660051767394,0.23531419653124852,1.1127220458255676,0.9246060124080204,0.4298388685756445,-0.08773281500117225,0.10205403935937363,-0.194524672044396,0.23654158579745405
60,1.043474659107974,1.0310920429307493,0.22325367461077866,1.1292849467900707,0.9320390859672264,0.4137047446598081,-0.08581028768209675,0.0990529569635229,-0.19045107004902945,0.23118499916327195
61,1.062252616339883,1.035355358377149,0.21125564812267816,1.1457349202009626,0.9390993563190677,0.3969989104388761,-0.08348230386107947,0.09625600205808138,-0.18574326231619792,0.22524447270914968
62,1.0811762383584618,1.039413632978066,0.19916418161512847,1.1620703210746102,0.945783999449539,0.37970631302149005,-0.0808940827161484,0.09362963352852716,-0.18054213140636158,0.2188739868187293
63,1.1001421120518204,1.0432417052925385,0.18683924385659392,1.178289515884539,0.9520903415905158,0.36181234924553096,-0.07814740383271856,0.0911513637020227,-0.17497310538893704,0.21220550285037496
64,1.1190777712100426,1.0468213809789562,0.17415739487875384,1.1943908827247842,0.958015860289225,0.3433030345211741,-0.07531311151474163,0.08880552068973113,-0.16914563964242027,0.20535026827605962
65,1.1379328436962124,1.0501387386671415,0.16101149789726182,1.210372811472079,0.963558185417193,0.3241651921901698,-0.0724399677758667,0.08658055324994851,-0.163153694292908,0.19840077896485045
66,1.1566727485535786,1.0531824266246033,0.14730987541752288,1.2262337039468676,0.9687151001182652,0.30438666394296926,-0.06956095539328899,0.08446732650633804,-0.15707678852544638,0.1914329471533656
67,1.175274182488838,1.0559425958913902,0.13297519137011507,1.2419719740731194,0.9734845416953194,0.283956541378582,-0.06669779158428146,0.08245805419607077,-0.15098135000846694,0.18450824955649434
68,1.193721868603666,1.058410242295555,0.11794324325419868,1.2575860480369372,0.9778646024353163,0.26286541820488024,-0.06386417943327127,0.08054563986023877,-0.14492217495068155,0.17767574484891374
69,1.2120062001807879,1.0605768110881915,0.10216177942987767,1.273074364443936,0.9818535303723597,0.24110566184802507,-0.061068164263148095,0.07872328071583179,-0.1389438824181474,0.17097391050848212
70,1.230121522472898,1.0624339702232934,0.08558940909049376,1.2884353744753823,0.9854497299884603,0.2186717023624417,-0.05831385200248418,0.07698424023483319,-0.13308229327194795,0.16443228199603296
71,1.2480648718134166,1.0639734920073556,0.06819463986334882,1.3036675420430732,0.9886517628517197,0.19556033550876473,-0.05560267022965659,0.07532172915563584,-0.1273656956454159,0.1580728953581341
72,1.2658350445599913,1.065187204582072,0.049955055856907696,1.3187693439429462,0.9914583481916864,0.1717710357084244,-0.05293429938295491,0.07372885639038562,-0.1218159798515167,0.1519115442057763
73,1.2834319055814454,1.066066988715086,0.030856633445707177,1.3337392700073958,0.9938683634116449,0.14730627331565815,-0.05030736442595041,0.07219862530344112,-0.11644963986995098,0.14595886762041335
74,1.3008558717219538,1.0666048043527516,0.010893182487204982,1.34857582325629,0.99588084453764,0.12217182931261213,-0.04771995153433628,0.07072395981511159,-0.11127864682540714,0.1402212876337349
75,1.3181075374608873,1.0667927373293777,-0.009934087029241957,1.3632775200466682,0.9974949866040543,0.0963770991912814,-0.04516998258578098,0.0692977507253234,-0.10631118622052335,0.13470179619442205
76,1.3351873886904613,1.0666230590191506,-0.03161692413483823,1.3778428902211026,0.998710143975583,0.06993537651704462,-0.04265550153064135,0.06791291504356756,-0.10155230065188285,0.12940063990659312
77,1.3520955700932944,1.0660882961302802,-0.05414035357603511,1.3922704772547134,0.9995258306054791,0.0428641055705861,-0.04017490716141903,0.06656246552480116,-0.0970044591466212,0.12431592849067043
78,1.3688317561190204,1.0651813067457054,-0.07748290694183232,1.4065588384008205,0.9999417202299663,0.015185091651111312,-0.037727082281800106,0.06523958651573913,-0.09266799859294364,0.11944410554507967
79,1.3853950542047682,1.0638953597934826,-0.10161684649327504,1.4207065448352156,0.99995764649874,-0.013075342784616575,-0.03531149063044747,0.06393771329474263,-0.08854150370865847,0.11478035733911648
80,1.4017839342350205,1.0622242174609275,-0.12650840671147068,1.4347121817990456,0.9995736030415051,-0.041886267855577024,-0.032928247564025126,0.06265061441942243,-0.08462213885589365,0.1103189709855699
81,1.4179962043208307,1.0601622169036233,-0.15211805345667298,1.4485743487402851,0.998789743470524,-0.07121213282096248,-0.03057814441945439,0.06137247343309937,-0.0809059206357105,0.10605362514004595
82,1.434029017709266,1.0577043489541165,-0.17840078357190925,1.4622916594537918,0.9976063813191736,-0.10101283897581732,-0.02826264174452575,0.060097967634942906,-0.07738794459609193,0.10197762794376936
83,1.4498789050754648,1.0548463315451433,-0.20530648140272006,1.4758627422199255,0.9960239899165367,-0.13124390617594112,-0.02598383714446073,0.058822341628606556,-0.07406257522677895,0.09808411041878622
84,1.465541830155366,1.051584675123395,-0.23278034250750107,1.4892862399417186,0.994043202198076,-0.16185673736972372,-0.023744409786352616,0.05754147292531908,-0.07092360513777735,0.09436617968455024
85,1.4810132658859978,1.047916737310705,-0.2607633704739639,1.5025608102805854,0.9916648104524687,-0.19279898196781758,-0.021547544394587614,0.05625192685823632,-0.06796438850614633,0.0908170361205181
86,1.4962882876107297,1.0438407642585537,-0.2891929480337926,1.515685125790554,0.9888897660047016,-0.22401499487154508,-0.019396838179824183,0.05495099825385208,-0.0651779531622475,0.08743005844038576
87,1.5113616794946199,1.0393559165034942,-0.31800347871759643,1.5286578740510102,0.9857191788355535,-0.25544638373627454,-0.01729619455639031,0.05363673766794075,-0.06255709498132189,0.08419886048097164
88,1.5262280499419258,1.0344622776705357,-0.3471270904630799,1.5414777577979386,0.9821543171376185,-0.28703263284555847,-0.015249707856012762,0.0523079605329172,-0.06009445761752141,0.08111732343433822
89,1.540881951543375,1.029160845070082,-0.376494388199145,1.5541434950536477,0.9781966068080447,-0.3187117881210078,-0.013261543510272755,0.05096423826203733,-0.05778260007813718,0.07817960724955393
90,1.5553180009669787,1.0234535020495383,-0.4060352387741749,1.5666538192549668,0.9738476308781951,-0.3504211845928371,-0.01133581828798813,0.049605871171343185,-0.0556140541813378,0.07538014495482852
91,1.5695309942944482,1.0173429728325616,-0.43567956893322,1.579007479379901,0.9691091288804564,-0.38209819537047346,-0.009476485085452735,0.04823384395210517,-0.05358137356274656,0.0727136236536279
92,1.583516013622216,1.0108327614357835,-0.4653581555546604,1.591203240072732,0.9639829961524481,-0.41368097997668896,-0.007687226450516116,0.0468497652833354,-0.05167717557797147,0.07017495588400198
93,1.597268521283628,1.0039270770244502,-0.4950033871383726,1.6032398817675544,0.9584712830789142,-0.44510920994479974,-0.005971360483926436,0.045455793945536005,-0.049894177193572864,0.06775924488268499
94,1.6107844387823007,0.9966307486879288,-0.524549976576184,1.6151162008102287,0.9525761942715953,-0.4763247508234524,-0.0043317620279279545,0.044054554416333436,-0.04822522575273158,0.06546174704352312
95,1.6240602084000975,0.988949133035233,-0.5539356074067429,1.6268310095787475,0.9463000876874145,-0.5072722820789922,-0.0027708011786500286,0.04264904534781855,-0.04666332532775064,0.06327783449909917
96,1.6370928363885595,0.9808880182023165,-0.5831014988679957,1.6383831366019965,0.9396454736853249,-0.5378998396315425,-0.0012903002134370123,0.04124254451699161,-0.04520165923645314,0.06120296030916527
97,1.6498799175990753,0.9724535278215194,-0.6119928788311968,1.6497714266769001,0.9326150140222006,-0.5681592696408527,0.00010849092217513068,0.0398385137993188,-0.04383360919034407,0.05923262822693692
98,1.6624196422847766,0.9636520282477048,-0.6405593578248177,1.660994740983941,0.9252115207881683,-0.5980065863693985,0.0014249013008356126,0.03844050745953653,-0.042552771455419136,0.0573623684657541
99,1.6747107865583426,0.9544900419023662,-0.6687552015259927,1.672051957201041,0.9174379552818098,-0.6274022311885141,0.002658829357301551,0.03705208662055637,-0.041352970337478534,0.05558772033660708
100,1.6867526885735382,0.9449741690362541,-0.6965395030313654,1.682941969615793,0.9092974268256818,-0.6563112337819401,0.003810718957745207,0.035676742210572265,-0.04022826924942524,0.053904222103085764
101,1.6985450558892943,0.9351111508948994,-0.7238761103674696,1.6936636892360304,0.9007931915226274,-0.6847032801150899,0.0048813666532638855,0.034317959372272,-0.03917283025237972,0.052307367605933526
102,1.710088488232225,0.9249073439325629,-0.7507340835943678,1.704216043898726,0.8919286509533796,-0.7125526946185239,0.005872444333498983,0.03297869297918332,-0.03818138897584389,0.050792698857118956
103,1.7213837250715542,0.9143692429402412,-0.7770871170298588,1.7145979783772067,0.8827073508159741,-0.7398383461925445,0.006785746694347505,0.03166189212426718,-0.03724877083731426,0.04935577676401551
104,1.732431894116414,0.9035032080539289,-0.8029135532929191,1.7248084544866769,0.8731329795075166,-0.7665434890556865,0.0076234396297372164,0.03037022854641236,-0.03637006423723266,0.047992178387420564
105,1.743234450268874,0.8923154434664211,-0.828196172299858,1.734846451188034,0.8632093666488738,-0.7926555501696838,0.00838799908083998,0.02910607681754729,-0.03554062213017417,0.04669751661158184
106,1.753793116432754,0.8808119853937447,-0.8529219372292011,1.7447109646899726,0.8529404815528762,-0.8181658750569212,0.009082151742781486,0.02787150384086856,-0.03475606217227989,0.04546746160007005
107,1.7641098273689135,0.8689986982545095,-0.877081708911811,1.7544010085493633,0.8423304316366457,-0.8430694433909002,0.009708818819550213,0.02666826661786381,-0.034012265520910856,0.04429776307148323
108,1.7741866775496715,0.8568812778595829,-0.9006699392811657,1.763915613769895,0.8313834607786832,-0.8673645649064725,0.01027106377977649,0.02549781708089971,-0.033305374374693164,0.04318427247618889
109,1.7840258737023387,0.8444652603390133,-0.9236843534100514,1.7732538288989745,0.8201039476213741,-0.8910525650657036,0.010772044803364134,0.024361312717639194,-0.03263178834434777,0.04212296424900086
110,1.7936296924689814,0.8317560355423392,-0.9461256283865018,1.7824147201228708,0.8084964038195901,-0.914137468639516,0.011214972346110574,0.02325963172274914,-0.03198815974698588,0.041109955443914444
111,1.80300044336405,0.8187588637242244,-0.967997075946161,1.7913973713600952,0.7965654722360865,-0.9366256880218409,0.011603072003954829,0.022193391488137815,-0.03137138792432015,0.0401415232144084
112,1.8121404370119778,0.8054788944308959,-0.989304334438329,1.8002008843530102,0.7843159250844199,-0.9585257217604746,0.011939552658967623,0.02116296934647599,-0.030778612677854422,0.03921411974824278
113,1.821051958475725,0.7919211866472761,-1.0100550744496999,1.808824378757652,0.7717526620201257,-0.9798478675264842,0.01222757971807309,0.020168524627150353,-0.030207206923215657,0.03832438442427707
114,1.8297371065233239,0.7780909505032814,-1.0302588207975394,1.8172669922317666,0.7588807081809217,-1.0006039525927415,0.01247011429155731,0.019210242322359683,-0.029654868204797902,0.03746929901629085
115,1.8381982304428788,0.7639928485264014,-1.0499263666377858,1.8255278805210422,0.7457052121767199,-1.0208070838766747,0.012670349921836577,0.018287636349681446,-0.029119282761111087,0.036645709693243975
116,1.846437412278759,0.749631806840726,-1.0690698949003363,1.8336062175435337,0.7322314440302513,-1.0404714187339885,0.012831194735225315,0.017400362810474634,-0.028598476166347808,0.035850872002039035
117,1.8544566496257473,0.7350127354368602,-1.0877026284180005,1.8415011954722713,0.7184647930691263,-1.0596119569697484,0.012955454153475987,0.016547942367733937,-0.028090671448252058,0.035082246383923384
118,1.8622578471625284,0.7201405470037774,-1.1058386332145438,1.8492120248160406,0.7044107657701763,-1.078244353954232,0.013045822346487768,0.015729781233601137,-0.027594279260311882,0.03433749767017318
119,1.8698428112208083,0.7050201737955715,-1.1234926421345364,1.8567379344983332,0.6900749835569364,-1.0963847542815959,0.013104876722475067,0.014945190238635053,-0.027107887852940493,0.033614492247063026
120,1.877213401900313,0.6896562592979598,-1.1406798546269976,1.8640781719344526,0.675463180551151,-1.1140496450750117,0.013135229965860473,0.014193078746808863,-0.026630209551985917,0.03291118064354177
121,1.88437101699196,0.6740542367380031,-1.1574159491084446,1.871232003106772,0.6605812012792008,-1.1312557278065778,0.013139013885188122,0.013473035458802296,-0.026160221301866793,0.032225976306575345
122,1.891317174075731,0.6582191499387359,-1.1737167878345254,1.8781987126381352,0.6454349983343708,-1.1480198073479873,0.013118461437595874,0.01278415160436508,-0.025696980486538124,0.03155730294018488
123,1.8980532849393923,0.6421561205626407,-1.18959837821365,1.884977603863395,0.6300306299958922,-1.16435869688339,0.013075681075997325,0.012125490566748498,-0.02523968133026,0.030903761433498295
124,1.904580660265106,0.6258703533300238,-1.2050767822104442,1.891567998899078,0.6143742578057116,-1.1802891372852227,0.013012661366028189,0.011496095524312189,-0.024787644925221564,0.03026411916890851
125,1.910900514310863,0.6093671407093507,-1.2201680389550005,1.8979692387111724,0.5984721441039565,-1.1958277295646969,0.01293127559969065,0.01089499660539417,-0.024340309390303627,0.029637299149592025
126,1.9170139696235888,0.5926518669256694,-1.234888099276236,1.9041806831810315,0.5823306495240819,-1.2109908790505335,0.012833286442557323,0.010321217401587535,-0.02389722022570262,0.029022369029479474
127,1.9229220617781801,0.5757300112176356,-1.2492527709301433,1.9102017111693845,0.5659562304487028,-1.2257947500135267,0.012720350608795616,0.00977378076893276,-0.02345802091661664,0.028418530142396013
128,1.9286257441158245,0.5586071503294668,-1.2632776733631619,1.9160317205784498,0.5493554364271267,-1.2402552295333436,0.01259402353737471,0.009251713902340142,-0.02302244382981833,0.02782510662850804
129,1.9341258924471572,0.5412889602598895,-1.2769782009309558,1.9216701284121454,0.532534907555621,-1.2543878994917435,0.012455764035011807,0.008754052704268434,-0.022590301439212368,0.027241534750440978
130,1.9394233096856452,0.5237812173116421,-1.2903694935778764,1.927116370834386,0.5155013718214642,-1.2682080156685605,0.01230693885125933,0.008279845490177906,-0.022161477909315996,0.026667352481169866
131,1.944518730380377,0.5060897984971539,-1.3034664140697505,1.932369903225468,0.4982616424118385,-1.2817304930098559,0.012148827154909059,0.007828156085315341,-0.021735921059894636,0.026102189434181314
132,1.9494128251231135,0.4882206813613329,-1.3162835309587544,1.9374302002365305,0.4808226149886482,-1.2949698962289915,0.011982624886583082,0.007398066372684697,-0.021313634729762887,0.025545757194120576
133,1.9541062048106235,0.4701799432834333,-1.3288351065420514,1.9422967558420892,0.4631912649303451,-1.3079404349891695,0.011809448968534308,0.006988678353088196,-0.020894671552881938,0.02499784009401919
134,1.9585994247492464,0.45197376031817754,-1.3411350891547882,1.9469690833906388,0.44537464454187115,-1.3206559629989763,0.011630341358607632,0.006599115776306397,-0.020479126155811933,0.024458286474168537
135,1.962892988593909,0.43360840563277525,-1.3531971092113428,1.9514467156533182,0.4273798802338298,-1.333129980429876,0.011446272940590863,0.0062285253989454725,-0.02006712878146688,0.023927000447356284
136,1.9669873521182566,0.41509024759210655,-1.3650344784768589,1.9557292048706325,0.40921416967201735,-1.3453756391359823,0.011258147247624084,0.005876077920089207,-0.019658839340876533,0.02340393418642559
137,1.9708829268161825,0.39642574753931503,-1.3766601921128367,1.9598161227972284,0.3908847788984522,-1.3574057502217107,0.011066804018954102,0.005540968640862842,-0.019254441891126017,0.022889080741954504
138,1.9745800833377862,0.3776214573142401,-1.388086933097367,1.9637070607447196,0.3723990394250553,-1.3692327935620554,0.010873022593066661,0.005222417889184816,-0.018854139535311676,0.022382467391590645
139,1.9780791547648688,0.35868401654707405,-1.3993270786709868,1.9674016296225532,0.3537643453011427,-1.380868928933525,0.01067752514231568,0.004919671245931345,-0.01845814973746185,0.02188414951656541
140,1.9813804397324568,0.33962014976016974,-1.4103927085048273,1.9708994599769205,0.3349881501559047,-1.3923260084614568,0.010480979755536302,0.004631999604265025,-0.01806670004337052,0.02139420499637688
141,1.9844842054037626,0.3204366633064753,-1.4212956143277693,1.9742002020277007,0.3160779642170538,-1.4036155901318894,0.010284003376061834,0.004358699089421492,-0.017680024195879884,0.020912729108317575
142,1.9873906903063865,0.30114044216951386,-1.43204731078507,1.9773035257034395,0.29704135130683235,-1.4147489521538088,0.010087164602947007,0.004099090862681509,-0.017298358631261168,0.02043982991522175
143,1.990100107037708,0.281738446646291,-1.4426590473323297,1.9802091206743555,0.2778859258165868,-1.4257371079907708,0.009890986363352505,0.00385252082970422,-0.016921939341558945,0.019975624121982533
144,1.992612644815193,0.2622377091805203,-1.4531418212293672,1.9829166963833729,0.2586193496611108,-1.4365908219100985,0.0096959484318202,0.003618359519409531,-0.016550999319268733,0.019520233606969264
145,1.9949284720175484,0.24264533028612406,-1.463506390481141,1.985425982075177,0.23924932921398243,-1.4473206249233783,0.009502489942371461,0.0033960010721416356,-0.016185765557762632,0.01907378161450196
146,1.997047738499539,0.2229684753107978,-1.4737632882264051,1.9877367268232897,0.21978361222511697,-1.457936831014273,0.00931101167624937,0.0031848630856808335,-0.01582645721213205,0.018636390186869106
147,1.9989705778466818,0.20321437083199656,-1.4839228373490272,1.9898486995551619,0.20022998472177053,-1.4684495535690345,0.009121878291519891,0.0029843861102260283,-0.015473283779992686,0.018208177694552432
148,2.000697109537125,0.1833903009746643,-1.493995165474032,1.99176168907528,0.18059626789423294,-1.4788687219418666,0.008935420461844812,0.0027940330804313573,-0.015126443532165412,0.01778925669094379
149,2.002227441012239,0.16350360369145406,-1.5039902203039435,1.9934755040862868,0.1608903149674558,-1.4892040981017618,0.00875193692595233,0.0026132887239982694,-0.014786122202181673,0.017379732094847555
150,2.003561669661096,0.14356166700833103,-1.5139177852371897,1.994989973208109,0.1411200080598672,-1.499465293319851,0.008571696452986943,0.0024416589484638207,-0.014452491917338772,0.016979699677070408
151,2.00469988472269,0.12357192524499444,-1.5237874952155117,1.9963049449950963,0.12129325503062975,-1.5096617848669232,0.008394939727593531,0.002278670214364689,-0.01412571034858856,0.016589244823920796
152,2.005642169109534,0.10354185521874318,-1.5336088527631655,1.997420287951166,0.10141798631660187,-1.5198029326997817,0.00822188115836786,0.002123868902141307,-0.01380592006338377,0.0162084415565578
153,2.006388601155389,0.08347897245469138,-1.5433912441943705,1.998335890542952,0.08150215176026913,-1.5298979961226906,0.008052710612436842,0.001976820694422246,-0.013493248071679842,0.015837351792185483
154,2.006939256293104,0.06339082733122023,-1.5531439559413962,1.9990516612109581,0.06155371742991314,-1.5399561504164885,0.007887595082145982,0.001837109901307088,-0.013187805524907725,0.015476024797478219
155,2.007294208660809,0.043285001239526846,-1.5628761910048563,1.999567528378714,0.04158066243329049,-1.5499865034331373,0.007726680282095,0.0017043388062363551,-0.012889687571719044,0.01512449683938898
156,2.0074535326397838,0.023169102750282795,-1.572597085507806,1.9998834404599326,0.02159097572609596,-1.5599981121576436,0.007570092179851162,0.0015781270241868352,-0.012598973350162357,0.014782791008264096
157,2.0074173043264296,0.003050763777556635,-1.582315725339477,1.9999993658636692,0.0015926529164868282,-1.56999999924253,0.007417938462760398,0.001458110861069807,-0.012315726096947088,0.014450917189420657
158,2.007185602939862,-0.01706236425798742,-1.5920411628808289,1.9999152929974802,-0.018406306933053812,-1.580001169522415,0.0072703099423816475,0.0013439426750663924,-0.01203999335841388,0.01412887216457168
159,2.0067585121664226,-0.03716261426507758,-1.6017824338065063,1.9996312302685817,-0.03839790450523538,-1.5900106265178413,0.0071272818978409536,0.0012352902401577964,-0.011771807288665004,0.013816639825593882
160,2.0061361214422067,-0.05724230731583871,-1.6115485739595505,1.9991472060830102,-0.058374143427580086,-1.600037388938299,0.006988915359196435,0.0011318361117413772,-0.01151118502125148,0.013514191484337423
161,2.0053185271744924,-0.07729375647689908,-1.6213486362962461,1.998463268842781,-0.0783270334708653,-1.610090507194452,0.006855258331711411,0.0010332769939662145,-0.011258129101794134,0.013221486263405585
162,2.0043058339028104,-0.09730927063680148,-1.6311917078987053,1.997579486941048,-0.09824859374510869,-1.6201790799288849,0.006726346961762442,0.0009393231083072162,-0.011012627969820388,0.012938471553992808
163,2.0030981554002207,-0.1172811583289735,-1.6410869270523165,1.996495948755265,-0.11813085589181781,-1.6303122705732334,0.00660220664495581,0.0008496975628443093,-0.010774656479083156,0.012665083528080297
164,2.0016956157152612,-0.13720173154945986,-1.651043500383763,1.9952127626383473,-0.13796586727122728,-1.6404993239373136,0.006482853076913875,0.0007641357217674227,-0.010544176446449338,0.012401247693356895
165,2.0000983501549014,-0.15706330956857814,-1.6610707200532049,1.9937300569078378,-0.15774569414324865,-1.6507495828327603,0.006368293247063672,0.0006823845746705137,-0.010321137220444587,0.012146879480409429
166,1.998306506208999,-0.17685822273295865,-1.6711779809911336,1.9920479798330735,-0.17746242484086058,-1.6610725047296746,0.0062585263759256105,0.0006042021079019355,-0.010105476261458968,0.011901884853091986
167,1.9963202444160957,-0.19657881626176824,-1.6813747981660778,1.9901666996203604,-0.19710817293466984,-1.671477678439753,0.006153544795735266,0.0005293566729016042,-0.009897119726324899,0.011666160933120865
168,1.9941397391696756,-0.21621745404359424,-1.6916708238646518,1.988086404396152,-0.21667508038737962,-1.6819748408132476,0.006053334773523655,0.0004576263437853778,-0.009695983051404289,0.011439596631175256
169,1.9917651794664113,-0.23576652241526602,-1.7020758649594792,1.985807302188237,-0.236155320696897,-1.692573893429715,0.005957877278174317,0.0003887982816309643,-0.009501971529764175,0.011222073280728205
170,1.9891967695954627,-0.2552184339313085,-1.7125999001320482,1.9833296209049371,-0.2555411020268312,-1.7032849192537511,0.005867148690525514,0.0003226680955227268,-0.009314980878297074,0.01101346526846313
171,1.9864347297682878,-0.27456563112409915,-1.723253097008794,1.980653608312316,-0.27482467032312397,-1.714118199216562,0.0057811214559717605,0.0002590391990248131,-0.009134897792232088,0.010813640657514709
172,1.983479296688126,-0.2938005902551419,-1.7340458291576695,1.977779532009403,-0.2939983124155676,-1.725084228672093,0.005699764678723129,0.00019772216042573953,-0.008961600485576371,0.010622461800760964
173,1.9803307240579502,-0.31291582505814597,-1.7449886928793112,1.9747076794014329,-0.3130543591029702,-1.7361937336623283,0.0056230446565173064,0.00013853404482422338,-0.008794959216982923,0.010439785942209547
174,1.9769892830252693,-0.3319038904748751,-1.7560925237116658,1.971438357671107,-0.33198518822073414,-1.7474576869099745,0.0055509253541623504,8.129774585902139e-05,-0.008634836801691304,0.010265465805447247
175,1.9734552625617072,-0.3507573863847805,-1.7673684125488214,1.9679718937478738,-0.35078322768961984,-1.7588873234378162,0.005483368813833378,2.584130483934688e-05,-0.008481089111005202,0.010099350168717158
176,1.9697289697747542,-0.369468961329545,-1.7788277212541979,1.964308634275237,-0.36944095854447706,-1.7704941556922353,0.005420335499517259,-2.8002785067926528e-05,-0.00833356556196252,0.00994128442701577
177,1.9658107301485208,-0.38803131623360543,-1.7904820976243285,1.960448945576091,-0.3879509179417303,-1.7822899880233805,0.005361784572429862,-8.039829187511671e-05,-0.008192109600948072,0.009791111142277412
178,1.9617008877096866,-0.40643720812163925,-1.8023434895321897,1.9563932136160893,-0.40630570214441675,-1.7942869303459041,0.0053076740935973366,-0.00013150597722250135,-0.008056559186285561,0.009648670583454066
179,1.9573998051141595,-0.4246794538337181,-1.8144241580476943,1.9521418439650484,-0.4244979694835826,-1.8064974107716563,0.0052579611491110345,-0.0001814843501354857,-0.007926747276038038,0.00951380125885976
180,1.952907863649248,-0.442750933738422,-1.8267366892973753,1.9476952617563903,-0.44252044329485246,-1.818934186968815,0.005212601892857771,-0.00023049044356954207,-0.00780250232856039,0.009386340443708166
181,1.9482254631454432,-0.4606445954434594,-1.8392940047845145,1.9430539116446306,-0.46036591482899825,-1.8316103559602837,0.00517155150081261,-0.00027868061446117975,-0.007683648824230893,0.009266124705859425
182,1.9433530217912165,-0.47835345750239133,-1.8521093698450177,1.9382182577609126,-0.47802724613534286,-1.8445393620273418,0.005134764030303884,-0.00032621136704846787,-0.007570007817675917,0.009152990432780355
183,1.9382909758427342,-0.4958706131178422,-1.8651963998611911,1.933188783666595,-0.4954973729168449,-1.8577350023321744,0.005102192176139164,-0.0003732402009972713,-0.007461397529016756,0.009046774360837874
184,1.933039779218119,-0.5131892338448067,-1.878569063803434,1.9279659923048962,-0.5127693073557238,-1.871211429814701,0.005073786913222911,-0.0004199264890829557,-0.0073576339887331255,0.00894731411146309
185,1.9275999029762718,-0.5303025732590085,-1.8922416845940164,1.9225504059505998,-0.5298361409084934,-1.884983152854841,0.005049497025672034,-0.00046643235051513354,-0.0072585317391753446,0.008854448732614225
186,1.921971834669217,-0.5472039705948858,-1.90622893572369,1.9169425661578283,-0.5466910470692872,-1.899065031120944,0.005029268511388629,-0.0005129235255986186,-0.007163904602745852,0.008768019243820176
187,1.916156077557486,-0.5638868543502203,-1.9205458334741818,1.911143033705888,-0.5633272841003701,-1.9134722669486295,0.005013043851598065,-0.0005595702498502053,-0.007073566525552355,0.00868786918144935
188,1.9101531496796613,-0.5803447458458466,-1.9352077240148047,1.9051523885431907,-0.5797381977287431,-1.928220391512157,0.005000761136470633,-0.0006065481171034781,-0.006987332502647714,0.008613845138203612
189,1.9039635827674046,-0.5965712627264704,-1.9502302645521052,1.898971229729261,-0.5959172238077642,-1.9433252449633298,0.004992353038143715,-0.0006540389187061901,-0.0069050195887754295,0.008545797287908106
190,1.8975879209978097,-0.6125601223859676,-1.9656293976178916,1.892600175374829,-0.6118578909427194,-1.958802949622059,0.004987745622980766,-0.0007022314432482135,-0.006826447995832652,0.008483579883472418
191,1.8910267195758168,-0.6283051452976287,-1.9814213174848752,1.886039862580021,-0.6275538230792937,-1.9746698752097716,0.004986856995795819,-0.0007513222183349599,-0.006751442275103603,0.008427051712570511
192,1.884280543140779,-0.643800258226695,-1.9976224276031056,1.8792909473706498,-0.6429987420539088,-1.9909425950243342,0.0049895957701291405,-0.0008015161727861209,-0.006679832578771361,0.008376076492304948
193,1.8773499639931963,-0.659039497299154,-2.0142492878577647,1.8723541046326122,-0.6581864701049049,-2.007637831866406,0.0049958593605841095,-0.0008530271942490675,-0.006611455991358817,0.008330523181081647
194,1.8702355601402338,-0.6740170108971689,-2.0313185503642655,1.865230028044401,-0.6731109323435617,-2.024772392446539,0.005005532095832876,-0.000906078553607248,-0.006546157917726614,0.00829026618339453
195,1.8629379131620307,-0.6887270623477754,-2.0488468824457855,1.8579194300077386,-0.6877661591839738,-2.0423630889355304,0.005018483154292097,-0.0009609031638015963,-0.006483793510255076,0.008255185421524057
196,1.855457605904926,-0.7031640323680309,-2.066850875388629,1.8504230415763365,-0.7021462887308055,-2.060426646274568,0.005034564328589397,-0.001017743637225399,-0.006424229114061042,0.008225166247545828
197,1.8477952200105634,-0.7173224212305781,-2.0853469375300278,1.8427416123827909,-0.7162455691239705,-2.078979593845187,0.005053607627772516,-0.0010768521066075731,-0.006367343684840598,0.008200099152806945
198,1.839951333302381,-0.7311968505985803,-2.104351170293547,1.8348759105636196,-0.7300583608392996,-2.0980381401223296,0.0050754227387612705,-0.0011384897592806587,-0.006313030171217537,0.008179879268780488
199,1.831926517065644,-0.7447820649654351,-2.123879225912413,1.8268267226824504,-0.7435791389442745,-2.1176180290088564,0.005099794383193634,-0.0012029260211605663,-0.006261196903556421,0.008164405699641771
200,1.8237213332396558,-0.758072932678597,-2.1439461455278033,1.8185948536513634,-0.7568024953079283,-2.137734376690414,0.005126479588292376,-0.0012704373706686756,-0.006211768837389275,0.008153580573657834
201,1.8153363315748536,-0.7710644464844602,-2.164566176741236,1.8101811266504018,-0.7697231407640244,-2.1584014880706035,0.005155204924451873,-0.0013413057204357814,-0.006164688670632579,0.008147307853186368
202,1.8067720468128978,-0.7837517235430451,-2.1857525699675335,1.8015863830452545,-0.7823359072266527,-2.179632652163961,0.005185663767643289,-0.0014158163163924264,-0.006119917803572683,0.008145491911192184
203,1.798028995961414,-0.7961300048631659,-2.2075173533660997,1.7928114823031196,-0.7946357497573974,-2.201439916254256,0.00521751365829437,-0.001494255105768505,-0.006077437111843498,0.008148035894865473
204,1.7891076757497952,-0.8081946541132212,-2.2298710866877602,1.7838573019067592,-0.8066177485832404,-2.22383383918308,0.00525037384303606,-0.0015769055299807988,-0.006037247504680376,0.008154839911052252
205,1.7800085603679736,-0.8199411557704265,-2.2528225950742318,1.774724737266751,-0.8182771110644103,-2.246823224830935,0.005283823101222662,-0.0016640447060162211,-0.0059993702432965534,0.008165799083052866
206,1.770732099605721,-0.8313651125828682,-2.2763786846950227,1.7654147016319481,-0.8296091736113709,-2.270414837697643,0.005317397973772842,-0.001755938971497284,-0.005963846997379729,0.00818080154332457
207,1.7612787175249693,-0.84246224233487,-2.3005438431025036,1.7559281259981563,-0.8406094035501944,-2.294613103481373,0.005350591526813053,-0.00185283878467557,-0.005930739621130776,0.008199726440708379
208,1.7516488118106937,-0.8532283739273576,-2.3253199283204586,1.746265959015033,-0.8512734009355746,-2.319419798686549,0.005382852795660753,-0.001954972991783044,-0.005900129633909845,0.008222442053021417
209,1.741842753955645,-0.8636594428115204,-2.3507058519321813,1.7364291668912253,-0.8615969003107405,-2.3448337345377843,0.005413587064419634,-0.0020625425007798626,-0.0058721173943969696,0.008248804105150897
210,1.7318608904390083,-0.8737514858460786,-2.3766972627628413,1.7264187332977474,-0.8715757724135882,-2.3708504418018905,0.005442157141260839,-0.002175713432490456,-0.005846820960950794,0.008278654397902435
211,1.7217035450570006,-0.8835006356854237,-2.4032862391012246,1.7162356592696177,-0.8812060258283252,-2.3974618644663783,0.005467885787382887,-0.0022946098570985063,-0.005824374634846308,0.008311819852908174
212,1.711371022552659,-0.8929031148467349,-2.430460998702387,1.7058809631057523,-0.8904838085819884,-2.424656071515499,0.005490059446906725,-0.0024193062647465124,-0.005804927186888076,0.008348112072695467
213,1.7008636136707749,-0.9019552296471885,-2.458205636961156,1.6953556802671397,-0.8994054096851778,-2.4524169971891108,0.005507933403635201,-0.0025498199620107576,-0.005788639772045023,0.008387327502133826
214,1.6901816017306994,-0.9106533642450825,-2.486499904536461,1.6846608632732913,-0.9079672606164054,-2.4807242209956297,0.005520738457408081,-0.00268610362867705,-0.005775683540831356,0.008429248257284085
215,1.6793252707637343,-0.9189939750579722,-2.515319036218022,1.6737975815969954,-0.9161659367494548,-2.509552799257385,0.005527689166738847,-0.002828038308517411,-0.005766236960637272,0.008473643660477079
216,1.6682949152030997,-0.9269735858629954,-2.544633642838499,1.6627669215573662,-0.9239981587231878,-2.5388731599736905,0.005527993645733531,-0.002975427139807585,-0.005760482864808569,0.008520272486682981
217,1.657090851044294,-0.9345887839053766,-2.574409677435491,1.6515699862112163,-0.9314607937532426,-2.5686510721830618,0.005520864833077788,-0.0031279901521339415,-0.005758605252429216,0.00856888588734074
218,1.6457134283145336,-0.9418362173466025,-2.6046084855734777,1.6402078952427481,-0.9385508568851079,-2.598847699706418,0.005505533071785473,-0.0032853604614946352,-0.005760785867059859,0.008619230915377104
219,1.6341630446059578,-0.9487125943703256,-2.6351869477016803,1.628681784851592,-0.9452655121880633,-2.6294197471130945,0.005481259754365864,-0.0034470821822623066,-0.005767200588585819,0.008671054531894366
220,1.6224401593436837,-0.9552146842291097,-2.6660977186606396,1.6169928076391802,-0.951602073889516,-2.6603197029822847,0.0054473517045035,-0.0036126103395937026,-0.0057780156783548975,0.008724107933629174
221,1.6105453083829568,-0.9613393204575962,-2.697289566034818,1.6051421324934945,-0.957558007449271,-2.691496182110619,0.005403175889462375,-0.0037813130083251822,-0.005793383924199258,0.008778151004201692
222,1.5984791184664777,-0.9670834063984224,-2.7287078051284093,1.593130944472173,-0.9631309305733167,-2.722894364390203,0.00534817399430465,-0.003952475825105717,-0.005813440738206221,0.008832956664562403
223,1.58624232103017,-0.97244392308936,-2.7602948241317367,1.5809604446840095,-0.9683186141667071,-2.7544565238654024,0.005281876346160397,-0.004125308922652948,-0.005838300266334251,0.008888314882098142
224,1.5738357648290207,-0.9774179394489723,-2.791990688815517,1.5686318501688397,-0.9731189832251738,-2.7861226372410264,0.005203914660180997,-0.0042989562237985,-0.0058680515744904405,0.008944036095939143
225,1.5612604268681511,-0.9820026245808736,-2.8237338121415956,1.5561463937758424,-0.9775301176650971,-2.817831057161089,0.005114033092308734,-0.004472506915776497,-0.005902754980506408,0.008999953829925498
226,1.5485174211813697,-0.986195261898098,-2.855461670858671,1.5435053240402514,-0.9815502530915156,-2.8495192322111245,0.005012097141118277,-0.0046450088065824735,-0.0059424386475464,0.009055926327278056
227,1.535608005048529,-0.9899932646760978,-2.887111548559186,1.530709905058507,-0.9851777815038595,-2.881124453092601,0.004898099990022109,-0.004815483172238344,-0.005987095466585046,0.009111837016780342
228,1.5225335823212909,-0.9933941925629776,-2.918621283148422,1.5177614163618436,-0.9884112519391305,-2.912584602987957,0.004772165959447294,-0.004982940623847076,-0.006036680160464769,0.009167593608196316
229,1.5092957037679249,-0.9963957684854372,-2.9499299968390917,1.5046611527883416,-0.9912493710522671,-2.9438388899030694,0.004634550979583318,-0.005146397433170136,-0.006091106936022328,0.009223125990061948
230,1.4958960643630121,-0.9989958954027621,-2.9809787874033296,1.49141042435344,-0.9936910036334646,-2.974828539761162,0.004485640009572078,-0.005304891769297493,-0.006150247642167539,0.009278382889244303
231,1.4823364976204754,-1.0011926723566498,-3.0117113616343545,1.4780105561189416,-0.9957351730622453,-3.0054974311418126,0.004325941501533759,-0.005457499294404422,-0.00621393049254193,0.009333327412517967
232,1.4686189671942378,-1.0029844093060103,-3.0420745950302095,1.4644628880605028,-0.9973810616980933,-3.0357926556293995,0.004156079133734947,-0.005603347607917031,-0.0062819394008100105,0.009387931658063226
233,1.4547455560797702,-1.0043696403051787,-3.072019005466039,1.450768774933639,-0.9986280112074989,-3.0656649915020315,0.003976781146131092,-0.0057416290976798345,-0.006354013964007255,0.00944217064209002
234,1.4407184538351212,-1.0053471346748615,-3.1014991327722825,1.4369295861382525,-0.9994755228272839,-3.095069282657533,0.003788867696868703,-0.0058716118475775625,-0.006429850114749502,0.00949601582828991
235,1.426539942297518,-1.0059159059197953,-3.130473820377723,1.4229467055816887,-0.9999232575641007,-3.1239647189303588,0.00359323671582934,-0.005992648355694574,-0.006509101447364163,0.009549428572593815
236,1.4122123802996918,-1.0060752182572181,3.124278907955384,1.4088215315403523,-0.9999710363300244,3.1308702891621083,0.003390848759339482,-0.0061041819271937525,-0.006591381206724201,0.009602353801092206
237,1.397738187915077,-1.0058245907283208,3.0964205294042135,1.3945554765198755,-0.9996188400141854,3.1030967943149705,0.003182711395201432,-0.006205750714135316,-0.006676264910757013,0.00965471423242249
238,1.383119830619001,-1.0051637989628854,3.069163862219094,1.3801499671138728,-0.9988668094904141,3.0759271557872387,0.0029698635051280675,-0.00629698947247137,-0.006763293568144757,0.009706405387393167
239,1.368359803898329,-1.0040928747472304,3.042531911986302,1.3656064438612794,-0.9977152455608932,3.0493838894183343,0.0027533600370495126,-0.006377629186337219,-0.006851977432032363,0.009757291645796105
240,1.3534606186547906,-1.0026121036186195,3.016543321007206,1.350926361102302,-0.9961646088358407,3.023485121228019,0.0025342575524887057,-0.00644749478277884,-0.0069418002208130325,0.009807203506708028
241,1.3384247876907973,-1.0007220207525247,2.9912125661604634,1.3361111868329818,-0.9942155195492712,2.998244789888664,0.002313600857815512,-0.0065065012032534675,-0.0070322237282005595,0.009855936150396394
242,1.3232548135021833,-0.998423405435784,2.9665502006665196,1.3211624025584014,-0.9918687573109126,2.9736728934044856,0.002092410943781875,-0.006554648124871387,-0.007122692737965952,0.009903249337364533
243,1.307953177528545,-0.9957172744279669,2.9425631283305442,1.3060815031445296,-0.9891252607943699,2.9497757684852686,0.0018716743840152539,-0.00659201363359696,-0.007212640154724337,0.009948868616423126
244,1.2925223309430796,-0.9926048745072099,2.9192548995986938,1.2908699966687416,-0.9859861273616705,2.9265563918596627,0.0016523342743379743,-0.00661874714553945,-0.007301492260968878,0.009992487756696379
245,1.2769646870028826,-0.9890876744784977,2.8966260198219693,1.2755294042690073,-0.9824526126243325,2.904014693833692,0.001435282733875276,-0.006635061854165181,-0.007388674011722607,0.01003377227099875
246,1.2612826149292662,-0.985167356895096,2.87467426136729,1.2600612599917844,-0.9785261299411385,2.8821478756489345,0.0012213549374817667,-0.006641226953957524,-0.007473614281644281,0.010072363861978
247,1.2454784352466528,-0.9808458097107955,2.853394972546291,1.2444671106386092,-0.974208249852809,2.8609507235309106,0.001011324608043651,-0.00663755985798653,-0.007555750984619802,0.010107885598520194
248,1.2295544164778804,-0.9761251180446446,2.832781377666361,1.2287485156114235,-0.9695006994538089,2.8404159136590224,0.0008059008664569323,-0.0066244185908357345,-0.007634535992661284,0.010139947618030715
249,1.2135127730727624,-0.9710075562033825,2.812824863782476,1.2129070467566294,-0.9644053617015306,2.820534303571183,0.0006057263161329818,-0.0066021945018519546,-0.007709439788706973,0.010168153149222254
250,1.1973556644343097,-0.9654955800716896,2.7935152508979253,1.1969442882079129,-0.9589242746631383,2.8012952066945758,0.00041137622639686455,-0.00657130540855122,-0.007779955796650473,0.010192104658505736
251,1.1810851949018863,-0.9595918199480522,2.7748410433994812,1.1808618362278254,-0.9530596307003675,2.7826866477405034,0.00022335867406098053,-0.006532189247684728,-0.007845604341022216,0.010211409938921896
252,1.164703414551226,-0.9532990738753383,2.7567896614040692,1.1646612990481637,-0.9468137755926088,2.764695597602315,4.2115503062323256e-05,-0.006485298282729479,-0.007905936198245644,0.010225687981857402
253,1.1482123206764114,-0.9466203014905948,2.7393476514369177,1.1483442967091446,-0.9401892075986283,2.747308187147715,-0.00013197603273318315,-0.0064310938919664995,-0.007960535710797245,0.010234574496449914
254,1.1316138598272478,-0.9395586183982239,2.722500876460996,1.1319124608974056,-0.9331885764572977,2.7305098999059307,-0.0002986010701577779,-0.006370041940926163,-0.008009023444934815,0.010237726967924729
255,1.1149099302859615,-0.9321172910544739,2.706234685745355,1.1153674347828333,-0.9258146823277321,2.71428574412675,-0.0004575044968717634,-0.006302608726741821,-0.00805105838139486,0.010234829172374518
256,1.0981023848789024,-0.9242997321388349,2.69053406541014,1.0987108728542532,-0.918070474669267,2.69862040504676,-0.0006084879753507355,-0.006229257469567928,-0.008086339636620199,0.010225595090609111
257,1.0811930340312566,-0.9161094963790772,2.6753837707345416,1.081944440753977,-0.9099590510617106,2.6834983784538204,-0.0007514067227205601,-0.006150445317366637,-0.008114607719278855,0.010209772186618407
258,1.064183648985093,-0.907550276790889,2.6607684414769417,1.0650698151112423,-0.9014836559663549,2.6689040868100813,-0.0008861661261492237,-0.006066620824534019,-0.008135645333139596,0.010187144036403934
259,1.0470759651129684,-0.8986259012898609,2.6466727015494715,1.0480886833745522,-0.8926476794282345,2.654821979292142,-0.0010127182615837782,-0.005978221861626332,-0.008149277742670602,0.010157532310131173
260,1.0298716852703667,-0.8893403296324476,2.633081244426106,1.0310027436429283,-0.8834546557201532,2.6412366171483908,-0.0011310583725616663,-0.005885673912294331,-0.008155372722284948,0.010120798124821645
261,1.0125724831402703,-0.8796976506429999,2.6199789056569376,1.0138137044961069,-0.8739082619290224,2.6281327457710297,-0.001241221355836597,-0.005789388713977495,-0.008153840114092148,0.010076842796327284
262,0.9951800065319806,-0.8697020796855979,2.6073507238222065,0.9965232848236771,-0.8640123164850744,2.615495354844479,-0.001343278291696559,-0.005689763200523501,-0.008144631022272364,0.010025608028241281
263,0.9776958806039626,-0.8593579563418602,2.5951819911973204,0.979133213653199,-0.8537707776345435,2.603309727872266,-0.0014373330492364333,-0.005587178707316731,-0.008127736674945485,0.00996707558209401
264,0.960121710987087,-0.8486697422589087,2.5834582953222047,0.9616452299772965,-0.8431877418564168,2.591561482308587,-0.001523518990209527,-0.0054820004024919156,-0.008103186986382127,0.009901266477715023
265,0.9424590867902414,-0.8376420191349899,2.572165552580901,0.9440610825797653,-0.8322674422239013,2.5802366014347324,-0.0016019957895239134,-0.005374576911088669,-0.008071048853831364,0.009828239775452791
266,0.9247095834750282,-0.8262794868137384,2.561290034805322,0.9263825298606904,-0.821014246711247,2.56932145902926,-0.0016729463856621773,-0.005265240102491409,-0.0080314242239381,0.009748090993165974
267,0.906874765587909,-0.814586961460044,2.5508183898241334,0.9086113396606129,-0.8094326564466194,2.558802837787985,-0.0017365740727038892,-0.005154305013424509,-0.007984447963851338,0.009660950210452914
268,0.8889561893401278,-0.8025693737927643,2.5407376567828646,0.8907492890837423,-0.7975273039117043,2.5486679423582137,-0.0017930997436145235,-0.00504206988105993,-0.007930285575349139,0.009566979914405213
269,0.8709554050498354,-0.7902317673669749,2.5310352769868443,0.8727981643202526,-0.7853029510887806,2.538904407763251,-0.0018427592704172158,-0.0049288162781943035,-0.00786913077640694,0.009466372632064336
270,0.8528739594352782,-0.7775792968841091,2.521699100924165,0.8547597604676596,-0.7727644875559871,2.5295003039093875,-0.0018858010323813401,-0.0048148093281219495,-0.007801202985222577,0.009359348397006402
271,0.8347133977718246,-0.7646172265257952,2.5127173920584376,0.836635881351318,-0.759916928531561,2.5204441367892327,-0.001922483579493317,-0.004700297994234215,-0.007726744730795154,0.009246152090620957
272,0.8164752658592872,-0.7513509282617681,2.504078827876923,0.8184283393440346,-0.7467654128678123,2.5117248469228364,-0.0019530734847473807,-0.004585515393955797,-0.007646019045913555,0.009127050712881007
273,0.7981611118721457,-0.7377858801710467,2.4957724986758554,0.800138955184839,-0.7333152009956565,2.503331805511806,-0.0019778433126933503,-0.004470679175390235,-0.007559306835950519,0.009002330603731568
274,0.7797724880543053,-0.7239276647407323,2.4877879044545623,0.7817695577969044,-0.7195716728205074,2.495254808721464,-0.001997069742599056,-0.004355991920224955,-0.007466904266901775,0.008872294657919432
275,0.761310952308071,-0.7097819671709581,2.480114950369194,0.7633219841046635,-0.7055403255703919,2.4874840704519436,-0.002011031796592455,-0.004241641600566171,-0.007369120082749703,0.008737259475862234
276,0.7427780696775029,-0.6953545736842962,2.472743941015312,0.7447980788501106,-0.6912267715971265,2.480010213910566,-0.002020009172607695,-0.004127802087169674,-0.007266272895254389,0.008597552495714705
277,0.7241754133343756,-0.6806513695280425,2.4656655726757113,0.7261996944083366,-0.6766367361314569,2.4728242622546763,-0.0020242810739610206,-0.004014633396585587,-0.0071586895789650384,0.008453510020302793
278,0.7055045659340172,-0.6656783373019496,2.458870926153896,0.7075286906022854,-0.6617760549930369,2.4659176285357978,-0.002024124668268179,-0.0039022823089126524,-0.007046702381901859,0.008305474239936318
279,0.6867671206390322,-0.6504415551104576,2.452351458453192,0.68878693451678,-0.6466506722561834,2.4592821051422575,-0.002019813877747745,-0.0037908828542742024,-0.006930646689065512,0.00815379080208876
280,0.6679646820151613,-0.6349471946719462,2.446098994002296,0.6699763003118093,-0.631266637872321,2.452909852907744,-0.0020116182966479768,-0.003680556799625201,-0.0068108589054478585,0.007998806508260755
281,0.6490988668222722,-0.6192015193985103,2.44010571556292,0.65109866903512,-0.6156301052500863,2.446793390027349,-0.00199980221284779,-0.0035714141484239903,-0.006687674464429083,0.007840867149254015
282,0.6301713046893986,-0.6032108824326952,2.434364154927735,0.6321559284341076,-0.5997473287940437,2.440925580900035,-0.00198462374470898,-0.003463553638651473,-0.006561425972300139,0.007680315488692725
283,0.6111836386845305,-0.5869817246451496,2.428867183504212,0.6131499727670459,-0.5836246614030073,2.435299624996844,-0.001966334082515342,-0.003357063242142355,-0.006432441492632002,0.007517489400853093
284,0.5921375257810843,-0.5705205725901914,2.42360800286133,0.5940827026136648,-0.5672685519289687,2.4299090458371793,-0.001945176832580553,-0.0032520206612226543,-0.006301042975849214,0.007352720168381621
285,0.573034637227437,-0.5538340364200037,2.418580135305438,0.5749560246850888,-0.5506855425976376,2.4247476801408347,-0.001921387457651802,-0.0031484938223661496,-0.006167544835396832,0.007186330942040562
286,0.5538766588243865,-0.53692880775703,2.4137774145397843,0.5557718516331736,-0.5338822663916443,2.419809667210888,-0.0018951928087870273,-0.0030465413653857354,-0.006032252671103855,0.007018635363197324
287,0.5346652911167975,-0.5198116575254188,2.4091939764559887,0.5365321018592358,-0.5168654443974288,2.4150894385917674,-0.0018668107424383296,-0.0029462131279900383,-0.0058954621357787396,0.006849936345545469
288,0.5154022495031164,-0.5024894337402801,2.404824250090421,0.5172386993222217,-0.4996418831169025,2.410581708037644,-0.0018364498191052459,-0.002847550623377604,-0.005757457947223266,0.00668052501715503
289,0.4960892642655088,-0.4849690592524884,2.400662948768588,0.49789357334630513,-0.48221847174493154,2.4062814618184905,-0.001804309080796318,-0.0027505875075568564,-0.005618513049902241,0.006510679825309618
290,0.4767280805325348,-0.4672575294548213,2.39670506147956,0.47849865842796485,-0.4646021794137574,2.402183949384547,-0.0017705778954300588,-0.0026553500410638753,-0.005478887904986962,0.006340665785213402
291,0.45732045817621464,-0.44936190994696756,2.3929458444947325,0.4590558940425284,-0.44680005240543,2.398284674404404,-0.0017354358663137504,-0.0025618575415375378,-0.005338829909671716,0.006170733871560677
292,0.4378681716468931,-0.4312893341580996,2.3893808132436645,0.4395672244502339,-0.42881921133339584,2.394579386187274,-0.0016990528033407615,-0.0024701228247037688,-0.005198572943609481,0.006001120549338362
293,0.41837300975276664,-0.4130470009288399,2.386005734463339,0.4200345985017983,-0.41066684829434086,2.3910640714961615,-0.0016615887490316616,-0.002380152634499033,-0.005058337032822546,0.005832047433967362
294,0.3988367753881045,-0.3946421720521248,2.3828166186309354,0.40045996944354106,-0.39235022399145386,2.387734946755494,-0.0016231940554365387,-0.0022919480606709564,-0.004918328124558613,0.005663721073220513
295,0.37926128522139607,-0.37608216977940295,2.3798097126880924,0.3808452947220541,-0.373876664830236,2.3845884506541766,-0.0015840095006580124,-0.0022055049491669365,-0.00477873796608419,0.005496332843584817
296,0.359648369347052,-0.3573743742917864,2.376981493061251,0.36119253578846583,-0.35525355998804264,2.381621237142953,-0.0015441664414138079,-0.0021208143037437788,-0.004639744081701647,0.005330058954030269
297,0.3399998708656788,-0.3385262210987955,2.374328658994701,0.34150365790229065,-0.3364883584585042,2.3788301688233062,-0.0015037870366118589,-0.002037862640291266,-0.004501509828605421,0.005165060534902565
298,0.3203176455016435,-0.31954519846513957,2.371848126177593,0.3217806299349115,-0.31758856607203484,2.3762123107238504,-0.001462984433268033,-0.001956632393104729,-0.004364184546257199,0.005001483832576237
299,0.30060356112635744,-0.300438844736229,2.369537020697632,0.3020254241726877,-0.2985617424935936,2.373764924459197,-0.0014218630463302406,-0.0018771022426354311,-0.004227903761565344,0.0048394604625810154
300,0.2808594972917392,-0.2812147456596048,2.3673926732967026,0.2822400161197344,-0.27941549819892586,2.371485462765573,-0.0013805188279952252,-0.0017992474606789433,-0.0040927894688702615,0.004679107745682316
301,0.26108734475302725,-0.2618805316795989,2.3654126139430502,0.2624263843003676,-0.260157491430468,2.3693715644070066,-0.001339039547340326,-0.0017230402491308916,-0.003958950463956334,0.004520529104598985
302,0.24128900497462438,-0.2424438751966847,2.363594566724194,0.2425865100612595,-0.2407954251341592,2.3674210494456176,-0.00129750508663512,-0.0016484500625255083,-0.0038264827214233854,0.004363814509787977
303,0.2214663895574591,-0.22291248772871422,2.3619364450435056,0.22272237737329917,-0.22133704387835867,2.365631914869418,-0.0012559878158400761,-0.0015754438503555457,-0.003695469825912401,0.0042090409778702395
304,0.20162141973609707,-0.20329411711673068,2.3604363471377687,0.20283597263320371,-0.2017901307561289,2.364002330571082,-0.0012145528971066466,-0.0015039863606017834,-0.003565983433313047,0.004056273112033933
305,0.18175602585609402,-0.18359654468670927,2.3590925519156274,0.1829292844648735,-0.182162504272095,2.3625306356712543,-0.0011732586087794816,-0.0014340404146142849,-0.0034380837556269306,0.003905563670525428
306,0.16187214681385392,-0.16382758234801417,2.357903515100343,0.16300430352053824,-0.16246201521515416,2.3612153351802236,-0.0011321567066843174,-0.0013655671328600127,-0.003311820079880512,0.00375695417117877
307,0.14197172953358658,-0.1439950697007719,2.3568678657000848,0.14306302228168652,-0.14269654351825772,2.360055096992098,-0.0010912927480999368,-0.0012985261825141647,-0.0031872312920131485,0.003610475511275229
308,0.12205672841598637,-0.12410687108705148,2.355984402784347,0.1231074348598263,-0.12287399510655006,2.3590487492060004,-0.0010507064438399216,-0.0012328759805014244,-0.003064346421653319,0.0034661486128444614
309,0.10212910481344972,-0.10417087263936167,2.3552520925821043,0.10313953679706928,-0.10300229873509785,2.3581952777692634,-0.001010431983619553,-0.0011685739042638227,-0.002943185187159081,0.0033239850795634407
310,0.08219082650096257,-0.08419497929575562,2.354670065891885,0.08316132486658098,-0.0830894028174964,2.3574938244380585,-0.0009704983656184107,-0.001105576478259221,-0.0028237585461736714,0.0031839878696434936
311,0.06224386715718769,-0.06418711179583866,2.3542376158072953,0.06317479687290779,-0.06314327224661277,2.356943685051464,-0.0009309297157201052,-0.0010438395492258917,-0.0027060692441684964,0.0030461519814962428
312,0.042290205855121304,-0.04415520365728391,2.3539541957572685,0.04318195145219192,-0.04317188520872868,2.3565443081154838,-0.0008917455970706145,-0.0009833184485552315,-0.0025901123582152685,0.00291046515343224
313,0.022331826562964376,-0.024107198133914914,2.3538194178610232,0.02318478787231655,-0.02318322999237945,2.356295293694157,-0.0008529613093521751,-0.0009239681415354646,-0.0024758758331335784,0.002776908580223549
314,0.00237071765392647,-0.004051045154677305,2.3538330515971815,0.0031853058329736565,-0.0031853017931379904,2.356196392605459,-0.0008145881790471866,-0.000865743361539315,-0.0023633410082775086,0.0026454576524486185
315,-0.0175911285781366,0.016005301758846145,2.3539950227858317,-0.016814494734297237,0.016813900484349713,2.3562475059203347,-0.0007766338438393618,-0.0008085987255035676,-0.0022524831345029916,0.00251608272866834
316,-0.03755171638784613,0.03605388858603409,2.354305412888044,-0.03681261386610762,0.03680637742582691,2.3564486847638113,-0.0007391025217385119,-0.0007524888397928212,-0.0021432718757674607,0.0023887499503105684
317,-0.05750904703711341,0.056086763915673715,2.3547644586220153,-0.05680705176720758,0.05678413230707805,2.3568001304177795,-0.0007019952699058307,-0.0006973683914043363,-0.002035671795764138,0.0022634221197933057
318,-0.0774611387749139,0.07609600165517343,2.3553724768744506,-0.07679580901047076,0.07673917429251892,2.3573021947256567,-0.00066532976444314,-0.0006431726373454932,-0.001929717851206103,0.0021401275013763596
319,-0.09740596430523366,0.09607364399315564,2.356130098024757,-0.0967768867368283,0.09666352163141724,2.357955380799775,-0.0006290775684053562,-0.0005898776382615989,-0.0018252827750178113,0.002018749965688817
320,-0.11734151969224542,0.11601176693274812,2.3570380276348675,-0.11674828685516017,0.11654920485049365,2.358760344032969,-0.0005932328370852474,-0.0005374379177455341,-0.0017223163981014977,0.0018992468216627832
321,-0.13726579874347103,0.135902460555784,2.358097124822996,-0.13670801224209556,0.13638826994159764,2.359717893416455,-0.0005577865013754735,-0.00048580938581363475,-0.0016207685934590543,0.0017815800217796992
322,-0.15717679467280843,0.15573783357586346,2.3593084072577164,-0.1566540669417306,0.1561727815432119,2.3608289931666846,-0.0005227277310778378,-0.00043494796734844243,-0.0015205859089681972,0.0016657147179787314
323,-0.1770725000848424,0.17551001607553587,2.360673052452531,-0.1765844563652152,0.175894826114484,2.3620947646644646,-0.0004880437196272125,-0.0003848100389481357,-0.0014217122119335457,0.0015516220712221795
324,-0.19695090736655485,0.19521116267581928,2.362192399683766,-0.19649718749021736,0.19554651510054424,2.363516488710183,-0.0004537198763374939,-0.00033535242472496063,-0.00132408902641723,0.0014392827119197775
325,-0.21681000905407005,0.21483345569157816,2.363867952239564,-0.21639026906021674,0.21511998808781552,2.365095608099521,-0.0004197399938533075,-0.0002865323962373545,-0.0012276558599570997,0.0013286916071912627
326,-0.2366477981885335,0.23436910828511354,2.3657013798792734,-0.23626171178363561,0.23460741594808077,2.366833730524539,-0.00038608640489787294,-0.00023830766296722983,-0.0011323506452654009,0.0012198652540788416
327,-0.2564688360958823,0.25381681135631434,2.367727813106868,-0.25610952853275937,0.2540010039700232,2.3687326318054684,-0.00035930756312291257,-0.00018419261370883344,-0.0010048186986004737,0.0010829078727755963
328,-0.2762647869133762,0.2731613225695453,2.36990427844966,-0.27593173454245457,0.2732929949770132,2.3707942594589726,-0.0003330523709216271,-0.00013167240746791986,-0.0008899810093128124,0.0009593371157222925
329,-0.29603352902179814,0.29239531198318824,2.3722351212452923,-0.29572634760863703,0.29247567242986966,2.373020736608938,-0.00030718141316110614,-8.036044668141562e-05,-0.0007856153636458529,0.0008473545430213356
330,-0.31577296351279827,0.3115114255027289,2.3747245090676343,-0.3154913882864973,0.3115413635133787,2.3754143662461753,-0.00028157522630095633,-2.9938010649765978e-05,-0.0006898571785409757,0.0007457102784142217
331,-0.3354810124631282,0.3305023005752596,2.3773764939507127,-0.33522488008843665,0.3304824422053109,2.3779776358435334,-0.00025613237469157557,1.985836994866652e-05,-0.000601141892820678,0.0006537352090305304
332,-0.35515561723055,0.349360579561592,2.380195065792522,-0.35492484968172117,0.34929133232673576,2.3807132223330263,-0.00023076754882883632,6.924723485624007e-05,-0.0005181565405041333,0.0005714324470966942
333,-0.3747947368347466,0.3680789212124685,2.383184198402189,-0.37458932708580633,0.3679605105723846,2.3836239974514886,-0.0002054097489402884,0.00011841064008388802,-0.00043979904929969393,0.0004996373168706506
334,-0.39439634646258276,0.38665001059473725,2.386347889423614,-0.3942163458693397,0.38648250951987934,2.3867130334610547,-0.00018000059324307927,0.000167501074857912,-0.0003651440374405901,0.0004402124393117843
335,-0.41395843611983096,0.4050665677481804,2.389690195174303,-0.4138039433467995,0.4048499206165983,2.389983609250355,-0.00015449277303147824,0.0002166471315820928,-0.0002934140760522119,0.0003961007656736827
336,-0.4334790094393039,0.4233213553009285,2.3932152612739386,-0.43335016077475924,0.42305539714299684,2.3934392168216947,-0.00012884866454465627,0.0002659581579316783,-0.00022395554775611615,0.00037079887742021947
337,-0.4529560826469543,0.4414071852286715,2.3969273497986094,-0.4528530435477663,0.44109165715120235,2.3970835681686076,-0.00010303909918801812,0.00031552807746915157,-0.000156218369998129,0.00036685038197844296
338,-0.4723876836819313,0.4593169249082363,2.4008308635793747,-0.472310641393794,0.4589514863776903,2.400920602546995,-7.704228813731895e-05,0.00036543853054599174,-8.97389676204341e-05,0.000384101439828893
339,-0.491771851463056,0.477043502587986,2.404930368164613,-0.49172100856927403,0.47662774112889944,2.404954494141537,-5.084289378198825e-05,0.00041576145908656104,-2.412597692424967e-05,0.00041955292094378527
340,-0.511106635292155,0.4945799123746633,2.409230611881378,-0.5110822040536624,0.49411335113860816,2.409189660127124,-2.4431238492605978e-05,0.0004665612360551519,4.095175425389286e-05,0.00046899181078145167
341,-0.5303900943837093,0.5119192188177207,2.413736544359303,-0.5303922917435467,0.5114013223959523,2.4136307691226384,2.1973598374191994e-06,0.0005178964217684712,0.00010577523666466249,0.0005285924070229411
342,-0.5496202975100489,0.5290545611570637,2.418453333819336,-0.549649340646248,0.5284847399429308,2.4182827500314454,2.9043136199113917e-05,0.0005698212141329595,0.00017058378789069906,0.0005955153638046456
343,-0.5687953227515827,0.5459791572877933,2.423386383376883,-0.5688514250729251,0.5453567706403021,2.42315080125933,5.610232134234394e-05,0.0006223866474912576,0.00023558211755281278,0.0006678409567749449
344,-0.5879132573421494,0.5626863074854724,2.428541346563283,-0.5879966248311352,0.5620106659007431,2.4282404002962408,8.336748898585267e-05,0.0006756415847293251,0.0003009462670422458,0.0007443187118983525
345,-0.6069721976003575,0.5791693979271938,2.4339241422295403,-0.6070830254168587,0.5784397643882002,2.433557313642975,0.00011082781650118001,0.0007296335389935793,0.00036682858656522654,0.0008241426563745843
346,-0.6259702489386852,0.5954219040369815,2.43954096896075,-0.6261087182059404,0.5946374946823286,2.439107607057674,0.00013846926725513686,0.0007844093546528486,0.00043336190307607936,0.0009067934233764569
347,-0.6449055259430376,0.6114373936784997,2.445398319097646,-0.645071800644958,0.6105973779069791,2.4448976560896263,0.00016627470192032145,0.0008400157715205969,0.0005006630080197638,0.0009919360969847975
348,-0.6637761525163998,0.6272095302134718,2.451502992432259,-0.6639703764414682,0.6263130303216559,2.4509341568591303,0.00019422392506840414,0.0008964998918159495,0.0005688355731288119,0.0010793557793201322
349,-0.6825802620811159,0.6427320754404179,2.4578621096169897,-0.6828025557536419,0.6417781658749337,2.4572241370319414,0.0002222936725260194,0.0009539095654841345,0.0006379725850482743,0.0011689170010058083
350,-0.7013159978351775,0.6579988924251708,2.464483125299735,-0.7015664553792397,0.6569865987187891,2.463774966924827,0.0002504575440621659,0.0010122937063817838,0.0007081583749082299,0.0012605379063362141
351,-0.7199815130586735,0.6730039482319876,2.471373840971395,-0.7202601989439371,0.671932245682862,2.4705943706648235,0.0002786858852635854,0.001071702549125586,0.0007794703065715503,0.0013541735986475935
352,-0.7385749714672677,0.6877413165618453,2.4785424174854334,-0.7388819170889542,0.6866091287076386,2.477690437308543,0.0003069456216865385,0.0011321878542067676,0.0008519801768902546,0.0014498052192276761
353,-0.7570945476101877,0.7022051803026108,2.485997387181664,-0.7574297476579961,0.7010113772355988,2.4850716318091606,0.00033520004780840384,0.0011938030670120003,0.0009257553725032786,0.0015474326623723242
354,-0.7755384273107592,0.7163898339941299,2.493747665517378,-0.7759018358834606,0.715133230559358,2.4927468056970676,0.0003634085727014513,0.0012566034347719635,0.0010008598203103958,0.001647069629039817
355,-0.7939048081479716,0.7302896862098479,2.501802562077862,-0.7942963345719204,0.7289690401258765,2.5007252073153747,0.0003915264239487959,0.0013206460839714218,0.0010773547624873814,0.001748740204837021
356,-0.8121918999779413,0.7438992618552894,2.5101717908046286,-0.8126114042888336,0.7425132717958018,2.509016491422985,0.00041950431089232687,0.0013859900594875851,0.0011552993816437152,0.0018524764433271467
357,-0.8303979254944123,0.7572132043825642,2.5188654792428125,-0.8308452135424925,0.7557605080570542,2.5176307279456003,0.00044728804808025213,0.001452696325510039,0.0012347512972121777,0.0019583166184437505
358,-0.8485211208276293,0.7702262779189915,2.5278941765685876,-0.8489959389671652,0.7687054501917557,2.5265784096181902,0.0004748181395358708,0.0015208277272357185,0.001315766950397368,0.0020663039247214472
359,-0.8665597361809967,0.7829333693069177,2.5372688601126625,-0.8670617655054355,0.78134292039565,2.5358704582208973,0.0005020293244387686,0.0015904489112676945,0.0013984018917652108,0.0021764854772870785
360,-0.8845120365049147,0.7953294900508316,2.547000940046351,-0.8850408865897049,0.7936678638491532,2.545518229063543,0.0005288500847902,0.0016616262016784233,0.0014827109828079443,0.002288911510920893
361,-0.9023763022070358,0.8074097781669274,2.5571022618420627,-0.9029315043228463,0.8056753507392133,2.5555335133215724,0.0005552021158105047,0.0017344274277141247,0.0015687485204902707,0.002403634708508743
362,-0.9201508298978981,0.8191694999293334,2.5675851060598056,-0.9207318296579966,0.8173605782311729,2.565928537768054,0.0005809997600985106,0.0018089216981604928,0.0016565682917515367,0.0025207096097224235
363,-0.9378339331704579,0.8306040515062935,2.5784621849453018,-0.9384400825774543,0.8287188723898353,2.5767159613820527,0.0006061494069963258,0.0018851791164581355,0.0017462235632490497,0.0026401920645244886
364,-0.9554239434114266,0.8417089604786624,2.5897466352533685,-0.9560544922706857,0.83974569004898,2.5879088682432516,0.0006305488592591724,0.001963270429682362,0.001837767010116842,0.0027621387053245548
365,-0.9729192106415111,0.8524798872321684,2.6014520066324596,-0.9735732973113987,0.8504366206285644,2.5995207560461813,0.0006540866698876435,0.002043266603603988,0.0019312505862782992,0.0028866064179462287
366,-0.9903181043806193,0.8629126262139974,2.613592244823027,-0.9909947458336898,0.8607873878989016,2.6115655194852865,0.0006766414530705589,0.002125238315095812,0.002026725337740398,0.0030136517958456403
367,-1.0076190145328046,0.8730031070434074,2.6261816688343695,-1.008317095707223,0.870793851691091,2.6240574276749693,0.0006980811744183857,0.0022092553523164193,0.002124241159400242,0.0031433305650386476
368,-1.0248203522841495,0.8827473954652902,2.6392349411731,-1.0255386147114476,0.8804520095530344,2.637011094678,0.0007182624272981109,0.002295385912255865,0.0022238464951001014,0.00327569696926011
369,-1.0419205510048994,0.8921416941349241,2.6527670301030004,-1.042657580708813,0.8897579983503596,2.650441442122924,0.0007370297039135387,0.0023836957845644324,0.0023255879800765378,0.0034108031064366048
370,-1.0589180671449148,0.901182343221631,2.666793162823449,-1.0596722818169868,0.8987080958116269,2.664363652799013,0.00075421467207204,0.0024742474100041267,0.0024295100244362544,0.0035486982086840118
371,-1.075811381108898,0.9098658208187536,2.681328768365091,-1.0765810165800351,0.9072987220171839,2.678793114029098,0.0007696354711370645,0.0025670988015696894,0.0025356543359928985,0.0036894278590443386
372,-1.092598998094833,0.9181887431473573,2.6963894089215525,-1.0933820941385743,0.9155264408310896,2.693745349540943,0.0007830960437413825,0.0026623023162677395,0.0026440593806094093,0.003833033139057969
373,-1.1092794488756454,0.9261478645414665,2.711990698270446,-1.1100738343988477,0.9233879612755189,2.709235938492216,0.0007943855232022123,0.0027599032659475498,0.0027547597782300315,0.003979549702242098
374,-1.1258512905002571,0.9337400772035419,2.7281482058928375,-1.12665456820074,0.9308801388471135,2.7252804202598746,0.0008032777004829406,0.002859938356428393,0.0028677856329628604,0.0041290067695865665
375,-1.1423131068859829,0.9409624107204784,2.744877345386538,-1.1431226374846875,0.9379999767747388,2.7418941835904724,0.0008095305987045887,0.0029624339457395843,0.0029831617960653922,0.004281426044510556
376,-1.158663509269657,0.9478120313327577,2.7621932457954212,-1.1594763954574863,0.9447446272181542,2.7590923387340904,0.0008128861878291538,0.003067404114603489,0.0031009070613308154,0.004436820546253944
377,-1.1749011364800919,0.9542862409527368,2.78011060455668,-1.1757142067569655,0.9511113924071088,2.776889571263257,0.0008130702768736064,0.003174848545627995,0.003221033293423048,0.004595193362650939
378,-1.1910246549895587,0.9603824759325411,2.798643520914279,-1.1918344476155285,0.9570977257204172,2.7952999764232915,0.0008097926259698074,0.0032847502121239325,0.0033435444909875045,0.004756536325556253
379,-1.2070327586972043,0.9660983055878659,2.8178053088750183,-1.2078355060225212,0.9627012327045702,2.814336873086924,0.0008027473253169326,0.0033970728832957153,0.003468435788094304,0.004920828615066766
380,-1.22292416839288,0.9714314304913231,2.8376082891095544,-1.2237157818854385,0.9679196720314864,2.834012596709942,0.0007916134925585183,0.0035117584598366447,0.003595692399612549,0.005088035302006698
381,-1.238697630846169,0.9763796805579573,2.858063559640501,-1.2394736871899266,0.9727509563950139,2.8543382711218332,0.0007760563437575474,0.003628724162943464,0.003725288518667824,0.005258105842100783
382,-1.2543519174628603,0.9809410129562804,2.879180745728164,-1.2551076461585875,0.9771931533458231,2.875323559550972,0.0007557286957271536,0.003747859610457316,0.0038571861771918847,0.005430972539680427
383,-1.2698858224502718,0.9851135098906435,2.9009677300736714,-1.2706160954085512,0.9812444860643621,2.896976395989684,0.0007302729582794321,0.0038690238262814036,0.003991334083987219,0.005606549003792394
384,-1.2852981604342764,0.9888953763148749,2.9234303653164666,-1.2859974841078177,0.9849033340715609,2.9193026988581225,0.0006993236735413078,0.0039920422433139535,0.004127666458344059,0.005784728624932807
385,-1.3005877634753158,0.9922849376525937,2.9465721718082563,-1.3012502741303347,0.9881682338770005,2.9423060699269263,0.0006625106550188775,0.004116703775593256,0.00426610188132992,0.005965383106380008
386,-1.3157534774387902,0.9952806376160017,2.9703940247882836,-1.3163729402098099,0.9910378795642899,2.9659874825973085,0.0006194627710196521,0.004242758051711815,0.004406542190975138,0.006148361089826194
387,-1.3307941576876874,0.9978810362315602,2.9948938363418365,-1.3313639700922384,0.993511123313416,2.990344964890073,0.0005698124045510067,0.004369912918144259,0.004548871451763414,0.006333486920584305
388,-1.3457086640827585,1.0000848081968237,3.0200662388557933,-1.3462218646871233,0.9955869758598548,3.01537328382298,0.0005132006043648829,0.004497832336968877,0.004692955032813195,0.006520559602657588
389,-1.360495855298378,1.0018907417065792,3.045902278034119,-1.360945138217388,0.9972646068902659,3.0410636392016177,0.00044928291901014106,0.004626134816313354,0.004838638832501463,0.006709351997876694
390,-1.375154582490578,1.0032977378968506,3.0723891248255497,-1.3755323183679475,0.998543345374605,3.067403376135589,0.00037773587736955605,0.004754392522245632,0.004985748689960712,0.006899610325814225
391,-1.389683682387353,1.0043048110605592,3.0995098167495287,-1.389981946432944,0.9994226798345278,3.0943757267243446,0.00029826404559085695,0.004882131226031428,0.005134090025184168,0.007091054021496306
392,-1.4040819699093958,1.0049110897868907,3.1272430399733984,-1.4042925774616108,0.9999022585479752,3.1219595922240613,0.00021060755221502525,0.00500883123891549,0.005283447749337089,0.007283376005738056
393,-1.4183482304705313,1.005115819165925,-3.1276223432067596,-1.4184627804027723,0.9999818896898556,-3.1330559296913743,0.00011454993224102594,0.005133929476069499,0.005433586484614672,0.0074762434175205195
394,-1.4324812121491943,1.0049183641793342,-3.0987461666025466,-1.432491138247941,0.9996615414087742,-3.1043304177311337,9.926098746726453e-06,0.0052568227705600545,0.00558425112858707,0.007669298849024008
395,-1.4464796179625712,1.0043182143658873,-3.069348828628692,-1.4463762481730242,0.9989413418397719,-3.0750839964195906,-0.00010336978954694764,0.005376872526115406,0.005735167790898554,0.007862162111356255
396,-1.4603420985102138,1.0033149898068394,-3.039470003665609,-1.460116721678599,0.9978215790530742,-3.045356048786323,-0.00022537683161472088,0.005493410753765193,0.005886045120714112,0.00805443254294765
397,-1.4740672452803316,1.001908448421687,-3.009153796278235,-1.4737111847287665,0.9963027009388654,-3.0151903723094278,-0.0003560605515651183,0.005605747482821499,0.006036576031192897,0.00824569185319904
398,-1.4876535849258798,1.0000984945011087,-2.978448490333461,-1.4871582778885493,0.9943853150281404,-2.9846349301467145,-0.0004953070373305835,0.005713179472968233,0.006186439813253397,0.008435507472261614
399,-1.5010995748156026,0.9978851883342755,-2.9474061987872666,-1.5004566564598378,0.992070188249698,-2.953741503402485,-0.0006429183557647988,0.005815000084577582,0.006335304615218362,0.008623436354692001
400,-1.5144036001448458,0.9952687567163679,-2.91608241669926,-1.5136049906158564,0.9893582466233818,-2.9225652469480483,-0.000798609528989358,0.005910510092986154,0.006482830248788485,0.008809029161814074
401,-1.527563972850931,0.9922496040542974,-2.8845354842730897,-1.5266019655341467,0.9862505748896836,-2.891164155538977,-0.0009620073167841969,0.005999029164613812,0.006628671265887398,0.008991834726385636
402,-1.5405789325185941,0.988828323729995,-2.852825970963034,-1.5394462815280487,0.9827484160758617,-2.859598451199729,-0.0011326509905453808,0.006079907654133243,0.006772480236695078,0.009171404685521016
403,-1.5534466493846921,0.985005709336831,-2.8210159956258507,-1.5521366541766646,0.9788531709987472,-2.827929906773413,-0.0013099952080275479,0.006152538338083713,0.006913911147562235,0.009347298155244134
404,-1.5661652294622153,0.980782765380671,-2.7891685010275555,-1.5646718144533056,0.9745663977044351,-2.7962211238571486,-0.0014934150089096487,0.006216367676235901,0.007052622829593069,0.009519086313900325
405,-1.5787327217073912,0.9761607170362608,-2.7573465034645084,-1.57705050885239,0.9698898108450863,-2.7645347857899107,-0.0016822128550011417,0.006270906191174541,0.007188282325402362,0.009686356762877065
406,-1.5911471270571855,0.9711410185736575,-2.7256123396187593,-1.5892714995147947,0.964825280993091,-2.732932907721797,-0.0018756275423907898,0.006315737580566583,0.007320568103037939,0.009848717541668684
407,-1.6034064090751272,0.9657253601176105,-2.6940269329205546,-1.6013335643516353,0.9593748338928642,-2.7014761059532435,-0.0020728447234918956,0.0063505262247463,0.007449173032688883,0.010005800690091621
408,-1.6155085058679812,0.9599156724721998,-2.6626491006227666,-1.613235497166481,0.9535406496505743,-2.6702229076755954,-0.0022730087015001565,0.006375022821625498,0.00757380705282884,0.010157265272051392
409,-1.6274513428801292,0.9537141298286533,-2.631534920595661,-1.6249761077759686,0.9473250618621301,-2.639229120063048,-0.002475235104160589,0.006389067966523276,0.007694199467387364,0.010302799801299972
410,-1.639232846140478,0.9471231502696267,-2.600737173713838,-1.6365542221288205,0.940730556679773,-2.608547274546721,-0.0026786240116574156,0.006392593589853668,0.007810100832883027,0.010442124037793557
411,-1.6508509555300217,0.9401453940810833,-2.570304873889741,-1.6479686824232516,0.9337597718176508,-2.578226158302969,-0.002882273106770139,0.006385622263432533,0.007921284413227703,0.01057499015169753
412,-1.662303637656197,0.9327837599760731,-2.5402828936101303,-1.6592183472227418,0.926415495496766,-2.54831044080868,-0.00308529043345529,0.006368264479307051,0.008027547198549811,0.010701183278596791
413,-1.6735888979601428,0.9250413794167947,-2.510711688561089,-1.670302091570187,0.9187006653297247,-2.518840399062686,-0.003286806389955821,0.006340714087069932,0.008128710501596803,0.010820521512283576
414,-1.6847047917404765,0.9169216092873845,-2.481627120867255,-1.681218807100389,0.9106183671457304,-2.4898517410274974,-0.003485984640087425,0.0063032421416541196,0.008224620160242502,0.01093285539955218
415,-1.6956494338467183,0.9084280232167556,-2.4530603768572714,-1.691967402150893,0.9021718337562933,-2.4613755232435177,-0.003682031695825261,0.006256189460462358,0.008315146386246308,0.01103806701370159
416,-1.7064210068711367,0.8995644018772888,-2.4250379722704447,-1.702546801871149,0.893364443662152,-2.4334381555791036,-0.003874204999987807,0.006199958215136858,0.008400183308658882,0.011136068690091885
417,-1.7170177677438763,0.8903347225918459,-2.3975818355386127,-1.7129559483300023,0.8841997197019128,-2.4060614838033527,-0.004061819413873957,0.006135002889933072,0.008479648264740014,0.011226801508182055
418,-1.7274380527078363,0.8807431485705104,-2.370709458243068,-1.723193800621481,0.8746813276429652,-2.3792629391356055,-0.00424425208635526,0.006061820927545147,0.00855348089253738,0.01131023360099858
419,-1.7376802807130503,0.8707940180728365,-2.344434101030239,-1.7332593349688885,0.8648130747152218,-2.353055743107651,-0.004420945744161742,0.0059809433576146764,0.008621642077411895,0.01138635836564159
420,-1.7477429553226884,0.8604918337549406,-2.3187650430974065,-1.7431515448271764,0.8545989080882805,-2.327449155898217,-0.004591410495512038,0.005892925666660109,0.008684112800810606,0.011455192638636952
421,-1.757624665262942,0.8498412524174389,-2.293707863726172,-1.7528694409836028,0.8440429132926041,-2.3024487566599667,-0.004755224279339165,0.00579833912483485,0.008740892933794875,0.011516774888547247
422,-1.767324083776726,0.8388470753237003,-2.2692647451266548,-1.7624120516566506,0.833149312585366,-2.278056745137869,-0.004912032120075294,0.005697762738334333,0.008792000011214274,0.011571163466488335
423,-1.7768399669570747,0.8275142392113806,-2.2454347869371145,-1.7717784225932054,0.8219224632616022,-2.2542722549523493,-0.005061544363869297,0.005591775949778333,0.008837468015234773,0.0116184349436675
424,-1.7861711512416507,0.8158478080762845,-2.2222143239870333,-1.780967617163977,0.8103668559113548,-2.2310916701770687,-0.0052035340776737105,0.00548095216492972,0.008877346190035329,0.011658682554624007
425,-1.795316550246698,0.8038529657681425,-2.19959724027661,-1.789978716457167,0.7984871126234903,-2.208508938179551,-0.005337833789530899,0.005365853144652211,0.008911697902941107,0.011692014755717543
426,-1.8042751511089796,0.7915350094040458,-2.1775752734700062,-1.7988108193703554,0.7862879851369292,-2.186515873031657,-0.005464331738624262,0.00524702426711654,0.008940599561650941,0.011718553901025473
427,-1.8130460104896402,0.7788993435776425,-2.156138305481226,-1.8074630427006113,0.7737743529400123,-2.165102445073569,-0.005582967789028892,0.005124990637630167,0.008964139592343212,0.011738435031985572
428,-1.821628250376288,0.7659514753207735,-2.1352746359063066,-1.8159345212328108,0.7609512213187744,-2.144257053386,-0.0056937291434771,0.005000254001999105,0.008982417479693527,0.011751804773024965
429,-1.8300210538004242,0.7526970097587402,-2.114971236096548,-1.8242244078261607,0.7478237193548899,-2.123966778963472,-0.005796645974263548,0.004873290403850317,0.008995542866924389,0.011758820322714334
430,-1.8382236605678703,0.7391416463902172,-2.0952139825615608,-1.8323318734989098,0.7343970978741133,-2.104217617273643,-0.005891787068960541,0.004744548516103841,0.00900363471208232,0.011759648528601842
431,-1.846235363081022,0.7252911759172516,-2.0759878691357914,-1.840256107511248,0.7206767273460168,-2.084994689631238,-0.005979255569773967,0.004614448571234719,0.009006820495446544,0.011754465033443209
432,-1.8540555023142584,0.7111514775489889,-2.0572771979435736,-1.8479963174463758,0.7066680957358779,-2.0662824334160166,-0.006059184867882594,0.0044833818131110315,0.00900523547244303,0.011743453480959442
433,-1.8616834639880795,0.6967285167039594,-2.039065749666945,-1.855551729289751,0.6923768063095604,-2.048064771633234,-0.006131734698328506,0.0043517103943989666,0.00899902196628899,0.011726804770147644
434,-1.869118674973774,0.6820283430391826,-2.0213369339718095,-1.862921587506485,0.6778085753922868,-2.030325262666764,-0.006197087467288975,0.0042197676468958,0.008988328694954362,0.01170471634853056
435,-1.876360599948707,0.6670570887393487,-2.0040739211975453,-1.8701051551168988,0.662969230082182,-2.0130472313250416,-0.006255444831808177,0.004087858657166654,0.008973310127496248,0.011677391536169143
436,-1.8834087383126032,0.6518209670053353,-1.9872597565789332,-1.8771017137702157,0.6478647059195176,-1.996213882444517,-0.006307024542387518,0.003956261085817703,0.008954125865583862,0.01164503887387895
437,-1.8902626213673823,0.6363262706878512,-1.970877458362883,-1.883910563816402,0.6325010445125663,-1.9798083984096402,-0.006352057550980339,0.0038252261752849126,0.008930940046757208,0.011607871490580122
438,-1.8969218097569756,0.6205793710186954,-1.9549101012200125,-1.8905310243761266,0.6168843911210447,-1.963814021986842,-0.006390785380848918,0.003694979897650774,0.008903920766829554,0.011566106486198982
439,-1.903385891158935,0.604586716398715,-1.9393408863453194,-1.8969624334088513,0.6010209921980904,-1.9482141258648502,-0.006423457750083683,0.0035657242006246204,0.008873239519530784,0.011519964327765652
440,-1.9096544782163036,0.5883548312078074,-1.9241531996039039,-1.9032041477790322,0.5849171928917617,-1.9329922702561362,-0.00645033043727139,0.0034376383160457102,0.008839070652232328,0.011469668257499436
441,-1.9157272066959525,0.5718903146081463,-1.9093306590160686,-1.9092555433204328,0.5685794345070697,-1.9181322498532611,-0.006471663375519743,0.0033108801010766076,0.008801590837192563,0.01141544371258081
442,-1.9216037338582037,0.5551998393171008,-1.894857152798744,-1.9151160148985422,0.5520142519295328,-1.9036181313569873,-0.006487718959661493,0.003185587387568023,0.008760978558243426,0.011357517757035853
443,-1.9272837370218712,0.5382901503310455,-1.8807168690930784,-1.9207849764710867,0.5352282710113162,-1.8894342827063793,-0.006498760550784466,0.0030618793197293437,0.008717413613300806,0.011296118526749836
444,-1.9327669123087088,0.5211680635854209,-1.866894318416003,-1.9262618611466333,0.5182282059209752,-1.8755653950493394,-0.006505051162075448,0.002939857664445711,0.008671076633336439,0.011231474688998435
445,-1.938052973551522,0.5038404645399895,-1.8533743497802504,-1.9315461212412777,0.5010208564578846,-1.8619964983989576,-0.006506852310244282,0.0028196080821049074,0.008622148618707248,0.011163814918166547
446,-1.9431416513507604,0.48631430668131626,-1.8401421613354174,-1.9366372283334143,0.4836131053324,-1.8487129718292505,-0.006504423017346106,0.002701201348916271,0.008570810493833125,0.011093367389443519
447,-1.9480326922651838,0.46859660993707314,-1.8271833062941305,-1.9415346733165766,0.4660119154128712,-1.8357005489754596,-0.006498018948607243,0.002584694524201958,0.00851724268132914,0.011020359292353094
448,-1.952725858123083,0.45069445899893346,-1.81448369482356,-1.9462379664503477,0.44822432694058495,-1.8229453195202048,-0.006487891672735335,0.0024701320583485065,0.008461624696644687,0.010945016365894426
449,-1.957220925441514,0.4326150015525703,-1.8020295925042524,-1.950746637409333,0.4302574547137687,-1.810433727268505,-0.006474288032181086,0.0023575468388016274,0.008404134764252502,0.010867562456986583
450,-1.961517684941998,0.4143654464147045,-1.7898076158859562,-1.955060235330194,0.41211848524175654,-1.7981525653422639,-0.006457449611803945,0.002246961172947981,0.008344949456307704,0.010788219103728517
451,-1.9656159411521275,0.39595306157826893,-1.7778047256040237,-1.9591783288567337,0.39381467387048763,-1.7860889689586406,-0.0064376122953937465,0.0021383877077812974,0.00828424335461686,0.010707205144812932
452,-1.9695155120834795,0.3773851721676437,-1.7660082174599734,-1.9631005061830311,0.37535334188046116,-1.7742304061965488,-0.006415005900448412,0.0020318302871825678,0.008222188736575431,0.010624736356191065
453,-1.9732162289771427,0.35866915830658147,-1.7544057118157677,-1.9668263750946215,0.3567418735583286,-1.7625646671013775,-0.006389853882521113,0.0019272847482528777,0.008158955285609837,0.010541025115869851
454,-1.9767179361090181,0.33981245290193846,-1.742985141602962,-1.970355563007719,0.33798771324326765,-1.7510798514294241,-0.006362373101299168,0.0018247396586708042,0.008094709826462099,0.010456280097466943
455,-1.9800204906478398,0.32082253934667376,-1.7317347392047808,-1.973687717006473,0.3190983623493521,-1.7397643552903157,-0.006332773641366751,0.0017241769973216359,0.008029616085534874,0.010370705992938135
456,-1.9831237625595743,0.30170694914581736,-1.7206430224309648,-1.9768225038782612,0.3000813763650833,-1.7286068569072703,-0.006301258681313149,0.0016255727807340525,0.007963834476305554,0.010284503264634646
457,-1.9860276345525143,0.28247325946924146,-1.7096987797715164,-1.9797596101470079,0.2809443618313017,-1.7175963016812124,-0.006268024405506445,0.00152889763793973,0.007897521909695948,0.010197867926652593
458,-1.9887320020579606,0.2631290906351368,-1.6988910550858274,-1.982498742104534,0.2616949732986626,-1.706721886714927,-0.0062332599534267175,0.0014341173364741944,0.007830831629099588,0.010110991355207244
459,-1.9912367732419143,0.2436821035280961,-1.6882091318577157,-1.9850396258399263,0.2423409102659238,-1.6959730449273882,-0.006197147401987957,0.0013411932621723022,0.007763913069672501,0.010024060127607672
460,-1.9935418690436568,0.2241399969556754,-1.677642517124247,-1.987382007266929,0.22288991410024592,-1.6853394288655676,-0.006159861776727782,0.0012500828554294907,0.007696911741320589,0.00993725588920349
461,-1.9956472232375124,0.2045105049472257,-1.6671809251665275,-1.9895256521493512,0.20334976494075557,-1.6748108943012632,-0.006121571088161248,0.0011607400064701234,0.007629969134735681,0.009850755247545799
462,-1.997552782514443,0.18480139399869666,-1.656814261033587,-1.9914703461244907,0.183728278586583,-1.6643774836832836,-0.006082436389952317,0.0010731154121136621,0.007563222649696666,0.009764729692849501
463,-1.9992585065804396,0.16502046026699554,-1.6465326039557517,-1.993215894724571,0.16403330337065347,-1.6540294095005519,-0.006042611855868518,0.000987156896342073,0.007496805544800145,0.009679345543745438
464,-2.000764368268953,0.14517552671736947,-1.6363261906912494,-1.9947621233961865,0.14427271702045727,-1.6437570375989194,-0.006002244872766349,0.000902809696912199,0.007430846907670041,0.009594763917195567
465,-2.0020703536648403,0.12527444022714543,-1.6261853988389714,-1.996108877517759,0.12445442350706172,-1.6335508704836228,-0.005961476147081424,0.0008200167200837077,0.0073654716446514,0.00951114072136468
466,-2.003176462237513,0.10532506864903318,-1.6161007301411137,-1.9972560224149978,0.10458634988363526,-1.6234015306300522,-0.005920439822515222,0.0007387187653979249,0.0073008004889385525,0.00942862667018164
467,-2.0040827069811433,0.08533529783706942,-1.6060627937916636,-1.9982034433743696,0.08467644311472142,-1.613299743817685,-0.00587926360677371,0.0006588547223480012,0.007236950026021427,0.009347367318246652
468,-2.0047891145599475,0.06531302863814813,-1.5960622897602144,-1.998951045654568,0.06473266689756589,-1.6032363224955564,-0.005838068905379412,0.0005803617405822359,0.007174032735342006,0.00926750311473637
469,-2.0052957254566786,0.04526617385196903,-1.5860899921352523,-1.999498754495988,0.04476299847674028,-1.5932021491822361,-0.0057969709606906505,0.0005031753752287524,0.007112157046983869,0.009189169474892145
470,-2.0056025941225823,0.025202655162112515,-1.576136732486755,-1.9998465151282017,0.024775425453357765,-1.5831881598989876,-0.005756078994380687,0.0004272297087547505,0.007051427412232636,0.009112496867685558
471,-2.005709789127147,0.005130400040845674,-1.5661933832445651,-1.999994292775436,0.0047779425901285115,-1.5731853276313745,-0.005715496351711202,0.00035245745071716284,0.00699194438680939,0.009037610918225317
472,-2.0056173933060575,-0.014942661369844915,-1.5562508410864895,-1.999942072660049,-0.015221451386431743,-1.5631846458120962,-0.005675320646008508,0.0002787900165868284,0.006933804725606674,0.008964632523489424
473,-2.0053255039058184,-0.03500859939858303,-1.546300010328375,-1.9996898600040087,-0.03521475698538918,-1.5531771118160986,-0.005635643901809706,0.00020615758680615076,0.00687710148772358,0.008893677979950283
474,-2.0048342327235535,-0.05505948800397708,-1.536331786307475,-1.9992376800283709,-0.05519397715107451,-1.5431537104581057,-0.005596552695182666,0.00013448914709743298,0.006821924150630654,0.008824859121685803
475,-2.0041437062405154,-0.07508740795079227,-1.5263370387502282,-1.998585577950756,-0.0751511204618093,-1.5331053974825013,-0.005558128289759434,6.37125110170278e-05,0.006768358732273105,0.008758283467564966
476,-2.0032540657478624,-0.09508445000074742,-1.5163065951161452,-1.9977336189808284,-0.09507820432636097,-1.5230230830361118,-0.005520446767034004,-6.245674386451405e-06,0.006716487919966596,0.008694054376133263
477,-2.0021654674632576,-0.11504271811581253,-1.5062312239108013,-1.9966818883137751,-0.11496725817687632,-1.5128976151157174,-0.005483579149482498,-7.54599389362065e-05,0.006666391204916078,0.008632271206814918
478,-2.000878082636843,-0.1349543326719368,-1.496101617963058,-1.9954304911217866,-0.1348103266569955,-1.5027197629842826,-0.005447591515056249,-0.00014400601494130028,0.006618145021224597,0.008573029486080871
479,-1.999392097645122,-0.1548114336811676,-1.4859083776645827,-1.993979552543539,-0.15459947280389894,-1.4924802005528235,-0.005412545101582955,-0.00021196087726865764,0.006571822888240764,0.00851642107722295
480,-1.9977077140712587,-0.17460618402015127,-1.475641994173587,-1.9923292176716814,-0.17432678122297965,-1.4821694897287272,-0.005378496399577326,-0.0002794027971716184,0.006527495555140206,0.008462534352409373
481,-1.9958251487702527,-0.19433077266300877,-1.4652928325895624,-1.9904796515383252,-0.19398436125389898,-1.4717780637361624,-0.005345497231927565,-0.0003464114091097925,0.006485231146599935,0.008411454365669268
482,-1.9937446339174156,-0.2139774179165822,-1.4548511151117367,-1.9884310390985427,-0.21356435012673866,-1.4612962104201923,-0.0053135948188729465,-0.00041306778984354087,0.006445095308455606,0.00836326302547254
483,-1.9914664170384953,-0.23353837065602356,-1.444306904201145,-1.9861835852118708,-0.2330589161070144,-1.450714055553347,-0.005282831826624479,-0.00047945454900916173,0.006407151352202156,0.00831803926553536
484,-1.9889907610197408,-0.2530059175586654,-1.43365008577476,-1.9837375146218252,-0.25246026162825813,-1.4400215461719812,-0.005253246397915579,-0.000545655930407285,0.00637146039722114,0.008275859212490206
485,-1.9863179440961092,-0.2723723843340472,-1.4228703524702273,-1.9810930719334263,-0.2717606264109441,-1.4292084339797944,-0.005224872162682859,-0.0006117579231030845,0.006338081509567051,0.008236796348992331
486,-1.9834482598157315,-0.2916301389478962,-1.4119571870315883,-1.9782505215887396,-0.2909522905664908,-1.4182642588677388,-0.005197738226991877,-0.0006778483814053882,0.006307071836150424,0.008200921670816546
487,-1.9803820169786581,-0.3107715948377511,-1.4008998458802038,-1.9752101478404307,-0.31002757768512307,-1.4071783326133003,-0.005171869138227425,-0.000744017152628007,0.0062784867330965,0.008168303836416882
488,-1.9771195395477974,-0.32978921411778644,-1.389687342951128,-1.9719722547233407,-0.32897885790632714,-1.3959397228381787,-0.005147284824456699,-0.0008103562114593066,0.00625237988705063,0.008139009307374465
489,-1.9736611665298531,-0.3486755107702178,-1.3783084338937508,-1.9685371660240831,-0.347798550970695,-1.384537237321871,-0.005124000505769999,-0.0008769597995227918,0.006228803428120155,0.008113102478045723
490,-1.970007251823955,-0.36742305382046764,-1.3667516007568963,-1.964905225248665,-0.36647912925192844,-1.372959408789994,-0.005102026575290131,-0.0009439245685392006,0.006207808033097617,0.008090645792632993
491,-1.9661581640355643,-0.38602447049301963,-1.3550050373031075,-1.9610767955881379,-0.38501312076778266,-1.3611944803206513,-0.00508136844742646,-0.0010113497252369763,0.006189443017543761,0.008071699847780474
492,-1.962114286253128,-0.4044724493445886,-1.3430566351249087,-1.957052259882277,-0.4033931121687696,-1.3492303915401058,-0.005062026370850958,-0.001079337175818984,0.006173756415197129,0.008056323478639814
493,-1.9578760157848596,-0.4227597433708872,-1.3308939707678056,-1.9528320205812995,-0.42161175170339216,-1.337054765810933,-0.0050439952035601365,-0.0011479916674950186,0.006160795043127498,0.008044573826225974
494,-1.9534437638529438,-0.4408791730828496,-1.3185042941010667,-1.9484164997056181,-0.43966175215875003,-1.3246548986519633,-0.005027264147325683,-0.0012174209240995437,0.0061506045508965546,0.0080365063836801
495,-1.9488179552424008,-0.45882362954769823,-1.3058745182183253,-1.9438061388036416,-0.4575358937753214,-1.3120177476702315,-0.005011816438759142,-0.0012877357723768412,0.0061432294519061514,0.00803217501888763
496,-1.9439990279018315,-0.4765860773896794,-1.2929912111961597,-1.9390013989076176,-0.47522702713477977,-1.2991299243311092,-0.004997628994213965,-0.0013590502548996297,0.006138713134949514,0.008031631970673988
497,-1.938987432493286,-0.4941595577446636,-1.279840590090403,-1.934002760487532,-0.4927280760196602,-1.2859776879442872,-0.004984672005754032,-0.0014314817250034029,0.006137097853884166,0.008034927815613296
498,-1.933783631888587,-0.5115371911620736,-1.266408517607351,-1.928810723403061,-0.5100320402437544,-1.272546942300503,-0.004972908485526117,-0.0015051509183192646,0.006138424693151956,0.008042111402227195
499,-1.9283881006096164,-0.5287121804467901,-1.2526805019504859,-1.9234258068535868,-0.527131998452086,-1.2588232354572375,-0.004962293756029634,-0.0015801819947041107,0.006142733506751652,0.008053229749143334
500,-1.922801324210342,-0.5456778134327606,-1.238641700412941,-1.917848549326277,-0.5440211108893698,-1.2447917632410141,-0.004952774884065203,-0.0016567025433907867,0.006150062828073066,0.008068327903521934
501,-1.9170237985987728,-0.5624274656790244,-1.2242769273616005,-1.9120795085422362,-0.5606926221358159,-1.2304373771094976,-0.0049442900565366266,-0.0017348435432084086,0.00616044974789709,0.00808744875587748
502,-1.9110560292975962,-0.578954603077735,-1.2095706673401638,-1.906119261400735,-0.5771398638092112,-1.2157445970978271,-0.0049367678968612605,-0.001814739268523824,0.006173929757663288,0.008110632807171251
503,-1.904898530643019,-0.5952527843625485,-1.1945070941050093,-1.8999684039215217,-0.5933562572321769,-1.200697630660021,-0.0049301267214973965,-0.0018965271303715836,0.006190536555011672,0.008137917883905804
504,-1.8985518249223365,-0.6113156635044317,-1.1790700964981926,-1.8936275511852179,-0.6093353160635608,-1.1852803983066504,-0.0049242737371186784,-0.0019803474408708333,0.00621030180845783,0.008169338796792247
505,-1.8920164414520408,-0.6271369919805765,-1.1632433121547372,-1.8870973372718132,-0.625070648892882,-1.16947656703277,-0.004919104180227674,-0.002066343087694489,0.0062332548780328345,0.008204926938523968
506,-1.8852929155999067,-0.642710620900674,-1.1470101701341946,-1.8803784151972567,-0.6405559617968117,-1.153269592622839,-0.004914500402650068,-0.0021546591038622553,0.006259422488644306,0.008244709816170018
507,-1.8783817877564992,-0.6580305029733851,-1.1303539436560148,-1.8734714568481579,-0.6557850608566534,-1.136642772009011,-0.004910330908341365,-0.0022454421167316108,0.006288828352996267,0.008288710513852828
508,-1.8712836022640102,-0.6730906942944651,-1.1132578142003942,-1.8663771529145952,-0.6707518546358369,-1.119579306941384,-0.004906449349415087,-0.0023388396586282445,0.006321492740989809,0.008336947081608164
509,-1.863998906313284,-0.6878853559367558,-1.095704948305456,-1.8590962128210502,-0.6854503566164047,-1.1020623802982807,-0.004902693492233823,-0.0024349993203510722,0.006357431992824791,0.008389431846811455
510,-1.8565282488234123,-0.7024087553212139,-1.0776785884410824,-1.8516293646554642,-0.6998746875935437,-1.0840752464144137,-0.004898884167948037,-0.002534067727670286,0.006396657973331221,0.008446170645160673
511,-1.8488721793223835,-0.716655267347459,-1.0591621593610157,-1.8439773550964327,-0.7140190780271819,-1.06560133682667,-0.004894824225950778,-0.0026361893202770936,0.0064391774656542555,0.008507161969157939
512,-1.841031246852023,-0.7306193752621047,-1.040139391317944,-1.836140949338534,-0.7278778703497366,-1.0466243828210473,-0.004890297513489017,-0.002741504912368131,0.006484991503103332,0.008572396033216027
513,-1.8330059989258276,-0.7442956712435946,-1.0205944614593763,-1.828120931015814,-0.7414455212290605,-1.0271285560983872,-0.004885067910013641,-0.0028501500145341474,0.00653409463901089,0.008641853756130387
514,-1.8247969805742927,-0.7576788566835801,-1.0005121545917304,-1.8199181021234212,-0.754716603785701,-1.007098628747356,-0.004878878450871538,-0.002962252897879103,0.006586474155625632,0.00871550566359154
515,-1.816404733518846,-0.7707637421473149,-0.9798780442913302,-1.811533282937409,-0.7676858097635824,-0.9865201535059736,-0.00487145058143712,-0.003077932383732551,0.006642109214643366,0.008793310715848946
516,-1.8078297955224236,-0.7835452469993439,-0.958678695038044,-1.8029673119327096,-0.7803479516532316,-0.9653796649918884,-0.004862483589713973,-0.00319729534611235,0.006700969953844393,0.008875215068539732
517,-1.7990726999718414,-0.7960183986862227,-0.9369018856340335,-1.7942210456992849,-0.79269796476672,-0.9436649021705272,-0.004851654272556516,-0.003320433919502652,0.006763016536493693,0.008961150778057848
518,-1.7901339757541057,-0.808178331675392,-0.9145368536312283,-1.7852953588564693,-0.804730909263467,-0.9213650517940357,-0.0048386168976364274,-0.003447422411924972,0.006828198162807442,0.009051034466783467
519,-1.7810141474952883,-0.8200202860589051,-0.8915745598139265,-1.7761911439655085,-0.8164419721261122,-0.8984710118695688,-0.0048230035297798235,-0.0035783139327928426,0.006896452055642266,0.009144765967790562
520,-1.7717137362360031,-0.8315396058426755,-0.8680079709587726,-1.7669093114403063,-0.8278264690856536,-0.8749756733946423,-0.004804424795696871,-0.0037131367570218954,0.006967702435869749,0.009242226973445266
521,-1.7622332606212252,-0.8427317369563845,-0.843832358121596,-1.7574507894563798,-0.8388798464951001,-0.8508742176279203,-0.0047824711648454254,-0.003851890461284424,0.0070418595063242995,0.009343279717268546
522,-1.752573238683407,-0.8535922250361432,-0.8190456065869498,-1.7478165238580448,-0.8495976831508637,-0.8261644250538847,-0.004756714825362218,-0.003994541885279479,0.007118818466934851,0.009447765723611352
523,-1.7427341902956979,-0.8641167130512186,-0.7936485323819769,-1.7380074780638322,-0.8599756920611862,-0.8008469909691761,-0.004726712231865715,-0.00414102099003244,0.007198458587199252,0.009555504664557539
524,-1.7327166403656293,-0.874300938867149,-0.7676451989370785,-1.7280246329701487,-0.8700097221608728,-0.7749258413027453,-0.004692007395480591,-0.004291216706276191,0.007280642365666834,0.00966629336799847
525,-1.7231683046598716,-0.8835161313248652,-0.741188812330202,-1.717868986853184,-0.8796957599716702,-0.7484084409343449,-0.005299317806687576,-0.003820371353195018,0.007219628604142936,0.00973658275137371
526,-1.7132532343961695,-0.8925911161966559,-0.7141443795544518,-1.7075415552690867,-0.8890299312075991,-0.721306085468987,-0.005711679127082814,-0.003561184989056776,0.0071617059145352435,0.00982829326909438
527,-1.7030304169713653,-0.9014518523009344,-0.6865274400450964,-1.6970433709524082,-0.8980085023246204,-0.6936341662499572,-0.005987046018957054,-0.003443349976314014,0.007106726204860858,0.009909941293637781
528,-1.692540891523939,-0.9100481733220994,-0.6583575750171857,-1.6863754837128333,-0.9066278820139979,-0.6654123974581106,-0.00616540781110575,-0.0034202913081015085,0.007054822440924924,0.009974024552932302
529,-1.681813230343673,-0.9183457675689276,-0.6296587093049422,-1.6755389603301956,-0.9148846226387805,-0.6366649935694167,-0.006274270013477468,-0.003461144930147153,0.007006284264474583,0.010021676886835357
530,-1.6708673564561598,-0.9263208452007007,-0.6004593066852708,-1.6645348844478025,-0.9227754216128066,-0.6074207853483693,-0.006332472008357293,-0.0035454235878941143,0.006961478663098486,0.010056461372222342
531,-1.6597172030859577,-0.9339565962518616,-0.5707924630886386,-1.6533643564640714,-0.9302971227216964,-0.5777132630548064,-0.006352846621886288,-0.003659473530165158,0.00692079996616779,0.010082057274728187
532,-1.6483725672346579,-0.9412408412589325,-0.540695897988934,-1.642028493422494,-0.9374467173852932,-0.5475805367263731,-0.006344073812163842,-0.00379412387363931,0.006884638737439053,0.010101529540012701
533,-1.6368404025806051,-0.9481644757215334,-0.510211842619669,-1.6305284288999269,-0.9442213458610588,-0.5170652053199697,-0.006311973680678262,-0.003943129860474626,0.00685336270030068,0.01011720639030431
534,-1.62512572228718,-0.9547204427692395,-0.4793868239381444,-1.6188653128932389,-0.95061829838793,-0.48621412915210704,-0.006260409393941124,-0.004102144381309514,0.006827305213962631,0.010130765557915988
535,-1.6132322302966866,-0.9609030572171079,-0.44827134500268523,-1.6070403117043106,-0.9566350162701883,-0.4550781034039326,-0.006191918592376,-0.004268040946919571,0.0068067584012473925,0.010143371693482678
536,-1.601162763450346,-0.9667075633777223,-0.4169194652398295,-1.5950546078234087,-0.9622690929009017,-0.4237114343156453,-0.006108155626937339,-0.004438470476820666,0.006791969075815807,0.01015580766179299
537,-1.5889196015442015,-0.9721298483947366,-0.385388287574366,-1.582909399810932,-0.9675182747245379,-0.3921714238816628,-0.0060102017332694935,-0.00461157367019871,0.006783136307296822,0.010168582730825078
538,-1.5765046848814055,-0.9771662590533827,-0.35373736319334814,-1.5706059021775611,-0.972380462138356,-0.3605177731102454,-0.005898782703844363,-0.004785796915026674,0.006780409916897268,0.01018201591730297
539,-1.5639197666949152,-0.9818134874087776,-0.3220280284373947,-1.5581453452628062,-0.9768537103322188,-0.32881191793031006,-0.005774421432108934,-0.004959777076558813,0.006783889492915363,0.010196297768153142
540,-1.5511665193782873,-0.9860685020948596,-0.29032269157805374,-1.5455289751119743,-0.9809362300664917,-0.29711631530754834,-0.0056375442663130215,-0.005132272028367968,0.006793623729494602,0.010211534894704088
541,-1.538246607638912,-0.9899285098066765,-0.25868408975628343,-1.5327580533515686,-0.9846263883877127,-0.265493699789787,-0.005488554287343517,-0.005302121418963801,0.006809610033503555,0.010227781211726418
542,-1.5251617376064939,-0.993390936522107,-0.2271745382061648,-1.519833857063122,-0.9879227092817555,-0.23400633231352022,-0.005327880543371855,-0.005468227240351453,0.006831794107355432,0.010245058855948973
543,-1.511913688364694,-0.9964534213271867,-0.1958551936483384,-1.506757678655493,-0.9908238742642128,-0.20271526353027572,-0.005156009709200937,-0.005629547062973916,0.006860069881937325,0.010263371524049793
544,-1.4985043303796575,-0.9991138179883648,-0.16478535339719286,-1.4935308257356246,-0.9933287229077735,-0.17167963311530354,-0.0049735046440329,-0.005785095080591329,0.006894279718110685,0.010282712014213526
545,-1.4849356340754003,-1.0013702009059144,-0.1340218096361322,-1.4801546209777887,-0.9954362533063774,-0.1409560245718928,-0.004781013097611586,-0.005933947599537026,0.006934214935760602,0.010303065423887698
546,-1.4713157105121761,-1.0032065757913975,-0.10348401914600014,-1.466630401991313,-0.997145622475965,-0.11059789210988624,-0.0046853085208631295,-0.006060953315432438,0.007113872963886103,0.010454399053691884
547,-1.4577947062768526,-1.0046107998195042,-0.07299889753182819,-1.452959521186826,-0.99845614669166,-0.08065507250195922,-0.004835185090026561,-0.006154653127844134,0.007656174970131033,0.010948780075979134
548,-1.4443322781388117,-1.0055952915859658,-0.04259431486770349,-1.439143345641015,-0.9993673017612495,-0.05117339069845843,-0.005188932497796728,-0.006227989824716285,0.008579075830754943,0.011803110599892901
549,-1.4309680381175611,-1.0061648767365605,-0.01219848729220923,-1.425183256959923,-0.9998787232348542,-0.022194363718999813,-0.005784781157638141,-0.00628615350170636,0.009995876426790583,0.013149029029873197
550,-1.4176877264323162,-1.0063268844857207,0.018205856415708193,-1.4110806511407838,-0.9999902065507035,0.006244996773392763,-0.006607075291532372,-0.006336677935017243,0.01196085964231543,0.015062174296670517
551,-1.404506068656545,-1.006086874598999,0.048680278444156455,-1.396836938432427,-0.9997017071169574,0.03411228652508152,-0.007669130224117859,-0.006385167482041654,0.014567991919074937,0.01765820802693277
552,-1.3914668227856952,-1.005451618596574,0.07934500756880263,-1.3824535431942528,-0.9990133403295429,0.061379721814441665,-0.00901327959144238,-0.006438278267031139,0.01796528575436096,0.02110549995316581
553,-1.378568636536829,-1.004426058825505,0.11027900408315958,-1.3679319037538011,-0.9979253815259969,0.08802407252366619,-0.010636732783027902,-0.006500677299508095,0.022254931559493388,0.02550844700030982
554,-1.3658033355249883,-1.003012579501882,0.14156020828302018,-1.3532734722629136,-0.9964382658753348,0.11402652573356668,-0.012529863262074725,-0.006574313626547257,0.0275336825494535,0.030956788395448503
555,-1.3531748668275774,-1.00121285300296,0.17329299929399103,-1.338479714552524,-0.9945525882039893,0.13937249138381436,-0.014695152275053358,-0.00666026479897075,0.03392050791017667,0.03756204845936618
556,-1.3406558657116916,-0.9990214170955769,0.205540313234197,-1.3235521099860739,-0.9922691027578862,0.16405136184929442,-0.01710375572561773,-0.006752314337690746,0.04148895138490258,0.045381332019404134
557,-1.328214663631784,-0.9964276186529765,0.23835120884916616,-1.3084921513115828,-0.9895887229007583,0.18805623702960433,-0.01972251232020117,-0.006838895752218188,0.05029497181956183,0.05445486367314414
558,-1.3158020042510508,-0.9934117163565666,0.2717280332602675,-1.293301344512367,-0.9865125207488105,0.21138362585071127,-0.02250065973868387,-0.006899195607756092,0.06034440740955624,0.06477133698111084
559,-1.303334869885111,-0.9899381306109251,0.3055771898559562,-1.2779812086564475,-0.9830417267418881,0.234033134057412,-0.02535366122866356,-0.006896403869037004,0.07154405579854423,0.0762162741422586
560,-1.2907194701859206,-0.985958505143442,0.33971909730399563,-1.2625332757446417,-0.979177729151317,0.25600714694934407,-0.0281861944412789,-0.00678077599212501,0.08371195035465157,0.08858967836219188
561,-1.2778326711260728,-0.98140404157,0.37383037559966226,-1.2469590905573706,-0.9749220735246148,0.2773105143849678,-0.030873580568702153,-0.006481968045385256,0.09651986121469447,0.10154446068485183
562,-1.2645830617069462,-0.9762065331647971,0.40754518803734174,-1.2312602105001726,-0.97027646206729,0.2979502440332553,-0.033322851206773585,-0.005930071097507095,0.10959494400408643,0.11470235353744535
563,-1.2508901527315703,-0.9702950883836629,0.4404199914494673,-1.2154382054479715,-0.9652427529619856,0.3179352075580311,-0.035451947283598795,-0.005052335421677268,0.12248478389143619,0.12761226016470373
564,-1.2367439886054041,-0.9636280902848157,0.47210055312020505,-1.1994946575880876,-0.9598229596252282,0.3372758632229733,-0.037249331017316534,-0.00380513065958743,0.13482468989723173,0.1399274407915004
565,-1.2222055115182837,-0.9562045798731414,0.5023972718054122,-1.1834311612620187,-0.954019249902089,0.35598399733641756,-0.03877435025626497,-0.0021853299710524743,0.1464132744689946,0.1514763111698032
566,-1.2073725094358012,-0.9480550421530136,0.5312662529456043,-1.1672493228060146,-0.9478339451990766,0.3740724860305142,-0.040123186629786645,-0.00022109695393701667,0.15719376691509007,0.16223377991696858
567,-1.192354521018119,-0.9392301833266546,0.5587787930116853,-1.1509507603904343,-0.9412695195556019,0.39155507809344553,-0.041403760627684694,0.0020393362289472527,0.16722371491823979,0.17228523186107986
568,-1.1772440315096113,-0.929782355592069,0.5850498980475606,-1.1345371038579373,-0.9343285986543979,0.4084461989420335,-0.042706927651674054,0.00454624306232887,0.1766036991055271,0.18175097395387638
569,-1.1621097889813907,-0.9197572817820096,0.6101755840850314,-1.1180099945604975,-0.92701395877128,0.4247607753253133,-0.04409979442089318,0.007256676989270461,0.18541480875971805,0.19072520162866383
570,-1.1470031981229896,-0.9091950518227874,0.6342296522946496,-1.1013710851952752,-0.9193285256646756,0.4405140799735253,-0.04563211292771441,0.01013347384188823,0.19371557232112424,0.1992754374780109
571,-1.1319650793580358,-0.8981328164875731,0.6572608466564637,-1.0846220396393396,-0.9112753734053558,0.4557215951360275,-0.047343039718696245,0.013142556917782655,0.20153925152043617,0.20744194396399404
572,-1.117032055466995,-0.8866086262226042,0.679300411836861,-1.0677645327832885,-0.90285772314685,0.470398893769609,-0.04926752268370649,0.01624909692424581,0.208901518067252,0.21524675652154546
573,-1.1022418778172278,-0.8746654844544546,0.7003514037242156,-1.0508002503637583,-0.894078941837027,0.48456153703014543,-0.051441627453469474,0.019413457382572386,0.21578986669407013,0.22268450761211714
574,-1.0876356367972586,-0.8623540406918092,0.7203896880554003,-1.0337308887948575,-0.8849425408713637,0.498224986670857,-0.05390474800240108,0.022588500179554494,0.22216470138454325,0.2297240012250513
575,-1.0732681470599916,-0.8497428675186907,0.7393649471398761,-1.0165581549985165,-0.8754521746884284,0.5114045309468265,-0.05670999206147509,0.02570930716973774,0.22796041619304963,0.23631111490082074
576,-1.05921271169926,-0.8369253549162096,0.7571958502266741,-0.9992837662338049,-0.865611639308158,0.5241152226565137,-0.05992894546545513,0.028686284391948424,0.23308062757016046,0.24236534481092192
577,-1.0455770059893834,-0.8240378631086109,0.7737768622571642,-0.9819094499252019,-0.8554248708134978,0.5363718280074358,-0.06366755606418151,0.03138700770488689,0.23740503424972847,0.24778993570152738
578,-1.032526711193718,-0.8112874199571771,0.7890077618079718,-0.9644369434898631,-0.8448959437760261,0.5481887850668954,-0.06808976770385489,0.033608523818848934,0.24081897674107644,0.25250649278358406
579,-1.0203230915489467,-0.798995380436002,0.8027613936508081,-0.9468679941638701,-0.8340290696261731,0.5595801706434279,-0.0734550973850766,0.035033689190171025,0.2431812230073802,0.2564373567432986
580,-1.0094176991571722,-0.7877045512025558,0.8149471596704365,-0.9292043588275147,-0.8228285949687089,0.570559674535322,-0.08021334032965743,0.03512404376615308,0.24438748513511455,0.2596018515111052
581,-1.0007674663912611,-0.7785273832675655,0.8255518132234152,-0.9114478038296094,-0.8112989998441578,0.581140580175409,-0.08931966256165169,0.03277161657659222,0.24441123304800616,0.2622762509515821
582,-0.9944234048248931,-0.7716522367944256,0.8348874322494613,-0.89360010481086,-0.7994448959368459,0.5913357507932551,-0.10082330001403306,0.02779265914242024,0.2435516814562062,0.2650569585354661
583,-0.9890635875453043,-0.7657338114116918,0.8432076331162512,-0.8756630465262938,-0.7872710247302823,0.6011576203049405,-0.11340054101901054,0.021537213318590487,0.24205001281131078,0.26816364959272626
584,-0.9833232837962758,-0.7592882642845566,0.8498823017537781,-0.8576384226667918,-0.7747822556106337,0.6106181882251972,-0.12568486112948396,0.015493991326077095,0.2392641135285809,0.27071029553189857
585,-0.9748636376568912,-0.7496606579317101,0.8535323048020105,-0.8395280356797178,-0.7619835839190322,0.619729017975972,-0.13533560197717343,0.012322925987322098,0.23380328682603846,0.2704284685421854
586,-0.9597813204469088,-0.7323691589608661,0.8513800742234925,-0.8213336965886817,-0.7488801289535097,0.6285012380388306,-0.13844762385822706,0.016510969992643676,0.22287883618466187,0.26289795035548763
587,-0.9334234930675519,-0.7022815388352182,0.8394270320067685,-0.8030572248124292,-0.7354771319213411,0.6369455454658797,-0.13036626825512265,0.033195593086122965,0.20248148654088882,0.24309681958206322
588,-0.9067079181503267,-0.6725111163181942,0.814221454950756,-0.7847004479829077,-0.721779953842635,0.6450722113249574,-0.12200747016741897,0.04926883752444089,0.16914924362579864,0.2143005080414957
589,-0.8792505287391427,-0.6434234611098051,0.7806044989472581,-0.7662652017625027,-0.7077940734059962,0.6528910877099849,-0.11298532697663999,0.06437061229619112,0.1277134112372732,0.182263477551773
590,-0.8508310011591432,-0.6152751030692187,0.7432089588002352,-0.747753329660472,-0.6935250847771224,0.6604116159967486,-0.1030776714986712,0.07824998170790365,0.0827973428034866,0.15363419532836206
591,-0.8213789612327723,-0.5882089370279144,0.7058459876671027,-0.7291666828486026,-0.6789786953612166,0.6676428360684155,-0.09221227838416968,0.09076975833330214,0.03820315159868726,0.13491380249906962
592,-0.7909364394454157,-0.5622618207699698,0.6713458084683903,-0.7105071199760853,-0.6641607235200951,0.6745933962741206,-0.08042931946933041,0.10189890275012536,-0.003247587805730312,0.12985687751726915
593,-0.7596170313257483,-0.5373802096404351,0.6415457004951794,-0.6917765069836577,-0.6490770962449237,0.6812715639183997,-0.06784052434209065,0.11169688660448862,-0.039725863423220265,0.13658944119098715
594,-0.7306789017226384,-0.5157648984784935,0.6173479766770685,-0.6729767169170084,-0.6337338467854989,0.6876852361095336,-0.05770218480562994,0.11796894830700544,-0.07033725943246505,0.14897498098833203
595,-0.7085996911505912,-0.5000905822146953,0.5988145024407889,-0.6541096297394813,-0.6181371122370333,0.6938419508213524,-0.0544900614111099,0.118046530022338,-0.09502744838056343,0.1610415039318185
596,-0.6911647369047369,-0.4881930068127535,0.5853485564269046,-0.6351771321440697,-0.6022931310853911,0.6997488980461777,-0.05598760476066722,0.11410012427263755,-0.11440034161927304,0.17099967370867813
597,-0.6759866441217873,-0.47813236274955523,0.5761724314060348,-0.6161811173647562,-0.5862082407117827,0.7054129309366325,-0.0598055267570311,0.10807587796222745,-0.12924049953059769,0.17877416800788268
598,-0.6595911799532304,-0.4674800399771826,0.5704474998165148,-0.5971234849871871,-0.5698888748578939,0.71084057685146,-0.06246769496604321,0.10240883488071123,-0.1403930770349452,0.18466184894378007
599,-0.641765989623257,-0.4560433963669167,0.567570209338425,-0.5780061407587223,-0.5533415610524803,0.7160380482354703,-0.06375984886453478,0.09729816468556363,-0.1484678388970454,0.18861322956029994
600,-0.622900460930337,-0.4440157572543743,0.5670603253642063,-0.5588309963978517,-0.5365729180004349,0.7210112532766491,-0.0640694645324853,0.09255716074606063,-0.1539509279124428,0.19071605201438513
601,-0.6032693674589519,-0.43151410905817317,0.5685047019322672,-0.5395999694030323,-0.5195896529353996,0.7257658062944856,-0.06366939805591953,0.08807554387722644,-0.1572611043622184,0.19116000790776538
602,-0.583068705825773,-0.41860869532189743,0.5715472726819676,-0.5203149828609361,-0.5023985589369582,0.7303070378230215,-0.06275372296483683,0.08378986361506074,-0.15875976514105394,0.19016685835923297
603,-0.56244023578679,-0.4053414189900307,0.5758815189954215,-0.5009779652541498,-0.48500651221350166,0.7346400043601177,-0.061462270532640195,0.07966509322347098,-0.15875848536469617,0.18795849130226658
604,-0.5414882064545455,-0.39173730961641196,0.5812442427469536,-0.4815908502683184,-0.467420469351827,0.7387694977612211,-0.05989735618622716,0.07568315973541506,-0.1575252550142675,0.18474263155250908
605,-0.5202906958019913,-0.3778116425312991,0.5874101448384289,-0.4621555765987845,-0.44964746453460147,0.7427000542616012,-0.0581351192032068,0.07183582200330235,-0.15528990942317233,0.1807070374288679
606,-0.49890729949361995,-0.36357433711762366,0.5941869999059404,-0.44267408775671735,-0.4316946067267801,0.7464359631158108,-0.0562332117369026,0.06812026960915646,-0.15224896320987047,0.17601787418427703
607,-0.47738435721801226,-0.34903264567764297,0.6014113442645217,-0.4231483318747701,-0.4135690768321209,0.7499812748470809,-0.05423602534324218,0.06453643115447794,-0.14856993058255918,0.17082014419996236
608,-0.45575852484580437,-0.33419276753418486,0.6089446374789196,-0.4035802615122578,-0.39527812482090974,0.7533398091026414,-0.05217826333354658,0.06108535728672487,-0.14439517162372184,0.16523909231049366
609,-0.43405923756361237,-0.3190607885228551,0.616669867807833,-0.38397183345991004,-0.37682906683007494,0.756515162113617,-0.05008740410370233,0.05776827830721987,-0.13984529430578407,0.15938202021526565
610,-0.41231042831442455,-0.30364319848258375,0.6244885695806313,-0.36432500854419003,-0.35822928223682704,0.7595107137603188,-0.047985419770234516,0.054586083754243286,-0.1350221441796875,0.15334021152010713
611,-0.39053174602028895,-0.2879471480155578,0.6323182162897155,-0.3446417514312205,-0.3394862107070128,0.7623296342454584,-0.04588999458906845,0.05153906269145497,-0.1300114179557429,0.14719081284292618
612,-0.3687394383364755,-0.27198054860254944,0.6400899690625819,-0.3249240304303084,-0.32060734921933826,0.764974890379158,-0.043815407906167114,0.04862680061678881,-0.12488492131657614,0.14099857900154936
613,-0.3469470026226928,-0.25575207749678364,0.6477466991408491,-0.3051738172971223,-0.30160024906668353,0.7674492514806304,-0.041773185325570505,0.0458481715698999,-0.11970255233978122,0.13481748731231233
614,-0.32516567367303034,-0.23927112678972576,0.6552412913211714,-0.28539308703651545,-0.2824725128356836,0.7697552949021605,-0.039772586636514895,0.04320138604595783,-0.11451400358098918,0.12869217311164563
615,-0.30340480249530155,-0.2225477264737295,0.6625351967745791,-0.2655838177050335,-0.263231791365801,0.7718954111815078,-0.037820984790268075,0.04068406489207149,-0.10936021440692878,0.12265918849306563
616,-0.28167216109910603,-0.205592459182894,0.6695971650119693,-0.2457479902131001,-0.24388578068908245,0.77387180882917,-0.03592417088600594,0.038293321506188444,-0.10427464381720064,0.11674813004509893
617,-0.2599741881454177,-0.18841637193939387,0.6764021580738965,-0.22588758812693474,-0.2244422189518554,0.7756865187570767,-0.03408660001848293,0.03602584701246153,-0.09928436068318025,0.11098262129744978
618,-0.2383161902873687,-0.17103089015895687,0.6829304183358234,-0.2060045974701957,-0.20490888331957058,0.777341398355284,-0.032311592817172996,0.03387799316061371,-0.09441098001946069,0.1053811681431193
619,-0.2167025112431871,-0.15344773824069086,0.6891666648587377,-0.1861010065253778,-0.18529358686603822,0.7788381352231183,-0.030601504717809286,0.03184584862534737,-0.08967147036438061,0.09995790495489905
620,-0.19513667561740086,-0.1356788681356526,0.6950994012779965,-0.1661788056349928,-0.16560417544830938,0.7801782505609888,-0.02895786998240807,0.029925307312656774,-0.08507884928299225,0.09472324343577511
621,-0.17362151229366934,-0.11773639613631673,0.7007203198832623,-0.14623998700252616,-0.14584852456842748,0.7813631022287947,-0.027381525291143183,0.02811212843211075,-0.08064278234553235,0.08968443586644177
622,-0.15215926098608296,-0.09963254763654895,0.7060237884426985,-0.12628654449322554,-0.1260345362233393,0.7823938874764594,-0.02587271649285741,0.02640198858679034,-0.07637009903376091,0.08484606347075409
623,-0.13075166467930244,-0.08137960934636682,0.7110064082091333,-0.10632047343471225,-0.10617013574419806,0.7832716453517061,-0.024431191244590186,0.024790526397831247,-0.07226523714257282,0.0802104594425415
624,-0.109399834489983,-0.06298970262968875,0.7156664733959122,-0.08634377041745736,-0.08626326862634384,0.7839972587896967,-0.02305606407252564,0.023273565996655088,-0.06833078539378457,0.07577821057037774
625,-0.088105004211657,-0.044475342616434335,0.7200042582910913,-0.06635843309511363,-0.06632189735120068,0.7845714563886423,-0.021746571116543364,0.02184655473476635,-0.06456719809755107,0.0715479446194957
626,-0.06686825680568378,-0.025849113171216895,0.7241245738925463,-0.0463664599847589,-0.04635399820139721,0.7849948138749364,-0.020501796820924886,0.020504885030180317,-0.06087023998239016,0.06742373542381917
627,-0.04569106849023928,-0.007120180832455386,0.7286309816943084,-0.026369850267042503,-0.026367558070356484,0.7852677552607884,-0.019321218223196778,0.019247377237901098,-0.05663677356648,0.06286091889391367
628,-0.02458488836532624,0.011716137482217604,0.7334560722644639,-0.006370603586275981,-0.006370571267652135,0.7853905536967359,-0.01821428477905026,0.01808670874986974,-0.051934481432272084,0.057931680150449374
629,-0.003559878274710118,0.03066305294999823,0.7387802510176653,0.013629280149540351,0.013628963678619457,0.7853633320208057,-0.01718915842425047,0.017034089271378772,-0.04658308100314035,0.05249391203162913
630,0.017370309214023966,0.04972742572226567,0.7446521487760641,0.033627800968699426,0.033623047221136695,0.7851860630054648,-0.01625749175467546,0.016104378501128974,-0.04053391422940067,0.04654734415428421
631,0.038191480277768364,0.06891739927722229,0.7511897021806186,0.053622959035786476,0.053603681993068565,0.7848585693028844,-0.015431478758018112,0.015313717284153726,-0.0336688671222658,0.04007783785354374
632,0.058887377966532886,0.08824366600893727,0.7584964298130349,0.07361275485165383,0.07356287600690768,0.7843805230883966,-0.014725376885120947,0.014680790002029584,-0.025884093275361675,0.033201635564835796
633,0.07943977493524358,0.10771898810334728,0.7666466124599919,0.09359518945337977,0.09349264585116929,0.7837514454014016,-0.014155414518136192,0.01422634225217799,-0.017104832941409742,0.02636929813267508
634,0.09982922091239882,0.1273577550206579,0.7757129323619824,0.1135682646141561,0.11338501988364241,0.7829707051823518,-0.013739043701757284,0.013972735137015496,-0.007257772820369435,0.020896744133000175
635,0.12003500172461905,0.14717588290900208,0.7857579211224268,0.1335299830431127,0.13323204141994396,0.7820375180038213,-0.013494981318493651,0.013943841489058112,0.003720403118605553,0.01975820426110128
636,0.1400352846993811,0.1671905615759505,0.796834421724984,0.15347834858503784,0.15302577191607933,0.7809509444930636,-0.013443063885656747,0.014164789659871169,0.015883477231920407,0.02517224824522386
637,0.15980610419661423,0.1874188410454352,0.8089008949301233,0.17341136642000265,0.17275829414376465,0.7797098884428689,-0.013605262223388426,0.014660546901670568,0.029191006487254367,0.03538572671801682
638,0.17932328096684244,0.2078756896262755,0.8218411619323316,0.19332704326283448,0.1924217153572057,0.7783130946069631,-0.01400376229599204,0.015453974269069803,0.043528067325368514,0.048266171634318934
639,0.1985635852124107,0.22857205034405678,0.8354549835311998,0.2132233875624471,0.21200817045009426,0.7767591461756517,-0.014659802350036416,0.01656387989396252,0.058695837355548175,0.06272537959193801
640,0.21750611128670547,0.24951266896103966,0.849450871046927,0.23309840970098727,0.23150982510153895,0.7750464619269026,-0.015592298414281808,0.01800284385950071,0.07440440912002433,0.07812322480139652
641,0.23613371190607477,0.270693607134459,0.8634195251734893,0.2529501221928054,0.25091887890969955,0.7731732930475957,-0.016816410286730615,0.019774728224759452,0.09024623212589356,0.09390534566368104
642,0.2544378832914157,0.292102552454492,0.8769535080619527,0.2727765398831953,0.2702275685118367,0.7711377196192538,-0.01833865659177958,0.0218749839426553,0.1058157884426989,0.10959836829000995
643,0.27241847424105686,0.31371858994947593,0.8896447887556354,0.2925756801469099,0.28942817068955534,0.7689376467622203,-0.020157205905853015,0.024290419259920593,0.12070714199341503,0.12476598713580611
644,0.29008697173649584,0.3355162721156763,0.9012222135946177,0.3123455630864238,0.30851300545799065,0.7665708004319635,-0.02225859134992797,0.027003266657685654,0.13465141316265428,0.13912449232888144
645,0.3074642489574422,0.35746944146352655,0.911584998710921,0.3320842117299144,0.32747443913769303,0.7640347228610073,-0.024619962772472248,0.02999500232583352,0.14755027584991376,0.15256777718388087
646,0.32457564719093984,0.3795531681907079,0.9207669831545136,0.351789652228968,0.34630488740800797,0.7613267676398998,-0.027214005038028177,0.033248280782699924,0.15944021551461374,0.16512792788793043
647,0.34144584248874416,0.40174347364863855,0.9288622597250433,0.37145991405595574,0.3649968183406966,0.7584440944306824,-0.030014071567211587,0.03674665530794197,0.17041816529436093,0.17689972365907902
648,0.3580956244126886,0.42401580941553974,0.9359778042459518,0.3910930302010885,0.38354275541260996,0.7553836633065133,-0.03299740578839988,0.040473054002929776,0.18059414093943849,0.18799239514071353
649,0.3745398849535565,0.44634275308244253,0.9421911018522434,0.4106870373691092,0.40193528049619187,0.7521422287114786,-0.03614715241555272,0.04440747258625066,0.1900488731407648,0.19848731554264698
650,0.39078714798759245,0.4686917152655961,0.9475527021212763,0.43023997617563103,0.4201670368266409,0.7487163330352061,-0.03945282818803858,0.04852467843895519,0.19883636908607016,0.20843961173675896
651,0.4068381369685682,0.4910214389231236,0.9520773676805548,0.4497498913430674,0.43823073194451173,0.7451022997977352,-0.042911754374499234,0.05279070697861188,0.2069750678828196,0.21786912615581128
652,0.4226855284643133,0.5132797356214271,0.9557488762852352,0.4692148318961616,0.45611914061260495,0.7412962264412188,-0.0465293034318483,0.0571605950088222,0.21445264984401635,0.22676474312541597
653,0.43830550743203694,0.5353899897028898,0.9585428610855673,0.48863285135707546,0.4738251077059589,0.7372939767265044,-0.050327343925038515,0.06156488199693083,0.22124888435906287,0.2351045407302358
654,0.4536608495309065,0.5572550246694882,0.9603779033060221,0.5080020079400462,0.4913415510738144,0.733091172734505,-0.05434115840913972,0.06591347359567379,0.22728673057151716,0.24281022505772742
655,0.46867750940899144,0.5787214453076227,0.9611599926337522,0.5273203647455568,0.5086614643723737,0.7286831864746114,-0.058642855336565325,0.07005998093524901,0.2324768061591408,0.24978560969885255
656,0.48324234592264237,0.5995766884943706,0.9607729824252401,0.5465859899540265,0.5257779198672481,0.7240651311052729,-0.06334364403138415,0.07379876862712254,0.2367078513199672,0.2559087383552386
657,0.49716607980406713,0.6194975153837332,0.9591095292823193,0.5657969570189859,0.5426840712044526,0.7192318517753863,-0.06863087721491878,0.0768134441792806,0.239877677506933,0.2610590022965936
658,0.5101226671831935,0.637969122321407,0.9560962614590773,0.5849513448597394,0.5593731561488667,0.7141779160993728,-0.07482867767654588,0.07859596617254028,0.24191834535970458,0.2651436265931972
659,0.5214747275385319,0.6540499410244823,0.9517561469384446,0.6040472380534647,0.5758384992890305,0.708897604283927,-0.08257251051493286,0.0782114417354518,0.24285854265451756,0.26817069349828815
660,0.5304237919578328,0.6666107191418743,0.9463517630734974,0.6230827270267574,0.5920735147072245,0.7033848989304824,-0.09265893506892453,0.07453720443464984,0.24296686414301505,0.2705076157237173
661,0.5383992779340089,0.6776779421421034,0.9405854494145924,0.6420559082465795,0.6080717086137423,0.6976334745446516,-0.10365663031257066,0.06960623352836115,0.2429519748699408,0.2731581718473127
662,0.5460694624466829,0.688193142928903,0.9341228183500485,0.6609648844106218,0.6238266819443293,0.6916366867923863,-0.11489542196393898,0.06436646098457366,0.2424861315576622,0.275941159100541
663,0.5539335959119043,0.698829174478771,0.9261077596083206,0.6798077646370254,0.6393321329197169,0.6853875615526078,-0.12587416872512114,0.05949704155905411,0.24072019805571276,0.27808347318476456
664,0.5627546039661406,0.7105614684760746,0.9151648068034696,0.6985826646534714,0.6545818595662526,0.6788787838277314,-0.13582806068733078,0.05597960890982201,0.2362860229757382,0.2782338285282164
665,0.5739687710271315,0.7251418196526948,0.8994542736531821,0.7172877069856007,0.6695697621966022,0.672102686587147,-0.14331893595846923,0.055572057456092505,0.2273515870660351,0.2744400027612884
666,0.5899634248775683,0.7452750397864396,0.8766728046677703,0.7359210211447693,0.6842898458495512,0.6650512396345386,-0.14595759626720106,0.06098519393688839,0.2116215650332317,0.26420919850514946
667,0.6135149290329843,0.7735721981123026,0.8444788545581573,0.7544807438150888,0.6987362226879031,0.6577160386082651,-0.14096581478210446,0.07483597542439946,0.1867628159498922,0.24566671238984986
668,0.6400797687958941,0.8034772025157619,0.8016951616855412,0.7729650190397587,0.7129031143535387,0.6500882942451496,-0.13288525024386455,0.09057408816222323,0.15160686744039165,0.22101311597704146
669,0.6678993557699251,0.8322186461224135,0.7515742264220665,0.7913719984066616,0.7267848542786822,0.6421588220623271,-0.12347264263673652,0.10543379184373125,0.1094154043597394,0.19578944980118765
670,0.6971239499720714,0.8595302344634035,0.6982550536851267,0.8096998412331966,0.7403758899524486,0.6339180326396285,-0.11257589126112522,0.11915434451095486,0.06433702104549821,0.17609753373083023
671,0.7277625553755542,0.8852455179874653,0.6451737247530341,0.827946714750356,0.7536707851417809,0.6253559227167048,-0.10018415937480174,0.13157473284568444,0.019817802036329324,0.1665578619897603
672,0.7597223447687812,0.9092989907309832,0.5948639789136171,0.8461107942859937,0.7666642220658663,0.61646206735519,-0.08638844951721247,0.14263476866511693,-0.02159808844157296,0.16814909713248358
673,0.7910789979374236,0.9305156310659796,0.5487786901942109,0.8641902634472943,0.7793510035231799,0.607225613456968,-0.07311126550987068,0.1511646275427997,-0.05844692326275713,0.17779776321284468
674,0.8180498470318786,0.9470063113878578,0.5075336455490616,0.8821833143024047,0.791726054970291,0.5976352749755627,-0.06413346727052616,0.15528025641756682,-0.09010162942650113,0.19063935397119738
675,0.841038431317254,0.9597908409791583,0.47106962544758113,0.9000881475612352,0.803784426551621,0.5876793302090884,-0.059049716243981254,0.15600641442753738,-0.11660970476150723,0.20352565827334188
676,0.8606950151730095,0.9698021799179716,0.43895884554581194,0.9179029727553806,0.8155212950793129,0.5773456216204795,-0.05720795758237107,0.15428088483865865,-0.1383867760746676,0.21500288749150792
677,0.8778240015649807,0.9778443972999544,0.4106427204455247,0.9356260084171686,0.8269319659624466,0.5666215586940145,-0.05780200685218784,0.15091243133750787,-0.15597883824848985,0.22459971484774185
678,0.8931304210981481,0.9845087442712368,0.3855555409091509,0.953255482257799,0.8380118750848067,0.5554941244066477,-0.06012506115965088,0.14649686918643012,-0.1699385834974968,0.23228318454424005
679,0.9071345406629376,0.9901925813388514,0.36319249555826816,0.9707896313445805,0.8487565906304755,0.5439498859681842,-0.06365509068164288,0.14143599070837587,-0.180757390409916,0.23817922710671213
680,0.9202354887088687,0.9951716235613641,0.3431121741385954,0.9882267022772163,0.8591618148564958,0.5319750105656659,-0.06799121356834759,0.13600980870486834,-0.18886283642707047,0.24246782089528893
681,0.9327320074308199,0.9996359092551305,0.32494114501134597,1.0055649513631455,0.8692233858119127,0.5195552869336455,-0.07283294393232564,0.13041252344321774,-0.19461414192229953,0.24532983558635924
682,0.9447808189417559,1.0036949396302042,0.3083478245685992,1.0228026447919047,0.8789372790024944,0.5066761536623483,-0.07802182585014883,0.12475766062770977,-0.1983283290937491,0.24695344766860047
683,0.9566755865153501,1.0074835035389986,0.293040130815973,1.0399380588085174,0.8882996090004824,0.4933227352482483,-0.0832624722931673,0.11918389453851619,-0.2002826044322753,0.2474885081128291
684,0.9698915396392893,1.0114711089102193,0.27873943763626696,1.0569694798858615,0.8973066309987076,0.4794798869840495,-0.08707794024657223,0.11416447791151174,-0.2007404493477825,0.24680523434227097
685,0.985211241378788,1.015855454725607,0.26522029927175905,1.0738952048960235,0.9059547423084627,0.4651322498740918,-0.08868396351723551,0.10990071241714416,-0.19991195060233274,0.24476069939545383
686,1.0019532935044886,1.0204029157314995,0.25233250641209987,1.090713541280604,0.9142404838005289,0.4502643168426439,-0.08876024777611535,0.10616243193097064,-0.19793181043054403,0.24150744319603937
687,1.0196383831006008,1.0249626268537095,0.23990514909566546,1.1074228072199814,0.9221605412887859,0.4348605115707623,-0.08778442411938059,0.10280208556492365,-0.19495536247509682,0.23723820786767372
688,1.0379282497058961,1.0294366240434158,0.2277612483323419,1.124021331801486,0.9297117468558371,0.4189052813456625,-0.08609308209558986,0.09972487718757872,-0.1911440330133206,0.2321488989234992
689,1.0565842249963566,1.0337607639905968,0.2157299718960749,1.1405074551864933,0.936891080120138,0.4023832053261955,-0.0839232301901367,0.0968696838704588,-0.18665323343012058,0.22642056834269358
690,1.0754378435941727,1.0378923481909237,0.2036521881260515,1.1568795287764002,0.9436956694441047,0.3852791196091139,-0.0814416851822275,0.09419667874681903,-0.1816269314830624,0.22021377026018496
691,1.0943703867524033,1.041802204820849,0.19138364677696754,1.1731359153774927,0.9501227930827353,0.36757826041131964,-0.07876552862508945,0.09167941173811378,-0.1761946136343521,0.2136671825760685
692,1.1132985116432488,1.045469624491783,0.17879625539576066,1.1892749893646573,0.9561698802722672,0.3492664265498517,-0.07597647772140848,0.0892997442195157,-0.17047017115409102,0.2068984019704543
693,1.132164099548711,1.048879130442349,0.16577815925629774,1.2052951368439446,0.9618345122584524,0.3303301621888942,-0.07313103729523363,0.08704461818389664,-0.16455200293259648,0.20000568951853953
694,1.1509270457812832,1.0520184284385117,0.1522331141124028,1.2211947558139582,0.9671144232640236,0.31075696051584134,-0.07026771003267496,0.08490400517448804,-0.15852384640343853,0.19307006771233742
695,1.1695601099735524,1.0548771153007517,0.13807948339888004,1.236972256326048,0.9720075013949759,0.29053548859030254,-0.06741214635249548,0.08286961390577574,-0.1524560051914225,0.1861574707167823
696,1.1880452167299438,1.057445875358699,0.1232490790128742,1.2526260606433117,0.9765117894852975,0.2696558330657038,-0.06458084391336794,0.08093408587340156,-0.1464067540528296,0.17932079993411715
697,1.2063707824605692,1.059715990719348,0.10768598532233016,1.2681546033983628,0.9806254858798085,0.24810976580033245,-0.061783820937793665,0.07909050483953961,-0.1404237804780023,0.17260181519665652
698,1.2245297719666959,1.0616790533384715,0.09134545080466364,1.2835563317498675,0.9843469451548001,0.22589102754483356,-0.05902655978317162,0.07733210818367131,-0.13454557674016993,0.1660328339103815
699,1.242518276753697,1.0633268069161252,0.07419289377784094,1.2988297055378224,0.9876746787761803,0.2029956269152212,-0.05631142878412532,0.07565212813994493,-0.12880273313738025,0.15963823341377673
700,1.2603344685263627,1.0646510724763216,0.056203042856148355,1.3139731974375781,0.9906073556948702,0.17942215074251594,-0.05363872891121546,0.07404371678145139,-0.12321910788636758,0.15343576435217096
701,1.2779778242918847,1.0656437281710287,0.037359214931378296,1.328985293112564,0.9931438028792042,0.15517208065333724,-0.051007468820679414,0.07249992529182447,-0.11781286572195894,0.14743768979617472
702,1.2954485489527163,1.0662967245549766,0.017652720935979443,1.3438644913657243,0.9952830057841277,0.13025010941636972,-0.04841594241300795,0.07101371877084894,-0.11259738848039028,0.14165176887709116
703,1.3127471513309208,1.0666021236786787,-0.002917603885071878,1.3586093042896297,0.9970241087570001,0.10466444924219856,-0.04586215295870888,0.06957801492167859,-0.10758205312727044,0.1360820906274157
704,1.3298741337015119,1.0665521537865865,-0.024345771705210326,1.373218257415277,0.9983664153798475,0.07842712292189793,-0.04334412371376506,0.06818573840673903,-0.10277289462710826,0.13072978181203054
705,1.3468297301861527,1.0661392751288776,-0.04661898044942871,1.3876898898595273,0.9993093887479177,0.051554227525755024,-0.04086015967337464,0.06682988638095988,-0.09817320797518372,0.1255936508202718
706,1.363613748862414,1.065356253953843,-0.06971786310279589,1.4020227544711974,0.9998526516844362,0.024066159466105345,-0.03840900560878335,0.06550360226940688,-0.09378402256890123,0.12067069450089517
707,1.3802254676343377,1.0641962403628493,-0.09361670761407222,1.4162154179757676,0.9999959868914717,-0.004012210822560227,-0.03598995034142982,0.06420025347137759,-0.08960449679151199,0.11595652166492317
708,1.396663548975996,1.0626528498682377,-0.11828369452298566,1.4302664611187157,0.999739337036853,-0.03265142639572878,-0.03360291214271971,0.06291351283138469,-0.08563226812725688,0.11144573184233912
709,1.4129260020398404,1.060720245375819,-0.14368114768292622,1.4441744788074369,0.9990828047770997,-0.06181740477477093,-0.031248476767596456,0.06163744059871945,-0.08186374290815529,0.1071322257156465
710,1.429010179885177,1.058393216891408,-0.16976581867664617,1.457938080251753,0.9980266527163616,-0.0914714824314205,-0.028927900366575887,0.06036656417504649,-0.07829433624522567,0.10300945868219581
711,1.4449128031249039,1.0556672567997165,-0.19648922391430526,1.4715558891029872,0.9965713033013819,-0.12157055086072027,-0.026643085978083292,0.05909595349833463,-0.07491867305358499,0.09907064813769428
712,1.4606300077912886,1.0525386280556233,-0.22379804613359938,1.4850265435916035,0.9947173386525217,-0.1520672896241892,-0.024396535800314867,0.057821289403101606,-0.07173075650941019,0.09530893922767983
713,1.4761574147765197,1.049004422521417,-0.2516346076269486,1.4983486966633788,0.9924655003309216,-0.18291049838327378,-0.022191281886859038,0.05653892219049539,-0.06872410924367484,0.0917175332506358
714,1.4914902175277893,1.0450626068188758,-0.2799374179312488,1.5115210161141086,0.9898166890418857,-0.21404552605890018,-0.020030798586319287,0.05524591777699006,-0.06589189187234865,0.08828978274718385
715,1.506623284253024,1.0407120533703647,-0.3086417937968287,1.5245421847228224,0.9867719642746133,-0.24541479105467268,-0.017918900469798382,0.05394008909575132,-0.06322700274215604,0.08501925712131773
716,1.5215512705320582,1.0359525547859478,-0.3376805443499446,1.5374109003835117,0.9833325438784152,-0.2769583822343691,-0.015859629851453505,0.052620010907532655,-0.06072216211557552,0.0818997825328261
717,1.536268737932934,1.030784820403862,-0.36698470980108067,1.550125876235334,0.9794998035755915,-0.30861472634854564,-0.013857138302399985,0.05128501682827058,-0.058369983452535024,0.07892545977855973
718,1.550770274067495,1.0252104545741674,-0.3964843381333279,1.5626858407913,0.9752752764111607,-0.3403213041667633,-0.011915566723805116,0.04993517816300663,-0.05616303396656458,0.07609066390070567
719,1.5650506095412564,1.0192319171349506,-0.4261092812023536,1.5750895380654217,0.9706606521396621,-0.37201539497002895,-0.010038928524165325,0.04857126499528852,-0.05409388623232464,0.07339002927422444
720,1.5791047274955454,1.012852467398448,-0.4557899898011481,1.5873357276983062,0.9656577765492774,-0.4036348275127553,-0.008231000202760796,0.047194690849170606,-0.05215516228839279,0.07081842388824554
721,1.592927961909545,1.0060760937687718,-0.48545828660751406,1.5994231850811964,0.9602686507235386,-0.43511871520880985,-0.006495223171651299,0.04580744304523321,-0.05033957139870421,0.06837091641185658
722,1.6065160815024668,0.9989074317868991,-0.5150480965877395,1.6113507014784265,0.9544954302409214,-0.46640815416292103,-0.004834619975959686,0.044412001545977686,-0.048639942424818505,0.0660427394247205
723,1.619865356911558,0.9913516738843835,-0.5444961162522508,1.6231170841482976,0.9483404243126435,-0.49744686468148896,-0.00325172723673961,0.04301124957173996,-0.04704925157076184,0.06382925186083173
724,1.6329726097489916,0.9834144743934058,-0.5737424060005746,1.6347211564623458,0.9418060948590116,-0.528181759882355,-0.0017485467133542265,0.041608379534394224,-0.04556064611821953,0.061725903296724706
725,1.6458352430927927,0.9751018533931993,-0.6027308933855218,1.646161758023011,0.934895055524683,-0.5585634287330091,-0.00032651493021829125,0.04020679786851633,-0.044167464652512645,0.05972820222198504
726,1.6584512538717464,0.9664201027831875,-0.6314097791723413,1.6574377447796707,0.927610070633246,-0.5885465249860494,0.0010135090920757595,0.0388100321499415,-0.04286325418629189,0.05783168989055985
727,1.6708192283996,0.9573756975929281,-0.6597318422558647,1.668547989143047,0.9199540540815242,-0.6180900577424485,0.002271239256552926,0.03742164351140387,-0.04164178451341616,0.05603192079803162
728,1.6829383229532258,0.9479752150145577,-0.6876546435352843,1.6794913800979598,0.9119300681740611,-0.6471575834684962,0.003446942855265922,0.036045146840496645,-0.040497060066788104,0.05432445029499588
729,1.6948080628085624,0.9382254017938587,-0.7151404834256853,1.6902668233144347,0.9035413223982338,-0.6757173029780909,0.004541239494127769,0.0346840793956249,-0.03942318044759441,0.05270479462315196
730,1.7064289088762656,0.92813261992369,-0.7421568843841487,1.7008732412571288,0.8947911721405041,-0.7037420699869326,0.005555667619136839,0.03334144778318593,-0.03841481439721617,0.05116850152335718
731,1.7178014588319723,0.9177033946330978,-0.7686760395599458,1.7113095732930879,0.8856831173443074,-0.7312093202389199,0.006491885538884468,0.03202027728879042,-0.037466719321025854,0.04971114354127792
732,1.728926716574797,0.9069441267523562,-0.7946748455552051,1.7215747757978035,0.8762208011101247,-0.7581009318558724,0.007351940776993526,0.03072332564223157,-0.036573913699332716,0.048328303663518556
733,1.739806031382344,0.8958610681426383,-0.8201347076883415,1.7316678222595798,0.8664080082382859,-0.7844030284895931,0.008138209122764195,0.02945305990435243,-0.03573167919874842,0.04701559404939478
734,1.7504410383796962,0.8844603066799437,-0.8450412984527084,1.7415877033821823,0.8562486637151049,-0.8101057371275008,0.00885333499751395,0.0282116429648388,-0.03493556132520759,0.04576867689218342
735,1.7608336016053447,0.872747759822738,-0.8693842808186395,1.7513334271857652,0.8457468311429333,-0.8352029121201988,0.00950017441957951,0.027000928679804748,-0.034181368698440684,0.0445832864386765
736,1.770985760733243,0.8607291755940242,-0.8931570073117149,1.7609040191060688,0.8349067111147797,-0.8596918362790572,0.010081741627174345,0.025822464479244522,-0.03346517103265767,0.043455251216210626
737,1.780899682239896,0.8484101397176023,-0.9163562047737888,1.7702985220918765,0.823732639534121,-0.8835729088565338,0.010601160148019373,0.02467750018348125,-0.03278329591725493,0.04238051560549936
738,1.7905776155399298,0.8357960876299305,-0.9389816534750705,1.7795159967007192,0.8122290858806044,-0.9068493289873355,0.01106161883921053,0.023567001749326133,-0.03213232448773495,0.04135516001397903
739,1.8000218543528221,0.8228923201519805,-0.9610358679249129,1.7885555211928177,0.8004006514223111,-0.9295267818372679,0.01146633316000445,0.022491668729669456,-0.03150908608764502,0.04037541906234576
740,1.8092347033498368,0.8097040216984945,-0.98252378537922,1.7974161916232538,0.7882520673753163,-0.9516131333632378,0.011818511726582992,0.021451954323178257,-0.0309106520159822,0.03943769734363621
741,1.818218449946102,0.7962362800379,-1.0034524667583808,1.8060971219323696,0.7757881930112588,-0.9731181382979247,0.012121328013732446,0.02044808702664125,-0.03033432846045614,0.03853858247279508
742,1.8269752036478206,0.7824943222543814,-1.0238309154763519,1.814597444034368,0.7630140137137015,-0.9940531647825135,0.012377759613452666,0.019480308540679947,-0.029777750693838367,0.03767500219340272
743,1.8355073261090766,0.768482834897885,-1.0436694776609785,1.8229163079041226,0.7499346389840432,-1.0144309380104182,0.012591018204954008,0.018548195913841825,-0.029238539650560336,0.03684374454358746
744,1.8438169187825957,0.7542067538481849,-1.062979965265681,1.8310528816621792,0.7365553003977854,-1.0342653043291206,0.012764037120416516,0.017651453450399535,-0.0287146609365605,0.036042006120978146
745,1.8519060018492142,0.7396709934173631,-1.0817752966511687,1.8390063516579414,0.722881349511976,-1.0535710164801917,0.012899650191272816,0.016789643905387064,-0.02820428017097698,0.03526718783075667
746,1.8597765048801356,0.7248804655150106,-1.1000692933206488,1.8467759225510378,0.7089182557246515,-1.0723635400346438,0.013000582329097732,0.015962209790359116,-0.027705753286004997,0.034516895101269776
747,1.8674302606551112,0.7098400969209625,-1.1178764971887754,1.854360817390854,0.6946716040871542,-1.090658880591542,0.013069443264257297,0.015168492833808278,-0.02721761659723332,0.03378893569381735
748,1.874869156992717,0.6945545252827535,-1.1352119616247316,1.8617602776942273,0.6801470930701856,-1.1084734309385513,0.013108879298489695,0.014407432212567906,-0.026738530686180262,0.03308120074419782
749,1.8820946192153516,0.679029164911432,-1.1520912665435077,1.868973563521292,0.665350532284497,-1.125823837107909,0.013121055694059525,0.013678632626934917,-0.026267429435598677,0.03239205060232242
750,1.889108192579925,0.663269043323702,-1.168530209009521,1.8759999535494778,0.6502878401571169,-1.1427268820842833,0.01310823903044711,0.01298120316658502,-0.02580332692523779,0.0317198557143975
751,1.8959113161988856,0.6472792628524674,-1.1845447628435284,1.8828387451456365,0.6349650415640629,-1.1591993858163752,0.013072571053249105,0.012314221288404537,-0.025345377027153226,0.031063166234796293
752,1.9025053274530432,0.631065006355466,-1.2001509835496862,1.8894892544363082,0.6193882654204694,-1.1752581201377648,0.01301607301673502,0.011676740934996599,-0.02489286341192143,0.030420701577783826
753,1.908891466467341,0.614631542350541,-1.2153649268702502,1.895950816376105,0.6035637422291092,-1.1909197372013636,0.012940650091236128,0.011067800121431715,-0.024445189668886647,0.02979133971911327
754,1.915070880674722,0.5979842294261798,-1.2302025796716856,1.902222784814218,0.5874978015882669,-1.2062007100649477,0.012848095860504172,0.01048642783791287,-0.02400186960673789,0.029174106338657687
755,1.921044629452077,0.5811285198602231,-1.2446798019123375,1.9083045325590295,0.5711968696599886,-1.2211172841230187,0.012740096893047559,0.009931650200234454,-0.023562517789318838,0.028568163908729308
756,1.926813688792741,0.5640699624355029,-1.2588122785071905,1.9141954514408346,0.5546674665997017,-1.2356854381550875,0.01261823735190637,0.009402495835801217,-0.023126840352102995,0.027972800833719953
757,1.932378955973462,0.5468142044770127,-1.2726154799829446,1.9198949523726523,0.5379162039482439,-1.2499208538459183,0.012484003600809812,0.008898000528768768,-0.02269462613702622,0.02738742074044935
758,1.9377412541747523,0.5293669931568512,-1.2861046309008135,1.9254024654091402,0.5209497819873273,-1.2638388927244983,0.012338788765612119,0.008417211169523875,-0.022265738176315164,0.02681153200790607
759,1.9429013370183812,0.5117341761251977,-1.2992946851114549,1.9307174398035836,0.5037749870595203,-1.2774545795615464,0.012183897214797623,0.007959189065677386,-0.02184010554990845,0.02624473761261662
760,1.9478598929923645,0.4939217015309859,-1.3122003069935282,1.935839344062973,0.4863986888537981,-1.2907825913575508,0.012020548929391417,0.007523012677187801,-0.021417715635977386,0.025686725353158812
761,1.952617549740803,0.4759356174968288,-1.324835857911355,1.94076766600115,0.4688278376577654,-1.3038372511423686,0.011849883739653011,0.007107779839063355,-0.02099860676898646,0.025137258504507057
762,1.9571748782025296,0.4577820711109694,-1.3372153872077157,1.9455019127900275,0.45106946157762406,-1.3166325258920903,0.011672965412502068,0.006712609533345348,-0.020582861315625367,0.024596166941352787
763,1.9615323965884466,0.43946730699525494,-1.3493526271228604,1.9500416110088725,0.433130663727031,-1.3291820279480693,0.011490785579574059,0.006336643268223918,-0.020170599174791137,0.024063338758671032
764,1.965690574192357,0.4209976655036887,-1.3612609911006879,1.954386306691646,0.415018619385944,-1.3414990193963932,0.011304267500710896,0.005979046117744746,-0.019761971704294723,0.02353871240843671
765,1.9696498350341682,0.40237958060087664,-1.3729535750068707,1.9585355653724,0.39674057313061206,-1.3535964189332585,0.011114269661768317,0.005639007470264579,-0.019357156073612103,0.023022269362996804
766,1.9734105613374393,0.3836195774647247,-1.3844431608420855,1.9624889721287242,0.37830383593583167,-1.3654868108028255,0.01092158920871511,0.005315741528893025,-0.018956350039259995,0.02251402730869963
767,1.9769730968456212,0.36472426985249623,-1.3957422225859197,1.9662461316232376,0.3597157822506608,-1.3771824554492114,0.010726965222383589,0.005008487601835421,-0.01855976713670837,0.022014033867258545
768,1.9803377499829562,0.3457003572647419,-1.4068629338541196,1.9698066681431217,0.3409838470487362,-1.3886953015737538,0.010531081839834533,0.00471651021600572,-0.018167632280365886,0.0215223608372681
769,1.9835047968671147,0.3265546219369553,-1.4178171770938857,1.9731702256376917,0.3221155228543811,-1.4000369993327406,0.01033457122942294,0.004439099082574172,-0.017780177761145044,0.021039098944081326
770,1.9864744841811912,0.3072939256850567,-1.4286165540785885,1.9763364677540007,0.30311835674570226,-1.4112189144499225,0.010138016427190477,0.004175568939354446,-0.017397639628665917,0.020564353082317282
771,1.9892470319129298,0.2879252066271963,-1.4392723974965664,1.979305077870476,0.2839999473358494,-1.422252143052719,0.009941954042453904,0.003925259291346905,-0.01702025444384736,0.020098238032720095
772,1.99182263594727,0.2684554759654317,-1.4497957836133635,1.9820757591285796,0.26476794173367757,-1.4331475270714018,0.009746876818690353,0.003687534231754108,-0.01664825654196167,0.019640874784898236
773,1.9942014706023548,0.2488918142258369,-1.4601975452600018,1.984648234462495,0.24543003248500284,-1.4439156700672382,0.009553236139859811,0.003461781740834058,-0.016281875192763584,0.019192386859320697
774,1.9963836910134376,0.22924136771290266,-1.4704882857484416,1.9870222466268317,0.22599395449569257,-1.4545669533788361,0.00936144438660591,0.003247413217210088,-0.015921332369605468,0.018752897323621034
775,1.9983694353974364,0.20951134505931568,-1.4806783934501127,1.9891975582223522,0.20646748193779657,-1.4651115524962097,0.009171877175084164,0.003043863121519108,-0.015566840953902927,0.018322526324213134
776,2.000158827240221,0.18970901356018044,-1.4907780566711053,1.9911739517197096,0.18685842513998854,-1.4755594535896255,0.008984875520511526,0.0028505884201918963,-0.01521860308147982,0.017901388834725827
777,2.0017519773912156,0.16984169546734712,-1.5007972788887445,1.9929512294812013,0.1671746274635352,-1.4859204701354887,0.008800747910014284,0.0026670680038119177,-0.01487680875325581,0.01748959273949873
778,2.00314898607054,0.14991676424925401,-1.5107458942866938,1.9945292137805317,0.14742396216506348,-1.4962042595945497,0.008619772290008099,0.002492802084190532,-0.01454163469214409,0.01708723722789336
779,2.0043499447932382,0.12994164081954537,-1.520633583536535,1.9959077468205864,0.12761432924735241,-1.5064203401089062,0.008442197972651888,0.0023273115721929583,-0.014213243427628752,0.01669441147499794
780,2.0053549382137725,0.10992378974894243,-1.5304698897781555,1.99708669074921,0.10775365229944407,-1.516578107193738,0.008268247464562561,0.0021701374494983577,-0.013891782584417367,0.016311193581638413
781,2.0061640458941894,0.0898707154737381,-1.5402642347773638,1.998065927672992,0.0878498753273104,-1.5266868504077726,0.008098118221197437,0.0020208401464276993,-0.013577384369591217,0.015937649762167688
782,2.006777344000529,0.0697899584718632,-1.5500259352196852,1.9988453596690559,0.06791095957636362,-1.536755769993164,0.00793198433147313,0.001878998895499584,-0.013270165226521247,0.01557383374199165
783,2.0071949069289556,0.04968909141007087,-1.5597642191210064,1.999424908794852,0.04794488034705368,-1.5467939934810255,0.007769998134103728,0.0017442110630171911,-0.012970225639980848,0.015219786345029407
784,2.007416808862173,0.02957571531421283,-1.5694882423505674,1.9998045170959504,0.02795962380486148,-1.5568105922633153,0.007612291766222468,0.0016160915093513493,-0.01267765008725208,0.014875535265512248
785,2.007443125259584,0.009457455735919187,-1.5792071052465624,1.9999841466118375,0.007963183785935567,-1.5668145981353296,0.0074589786477463615,0.0014942719499836197,-0.012392507111232742,0.014541094994187959
786,2.0072739342827925,-0.010658041082137925,-1.5889298693156266,1.9999637793797111,-0.012036441400328576,-1.5768150198156834,0.007310154903081401,0.001378400318190651,-0.012114849499943237,0.01421646688001305
787,2.0069093181577973,-0.030763112040693992,-1.598665574010123,1.999743417436278,-0.03203125217051633,-1.5868208594525117,0.007165900721519236,0.0012681401298223413,-0.011844714557611269,0.013901639309478003
788,2.0063493644750268,-0.050850081016793114,-1.6084232535791096,1.9993230828175483,-0.05201325086691355,-1.5968411291256488,0.007026281657478428,0.001163169850120438,-0.011582124453460851,0.013596587986914321
789,2.0055941674281654,-0.07091126269413314,-1.6182119539901565,1.998702817556634,-0.07197444495646654,-1.606884867354864,0.006891349871531505,0.0010631822623334009,-0.011327086635292583,0.013301276300348832
790,2.00464382899254,-0.09093896639004212,-1.628040749919623,1.997882683679544,-0.09190685022768164,-1.6169611556237677,0.0067611453129960974,0.000967883837639516,-0.011079594295855255,0.013015655758637796
791,2.003498460043682,-0.11092549987831157,-1.637918761808803,1.9968627631989828,-0.111802493984214,-1.6270791349278113,0.006635696844699002,0.0008769941059024317,-0.010839626880991604,0.012739666486829695
792,2.0021581814165503,-0.1308631732071293,-1.6478551729821738,1.9956431581061487,-0.13165341823383273,-1.6372480223527806,0.0065150233104016575,0.0007902450267034122,-0.010607150629393214,0.012473237767794828
793,2.0006231249057933,-0.15074430251125667,-1.6578592468221371,1.994223990360534,-0.15145168287151517,-1.6474771276873965,0.0063991345452592,0.0007073803602584972,-0.01038211913474063,0.012216288619313013
794,1.9988934342073328,-0.17056121381732312,-1.6679403439918177,1.9926054018777313,-0.1711893688553761,-1.6577758700698915,0.006288032329601512,0.0006281550380529966,-0.01016447392192621,0.011968728396929357
795,1.9969692658021083,-0.19030624683486813,-1.6781079396938183,1.9907875545152398,-0.1908585813741894,-1.668153794663767,0.006181711286868508,0.0005523345393212697,-0.00995414503005132,0.011730457414645864
796,1.9948507897796073,-0.2099717587588474,-1.688371640947467,1.9887706300562809,-0.21045145300520013,-1.6786205893521406,0.006080159723326428,0.00047969424635271873,-0.009751051595326299,0.011501367572852386
797,1.9925381906037876,-0.2295501280501461,-1.6987412038628766,1.9865548301916196,-0.22996014686099078,-1.689186101433152,0.0059833604121679596,0.00041001881084468117,-0.009555102429724682,0.011281342991402918
798,1.9900316678202636,-0.24903375820685186,-1.7092265508812685,1.984140376499396,-0.24937685972413318,-1.699860354290574,0.005891291320867742,0.00034310151728131344,-0.009366196590694598,0.01107026064074516
799,1.9873314367042973,-0.26841508152621324,-1.7198377879429319,1.981527510422967,-0.2686938251683646,-1.7106535640039524,0.005803926281330307,0.00027874364215135783,-0.009184223938979441,0.010867990966985548
800,1.984437728848849,-0.2876865628576029,-1.73058522153383,1.9787164932467636,-0.2879033166650653,-1.7215761558510787,0.005721235602085484,0.0002167538074623887,-0.009009065682751283,0.010674398507819854
801,1.981350792691605,-0.30684070334708696,-1.7414793755493752,1.9757076060701602,-0.30699765067375967,-1.7326387806421168,0.005643186621444807,0.00015694732667270728,-0.008840594907258303,0.010489342497127492
802,1.978070893979495,-0.3258700441744883,-1.7525310078993537,1.9725011497793674,-0.325969189715432,-1.7438523308090974,0.00556974420012768,9.914554094370143e-05,-0.00867867709025627,0.010312677456901481
803,1.9745983161687728,-0.34476717028395537,-1.7637511267608348,1.9690974450173422,-0.344810345427416,-1.7552279561563868,0.0055008711514306086,4.3175143460638665e-05,-0.00852317060444796,0.01014425377591571
804,1.9709333607582251,-0.3635247141091324,-1.775151006366073,1.9654968321517237,-0.3635135815986424,-1.7667770791568955,0.005436528606501456,-1.1132510490008407e-05,-0.0083739272091774,0.009983918275241444
805,1.9670763475525217,-0.3821353592940337,-1.7867422021896417,1.961699671240799,-0.3820714171840091,-1.7785114096548387,0.005376676311722672,-6.394211002458405e-05,-0.008230792534803077,0.009831514761492462
806,1.963027614852102,-0.4005918444106442,-1.7985365653728564,1.9577063419974947,-0.4004764292967199,-1.7904429588085071,0.005321272854607262,-0.00011541511392432202,-0.00809360656434932,0.009686884569363913
807,1.95878751956533,-0.4188869666740521,-1.8105462561935064,1.9535172437514072,-0.41872125617732653,-1.80258405207521,0.005270275813922698,-0.00016571049672559068,-0.00796220411829629,0.009549867095669866
808,1.9543564372379452,-0.43701358565556075,-1.8227837563548226,1.94913279540887,-0.43679860013833777,-1.814947341005158,0.0052236418290751985,-0.00021498551722298753,-0.007836415349664616,0.009420300327672092
809,1.949734761994128,-0.4549646269935781,-1.8352618798284321,1.944553435411064,-0.45470123048319755,-1.8275458135709115,0.005181326583064028,-0.00026339651038054246,-0.007716066257520637,0.009298021368683507
810,1.9449229063828009,-0.47273308610121045,-1.8479937819418797,1.9397796216901726,-0.4724219863984661,-1.8403928027138892,0.005143284692628258,-0.00031109970274434406,-0.007600979227990523,0.009182866964015933
811,1.93992130112163,-0.49031203187008654,-1.860992966350534,1.9348118316235898,-0.4899537798180512,-1.8535019927388603,0.005109469498040253,-0.00035825205203532384,-0.0074909736116737236,0.009074674029130925
812,1.9347303947291166,-0.5076946103730233,-1.874273289480547,1.9296505619861817,-0.5072895982583422,-1.8668874231310342,0.005079832742934887,-0.00040501211468113585,-0.007385866349512771,0.008973280182970828
813,1.9293506530401616,-0.5248740485467254,-1.8878489619636436,1.9242963289006125,-0.5244225076230977,-1.8805634893080148,0.005054324139549093,-0.00045154092362764686,-0.007285472655628844,0.00887852428781128
814,1.9237825586001958,-0.5418436578378477,-1.9017345465131517,1.9187496677857283,-0.541345654977011,-1.894544939750472,0.00503289081446745,-0.0004980028608366771,-0.007189606762679768,0.008790246993214866
815,1.9180266099251924,-0.5585968378189888,-1.9159449516211737,1.9130111333030182,-0.5580522712867794,-1.9088468688807356,0.005015476622174164,-0.0005445665322094673,-0.007098082740438105,0.008708291281628304
816,1.9120833206186838,-0.5751270797637399,-1.9304954203724551,1.9070812993011486,-0.5745356741286307,-1.9234847049782011,0.0050020213175352435,-0.0005914056351091768,-0.007010715394254019,0.008632503010456828
817,1.9059532183370032,-0.5914279701676234,-1.9454015135828637,1.9009607587585777,-0.5907892703612041,-1.9384741923347701,0.004992459578425423,-0.000638699806419285,-0.0069273212480935875,0.008562731442665984
818,1.8996368435943856,-0.6074931941991563,-1.9606790863779895,1.89465012372426,-0.6068065587627183,-1.9538313667637117,0.0049867198701256665,-0.0006866354364379879,-0.00684771961427777,0.00849882975482172
819,1.8931347484003334,-0.6233165390624503,-1.9763442572318501,1.8881500252564394,-0.6225811326313736,-1.9695725234828305,0.0049847231438939765,-0.0007354064310767239,-0.006771733749019626,0.00844065550817901
820,1.8864474947228402,-0.6388918972497183,-1.9924133683892888,1.8814611133595462,-0.6381066823479474,-1.9857141762998443,0.00498638136329399,-0.0007852149017708587,-0.006699192089444583,0.008388071065116551
821,1.8795756527728056,-0.6542132696587584,-2.0089029365015083,1.8745840569191952,-0.6533769978995605,-2.0022730069375108,0.00499159585361042,-0.0008362717591978708,-0.00662992956399755,0.008340943930070586
822,1.8725197991073335,-0.6692747685469668,-2.0258295922164566,1.8675195436353014,-0.6683859713635882,-2.019265803252276,0.005000255472032089,-0.0008887971833785313,-0.006563788964180528,0.008299146991412223
823,1.8652805145527551,-0.6840706202896907,-2.0432100073898303,1.8602682799533052,-0.6831275993507646,-2.036709385028378,0.005012234599449883,-0.0009430209389260646,-0.006500622361452102,0.008262558638665546
824,1.8578583819521568,-0.6985951679070544,-2.061060808525164,1.8528309909935323,-0.6975959854064473,-2.0546205159757753,0.005027390958624478,-0.0009991825006071542,-0.006440292549388715,0.008231062728596503
825,1.8502539837467127,-0.7128428733204776,-2.079398475020684,1.8452084204786805,-0.711785342369123,-2.073015800533438,0.005045563268032183,-0.001057530951354524,-0.006382674487245943,0.008204548373611351
826,1.8424678993994372,-0.7268083193084138,-2.098239220742585,1.8374013306594494,-0.7256899946851959,-2.091911564088844,0.005066568739987787,-0.0011183246232179256,-0.00632765665374091,0.008182909475702915
827,1.834500702711821,-0.7404862110665132,-2.1175988577647282,1.8294105022383151,-0.7393043806791324,-2.1113237152817104,0.005090200473505835,-0.0011818303873808444,-0.006275142483017859,0.00816604415290484
828,1.8263529590373195,-0.7538713773733464,-2.1374926408201658,1.8212367342914608,-0.7526230547780576,-2.1312675891780724,0.005116224745858711,-0.0012483225952888422,-0.0062250516420934154,0.008153853867882085
829,1.8180252224437974,-0.766958771293615,-2.157935091486748,1.812880844188868,-0.765640689689914,-2.1517577702945823,0.005144378254929416,-0.00131808160370106,-0.006177321192165852,0.008146242315017834
830,1.8095180328789868,-0.7797434703674061,-2.17893980134042,1.8043436675125866,-0.7783520785342984,-2.172807894737887,0.005174365366400258,-0.001391391833107658,-0.006131906602532933,0.00814311407020853
831,1.8008319134061623,-0.7922206762352919,-2.200519213703341,1.7956260579731689,-0.7907521369251587,-2.1944304311165266,0.005205855432993456,-0.0014685393101332433,-0.006088782586814556,0.008144373019706936
832,1.7919673675916252,-0.8043857136526776,-2.2226843841311164,1.786728887324304,-0.8028359050044701,-2.216636440398034,0.0052384802673213215,-0.001549808648207529,-0.006047943733082484,0.008149920598122746
833,1.7829248771409203,-0.8162340288533613,-2.245444720437476,1.777653045275642,-0.8145985494261158,-2.2394353155356597,0.0052718318652782425,-0.001635479427245512,-0.006009404901816229,0.008159653880323558
834,1.7737048998963894,-0.8277611872325301,-2.268807703854915,1.7683994394038254,-0.8260353652891601,-2.262834502486271,0.005305460492563974,-0.0017258219433700095,-0.005973201368643988,0.008173463587044663
835,1.7643078683239397,-0.8389628703340071,-2.2927785938790595,1.7589689950617298,-0.8371417780197469,-2.2868392051869093,0.005338873262209942,-0.0018210923142601976,-0.00593938869215016,0.008191232078475068
836,1.7547341886307,-0.8498348721460909,-2.3173601204366876,1.7493626552859305,-0.8479133452008673,-2.311452078146046,0.005371533344769475,-0.0019215269452236283,-0.005908042290641458,0.008212831423035465
837,1.744984240666214,-0.8603730947351955,-2.3425521682344335,1.739581380702398,-0.8583457583492696,-2.3366729115189178,0.0054028599638158425,-0.002027336385925893,-0.005879256715515702,0.008238121638895583
838,1.7350583787663765,-0.8705735432768215,-2.3683514594542476,1.7296261494304437,-0.868434844638788,-2.3624983148415106,0.005432229335932792,-0.0021386986380335093,-0.005853144612737005,0.008266949212382246
839,1.724956933699663,-0.8804323205788428,-2.394751242312436,1.7194979569848965,-0.8781765685694278,-2.3889214069446996,0.0054589767147665835,-0.0022557520094149686,-0.005829835367736624,0.00829914599915294
840,1.7146802158674026,-0.8899456212318692,-2.4217409943220765,1.709197816176561,-0.8875670335815046,-2.4159315208889622,0.005482399690841522,-0.002378587650364583,-0.005809473433114221,0.008334528609985454
841,1.704228519892101,-0.8991097255639748,-2.4493061503054427,1.6987267570109346,-0.8966024836142181,-2.443513933963093,0.005501762881166439,-0.002507241949756711,-0.005792216342349832,0.008372898372235574
842,1.6936021306985156,-0.9079209936202183,-2.4774278661881444,1.6880858265852081,-0.9052793046080264,-2.471649633771164,0.005516304113307502,-0.0026416890121918613,-0.005778232416980167,0.008414041940248987
843,1.6828013311502834,-0.9163758594281233,-2.5060828302521254,1.6772760889835565,-0.9135940259502211,-2.5003151320731636,0.005525242166726896,-0.0027818334779021736,-0.005767698178961833,0.008457732602970721
844,1.671826411250167,-0.9244708258451064,-2.535243133708269,1.666298625170732,-0.921543321863127,-2.52948233822374,0.00552778607943516,-0.0029275039819793847,-0.005760795484528902,0.008503732305233443
845,1.6606776788452393,-0.9322024603086939,-2.5648762120558257,1.655154532883968,-0.9291240127343685,-2.559118503655017,0.005523145961271236,-0.0030784475743254047,-0.005757708400808692,0.008551794361776931
846,1.6493554717016907,-0.939567391821178,-2.594944867630175,1.6438449265232045,-0.9363330663886721,-2.5891862477784504,0.005510545178486259,-0.0032343254325059023,-0.005758619851724767,0.00860166680150837
847,1.6378601707309624,-0.9465623094933162,-2.625407381943721,1.6323709370396566,-0.9431675993006936,-2.619643673878287,0.005489233691305717,-0.0033947101926226075,-0.005763708065434248,0.00865309623621588
848,1.626192214064538,-0.9531839629437824,-2.6562177238887483,1.6207337118227096,-0.949624877748395,-2.6504445810272683,0.005458502241828311,-0.0035590851953873903,-0.005773142861480007,0.008705832105613338
849,1.6143521115949766,-0.9594291648007642,-2.68732585665072,1.6089344145851874,-0.9557023189064935,-2.6815387748284367,0.005417697009789224,-0.003726845894270747,-0.00578708182228338,0.008759631112514073
850,1.6023404595325004,-0.9652947954795387,-2.718678142400831,1.5969742252469805,-0.9613974918795568,-2.712872476001037,0.005366234285519855,-0.0038973035999818606,-0.00580566639979363,0.008814261631198219
851,1.590157954476445,-0.9707778103174585,-2.750217839692084,1.5848543398170567,-0.9667081186743309,-2.7443888216776147,0.005303614659388334,-0.004069691643127538,-0.005829018014469334,0.008869507852098049
852,1.577805406475358,-0.9758752490401496,-2.7818856842278192,1.5725759702738584,-0.9716320751109048,-2.7760284500182753,0.0052294362014995155,-0.004243173929244781,-0.005857234209543982,0.008925173419313969
853,1.565283750553134,-0.9805842474165435,-2.8136205395996834,1.5601403444441087,-0.976167391672356,-2.807730154671101,0.005143406109025417,-0.004416855744187487,-0.005890384928582293,0.008981084326193102
854,1.5525940562139255,-0.9849020508438227,-2.845360101011366,1.5475487058800246,-0.9803122542925307,-2.8394315920225517,0.005045350333900966,-0.004589796551291991,-0.005928508988814141,0.00903709085959063
855,1.539737534540775,-0.9888260294846722,-2.877041632330383,1.5348023137349744,-0.9840650050816433,-2.8710700213760587,0.004935220805800666,-0.004761024403028946,-0.005971610954324191,0.009093068522674268
856,1.5267155424380046,-0.9923536945389017,-2.9086027144710016,1.5219024426375487,-0.9874241429894152,-2.9025830564067965,0.004813099800455856,-0.004929551549486488,-0.0060196580642051245,0.009148917497613727
857,1.5135295839498533,-0.9954827150794313,-2.9399819833565797,1.5088503825641069,-0.9903883244054711,-2.9339094056196564,0.004679201385746401,-0.005094390673960225,-0.006072577736923268,0.009204560951956377
858,1.5001813085206763,-0.9982109349160235,-2.9711198357011184,1.4956474387097796,-0.9929563636967662,-2.9649895801409523,0.004533869810896762,-0.00525457121925732,-0.006130255560166109,0.009259942083693391
859,1.4866725062527595,-1.0005363889279824,-3.0019590827763443,1.4822949313579503,-0.9951272336818244,-2.9957665489487293,0.004377574894809166,-0.005409155246157926,-0.006192533827614977,0.009315020002278959
860,1.4730051003473554,-1.0024573183384786,-3.0324455351133697,1.4687941957482267,-0.9969000660415961,-3.0261863244390357,0.004210904599128762,-0.005557252296882531,-0.006259210674333993,0.009369764612831346
861,1.4591811370297445,-1.0039721844641423,-3.0625285046518753,1.4551465819429195,-0.9982741516667748,-3.0561984648014353,0.004034555086825042,-0.005698032797367469,-0.006330039850440006,0.009424150731851636
862,1.4452027733525739,-1.0050796805583622,-3.0921612149077338,1.4413534546920337,-0.9992489409414315,-3.085756483749059,0.0038493186605401686,-0.005830739616930702,-0.006404731158674792,0.009478151710419479
863,1.4310722633384056,-1.0057787414678971,-3.1213011139751323,1.4274161932968048,-0.999824043962853,-3.1148181624090387,0.003656070041600845,-0.005954697505044182,-0.0064829515660935755,0.009531732871518471
864,1.4167919429598699,-1.0060685509316787,3.1332752178623187,1.413336191471756,-0.999999230697499,3.139839544846084,0.003455751488113945,-0.00606932023417972,-0.006564326983765412,0.009584845079729553
865,1.402364214479823,-1.005948546460047,3.1052307201044114,1.399114857205336,-0.999774431073011,3.111879164795771,0.0032493572744869414,-0.00617411538703605,-0.006648444691359501,0.009637418758348256
866,1.3877915305963373,-1.0054184218355127,3.0777796653329923,1.3847536126191209,-0.9991497350062423,3.084514521703087,0.00303791797721642,-0.006268686829270398,-0.006734856370094633,0.009689358623023874
867,1.373076378857821,-1.004478127360219,3.0509464817552865,1.3702538938256013,-0.9981253923672896,3.057769563448156,0.0028224850322198236,-0.006352734992929432,-0.006823081692869604,0.00974053938111578
868,1.3582212667804485,-1.003127868052788,3.0247511823995583,1.3556171507845733,-0.9967018128795511,3.0316637948036833,0.002604115995875178,-0.006426055173236911,-0.006912612404124996,0.009790802595248288
869,1.343228707960656,-1.0013681000493335,2.999209546525682,1.3408448471581444,-0.9948795659558413,3.006212463340424,0.002383860802511517,-0.00648853409349226,-0.007002916814741855,0.009839954823186765
870,1.3281012094311053,-0.9991995254950771,2.974333348671031,1.325938460164364,-0.9926593804706327,2.9814267933001624,0.002162749266741315,-0.006540145024444333,-0.007093444629131529,0.00988776709060792
871,1.3128412604339443,-0.9966230862277162,2.9501306237489437,1.3108994804295147,-0.9900421444685181,2.957314255765872,0.001941780004429683,-0.0065809417591981,-0.007183632016928065,0.00993397568842376
872,1.2974513227144795,-0.9936399565522248,2.926605957254625,1.295729411839035,-0.987028904809002,2.9338788640941087,0.0017219108754444878,-0.006611051743222851,-0.007272906839483895,0.009978284226777443
873,1.2819338223746743,-0.9902515353920212,2.903760790609869,1.2804297713871424,-0.9836208667477723,2.9111214845518916,0.0015040509875319241,-0.006630668644248883,-0.007360693942022767,0.010020366827170137
874,1.266291143271345,-0.9864594380766879,2.881593732875822,1.2650020890251326,-0.9798193934546138,2.8890401533006966,0.0012890542462125065,-0.006640044622074126,-0.007446420424874756,0.010059872294259304
875,1.2505256218995457,-0.9822654879948894,2.8601008713764733,1.2494479075083849,-0.9756260054681576,2.867630392188506,0.0010777143911608889,-0.006639482526731855,-0.0075295208120325086,0.010096429081141688
876,1.234639543667691,-0.9776717083058027,2.8392760751163766,1.2337687822420895,-0.9710423800876875,2.8468855171578986,0.0008707614256013851,-0.006629328218115238,-0.00760944204152203,0.010129650846258092
877,1.2186351404469578,-0.9726803138658336,2.8191112861748833,1.217966281125707,-0.9660703507022413,2.826796934384504,0.0006688593212507143,-0.006609963163592303,-0.007685648209620588,0.01015914239577905
878,1.202514589262491,-0.9672937034916846,2.7995967954658063,1.2020419843961807,-0.9607119060572806,2.807354420475193,0.0004726048663103999,-0.006581797434404013,-0.007757625009386704,0.010184505810958604
879,1.1862800119866037,-0.9615144526475167,2.7807215003330183,1.1859974844699102,-0.9549691894592174,2.7885463841460103,0.0002825275166935537,-0.0065452631882992884,-0.007824883812991956,0.010205346573665116
880,1.1699334758931446,-0.9553453066140226,2.7624731423912516,1.1698343857835234,-0.9488444979181241,2.7703601077480107,9.909010962116938e-05,-0.00650080869589853,-0.007886965356759035,0.010221279523093567
881,1.1534769949360735,-0.9487891741713039,2.744838524811362,1.153554304633417,-0.9423402812289547,2.7527819678085708,-7.730969734343063e-05,-0.0064488929423491825,-0.007943442997208727,0.010231934500429956
882,1.1369125316227273,-0.941849121805735,2.7278037088937443,1.1371588690141392,-0.9354591409916634,2.735797634409647,-0.00024633739141188826,-0.006389980814071605,-0.0079939255159025,0.010236961564273252
883,1.1202419993621973,-0.9345283684334941,2.7113541902820146,1.1206497184555895,-0.9282038295705979,2.7193922497417313,-0.00040771909339221146,-0.00632453886289619,-0.008038059459716695,0.0102360356860135
884,1.1034672651806543,-0.9268302806198855,2.6954750555549998,1.1040285038590658,-0.9205772489935901,2.703550586566602,-0.0005612386784115131,-0.006253031626295424,-0.008075531011602077,0.010228860859985475
885,1.08659015270768,-0.9187583682636661,2.6801511202142216,1.0872968873321767,-0.9125824497911844,2.688257187608608,-0.0007067346244966632,-0.006175918472481667,-0.00810606739438624,0.010215173586901716
886,1.0696124453500342,-0.9103162807088743,2.665367049272525,1.0704565420226324,-0.9042226297764663,2.6734964870893,-0.0008440966725982157,-0.00609365093240799,-0.008129437816775109,0.0101947457101951
887,1.052535889581361,-0.9015078032426883,2.6511074617631816,1.0535091519509268,-0.8955011327659768,2.6592529157394935,-0.0009732623695657416,-0.006006670476711551,-0.008145453976311945,0.010167386603057197
888,1.0353621982876873,-0.8923368539361022,2.6373570205421157,1.0364564118419504,-0.8864214472422383,2.6455109906809953,-0.0010942135542630904,-0.005915406693863923,-0.00815397013887953,0.010132944719176269
889,1.018093054118946,-0.8828074807842261,2.6241005087619618,1.0193000269555008,-0.8769872049583982,2.632255391580335,-0.0012069728365549093,-0.005820275825827892,-0.008154882818373288,0.01009130853250944
890,1.000730112805937,-0.8729238591043074,2.611322894366904,1.0020417129157693,-0.8672021794855813,2.619471024450662,-0.0013116001098323338,-0.00572167961872605,-0.00814813008375781,0.010042406901201341
891,0.9832750064102012,-0.8626902891518058,2.5990093839014343,0.9846831955397783,-0.8570702847035119,2.607143074424953,-0.0014081891295771864,-0.005620004448293914,-0.008133690523518755,0.009986208898069454
892,0.965729346481177,-0.8521111939176974,2.587145466852446,0.9672262106648,-0.8465955732350124,2.5952570487522775,-0.0014968641836229368,-0.005515620682684963,-0.00811158189983141,0.009922723155321217
893,0.9480947271009383,-0.8411911170734305,2.575716951659167,0.9496725039747743,-0.8357822348250097,2.5837988111854746,-0.0015777768738359788,-0.005408882248420843,-0.008081859526307689,0.009851996774454613
894,0.930372727801795,-0.8299347210333976,2.5647099944343945,0.9320238308257422,-0.8246345946646914,2.572754608838554,-0.0016511030239472202,-0.005300126368706248,-0.00804461440415949,0.009774113854030618
895,0.9125649163448398,-0.818346785107376,2.554111121347541,0.9142819560703085,-0.8131571116614865,2.562111092499413,-0.001717039725468661,-0.005189673445889498,-0.007999971151871677,0.00968919368805202
896,0.8946728513491331,-0.8064322037174367,2.5439072455257614,0.8964486538811698,-0.8013543766555692,2.5518553312912466,-0.0017758025320366855,-0.005077827061867546,-0.007948085765485224,0.009597388688519974
897,0.8766980847767791,-0.7941959846653603,2.5340856792467323,0.8785257075736812,-0.7892311105835723,2.5419748224863588,-0.001827622796902073,-0.004964874081788029,-0.007889143239626417,0.009498882081124593
898,0.8586421642745639,-0.7816432474359631,2.5246341421117924,0.8605149094275374,-0.7767921625902832,2.532457497190761,-0.0018727451529735317,-0.004851084845679976,-0.007823355078968586,0.009393885419760844
899,0.8405066353724153,-0.76877922152325,2.515540765807749,0.8424180605075443,-0.7640425080890486,2.523291722537723,-0.0019114251351289857,-0.004736713434201345,-0.007750956729974057,0.009282635963716151
900,0.8222930435178264,-0.75560924475254,2.5067940959808186,0.8242369704835132,-0.750987246771676,2.5144663009541306,-0.001943926965686793,-0.004621997980863934,-0.007672204973312002,0.009165393965103082
901,0.8040029359561459,-0.742138761593338,2.4983830916944574,0.8059734574492955,-0.7376316005686248,2.505970466995288,-0.0019705214931495796,-0.004507161024713269,-0.0075873753008304234,0.009042439903771016
902,0.7856378634726688,-0.7283733214644068,2.4902971228858677,0.7876293477409753,-0.7239809115603028,2.4977938821817167,-0.0019914842683064204,-0.004392409904104055,-0.0074967592958490314,0.008914071701331678
903,0.7671993819979375,-0.7143185770239585,2.482525966172945,0.7692064757542365,-0.710040639840307,2.489926628215464,-0.0020070937562990387,-0.004277937183651548,-0.007400662042519102,0.008780601947556109
904,0.748689054228928,-0.6999802825557588,2.47505979979585,0.7507066837609222,-0.6958163613314545,2.482359198903139,-0.002017629531994247,-0.004163921224304312,-0.007299399107289162,0.008642354784321288
905,0.7301084505961718,-0.6853642919425572,2.467889195987214,0.732131821724822,-0.6813137655554999,2.475082491068045,-0.002023371128650253,-0.004050526387057274,-0.007193295080830886,0.008499664043737757
906,0.7114591506284879,-0.670476556978547,2.461005113949716,0.7134837471166572,-0.6665386533573856,2.4680877946939646,-0.002024596488169328,-0.0039379036211614205,-0.0070826807442485595,0.008352870308727002
907,0.6927427440494165,-0.655323125556078,2.4543988917921644,0.6947643247283485,-0.6514969345849919,2.4613667825080277,-0.002021580678931989,-0.003826190971086052,-0.006967890715863234,0.00820231838060829
908,0.6739608317109278,-0.6399101397868207,2.4480622378836188,0.6759754264865352,-0.6361946257252741,2.454911499179146,-0.0020145947756073923,-0.0037155140615465765,-0.00684926129552732,0.008048354934138002
909,0.6551150264192328,-0.6242438340925046,2.4419872218496637,0.6571189312653843,-0.6206378474977482,2.448714350281457,-0.0020039048461515385,-0.0036059865947564163,-0.00672712843179335,0.00789132630752493
910,0.6362069536461312,-0.6083305332553511,2.4361662653263134,0.6381967246987043,-0.6048328224062841,2.4427680911485643,-0.0019897710525730306,-0.003497710849067026,-0.006601825822250884,0.007731576437743943
911,0.6172382521312975,-0.5921766504277874,2.430592132570708,0.619210698991383,-0.5887858722501876,2.4370658157238534,-0.001972446860085575,-0.003390778177599807,-0.006473683153145338,0.007569444948796859
912,0.5982105743810476,-0.5757886851013496,2.4252579210118372,0.6001627527301665,-0.5725034155955617,2.431600945494345,-0.0019521783491188716,-0.003285269505787891,-0.006343024482507786,0.007405265398223177
913,0.5791255870684086,-0.559173221034205,2.420157051810748,0.5810547906938144,-0.5559919652079778,2.426367218580206,-0.0019292036254058287,-0.0031812558262271917,-0.00621016676945807,0.007239363685066853
914,0.5599849713394853,-0.5423369241369478,2.4152832604881413,0.5618887236626036,-0.5392581254474379,2.4213586790388097,-0.0019037523231182352,-0.0030787986895098873,-0.006075418550668399,0.007072056620539147
915,0.540790423031339,-0.5252865403165677,2.4106305876676046,0.5426664682272655,-0.5223085896267315,2.4165696664309295,-0.0018760451959265456,-0.002977950689836195,-0.00593907876332489,0.006903650660717969
916,0.5215436528094387,-0.5080288932811162,2.4061933699820517,0.5233899465973252,-0.5051501373341961,2.4119948056869718,-0.0018462937878864771,-0.0028787559469201085,-0.005801435704920088,0.006734440792778397
917,0.5022463862199332,-0.49057088229649337,2.401966231148629,0.504061086408882,-0.48778963172197237,2.4076289973029317,-0.0018147001889488035,-0.0027812505745209992,-0.005662766154302723,0.006564709593908985
918,0.4829003636741871,-0.4729194799055888,2.3979440732701933,0.48468182053184755,-0.470234016760835,2.4034674078887996,-0.0017814568576604572,-0.002685463144753819,-0.005523334618606324,0.006394726432509182
919,0.46350734036567487,-0.4550817296058781,2.3941220683734503,0.46525408687666003,-0.4524903144626965,2.3995054610862865,-0.0017467465109851643,-0.002591415143181619,-0.005383392712836166,0.006224746815619683
920,0.4440690861243188,-0.43706474348562024,2.3904956502014643,0.44577982820049183,-0.43456562207189353,2.395738828867818,-0.0017107420761730552,-0.0024991214137267126,-0.0052431786663538205,0.006055011876044846
921,0.42458738521320966,-0.4188756998187749,2.3870605062748753,0.426260991912989,-0.416467109226396,2.3921634232246705,-0.0016736066997793397,-0.002408590592378912,-0.005102916949795144,0.005885747991865526
922,0.4050640360724105,-0.4005218406186688,2.383812570233494,0.40669952988151115,-0.3982020150900286,2.388775388248735,-0.0016354938091006632,-0.0023198255286401848,-0.004962818015240789,0.005717166530313406
923,0.38550085102609105,-0.382010469161524,2.3807480144626303,0.38709739823596034,-0.3797776454569147,2.385571092609647,-0.0015965472098692923,-0.0022328237046092547,-0.004823078147016879,0.005549463712958055
924,0.36589965593037843,-0.36334894745443763,2.377863243030531,0.367456557173166,-0.3612013698292525,2.382547122426782,-0.0015569012427875673,-0.0021475776251851375,-0.004683879396250923,0.005382820574254097
925,0.3462622897897309,-0.3445446936704793,2.375154884908322,0.3477789707608671,-0.3424806184696126,2.379700274533819,-0.0015166809711362195,-0.0020640752008667107,-0.004545389625496998,0.005217403037011363
926,0.32659060435110665,-0.32560517955564156,2.3726197875098096,0.328066606741307,-0.3236228794289322,2.377027550132213,-0.0014760023902003483,-0.0019823001267093576,-0.004407762622403499,0.005053362067345506
927,0.3068864636733085,-0.3065379278024686,2.3702550105380125,0.30832143633446063,-0.3046356955513944,2.3745261488288225,-0.0014349726611521119,-0.0019022322510741652,-0.00427113829081005,0.004890833914017573
928,0.28715174363665363,-0.2873505093532191,2.3680578201470004,0.28854543404091454,-0.2855266614573912,2.3721934630521706,-0.0013936904042609055,-0.0018238478958279014,-0.0041356429051702115,0.00472994041496608
929,0.26738833147931834,-0.268050540713096,2.3660256834111983,0.2687405774444146,-0.26630342050577305,2.370027072841291,-0.0013522459650962548,-0.0017471202073229275,-0.004001389430092761,0.004570789378237995
930,0.24759812531608774,-0.248645681228444,2.3641562631162616,0.2489088470141234,-0.2469736617366209,2.3680247410007484,-0.0013107216980356717,-0.0016720194918231068,-0.003868477884486854,0.004413475013354194
931,0.2277830335749031,-0.22914363026405996,2.362447412861541,0.22905222590655416,-0.22754511679571235,2.366184408615277,-0.00126919233165107,-0.0015985134683476065,-0.0037369957537358722,0.004258078410110658
932,0.20794497447761906,-0.209552124400695,2.360897172471334,0.20917269976727051,-0.20802555684197999,2.36450419091746,-0.0012277252896514546,-0.0015265675587150251,-0.003607018446125654,0.0041046680704853135
933,0.1880858755244302,-0.189878934611698,2.3595037637334375,0.1892722565323201,-0.1884227894391479,2.3629823735019793,-0.0011863810078898973,-0.0014561451725501051,-0.0034786097685417516,0.003953300466852592
934,0.16820767294983288,-0.17013186338593297,2.3582655864460635,0.16935288622944283,-0.16874465543281053,2.361617408880159,-0.0011452132796099523,-0.0013872079531224435,-0.003351822434095375,0.0038040206348948988
935,0.14831231117555524,-0.1503187418203296,2.3571812147802444,0.14941658077906955,-0.1489990258141988,2.3604079133688436,-0.001104269603514313,-0.0013197160061307889,-0.0032266985885991417,0.0036568627914855037
936,0.1284017422775759,-0.13044742669820533,2.3562493939616886,0.12946533379513178,-0.12919379857188856,2.3593526643079974,-0.0010635915175558897,-0.0012536281263167692,-0.0031032703463087508,0.0035118509702987922
937,0.10847792545220575,-0.11052579753801317,2.3554690372664036,0.10950114038569836,-0.10933689553270708,2.3584505976018466,-0.001023214933492611,-0.0011889020053060945,-0.0029815603354430564,0.0033689996753087483
938,0.0885428264847782,-0.09056175361555585,2.354839223330452,0.08952599695348055,-0.08943625919312186,2.3577008055788626,-0.0009831704687023601,-0.0011254944224339952,-0.002861582248410599,0.0032283145494014535
939,0.06859841722822917,-0.07056321096678021,2.3543591937752626,0.06954190099617216,-0.06949984954232696,2.357102535166389,-0.0009434837679429958,-0.001063361424453249,-0.0027433413911261972,0.0030897930557973255
940,0.048646675091016806,-0.05053809937076792,2.354028351147765,0.04955085090671553,-0.04953564087836742,2.3566551863762744,-0.000904175815698724,-0.0010024584924005,-0.002626835228509261,0.00295342517298435
941,0.028689582534212523,-0.03049435931310042,2.353846257174883,0.029554845773460472,-0.029551618618522946,2.356358311098441,-0.0008652632392479494,-0.0009427406945774729,-0.002512053923557911,0.0028191941056388728
942,0.008729126577884532,-0.010439938930250223,2.3538126313322865,0.009555885180257023,-0.009555776105247387,2.3562116121999095,-0.0008267586023724908,-0.000884162825002836,-0.002398980867623024,0.002687077016189753
943,-0.011232701681864923,0.009617209062915383,2.353927349728116,-0.010444030993501241,0.010443888591061618,2.3562149429274206,-0.000788670688363682,-0.0008266795281462354,-0.002287593199304716,0.0025570457841902856
944,-0.03119390754593448,0.02966913046232809,2.3541904443018056,-0.030442902772863486,0.030439375871184192,2.3563683066123997,-0.0007510047730709957,-0.000770245408856101,-0.0021778623105941364,0.002429067805341331
945,-0.051152493183136444,0.04970787268737327,2.354602102335627,-0.050438730287320994,0.05042268780681477,2.3566718566776563,-0.0007137628958154493,-0.000714815119441499,-0.002069754342029384,0.0023031068500559216
946,-0.07110647642024648,0.06972550629556054,2.3551625940701495,-0.07042951397077836,0.07038583133961263,2.3571258969458246,-0.0006769624494681187,-0.0006603250440520847,-0.0019633028756751436,0.002179189184863616
947,-0.09105383230823047,0.08971407192071709,2.355872496622736,-0.09041325476152971,0.09032082147833986,2.3577308822501957,-0.0006405775467007574,-0.000606749557622771,-0.0018583856274596577,0.002057202410887469
948,-0.11099255722412078,0.10966564125528977,2.356732465276372,-0.11038795430214902,0.11021968449273731,2.3584874193492102,-0.0006046029219717586,-0.0005540432374475379,-0.0017549540728380997,0.0019371041272965093
949,-0.13092064523990699,0.12957229916822036,2.3577433100916463,-0.1303516151393278,0.1300744611029139,2.359396268146511,-0.000569030100579182,-0.0005021619346935458,-0.0016529580548647616,0.001818854638271738
950,-0.1508360897223963,0.14942614812839183,2.3589059982607328,-0.1503022409236186,0.14987720966295232,2.3604583432190505,-0.0005338487987776863,-0.0004510615345604818,-0.0015523449583176863,0.0017024176683560278
951,-0.17073688333906334,0.16921931099800297,2.3602216562739784,-0.17023783660906852,0.16962000933746174,2.3616747156563527,-0.0004990467299948176,-0.00040069833945877154,-0.0014530593823742777,0.0015877620623599288
952,-0.19062101844465476,0.18894393419330355,2.3616915717168627,-0.1901564086527219,0.18929496326980613,2.3630466152146,-0.00046460979193285734,-0.00035102907650258475,-0.001355043497737185,0.0014748649267204014
953,-0.21048648744758536,0.20859219083711134,2.3633171954306977,-0.21005596521397318,0.2088942017407418,2.364575432789753,-0.0004305222336121739,-0.00030201090363046745,-0.0012582373590550588,0.0013637159642931353
954,-0.23033128315611187,0.22815628390017484,2.365100143990955,-0.22993451635375262,0.22840988531620351,2.366262723214435,-0.0003967668023592552,-0.0002536014160286759,-0.0011625792234797316,0.0012543237319499593
955,-0.25015964798699275,0.24763458789197548,2.367077125511028,-0.24979007423350463,0.2478342079829598,2.3681102083837824,-0.00036957375348811716,-0.00019962009098431488,-0.0010330828727544983,0.0011152099183429857
956,-0.2699636571943062,0.26701218117433106,2.369203143652871,-0.269620653313991,0.267159400270935,2.3701197807158785,-0.000343003880315218,-0.0001472190966039233,-0.000916637063007375,0.0009897214909230566
957,-0.2897411682618383,0.28628171412306436,2.37148254411841,-0.2894242705538291,0.28637773236087966,2.3722935069527646,-0.000316897708009245,-9.60182378152985e-05,-0.000810962834354445,0.0008759591189312793
958,-0.30949006526632283,0.3054358136779445,2.373919484292353,-0.30919894560779787,0.30548151717619876,2.3746336323082975,-0.00029111965852496313,-4.570349825427922e-05,-0.0007141480159442715,0.0007725586411461006
959,-0.32920825636012535,0.32446709860013434,2.376517996810368,-0.32894270102487083,0.3244631134576801,2.3771425849693415,-0.00026555533525451924,3.985142454254742e-06,-0.0006245881589737046,0.0006787089845969939
960,-0.3488936714359776,0.34336819251553874,2.379282044072901,-0.3486535624459593,0.3433149288198954,2.379822980956867,-0.0002401089900183062,5.326369564334632e-05,-0.000540936883966392,0.0005942239146958559
961,-0.3685442600038918,0.36213173514516733,2.3822155652052897,-0.3683295588013468,0.36202942278805417,2.3826776293535232,-0.0002147012025449646,0.00010231235711316566,-0.00046206414823357633,0.0005196803843470775
962,-0.38815798929338396,0.38075039204883976,2.385322516728499,-0.38796872250779796,0.38059910981409556,2.3857095379040607,-0.0001892667855860064,0.00015128223474419888,-0.0003870211755616637,0.0004566110171780685
963,-0.4077328425823815,0.39921686314788524,2.3886069080054573,-0.40756908966530103,0.3990165622707952,2.388921918994649,-0.00016375291708048412,0.00020030087709005384,-0.000315010989191844,0.0004076363361220842
964,-0.4272668177463398,0.41752389024322356,2.3920728323597005,-0.4271287002534774,0.4172744134227364,2.39231819601659,-0.0001381174928624107,0.0002494768204871489,-0.0002453636568895412,0.0003761893803886331
965,-0.4467579260161294,0.435664263705191,2.3957244946209646,-0.4466455983275678,0.4353653603728932,2.3959020101191086,-0.00011232768856161979,0.0002989033322978174,-0.000177515498144043,0.0003653388341768001
966,-0.46620419093035376,0.4536308284788998,2.3995662357323018,-0.4661178322140288,0.45328216698369495,2.3996772273548608,-8.63587163249524e-05,0.00034866149520484946,-0.00011099162255900907,0.0003759545270402478
967,-0.4856036474663706,0.4714164895224223,2.4036025549517133,-0.4855434547056987,0.47101766677138485,2.4036479462203655,-6.019276067187329e-05,0.00039882275103747533,-4.539126865221732e-05,0.0004058856026668835
968,-0.5049543413339328,0.4890142167734855,2.407838130095127,-0.5049205232565162,0.48856476577251795,2.407818505591774,-3.381807741664744e-05,0.000449451000967549,1.9624503353021794e-05,0.0004511485185199468
969,-0.5242543284157182,0.5064170497227365,2.412277836194314,-0.5242471001757738,0.5059164453814522,2.4121934930541324,-7.228239944367942e-06,0.0005006043412842942,8.434314018135325e-05,0.0005077112557950896
970,-0.5435016743398341,0.5236181016572492,2.4169267628807773,-0.5435212528218883,0.5230657651576994,2.416777753619516,1.9578482054249946e-05,0.000552336499549777,0.00014900926126149017,0.0005724182785657219
971,-0.5626944541704819,0.5406105636261685,2.4217902307529604,-0.5627410537956501,0.5400058656019979,2.4215763988259873,4.659962516817551e-05,0.0006046980241706246,0.00021383192697310704,0.0006430826684763817
972,-0.5818307522042145,0.5573877081707459,2.426873806937656,-0.5819045811329816,0.5567299709000376,2.4265948162052435,7.382892876706126e-05,0.0006577372707082807,0.00027899073241233197,0.000718265171627888
973,-0.600908661860545,0.5739428928531197,2.432183320015958,-0.6010099184971187,0.5732313916326847,2.431838679101828,0.00010125663657367667,0.0007115012204350624,0.00034464091412989006,0.0007970346622469334
974,-0.6199262856569598,0.5902695636116789,2.4377248744481927,-0.620055155370246,0.589503527451662,2.4373139568209106,0.0001288697132861838,0.0007660361600169141,0.0004109176272821813,0.0008787901330051107
975,-0.6388817352596747,0.6063612579654979,2.443504864600031,-0.6390383872445473,0.605539869719601,2.4430269250746033,0.00015665198487258003,0.0008213882458968369,0.00047793952542773965,0.0009631431279036853
976,-0.657773131602662,0.6222116080858996,2.4495299884424857,-0.6579577158126543,0.6213340041134094,2.4489841766885143,0.00018458420999223346,0.0008776039724901485,0.0005458117539713925,0.0010498430996497877
977,-0.6765986050685925,0.6378143437495261,2.45580726097087,-0.6768112491574763,0.6368796131899154,2.455192632520491,0.00021264408888377329,0.0009347305596106859,0.0006146284503789623,0.0011387303717836634
978,-0.6953562957263513,0.6531632951842314,2.4623440273613544,-0.69559710194139,0.6521704789127604,2.4616595525321086,0.00024080621503874688,0.0009928162714710753,0.0006844748292458291,0.0012297062958162499
979,-0.7140443536207041,0.6682523958165381,2.4691479758577946,-0.7143133955947752,0.6672004851395333,2.4683925469401653,0.00026904197407118247,0.0010519106770047193,0.0007554289176292528,0.001322714068043109
980,-0.7326609391105063,0.683075684927223,2.476227150355338,-0.7329582585038568,0.6819636200681355,2.4753995873599552,0.0002973193933504259,0.001112064859087547,0.0008275629953828911,0.0014177262019892185
981,-0.7512042232525632,0.6976273102197396,2.483589962620448,-0.7515298261978846,0.6964539786414377,2.4826890178342347,0.00032560294532135714,0.001173331578301906,0.0009009447862133868,0.001514736207544888
982,-0.7696723882288781,0.7119015303045803,2.4912452040586945,-0.7700262415355653,0.7106657649092125,2.490269565621063,0.00035385330668724624,0.0012357653953677383,0.0009756384376315985,0.0016137529662330933
983,-0.7880636278155363,0.7258927171012692,2.499202056911504,-0.7884456548907789,0.7245932943464408,2.4981503515899917,0.00038202707524259694,0.0012994227548284165,0.0010517053215122196,0.0017147968583133702
984,-0.8063761478919114,0.7395953581584223,2.5074701047303978,-0.8067862243375392,0.7382309961270456,2.5063409000487984,0.0004100764456278494,0.0013643620313766869,0.0011292046815993828,0.0018178970424276104
985,-0.8246081669892085,0.7530040588911731,2.516059341941575,-0.8250461158341854,0.7515734153521484,2.514851147791886,0.0004379488449769431,0.0014306435390246675,0.0012081941496888682,0.001923089501274465
986,-0.8427579168775926,0.7661135447342062,2.524980182274469,-0.8432235034067843,0.7646152152319554,2.523691452126122,0.0004655865291917083,0.001498329502250817,0.0012887301483472946,0.0020304156000039014
987,-0.8608236431912812,0.7789186632076441,2.534243465784578,-0.8613165693317297,0.7773511792204058,2.5328725975898596,0.0004929261404484908,0.0015674839872383828,0.0013708681947184331,0.0021399209886060655
988,-0.8788036060909976,0.791414385892078,2.5438604641529805,-0.8793235043175001,0.7897762131017095,2.542405801035813,0.0005198982265024465,0.0016381727903684862,0.0014546631171676871,0.002251654734072716
989,-0.8966960809630778,0.803595810308098,2.5538428838920098,-0.8972425076856059,0.8018853470279821,2.5523027146979134,0.0005464267225280262,0.0017104632801159259,0.0015401691940963858,0.0023656686036216405
990,-0.9144993591542988,0.8154581616947639,2.5642028670282047,-0.9150717875506427,0.8136737375071053,2.5625754268059584,0.0005724283963438603,0.001784424187658673,0.001627440222246257,0.002482016443826887
991,-0.9322117487410956,0.82699679468053,2.574952988769535,-0.9328095609994818,0.8251366693400644,2.5732364592495207,0.0005978122583861767,0.001860125340465646,0.0017165295200141095,0.0026007536160888222
992,-0.9498315753312961,0.8382071948392342,2.5861062515939097,-0.9504540542695596,0.836269557506963,2.584298761724097,0.0006224789382635043,0.0019376373322712581,0.0018074898698126063,0.00272193645948397
993,-0.9673571828957525,0.8490849801228495,2.5976760751200785,-0.9680035029262528,0.8470679490009707,2.5957757017178724,0.000646320030500358,0.0020170311218787873,0.001900373402206057,0.0028456217591707102
994,-0.9847869346262889,0.8596259021618019,2.609676281040501,-0.9854561520393205,0.8575275246094671,2.6076810496170584,0.0006692174130316086,0.0020983775523347736,0.0019952314234426005,0.0029718662034385027
995,-1.002119213815185,0.8698258474228019,2.6221210723092137,-1.0028102563583978,0.8676441006416691,2.620028958122165,0.0006910425432127276,0.0021817467811328095,0.002092114187048466,0.0031007258158635624
996,-1.0193524247499308,0.8796808382133258,2.6350250056871722,-1.0200640804875087,0.8774136306020465,2.632833935077795,0.0007116557375779209,0.0022672076112792983,0.002191070609377288,0.003232255351414445
997,-1.0364849936152014,0.8891870335211731,2.6484029566545484,-1.0372158990586215,0.8868322068088755,2.646110808726245,0.0007309054434201379,0.0023548267122975863,0.0022921479283035673,0.0033665076470131153
998,-1.0535153693918873,0.8983407296769509,2.6622700756063136,-1.054263996904172,0.8958960619572528,2.659874684302496,0.0007486275122847719,0.0024446677196980904,0.0023953913038177177,0.003503532918396671
