timestep,px,py,theta,px_ref,py_ref,theta_ref,error_px,error_py,error_theta,error_norm
0,0.0,0.0,0.7853981633974483,0.0,0.0,0.7853981633974483,0.0,0.0,0.0,0.0
1,0.0,0.0,0.7853231571470295,0.01999966666833333,0.01999866669333308,0.7853231571470295,-0.01999966666833333,-0.01999866669333308,0.0,0.028283092765033196
2,0.0,0.0,0.7852481508966107,0.03999733338666616,0.03998933418663416,0.7850980633706443,-0.03999733338666616,-0.03998933418663416,0.00015008752596645802,0.05655931446720228
3,0.0,0.0,0.7851731446461919,0.05999100040499132,0.0599640064794446,0.7847226568420766,-0.05999100040499132,-0.0599640064794446,0.0004504878041152738,0.08482219722407691
4,0.009968915617845282,0.00996443024117602,0.7845918282531243,0.07997866837326832,0.07991469396917268,0.7841965616812204,-0.07000975275542304,-0.06995026372799666,0.00039526657190391834,0.09896747502161816
5,0.019943622037619554,0.019923063704974993,0.7840105118600568,0.09995833854135666,0.09983341664682815,0.7835192505983565,-0.08001471650373711,-0.07991035294185317,0.0004912612617002932,0.11308519223175158
6,0.029924115888582847,0.029875897026088463,0.7834291954669892,0.11992801295888919,0.11971220728891936,0.7826900438339384,-0.09000389707030634,-0.0898363102628309,0.0007391516330508274,0.12716843348338674
7,0.046598939069616596,0.04648518477541645,0.7823603550103597,0.13988569467506554,0.1395431146442365,0.7817081077917023,-0.09328675560544894,-0.09305792986882004,0.0006522472186574202,0.13176730440171885
8,0.06329150540114827,0.06307664031512522,0.7812915145537302,0.1598293879383454,0.15931820661424598,0.7805724533623122,-0.09653788253719713,-0.09624156629912076,0.0007190611914180689,0.13631771307306592
9,0.08000179581325936,0.07965024469080723,0.7802226740971008,0.17975709839602208,0.17902957342582415,0.7792819339341677,-0.09975530258276272,-0.09937932873501693,0.0009407401629331069,0.14081284162055413
10,0.10118844206646216,0.10061871563798906,0.7786732915402089,0.1996668332936563,0.19866933079506124,0.7778352430874435,-0.09847839122719415,-0.09805061515707218,0.0008380484527654719,0.13896984923567332
11,0.1224075510596154,0.12155433520985376,0.7771239089833171,0.21955660167434962,0.21822962308086932,0.7762309119668949,-0.09714905061473422,-0.09667528787101556,0.0008929970164222034,0.13705782270253405
12,0.14365907185442678,0.14245705314864968,0.7755745264264252,0.23942441457783872,0.23770262642713458,0.7744673063284713,-0.09576534272341194,-0.0952455732784849,0.0011072200979539426,0.13507015226327798
13,0.16773100145947192,0.1660606209088296,0.7735405157812655,0.2592682852393897,0.2570805518921551,0.7725426232543283,-0.0915372837799178,-0.09101993098332553,0.0009978925269371608,0.12909181983189275
14,0.19185089114433254,0.18961517731538935,0.7715065051361057,0.279086229288473,0.27635564856411376,0.7704548875304338,-0.08723533814414045,-0.08674047124872442,0.0010516176056719617,0.12302446696963118
15,0.21601864112025224,0.21312062491846823,0.769472494490946,0.29887626494719843,0.29552020666133955,0.7682019476806334,-0.0828576238269462,-0.08239958174287132,0.0012705468103125783,0.1168618465832414
16,0.24016549441327864,0.23651036219964697,0.7676171856890216,0.31863641322849195,0.31456656061611776,0.765781471650788,-0.07847091881521331,-0.0780561984164708,0.0018357140382335713,0.11069699660318442
17,0.2643557013080778,0.2598552593813506,0.7657618768870972,0.33836469813399206,0.33348709214081446,0.7631909421364422,-0.07400899682591427,-0.07363183275946383,0.002570934750654952,0.10442982386362608
18,0.28858917853785093,0.28315523610647997,0.7639065680851728,0.35805914685164836,0.35227423327509,0.760427651547437,-0.06946996831379743,-0.06911899716861003,0.003478916537735799,0.09805924294726567
19,0.31023910267184407,0.3038940190166145,0.763625137782323,0.37771778995300115,0.3709204694129827,0.7574886966029721,-0.06747868728115708,-0.06702645039636818,0.00613644117935086,0.0953077866717753
20,0.33189486247034566,0.3246267081608367,0.7633437074794732,0.39733866159012243,0.38941834230865047,0.7543709725508718,-0.06544379911977677,-0.06479163414781375,0.0089727349286014,0.09252759950886429
21,0.35355645621815424,0.3453533018970551,0.7630622771766234,0.4169197996921991,0.40776045305957015,0.7510711670052485,-0.06336334347404488,-0.06240715116251505,0.011991110171374997,0.08974047323015877
22,0.37207997971837437,0.36306729375003916,0.7652420823600792,0.43645924616173865,0.4259394650659996,0.7475857533974175,-0.06437926644336428,-0.06287217131596046,0.01765632896266167,0.09170248538729414
23,0.39056484619019977,0.3808216211591408,0.7674218875435349,0.4559550470703768,0.44394810696551984,0.7439109840358401,-0.06539020088017705,-0.06312648580637903,0.023510903507694803,0.09388074437903131
24,0.40901096780188617,0.3986161997638077,0.7696016927269906,0.47540525285426916,0.46177917554148284,0.7400428827720981,-0.06639428505238298,-0.06316297577767516,0.029558809954892573,0.0962885550969466
25,0.4214105361326689,0.410630089539846,0.7770439469964376,0.4948079185090459,0.479425538604203,0.7359772372714972,-0.073397382376377,-0.06879544906435703,0.04106670972494042,0.10865755472724
26,0.4337203514795536,0.42273592649836095,0.7844862012658846,0.5141611037843102,0.49688013784373675,0.7317095908888981,-0.08044075230475661,-0.0741442113453758,0.052776610376986555,0.12146377777044153
27,0.4459397320401154,0.43493304013465667,0.7919284555353316,0.5334628733776623,0.5141359916531132,0.7272352341528829,-0.0875231413375469,-0.07920295151845652,0.0646932213824487,0.13460542593694247
28,0.4652954981906433,0.45454326923479177,0.7865954850330503,0.5527112971282275,0.5311861979208834,0.7225491958644261,-0.08741579893758422,-0.07664292868609163,0.0640462891686242,0.13273126074044692
29,0.484755569374882,0.474049996231858,0.781262514530769,0.5719044502096711,0.5480239367918736,0.7176462338199793,-0.08714888083478906,-0.07397394056001555,0.06361628071078973,0.1308208793893657
30,0.5043193921385413,0.4934526663446502,0.7759295440284877,0.5910404133226791,0.5646424733950353,0.712520825173375,-0.08672102118413783,-0.07118980705038508,0.06340871885511268,0.1288766455566619
31,0.4757685797944754,0.4654374719941921,0.8359295440284877,0.610117272886887,0.5810351605373051,0.7071671564563529,-0.1343486930924116,-0.11559768854311298,0.12876238757213487,0.21907110577487446
32,0.44894904679259395,0.43576066877078223,0.8959295440284878,0.6291331212322355,0.597195441362392,0.7015791132839158,-0.18018407443964157,-0.16143477259160977,0.19435043074457203,0.3103217304894643
33,0.4239573144900836,0.40452906111892317,0.9559295440284878,0.6480860567897367,0.6131168519734339,0.6957502697783335,-0.22412874229965313,-0.20858779085451074,0.2601792742501543,0.4017907594354634
34,0.440762560945416,0.428326196500152,0.9472513592622069,0.6669741842816288,0.6287930240184685,0.6896738777545541,-0.2262116233362128,-0.20046682751831646,0.2575774815076528,0.39712064470068575
35,0.4577736879412856,0.4519765985920276,0.938573174495926,0.6857956149109028,0.6442176872376911,0.6833428557202919,-0.2280219269696172,-0.19224108864566353,0.2552303187756342,0.3925470047840375
36,0.47498941436260433,0.4754784862728779,0.9298949897296451,0.7045484665501799,0.6593846719714731,0.6767497777563413,-0.22955905218757555,-0.18390618569859518,0.25314521197330386,0.38807388719736496
37,0.49209015382911914,0.49840339657130045,0.9205006222105355,0.723230863929924,0.6742879116281452,0.6698868623569647,-0.23114071010080484,-0.17588451505684471,0.2506137598535708,0.3836256601566545
38,0.5094055005605376,0.5211666469996354,0.9111062546914259,0.7418409388259654,0.6889214451105513,0.6627459613267954,-0.23243543826542779,-0.16775479811091587,0.2483602933646305,0.3792766016656458
39,0.5269339264170451,0.5437662286215429,0.9017118871723163,0.7603768302463229,0.7032794192004101,0.6553185488498808,-0.2334429038292778,-0.15951319057886726,0.24639333832243548,0.3750329645332122
40,0.544301429604038,0.5657291412266062,0.8915251158078097,0.778836684617301,0.7173560908995228,0.6475957108685986,-0.234535255013263,-0.15162694967291657,0.24392940493921111,0.3708086734493236
41,0.5618917589830057,0.5875139985680554,0.8813383444433031,0.7972186559688459,0.731145829726896,0.6395681349355568,-0.2353268969858402,-0.1436318311588406,0.2417702095077463,0.36669017654205777
42,0.5797030892157855,0.6091185400440212,0.8711515730787964,0.8155209061191403,0.7446431199708592,0.6312261007306176,-0.2358178169033548,-0.13552457992683797,0.23992547234817885,0.36268607198913333
43,0.5973066634835081,0.6300333144978112,0.8600856890929569,0.8337416048584215,0.757842562895277,0.6225594714682599,-0.2364349413749134,-0.12780924839746577,0.23752621762469706,0.3586856416668763
44,0.6151405956943143,0.650752013283027,0.8490198051071174,0.8518789301319992,0.7707388788989693,0.6135576864580234,-0.23673833443768488,-0.1199868656159423,0.23546211864909394,0.3548017703329386
45,0.6332027020379278,0.6712720993424014,0.8379539211212779,0.8699310682224605,0.7833269096274834,0.6042097551231719,-0.23672836618453263,-0.11205481028508202,0.233744165998106,0.35104548850907347
46,0.6510096988301792,0.6910565649193228,0.8259109771684753,0.8878962139310396,0.795601620036366,0.5945042528303504,-0.23688651510086034,-0.10454505511704326,0.23140672433812493,0.34726641308217054
47,0.6690536617922171,0.7106251523376379,0.8138680332156727,0.9057725707581367,0.8075581004051143,0.5844293189362826,-0.23671890896591952,-0.09693294806747643,0.2294387142793901,0.3436189195798843
48,0.687331973994629,0.7299750235505116,0.8018250892628701,0.9235583510829657,0.8191915683009982,0.5739726575167142,-0.23622637708833671,-0.08921654475048657,0.22785243174615588,0.3401164855488973
49,0.7053077790304758,0.7485513212828236,0.7886954487367877,0.941251776342316,0.8304973704919704,0.5631215413080933,-0.23594399731184024,-0.08194604920914672,0.22557390742869432,0.33655358052043766
50,0.7235259277909294,0.7668900088004259,0.7755658082107052,0.958851077208406,0.8414709848078965,0.5518628194639037,-0.23532514941747662,-0.0745809760074706,0.2237029887468015,0.3331415241377697
51,0.7419832797407089,0.7849879247889658,0.7624361676846227,0.976354493765815,0.852108021949363,0.540182929805001,-0.23437121402510608,-0.06712009716039713,0.2222532378796217,0.3298961581382829
52,0.7600912829550126,0.8022828629139235,0.7480986218271243,0.9937602756874735,0.8624042272433384,0.5280679163262988,-0.2336689927324609,-0.06012136432941495,0.22003070550082549,0.32654140315835006
53,0.7784453834863482,0.8193164080188325,0.7337610759696258,1.0110666824096939,0.8723554823449863,0.5155034528098956,-0.2326212989233457,-0.053039074326153735,0.21825762315973019,0.3233607925916415
54,0.7970418084346117,0.8360850586592075,0.7194235301121273,1.0282719833062262,0.8819578068849474,0.5024748734859666,-0.23123017487161446,-0.045872748225739945,0.2169486566261607,0.32037231842472796
55,0.8152433520571376,0.8520304935913623,0.7037463818354545,1.0453744578613184,0.8912073600614354,0.4889672117755554,-0.23013110580418084,-0.039176866470073124,0.21477917005989905,0.31721482408091844
56,0.8336926277098976,0.8676886324752392,0.6880692335587816,1.0623723958417668,0.900100442176505,0.4749652482411506,-0.2286797681318692,-0.03241180970126578,0.21310398531763097,0.3142582859992933
57,0.8523851011523382,0.883055627042231,0.6723920852821087,1.0792640974679386,0.9086334961158833,0.4604535689580829,-0.22687899631560038,-0.025577869073652337,0.21193851632402577,0.3115224567461429
58,0.8706394069934216,0.897588885596846,0.6552357667584457,1.0960478735837471,0.916803108771767,0.44541663559766037,-0.22540846659032554,-0.01921422317492094,0.20981913116078538,0.30854858771980215
59,0.889140351402422,0.9118068440273022,0.6380794482347828,1.1127220458255676,0.9246060124080204,0.4298388685756445,-0.22358169442314557,-0.012799168380718262,0.20824057965913828,0.30580505523803353
60,0.9078824889585236,0.9257053175328086,0.6209231297111198,1.1292849467900707,0.9320390859672264,0.4137047446598081,-0.2214024578315471,-0.006333768434417797,0.20721838505131174,0.30331274958317284
61,0.9404161585240463,0.9489767666626198,0.6409276929498452,1.1457349202009626,0.9390993563190677,0.3969989104388761,-0.20531876167691632,0.009877410343552051,0.2439287825109691,0.3189899811419176
62,0.9724778144766721,0.9728943379769369,0.6609322561885705,1.1620703210746102,0.945783999449539,0.37970631302149005,-0.18959250659793803,0.02711033852739797,0.2812259431670805,0.34024743955447084
63,1.0040546267290265,0.9974484604002606,0.6809368194272959,1.178289515884539,0.9520903415905158,0.36181234924553096,-0.17423488915551255,0.04535811880974483,0.31912447018176493,0.3664090378385676
64,1.0351339592132522,1.0226293081289402,0.6236672639623253,1.1943908827247842,0.958015860289225,0.3433030345211741,-0.15925692351153198,0.06461344783971512,0.2803642294411512,0.32884915459557446
65,1.0676036463846632,1.045989946283552,0.5663977084973547,1.210372811472079,0.963558185417193,0.3241651921901698,-0.14276916508741588,0.08243176086635906,0.2422325163071849,0.2930095931122342
66,1.1013572232023423,1.067453777535522,0.5091281530323841,1.2262337039468676,0.9687151001182652,0.30438666394296926,-0.12487648074452529,0.09873867741725673,0.20474148908941486,0.2593502250158998
67,1.1270441705723582,1.0817926076387965,0.4612822026931039,1.2419719740731194,0.9734845416953194,0.283956541378582,-0.11492780350076126,0.10830806594347708,0.17732566131452188,0.23745194740527756
68,1.1533875150480575,1.0948864808532115,0.41343625235382364,1.2575860480369372,0.9778646024353163,0.26286541820488024,-0.10419853298887971,0.11702187841789524,0.1505708341489434,0.21730860636844535
69,1.1803269620278938,1.106705427944265,0.3655903020145434,1.273074364443936,0.9818535303723597,0.24110566184802507,-0.09274740241604218,0.12485189757190529,0.12448464016651833,0.19921471486719133
70,1.20291398069599,1.1153517094961232,0.3257779385200784,1.2884353744753823,0.9854497299884603,0.2186717023624417,-0.08552139377939216,0.1299019795076629,0.1071062361576367,0.18883902906400088
71,1.2258272392178025,1.1230921346071572,0.2859655750256134,1.3036675420430732,0.9886517628517197,0.19556033550876473,-0.07784030282527077,0.13444037175543744,0.0904052395168487,0.1797399055128517
72,1.2490304243189112,1.1299144361360123,0.24615321153114844,1.3187693439429462,0.9914583481916864,0.1717710357084244,-0.069738919624035,0.13845608794432585,0.07438217582272405,0.17194857742737257
73,1.2695689201439782,1.135074698806138,0.21062671363054475,1.3337392700073958,0.9938683634116449,0.14730627331565815,-0.06417034986341763,0.14120633539449312,0.0633204403148866,0.16753071694112284
74,1.2902777436849935,1.1395021980018545,0.17510021572994106,1.34857582325629,0.99588084453764,0.12217182931261213,-0.058298079571296624,0.14362135346421445,0.05292838641732893,0.16379002821092664
75,1.3111307604209261,1.1431913462222292,0.13957371782933736,1.3632775200466682,0.9974949866040543,0.0963770991912814,-0.05214675962574211,0.14569635961817484,0.04319661863805596,0.1606631930692749
76,1.330417164086922,1.1459008385580682,0.10603420660497098,1.3778428902211026,0.998710143975583,0.06993537651704462,-0.04742572613418061,0.14719069458248524,0.03609883008792636,0.1587999546748856
77,1.3497835791554857,1.1479620718000434,0.0724946953806046,1.3922704772547134,0.9995258306054791,0.0428641055705861,-0.04248689809922768,0.14843624119456433,0.029630589810018503,0.1572145860362664
78,1.3692082224113986,1.1493727274866758,0.03895518415623823,1.4065588384008205,0.9999417202299663,0.015185091651111312,-0.03735061598942191,0.14943100725670955,0.023770092505126916,0.1558515695854435
79,1.387725000307048,1.1500944170727,0.006089378383825825,1.4207065448352156,0.99995764649874,-0.013075342784616575,-0.032981544528167595,0.15013677057396013,0.0191647211684424,0.15490680648475583
80,1.4062554931903861,1.1502072576502385,-0.026776427388586578,1.4347121817990456,0.9995736030415051,-0.041886267855577024,-0.028456688608659464,0.15063365460873335,0.015109840466990446,0.1540408657022262
81,1.4247796869438227,1.1497111273442495,-0.05964223316099898,1.4485743487402851,0.998789743470524,-0.07121213282096248,-0.02379466179646239,0.15092138387372556,0.011569899659963495,0.15322308121986739
82,1.4427739280398482,1.1486366362605511,-0.09246621532748861,1.4622916594537918,0.9976063813191736,-0.10101283897581732,-0.01951773141394364,0.15103025494137756,0.008546623648328713,0.1525258159230447
83,1.460723213641014,1.1469721873671894,-0.12529019749397824,1.4758627422199255,0.9960239899165367,-0.13124390617594112,-0.015139528578911543,0.1509481974506527,0.005953708681962877,0.15182229838288772
84,1.4786082066754815,1.1447195738033757,-0.15811417966046787,1.4892862399417186,0.994043202198076,-0.16185673736972372,-0.010678033266237064,0.15067637160529979,0.003742557709255856,0.15110061579219447
85,1.4961681037694867,1.1419197340138623,-0.19105361414932828,1.5025608102805854,0.9916648104524687,-0.19279898196781758,-0.006392706511098689,0.15025492356139358,0.0017453678184893018,0.1504009809136865
86,1.513626266962171,1.138543104520328,-0.2239930486381887,1.515685125790554,0.9888897660047016,-0.22401499487154508,-0.00205885882838297,0.14965333851562646,2.194623335638468e-05,0.14966750185055222
87,1.530963755748348,1.1345933486559503,-0.2569324831270491,1.5286578740510102,0.9857191788355535,-0.25544638373627454,0.0023058816973378082,0.1488741698203968,-0.0014860993907745423,0.1488994426501111
88,1.548074302941043,1.1300977301199921,-0.28982512385124637,1.5414777577979386,0.9821543171376185,-0.28703263284555847,0.006596545143104482,0.14794341298237368,-0.0027924910056879026,0.14811673051588412
89,1.5650277486946824,1.1250418337273924,-0.32271776457544366,1.5541434950536477,0.9781966068080447,-0.3187117881210078,0.010884253641034736,0.14684522691934776,-0.0040059764544358445,0.14730253050667735
90,1.5818057522923696,1.1194311290898007,-0.35561040529964094,1.5666538192549668,0.9738476308781951,-0.3504211845928371,0.01515193303740281,0.14558349821160554,-0.005189220706803832,0.14646181767901972
91,1.5983900239901705,1.1132717375857764,-0.38810442255408856,1.579007479379901,0.9691091288804564,-0.38209819537047346,0.01938254461026956,0.14416260870531994,-0.006006227183615098,0.14558370633169593
92,1.6147654329590935,1.1065768027431626,-0.4205984398085362,1.591203240072732,0.9639829961524481,-0.41368097997668896,0.02356219288636141,0.14259380659071452,-0.006917459831847217,0.14469285352832537
93,1.630914690562153,1.0993533928616492,-0.4530924570629838,1.6032398817675544,0.9584712830789142,-0.44510920994479974,0.027674808794598604,0.14088210978273508,-0.007983247118184045,0.14379637037561904
94,1.646867089476298,1.0915865711661592,-0.48475966968323825,1.6151162008102287,0.9525761942715953,-0.4763247508234524,0.03175088866606934,0.13901037689456386,-0.008434918859785867,0.14283960120227512
95,1.6625655779389599,1.0833185598966204,-0.5164268823034928,1.6268310095787475,0.9463000876874145,-0.5072722820789922,0.03573456836021238,0.13701847220920593,-0.009154600224500542,0.1418972438340719
96,1.6779944146274834,1.0745576496240279,-0.5480940949237473,1.6383831366019965,0.9396454736853249,-0.5378998396315425,0.03961127802548692,0.13491217593870297,-0.010194255292204746,0.14097613771234696
97,1.693207667933846,1.0652701723818245,-0.5785223949848841,1.6497714266769001,0.9326150140222006,-0.5681592696408527,0.043436241256945785,0.13265515835962394,-0.010363125344031388,0.1399696126337592
98,1.7081313204121111,1.0555241523533225,-0.608950695046021,1.660994740983941,0.9252115207881683,-0.5980065863693985,0.04713657942817018,0.13031263156515427,-0.010944108676622433,0.13900723930914374
99,1.7227515555954473,1.0453286125014103,-0.6393789951071578,1.672051957201041,0.9174379552818098,-0.6274022311885141,0.0506995983944063,0.12789065721960047,-0.011976763918643663,0.13809385343084013
100,1.7371361713503923,1.0346325141299302,-0.6682361967473576,1.682941969615793,0.9092974268256818,-0.6563112337819401,0.05419420173459932,0.12533508730424836,-0.011924962965417452,0.13706969159132365
101,1.7512061815817497,1.0235258268254595,-0.6970933983875574,1.6936636892360304,0.9007931915226274,-0.6847032801150899,0.05754249234571929,0.12273263530283207,-0.012390118272467499,0.1361174243972493
102,1.7649498704691737,1.012017798907719,-0.7259506000277571,1.704216043898726,0.8919286509533796,-0.7125526946185239,0.06073382657044779,0.12008914795433945,-0.013397905409233246,0.13523869644315278
103,1.7784446742524356,1.000039118132298,-0.753016222060399,1.7145979783772067,0.8827073508159741,-0.7398383461925445,0.06384669587522884,0.117331767316324,-0.01317787586785446,0.1342266762165574
104,1.79161036467788,0.9876996239007853,-0.7800818440930408,1.7248084544866769,0.8731329795075166,-0.7665434890556865,0.06680191019120318,0.11456664439326869,-0.013538355037354344,0.1333090329641796
105,1.8044372978354268,0.975008354931923,-0.8071474661256827,1.734846451188034,0.8632093666488738,-0.7926555501696838,0.0695908466473929,0.11179898828304913,-0.014491915955998858,0.1324836418064134
106,1.8170115130454085,0.9618749282584032,-0.8323162993225433,1.7447109646899726,0.8529404815528762,-0.8181658750569212,0.07230054835543598,0.10893444670552699,-0.014150424265622075,0.13150786089976957
107,1.8292512276434325,0.9484292162692753,-0.8574851325194038,1.7544010085493633,0.8423304316366457,-0.8430694433909002,0.07485021909406919,0.10609878463262967,-0.014415689128503661,0.13064195150104332
108,1.841148688544771,0.9346797359723048,-0.8826539657162644,1.763915613769895,0.8313834607786832,-0.8673645649064725,0.07723307477487595,0.10329627519362161,-0.015289400809791909,0.12988007578216318
109,1.8527979128166099,0.9205116852994331,-0.905920545107686,1.7732538288989745,0.8201039476213741,-0.8910525650657036,0.07954408391763534,0.100407737678059,-0.01486798004198242,0.12895748098675977
110,1.8641143718362039,0.9060764561269359,-0.9291871244991077,1.7824147201228708,0.8084964038195901,-0.914137468639516,0.08169965171333304,0.09758005230734579,-0.015049655859591726,0.1281530016811015
111,1.8750919398990784,0.8913818623785662,-0.9524537038905293,1.7913973713600952,0.7965654722360865,-0.9366256880218409,0.08369456853898316,0.09481639014247967,-0.015828015868688428,0.1274576585730215
112,1.8858310962489804,0.8762862659847261,-0.9738878590707045,1.8002008843530102,0.7843159250844199,-0.9585257217604746,0.0856302118959702,0.0919703409003062,-0.01536213731022995,0.1265980728818794
113,1.896244249204612,0.860963969971531,-0.9953220142508797,1.808824378757652,0.7717526620201257,-0.9798478675264842,0.0874198704469602,0.0892113079514053,-0.01547414672439551,0.12585841422889413
114,1.9063266149070721,0.8454220134848073,-1.016756169431055,1.8172669922317666,0.7588807081809217,-1.0006039525927415,0.08905962267530554,0.0865413053038856,-0.01615221683831347,0.12522742520534402
115,1.9161824877962923,0.8294914735064776,-1.036477618700728,1.8255278805210422,0.7457052121767199,-1.0208070838766747,0.0906546072752501,0.08378626132975764,-0.01567053482405334,0.1244345654129918
116,1.9257222911270189,0.8133696719067591,-1.0561990679704012,1.8336062175435337,0.7322314440302513,-1.0404714187339885,0.09211607358348517,0.08113822787650782,-0.015727649236412677,0.12375840167795396
117,1.9349423146507452,0.797062878824379,-1.0759205172400743,1.8415011954722713,0.7184647930691263,-1.0596119569697484,0.09344111917847386,0.07859808575525273,-0.0163085602703259,0.12318632625339011
118,1.943947250041517,0.7803767988250164,-1.094077122517081,1.8492120248160406,0.7044107657701763,-1.078244353954232,0.09473522522547628,0.07596603305484018,-0.015832768562848987,0.12245928971284917
119,1.952647755256587,0.7635299790616414,-1.1122337277940875,1.8567379344983332,0.6900749835569364,-1.0963847542815959,0.09590982075825383,0.07345499550470502,-0.015848973512491593,0.12184219320036993
120,1.9610409621460576,0.7465279731432903,-1.130390333071094,1.8640781719344526,0.675463180551151,-1.1140496450750117,0.09696279021160503,0.07106479259213938,-0.016340687996082348,0.12132190863965514
121,1.9692283278224478,0.7291552334157946,-1.1471417422597898,1.871232003106772,0.6605812012792008,-1.1312557278065778,0.09799632471567588,0.06857403213659374,-0.015886014453212027,0.1206567155050163
122,1.9771235405368583,0.7116477876125812,-1.1638931514484856,1.8781987126381352,0.6454349983343708,-1.1480198073479873,0.09892482789872314,0.0662127892782104,-0.015873344100498343,0.1200925397005389
123,1.984724384867747,0.694010548378057,-1.1806445606371814,1.884977603863395,0.6300306299958922,-1.16435869688339,0.09974678100435197,0.06397991838216477,-0.016285863753791263,0.11961638531207029
124,1.9921257399694676,0.6760125592638786,-1.1961511378548662,1.891567998899078,0.6143742578057116,-1.1802891372852227,0.10055774107038973,0.061638301458166955,-0.015862000569643486,0.1190073214466185
125,1.9992471292230383,0.6579019688650269,-1.211657715072551,1.8979692387111724,0.5984721441039565,-1.1958277295646969,0.10127789051186586,0.05942982476107039,-0.015829985507854083,0.1184892552885868
126,2.006086840296688,0.6396831318570058,-1.2271642922902357,1.9041806831810315,0.5823306495240819,-1.2109908790505335,0.10190615711565654,0.05735248233292389,-0.016173413239702228,0.11804978349684254
127,2.012730461924639,0.621116643730597,-1.2415803892875465,1.9102017111693845,0.5659562304487028,-1.2257947500135267,0.10252875075525436,0.05516041328189425,-0.01578563927401988,0.11749043506665521
128,2.019105746190092,0.6024563130738773,-1.2559964862848574,1.9160317205784498,0.5493554364271267,-1.2402552295333436,0.10307402561164225,0.05310087664675056,-0.015741256751513832,0.11701173026906313
129,2.025211368179856,0.5837060178814926,-1.2704125832821682,1.9216701284121454,0.532534907555621,-1.2543878994917435,0.10354123976771068,0.051171110325871516,-0.016024683790424765,0.11660214987383452
130,2.031121718339277,0.5646254008805334,-1.283883001356125,1.927116370834386,0.5155013718214642,-1.2682080156685605,0.10400534750489121,0.04912402905906921,-0.015674985687564646,0.11608612198240931
131,2.036774516168637,0.5454669024830949,-1.297353419430082,1.932369903225468,0.4982616424118385,-1.2817304930098559,0.10440461294316905,0.047205260071256416,-0.015622926420226113,0.11564054484539449
132,2.0421687359710514,0.5262339989875875,-1.3108238375040389,1.9374302002365305,0.4808226149886482,-1.2949698962289915,0.10473853573452097,0.04541138399893929,-0.015853941275047356,0.11525494400876386
133,2.047366506804484,0.5066929256291458,-1.3234824493542736,1.9422967558420892,0.4631912649303451,-1.3079404349891695,0.10506975096239479,0.04350166069880068,-0.015542014365104162,0.11477630966962801
134,2.0523165049403205,0.48708762307876163,-1.3361410612045084,1.9469690833906388,0.44537464454187115,-1.3206559629989763,0.10534742154968169,0.04171297853689049,-0.015485098205532122,0.11435838435383912
135,2.0570179371992037,0.46742123285706577,-1.3487996730547431,1.9514467156533182,0.4273798802338298,-1.333129980429876,0.1055712215458855,0.04004135262323599,-0.01566969262486717,0.11399180674744384
136,2.0615204057874323,0.4474738145812559,-1.3607694066409715,1.9557292048706325,0.40921416967201735,-1.3453756391359823,0.10579120091679983,0.038259644909238555,-0.015393767504989109,0.11354535084272449
137,2.065783792253956,0.4274739332042286,-1.3727391402271998,1.9598161227972284,0.3908847788984522,-1.3574057502217107,0.10596766945672753,0.03658915430577642,-0.015333390005489056,0.11315045749780517
138,2.069807485771409,0.40742445416521844,-1.384708873813428,1.9637070607447196,0.3723990394250553,-1.3692327935620554,0.10610042502668926,0.03502541474016313,-0.015476080251372704,0.11279888708897563
139,2.0736289996722603,0.38712593043090315,-1.3961024946899305,1.9674016296225532,0.3537643453011427,-1.380868928933525,0.10622737004970717,0.03336158512976045,-0.015233565756405554,0.1123802074909208
140,2.0772189968516215,0.3667851842661446,-1.407496115566433,1.9708994599769205,0.3349881501559047,-1.3923260084614568,0.10631953687470097,0.031797034110239875,-0.015170107104976127,0.11200458673212943
141,2.080577011280498,0.3464048561681375,-1.4188897364429354,1.9742002020277007,0.3160779642170538,-1.4036155901318894,0.10637680925279747,0.03032689195108368,-0.015274146311045955,0.11166488018956543
142,2.0837294965658395,0.325811941908473,-1.429811057344308,1.9773035257034395,0.29704135130683235,-1.4147489521538088,0.10642597086240002,0.028770590601640667,-0.015062105190499109,0.1112703966486203
143,2.0866568964922334,0.3051858271300874,-1.4407323782456805,1.9802091206743555,0.2778859258165868,-1.4257371079907708,0.1064477758178779,0.02729990131350063,-0.014995270254909654,0.11091109826486185
144,2.0893588618967915,0.284528971993529,-1.451653699147053,1.9829166963833729,0.2586193496611108,-1.4365908219100985,0.10644216551341867,0.025909622332418225,-0.015062877236954542,0.11058089075084412
145,2.091852294692361,0.26369995722175943,-1.46219898718295,1.985425982075177,0.23924932921398243,-1.4473206249233783,0.10642631261718405,0.024450628007777003,-0.01487836225957162,0.11020779868408734
146,2.0941259449611147,0.24284580708505973,-1.4727442752188469,1.9877367268232897,0.21978361222511697,-1.457936831014273,0.10638921813782498,0.023062194859942764,-0.014807444204573805,0.10986260042256074
147,2.096179559868438,0.22196884060807762,-1.4832895632547438,1.9898486995551619,0.20022998472177053,-1.4684495535690345,0.10633086031327621,0.021738855886307085,-0.01484000968570931,0.10954020082909759
148,2.0980223738625536,0.20096351742174356,-1.4935490123176427,1.99176168907528,0.18059626789423294,-1.4788687219418666,0.10626068478727357,0.020367249527510622,-0.014680290375776117,0.10918639526192492
149,2.099649591610842,0.17994039377232107,-1.5038084613805416,1.9934755040862868,0.1608903149674558,-1.4892040981017618,0.10617408752455515,0.019050078804865284,-0.014604363278779786,0.10885370820933042
150,2.101061041839894,0.15890168245650704,-1.5140679104434405,1.994989973208109,0.1411200080598672,-1.499465293319851,0.10607106863178495,0.01778167439663983,-0.014602617123589567,0.10853799321848134
151,2.1022604627501904,0.13778115614639425,-1.5241271098856746,1.9963049449950963,0.12129325503062975,-1.5096617848669232,0.10595551775509415,0.016487901115764494,-0.014465325018751418,0.10820197897382199
152,2.1032473709742794,0.11664963338315143,-1.5341863093279087,1.997420287951166,0.10141798631660187,-1.5198029326997817,0.10582708302311339,0.015231647066549558,-0.014383376628126943,0.10788074942624105
153,2.104021666650233,0.09550925239456888,-1.5442455087701428,1.998335890542952,0.08150215176026913,-1.5298979961226906,0.10568577610728114,0.014007100634299746,-0.014347512647452154,0.10757106143729621
154,2.104583974520383,0.07433567758421358,-1.5541868790108941,1.9990516612109581,0.06155371742991314,-1.5399561504164885,0.10553231330942481,0.012781960154300442,-0.014230728594405662,0.10725185916408331
155,2.1049357637247765,0.05315755904770952,-1.5641282492516455,1.999567528378714,0.04158066243329049,-1.5499865034331373,0.10536823534606254,0.011576896614419026,-0.014141745818508245,0.10694147245086663
156,2.105076999496077,0.03197698981911111,-1.5740696194923969,1.9998834404599326,0.02159097572609596,-1.5599981121576436,0.10519355903614436,0.01038601409301515,-0.014071507334753264,0.10663752374330113
157,2.1050077241673133,0.01081326028132347,-1.5839738087464341,1.9999993658636692,0.0015926529164868282,-1.56999999924253,0.10500835830364408,0.009220607364836642,-0.013973809503904144,0.10633457700040179
158,2.1047288460804237,-0.010348745153711581,-1.5938779980004714,1.9999152929974802,-0.018406306933053812,-1.580001169522415,0.10481355308294349,0.008057561779342231,-0.01387682847805638,0.10603476590396342
159,2.1042403925911626,-0.03150695065910899,-1.6037821872545086,1.9996312302685817,-0.03839790450523538,-1.5900106265178413,0.10460916232258088,0.0068909538461263894,-0.013771560736667299,0.10573654983904683
160,2.1035444489631603,-0.05259753883541001,-1.613729436480568,1.9991472060830102,-0.058374143427580086,-1.600037388938299,0.10439724288015007,0.0057766045921700745,-0.013692047542269048,0.10544963559676761
161,2.102638749888741,-0.07368016097645977,-1.6236766857066276,1.998463268842781,-0.0783270334708653,-1.610090507194452,0.10417548104596008,0.004646872494405527,-0.013586178512175584,0.10516039426372056
162,2.101523384984067,-0.09475273102107241,-1.633623934932687,1.997579486941048,-0.09824859374510869,-1.6201790799288849,0.10394389804301918,0.0034958627240362777,-0.013444855003802214,0.10486810345684781
163,2.100205154155721,-0.11570682943272217,-1.643695423841553,1.996495948755265,-0.11813085589181781,-1.6303122705732334,0.10370920540045603,0.0024240264590956323,-0.013383153268319736,0.10459724652433118
164,2.0986759547821277,-0.13664658879231625,-1.653766912750419,1.9952127626383473,-0.13796586727122728,-1.6404993239373136,0.1034631921437803,0.001319278478911029,-0.013267588813105524,0.10431874969150734
165,2.096935941976145,-0.15756988509564573,-1.663838401659285,1.9937300569078378,-0.15774569414324865,-1.6507495828327603,0.10320588506830708,0.0001758090476029206,-0.013088818826524795,0.10403270062738648
166,2.09499930289208,-0.17832444667889372,-1.674117589077849,1.9920479798330735,-0.17746242484086058,-1.6610725047296746,0.10295132305900645,-0.0008620218380331335,-0.013045084348174418,0.10377809126641395
167,2.092849429850051,-0.19905800506518906,-1.684396776496413,1.9901666996203604,-0.19710817293466984,-1.671477678439753,0.10268273022969043,-0.001949832130519219,-0.012919098056660028,0.10351061794501173
168,2.0904865500072853,-0.21976836953092008,-1.6946759639149769,1.988086404396152,-0.21667508038737962,-1.6819748408132476,0.10240014561113342,-0.0030932891435404564,-0.012701123101729328,0.10323118127267629
169,2.0879348643267006,-0.24026099853140032,-1.7052499315698117,1.985807302188237,-0.236155320696897,-1.692573893429715,0.10212756213846363,-0.00410567783450333,-0.012676038140096768,0.10299309434013364
170,2.085166636936942,-0.26072550097544755,-1.7158238992246466,1.9833296209049371,-0.2555411020268312,-1.7032849192537511,0.10183701603200479,-0.005184398948616331,-0.01253897997089548,0.10273695462428177
171,2.0821821773472857,-0.2811595887730845,-1.7263978668794815,1.980653608312316,-0.27482467032312397,-1.714118199216562,0.10152856903496965,-0.006334918449960536,-0.012279667662919547,0.10246449023914578
172,2.079018228188862,-0.3013288803836216,-1.7373586662066673,1.977779532009403,-0.2939983124155676,-1.725084228672093,0.10123869617945913,-0.00733056796805398,-0.012274437534574245,0.10224320343006306
173,2.075633401954188,-0.32146228172837793,-1.7483194655338532,1.9747076794014329,-0.3130543591029702,-1.7361937336623283,0.10092572255275511,-0.008407922625407738,-0.01212573187152488,0.10199866670251459
174,2.0720281052892444,-0.3415573740224113,-1.759280264861039,1.971438357671107,-0.33198518822073414,-1.7474576869099745,0.10058974761813744,-0.00957218580167718,-0.011822577951064561,0.10173346261831165
175,2.0682539884916884,-0.3613432363499839,-1.7707262500956495,1.9679718937478738,-0.35078322768961984,-1.7588873234378162,0.10028209474381455,-0.01056000866036405,-0.01183892665783337,0.10152917065318677
176,2.0642536551729225,-0.381084605071175,-1.78217223533026,1.964308634275237,-0.36944095854447706,-1.7704941556922353,0.09994502089768553,-0.011643646526697915,-0.011678079638024697,0.10129639307847801
177,2.0600276294132054,-0.40077889388609433,-1.7936182205648705,1.960448945576091,-0.3879509179417303,-1.7822899880233805,0.09957868383711443,-0.012827975944364023,-0.011328232541490069,0.10103860694840983
178,2.055644594201233,-0.42012284278666395,-1.8056553251685674,1.9563932136160893,-0.40630570214441675,-1.7942869303459041,0.09925138058514382,-0.013817140642247205,-0.011368394822663275,0.10085132782679988
179,2.0510290370050384,-0.4394126325342453,-1.8176924297722643,1.9521418439650484,-0.4244979694835826,-1.8064974107716563,0.09888719303998994,-0.014914663050662691,-0.011195019000608042,0.10063027661527625
180,2.0461816265733392,-0.4586454682285441,-1.8297295343759612,1.9476952617563903,-0.44252044329485246,-1.818934186968815,0.09848636481694895,-0.016125024933691612,-0.010795347407146272,0.10037987850964114
181,2.0411898613728887,-0.4774908817700495,-1.8424724074018624,1.9430539116446306,-0.46036591482899825,-1.8316103559602837,0.09813594972825812,-0.017124966941051256,-0.010862051441578702,0.10020934728516499
182,2.035958363237616,-0.496271157556827,-1.8552152804277635,1.9382182577609126,-0.47802724613534286,-1.8445393620273418,0.09774010547670331,-0.018243911421484127,-0.010675918400421702,0.09999971878082713
183,2.030487981650946,-0.5149832460736924,-1.8679581534536647,1.933188783666595,-0.4954973729168449,-1.8577350023321744,0.09729919798435072,-0.019485873156847466,-0.010223151121490304,0.09975643337617607
184,2.024886340863206,-0.5332755595803824,-1.8815310116905406,1.9279659923048962,-0.5127693073557238,-1.871211429814701,0.09692034855830989,-0.020506252224658628,-0.0103195818758397,0.09960197846959547
185,2.0190369446866003,-0.55149016024334,-1.8951038699274165,1.9225504059505998,-0.5298361409084934,-1.884983152854841,0.09648653873600055,-0.021654019334846564,-0.010120717072575447,0.09940310671538774
186,2.0129408706948597,-0.569623692575159,-1.9086767281642925,1.9169425661578283,-0.5466910470692872,-1.899065031120944,0.0959983045370314,-0.022932645505871818,-0.00961169704334841,0.09916635227704867
187,2.006726540601058,-0.5873105069122073,-1.9232136914576783,1.911143033705888,-0.5633272841003701,-1.9134722669486295,0.09558350689517026,-0.02398322281183718,-0.009741424509048802,0.09902674950884122
188,2.0002557635968263,-0.6049051181573997,-1.9377506547510641,1.9051523885431907,-0.5797381977287431,-1.928220391512157,0.09510337505363564,-0.025166920428656536,-0.009530263238907155,0.09883750172812787
189,1.9935299070840453,-0.6224038082248713,-1.95228761804445,1.898971229729261,-0.5959172238077642,-1.9433252449633298,0.0945586773547844,-0.02648658441710705,-0.008962373081120134,0.09860632205095138
190,1.9866980155659921,-0.6394348728369591,-1.9679321716113927,1.892600175374829,-0.6118578909427194,-1.958802949622059,0.09409784019116318,-0.027576981894239738,-0.009129221989333747,0.09847962303526271
191,1.9796005275566384,-0.6563569757645694,-1.9835767251783354,1.886039862580021,-0.6275538230792937,-1.9746698752097716,0.09356066497661741,-0.028803152685275668,-0.008906849968563835,0.09829827878371347
192,1.9722391801453392,-0.6731659753726875,-1.999221278745278,1.8792909473706498,-0.6429987420539088,-1.9909425950243342,0.09294823277468933,-0.030167233318778686,-0.008278683720943869,0.09807126259103063
193,1.9647823685556345,-0.6894929937591111,-2.0161243436333125,1.8723541046326122,-0.6581864701049049,-2.007637831866406,0.09242826392302228,-0.031306523654206164,-0.008486511766906624,0.09795459803962792
194,1.9570506586871308,-0.705691642807234,-2.033027408521347,1.865230028044401,-0.6731109323435617,-2.024772392446539,0.09182063064272983,-0.03258071046367228,-0.008255016074808275,0.09777871034300668
195,1.9490462595419131,-0.7217572944528724,-2.0499304734093817,1.8579194300077386,-0.6877661591839738,-2.0423630889355304,0.0911268295341745,-0.03399113526889863,-0.007567384473851302,0.09755389098131426
196,1.9409542602524241,-0.737333484871333,-2.068246371867146,1.8504230415763365,-0.7021462887308055,-2.060426646274568,0.0905312186760876,-0.035187196140527455,-0.007819725592578042,0.09744325751714565
197,1.9325783422740521,-0.7527588587232958,-2.0865622703249107,1.8427416123827909,-0.7162455691239705,-2.078979593845187,0.08983672989126124,-0.036513289599325316,-0.007582676479723549,0.09726949849524147
198,1.9239213154153427,-0.7680282413703061,-2.104878168782675,1.8348759105636196,-0.7300583608392996,-2.0980381401223296,0.08904540485172308,-0.03796988053100647,-0.0068400286603456095,0.09704422674647122
199,1.9151806209357438,-0.7828075744743302,-2.1247575785377517,1.8268267226824504,-0.7435791389442745,-2.1176180290088564,0.08835389825329343,-0.03922843553005573,-0.007139549528895284,0.09693428009824293
200,1.9061478684532764,-0.7974102389427029,-2.1446369882928282,1.8185948536513634,-0.7568024953079283,-2.137734376690414,0.08755301480191302,-0.040607743634774596,-0.0069026116024142326,0.09675828280279349
201,1.896826627512258,-0.8118304641248864,-2.1645163980479047,1.8101811266504018,-0.7697231407640244,-2.1584014880706035,0.0866455008618563,-0.04210732336086198,-0.006114909977301242,0.09652907139431433
202,1.887420401671228,-0.8257665029278949,-2.1860952806540177,1.8015863830452545,-0.7823359072266527,-2.179632652163961,0.0858340186259734,-0.04343059570124219,-0.006462628490056854,0.0964129709294823
203,1.877715664933905,-0.8394963371202906,-2.2076741632601307,1.7928114823031196,-0.7946357497573974,-2.201439916254256,0.08490418263078547,-0.04486058736289322,-0.006234247005874494,0.09622919703746781
204,1.8677169361178831,-0.8530135736779259,-2.2292530458662436,1.7838573019067592,-0.8066177485832404,-2.22383383918308,0.08385963421112397,-0.04639582509468543,-0.0054192066831637575,0.095991555031237
205,1.8576254038970657,-0.8660578802143187,-2.2526366679028693,1.774724737266751,-0.8182771110644103,-2.246823224830935,0.0829006666303147,-0.047780769149908475,-0.005813443071934099,0.0958609333809036
206,1.847231635206978,-0.878862665569651,-2.276020289939495,1.7654147016319481,-0.8296091736113709,-2.270414837697643,0.08181693357502984,-0.049253491958280105,-0.005605452241852049,0.09566262689546473
207,1.8365413130367267,-0.8914209284859708,-2.2994039119761207,1.7559281259981563,-0.8406094035501944,-2.294613103481373,0.08061318703857046,-0.05081152493577634,-0.004790808494747889,0.09541094715412857
208,1.8257429556100109,-0.9035211068316745,-2.3246457000242473,1.746265959015033,-0.8512734009355746,-2.319419798686549,0.07947699659497798,-0.05224770589609995,-0.005225901337698513,0.09525610638670289
209,1.8146426403716762,-0.9153448896748488,-2.349887488072374,1.7364291668912253,-0.8615969003107405,-2.3448337345377843,0.07821347348045093,-0.053747989364108295,-0.005053753534589589,0.09503543665049305
210,1.8032474394883518,-0.9268847439174999,-2.3751292761205005,1.7264187332977474,-0.8715757724135882,-2.3708504418018905,0.07682870619060433,-0.055308971503911675,-0.004278834318609981,0.09476307744511483
211,1.791721363763392,-0.9379823930533908,-2.402205638200058,1.7162356592696177,-0.8812060258283252,-2.3974618644663783,0.07548570449377423,-0.05677636722506563,-0.004743773733679735,0.09457352085776052
212,1.7798990655807307,-0.9487639283634055,-2.4292820002796156,1.7058809631057523,-0.8904838085819884,-2.424656071515499,0.07401810247497842,-0.05828011978141712,-0.004625928764116605,0.09432206037117412
213,1.767789211685039,-0.9592214460701012,-2.456358362359173,1.6953556802671397,-0.8994054096851778,-2.4524169971891108,0.07243353141789943,-0.05981603638492339,-0.003941365170062383,0.09402185406528678
214,1.7555189632236952,-0.9692506001864505,-2.4851428974316425,1.6846608632732913,-0.9079672606164054,-2.4807242209956297,0.07085809995040382,-0.06128333957004506,-0.004418676436012792,0.09378722055208291
215,1.7429651529900902,-0.9789224551383838,-2.513927432504112,1.6737975815969954,-0.9161659367494548,-2.509552799257385,0.06916757139309482,-0.06275651838892904,-0.004374633246726933,0.0934969034180396
216,1.7301381817187493,-0.9882289978690006,-2.5427119675765812,1.6627669215573662,-0.9239981587231878,-2.5388731599736905,0.06737126016138317,-0.06423083914581285,-0.0038388076028907925,0.09316235203621724
217,1.7171169086029043,-0.9971159498899422,-2.5729552876206734,1.6515699862112163,-0.9314607937532426,-2.5686510721830618,0.06554692239168802,-0.06565515613669959,-0.004304215437611614,0.09287370366734467
218,1.703832860077844,-1.0056050914580743,-2.6031986076647655,1.6402078952427481,-0.9385508568851079,-2.598847699706418,0.06362496483509594,-0.06705423457296644,-0.004350907958347694,0.09253829977093601
219,1.6902981855841432,-1.0136886585005076,-2.6334419277088577,1.628681784851592,-0.9452655121880633,-2.6294197471130945,0.06161640073255126,-0.06842314631244428,-0.004022180595763203,0.09216553437849441
220,1.6765343943335749,-1.021354172769649,-2.6647653793529327,1.6169928076391802,-0.951602073889516,-2.6603197029822847,0.05954158669439469,-0.0697520988801329,-0.004445676370647966,0.09181677342763954
221,1.662537283659105,-1.0285848678514702,-2.6960888309970077,1.6051421324934945,-0.957558007449271,-2.691496182110619,0.05739515116561056,-0.07102686040219919,-0.004592648886388773,0.09143364096277927
222,1.6483205858237187,-1.035373649867189,-2.7274122826410827,1.593130944472173,-0.9631309305733167,-2.722894364390203,0.05518964135154558,-0.07224271929387238,-0.00451791825087966,0.09102372541709718
223,1.633842943165174,-1.0417381712964475,-2.7593231868759003,1.5809604446840095,-0.9683186141667071,-2.7544565238654024,0.05288249848116444,-0.07341955712974046,-0.004866663010497874,0.09061277185692607
224,1.619169608048604,-1.0476375362223387,-2.791234091110718,1.5686318501688397,-0.9731189832251738,-2.7861226372410264,0.05053775787976433,-0.07451855299716492,-0.0051114538696914735,0.09018429282844626
225,1.604315521148484,-1.0530657377970487,-2.8231449953455354,1.5561463937758424,-0.9775301176650971,-2.817831057161089,0.048169127372641674,-0.07553562013195159,-0.005313938184446254,0.08974481979250046
226,1.5891747319770348,-1.058057163477841,-2.855076086692073,1.5435053240402514,-0.9815502530915156,-2.8495192322111245,0.045669407936783424,-0.07650691038632551,-0.005556854480948559,0.08927418882230193
227,1.573882306296546,-1.0625626649890907,-2.8870071780386106,1.530709905058507,-0.9851777815038595,-2.881124453092601,0.043172401238039004,-0.0773848834852312,-0.00588272494600961,0.08880812391595402
228,1.5584538348568249,-1.066577648936114,-2.918938269385148,1.5177614163618436,-0.9884112519391305,-2.912584602987957,0.040692418494981286,-0.07816639699698358,-0.006353666397191038,0.0883528585793778
229,1.5427201180289907,-1.0701398914709006,-2.9503056386866353,1.5046611527883416,-0.9912493710522671,-2.9438388899030694,0.03805896524064911,-0.07889052041863354,-0.006466748783565901,0.0878294818779066
230,1.526882421007188,-1.0732069373037332,-2.9816730079881224,1.49141042435344,-0.9936910036334646,-2.974828539761162,0.035471996653748006,-0.07951593367026855,-0.006844468226960387,0.08733780967809948
231,1.5109563254116614,-1.0757757689792726,-3.0130403772896095,1.4780105561189416,-0.9957351730622453,-3.0054974311418126,0.03294576929271975,-0.08004059591702728,-0.007542946147796936,0.08688392685434126
232,1.4947125017531897,-1.077875528908585,-3.0433063665900204,1.4644628880605028,-0.9973810616980933,-3.0357926556293995,0.03024961369268686,-0.0804944672104918,-0.007513710960620923,0.086318330802081
233,1.4784125758330633,-1.0794827668519724,-3.0735723558904313,1.450768774933639,-0.9986280112074989,-3.0656649915020315,0.027643800899424198,-0.08085475564447353,-0.007907364388399785,0.08581490342630156
234,1.462071477734436,-1.0805960106434713,-3.1038383451908422,1.4369295861382525,-0.9994755228272839,-3.095069282657533,0.025141891596183408,-0.08112048781618741,-0.008769062533309224,0.0853788305980091
235,1.445403469954319,-1.0812255989138413,-3.1325633699354256,1.4229467055816887,-0.9999232575641007,-3.1239647189303588,0.022456764372630333,-0.08130234134974057,-0.008598651005066849,0.08478392403129564
236,1.4287242558617053,-1.0813762043618895,3.1218969124995772,1.4088215315403523,-0.9999710363300244,3.1308702891621083,0.019902724321352983,-0.08140516803186515,-0.008973376662531063,0.08428191565475736
237,1.4120475969809687,-1.081047702727532,3.093171887754994,1.3945554765198755,-0.9996188400141854,3.1030967943149705,0.017492120461093164,-0.0814288627133466,-0.009924906559976687,0.08387572790288446
238,1.3950351281854783,-1.0802233015700904,3.0662999385711727,1.3801499671138728,-0.9988668094904141,3.0759271557872387,0.014885161071605424,-0.08135649207967632,-0.009627217216066075,0.08326541980296139
239,1.3780509519862523,-1.0789420948656219,3.0394279893873515,1.3656064438612794,-0.9977152455608932,3.0493838894183343,0.012444508124972886,-0.08122684930472868,-0.00995590003098279,0.08277552039022491
240,1.3611073319470097,-1.0772050077199353,3.0125560402035303,1.350926361102302,-0.9961646088358407,3.023485121228019,0.010180970844707815,-0.08104039888409464,-0.010929081024488863,0.08240535923514805
241,1.3438172304761462,-1.0749614858560421,2.9877173453821686,1.3361111868329818,-0.9942155195492712,2.998244789888664,0.007706043643164406,-0.08074596630677089,-0.010527444506495343,0.08179316151905289
242,1.3265881828130799,-1.0722892366441776,2.962878650560807,1.3211624025584014,-0.9918687573109126,2.9736728934044856,0.005425780254678436,-0.08042047933326502,-0.010794242843678692,0.08132286435027035
243,1.3094308180576635,-1.0691899086724856,2.938039955739445,1.3060815031445296,-0.9891252607943699,2.9497757684852686,0.0033493149131338384,-0.08006464787811574,-0.01173581274582336,0.08098947493988977
244,1.2919139906298567,-1.0655742358045508,2.9152979128299616,1.2908699966687416,-0.9859861273616705,2.9265563918596627,0.0010439939611150972,-0.07958810844288033,-0.011258479029701007,0.08038725196801258
245,1.2744839135625559,-1.0615611638077582,2.892555869920478,1.2755294042690073,-0.9824526126243325,2.904014693833692,-0.0010454907064514352,-0.07910855118342575,-0.011458823913213845,0.07994098177175464
246,1.2571496013120755,-1.0571527681555586,2.8698138270109945,1.2600612599917844,-0.9785261299411385,2.8821478756489345,-0.002911658679708884,-0.07862663821442006,-0.012334048637939965,0.07964141352946653
247,1.239441331987822,-1.0522179311282795,2.849140894581976,1.2444671106386092,-0.974208249852809,2.8609507235309106,-0.005025778650787238,-0.07800968127547059,-0.011809828948934786,0.07905846497087021
248,1.22183885680756,-1.046918092784106,2.828467962152957,1.2287485156114235,-0.9695006994538089,2.8404159136590224,-0.0069096588038635165,-0.07741739333029707,-0.011947951506065202,0.07863809331383245
249,1.2043496982755744,-1.041255518035003,2.8077950297239385,1.2129070467566294,-0.9644053617015306,2.820534303571183,-0.00855734848105505,-0.07685015633347236,-0.012739273847244714,0.07836749223792
250,1.1864721257570665,-1.0350560480647943,2.7891009706853063,1.1969442882079129,-0.9589242746631383,2.8012952066945758,-0.010472162450846367,-0.076131773401656,-0.012194236009269499,0.07781010538180615
251,1.168713563473531,-1.0285234763898858,2.770406911646674,1.1808618362278254,-0.9530596307003675,2.7826866477405034,-0.01214827275429431,-0.07546384568951836,-0.012279736093829374,0.07741553110131238
252,1.1510802172906978,-1.0216600858675287,2.751712852608042,1.1646612990481637,-0.9468137755926088,2.764695597602315,-0.013581081757465974,-0.07484631027491984,-0.012982744994272988,0.07716843662443128
253,1.13304573269681,-1.0142494562076634,2.7348699115780337,1.1483442967091446,-0.9401892075986283,2.747308187147715,-0.015298564012334648,-0.07406024860903504,-0.012438275569681245,0.07663991899799286
254,1.1151386169927924,-1.0065361382649247,2.7180269705480256,1.1319124608974056,-0.9331885764572977,2.7305098999059307,-0.016773843904613228,-0.07334756180762703,-0.012482929357905181,0.07626958887928037
255,1.0973639500326289,-0.9985223201375821,2.7011840295180174,1.1153674347828333,-0.9258146823277321,2.71428574412675,-0.018003484750204413,-0.07270763780985001,-0.01310171460873244,0.07604065350013667
256,1.0791785711048878,-0.9899519181655853,2.6860465886691594,1.0987108728542532,-0.918070474669267,2.69862040504676,-0.019532301749365377,-0.07188144349631831,-0.0125738163776008,0.07554173408812036
257,1.061125004653834,-0.9811072285099485,2.6709091478203013,1.081944440753977,-0.9099590510617106,2.6834983784538204,-0.02081943610014303,-0.07114817744823787,-0.012589230633519133,0.07519309011922451
258,1.0432073874328829,-0.9719902778228703,2.6557717069714433,1.0650698151112423,-0.9014836559663549,2.6689040868100813,-0.021862427678359442,-0.07050662185651535,-0.01313237983863802,0.07497738905720451
259,1.0248735886335316,-0.9623094444905066,2.642190120563406,1.0480886833745522,-0.8926476794282345,2.654821979292142,-0.02321509474102057,-0.06966176506227206,-0.012631858728735956,0.07450681841528661
260,1.006672957762058,-0.9523805095876857,2.628608534155369,1.0310027436429283,-0.8834546557201532,2.6412366171483908,-0.024329785880870425,-0.06892585386753247,-0.01262808299302165,0.07417668294320046
261,0.9886088520459316,-0.942205304572517,2.615026947747332,1.0138137044961069,-0.8739082619290224,2.6281327457710297,-0.02520485245017523,-0.06829704264349468,-0.013105798023697712,0.07396980845399286
262,0.9701276745200157,-0.9314619562693939,2.6028563897783084,0.9965232848236771,-0.8640123164850744,2.615495354844479,-0.026395610303661443,-0.0674496397843195,-0.01263896506617046,0.07352499975029644
263,0.9517786150315707,-0.9204944829324694,2.5906858318092847,0.979133213653199,-0.8537707776345435,2.603309727872266,-0.027354598621628368,-0.06672370529792593,-0.0126238960629812,0.07320990142216975
264,0.9335643914552688,-0.9093045090710553,2.578515273840261,0.9616452299772965,-0.8431877418564168,2.591561482308587,-0.028080838522027696,-0.06611676721463855,-0.013046208468325826,0.07300797185522903
265,0.9149368667218722,-0.8975459804242646,2.567620807698849,0.9440610825797653,-0.8322674422239013,2.5802366014347324,-0.029124215857893043,-0.06527853820036333,-0.012615793735883507,0.07258557536108536
266,0.8964385477804938,-0.8855852166537631,2.556726341557437,0.9263825298606904,-0.821014246711247,2.56932145902926,-0.02994398208019655,-0.0645709699425161,-0.01259511747182307,0.07228201163682062
267,0.8780716301636554,-0.8734236373612957,2.5458318754160247,0.9086113396606129,-0.8094326564466194,2.558802837787985,-0.0305397094969575,-0.06399098091467625,-0.012970962371960049,0.07208165757969097
268,0.859299646004107,-0.8606975197191634,2.536090903880556,0.8907492890837423,-0.7975273039117043,2.5486679423582137,-0.03144964307963527,-0.06317021580745907,-0.012577038477657787,0.07167801693591898
269,0.8406525152309898,-0.8477891513692134,2.526349932345087,0.8727981643202526,-0.7853029510887806,2.538904407763251,-0.03214564908926276,-0.062486200280432835,-0.012554475418164124,0.07138265079052242
270,0.8221320071917806,-0.8346997571319956,2.5166089608096183,0.8547597604676596,-0.7727644875559871,2.5295003039093875,-0.03262775327587897,-0.06193526957600848,-0.012891343099769248,0.07118099906716989
271,0.8032187651103234,-0.8210546162045406,2.5079119906996343,0.836635881351318,-0.759916928531561,2.5204441367892327,-0.03341711624099453,-0.06113768767297956,-0.012532146089598406,0.070792479808762
272,0.7844249081843386,-0.8072455054870641,2.4992150205896504,0.8184283393440346,-0.7467654128678123,2.5117248469228364,-0.03400343115969595,-0.0604800926192518,-0.01250982633318598,0.07050227435162593
273,0.7657518579212558,-0.7932734694566821,2.4905180504796665,0.800138955184839,-0.7333152009956565,2.503331805511806,-0.034387097263583244,-0.05995826846102559,-0.01281375503213944,0.07029693260081288
274,0.7467020554137674,-0.7787593979919943,2.482768452711764,0.7817695577969044,-0.7195716728205074,2.495254808721464,-0.03506750238313694,-0.05918772517148696,-0.01248635600969994,0.0699201374481469
275,0.7277653020234077,-0.7640981355262626,2.475018854943862,0.7633219841046635,-0.7055403255703919,2.4874840704519436,-0.03555668208125573,-0.05855780995587068,-0.012465215508081773,0.069632437449211
276,0.7089427350151756,-0.7492905625557523,2.4672692571759596,0.7447980788501106,-0.6912267715971265,2.480010213910566,-0.03585534383493505,-0.058063790958625794,-0.012740956734606623,0.06942147708397976
277,0.6897625766613968,-0.7339595655830786,2.4603824840419644,0.7261996944083366,-0.6766367361314569,2.4728242622546763,-0.03643711774693981,-0.057322829451621704,-0.012441778212711974,0.06905337190274186
278,0.6706884534041772,-0.7184968438103586,2.453495710907969,0.7075286906022854,-0.6617760549930369,2.4659176285357978,-0.03684023719810825,-0.05672078881732168,-0.012421917627828627,0.06876594359437412
279,0.6517212698806724,-0.7029031305951604,2.446608937773974,0.68878693451678,-0.6466506722561834,2.4592821051422575,-0.03706566463610761,-0.05625245833897696,-0.012673167368283611,0.06854787914472092
280,0.63241838168311,-0.6868093610296099,2.440511493150588,0.6699763003118093,-0.631266637872321,2.452909852907744,-0.03755791862869928,-0.05554272315728892,-0.012398359757156197,0.06818585390031502
281,0.6132139825744879,-0.6705981930743581,2.4344140485272017,0.65109866903512,-0.6156301052500863,2.446793390027349,-0.037884686460632144,-0.05496808782427176,-0.012379341500147412,0.06789689420919436
282,0.5941087865497013,-0.6542702294398104,2.4283166039038155,0.6321559284341076,-0.5997473287940437,2.440925580900035,-0.03804714188440628,-0.0545229006457667,-0.012608976996219656,0.06767065834829365
283,0.5746920832629617,-0.6374700991076252,2.42294494570561,0.6131499727670459,-0.5836246614030073,2.435299624996844,-0.03845788950408413,-0.053845437704617916,-0.012354679291234127,0.06731254360889567
284,0.5553659042310708,-0.6205659117645141,2.4175732875074045,0.5940827026136648,-0.5672685519289687,2.4299090458371793,-0.03871679838259401,-0.0532973598355454,-0.012335758329774738,0.06702066827485868
285,0.5361308071040138,-0.6035581551747583,2.412201629309199,0.5749560246850888,-0.5506855425976376,2.4247476801408347,-0.03882521758107493,-0.052872612577120726,-0.012546050831635736,0.0667855828185852
286,0.5166103437685909,-0.5861103466075981,2.4075011064280067,0.5557718516331736,-0.5338822663916443,2.419809667210888,-0.03916150786458261,-0.05222808021595382,-0.01230856078288145,0.06642963743554348
287,0.49717210960564573,-0.5685709747473412,2.4028005835468145,0.5365321018592358,-0.5168654443974288,2.4150894385917674,-0.039359992253590104,-0.05170553034991243,-0.012288855044952918,0.06613385530334863
288,0.47781653410052594,-0.5509404271242109,2.398100060665622,0.5172386993222217,-0.4996418831169025,2.410581708037644,-0.039422165221695726,-0.05129854400730838,-0.012481647372021953,0.06588959894517445
289,0.45820336002522083,-0.5329058285791161,2.394023937906819,0.49789357334630513,-0.48221847174493154,2.4062814618184905,-0.0396902133210843,-0.050687356834184516,-0.012257523911671342,0.0655344799991144
290,0.438663859917958,-0.5147914343703871,2.389947815148016,0.47849865842796485,-0.4646021794137574,2.402183949384547,-0.039834798510006875,-0.05018925495662968,-0.012236134236530916,0.06523415873979542
291,0.41919835842271985,-0.496597545464223,2.385871692389213,0.4590558940425284,-0.44680005240543,2.398284674404404,-0.03985753561980854,-0.049797493058792996,-0.012412982015191254,0.06498073239918356
292,0.39950438326361143,-0.47803912769955437,2.382380287408102,0.4395672244502339,-0.42881921133339584,2.394579386187274,-0.040062841186622455,-0.04921991636615852,-0.012199098779171802,0.0646254549079553
293,0.37987532295884546,-0.45941206354420744,2.3788888824269914,0.4200345985017983,-0.41066684829434086,2.3910640714961615,-0.040159275542952844,-0.04874521524986658,-0.012175189069170145,0.06432028179945014
294,0.3603114167846327,-0.4407165800601638,2.3753974774458806,0.40045996944354106,-0.39235022399145386,2.387734946755494,-0.040148552658908376,-0.048366356068709926,-0.012337469309613436,0.06405797240731263
295,0.3405492929447928,-0.4216992295209966,2.3724574166705152,0.3808452947220541,-0.373876664830236,2.3845884506541766,-0.04029600177726128,-0.04782256469076057,-0.012131033983661332,0.06370186369603145
296,0.3208431666021906,-0.40262385941291934,2.36951735589515,0.36119253578846583,-0.35525355998804264,2.381621237142953,-0.04034936918627524,-0.047370299424876694,-0.012103881247802928,0.06339180390708035
297,0.30119320809561917,-0.3834906346224991,2.3665772951197845,0.34150365790229065,-0.3364883584585042,2.3788301688233062,-0.04031044980667148,-0.04700227616399488,-0.012252873703521683,0.06312114734545844
298,0.2813762304229463,-0.36408095432351695,2.3641608864687593,0.3217806299349115,-0.31758856607203484,2.3762123107238504,-0.04040439951196523,-0.04649238825148211,-0.012051424255091092,0.06276379921439783
299,0.2616062122799611,-0.3446234448216833,2.361744477817734,0.3020254241726877,-0.2985617424935936,2.373764924459197,-0.04041921189272657,-0.046061702328089704,-0.012020446641463067,0.0624490532262174
300,0.24188326910435173,-0.32511821972993943,2.359328069166709,0.2822400161197344,-0.27941549819892586,2.371485462765573,-0.040356747015382693,-0.04570272153101357,-0.01215739359886392,0.06217079703625062
301,0.22202529104891586,-0.30538430639898445,2.3574127849642053,0.2624263843003676,-0.260157491430468,2.3693715644070066,-0.04040109325145172,-0.04522681496851644,-0.011958779442801326,0.06181201771395663
302,0.20220514544546248,-0.28561239561469953,2.3554975007617016,0.2425865100612595,-0.2407954251341592,2.3674210494456176,-0.04038136461579703,-0.04481697048054034,-0.011923548683915985,0.06149297898545234
303,0.18242290500047859,-0.2658025599066312,2.353582216559198,0.22272237737329917,-0.22133704387835867,2.365631914869418,-0.04029947237282058,-0.044465516028272534,-0.01204969831022007,0.06120804537440819
304,0.16253826948247432,-0.24581376383769957,2.352150278460944,0.20283597263320371,-0.2017901307561289,2.364002330571082,-0.04029770315072939,-0.04402363308157067,-0.011852052110137734,0.060847812517349296
305,0.14268227705950715,-0.22579651470430753,2.35071834036269,0.1829292844648735,-0.182162504272095,2.3625306356712543,-0.04024700740536635,-0.043634010432212544,-0.011812295308564202,0.060525026162264274
306,0.1228549684452246,-0.20575085355075087,2.349286402264436,0.16300430352053824,-0.16246201521515416,2.3612153351802236,-0.04014933507531364,-0.04328883833559671,-0.011928932915787449,0.06023447577546097
307,0.10295845132638684,-0.1855775260185059,2.3483244600282296,0.14306302228168652,-0.14269654351825772,2.360055096992098,-0.04010457095529968,-0.04288098250024819,-0.011730636963868335,0.05987289132214455
308,0.0830813489858043,-0.1653850685225634,2.347362517792023,0.1231074348598263,-0.12287399510655006,2.3590487492060004,-0.040026085874022,-0.042511073416013345,-0.0116862314139774,0.059547014350320636
309,0.06322367981641164,-0.14517349974766647,2.3464005755558164,0.10313953679706928,-0.10300229873509785,2.3581952777692634,-0.03991585698065764,-0.04217120101256862,-0.011794702213447028,0.05925201122026725
310,0.043330443831244944,-0.12488673164970011,2.345899472390655,0.08316132486658098,-0.0830894028174964,2.3574938244380585,-0.03983088103533604,-0.04179732883220372,-0.011594352047403333,0.058889258621225536
311,0.0234473761069969,-0.10458999753568161,2.345398369225494,0.06317479687290779,-0.06314327224661277,2.356943685051464,-0.03972742076591089,-0.04144672528906884,-0.011545315825969737,0.05856102215143323
312,0.0035744816363928386,-0.08428330250220975,2.344897266060333,0.04318195145219192,-0.04317188520872868,2.3565443081154838,-0.03960746981579908,-0.04111141729348107,-0.01164704205515088,0.0582628001877924
313,-0.01629996122110242,-0.0639546570219183,2.344851884642458,0.02318478787231655,-0.02318322999237945,2.356295293694157,-0.03948474909341897,-0.04077142702953885,-0.011443409051698605,0.057899104342984085
314,-0.036173481515377186,-0.04362510963216396,2.3448065032245835,0.0031853058329736565,-0.0031853017931379904,2.356196392605459,-0.03935878734835084,-0.040439807839025975,-0.011389889380875484,0.05756927808908697
315,-0.05604607920550249,-0.0232946603748149,2.344761121806709,-0.016814494734297237,0.016813900484349713,2.3562475059203347,-0.039231584471205255,-0.040108560859164616,-0.011486384113625903,0.057269109424893126
316,-0.07588589861918088,-0.002995901814711391,2.3451703066159917,-0.03681261386610762,0.03680637742582691,2.3564486847638113,-0.03907328475307326,-0.0398022792405383,-0.011278378147819623,0.056904699522814
317,-0.09573402231536524,0.0172947368935627,2.3455794914252746,-0.05680705176720758,0.05678413230707805,2.3568001304177795,-0.038926970548157656,-0.03948939541351535,-0.011220638992504917,0.05657405876885821
318,-0.11559044697084041,0.037577252352700985,2.3459886762345574,-0.07679580901047076,0.07673917429251892,2.3573021947256567,-0.03879463796036965,-0.039161921939817934,-0.011313518491099295,0.05627322422915709
319,-0.13537952008828083,0.05777443189502429,2.346855229505737,-0.0967768867368283,0.09666352163141724,2.357955380799775,-0.03860263335145253,-0.03888908973639295,-0.01110015129403763,0.055908299571194475
320,-0.15518608770558062,0.07795445557027247,2.347721782776917,-0.11674828685516017,0.11654920485049365,2.358760344032969,-0.03843780085042045,-0.03859474928022118,-0.01103856125605196,0.05557759477364352
321,-0.1750101349497005,0.09811730822497265,2.348588336048097,-0.13670801224209556,0.13638826994159764,2.359717893416455,-0.03830212270760494,-0.03827096171662499,-0.011129557368358078,0.05527735668281702
322,-0.19473206828873896,0.11814156302781342,2.349919086271596,-0.1566540669417306,0.1561727815432119,2.3608289931666846,-0.03807800134700837,-0.03803121851539848,-0.010909906895088639,0.054912055477902684
323,-0.21448063143872137,0.13813955514076628,2.351249836495095,-0.1765844563652152,0.175894826114484,2.3620947646644646,-0.03789617507350618,-0.037755270973717725,-0.010844928169369439,0.05458198455992111
324,-0.2342557894269983,0.15811124914946909,2.3525805867185943,-0.19649718749021736,0.19554651510054424,2.363516488710183,-0.03775860193678093,-0.03743526595107516,-0.010935901991588892,0.054283562055355596
325,-0.2538939379459302,0.17789185385779388,2.354386530213711,-0.21639026906021674,0.21511998808781552,2.365095608099521,-0.03750366888571344,-0.03722813423002164,-0.010709077885810103,0.05391793307705782
326,-0.27356777707561336,0.19763696094228386,2.356192473708828,-0.23626171178363561,0.23460741594808077,2.366833730524539,-0.03730606529197775,-0.036970455005796904,-0.010641256815711042,0.05358911640923814
327,-0.29327724265117855,0.21734650600563427,2.3579984172039445,-0.25610952853275937,0.2540010039700232,2.3687326318054684,-0.03716771411841918,-0.03665449796438891,-0.010734214601523906,0.05329366338432268
328,-0.3128147268328436,0.23681362864715177,2.3602949347716726,-0.27593173454245457,0.2732929949770132,2.3707942594589726,-0.03688299229038905,-0.03647936632986143,-0.010499324687299971,0.05292764029323877
329,-0.33239686604409685,0.25623583181774484,2.3625914523394007,-0.29572634760863703,0.29247567242986966,2.373020736608938,-0.03667051843545982,-0.03623984061212482,-0.010429284269537487,0.0526005982883506
330,-0.35202355700891974,0.27561301308489605,2.364887969907129,-0.3154913882864973,0.3115413635133787,2.3754143662461753,-0.03653216872242243,-0.035928350428482636,-0.010526396339046507,0.052309184049859535
331,-0.37144327866240867,0.29469798651962625,2.367695121876431,-0.33522488008843665,0.3304824422053109,2.3779776358435334,-0.03621839857397202,-0.03578445568568467,-0.010282513967102336,0.051942562099568046
332,-0.39091649815165186,0.31372837072034865,2.3705022738457333,-0.35492484968172117,0.34929133232673576,2.3807132223330263,-0.03599164846993069,-0.03556296160638711,-0.010210948487292981,0.051617695287668346
333,-0.4104430620257907,0.3327040157257897,2.3733094258150356,-0.37458932708580633,0.3679605105723846,2.3836239974514886,-0.03585373493998434,-0.03525649484659488,-0.010314571636452996,0.05133128798362793
334,-0.42972771941878873,0.3513396071256396,2.3766523298019466,-0.3942163458693397,0.38648250951987934,2.3867130334610547,-0.035511373549449055,-0.03514290239423973,-0.01006070365910805,0.05096370275182093
335,-0.44907456593555667,0.36991062776113776,2.3799952337888577,-0.4138039433467995,0.4048499206165983,2.389983609250355,-0.03527062258875718,-0.034939292855460546,-0.009988375461497334,0.05064127414864309
336,-0.46848338537514933,0.38841687010119064,2.3833381377757688,-0.43335016077475924,0.42305539714299684,2.3934392168216947,-0.03513322460039009,-0.0346385270418062,-0.010101079045925943,0.050360727003682534
337,-0.48761548828616064,0.40653754824127364,2.387247433972666,-0.4528530435477663,0.44109165715120235,2.3970835681686076,-0.03476244473839435,-0.034554108909928716,-0.009836134195941426,0.04999163472691911
338,-0.5068182839209553,0.424583295049381,2.3911567301695635,-0.472310641393794,0.4589514863776903,2.400920602546995,-0.03450764252716132,-0.03436819132830926,-0.009763872377431593,0.049671754265018624
339,-0.5260914788113249,0.44255383473999244,2.395066026366461,-0.49172100856927403,0.47662774112889944,2.404954494141537,-0.034370470242050866,-0.034073906388907005,-0.009888467775076126,0.04939779464913814
340,-0.545053364149248,0.4600960350729431,2.3995784348300178,-0.5110822040536624,0.49411335113860816,2.409189660127124,-0.03397116009558554,-0.03401731606566505,-0.00961122529710634,0.04902645369862064
341,-0.5640942137427744,0.47755249332903343,2.4040908432935746,-0.5303922917435467,0.5114013223959523,2.4136307691226384,-0.03370192199922761,-0.03384882906691883,-0.009539925829063822,0.04870906445896442
342,-0.5832136398860167,0.4949228540634287,2.4086032517571314,-0.549649340646248,0.5284847399429308,2.4182827500314454,-0.03356429923976867,-0.033561885879502096,-0.009679498274314025,0.04844228580577
343,-0.6019874886861083,0.5118252417445411,2.413762224423786,-0.5688514250729251,0.5453567706403021,2.42315080125933,-0.03313606361318322,-0.03353152889576094,-0.009388576835544171,0.048067738836574087
344,-0.6208482862230192,0.5286305511544561,2.4189211970904405,-0.5879966248311352,0.5620106659007431,2.4282404002962408,-0.032851661391884,-0.03338011474628699,-0.009319203205800264,0.047752604798830464
345,-0.6397955305177558,0.5453383350208728,2.424080169757095,-0.6070830254168587,0.5784397643882002,2.433557313642975,-0.03271250510089718,-0.033101429367327406,-0.009477143885880057,0.04749346136438218
346,-0.6583633874183505,0.5615420662515277,2.429936635929818,-0.6261087182059404,0.5946374946823286,2.439107607057674,-0.03225466921241016,-0.03309542843080093,-0.009170971127856031,0.04711451772488216
347,-0.6770258219592189,0.5776367781993715,2.4357931021025405,-0.645071800644958,0.6105973779069791,2.4448976560896263,-0.03195402131426095,-0.03296059970760756,-0.009104553987085762,0.046801212746478506
348,-0.695782194054352,0.5936219188463967,2.4416495682752632,-0.6639703764414682,0.6263130303216559,2.4509341568591303,-0.031811817612883875,-0.03269111147525916,-0.009284588583867048,0.04655001712668733
349,-0.7141259908307249,0.6090709010910417,2.4482627647793973,-0.6828025557536419,0.6417781658749337,2.4572241370319414,-0.03132343507708302,-0.032707264783892076,-0.00896137225254412,0.046165235267683076
350,-0.732571552892052,0.6243982352627088,2.4548759612835314,-0.7015664553792397,0.6569865987187891,2.463774966924827,-0.03100509751281233,-0.032588363456080294,-0.008899005641295421,0.04585313300013859
351,-0.7511180735362741,0.6396032510325679,2.4614891577876654,-0.7202601989439371,0.671932245682862,2.4705943706648235,-0.03085787459233702,-0.03232899465029415,-0.009105212877158042,0.04561005613889892
352,-0.7692196589759166,0.6542444028073255,2.4689275219029883,-0.7388819170889542,0.6866091287076386,2.477690437308543,-0.030337741886962366,-0.03236472590031303,-0.00876291540555485,0.04521772607957254
353,-0.7874296488578857,0.6687505045999764,2.476365886018311,-0.7574297476579961,0.7010113772355988,2.4850716318091606,-0.0299999011998896,-0.032260872635622384,-0.008705745790849484,0.044905990524537816
354,-0.8057470356415491,0.6831207538023332,2.483804250133634,-0.7759018358834606,0.715133230559358,2.4927468056970676,-0.029845199758088525,-0.03201247675702479,-0.008942555563433707,0.044671063528019556
355,-0.823588215067669,0.6969042647674872,2.4921463318563735,-0.7942963345719204,0.7289690401258765,2.5007252073153747,-0.0292918804957486,-0.03206477535838925,-0.008578875459001267,0.044269190029886905
356,-0.8415437555519124,0.710538465285311,2.500488413579113,-0.8126114042888336,0.7425132717958018,2.509016491422985,-0.028932351263078804,-0.031974806510490894,-0.008528077843871884,0.04395676640410037
357,-0.8596124075695833,0.7240224065528278,2.5088304953018525,-0.8308452135424925,0.7557605080570542,2.5176307279456003,-0.028767194027090826,-0.0317381015042264,-0.00880023264374774,0.04372988261897065
358,-0.8771749967563004,0.7369019984533691,2.5181658113201064,-0.8489959389671652,0.7687054501917557,2.5265784096181902,-0.02817905778913521,-0.03180345173838661,-0.008412598298083829,0.0433161707735602
359,-0.8948570539894235,0.7496170792030318,2.5275011273383603,-0.8670617655054355,0.78134292039565,2.5358704582208973,-0.027795288483988045,-0.03172584119261823,-0.008369330882536996,0.04300177625062409
360,-0.9126570383220066,0.7621665407144146,2.536836443356614,-0.8850408865897049,0.7936678638491532,2.545518229063543,-0.027616151732301697,-0.031501323134738635,-0.008681785706929013,0.042782690410980075
361,-0.9299229385097064,0.7740997291088443,2.5472661426990535,-0.9029315043228463,0.8056753507392133,2.5555335133215724,-0.02699143418686012,-0.03157562163036898,-0.008267370622518921,0.04235453715740399
362,-0.9473123569361882,0.7858521935881482,2.557695842041493,-0.9207318296579966,0.8173605782311729,2.565928537768054,-0.0265805272781916,-0.031508384643024745,-0.008232695726561268,0.04203665081956013
363,-0.9648234020215143,0.7974226557469489,2.568125541383932,-0.9384400825774543,0.8287188723898353,2.5767159613820527,-0.026383319444060027,-0.0312962166428864,-0.008590419998120602,0.04182496905904302
364,-0.9817747053407496,0.8083710111271616,2.579762674948419,-0.9560544922706857,0.83974569004898,2.5879088682432516,-0.02572021307006389,-0.031374678921818444,-0.008146193294832571,0.04137946716686259
365,-0.9988522654740435,0.819121365058353,2.591399808512906,-0.9735732973113987,0.8504366206285644,2.5995207560461813,-0.025278968162644744,-0.03131525557021142,-0.008120947533275302,0.04105631804769973
366,-1.0160537697551595,0.829672261713088,2.603036942077393,-0.9909947458336898,0.8607873878989016,2.6115655194852865,-0.025059023921469636,-0.03111512618581358,-0.00852857740789359,0.040851467416218014
367,-1.032672907643015,0.8396016660474083,2.616006017495605,-1.008317095707223,0.870793851691091,2.6240574276749693,-0.02435581193579206,-0.031192185643682757,-0.008051410179364282,0.04038543334121859
368,-1.049419419490349,0.8493147065351789,2.628975092913817,-1.0255386147114476,0.8804520095530344,2.637011094678,-0.02388080477890142,-0.031137303017855444,-0.008036001764182732,0.040054984714361065
369,-1.0662904886249747,0.858809749495832,2.6419441683320293,-1.042657580708813,0.8897579983503596,2.650441442122924,-0.023632907916161683,-0.030948248854527627,-0.0084972737908946,0.03985614263338805
370,-1.0825604396131954,0.867690639675051,2.656379522284144,-1.0596722818169868,0.8987080958116269,2.664363652799013,-0.022888157796208564,-0.031017456136575916,-0.007984130514868681,0.03936618717334727
371,-1.098956889810045,0.8763357502282294,2.670814876236259,-1.0765810165800351,0.9072987220171839,2.678793114029098,-0.02237587323000989,-0.030962971788954463,-0.007978237792838794,0.03902611437343134
372,-1.115476422591683,0.8847432797233212,2.685250230188374,-1.0933820941385743,0.9155264408310896,2.693745349540943,-0.022094328453108547,-0.030783161107768353,-0.00849511935256908,0.03883206677985422
373,-1.131380999543682,0.8925508618205255,2.7012925650451938,-1.1100738343988477,0.9233879612755189,2.709235938492216,-0.02130716514483444,-0.030837099454993466,-0.007943373447022228,0.03831473830036248
374,-1.1474087764404806,0.9001023036678216,2.7173348999020135,-1.12665456820074,0.9308801388471135,2.7252804202598746,-0.0207542082397405,-0.03077783517929189,-0.007945520357861113,0.03796239707578218
375,-1.1635556285178532,0.907395661894187,2.733377234758833,-1.1431226374846875,0.9379999767747388,2.7418941835904724,-0.02043299103316576,-0.03060431488055182,-0.008516948831639226,0.03777128048226799
376,-1.1790798674234284,0.9141100683244899,2.7511674685144554,-1.1594763954574863,0.9447446272181542,2.7590923387340904,-0.019603471965942143,-0.030634558893664288,-0.00792487021963506,0.03722332440455747
377,-1.1947210943009914,0.9205472469823546,2.7689577022700775,-1.1757142067569655,0.9511113924071088,2.776889571263257,-0.019006887544025908,-0.030564145424754274,-0.007931868993179325,0.03685570926439667
378,-1.2104743589514022,0.9267051606032808,2.7867479360256997,-1.1918344476155285,0.9570977257204172,2.7952999764232915,-0.018639911335873727,-0.030392565117136394,-0.008552040397591831,0.03666458378286398
379,-1.2256050284465385,0.9323115051821252,2.8064173680576436,-1.2078355060225212,0.9627012327045702,2.814336873086924,-0.017769522424017303,-0.030389727522444954,-0.007919505029280405,0.03608337603349913
380,-1.240843037612946,0.9376191728009826,2.8260868000895876,-1.2237157818854385,0.9679196720314864,2.834012596709942,-0.017127255727507507,-0.03030049923050382,-0.007925796620354308,0.03569707823394544
381,-1.256182491259799,0.942626110060809,2.8457562321215315,-1.2394736871899266,0.9727509563950139,2.8543382711218332,-0.016708804069872407,-0.03012484633420487,-0.008582039000301744,0.035501294251161344
382,-1.2709087281097087,0.9471143740668838,2.8674120644805337,-1.2551076461585875,0.9771931533458231,2.875323559550972,-0.015801081951121176,-0.030078779278939316,-0.007911495070438423,0.03488551143364202
383,-1.2857287014714593,0.951282701681751,2.889067896839536,-1.2706160954085512,0.9812444860643621,2.896976395989684,-0.015112606062908096,-0.0299617843826111,-0.007908499150148351,0.0344767130714432
384,-1.300635461418548,0.9551291381400505,2.910723729198538,-1.2859974841078177,0.9849033340715609,2.9193026988581225,-0.014637977310730355,-0.029774195931510428,-0.008578969659584601,0.03426910917338678
385,-1.3149495031732015,0.958493798378456,2.934429423768637,-1.3012502741303347,0.9881682338770005,2.9423060699269263,-0.0136992290428668,-0.029674435498544427,-0.007876646158289535,0.03361967509106975
386,-1.3293392772947512,0.9615182207372949,2.9581351183387357,-1.3163729402098099,0.9910378795642899,2.9659874825973085,-0.012966337084941326,-0.029519658826995032,-0.00785236425857283,0.033184270055431724
387,-1.3437966976850615,0.9642007056919052,2.9818408129088345,-1.3313639700922384,0.993511123313416,2.990344964890073,-0.0124327275928231,-0.029310417621510765,-0.00850415198123855,0.032954421516159516
388,-1.3576946197159963,0.9664400062765574,3.007591890959912,-1.3462218646871233,0.9955869758598548,3.01537328382298,-0.011472755028872905,-0.029146969583297433,-0.007781392863067893,0.032275687734448014
389,-1.371645592051582,0.9683207175191683,3.03334296901099,-1.360945138217388,0.9972646068902659,3.0410636392016177,-0.010700453834193935,-0.028943889371097598,-0.007720670190627832,0.03180970280239193
390,-1.3856403640618609,0.9698415923551361,3.0590940470620676,-1.3755323183679475,0.998543345374605,3.067403376135589,-0.010108045693913326,-0.028701753019468867,-0.008309329073521443,0.031543749995726546
391,-1.3991226323968744,0.9709563909678126,3.086791955167798,-1.389981946432944,0.9994226798345278,3.0943757267243446,-0.009140685963930473,-0.028466288866715206,-0.007583771556546548,0.03084469699569691
392,-1.4126306030804796,0.9716973791019953,3.114489863273529,-1.4042925774616108,0.9999022585479752,3.1219595922240613,-0.00833802561886876,-0.028204879445979936,-0.007469728950532328,0.030345259042848755
393,-1.4261539138097425,0.972063988327111,-3.1409975358003264,-1.4184627804027723,0.9999818896898556,-3.1330559296913743,-0.007691133406970252,-0.027917901362744524,-0.007941606108952115,0.030027185302213922
394,-1.4392254614672804,0.9720562092156458,-3.1115681401775612,-1.432491138247941,0.9996615414087742,-3.1043304177311337,-0.006734323219339311,-0.02760533219312833,-0.007237722446427508,0.02932217762934773
395,-1.4522911200678934,0.9716638012518121,-3.082138744554796,-1.4463762481730242,0.9989413418397719,-3.0750839964195906,-0.005914871894869167,-0.027277540587959836,-0.0070547481352054575,0.02878922370109507
396,-1.465339574400822,0.9708871042714307,-3.052709348932031,-1.460116721678599,0.9978215790530742,-3.045356048786323,-0.005222852722222893,-0.02693447478164357,-0.007353300145708008,0.0284044916404764
397,-1.4780090649332263,0.9697580231794982,-3.0218920585085094,-1.4737111847287665,0.9963027009388654,-3.0151903723094278,-0.004297880204459759,-0.026544677759367197,-0.0067016861990816246,0.027712890313200674
398,-1.4906377500873795,0.96823910062054,-2.991074768084988,-1.4871582778885493,0.9943853150281404,-2.9846349301467145,-0.003479472198830269,-0.026146214407600454,-0.006439837938273296,0.02715147817894765
399,-1.5032136372820974,0.9663317790093345,-2.9602574776614663,-1.5004566564598378,0.992070188249698,-2.953741503402485,-0.0027569808222596137,-0.025738409240363413,-0.006515974258981316,0.02669315593972431
400,-1.5154916958001194,0.9640806061570746,-2.9285161094175645,-1.5136049906158564,0.9893582466233818,-2.9225652469480483,-0.0018867051842630378,-0.025277640466307205,-0.005950862469516149,0.026037118276170893
401,-1.5276921263683112,0.9614409103159862,-2.8967747411736626,-1.5266019655341467,0.9862505748896836,-2.891164155538977,-0.0010901608341644664,-0.024809664573697376,-0.005610585634685528,0.025459508598318633
402,-1.5398026379084866,0.9584153507945085,-2.865033372929761,-1.5394462815280487,0.9827484160758617,-2.859598451199729,-0.00035635638043785,-0.02433306528135326,-0.005434921730031572,0.024935184580589083
403,-1.5516991672389873,0.9550387259289347,-2.8329197742779133,-1.5521366541766646,0.9788531709987472,-2.827929906773413,0.0004374869376773116,-0.023814445069812562,-0.004989867504500367,0.02433552889329153
404,-1.5634811458124025,0.9512818673356602,-2.800806175626066,-1.5646718144533056,0.9745663977044351,-2.7962211238571486,0.0011906686409031142,-0.02328453036877487,-0.004585051768917214,0.023761518176044223
405,-1.5751364241161363,0.9471486490669518,-2.7686925769742183,-1.57705050885239,0.9698898108450863,-2.7645347857899107,0.0019140847362537627,-0.022741161778134455,-0.004157791184307591,0.023197228000973503
406,-1.5866575877790015,0.9426415319839995,-2.7367931826062444,-1.5892714995147947,0.964825280993091,-2.732932907721797,0.002613911735793284,-0.02218374900909148,-0.003860274884447179,0.022668325408913177
407,-1.5980291402127256,0.9377692520461237,-2.7048937882382704,-1.6013335643516353,0.9593748338928642,-2.7014761059532435,0.003304424138909745,-0.02160558184674044,-0.003417682285026924,0.022122408052185374
408,-1.6092395110324125,0.9325367667254493,-2.6729943938702965,-1.613235497166481,0.9535406496505743,-2.6702229076755954,0.0039959861340685965,-0.021003882925125006,-0.0027714861947010228,0.021559502286542808
409,-1.6203852806681955,0.9268947366701327,-2.6418670289297013,-1.6249761077759686,0.9473250618621301,-2.639229120063048,0.004590827107773032,-0.02043032519199739,-0.0026379088666530492,0.021105270530675357
410,-1.6313500579306595,0.9209085572956404,-2.610739663989106,-1.6365542221288205,0.940730556679773,-2.608547274546721,0.005204164198161054,-0.01982199938413265,-0.002192389442384979,0.020610714593459818
411,-1.6421232197640134,0.9145840282197798,-2.579612299048511,-1.6479686824232516,0.9337597718176508,-2.578226158302969,0.005845462659238132,-0.019175743597870998,-0.0013861407455419972,0.020094774504788294
412,-1.6528862782566642,0.9078064040127881,-2.549729281718399,-1.6592183472227418,0.926415495496766,-2.54831044080868,0.00633206896607752,-0.018609091483977935,-0.001418840909718888,0.01970803117455709
413,-1.6634420257106257,0.9007102209757174,-2.519846264388287,-1.670302091570187,0.9187006653297247,-2.518840399062686,0.006860065859561226,-0.017990444354007318,-0.0010058653256010963,0.01928025821158518
414,-1.6737810366005488,0.8933018154910349,-2.489963247058175,-1.681218807100389,0.9106183671457304,-2.4898517410274974,0.0074377704998402905,-0.017316551654695478,-0.00011150603067777709,0.01884663961593442
415,-1.6841472985463304,0.8853946522178178,-2.4616742772169204,-1.691967402150893,0.9021718337562933,-2.4613755232435177,0.007820103604562645,-0.016777181538475516,-0.00029875397340273224,0.01851261987665931
416,-1.6942857572162753,0.8771974408898299,-2.4333853073756657,-1.702546801871149,0.893364443662152,-2.4334381555791036,0.00826104465487365,-0.01616700277232208,5.284820343787189e-05,0.01815542977631466
417,-1.704188299689559,0.8687167410176093,-2.405096337534411,-1.7129559483300023,0.8841997197019128,-2.4060614838033527,0.008767648640443326,-0.015482978684303483,0.0009651462689417301,0.017819253602250458
418,-1.71413868107564,0.8596948777129825,-2.3786165750476247,-1.723193800621481,0.8746813276429652,-2.3792629391356055,0.00905511954584104,-0.01498644992998277,0.0006463640879807997,0.017521605463757715
419,-1.7238467052918989,0.8504127242434275,-2.3521368125608384,-1.7332593349688885,0.8648130747152218,-2.353055743107651,0.009412629676989637,-0.014400350471794332,0.0009189305468124687,0.017228236256115085
420,-1.7333055656848029,0.8408767886688028,-2.325657050074052,-1.7431515448271764,0.8545989080882805,-2.327449155898217,0.009845979142373507,-0.013722119419477763,0.0017921058241650023,0.01698386027731826
421,-1.7428182778339731,0.8307645958006179,-2.3010771145744884,-1.7528694409836028,0.8440429132926041,-2.3024487566599667,0.010051163149629616,-0.013278317491986158,0.0013716420854783529,0.016709907183737237
422,-1.752079584444185,0.8204216592297988,-2.2764971790749247,-1.7624120516566506,0.833149312585366,-2.278056745137869,0.010332467212465613,-0.012727653355567137,0.0015595660629443842,0.016467704300868538
423,-1.7610838903636294,0.8098542275671193,-2.251917243575361,-1.7717784225932054,0.8219224632616022,-2.2542722549523493,0.010694532229575948,-0.012068235694482898,0.0023550113769883474,0.016296055073936586
424,-1.7701365729663472,0.7986852047920179,-2.2292267994814052,-1.780967617163977,0.8103668559113548,-2.2310916701770687,0.010831044197629813,-0.011681651119336944,0.0018648706956634342,0.016039022226945778
425,-1.778933516913181,0.7873136653512672,-2.2065363553874495,-1.789978716457167,0.7984871126234903,-2.208508938179551,0.011045199543985973,-0.011173447272223025,0.0019725827921015515,0.015834564717203667
426,-1.78747019323685,0.7757454637018667,-2.183845911293494,-1.7988108193703554,0.7862879851369292,-2.186515873031657,0.011340626133505394,-0.010542521435062513,0.0026699617381633622,0.015712519053033933
427,-1.7960414887171172,0.7635611178319237,-2.1629619828812405,-1.8074630427006113,0.7737743529400123,-2.165102445073569,0.011421553983494093,-0.01021323510808858,0.0021404621923286626,0.01547073512047024
428,-1.8043564766185995,0.7512004395865097,-2.1420780544689872,-1.8159345212328108,0.7609512213187744,-2.144257053386,0.011578044614211302,-0.009750781732264624,0.0021789989170128976,0.015293034288828238
429,-1.8124115305870314,0.7386688197369414,-2.121194126056734,-1.8242244078261607,0.7478237193548899,-2.123966778963472,0.011812877239129271,-0.009154899617948464,0.0027726529067382266,0.015200126967321531
430,-1.8204820116321256,0.7255172743534093,-2.1019876784729714,-1.8323318734989098,0.7343970978741133,-2.104217617273643,0.011849861866784162,-0.008879823520704044,0.0022299388006716825,0.014974749382726084
431,-1.8282984252351586,0.7122131588750825,-2.082781230889209,-1.840256107511248,0.7206767273460168,-2.084994689631238,0.011957682276089399,-0.008463568470934324,0.002213458742029051,0.014816124873959485
432,-1.8358578881064864,0.6987613808747085,-2.0635747833054463,-1.8479963174463758,0.7066680957358779,-2.0662824334160166,0.0121384293398894,-0.00790671486116934,0.002707650110570281,0.014737332725313463
433,-1.8434104476135993,0.6846960391092192,-2.045892228247951,-1.855551729289751,0.6923768063095604,-2.048064771633234,0.012141281676151694,-0.007680767200341276,0.0021725433852828324,0.014530135934891712
434,-1.8507131281921843,0.670499354621084,-2.0282096731904558,-1.862921587506485,0.6778085753922868,-2.030325262666764,0.012208459314300812,-0.0073092207712027735,0.0021155894763080774,0.01438564930558874
435,-1.857763646552492,0.656175766211071,-2.0105271181329605,-1.8701051551168988,0.662969230082182,-2.0130472313250416,0.012341508564406745,-0.006793463871111016,0.0025201131920811193,0.014311357570626099
436,-1.8647835282990277,0.6412541880129995,-1.9942058827800957,-1.8771017137702157,0.6478647059195176,-1.996213882444517,0.012318185471188015,-0.006610517906518121,0.002007999664421334,0.014123338944714894
437,-1.871558947301371,0.626220029140645,-1.977884647427231,-1.883910563816402,0.6325010445125663,-1.9798083984096402,0.012351616515031028,-0.0062810153719212725,0.001923750982409267,0.013989796370177056
438,-1.8780880987450201,0.6110772943452917,-1.9615634120743661,-1.8905310243761266,0.6168843911210447,-1.963814021986842,0.012442925631106494,-0.0058070967757529734,0.0022506099124759427,0.013914525367483523
439,-1.8845627329531123,0.5953603276591946,-1.946442149775677,-1.8969624334088513,0.6010209921980904,-1.9482141258648502,0.012399700455739016,-0.005660664538895799,0.0017719760891732328,0.013745384449864196
440,-1.8907989756354606,0.5795472568901333,-1.9313208874769878,-1.9032041477790322,0.5849171928917617,-1.9329922702561362,0.012405172143571619,-0.005369936001628384,0.001671382779148356,0.013620500320019952
441,-1.8967954008862968,0.5636416976685399,-1.9161996251782987,-1.9092555433204328,0.5685794345070697,-1.9181322498532611,0.012460142434135957,-0.004937736838529827,0.0019326246749624687,0.013541470846987185
442,-1.9027141620416077,0.5471928351680413,-1.902124222187332,-1.9151160148985422,0.5520142519295328,-1.9036181313569873,0.012401852856934514,-0.004821416761491504,0.0014939091696553053,0.01338968926003237
443,-1.9084008201793914,0.5306622958423597,-1.8880488191963654,-1.9207849764710867,0.5352282710113162,-1.8894342827063793,0.012384156291695314,-0.004565975168956515,0.0013854635100138957,0.01327158488795683
444,-1.913854248694772,0.5140533546177795,-1.8739734162053987,-1.9262618611466333,0.5182282059209752,-1.8755653950493394,0.012407612451861283,-0.004174851303195726,0.001591978843940689,0.013187593669769059
445,-1.9192082053464659,0.4969382623195988,-1.8607999985159633,-1.9315461212412777,0.5010208564578846,-1.8619964983989576,0.012337915894811813,-0.004082594138285822,0.0011964998829943063,0.013050799036665194
446,-1.9243362397063581,0.4797541272000409,-1.847626580826528,-1.9366372283334143,0.4836131053324,-1.8487129718292505,0.012300988627056197,-0.003858978132359081,0.0010863910027225643,0.01293778492786876
447,-1.9292374618737038,0.4625039313324637,-1.8344531631370926,-1.9415346733165766,0.4660119154128712,-1.8357005489754596,0.012297211442872769,-0.003507984080407478,0.0012473858383670322,0.012848475902178899
448,-1.9340191525251902,0.4447900947217995,-1.822049116413089,-1.9462379664503477,0.44822432694058495,-1.8229453195202048,0.012218813925157557,-0.0034342322187854712,0.0008962031071158005,0.012723857303482007
449,-1.9385807577024614,0.4270183100291325,-1.8096450696890853,-1.950746637409333,0.4302574547137687,-1.810433727268505,0.012165879706871552,-0.003239144684636208,0.0007886575794195938,0.012614383381983126
450,-1.9429215755642326,0.40919131159286315,-1.7972410229650817,-1.955060235330194,0.41211848524175654,-1.7981525653422639,0.012138659765961402,-0.0029271736488933886,0.0009115423771821618,0.01251983689949453
451,-1.947124822624283,0.39094775478684596,-1.785484782884936,-1.9591783288567337,0.39381467387048763,-1.7860889689586406,0.012053506232450717,-0.0028669190836416725,0.0006041860737044935,0.012404486218281493
452,-1.9511133085306678,0.3726560454365209,-1.7737285428047904,-1.9631005061830311,0.37535334188046116,-1.7742304061965488,0.011987197652363335,-0.0026972964439402336,0.0005018633917583948,0.012297161563844925
453,-1.9548864820443659,0.35431871159493633,-1.7619723027246448,-1.9668263750946215,0.3567418735583286,-1.7625646671013775,0.011939893050255668,-0.002423161963392262,0.0005923643767327125,0.012197690580892621
454,-1.9585062440708005,0.33561575728968795,-1.750752438279186,-1.970355563007719,0.33798771324326765,-1.7510798514294241,0.01184931893691843,-0.0023719559535796964,0.0003274131502382094,0.012088826811791322
455,-1.9619159380527709,0.3168733677989762,-1.739532573833727,-1.973687717006473,0.3190983623493521,-1.7397643552903157,0.011771778953702183,-0.002224994550375947,0.00023178145658864224,0.011982449796583614
456,-1.9651151347642315,0.29809390249046414,-1.7283127093882682,-1.9768225038782612,0.3000813763650833,-1.7286068569072703,0.011707369114029698,-0.0019874738746191722,0.0002941475190021414,0.011878512816736167
457,-1.9681473921268147,0.2790029511952829,-1.7175266372833076,-1.9797596101470079,0.2809443618313017,-1.7175963016812124,0.011612218020193188,-0.0019414106360188255,6.966439790478951e-05,0.011773594851806386
458,-1.9709735607211314,0.2598804048913928,-1.706740565178347,-1.982498742104534,0.2616949732986626,-1.706721886714927,0.011525181383402527,-0.0018145684072697899,-1.8678463419963265e-05,0.011667168178696386
459,-1.9735933117557478,0.2407284882618607,-1.6959544930733863,-1.9850396258399263,0.2423409102659238,-1.6959730449273882,0.01144631408417851,-0.0016124220040631132,1.8551854001902512e-05,0.01155934059555895
460,-1.9760349793934118,0.2213218034712511,-1.6855070290481013,-1.987382007266929,0.22288991410024592,-1.6853394288655676,0.011347027873517268,-0.0015681106289948121,-0.00016760018253370035,0.011456094549554383
461,-1.9782737668260166,0.20189066901526775,-1.6750595650228164,-1.9895256521493512,0.20334976494075557,-1.6748108943012632,0.011251885323334543,-0.0014590959254878189,-0.00024867072155321246,0.011348820263666362
462,-1.980309429693246,0.18243720577331834,-1.6646121009975314,-1.9914703461244907,0.183728278586583,-1.6643774836832836,0.011160916431244727,-0.0012910728132646543,-0.00023461731424778698,0.011237792037518958
463,-1.982158290912088,0.16278769735734092,-1.6544139645048819,-1.993215894724571,0.16403330337065347,-1.6540294095005519,0.011057603812482997,-0.0012456060133125557,-0.00038455500432998946,0.011134182456094122
464,-1.9838066710937494,0.14312035611423404,-1.6442158280122323,-1.9947621233961865,0.14427271702045727,-1.6437570375989194,0.010955452302437108,-0.0011523609062232265,-0.0004587904133128706,0.011025441462930812
465,-1.9852543988049003,0.12343722746885674,-1.6340176915195828,-1.996108877517759,0.12445442350706172,-1.6335508704836228,0.010854478712858606,-0.0010171960382049788,-0.0004668210359599634,0.010912026291558102
466,-1.9865090549639577,0.10361822920147883,-1.6239840226488944,-1.9972560224149978,0.10458634988363526,-1.6234015306300522,0.01074696745104009,-0.0009681206821564314,-0.0005824920188421956,0.010806195630329345
467,-1.9875647940382597,0.08378763996649186,-1.613950353778206,-1.9982034433743696,0.08467644311472142,-1.613299743817685,0.010638649336109918,-0.0008888031482295611,-0.0006506099605210203,0.01069551887725621
468,-1.9884215097426832,0.06394745618202093,-1.6039166849075177,-1.998951045654568,0.06473266689756589,-1.6032363224955564,0.01052953591188488,-0.000785210715544965,-0.0006803624119613438,0.010580669893683002
469,-1.989081341657643,0.044032495548295414,-1.5939655969190816,-1.999498754495988,0.04476299847674028,-1.5932021491822361,0.010417412838344964,-0.0007305029284448636,-0.0007634477368454462,0.010470863250939506
470,-1.9895429686483495,0.02411195500040145,-1.5840145089306454,-1.9998465151282017,0.024775425453357765,-1.5831881598989876,0.01030354647985221,-0.0006634704529563142,-0.0008263490316577915,0.01035790113037109
471,-1.9898063450029588,0.004187807136699247,-1.5740634209422093,-1.999994292775436,0.0047779425901285115,-1.5731853276313745,0.010187947772477113,-0.0005901354534292641,-0.000878093310834771,0.01024273340132644
472,-1.9898714827292374,-0.015749633164475172,-1.5641145910034175,-1.999942072660049,-0.015221451386431743,-1.5631846458120962,0.010070589930811558,-0.0005281817780434291,-0.0009299451913213908,0.010127218552202872
473,-1.9897382663010719,-0.03568673481114251,-1.5541657610646258,-1.9996898600040087,-0.03521475698538918,-1.5531771118160986,0.009951593702936856,-0.0004719778257533322,-0.0009886492485271514,0.010011713521318348
474,-1.9894067089040113,-0.05562152446086625,-1.544216931125834,-1.9992376800283709,-0.05519397715107451,-1.5431537104581057,0.0098309711243596,-0.0004275473097917412,-0.0010632206677283484,0.009897536468151412
475,-1.9888780071627712,-0.07550825322600205,-1.5341902207919358,-1.998585577950756,-0.0751511204618093,-1.5331053974825013,0.009707570787984787,-0.00035713276419274687,-0.0010848233094344906,0.009774523826135365
476,-1.9881499368700535,-0.09538868129378096,-1.5241635104580376,-1.9977336189808284,-0.09507820432636097,-1.5230230830361118,0.009583682110774872,-0.0003104769674199953,-0.0011404274219257715,0.009656289838875223
477,-1.9872225712217335,-0.11526081000369993,-1.5141368001241393,-1.9966818883137751,-0.11496725817687632,-1.5128976151157174,0.00945931709204162,-0.0002935518268236126,-0.0012391850084219058,0.009544654630101594
478,-1.9861015880949904,-0.13502418204285055,-1.5039508927179255,-1.9954304911217866,-0.1348103266569955,-1.5027197629842826,0.009328903026796231,-0.00021385538585505515,-0.0012311297336429217,0.009412217923023606
479,-1.984779358723659,-0.15477511080627615,-1.4937649853117116,-1.993979552543539,-0.15459947280389894,-1.4924802005528235,0.00920019381988002,-0.00017563800237721527,-0.0012847847588881578,0.009291129474284
480,-1.9832560202914338,-0.1745115470993162,-1.4835790779054978,-1.9923292176716814,-0.17432678122297965,-1.4821694897287272,0.009073197380247588,-0.00018476587633656227,-0.0014095881767706153,0.009183898298548477
481,-1.9815449969439403,-0.19407972505739068,-1.4731501206609523,-1.9904796515383252,-0.19398436125389898,-1.4717780637361624,0.008934654594384916,-9.536380349170481e-05,-0.0013720569247899217,0.009039894201861208
482,-1.9796299946517677,-0.21362899501090848,-1.4627211634164068,-1.9884310390985427,-0.21356435012673866,-1.4612962104201923,0.008801044446774986,-6.464488416982328e-05,-0.0014249529962144791,0.008915887693134025
483,-1.9775112216947086,-0.23315723073897604,-1.4522922061718613,-1.9861835852118708,-0.2330589161070144,-1.450714055553347,0.008672363517162163,-9.831463196163792e-05,-0.0015781506185141847,0.008815334033114101
484,-1.9752130607852267,-0.2524594537121728,-1.441532450504575,-1.9837375146218252,-0.25246026162825813,-1.4400215461719812,0.0085244538365985,8.079160853102785e-07,-0.001510904332593821,0.00865731746947506
485,-1.9727073497105523,-0.2717358321916261,-1.4307726948372887,-1.9810930719334263,-0.2717606264109441,-1.4292084339797944,0.008385722222874037,2.4794219318002853e-05,-0.0015642608574943928,0.008530408195555717
486,-1.9699943785599259,-0.2909841345273841,-1.4200129391700025,-1.9782505215887396,-0.2909522905664908,-1.4182642588677388,0.008256143028813723,-3.184396089328523e-05,-0.0017486803022637165,0.008439359842405106
487,-1.9671126186736123,-0.3099509929789665,-1.4088293835427512,-1.9752101478404307,-0.31002757768512307,-1.4071783326133003,0.008097529166818385,7.658470615656832e-05,-0.0016510509294509479,0.008264491091188396
488,-1.9640189265040862,-0.32888443768205583,-1.3976458279155,-1.9719722547233407,-0.32897885790632714,-1.3959397228381787,0.00795332821925454,9.44202242713077e-05,-0.0017061050773212738,0.00813481035284803
489,-1.960713688981323,-0.3477821006191189,-1.3864622722882487,-1.9685371660240831,-0.347798550970695,-1.384537237321871,0.007823477042760096,1.645035157610275e-05,-0.0019250349663777477,0.008056849463309973
490,-1.9572524718235793,-0.36634581703962044,-1.374755330847553,-1.964905225248665,-0.36647912925192844,-1.372959408789994,0.0076527534250856455,0.00013331221230800105,-0.001795922057559185,0.007861790074018648
491,-1.9535741724703701,-0.384867742031965,-1.3630483894068575,-1.9610767955881379,-0.38501312076778266,-1.3611944803206513,0.007502623117767726,0.00014537873581765837,-0.0018539090862061958,0.007729648602880246
492,-1.9496792950359787,-0.40334533714942894,-1.3513414479661618,-1.957052259882277,-0.4033931121687696,-1.3492303915401058,0.007372964846298347,4.777501934066786e-05,-0.002111056426056024,0.007669384089430953
493,-1.945643321240183,-0.42144005166586257,-1.3390036977607405,-1.9528320205812995,-0.42161175170339216,-1.337054765810933,0.0071886993411165445,0.0001717000375295874,-0.0019489319498073865,0.007450182203465707
494,-1.941384412214639,-0.4394835954370769,-1.326665947555319,-1.9484164997056181,-0.43966175215875003,-1.3246548986519633,0.007032087490979055,0.00017815672167315055,-0.0020110489033557943,0.007316167848672553
495,-1.9369032162425968,-0.4574732219082335,-1.3143281973498977,-1.9438061388036416,-0.4575358937753214,-1.3120177476702315,0.006902922561044855,6.267186708791561e-05,-0.0023104496796662044,0.007279591016600865
496,-1.9322976844246094,-0.47503528146491,-1.3012433023634677,-1.9390013989076176,-0.47522702713477977,-1.2991299243311092,0.006703714483008216,0.0001917456698697917,-0.0021133780323585594,0.0070315660403116225
497,-1.9274627557202053,-0.492535576423055,-1.2881584073770378,-1.934002760487532,-0.4927280760196602,-1.2859776879442872,0.006540004767326746,0.0001924995966051668,-0.0021807194327505552,0.006896684398732888
498,-1.922399257927362,-0.509971110521574,-1.2750735123906078,-1.928810723403061,-0.5100320402437544,-1.272546942300503,0.006411465475698819,6.0929722180413926e-05,-0.0025265700901049293,0.00689160056861508
499,-1.9172297800624536,-0.5269393590897966,-1.2611154902846844,-1.9234258068535868,-0.527131998452086,-1.2588232354572375,0.00619602679113318,0.00019263936228941514,-0.0022922548274468824,0.006609257909500653
500,-1.911823970266563,-0.5438338014102587,-1.247157468178761,-1.917848549326277,-0.5440211108893698,-1.2447917632410141,0.006024579059713986,0.000187309479111053,-0.002365704937746793,0.006475121430536162
501,-1.9061828817169504,-0.5606511460533408,-1.2331994460728375,-1.9120795085422362,-0.5606926221358159,-1.2304373771094976,0.0058966268252858,4.147608247517809e-05,-0.0027620689633398587,0.00651160142671086
502,-1.9004553660991952,-0.5769672112187393,-1.218232541026553,-1.906119261400735,-0.5771398638092112,-1.2157445970978271,0.0056638953015397675,0.00017265259047194448,-0.0024879439287259775,0.00618864960199601
503,-1.8944843000938418,-0.5931957289696885,-1.2032656359802687,-1.8999684039215217,-0.5933562572321769,-1.200697630660021,0.0054841038276798315,0.0001605282624883575,-0.0025680053202477016,0.006057707110834149
504,-1.8882710212439482,-0.6093330640522424,-1.1882987309339843,-1.8936275511852179,-0.6093353160635608,-1.1852803983066504,0.005356529941269672,2.252011318426561e-06,-0.003018332627333864,0.0061483940937859215
505,-1.881991512486881,-0.6249416317684374,-1.1721782902230504,-1.8870973372718132,-0.625070648892882,-1.16947656703277,0.005105824784932267,0.0001290171244445748,-0.0027017231902803918,0.005778010068330396
506,-1.8754612135430462,-0.6404469473758438,-1.1560578495121165,-1.8803784151972567,-0.6405559617968117,-1.153269592622839,0.004917201654210501,0.00010901442096789005,-0.0027882568892776405,0.005653771549395472
507,-1.868681821395395,-0.6558449816169247,-1.1399374088011827,-1.8734714568481579,-0.6557850608566534,-1.136642772009011,0.004789635452762786,-5.992076027128146e-05,-0.003294636792171568,0.005813676105546664
508,-1.8618562858021257,-0.6706940452500496,-1.122512333538142,-1.8663771529145952,-0.6707518546358369,-1.119579306941384,0.004520867112469462,5.780938578725525e-05,-0.0029330265967579816,0.005389269560059394
509,-1.8547730534548,-0.6854219251527843,-1.1050872582751012,-1.8590962128210502,-0.6854503566164047,-1.1020623802982807,0.004323159366250273,2.8431463620415265e-05,-0.0030248779768204948,0.005276400480325078
510,-1.8474342750038428,-0.7000241495642687,-1.0876621830120605,-1.8516293646554642,-0.6998746875935437,-1.0840752464144137,0.004195089651621409,-0.00014946197072507328,-0.0035869365976468615,0.005521524266121856
511,-1.8400683205181982,-0.7140652109007873,-1.0687797218896034,-1.8439773550964327,-0.7140190780271819,-1.06560133682667,0.003909034578234438,-4.613287360544227e-05,-0.003178385062933442,0.005038334167573446
512,-1.832438565109404,-0.7279646900760096,-1.0498972607671462,-1.836140949338534,-0.7278778703497366,-1.0466243828210473,0.0037023842291299403,-8.681972627300194e-05,-0.0032728779460988733,0.004942359425926104
513,-1.8245477290656136,-0.7417176314148826,-1.031014799644689,-1.828120931015814,-0.7414455212290605,-1.0271285560983872,0.0035732019502003887,-0.000272110185822072,-0.0038862435463018485,0.005286275156602875
514,-1.8166462543498387,-0.7549058197216507,-1.0105286340906934,-1.8199181021234212,-0.754716603785701,-1.007098628747356,0.0032718477735824703,-0.00018921593594967145,-0.0034300053433373723,0.004744020149539502
515,-1.8084762811218977,-0.7679293810991515,-0.9900424685366978,-1.811533282937409,-0.7676858097635824,-0.9865201535059736,0.0030570018155111622,-0.00024357133556918154,-0.003522315030724199,0.004670255910677177
516,-1.8000412380605781,-0.7807828499715024,-0.9695563029827021,-1.8029673119327096,-0.7803479516532316,-0.9653796649918884,0.002926073872131507,-0.0004348983182708155,-0.004176637990813692,0.0051181392867636665
517,-1.7916080189082002,-0.7930769113672544,-0.9473389316958458,-1.7942210456992849,-0.79269796476672,-0.9436649021705272,0.0026130267910846605,-0.0003789466005343911,-0.0036740295253185895,0.004524378685509814
518,-1.7829037617813317,-0.8051805900949767,-0.9251215604089895,-1.7852953588564693,-0.804730909263467,-0.9213650517940357,0.002391597075137586,-0.00044968083150964677,-0.003756508614953802,0.004475858174055115
519,-1.7739327630254145,-0.8170879118843584,-0.9029041891221332,-1.7761911439655085,-0.8164419721261122,-0.8984710118695688,0.002258380940094007,-0.0006459397582461168,-0.004433177252564424,0.005017029319678888
520,-1.7649700113854887,-0.8284500090274385,-0.8788643759937557,-1.7669093114403063,-0.8278264690856536,-0.8749756733946423,0.001939300054817572,-0.0006235399417848786,-0.003888702599113336,0.004389953834149893
521,-1.7557367330804017,-0.8395933810569721,-0.8548245628653781,-1.7574507894563798,-0.8388798464951001,-0.8508742176279203,0.0017140563759781013,-0.0007135345618720645,-0.003950345237457853,0.004364899578011284
522,-1.746238263881191,-0.8505115883878223,-0.8307847497370006,-1.7478165238580448,-0.8495976831508637,-0.8261644250538847,0.0015782599768536798,-0.0009139052369585565,-0.004620324683115906,0.004967245465455532
523,-1.736746239474069,-0.8609068490665869,-0.8048899862365629,-1.7380074780638322,-0.8599756920611862,-0.8008469909691761,0.001261238589763236,-0.0009311570054006957,-0.004042995267386829,0.004336310284230943
524,-1.7269882445394509,-0.8710528584683587,-0.7789952227361253,-1.7280246329701487,-0.8700097221608728,-0.7749258413027453,0.0010363884306978655,-0.0010431363074858702,-0.004069381433379982,0.0043269041572026245
525,-1.7169708218257145,-0.880942813680552,-0.7531004592356877,-1.717868986853184,-0.8796957599716702,-0.7484084409343449,0.000898165027469533,-0.0012470537088818956,-0.004692018301342804,0.004937294715686036
526,-1.7069476364380654,-0.8903385929205208,-0.7254027464249488,-1.7075415552690867,-0.8890299312075991,-0.721306085468987,0.0005939188310213339,-0.001308661712921655,-0.0040966609559618394,0.00434142442578596
527,-1.696668087192928,-0.8994531845272912,-0.6977050336142099,-1.6970433709524082,-0.8980085023246204,-0.6936341662499572,0.00037528375948014947,-0.0014446822026707995,-0.004070867364252662,0.004335885799254948
528,-1.686140059679025,-0.9082795965677476,-0.6700073208034709,-1.6863754837128333,-0.9066278820139979,-0.6654123974581106,0.0002354240338082736,-0.0016517145537496836,-0.004594923345360269,0.00488844617363226
529,-1.6755818711541957,-0.9166444913143984,-0.6406680722170035,-1.6755389603301956,-0.9148846226387805,-0.6366649935694167,-4.291082400009749e-05,-0.0017598686756179482,-0.004003078647586755,0.004373055882675482
530,-1.664782841984233,-0.9246960612255822,-0.6113288236305361,-1.6645348844478025,-0.9227754216128066,-0.6074207853483693,-0.00024795753643047647,-0.0019206396127756653,-0.0039080382821667925,0.0043615481972479565
531,-1.6537522672149503,-0.9324273760754412,-0.5819895750440687,-1.6533643564640714,-0.9302971227216964,-0.5777132630548064,-0.0003879107508788504,-0.0021302533537448376,-0.00427631198926226,0.004793255504487183
532,-1.6426540699001753,-0.9397301647670026,-0.5512966815464588,-1.642028493422494,-0.9374467173852932,-0.5475805367263731,-0.0006255764776812445,-0.0022834473817093803,-0.003716144820085754,0.0044062694196240065
533,-1.631336991199378,-0.9466889316111522,-0.520603788048849,-1.6305284288999269,-0.9442213458610588,-0.5170652053199697,-0.0008085622994511432,-0.002467585750093426,-0.0035385827288793026,0.004389113823459212
534,-1.619811691571616,-0.9532971215903814,-0.48991089455123915,-1.6188653128932389,-0.95061829838793,-0.48621412915210704,-0.0009463786783772132,-0.002678823202451386,-0.003696765399132107,0.0046623814482621715
535,-1.608168810848371,-0.9595059636242146,-0.4582794890850771,-1.6070403117043106,-0.9566350162701883,-0.4550781034039326,-0.0011284991440603243,-0.0028709473540262653,-0.003201385681144475,0.00444575295165759
536,-1.5963353926060442,-0.965343480531169,-0.42664808361891504,-1.5950546078234087,-0.9622690929009017,-0.4237114343156453,-0.0012807847826354912,-0.00307438763026735,-0.002936649303269756,0.004440290316067889
537,-1.5843232757345351,-0.970803832095127,-0.395016678152753,-1.582909399810932,-0.9675182747245379,-0.3921714238816628,-0.0014138759236030918,-0.0032855573705891095,-0.0028452542710901696,0.004570492777582497
538,-1.572133431297577,-0.9758861611173143,-0.36296692470287145,-1.5706059021775611,-0.972380462138356,-0.3605177731102454,-0.001527529120015858,-0.0035056989789582493,-0.002449151592626042,0.0045411027369162225
539,-1.559786987440168,-0.9805752654841259,-0.3309171712529899,-1.5581453452628062,-0.9768537103322188,-0.32881191793031006,-0.0016416421773617351,-0.0037215551519070855,-0.0021052533226798564,0.004580071324753985
540,-1.547296625179647,-0.9848663290222195,-0.2988674178031084,-1.5455289751119743,-0.9809362300664917,-0.29711631530754834,-0.0017676500676726548,-0.003930098955727823,-0.0017511024955600418,0.0046515185169482744
541,-1.534562104360732,-0.9887897804583735,-0.2669787851778711,-1.5327580533515686,-0.9846263883877127,-0.265493699789787,-0.0018040510091634765,-0.004163392070660854,-0.0014850853880841175,0.0047742970359631355
542,-1.5217089654658562,-0.9923052195786353,-0.23509015255263382,-1.519833857063122,-0.9879227092817555,-0.23400633231352022,-0.0018751084027341935,-0.004382510296879749,-0.0010838202391136031,0.004888465437637222
543,-1.5087502775502266,-0.9954090718889986,-0.20320151992739655,-1.506757678655493,-0.9908238742642128,-0.20271526353027572,-0.001992598894733577,-0.0045851976247858195,-0.0004862563971208267,0.005023040204634632
544,-1.4954795433016916,-0.9981434441246052,-0.17205174248519362,-1.4935308257356246,-0.9933287229077735,-0.17167963311530354,-0.0019487175660670708,-0.0048147212168316855,-0.00037210936989007237,0.005207447160679362
545,-1.4821300855736914,-1.0004631763044984,-0.14090196504299068,-1.4801546209777887,-0.9954362533063774,-0.1409560245718928,-0.0019754645959026984,-0.0050269229981210195,5.405952890211174e-05,0.005401419964358275
546,-1.468714856412987,-1.0023660177545102,-0.10975218760078775,-1.466630401991313,-0.997145622475965,-0.11059789210988624,-0.0020844544216740424,-0.00522039527854512,0.0008457045090984883,0.005684425495773708
547,-1.4549230065696528,-1.0038858105950048,-0.07985588509083281,-1.452959521186826,-0.99845614669166,-0.08065507250195922,-0.0019634853828267573,-0.005429663903344761,0.0007991874111264036,0.005828827109287282
548,-1.441091890350015,-1.004992660403229,-0.049959582580877876,-1.439143345641015,-0.9993673017612495,-0.05117339069845843,-0.0019485447089999663,-0.00562535864197955,0.0012138081175805532,0.006075756453329101
549,-1.4272338689315458,-1.005685577962789,-0.020063280070922934,-1.425183256959923,-0.9998787232348542,-0.022194363718999813,-0.0020506119716228177,-0.0058068547279347404,0.0021310836480768793,0.006516601016220153
550,-1.4129417837535203,-1.0059723625518437,0.008174368297505005,-1.4110806511407838,-0.9999902065507035,0.006244996773392763,-0.0018611326127364602,-0.005982156001140271,0.0019293715241122415,0.006555339770158751
551,-1.3986472991533714,-1.005855511567415,0.03641201666593294,-1.396836938432427,-0.9997017071169574,0.03411228652508152,-0.001810360720944315,-0.006153804450457656,0.0022997301408514206,0.0068143579209747245
552,-1.3843618122924062,-1.0053351181761718,0.06464966503436087,-1.3824535431942528,-0.9990133403295429,0.061379721814441665,-0.0019082690981533368,-0.0063217778466289065,0.0032699432199192052,0.007368778375999006
553,-1.3695943409786278,-1.0043790737766245,0.09095512395548726,-1.3679319037538011,-0.9979253815259969,0.08802407252366619,-0.0016624372248266184,-0.006453692250627641,0.002931051431821069,0.00728044666818464
554,-1.3548571250330577,-1.003034939828386,0.11726058287661364,-1.3532734722629136,-0.9964382658753348,0.11402652573356668,-0.0015836527701440506,-0.006596673953051191,0.0032340571430469617,0.007515529851164323
555,-1.3401603616846243,-1.0013036463878273,0.14356604179774002,-1.338479714552524,-0.9945525882039893,0.13937249138381436,-0.0016806471321002547,-0.006751058183838032,0.004193550413925662,0.008123252209450312
556,-1.3249441962603103,-0.9991039884034861,0.16779549974098482,-1.3235521099860739,-0.9922691027578862,0.16405136184929442,-0.0013920862742364815,-0.006834885645599975,0.0037441378916903967,0.00791657340870013
557,-1.3097857883749937,-0.9965363326924285,0.1920249576842296,-1.3084921513115828,-0.9895887229007583,0.18805623702960433,-0.0012936370634109018,-0.006947609791670195,0.0039687206546252796,0.008105154057980098
558,-1.2946940365887911,-0.9936021865659022,0.2162544156274744,-1.293301344512367,-0.9865125207488105,0.21138362585071127,-0.001392692076424229,-0.007089665817091695,0.00487078977676314,0.008713641355208144
559,-1.2790558760458426,-0.9901666420507579,0.23837458465038774,-1.2779812086564475,-0.9830417267418881,0.234033134057412,-0.0010746673893951009,-0.007124915308869828,0.0043414505929757485,0.008412343395727875
560,-1.2634975298656637,-0.9863860474652083,0.2604947536733011,-1.2625332757446417,-0.979177729151317,0.25600714694934407,-0.000964254121021968,-0.007208318313891349,0.004487606723957038,0.008545656969080474
561,-1.2480266104658477,-0.9822622525858558,0.28261492269621447,-1.2469590905573706,-0.9749220735246148,0.2773105143849678,-0.0010675199084770881,-0.007340179061240959,0.005304408311246678,0.009118913034923513
562,-1.2327810643531598,-0.9778351349369531,0.30279085695223623,-1.2312602105001726,-0.97027646206729,0.2979502440332553,-0.0015208538529871696,-0.007558672869663052,0.004840612918980913,0.009103739090293125
563,-1.217627936299435,-0.9731013460592419,0.322966791208258,-1.2154382054479715,-0.9652427529619856,0.3179352075580311,-0.002189730851463567,-0.007858593097256339,0.0050315836502268785,0.009584844323165963
564,-1.202573394453858,-0.9680628128628561,0.34314272546427976,-1.1994946575880876,-0.9598229596252282,0.3372758632229733,-0.003078736865770315,-0.008239853237627881,0.0058668622413064475,0.010573262250827187
565,-1.1901515828233562,-0.9636247877654459,0.36204802752216625,-1.1834311612620187,-0.954019249902089,0.35598399733641756,-0.006720421561337453,-0.009605537863356939,0.006064030185748692,0.013198594080436917
566,-1.1778158881765315,-0.9589527316303796,0.38095332958005274,-1.1672493228060146,-0.9478339451990766,0.3740724860305142,-0.010566565370516923,-0.01111878643130304,0.006880843549538551,0.016811475943163418
567,-1.1655707192881937,-0.9540483142495895,0.3998586316379392,-1.1509507603904343,-0.9412695195556019,0.39155507809344553,-0.014619958897759355,-0.012778794693987572,0.008303553544493691,0.0211184704339479
568,-1.154918773197957,-0.9495465185949136,0.41793530912691457,-1.1345371038579373,-0.9343285986543979,0.4084461989420335,-0.020381669340019837,-0.01521791994051569,0.009489110184881078,0.027148494332147843
569,-1.1443499404850104,-0.9448529171299918,0.4360119866158899,-1.1180099945604975,-0.92701395877128,0.4247607753253133,-0.02633994592451283,-0.017838958358711743,0.011251211290576602,0.033743309590721984
570,-1.133867674593347,-0.9399690435236998,0.45408866410486526,-1.1013710851952752,-0.9193285256646756,0.4405140799735253,-0.03249658939807176,-0.02064051785902421,0.01357458413133994,0.04082068880279206
571,-1.1259357225877538,-0.93609739591915,0.47228791930572467,-1.0846220396393396,-0.9112753734053558,0.4557215951360275,-0.0413136829484142,-0.024822022513794173,0.016566324169697166,0.05096465733165374
572,-1.1180755413415409,-0.9320820418165168,0.4904871745065841,-1.0677645327832885,-0.90285772314685,0.470398893769609,-0.050311008558252324,-0.029224318669666793,0.020088280736975106,0.06155320793283075
573,-1.1102897341761981,-0.927924311116129,0.5086864297074435,-1.0508002503637583,-0.894078941837027,0.48456153703014543,-0.05948948381243979,-0.03384536927910209,0.02412489267729806,0.07257078029482991
574,-1.106702787629684,-0.925924102679897,0.5293062319129109,-1.0337308887948575,-0.8849425408713637,0.498224986670857,-0.07297189883482647,-0.040981561808533296,0.031081245242053912,0.08927726605146173
575,-1.103157844578113,-0.9238503625618876,0.5499260341183784,-1.0165581549985165,-0.8754521746884284,0.5114045309468265,-0.0865996895795964,-0.048398187873459175,0.038521503171551896,0.10642272798285614
576,-1.099656412193651,-0.9217039724358936,0.5705458363238458,-0.9992837662338049,-0.865611639308158,0.5241152226565137,-0.10037264595984607,-0.05609233312773565,0.04643061366733214,0.12400330551327463
577,-1.102539231749347,-0.923553989913565,0.6017964929733194,-0.9819094499252019,-0.8554248708134978,0.5363718280074358,-0.12062978182414508,-0.06812911910006714,0.06542466496588362,0.15321066515810866
578,-1.1053628388825278,-0.9254931794390739,0.633047149622793,-0.9644369434898631,-0.8448959437760261,0.5481887850668954,-0.14092589539266476,-0.08059723566304788,0.08485836455589757,0.1831856010276211
579,-1.1081244762728804,-0.9275196473471842,0.6642978062722665,-0.9468679941638701,-0.8340290696261731,0.5595801706434279,-0.16125648210901022,-0.0934905777210111,0.10471763562883862,0.2137987940949999
580,-1.1253030684822265,-0.9409707349045341,0.7242978062722665,-0.9292043588275147,-0.8228285949687089,0.570559674535322,-0.19609870965471177,-0.11814213993582523,0.1537381317369445,0.27576744243442725
581,-1.141644167399478,-0.9554277149815454,0.7842978062722665,-0.9114478038296094,-0.8112989998441578,0.581140580175409,-0.2301963635698685,-0.14412871513738768,0.2031572260968575,0.33917003234854787
582,-1.1570889627148018,-0.970838558061606,0.8442978062722666,-0.89360010481086,-0.7994448959368459,0.5913357507932551,-0.2634888579039417,-0.17139366212476015,0.2529620554790115,0.40347486559663975
583,-1.1392722064542578,-0.9507889008717364,0.8515900552291619,-0.8756630465262938,-0.7872710247302823,0.6011576203049405,-0.26360915992796397,-0.16351787614145408,0.2504324349242214,0.39867817782995496
584,-1.1216021297074275,-0.9306098536979956,0.8588823041860572,-0.8576384226667918,-0.7747822556106337,0.6106181882251972,-0.26396370704063565,-0.1558275980873619,0.24826411596085995,0.3944542435240598
585,-1.1040796721099602,-0.9103024895946984,0.8661745531429524,-0.8395280356797178,-0.7619835839190322,0.619729017975972,-0.2645516364302424,-0.1483189056756662,0.24644553516698042,0.3907959415378897
586,-1.0862079648510932,-0.8892823922215138,0.8724823178541412,-0.8213336965886817,-0.7488801289535097,0.6285012380388306,-0.26487426826241145,-0.1404022632680041,0.2439810798153106,0.3865202980778251
587,-1.068469202079052,-0.8681499832428372,0.87879008256533,-0.8030572248124292,-0.7354771319213411,0.6369455454658797,-0.2654119772666228,-0.1326728513214961,0.2418445370994503,0.3827980972774049
588,-1.050864089579539,-0.846906103469964,0.8850978472765187,-0.7847004479829077,-0.721779953842635,0.6450722113249574,-0.2661636415966312,-0.12512614962732893,0.24002563595156134,0.3796207888702779
589,-1.0329151215225314,-0.8249670867767294,0.8905164673020307,-0.7662652017625027,-0.7077940734059962,0.6528910877099849,-0.2666499197600287,-0.11717301337073316,0.23762537959204577,0.3758956182195685
590,-1.0150852955821308,-0.8029311340014912,0.8959350873275427,-0.747753329660472,-0.6935250847771224,0.6604116159967486,-0.26733196592165875,-0.1094060492243688,0.2355234713307941,0.3727027893082252
591,-0.9973751352664741,-0.7807988921500373,0.9013537073530546,-0.7291666828486026,-0.6789786953612166,0.6676428360684155,-0.2682084524178715,-0.1018201967888207,0.2337108712846392,0.3700322928868898
592,-0.9793297517079185,-0.7579955256317372,0.9059671588459134,-0.7105071199760853,-0.6641607235200951,0.6745933962741206,-0.2688226317318332,-0.09383480211164208,0.23137376257179276,0.3668847168051405
593,-0.9613897620395249,-0.7351091505792906,0.9105806103387721,-0.6917765069836577,-0.6490770962449237,0.6812715639183997,-0.2696132550558672,-0.08603205433436689,0.22930904642037242,0.36424642818431596
594,-0.9435555480941843,-0.7121402541039451,0.9151940618316309,-0.6729767169170084,-0.6337338467854989,0.6876852361095336,-0.27057883117717585,-0.07840640731844617,0.2275088257220973,0.3621059711897062
595,-0.9253975293772868,-0.6885302689802184,0.9190756882862287,-0.6541096297394813,-0.6181371122370333,0.6938419508213524,-0.27128789963780553,-0.07039315674318514,0.2252337374648763,0.35955883732507465
596,-0.9073312923665814,-0.6648499792535532,0.9229573147408264,-0.6351771321440697,-0.6022931310853911,0.6997488980461777,-0.2721541602225117,-0.0625568481681621,0.22320841669464875,0.35749579502769957
597,-0.8893571092661516,-0.6410997417149933,0.9268389411954242,-0.6161811173647562,-0.5862082407117827,0.7054129309366325,-0.2731759919013954,-0.05489150100321061,0.22142601025879172,0.35590402843017
598,-0.8653425109071224,-0.6091106956889781,0.9868389411954241,-0.5971234849871871,-0.5698888748578939,0.71084057685146,-0.2682190259199353,-0.039221820831084275,0.2759983643439642,0.38685254841514
599,-0.8432893172219877,-0.5757392011421957,1.0468389411954242,-0.5780061407587223,-0.5533415610524803,0.7160380482354703,-0.2652831764632655,-0.022397640089715343,0.33080089295995385,0.4246245974730283
600,-0.8232768958934226,-0.5411053594181248,1.1068389411954243,-0.5588309963978517,-0.5365729180004349,0.7210112532766491,-0.26444589949557085,-0.004532441417689825,0.3858276879187752,0.4677768501646636
601,-0.8094697291378232,-0.5135123983520169,1.107735217334073,-0.5395999694030323,-0.5195896529353996,0.7257658062944856,-0.2698697597347909,0.006077254583382707,0.3819694110395875,0.46772561530507856
602,-0.7956872988372345,-0.48590707333632316,1.108631493472722,-0.5203149828609361,-0.5023985589369582,0.7303070378230215,-0.2753723159762984,0.016491485600635014,0.3783244556497004,0.46822139554500114
603,-0.7819296160632324,-0.458289406546701,1.1095277696113708,-0.5009779652541498,-0.48500651221350166,0.7346400043601177,-0.2809516508090826,0.02671710566680069,0.3748877652512531,0.46924244305330937
604,-0.7678153825942897,-0.42989224415618427,1.1099083853599616,-0.4815908502683184,-0.467420469351827,0.7387694977612211,-0.28622453232597134,0.03752822519564275,0.3711388875987405,0.4701881798594967
605,-0.75371195855466,-0.40148971172318465,1.1102890011085524,-0.4621555765987845,-0.44964746453460147,0.7427000542616012,-0.2915563819558755,0.04815775281141682,0.3675889468469512,0.4716417357052879
606,-0.7396193459874829,-0.3730818133623301,1.1106696168571433,-0.44267408775671735,-0.4316946067267801,0.7464359631158108,-0.29694525823076556,0.05861279336445002,0.36423365374133243,0.47358008873841034
607,-0.7218568803011823,-0.337241963854513,1.0622157243509556,-0.4231483318747701,-0.4135690768321209,0.7499812748470809,-0.29870854842641226,0.07632711297760791,0.3122344495038747,0.4387971929439595
608,-0.7023793609365839,-0.30230450202052056,1.0137618318447679,-0.4035802615122578,-0.39527812482090974,0.7533398091026414,-0.29879909942432614,0.09297362280038918,0.26042202274212645,0.40711746005608507
609,-0.6812325078721523,-0.268351437277094,0.9653079393385801,-0.38397183345991004,-0.37682906683007494,0.756515162113617,-0.29726067441224224,0.10847762955298096,0.20879277722496303,0.3791117625275796
610,-0.6584659595473927,-0.2354624683456059,0.9353022466251435,-0.36432500854419003,-0.35822928223682704,0.7595107137603188,-0.2941409510032027,0.12276681389122113,0.17579153286482474,0.3639962261851556
611,-0.6347229510714624,-0.20327132750667481,0.9052965539117069,-0.3446417514312205,-0.3394862107070128,0.7623296342454584,-0.29008119964024187,0.13621488320033798,0.14296691966624853,0.3509147145801372
612,-0.6100248576586658,-0.17180699560890883,0.8752908611982704,-0.3249240304303084,-0.32060734921933826,0.764974890379158,-0.2851008272283574,0.14880035361042943,0.11031597081911237,0.3399906474281988
613,-0.5843939143614879,-0.14109779917369,0.8568388681878863,-0.3051738172971223,-0.30160024906668353,0.7674492514806304,-0.2792200970643656,0.16050244989299353,0.08938961670725598,0.3342385414660565
614,-0.5582007205779919,-0.11086674561248866,0.8383868751775023,-0.28539308703651545,-0.2824725128356836,0.7697552949021605,-0.2728076335414764,0.17160576722319493,0.06863158027534177,0.32951910122761097
615,-0.5314541942101986,-0.0811241275828508,0.8199348821671183,-0.2655838177050335,-0.263231791365801,0.7718954111815078,-0.2658703765051651,0.18210766378295018,0.048039470985610455,0.3258190434644046
616,-0.5058727227267894,-0.053711692408839204,0.8086704556602556,-0.2457479902131001,-0.24388578068908245,0.77387180882917,-0.2601247325136893,0.19017408828024324,0.03479864683108569,0.32410184531997777
617,-0.47998409537692405,-0.026589150872956806,0.797406029153393,-0.22588758812693474,-0.2244422189518554,0.7756865187570767,-0.25409650724998933,0.1978530680788986,0.021719510396316255,0.32277330849488295
618,-0.45379159706401023,0.00024005555499907044,0.7861416026465303,-0.2060045974701957,-0.20490888331957058,0.777341398355284,-0.24778699959381453,0.20514893887456964,0.008800204291246283,0.3218103912005245
619,-0.43047672521817115,0.02358961958039258,0.7793011756076786,-0.1861010065253778,-0.18529358686603822,0.7788381352231183,-0.24437571869279334,0.2088832064464308,0.0004630403845603537,0.32148390352918016
620,-0.40700267909493115,0.046779154891990596,0.772460748568827,-0.1661788056349928,-0.16560417544830938,0.7801782505609888,-0.24082387345993836,0.2123833303403,-0.007717501992161813,0.3211890049047203
621,-0.3833705570744767,0.06980757642222586,0.7656203215299753,-0.14623998700252616,-0.14584852456842748,0.7813631022287947,-0.23713057007195054,0.21565610099065335,-0.015742780698819403,0.3209147804344173
622,-0.3612659030073347,0.09105471380095552,0.7614371734574075,-0.12628654449322554,-0.1260345362233393,0.7823938874764594,-0.23497935851410914,0.2170892500242948,-0.02095671401905197,0.32059667070368864
623,-0.3390725626790136,0.11220919850963948,0.7572540253848397,-0.10632047343471225,-0.10617013574419806,0.7832716453517061,-0.23275208924430135,0.21837933425383754,-0.026017619966866468,0.3202186522135724
624,-0.31679092444416834,0.13327066037224794,0.7530708773122718,-0.08634377041745736,-0.08626326862634384,0.7839972587896967,-0.23044715402671098,0.21953392899859178,-0.03092638147742488,0.3197772316032782
625,-0.29528435883646986,0.15342981685768534,0.7504143584561775,-0.06635843309511363,-0.06632189735120068,0.7845714563886423,-0.22892592574135623,0.219751714208886,-0.0341570979324648,0.3191623453878118
626,-0.27372431599929925,0.17353176968078088,0.7477578396000832,-0.0463664599847589,-0.04635399820139721,0.7849948138749364,-0.22735785601454034,0.2198857678821781,-0.037236974274853174,0.3184775311726239
627,-0.2521109480837821,0.1935763769802788,0.7451013207439889,-0.026369850267042503,-0.026367558070356484,0.7852677552607884,-0.2257410978167396,0.21994393505063528,-0.040166434516799465,0.3177227097184858
628,-0.230876786065499,0.21316463343485814,0.743253818871293,-0.006370603586275981,-0.006370571267652135,0.7853905536967359,-0.22450618247922302,0.21953520470251028,-0.04213673482544289,0.3168189332993168
629,-0.20960647096620177,0.23271362632773307,0.7414063169985972,0.013629280149540351,0.013628963678619457,0.7853633320208057,-0.22323575111574212,0.2190846626491136,-0.0439570150222085,0.31585520282868246
630,-0.1883000753870529,0.2522232889330651,0.7395588151259013,0.033627800968699426,0.033623047221136695,0.7851860630054648,-0.22192787635575234,0.21860024171192843,-0.045627247879563515,0.3148331204453413
631,-0.16717854686443423,0.27149205479929933,0.7380649999361474,0.053622959035786476,0.053603681993068565,0.7848585693028844,-0.2208015059002207,0.21788837280623077,-0.046793569366737064,0.3137168885253579
632,-0.14602825794355212,0.2907292475181645,0.7365711847463935,0.07361275485165383,0.07356287600690768,0.7843805230883966,-0.21964101279520595,0.21716637151125678,-0.04780933834200307,0.31255261996945277
633,-0.12484925582092535,0.30993482416218426,0.7350773695566396,0.09359518945337977,0.09349264585116929,0.7837514454014016,-0.21844444527430512,0.21644217831101498,-0.04867407584476202,0.3113428301447742
634,-0.1037712244231079,0.328991536967313,0.7336461481453337,0.1135682646141561,0.11338501988364241,0.7829707051823518,-0.21733948903726402,0.21560651708367057,-0.0493245570370181,0.3100895606608326
635,-0.08266594024726662,0.3480180629350644,0.7322149267340278,0.1335299830431127,0.13323204141994396,0.7820375180038213,-0.21619592329037932,0.2147860215151204,-0.04982259126979349,0.30879767305876876
636,-0.061533446525346945,0.3670143630916096,0.7307837053227219,0.15347834858503784,0.15302577191607933,0.7809509444930636,-0.2150117951103848,0.2139885911755303,-0.050167239170341715,0.30747022795037016
637,-0.04047716677690726,0.38588773573448276,0.729225664145559,0.17341136642000265,0.17275829414376465,0.7797098884428689,-0.21388853319690992,0.21312944159071812,-0.05048422429730992,0.306139054040477
638,-0.01939150710560839,0.4047282789322641,0.7276676229683962,0.19332704326283448,0.1924217153572057,0.7783130946069631,-0.21271855036844287,0.2123065635750584,-0.05064547163856692,0.3047756919529426
639,0.0017234813032833383,0.42353594694968916,0.7261095817912333,0.2132233875624471,0.21200817045009426,0.7767591461756517,-0.21149990625916376,0.2115277764995949,-0.050649564384418366,0.30338356737112343
640,0.022756112421172432,0.44221156963889907,0.7242974159570736,0.23309840970098727,0.23150982510153895,0.7750464619269026,-0.21034229727981485,0.21070174453736012,-0.05074904596982899,0.3020175041994831
641,0.04382255231091474,0.4608490470686051,0.722485250122914,0.2529501221928054,0.25091887890969955,0.7731732930475957,-0.20912756988189063,0.20993016815890553,-0.050688042924681764,0.30062317555947976
642,0.06492273179149904,0.479448318034373,0.7206730842887543,0.2727765398831953,0.2702275685118367,0.7711377196192538,-0.20785380809169623,0.20922074952253628,-0.0504646353304995,0.2992042897219755
643,0.08591885146512143,0.4978883586891918,0.7185166237586257,0.2925756801469099,0.28942817068955534,0.7689376467622203,-0.20665682868178845,0.20846018799963645,-0.050421023003594634,0.2978338032903365
644,0.10695468750842985,0.516283079199694,0.716360163228497,0.3123455630864238,0.30851300545799065,0.7665708004319635,-0.20539087557799396,0.2077700737417033,-0.05021063720346641,0.2964370479574136
645,0.1280301420980507,0.5346323940245389,0.7142037026983684,0.3320842117299144,0.32747443913769303,0.7640347228610073,-0.20405406963186373,0.20715795488684585,-0.04983102016263885,0.29501798619181724
646,0.1489725547385708,0.5527866295269654,0.7116341047749665,0.351789652228968,0.34630488740800797,0.7613267676398998,-0.20281709749039722,0.20648174211895748,-0.049692662864933346,0.2936645119954348
647,0.1699615472740092,0.5708869915739161,0.7090645068515645,0.37145991405595574,0.3649968183406966,0.7584440944306824,-0.20149836678194655,0.2058901732332195,-0.04937958757911787,0.2922853039741834
648,0.1909969811176193,0.58893336065178,0.7064949089281626,0.3910930302010885,0.38354275541260996,0.7553836633065133,-0.20009604908346917,0.20539060523917008,-0.04888875437835072,0.2908845817227056
649,0.21186758388206522,0.6067454252308886,0.7034545645229403,0.4106870373691092,0.40193528049619187,0.7521422287114786,-0.198819453487044,0.20481014473469672,-0.048687664188538315,0.28956322127519946
650,0.23279224491330844,0.6244939537628318,0.700414220117718,0.43023997617563103,0.4201670368266409,0.7487163330352061,-0.1974477312623226,0.20432691693619087,-0.048302112917488094,0.2882155264339192
651,0.25377077079033217,0.6421787821857675,0.6973738757124958,0.4497498913430674,0.43823073194451173,0.7451022997977352,-0.19597912055273525,0.20394805024125578,-0.047728424085239474,0.28684599588541204
652,0.27455231903721783,0.6595897513970547,0.6938098536703694,0.4692148318961616,0.45611914061260495,0.7412962264412188,-0.19466251285894376,0.20347061078444972,-0.04748637277084944,0.2855673982871426
653,0.2953957882446751,0.676926544289969,0.690245831628243,0.48863285135707546,0.4738251077059589,0.7372939767265044,-0.19323706311240035,0.2031014365840101,-0.047048145098261385,0.2842609436063659
654,0.31630091365396257,0.6941889406484122,0.6866818095861167,0.5080020079400462,0.4913415510738144,0.733091172734505,-0.19170109428608367,0.2028473895745978,-0.04640936314838828,0.2829314439851986
655,0.33697795222275256,0.7111394154068638,0.6825414740475646,0.5273203647455568,0.5086614643723737,0.7286831864746114,-0.1903424125228042,0.20247795103449007,-0.04614171242704679,0.2817030569337632
656,0.35772499401751373,0.7280041352467711,0.6784011385090125,0.5465859899540265,0.5257779198672481,0.7240651311052729,-0.1888609959365128,0.202226215379523,-0.045663992596260417,0.280444501091906
657,0.37854168338511357,0.7447828110671386,0.6742608029704604,0.5657969570189859,0.5426840712044526,0.7192318517753863,-0.18725527363387234,0.202098739862686,-0.04497104880492586,0.27916094531362556
658,0.3991010772395717,0.7612141433153778,0.6694887504379872,0.5849513448597394,0.5593731561488667,0.7141779160993728,-0.1858502676201677,0.2018409871665111,-0.04468916566138559,0.2779878191618302
659,0.41973864788329074,0.7775471783376958,0.6647166979055139,0.6040472380534647,0.5758384992890305,0.708897604283927,-0.18430859017017398,0.2017086790486653,-0.0441809063784131,0.2767815024572501
660,0.4404539253483869,0.7937815441909972,0.6599446453730407,0.6230827270267574,0.5920735147072245,0.7033848989304824,-0.18262880167837048,0.20170802948377275,-0.043440253557441744,0.2755475711920519
661,0.46088521400693067,0.8096365555811447,0.6544804320715432,0.6420559082465795,0.6080717086137423,0.6976334745446516,-0.18117069423964888,0.2015648469674024,-0.04315304247310847,0.27443285710525733
662,0.48140283238434933,0.8253796899116729,0.6490162187700457,0.6609648844106218,0.6238266819443293,0.6916366867923863,-0.1795620520262725,0.20155300796734354,-0.04262046802234065,0.27328126507869727
663,0.5020061678747707,0.8410104771311187,0.6435520054685482,0.6798077646370254,0.6393321329197169,0.6853875615526078,-0.1778015967622547,0.20167834421140174,-0.041835556084059644,0.2720988351462067
664,0.5223018579877593,0.8562338588136459,0.6373283440122013,0.6985826646534714,0.6545818595662526,0.6788787838277314,-0.1762808066657121,0.2016519992473933,-0.04155043981553008,0.2710440751022772
665,0.542691899597944,0.8713306329773308,0.6311046825558544,0.7172877069856007,0.6695697621966022,0.672102686587147,-0.1745958073876568,0.20176087078072857,-0.04099800403129261,0.2699481084766024
666,0.5631755029207786,0.8863002148661855,0.6248810210995075,0.7359210211447693,0.6842898458495512,0.6650512396345386,-0.17274551822399076,0.20201036901663427,-0.04017021853503111,0.2688175026181592
667,0.5833313553296721,0.9008387026484199,0.6178222653543687,0.7544807438150888,0.6987362226879031,0.6577160386082651,-0.17114938848541672,0.20210247996051678,-0.039893773253896425,0.2678227748522453
668,0.6035893283795094,0.915234554177084,0.6107635096092299,0.7729650190397587,0.7129031143535387,0.6500882942451496,-0.16937569066024927,0.2023314398235453,-0.03932478463591971,0.266781886218624
669,0.6239484127000547,0.9294870521669876,0.6037047538640911,0.7913719984066616,0.7267848542786822,0.6421588220623271,-0.16742358570660687,0.20270219788830535,-0.03845406819823605,0.26570200119796206
670,0.6439637483407238,0.9432894152980169,0.5957255935246808,0.8096998412331966,0.7403758899524486,0.6339180326396285,-0.16573609289247282,0.20291352534556828,-0.03819243911494774,0.2647659601628917
671,0.6640885769264567,0.9569316351761856,0.5877464331852705,0.827946714750356,0.7536707851417809,0.6253559227167048,-0.16385813782389924,0.20326085003440475,-0.03760948953143428,0.2637781950628971
672,0.6843216171765956,0.9704128432468927,0.5797672728458603,0.8461107942859937,0.7666642220658663,0.61646206735519,-0.1617891771093981,0.20374862118102643,-0.036694794509329776,0.2627465440438514
673,0.7041996456303726,0.9834296894063019,0.5707716467298303,0.8641902634472943,0.7793510035231799,0.607225613456968,-0.1599906178169217,0.20407868588312206,-0.03645396672713774,0.2618663772067074
674,0.7241939629137526,0.9962671959990335,0.5617760206138003,0.8821833143024047,0.791726054970291,0.5976352749755627,-0.1579893513886521,0.20454114102874243,-0.035859254361762405,0.26092834198095166
675,0.7443029510717146,1.0089243242045087,0.5527803944977703,0.9000881475612352,0.803784426551621,0.5876793302090884,-0.1557851964895206,0.20513989765288776,-0.03489893571131808,0.25994103325196377
676,0.7640511075164522,1.0211076984197978,0.5426607209481821,0.9179029727553806,0.8155212950793129,0.5773456216204795,-0.15385186523892835,0.20558640334048484,-0.03468490067229746,0.25911234631067087
677,0.7839215424527253,1.0330906073186812,0.5325410473985939,0.9356260084171686,0.8269319659624466,0.5666215586940145,-0.1517044659644433,0.20615864135623463,-0.03408051129542067,0.25821911557737703
678,0.8039122210105166,1.0448718237683803,0.5224213738490057,0.953255482257799,0.8380118750848067,0.5554941244066477,-0.14934326124728237,0.2068599486835736,-0.03307275055764203,0.2572707812379648
679,0.8235424753667543,1.056174560397528,0.5110583021817245,0.9707896313445805,0.8487565906304755,0.5439498859681842,-0.14724715597782623,0.20741796976705262,-0.03289158378645962,0.2564874176442695
680,0.8432998934558071,1.067253512146355,0.4996952305144434,0.9882267022772163,0.8591618148564958,0.5319750105656659,-0.14492680882140918,0.20809169728985932,-0.03227978005122245,0.2556323895680808
681,0.8631819242392003,1.0781072485226761,0.4883321588471623,1.0055649513631455,0.8692233858119127,0.5195552869336455,-0.14238302712394524,0.20888386271076342,-0.0312231280864832,0.254716073779124
682,0.8827109946848246,1.0884820223187957,0.475595179304893,1.0228026447919047,0.8789372790024944,0.5066761536623483,-0.14009165010708013,0.20954474331630124,-0.031080974357455327,0.2539698738989094
683,0.902370620753667,1.098607219927934,0.46285819976262366,1.0399380588085174,0.8882996090004824,0.4933227352482483,-0.1375674380548504,0.21030761092745154,-0.030464535485624666,0.25314458151290203
684,0.9221576130949715,1.1084811987549301,0.45012122022035433,1.0569694798858615,0.8973066309987076,0.4794798869840495,-0.13481186679089008,0.21117456775622256,-0.02935866676369514,0.2522515982284628
685,0.9416069689255686,1.1178792165778149,0.43587063828845374,1.0738952048960235,0.9059547423084627,0.4651322498740918,-0.13228823597045491,0.21192447426935213,-0.02926161158563806,0.25153210944749144
686,0.961188272600949,1.1269991248885918,0.42162005635655314,1.090713541280604,0.9142404838005289,0.4502643168426439,-0.12952526867965497,0.21275864108806286,-0.028644260486090756,0.2507260023271838
687,0.9808975476351669,1.135839071655965,0.40736947442465254,1.1074228072199814,0.9221605412887859,0.4348605115707623,-0.12652525958481453,0.2136785303671791,-0.02749103714610973,0.24984577798364127
688,1.0002930181179985,1.144208359257147,0.3914604535834483,1.124021331801486,0.9297117468558371,0.4189052813456625,-0.12372831368348747,0.2144966124013099,-0.02744482776221424,0.249139942420911
689,1.019819175739864,1.1522680378318644,0.375551432742244,1.1405074551864933,0.936891080120138,0.4023832053261955,-0.1206882794466293,0.21537695771172638,-0.026831772583951474,0.2483401673691619
690,1.0394710785941719,1.1600160675431226,0.35964241190103974,1.1568795287764002,0.9436956694441047,0.3852791196091139,-0.11740845018222834,0.21632039809901793,-0.025636707708074136,0.24746009696518673
691,1.0588417927222626,1.167299352532479,0.34193198595766083,1.1731359153774927,0.9501227930827353,0.36757826041131964,-0.11429412265523009,0.2171765594497438,-0.0256462744536588,0.24675197231493262
692,1.0783384523649149,1.1742384496529243,0.32422156001428193,1.1892749893646573,0.9561698802722672,0.3492664265498517,-0.11093653699974237,0.2180685693806571,-0.025044866535569754,0.2459432079424154
693,1.097954942375556,1.1808311824497861,0.306511134070903,1.2052951368439446,0.9618345122584524,0.3303301621888942,-0.10734019446838872,0.21899667019133373,-0.023819028117991192,0.2450485768248593
694,1.1173312177735193,1.186963481543461,0.28686920665663057,1.2211947558139582,0.9671144232640236,0.31075696051584134,-0.10386353804043891,0.21984905827943746,-0.02388775385921077,0.2443191923387752
695,1.136824197985435,1.192714034815092,0.2672272792423581,1.236972256326048,0.9720075013949759,0.29053548859030254,-0.10014805834061291,0.22070653342011604,-0.02330820934794442,0.24348363416609176
696,1.1564263627577642,1.1980806237420043,0.24758535182808564,1.2526260606433117,0.9765117894852975,0.2696558330657038,-0.0961996978855475,0.22156883425670681,-0.02207048123761815,0.24255769690778045
697,1.1758360742895944,1.2029868440698162,0.22591058130087036,1.2681546033983628,0.9806254858798085,0.24810976580033245,-0.09231852910876848,0.22236135819000769,-0.022199184499462093,0.24178521093183633
698,1.1953475595741454,1.2074712438785575,0.20423581077365507,1.2835563317498675,0.9843469451548001,0.22589102754483356,-0.0882087721757221,0.22312429872375739,-0.021655216771178487,0.2409028613012384
699,1.214951652558827,1.2115317164990598,0.1825610402464398,1.2988297055378224,0.9876746787761803,0.2029956269152212,-0.08387805297899531,0.22385703772287946,-0.020434586668781396,0.23992722530370278
700,1.2344146227382053,1.21512490411676,0.1588019096601188,1.3139731974375781,0.9906073556948702,0.17942215074251594,-0.07955857469937277,0.22451754842188976,-0.02062024108239713,0.23908762138569087
701,1.2539574627709227,1.2182546978663513,0.13504277907379783,1.328985293112564,0.9931438028792042,0.15517208065333724,-0.0750278303416414,0.2251108949871471,-0.020129301579539405,0.2381371015817748
702,1.2735691413153025,1.2209193310739948,0.11128364848747685,1.3438644913657243,0.9952830057841277,0.13025010941636972,-0.07029535005042176,0.2256363252898671,-0.01896646092889287,0.2370926278254836
703,1.2930893467733426,1.2231006226075503,0.08546365978476995,1.3586093042896297,0.9970241087570001,0.10466444924219856,-0.06551995751628703,0.22607651385055016,-0.019200789457428605,0.2361612272654903
704,1.3126593604724828,1.224777231594146,0.05964367108206306,1.373218257415277,0.9983664153798475,0.07842712292189793,-0.06055889694279415,0.2264108162142986,-0.018783451839834875,0.23512136389697183
705,1.3322661363609494,1.2259480403479195,0.033823682379356165,1.3876898898595273,0.9993093887479177,0.051554227525755024,-0.05542375349857798,0.22663865160000174,-0.01773054514639886,0.23398983542480342
706,1.351822190060885,1.226609750457381,0.00606735236956767,1.4020227544711974,0.9998526516844362,0.024066159466105345,-0.05020056441031229,0.2267570987729448,-0.017998807096537676,0.23294384638349075
707,1.3713890754030185,1.2267284711023418,-0.021688977640220826,1.4162154179757676,0.9999959868914717,-0.004012210822560227,-0.04482634257274909,0.2267324842108701,-0.0176767668176606,0.23179622186310084
708,1.3909517187555527,1.2263041108246444,-0.04944530765000932,1.4302664611187157,0.999739337036853,-0.03265142639572878,-0.03931474236316301,0.22656477378779138,-0.016793881254280538,0.23056296349626026
709,1.4104872379966868,1.2253373831061942,-0.07889177746392667,1.4441744788074369,0.9990828047770997,-0.06181740477477093,-0.03368724081075003,0.22625457832909457,-0.017074372689155744,0.2293850444363059
710,1.4299858256734586,1.2237959055314007,-0.10833824727784402,1.457938080251753,0.9980266527163616,-0.0914714824314205,-0.027952254578294422,0.22576925281503912,-0.01686676484642352,0.22811745178538045
711,1.449430575887725,1.2216810146105437,-0.13778471709176138,1.4715558891029872,0.9965713033013819,-0.12157055086072027,-0.02212531321526212,0.2251097113091618,-0.016214166231041105,0.22677480194487096
712,1.4688474056267171,1.218988612530754,-0.16854635267489917,1.4850265435916035,0.9947173386525217,-0.1520672896241892,-0.016179137964886348,0.22427127387823242,-0.01647906305070998,0.22545715404768427
713,1.4881722395985306,1.2157002849871377,-0.19930798825803697,1.4983486966633788,0.9924655003309216,-0.18291049838327378,-0.010176457064848154,0.22323478465621605,-0.016397489874763194,0.22406741626816873
714,1.507386792575578,1.2118191434070738,-0.23006962384117477,1.5115210161141086,0.9898166890418857,-0.21404552605890018,-0.004134223538530657,0.22200245436518806,-0.016024097782274593,0.22261840278415854
715,1.5265448121029934,1.2073320132950018,-0.2616568989814412,1.5245421847228224,0.9867719642746133,-0.24541479105467268,0.002002627380170985,0.2205600490203885,-0.0162421079267685,0.22116634420771344
716,1.545551562266136,1.2022420725201624,-0.29324417412170756,1.5374109003835117,0.9833325438784152,-0.2769583822343691,0.0081406618826243,0.21890952864174718,-0.016285791887338474,0.21966537989277427
717,1.564388080543668,1.1965543991790062,-0.32483144926197394,1.550125876235334,0.9794998035755915,-0.30861472634854564,0.014262204308334026,0.21705459560341467,-0.016216722913428294,0.21812631672117294
718,1.5831143981521547,1.1902481229660429,-0.35667876429955503,1.5626858407913,0.9752752764111607,-0.3403213041667633,0.020428557360854693,0.21497284655488214,-0.016357460132791712,0.21655996216694928
719,1.6016304159486907,1.1833487624299885,-0.3885260793371361,1.5750895380654217,0.9706606521396621,-0.37201539497002895,0.026540877883268976,0.21268811029032642,-0.016510684367107176,0.2149726800222644
720,1.6199173556221542,1.175863314666013,-0.4203733943747172,1.5873357276983062,0.9656577765492774,-0.4036348275127553,0.032581627923848,0.21020553811673548,-0.0167385668619619,0.21337317158843275
721,1.6380246629529065,1.1677689774459599,-0.4518964571879266,1.5994231850811964,0.9602686507235386,-0.43511871520880985,0.03860147787171009,0.20750032672242125,-0.016777741979116745,0.21172612571364335
722,1.6558678583372943,1.1591079583213528,-0.48341952000113597,1.6113507014784265,0.9544954302409214,-0.46640815416292103,0.04451715685886781,0.2046125280804314,-0.017011365838214942,0.21008914886291474
723,1.6734292123980257,1.149888863064448,-0.5149425828143454,1.6231170841482976,0.9483404243126435,-0.49744686468148896,0.05031212824972808,0.2015484387518044,-0.017495718132856386,0.208468663269306
724,1.690739093669594,1.1400937934680968,-0.5456013691847277,1.6347211564623458,0.9418060948590116,-0.528181759882355,0.056017937207248236,0.19828769860908524,-0.01741960930237263,0.20678361515577084
725,1.7077405823675378,1.1297727101874113,-0.57626015555511,1.646161758023011,0.934895055524683,-0.5585634287330091,0.06157882434452677,0.19487765466272833,-0.017696726822100883,0.20514001568371723
726,1.7244176990041833,1.1189353138801392,-0.6069189419254923,1.6574377447796707,0.927610070633246,-0.5885465249860494,0.06697995422451264,0.19132524324689326,-0.018372416939442915,0.20354166324268214
727,1.7407821863343915,1.1075727534331443,-0.6362701831972118,1.668547989143047,0.9199540540815242,-0.6180900577424485,0.0722341971913445,0.18761869935162012,-0.01818012545476333,0.20186399518443746
728,1.7568061678359848,1.095734837977763,-0.6656214244689314,1.6794913800979598,0.9119300681740611,-0.6471575834684962,0.07731478773802491,0.18380476980370186,-0.01846384100043519,0.20025654353867448
729,1.7724758399142038,1.083431765091153,-0.6949726657406509,1.6902668233144347,0.9035413223982338,-0.6757173029780909,0.08220901659976909,0.1798904426929191,-0.019255362762560013,0.1987200613367289
730,1.7877912466060866,1.0706628423249627,-0.7227002494428711,1.7008732412571288,0.8947911721405041,-0.7037420699869326,0.08691800534895777,0.1758716701844586,-0.018958179455938584,0.19709134074229645
731,1.8027467602784744,1.057474222930131,-0.7504278331450914,1.7113095732930879,0.8856831173443074,-0.7312093202389199,0.0914371869853865,0.17179110558582367,-0.019218512906171492,0.19555637131150913
732,1.8173308835864699,1.0438760459168734,-0.7781554168473117,1.7215747757978035,0.8762208011101247,-0.7581009318558724,0.09575610778866639,0.16765524480674876,-0.02005448499143936,0.19411258500756054
733,1.8315414199818434,1.029869879521875,-0.8040758439140138,1.7316678222595798,0.8664080082382859,-0.7844030284895931,0.09987359772226356,0.16346187128358913,-0.019672815424420675,0.19256567334871633
734,1.845384177675612,1.0155001160874886,-0.8299962709807158,1.7415877033821823,0.8562486637151049,-0.8101057371275008,0.10379647429342964,0.1592514523723837,-0.019890533853215042,0.1911291879735434
735,1.8588498566750986,1.0007764096651437,-0.8559166980474179,1.7513334271857652,0.8457468311429333,-0.8352029121201988,0.10751642948933338,0.15502957852221044,-0.020713785927219064,0.1897972964885108
736,1.8719424381825234,0.9856936438880287,-0.8799646919411117,1.7609040191060688,0.8349067111147797,-0.8596918362790572,0.11103841907645462,0.15078693277324906,-0.0202728556620545,0.18835397071168206
737,1.8846685588123688,0.9703004191534094,-0.9040126858348055,1.7702985220918765,0.823732639534121,-0.8835729088565338,0.11437003672049229,0.14656777961928835,-0.020439776978271706,0.18703048897144153
738,1.8970208593272544,0.9546056370266696,-0.9280606797284994,1.7795159967007192,0.8122290858806044,-0.9068493289873355,0.11750486262653514,0.14237655114606518,-0.02121135074116387,0.1858181811809428
739,1.9090147895866671,0.9385882014693886,-0.9502637944697617,1.7885555211928177,0.8004006514223111,-0.9295267818372679,0.12045926839384946,0.1381875500470775,-0.020737012632493834,0.18448918131672443
740,1.9206501558537885,0.9223084331439719,-0.9724669092110241,1.7974161916232538,0.7882520673753163,-0.9516131333632378,0.12323396423053468,0.13405636576865565,-0.02085377584778625,0.18328283910443444
741,1.9319212223811262,0.9057743572933041,-0.9946700239522864,1.8060971219323696,0.7757881930112588,-0.9731181382979247,0.12582410044875658,0.12998616428204535,-0.021551885654361724,0.18218833918161817
742,1.9428565865312255,0.8889415520036689,-1.0151205944995623,1.814597444034368,0.7630140137137015,-0.9940531647825135,0.12825914249685755,0.1259275382899674,-0.02106742971704878,0.18097510637842765
743,1.953445447557573,0.8718886477003325,-1.035571165046838,1.8229163079041226,0.7499346389840432,-1.0144309380104182,0.13052913965345048,0.12195400871628925,-0.021140227036419823,0.17988203284317783
744,1.9636833770792586,0.8546227760998876,-1.0560217355941137,1.8310528816621792,0.7365553003977854,-1.0342653043291206,0.13263049541707939,0.11806747570210219,-0.02175643126499316,0.17889695199928585
745,1.9736108044451681,0.8370721136307527,-1.0748517384166945,1.8390063516579414,0.722881349511976,-1.0535710164801917,0.13460445278722677,0.11419076411877671,-0.021280721936502767,0.17779414626561138
746,1.9832060123894768,0.8193376400914456,-1.0936817412392752,1.8467759225510378,0.7089182557246515,-1.0723635400346438,0.13643008983843896,0.1104193843667941,-0.02131820120463135,0.17680519098676792
747,1.9924655988493625,0.8014256433908314,-1.112511744061856,1.854360817390854,0.6946716040871542,-1.090658880591542,0.13810478145850857,0.10675403930367722,-0.0218528634703139,0.1759173192474398
748,2.0014386020229336,0.7832364136260584,-1.1298731155636852,1.8617602776942273,0.6801470930701856,-1.1084734309385513,0.1396783243287063,0.10308932055587283,-0.021399684625133863,0.17491537611657232
749,2.0100944788102058,0.7648941492502466,-1.1472344870655145,1.868973563521292,0.665350532284497,-1.125823837107909,0.14112091528891368,0.09954361696574954,-0.021410649957605443,0.17401856321154857
750,2.018430620246391,0.7464043787988718,-1.1645958585673437,1.8759999535494778,0.6502878401571169,-1.1427268820842833,0.1424306666969133,0.09611653864175485,-0.02186897648306041,0.17321413322421414
751,2.0265006267234242,0.7276422167691328,-1.1806466326365546,1.8828387451456365,0.6349650415640629,-1.1591993858163752,0.1436618815777877,0.0926771752050699,-0.0214472468201794,0.17230142024553138
752,2.034268459402261,0.7087529472215,-1.1966974067057654,1.8894892544363082,0.6193882654204694,-1.1752581201377648,0.14477920496595287,0.08936468180103052,-0.02143928656800065,0.17148384049967413
753,2.041732117119731,0.6897414364439214,-1.2127481807749763,1.895950816376105,0.6035637422291092,-1.1909197372013636,0.14578130074362594,0.08617769421481214,-0.021828443573612688,0.17074912466988396
754,2.0489457343565856,0.6704627669749855,-1.227643643278514,1.902222784814218,0.5874978015882669,-1.2062007100649477,0.14672294954236764,0.0829649653867186,-0.021442933213566384,0.16991353327158212
755,2.0558713972690756,0.6510787900003064,-1.2425391057820518,1.9083045325590295,0.5711968696599886,-1.2211172841230187,0.1475668647100461,0.07988192034031782,-0.02142182165903317,0.16916262944516247
756,2.0625075692555166,0.6315938062564409,-1.2574345682855896,1.9141954514408346,0.5546674665997017,-1.2356854381550875,0.148312117814682,0.07692633965673923,-0.02174913013050217,0.16848492717478808
757,2.0689054494795354,0.6118495915978542,-1.2713222325032758,1.9198949523726523,0.5379162039482439,-1.2499208538459183,0.14901049710688308,0.07393338764961033,-0.021401378657357473,0.16771491605049194
758,2.0750285205333516,0.5920184321583469,-1.285209896720962,1.9254024654091402,0.5209497819873273,-1.2638388927244983,0.14962605512421145,0.0710686501710196,-0.021371003996463633,0.16701924805536994
759,2.080875601496269,0.5721041526569859,-1.2990975609386481,1.9307174398035836,0.5037749870595203,-1.2774545795615464,0.15015816169268548,0.0683291655974656,-0.021642981377101744,0.16638740047570347
760,2.086492321891196,0.5519427573431441,-1.3121148086625285,1.935839344062973,0.4863986888537981,-1.2907825913575508,0.15065297782822307,0.06554406848934602,-0.021332217304977696,0.16567259320054703
761,2.0918461279542826,0.5317099579907398,-1.3251320563864089,1.94076766600115,0.4688278376577654,-1.3038372511423686,0.15107846195313268,0.06288212033297441,-0.02129480524404026,0.16502221503202663
762,2.0969361125026555,0.5114091829736841,-1.3381493041102892,1.9455019127900275,0.45106946157762406,-1.3166325258920903,0.15143419971262806,0.06033972139606003,-0.021516778218198862,0.16442679394079732
763,2.101800621544283,0.49087839170898256,-1.350422757778454,1.9500416110088725,0.433130663727031,-1.3291820279480693,0.15175901053541052,0.05774772798195155,-0.02124072983038472,0.16375825466061766
764,2.1064127868123355,0.4702894439526986,-1.3626962114466188,1.954386306691646,0.415018619385944,-1.3414990193963932,0.15202648012068942,0.05527082456675464,-0.021197192050225633,0.16314483031033958
765,2.110771913549728,0.44964544113691296,-1.3749696651147836,1.9585355653724,0.39674057313061206,-1.3535964189332585,0.15223634817732812,0.0529048680063009,-0.02137324618152503,0.16257812404339295
766,2.114908236770729,0.42879376463695956,-1.386615609902706,1.9624889721287242,0.37830383593583167,-1.3654868108028255,0.15241926464200484,0.050489928701127895,-0.021128799099880524,0.16194842168313217
767,2.1188014475101853,0.40789533185396165,-1.3982615546906285,1.9662461316232376,0.3597157822506608,-1.3771824554492114,0.1525553158869477,0.04817954960330084,-0.021079099241417154,0.16136518159185653
768,2.1224510177455618,0.3869529771691524,-1.409907499478551,1.9698066681431217,0.3409838470487362,-1.3886953015737538,0.1526443496024401,0.0459691301204162,-0.021212197904797225,0.16082106743064478
769,2.125879032916785,0.365830406036834,-1.4210328946375628,1.9731702256376917,0.3221155228543811,-1.4000369993327406,0.15270880727909342,0.04371488318245287,-0.020995895304822154,0.16022421306378712
770,2.1290718438370235,0.3446710048713568,-1.4321582897965746,1.9763364677540007,0.30311835674570226,-1.4112189144499225,0.1527353760830228,0.04155264812565457,-0.020939375346652023,0.15966582324775971
771,2.1320290553220413,0.32347739263826003,-1.4432836849555863,1.979305077870476,0.2839999473358494,-1.422252143052719,0.1527239774515654,0.03947744530241065,-0.021031541902867268,0.15913958568201422
772,2.134765230607631,0.30213574716296926,-1.453987471621532,1.9820757591285796,0.26476794173367757,-1.4331475270714018,0.15268947147905143,0.03736780542929169,-0.020839944550130163,0.1585709017190921
773,2.1372728170932214,0.28076603736606853,-1.4646912582874776,1.984648234462495,0.24543003248500284,-1.4439156700672382,0.15262458263072642,0.0353360048810657,-0.020775588220239394,0.1580332924736275
774,2.139551527484741,0.2593707115742501,-1.4753950449534232,1.9870222466268317,0.22599395449569257,-1.4545669533788361,0.1525292808579095,0.033376757078557556,-0.020828091574587093,0.1575214234025057
775,2.1416095706105973,0.23786370873148308,-1.4857695758102627,1.9891975582223522,0.20646748193779657,-1.4651115524962097,0.1524120123882451,0.031396226793686505,-0.020658023314052976,0.15697738214264859
776,2.1434443819208124,0.21633651243836166,-1.4961441066671022,1.9911739517197096,0.18685842513998854,-1.4755594535896255,0.15227043020110287,0.029478087298373118,-0.0205846530774767,0.15645756449184398
777,2.1450557639347827,0.19479143966541132,-1.5065186375239417,1.9929512294812013,0.1671746274635352,-1.4859204701354887,0.1521045344535814,0.027616812201876118,-0.020598167388452993,0.15595756543783684
778,2.1464471631473234,0.17317456987143948,-1.516651132319181,1.9945292137805317,0.14742396216506348,-1.4962042595945497,0.1519179493667917,0.025750607706375994,-0.020446872724631193,0.1554356192810259
779,2.1476194618619977,0.15154471163839123,-1.5267836271144202,1.9959077468205864,0.12761432924735241,-1.5064203401089062,0.15171171504141134,0.023930382391038812,-0.02036328700551393,0.15493150467176348
780,2.1485725397229145,0.12990408562967276,-1.5369161219096594,1.99708669074921,0.10775365229944407,-1.516578107193738,0.15148584897370454,0.02215043333022869,-0.020338014715921338,0.1544417009055066
781,2.1493069952871586,0.10823436651764956,-1.5468901028137567,1.998065927672992,0.0878498753273104,-1.5266868504077726,0.15124106761416667,0.020384491190339166,-0.020203252405984085,0.15394011635029334
782,2.149825284538641,0.08655839992739964,-1.556864083717854,1.9988453596690559,0.06791095957636362,-1.536755769993164,0.1509799248695851,0.01864744035103602,-0.02010831372469002,0.15345034710329453
783,2.150127355918221,0.06487834217259947,-1.5668380646219513,1.999424908794852,0.04794488034705368,-1.5467939934810255,0.1507024471233691,0.01693346182554579,-0.020044071140925768,0.15296971754655095
784,2.1502131095257098,0.04321399658764342,-1.576734755845485,1.9998045170959504,0.02795962380486148,-1.5568105922633153,0.15040859242975935,0.015254372782781939,-0.01992416358216964,0.15248741869461427
785,2.150084457094825,0.021549863282624503,-1.5866314470690186,1.9999841466118375,0.007963183785935567,-1.5668145981353296,0.15010031048298766,0.013586679496688936,-0.019816848933688958,0.15201121198285242
786,2.1497414112262616,-0.00011193587713283909,-1.5965281382925522,1.9999637793797111,-0.012036441400328576,-1.5768150198156834,0.14977763184655046,0.011924505523195737,-0.01971311847686885,0.15153923542639577
787,2.1491854837239224,-0.021711845348440402,-1.6064278318130059,1.999743417436278,-0.03203125217051633,-1.5868208594525117,0.14944206628764434,0.010319406822075931,-0.019606972360494135,0.15107565885550647
788,2.148415754471786,-0.04330519296836596,-1.6163275253334595,1.9993230828175483,-0.05201325086691355,-1.5968411291256488,0.14909267165423756,0.008708057898547589,-0.019486396207810674,0.15061266430991296
789,2.1474322989057293,-0.06488986252122528,-1.626227218853913,1.998702817556634,-0.07197444495646654,-1.606884867354864,0.14872948134909536,0.007084582435241266,-0.01934235149904917,0.1501491807908568
790,2.1462406466572572,-0.08636582060851831,-1.636210616929669,1.997882683679544,-0.09190685022768164,-1.6169611556237677,0.1483579629777132,0.005541029619163321,-0.019249461305901328,0.14970414138795346
791,2.1448346543160985,-0.10782881192811446,-1.646194015005425,1.9968627631989828,-0.111802493984214,-1.6270791349278113,0.14797189111711573,0.003973682056099548,-0.01911488007761375,0.14925431099382047
792,2.1432144620138676,-0.12927669731927244,-1.656177413081181,1.9956431581061487,-0.13165341823383273,-1.6372480223527806,0.1475713039077189,0.0023767209145602874,-0.018929390728400497,0.14879939641234602
793,2.141392060459972,-0.1505691297080639,-1.6663269610260314,1.994223990360534,-0.15145168287151517,-1.6474771276873965,0.14716807009943778,0.0008825531634512607,-0.01884983333863488,0.14837296240816134
794,2.1393536479180226,-0.17184196916977473,-1.6764765089708817,1.9926054018777313,-0.1711893688553761,-1.6577758700698915,0.14674824604029135,-0.0006526003143986214,-0.018700638900990274,0.14793643059901598
795,2.137099434369868,-0.19309302433732378,-1.686626056915732,1.9907875545152398,-0.1908585813741894,-1.668153794663767,0.14631187985462835,-0.002234442963134381,-0.018472262251965077,0.14749028237364004
796,2.1346502948384622,-0.21414268695750002,-1.6970272775380508,1.9887706300562809,-0.21045145300520013,-1.6786205893521406,0.1458796647821814,-0.003691233952299894,-0.01840668818591018,0.1470826569484844
797,2.1319823495491854,-0.23516573737367333,-1.7074284981603696,1.9865548301916196,-0.22996014686099078,-1.689186101433152,0.14542751935756582,-0.005205590512682545,-0.018242396727217614,0.1466596283829811
798,2.129095887132138,-0.2561599012194309,-1.7178297187826883,1.984140376499396,-0.24937685972413318,-1.699860354290574,0.14495551063274204,-0.006783041495297709,-0.017969364492114392,0.14622245988553326
799,2.1260230101702056,-0.27690825606646735,-1.7285725529338511,1.981527510422967,-0.2686938251683646,-1.7106535640039524,0.14449549974723852,-0.008214430898102754,-0.017918988929898738,0.1458338660478208
800,2.122727418676901,-0.29762240288430597,-1.739315387085014,1.9787164932467636,-0.2879033166650653,-1.7215761558510787,0.14401092543013738,-0.009719086219240669,-0.017739231233935282,0.14542450826787295
801,2.11920949298779,-0.31829995110762316,-1.7500582212361768,1.9757076060701602,-0.30699765067375967,-1.7326387806421168,0.14350188691762966,-0.011302300433863488,-0.017419440594059976,0.1449964498000812
802,2.1155147587640877,-0.33868951934775454,-1.7612383659126334,1.9725011497793674,-0.325969189715432,-1.7438523308090974,0.14301360898472026,-0.012720329632322558,-0.01738603510353598,0.14462701461833052
803,2.1115923018769265,-0.3590365064950236,-1.77241851058909,1.9690974450173422,-0.344810345427416,-1.7552279561563868,0.1424948568595843,-0.014226161067607601,-0.01719055443270312,0.14423135252731517
804,2.1074426126111887,-0.37933836929134335,-1.7835986552655465,1.9654968321517237,-0.3635135815986424,-1.7667770791568955,0.14194578045946504,-0.01582478769270096,-0.016821576108650982,0.1438123566267685
805,2.1031266065564838,-0.3993130503868594,-1.7953188693130628,1.961699671240799,-0.3820714171840091,-1.7785114096548387,0.14142693531568473,-0.01724163320285027,-0.016807459658224166,0.14346199025683193
806,2.0985767947506844,-0.4192357762461293,-1.8070390833605792,1.9577063419974947,-0.4004764292967199,-1.7904429588085071,0.14087045275318966,-0.018759346949409395,-0.016596124552072045,0.14307979908779872
807,2.093793802164334,-0.4391038102467729,-1.8187592974080955,1.9535172437514072,-0.41872125617732653,-1.80258405207521,0.14027655841292663,-0.02038255406944639,-0.01617524533288539,0.14266954794961734
808,2.088855572360948,-0.45860915178209194,-1.8311306113412242,1.94913279540887,-0.43679860013833777,-1.814947341005158,0.13972277695207813,-0.021810551643754172,-0.016183270336066258,0.14233781226706854
809,2.083676419901072,-0.47805190986313206,-1.843501925274353,1.944553435411064,-0.45470123048319755,-1.8275458135709115,0.13912298449000815,-0.023350679379934514,-0.015956111703441467,0.14196850545668308
810,2.0782571374408167,-0.49742910882522295,-1.8558732392074817,1.9397796216901726,-0.4724219863984661,-1.8403928027138892,0.13847751575064415,-0.025007122426756845,-0.015480436493592542,0.14156631822071541
811,2.072693880006275,-0.516412505260534,-1.8690159546596603,1.9348118316235898,-0.4899537798180512,-1.8535019927388603,0.13788204838268525,-0.026458725442482733,-0.015513961920800012,0.14125227938948764
812,2.066881616843054,-0.5353211480046504,-1.882158670111839,1.9296505619861817,-0.5072895982583422,-1.8668874231310342,0.13723105485687226,-0.02803154974630817,-0.015271246980804731,0.1408947876348106
813,2.060821351894553,-0.5541517709963927,-1.8953013855640175,1.9242963289006125,-0.5244225076230977,-1.8805634893080148,0.13652502299394031,-0.029729263373294956,-0.014737896256002747,0.14049952523146608
814,2.0546280228897986,-0.5725625602325582,-1.9093456745505293,1.9187496677857283,-0.541345654977011,-1.894544939750472,0.13587835510407031,-0.03121690525554721,-0.014800734800057391,0.14020158454933124
815,2.048176746722912,-0.5908845557646558,-1.923389963537041,1.9130111333030182,-0.5580522712867794,-1.9088468688807356,0.13516561341989397,-0.03283228447787645,-0.014543094656305433,0.13985422252257773
816,2.0414687958359354,-0.6091141437840694,-1.9374342525235528,1.9070812993011486,-0.5745356741286307,-1.9234847049782011,0.13438749653478688,-0.03457846965543865,-0.013949547545351715,0.1394641877519798
817,2.034637655060334,-0.6269035577431674,-1.952520059333657,1.9009607587585777,-0.5907892703612041,-1.9384741923347701,0.13367689630175628,-0.03611428738196332,-0.014045866998886769,0.1391798862541853
818,2.02753893410774,-0.6445878981080619,-1.967605866143761,1.89465012372426,-0.6068065587627183,-1.9538313667637117,0.13288881038348,-0.03778133934534367,-0.013774499380049265,0.1388402044115302
819,2.0201742484855534,-0.6621631403251864,-1.982691672953865,1.8881500252564394,-0.6225811326313736,-1.9695725234828305,0.132024223229114,-0.039582007693812815,-0.013119149471034541,0.13845303512443247
820,2.0126943551377434,-0.6792840497580487,-1.9989674759346139,1.8814611133595462,-0.6381066823479474,-1.9857141762998443,0.13123324177819717,-0.04117736741010125,-0.013253299634769622,0.13817883081590396
821,2.0049368082403545,-0.6962809556658219,-2.0152432789153627,1.8745840569191952,-0.6533769978995605,-2.0022730069375108,0.1303527513211593,-0.042903957766261436,-0.012970271977851944,0.13784345223544206
822,1.99690366273587,-0.713149355637564,-2.0315190818961115,1.8675195436353014,-0.6683859713635882,-2.019265803252276,0.12938411910056868,-0.04476338427397575,-0.012253278643835408,0.13745600636062882
823,1.988760370207285,-0.72955573148197,-2.049138889682908,1.8602682799533052,-0.6831275993507646,-2.036709385028378,0.12849209025397967,-0.046428132131205335,-0.012429504654529744,0.13718703035267762
824,1.9803292794882459,-0.7458160848250358,-2.0667586974697043,1.8528309909935323,-0.6975959854064473,-2.0546205159757753,0.12749828849471356,-0.04822009941858851,-0.012138181493928979,0.13685147791309865
825,1.9716130080074483,-0.7619253676466593,-2.0843785052565007,1.8452084204786805,-0.711785342369123,-2.073015800533438,0.12640458752876782,-0.05014002527753625,-0.011362704723062667,0.1364597117898664
826,1.9627875515605642,-0.777571366109228,-2.1034962616929516,1.8374013306594494,-0.7256899946851959,-2.091911564088844,0.12538622090111473,-0.05188137142403204,-0.011584697604107408,0.13618952350045183
827,1.9536646096989287,-0.7930457927924939,-2.1226140181294024,1.8294105022383151,-0.7393043806791324,-2.1113237152817104,0.1242541074606136,-0.053741412113361475,-0.011290302847692057,0.1358480531151053
828,1.9442475166523392,-0.8083429921419965,-2.1417317745658533,1.8212367342914608,-0.7526230547780576,-2.1312675891780724,0.12301078236087837,-0.055719937363938876,-0.010464185387780933,0.13544690167259826
829,1.9347168601669695,-0.8231815692130362,-2.1624921860653346,1.812880844188868,-0.765640689689914,-2.1517577702945823,0.12183601597810156,-0.05754087952312226,-0.010734415770752292,0.13516728630719071
830,1.9248802246007868,-0.8378191025869832,-2.183252597564816,1.8043436675125866,-0.7783520785342984,-2.172807894737887,0.12053655708820021,-0.05946702405268478,-0.010444702826928776,0.13481276038084228
831,1.9147418493391783,-0.8522492837913241,-2.204013009064297,1.7956260579731689,-0.7907521369251587,-2.1944304311165266,0.11911579136600947,-0.061497146866165475,-0.00958257794777051,0.13439604393565505
832,1.90447905779934,-0.8662302786026509,-2.226537809419544,1.786728887324304,-0.8028359050044701,-2.216636440398034,0.11775017047503611,-0.06339437359818079,-0.009901369021509954,0.13409692897044997
833,1.8939039771607507,-0.8799765790355621,-2.2490626097747906,1.777653045275642,-0.8145985494261158,-2.2394353155356597,0.1162509318851086,-0.06537802960944639,-0.00962729423913089,0.133720793873416
834,1.883021972639597,-0.893481210970795,-2.2715874101300373,1.7683994394038254,-0.8260353652891601,-2.262834502486271,0.11462253323577154,-0.06744584568163492,-0.008752907643766239,0.13328120879297561
835,1.871997491814439,-0.9065489411897844,-2.295956449561604,1.7589689950617298,-0.8371417780197469,-2.2868392051869093,0.11302849675270932,-0.06940716317003748,-0.009117244374694522,0.13295081617830454
836,1.8606578677561905,-0.9193441620459535,-2.3203254889931704,1.7493626552859305,-0.8479133452008673,-2.311452078146046,0.11129521247025997,-0.07143081684508623,-0.00887341084712423,0.13254328852876116
837,1.849009834168293,-0.9318592754723579,-2.344694528424737,1.739581380702398,-0.8583457583492696,-2.3366729115189178,0.10942845346589491,-0.07351351712308829,-0.008021616905819151,0.13207259354433776
838,1.8371941392771387,-0.9439499042922233,-2.3709220952489067,1.7296261494304437,-0.868434844638788,-2.3624983148415106,0.10756798984669502,-0.0755150596534353,-0.008423780407396109,0.13169797549876233
839,1.8250654366532735,-0.955726513468147,-2.3971496620730766,1.7194979569848965,-0.8781765685694278,-2.3889214069446996,0.10556747966837698,-0.07754994489871914,-0.008228255128376993,0.1312485843724999
840,1.8126320689742232,-0.9671810025086129,-2.4233772288972464,1.709197816176561,-0.8875670335815046,-2.4159315208889622,0.10343425279766216,-0.07961396892710837,-0.0074457080082841465,0.13073816301249566
841,1.8000000868724475,-0.9782202871373158,-2.4513859135669405,1.6987267570109346,-0.8966024836142181,-2.443513933963093,0.10127332986151294,-0.08161780352309767,-0.007871979603847556,0.13030625946614066
842,1.7870639038388805,-0.9889014830186368,-2.4793945982366346,1.6880858265852081,-0.9052793046080264,-2.471649633771164,0.09897807725367236,-0.08362217841061037,-0.00774496446547035,0.12980490350345508
843,1.773833667469985,-0.9992162114472604,-2.5074032829063286,1.6772760889835565,-0.9135940259502211,-2.5003151320731636,0.09655757848642854,-0.08562218549703926,-0.007088150833165052,0.12924692063908488
844,1.7603710331014637,-1.0091186642902104,-2.537000368903798,1.666298625170732,-0.921543321863127,-2.52948233822374,0.0940724079307318,-0.08757534242708331,-0.007518030680058185,0.1287461817702304
845,1.7466212538915857,-1.018618383661168,-2.5665974549012676,1.655154532883968,-0.9291240127343685,-2.559118503655017,0.09146672100761766,-0.08949437092679946,-0.007478951246250531,0.1281847814337284
846,1.7325963735958403,-1.027707048532168,-2.596194540898737,1.6438449265232045,-0.9363330663886721,-2.5891862477784504,0.08875144707263583,-0.0913739821434959,-0.007008293120286613,0.12757405748312092
847,1.7183068422561694,-1.0363778111959934,-2.627058512006661,1.6323709370396566,-0.9431675993006936,-2.619643673878287,0.08593590521651273,-0.09321021189529977,-0.007414838128374068,0.12699646936595574
848,1.7037565446879575,-1.0446034827039201,-2.657922483114585,1.6207337118227096,-0.949624877748395,-2.6504445810272683,0.08302283286524781,-0.09497860495552513,-0.007477902087316579,0.1263710615445485
849,1.688959340182,-1.0523762280290094,-2.688786454222509,1.6089344145851874,-0.9557023189064935,-2.6815387748284367,0.08002492559681262,-0.09667390912251594,-0.007247679394072115,0.12570744718751997
850,1.6738716572205008,-1.0597166992627303,-2.7204720003082006,1.5969742252469805,-0.9613974918795568,-2.712872476001037,0.07689743197352028,-0.09831920738317346,-0.0075995243071633745,0.12505052720509746
851,1.6585589995217895,-1.0665755044999339,-2.7521575463938923,1.5848543398170567,-0.9667081186743309,-2.7443888216776147,0.07370465970473283,-0.09986738582560295,-0.007768724716277653,0.12436327712611796
852,1.643036739307301,-1.0729457582557513,-2.783843092479584,1.5725759702738584,-0.9716320751109048,-2.7760284500182753,0.07046076903344267,-0.10131368314484657,-0.007814642461308807,0.12365375450004182
853,1.627208471451242,-1.0788629305265147,-2.815810019498425,1.5601403444441087,-0.976167391672356,-2.807730154671101,0.06706812700713338,-0.10269553885415872,-0.008079864827323924,0.12292189217718227
854,1.6111991686364688,-1.0842711848095472,-2.847776946517266,1.5475487058800246,-0.9803122542925307,-2.8394315920225517,0.06365046275644426,-0.10395893051701655,-0.008345354494714297,0.12218218194562504
855,1.595025189127059,-1.0891649949646547,-2.879743873536107,1.5348023137349744,-0.9840650050816433,-2.8710700213760587,0.060222875392084596,-0.10509998988301139,-0.008673852160048234,0.12144150157666043
856,1.5785412029158397,-1.0935827384063725,-2.9114081449581524,1.5219024426375487,-0.9874241429894152,-2.9025830564067965,0.056638760278290956,-0.10615859541695738,-0.008825088551355886,0.12064608876669905
857,1.5619256183982222,-1.0974764011635227,-2.943072416380198,1.5088503825641069,-0.9903883244054711,-2.9339094056196564,0.05307523583411533,-0.10708807675805165,-0.009163010760541379,0.11986991953272981
858,1.5451950934007888,-1.1008420796744274,-2.974736687802243,1.4956474387097796,-0.9929563636967662,-2.9649895801409523,0.04954765469100919,-0.10788571597766117,-0.009747107661290944,0.11911886460654691
859,1.528159939277582,-1.1037111723726796,-3.005533105726816,1.4822949313579503,-0.9951272336818244,-2.9957665489487293,0.04586500791963166,-0.10858393869085514,-0.009766556778086688,0.11827703210846496
860,1.5110445189391348,-1.1060543658241133,-3.0363295236513888,1.4687941957482267,-0.9969000660415961,-3.0261863244390357,0.04225032319090816,-0.10915429978251723,-0.010143199212353071,0.11748461797618151
861,1.4938650636984974,-1.1078694378743383,-3.0671259415759615,1.4551465819429195,-0.9982741516667748,-3.0561984648014353,0.038718481755577905,-0.10959528620756354,-0.010927476774526212,0.11674612343471022
862,1.476390921689881,-1.1091730903772066,-3.096566647954087,1.4413534546920337,-0.9992489409414315,-3.085756483749059,0.035037466997847266,-0.10992414943577511,-0.010810164205028006,0.11587839476340497
863,1.4588859771295617,-1.1099618011769792,-3.1260073543322124,1.4274161932968048,-0.999824043962853,-3.1148181624090387,0.03146978383275689,-0.11013775721412622,-0.011189191923173691,0.11509070715975236
864,1.4413654014232518,-1.1102348867038514,3.1277372464692483,1.413336191471756,-0.999999230697499,3.139839544846084,0.028029209951495826,-0.11023565600635243,-0.01210229837683574,0.1143853228856651
865,1.4235590702911034,-1.1099881569480634,3.100022636831434,1.399114857205336,-0.999774431073011,3.111879164795771,0.024444213085767386,-0.1102137258750524,-0.011856527964337005,0.11351282826188723
866,1.4057664143825634,-1.1092480895995038,3.0723080271936194,1.3847536126191209,-0.9991497350062423,3.084514521703087,0.021012801763442557,-0.11009835459326156,-0.012206494509467536,0.11274832162964979
867,1.3880010993545444,-1.1080152530672136,3.044593417555805,1.3702538938256013,-0.9981253923672896,3.057769563448156,0.017747205528943155,-0.10988986069992401,-0.013176145892351165,0.11209083641989552
868,1.3699536315968834,-1.1062591513911064,3.018842636500533,1.3556171507845733,-0.9967018128795511,3.0316637948036833,0.014336480812310093,-0.10955733851155536,-0.012821158303150337,0.11123276137924343
869,1.35195736316335,-1.104038946889525,2.993091855445261,1.3408448471581444,-0.9948795659558413,3.006212463340424,0.011112516005205464,-0.10915938093368382,-0.013120607895162895,0.11050524335672789
870,1.3340242267691746,-1.1013561117047734,2.967341074389989,1.325938460164364,-0.9926593804706327,2.9814267933001624,0.00808576660481064,-0.1086967312341407,-0.014085718910173295,0.10990344161940928
871,1.315805314507198,-1.0981489108377256,2.9436666900753004,1.3108994804295147,-0.9900421444685181,2.957314255765872,0.004905834077683302,-0.10810676636920746,-0.013647565690571462,0.10907518595942263
872,1.2976674290560097,-1.094511327468128,2.9199923057606116,1.295729411839035,-0.987028904809002,2.9338788640941087,0.00193801721697473,-0.107482422659126,-0.013886558333497057,0.10839309753742582
873,1.279620735798868,-1.0904454002806545,2.896317921445923,1.2804297713871424,-0.9836208667477723,2.9111214845518916,-0.0008090355882743872,-0.10682453353288224,-0.014803563105968642,0.10784841669553323
874,1.26127794222704,-1.0858539313067406,2.8747295720408705,1.2650020890251326,-0.9798193934546138,2.8890401533006966,-0.0037241467980926313,-0.1060345378521268,-0.014310581259826094,0.10706066141623607
875,1.2430385374185564,-1.0808675723556236,2.853141222635818,1.2494479075083849,-0.9756260054681576,2.867630392188506,-0.006409370089828448,-0.105241566887466,-0.014489169552687642,0.10642745632685156
876,1.2249110216424626,-1.0754886472636944,2.8315528732307658,1.2337687822420895,-0.9710423800876875,2.8468855171578986,-0.008857760599626952,-0.10444626717600691,-0.01533264392713285,0.10593664436651921
877,1.2064725323591907,-1.0695814832309798,2.8119852756747807,1.217966281125707,-0.9660703507022413,2.826796934384504,-0.01149374876651632,-0.10351113252873845,-0.014811658709723119,0.10519527580563286
878,1.1881531545602284,-1.0633146761478143,2.7924176781187957,1.2020419843961807,-0.9607119060572806,2.807354420475193,-0.013888829835952299,-0.10260277009053365,-0.014936742356397303,0.10461039287128376
879,1.169959902344347,-1.0566906254408786,2.7728500805628107,1.1859974844699102,-0.9549691894592174,2.7885463841460103,-0.016037582125563166,-0.10172143598166117,-0.015696303583199622,0.1041673102502956
880,1.151439033299882,-1.0495338417032356,2.7551899861669393,1.1698343857835234,-0.9488444979181241,2.7703601077480107,-0.018395352483641325,-0.10068934378511152,-0.015170121581071339,0.10347398481578966
881,1.133047435221581,-1.0420511106673211,2.737529891771068,1.153554304633417,-0.9423402812289547,2.7527819678085708,-0.020506869411835993,-0.0997108294383664,-0.015252076037502782,0.10293399352893512
882,1.1147908439123726,-1.0342447659786622,2.7198697973751966,1.1371588690141392,-0.9354591409916634,2.735797634409647,-0.02236802510176661,-0.09878562498699883,-0.01592783703445022,0.10253108915651503
883,1.0961908372517115,-1.0259000482068241,2.703978184792455,1.1206497184555895,-0.9282038295705979,2.7193922497417313,-0.024458881203877958,-0.09769621863622624,-0.01541406494927644,0.1018841567851609
884,1.0777257846359642,-1.0172608124555584,2.688086572209713,1.1040285038590658,-0.9205772489935901,2.703550586566602,-0.026302719223101567,-0.09668356346196838,-0.015464014356888711,0.10138382623606115
885,1.0594003491932469,-1.0083292404604913,2.6721949596269714,1.0872968873321767,-0.9125824497911844,2.688257187608608,-0.027896538138929783,-0.09574679066930691,-0.01606222798163648,0.10101316711866284
886,1.0407185632017109,-0.9988536814892779,2.6579233489177696,1.0704565420226324,-0.9042226297764663,2.6734964870893,-0.02973797882092155,-0.09463105171281161,-0.015573138171530498,0.1004086946690175
887,1.022173906618737,-0.9891124773609343,2.643651738208568,1.0535091519509268,-0.8955011327659768,2.6592529157394935,-0.03133524533218979,-0.09361134459495757,-0.015601177530925714,0.09994187399311599
888,1.003770156534954,-0.9791076121192558,2.629380127499366,1.0364564118419504,-0.8864214472422383,2.6455109906809953,-0.032686255306996426,-0.09268616487701753,-0.016130863181629262,0.09959578903040164
889,0.9850012828986072,-0.9685544918594384,2.6165814640255367,1.0193000269555008,-0.8769872049583982,2.632255391580335,-0.03429874405689359,-0.09156728690104021,-0.01567392755479835,0.09902850033849231
890,0.9663690086137395,-0.9577620259795397,2.6037828005517074,1.0020417129157693,-0.8672021794855813,2.619471024450662,-0.035672704302029734,-0.09055984649395843,-0.015688223898954412,0.09858878231489163
891,0.9478763857130363,-0.9467319823237916,2.590984137077878,0.9846831955397783,-0.8570702847035119,2.607143074424953,-0.036806809826742004,-0.08966169762027976,-0.016158937347074964,0.09826022860730137
892,0.9290146761097725,-0.9351519718467097,2.5795193594387698,0.9672262106648,-0.8465955732350124,2.5952570487522775,-0.03821153455502746,-0.08855639861169728,-0.01573768931350772,0.09772426501669057
893,0.9102869654319024,-0.9233564818368302,2.5680545817996614,0.9496725039747743,-0.8357822348250097,2.5837988111854746,-0.03938553854287197,-0.08757424701182048,-0.015744229385813213,0.09730544766328607
894,0.8916957152438478,-0.911347062689663,2.556589804160553,0.9320238308257422,-0.8246345946646914,2.572754608838554,-0.04032811558189442,-0.08671246802497168,-0.016164804678000966,0.0969881947849649
895,0.8727363729461064,-0.8987894878601013,2.5463313091552005,0.9142819560703085,-0.8131571116614865,2.562111092499413,-0.04154558312420209,-0.08563237619861475,-0.015779783344212372,0.09647767043695318
896,0.8539068478083286,-0.8860380828767764,2.536072814149848,0.8964486538811698,-0.8013543766555692,2.5518553312912466,-0.04254180607284119,-0.08468370622120724,-0.015782517141398777,0.09607405066206748
897,0.835209121370597,-0.8730941896439534,2.5258143191444953,0.8785257075736812,-0.7892311105835723,2.5419748224863588,-0.043316586203084206,-0.08386307906038104,-0.016160503341863475,0.09576275130779882
898,0.8161490663310048,-0.8596081559366443,2.516647365393029,0.8605149094275374,-0.7767921625902832,2.532457497190761,-0.044365843096532576,-0.08281599334636114,-0.01581013179773194,0.09527212107994833
899,0.797213436238849,-0.8459479686656001,2.5074804116415628,0.8424180605075443,-0.7640425080890486,2.523291722537723,-0.045204624268695315,-0.08190546057655146,-0.01581131089616017,0.09487865977018213
900,0.7784038223015679,-0.8321147757298604,2.4983134578900965,0.8242369704835132,-0.750987246771676,2.5144663009541306,-0.04583314818194528,-0.08112752895818431,-0.016152843064034084,0.09456885198721883
901,0.7592420257648466,-0.8177500713679641,2.490136297595444,0.8059734574492955,-0.7376316005686248,2.505970466995288,-0.04673143168444893,-0.08011847079933931,-0.015834169399843834,0.09409312935111605
902,0.7401983310415414,-0.803229159922571,2.4819591373007914,0.7876293477409753,-0.7239809115603028,2.4977938821817167,-0.04743101669943384,-0.07924824836226829,-0.01583474488092529,0.09370552469878027
903,0.7212740114993055,-0.7885530123428165,2.473781977006139,0.7692064757542365,-0.710040639840307,2.489926628215464,-0.04793246425493103,-0.07851237250250953,-0.01614465120932529,0.09339359468504156
904,0.7020115576716851,-0.7733607756769367,2.466505267137079,0.7507066837609222,-0.6958163613314545,2.482359198903139,-0.048695126089237095,-0.0775444143454822,-0.015853931766060203,0.09292845986818796
905,0.6828601623430316,-0.7580287751767106,2.459228557268019,0.732131821724822,-0.6813137655554999,2.475082491068045,-0.049271659381790456,-0.0767150096212107,-0.015853933800026088,0.09254315931690056
906,0.6638208395849534,-0.7425578226757483,2.4519518473989588,0.7134837471166572,-0.6665386533573856,2.4680877946939646,-0.04966290753170377,-0.07601916931836272,-0.01613594729500578,0.09222628304048508
907,0.6444608292501619,-0.7265909946003322,2.4454977019840376,0.6947643247283485,-0.6514969345849919,2.4613667825080277,-0.05030349547818658,-0.07509406001534025,-0.015869080523990053,0.09176811659606152
908,0.6252042736589566,-0.7104995476263664,2.4390435565691164,0.6759754264865352,-0.6361946257252741,2.454911499179146,-0.0507711528275786,-0.07430492190109228,-0.01586794261002966,0.09138229030202713
909,0.6060519749594986,-0.6942841520567272,2.4325894111541952,0.6571189312653843,-0.6206378474977482,2.448714350281457,-0.05106695630588576,-0.07364630455897903,-0.01612493912726176,0.0910583651478492
910,0.5865993489914235,-0.6775977479248843,2.426890319341097,0.6381967246987043,-0.6048328224062841,2.4427680911485643,-0.051597375707280735,-0.07276492551860014,-0.01587777180746741,0.0906042339141815
911,0.5672421357641011,-0.6608007530752991,2.4211912275279985,0.619210698991383,-0.5887858722501876,2.4370658157238534,-0.05196856322728194,-0.07201488082511143,-0.015874588195854855,0.0902157257608172
912,0.5479809639912918,-0.6438937130669667,2.4154921357149,0.6001627527301665,-0.5725034155955617,2.431600945494345,-0.05218178873887469,-0.07139029747140502,-0.016108809779444844,0.08988329879101337
913,0.5284422963818901,-0.6265449505385965,2.410489877408942,0.5810547906938144,-0.5559919652079778,2.426367218580206,-0.052612494311924274,-0.07055298533061871,-0.015877341171263826,0.08943091333232303
914,0.5089906558555286,-0.6090986680105139,2.405487619102984,0.5618887236626036,-0.5392581254474379,2.4213586790388097,-0.052898067807074955,-0.06984054256307604,-0.015871059935825826,0.08903818005054523
915,0.48962652914158233,-0.5915553020329514,2.400485360797026,0.5426664682272655,-0.5223085896267315,2.4165696664309295,-0.05303993908568316,-0.06924671240621982,-0.016084305633903728,0.08869637650438447
916,0.47000981905115347,-0.5736036177297854,2.396129991834883,0.5233899465973252,-0.5051501373341961,2.4119948056869718,-0.05338012754617172,-0.0684534803955893,-0.015864813852088933,0.0882440327369297
917,0.45047148097890316,-0.5555666659510917,2.39177462287274,0.504061086408882,-0.48778963172197237,2.4076289973029317,-0.05358960542997887,-0.06777703422911935,-0.015854374430191776,0.08784607770190286
918,0.43101188555164616,-0.5374447888435748,2.387419253910597,0.48468182053184755,-0.470234016760835,2.4034674078887996,-0.053669934980201395,-0.06721077208273984,-0.016048153978202695,0.08749453154823535
919,0.4113263644136999,-0.518951771143158,2.383668195777985,0.46525408687666003,-0.4524903144626965,2.3995054610862865,-0.053927722462960126,-0.06646145668046155,-0.01583726530830143,0.08704104460871577
920,0.39171034998930276,-0.5003850421840145,2.379917137645373,0.44577982820049183,-0.43456562207189353,2.395738828867818,-0.05406947821118907,-0.06581942011212094,-0.015821691222444922,0.08663735020800505
921,0.3721641182840285,-0.48174486320783005,2.3761660795127613,0.426260991912989,-0.416467109226396,2.3921634232246705,-0.054096873628960485,-0.06527775398143404,-0.015997343711909195,0.08627613753017291
922,0.35242007940937065,-0.46277412282167446,2.3729833268137885,0.40669952988151115,-0.3982020150900286,2.388775388248735,-0.0542794504721405,-0.06457210773164584,-0.01579206143494627,0.08582077280489817
923,0.3327365196105699,-0.44374063823450677,2.369800574114816,0.38709739823596034,-0.3797776454569147,2.385571092609647,-0.05436087862539046,-0.06396299277759204,-0.015770518494831354,0.08541123359129373
924,0.31311363828024047,-0.42464460225374034,2.366617821415843,0.367456557173166,-0.3612013698292525,2.382547122426782,-0.05434291889292553,-0.06344323242448785,-0.0159293010109387,0.08504080905640397
925,0.2933222912044784,-0.40526159721387284,2.3639732681440973,0.3477789707608671,-0.3424806184696126,2.379700274533819,-0.05445667955638872,-0.06278097874426025,-0.015727006389721687,0.08458321328949858
926,0.27358227266531804,-0.3858263207424045,2.3613287148723514,0.328066606741307,-0.3236228794289322,2.377027550132213,-0.05448433407598896,-0.06220344131347233,-0.01569883525986171,0.08416807114018264
927,0.2538937207176966,-0.36633890876301084,2.3586841616006056,0.30832143633446063,-0.3046356955513944,2.3745261488288225,-0.054427715616764016,-0.061703213211616426,-0.015841987228216947,0.08378920758210166
928,0.23406706957928206,-0.3466107363413449,2.356553041052458,0.28854543404091454,-0.2855266614573912,2.3721934630521706,-0.054478364461632484,-0.06108407488395373,-0.015640421999712384,0.0833293417661031
929,0.21428250654575215,-0.32684035576747494,2.354421920504311,0.2687405774444146,-0.26630342050577305,2.370027072841291,-0.05445807089866245,-0.060536935261701896,-0.015605152336980233,0.08290912372196194
930,0.19454012147212404,-0.30702785683200595,2.3522907999561635,0.2489088470141234,-0.2469736617366209,2.3680247410007484,-0.05436872554199937,-0.060054195095385066,-0.01573394104458492,0.0825228548125324
931,0.17469086518086438,-0.2870230217229964,2.3506532304783208,0.22905222590655416,-0.22754511679571235,2.366184408615277,-0.054361360725689784,-0.059477904927284025,-0.015531178136956036,0.08206092985586665
932,0.1548743947965594,-0.26698570891506884,2.349015661000478,0.20917269976727051,-0.20802555684197999,2.36450419091746,-0.054298304970711114,-0.058960152073088856,-0.015488529916981797,0.08163638903187326
933,0.13509076345971388,-0.24691597214094652,2.347378091522635,0.1892722565323201,-0.1884227894391479,2.3629823735019793,-0.054181493072606224,-0.058493182701798624,-0.015604281979344048,0.08124395503822884
934,0.11523221476689804,-0.2267041378231141,2.3462187197040194,0.16935288622944283,-0.16874465543281053,2.361617408880159,-0.05412067146254479,-0.057959482390303574,-0.015398689176139513,0.08078037080164943
935,0.09539711244630653,-0.20646929365252287,2.3450593478854036,0.14941658077906955,-0.1489990258141988,2.3604079133688436,-0.054019468332763027,-0.05747026783832407,-0.015348565483439991,0.08035243062137286
936,0.07558548315915056,-0.18621146682769418,2.343899976066788,0.12946533379513178,-0.12919379857188856,2.3593526643079974,-0.05387985063598122,-0.05701766825580562,-0.0154526882412096,0.07995522729481024
937,0.05573150360939906,-0.16586319522813966,2.343207709558767,0.10950114038569836,-0.10933689553270708,2.3584505976018466,-0.0537696367762993,-0.05652629969543259,-0.015242888043079716,0.07949051536005339
938,0.03589161524278703,-0.1455011842603703,2.342515443050746,0.08952599695348055,-0.08943625919312186,2.3577008055788626,-0.05363438171069353,-0.05606492506724843,-0.015185362528116642,0.07906021729918838
939,0.016065827567241668,-0.12512544368253162,2.341823176542725,0.06954190099617216,-0.06949984954232696,2.357102535166389,-0.053476073428930494,-0.055625594140204654,-0.015279358623663697,0.07865974798318173
940,-0.0037692245302198245,-0.10471192695363869,2.3415909998813222,0.04955085090671553,-0.04953564087836742,2.3566551863762744,-0.05332007543693536,-0.05517628607527127,-0.015064186494952114,0.07819451837830674
941,-0.023599536550948118,-0.08429380553881795,2.3413588232199194,0.029554845773460472,-0.029551618618522946,2.356358311098441,-0.05315438232440859,-0.054742186920295005,-0.014999487878521567,0.07776297335958697
942,-0.043425107425970375,-0.06387108053872867,2.3411266465585165,0.009555885180257023,-0.009555776105247387,2.3562116121999095,-0.0529809926062274,-0.05431530443348128,-0.015084965641392944,0.07736080442733825
943,-0.06322641856474051,-0.0434638677940255,2.341351514856093,-0.010444030993501241,0.010443888591061618,2.3562149429274206,-0.05278238757123927,-0.053907756385087116,-0.014863428071327789,0.07689569643501482
944,-0.08303231813802607,-0.023061108252363387,2.341576383153669,-0.030442902772863486,0.030439375871184192,2.3563683066123997,-0.05258941536516258,-0.053500484123547576,-0.014791923458730594,0.07646403997640008
945,-0.10284280514432687,-0.002662802945423183,2.3418012514512454,-0.050438730287320994,0.05042268780681477,2.3566718566776563,-0.05240407485700587,-0.05308549075223795,-0.014870605226410927,0.07606175970765057
946,-0.12259513992043787,0.017666475906246187,2.3424840584481568,-0.07042951397077836,0.07038583133961263,2.3571258969458246,-0.05216562594965951,-0.052719355433366435,-0.01464183849766787,0.07559739679791362
947,-0.14236135106479247,0.037982262987560245,2.343166865445068,-0.09041325476152971,0.09032082147833986,2.3577308822501957,-0.05194809630326276,-0.05233855849077962,-0.014564016805127533,0.07516674796694252
948,-0.16214142936188145,0.058284548826783494,2.3438496724419795,-0.11038795430214902,0.11021968449273731,2.3584874193492102,-0.05175347505973242,-0.05193513566595381,-0.014637746907230742,0.07476592895109052
949,-0.18182915732526134,0.07846446053837841,2.344995291063062,-0.1303516151393278,0.1300744611029139,2.359396268146511,-0.051477542185933534,-0.05161000056453549,-0.014400977083449007,0.07430287779577548
950,-0.2015399908467135,0.09862180438466463,2.3461409096841446,-0.1503022409236186,0.14987720966295232,2.3604583432190505,-0.051237749923094905,-0.05125540527828769,-0.014317433534905888,0.07387430196251997
951,-0.22127390405691455,0.11875655391029986,2.347286528305227,-0.17023783660906852,0.16962000933746174,2.3616747156563527,-0.05103606744784603,-0.05086345542716188,-0.01438818735112557,0.07347646707472442
952,-0.24088102158186422,0.13871613944110692,2.3489039234919766,-0.1901564086527219,0.18929496326980613,2.3630466152146,-0.05072461292914232,-0.050578823828699215,-0.01414269172262328,0.07301520051240742
953,-0.2605203959845235,0.1586439864214248,2.350521318678726,-0.21005596521397318,0.2088942017407418,2.364575432789753,-0.050464430770550295,-0.050250215319317004,-0.014054114111026639,0.07258967582293739
954,-0.2801919758889444,0.178540042720671,2.3521387138654757,-0.22993451635375262,0.22840988531620351,2.366262723214435,-0.050257459535191784,-0.04986984259553251,-0.014124009348959188,0.07219626776727531
955,-0.29970212421787185,0.19820909399112213,2.3542411290030794,-0.24979007423350463,0.2478342079829598,2.3681102083837824,-0.04991204998436721,-0.049625113991837666,-0.013869079380703031,0.07173713149557275
956,-0.31925358190859915,0.21783708339055088,2.356343544140683,-0.269620653313991,0.267159400270935,2.3701197807158785,-0.04963292859460816,-0.049322316880384104,-0.013776236575195444,0.07131551891069887
957,-0.3388462625407939,0.2374239241603434,2.3584459592782867,-0.2894242705538291,0.28637773236087966,2.3722935069527646,-0.04942199198696484,-0.04895380820053624,-0.013847547674477934,0.07092787326496858
958,-0.35824274289437413,0.2567332594193762,2.361051178945129,-0.30919894560779787,0.30548151717619876,2.3746336323082975,-0.04904379728657626,-0.048748257756822566,-0.013582453363168323,0.07047105594479934
959,-0.3776894624274572,0.2759919971156572,2.3636563986119716,-0.32894270102487083,0.3244631134576801,2.3771425849693415,-0.04874676140258638,-0.04847111634202289,-0.013486186357369867,0.07005407260929455
960,-0.3971862891519359,0.295200006536943,2.366261618278814,-0.3486535624459593,0.3433149288198954,2.379822980956867,-0.04853272670597658,-0.04811492228295239,-0.01356136267805308,0.06967339424412486
961,-0.41645207559959335,0.31408174400103217,2.3693923112158277,-0.3683295588013468,0.36202942278805417,2.3826776293535232,-0.04812251679824653,-0.047947678787022,-0.013285318137695512,0.06921890061306045
962,-0.43577688045860036,0.33290307376996264,2.3725230041528413,-0.38796872250779796,0.38059910981409556,2.3857095379040607,-0.0478081579508024,-0.04769603604413292,-0.013186533751219365,0.06880709624264161
963,-0.45516051432209476,0.35166381137154756,2.375653697089855,-0.40756908966530103,0.3990165622707952,2.388921918994649,-0.047591424656793724,-0.04735275089924762,-0.013268221904794153,0.06843443892591163
964,-0.47427826498007547,0.3700516410488426,2.379337844052549,-0.4271287002534774,0.4172744134227364,2.39231819601659,-0.04714956472659809,-0.04722277237389383,-0.012980351964041237,0.06798206544151658
965,-0.4934636292097826,0.3883689134941442,2.3830219910152426,-0.4466455983275678,0.4353653603728932,2.3959020101191086,-0.04681803088221481,-0.04699644687874899,-0.012880019103866047,0.06757580134213023
966,-0.5127163466097353,0.406615380088515,2.3867061379779364,-0.4661178322140288,0.45328216698369495,2.3996772273548608,-0.0465985143957065,-0.046666786895179946,-0.012971089376924372,0.06721205027843716
967,-0.531668413694614,0.4244448339694698,2.390977549221022,-0.4855434547056987,0.47101766677138485,2.4036479462203655,-0.04612495898891533,-0.04657283280191504,-0.01267039699934358,0.06676136275605246
968,-0.5506964645881449,0.4421931733756237,2.3952489604641074,-0.5049205232565162,0.48856476577251795,2.407818505591774,-0.04577594133162877,-0.04637159239689426,-0.012569545127666615,0.06636079302522588
969,-0.5698001521249424,0.4598600744898329,2.399520371707193,-0.5242471001757738,0.5059164453814522,2.4121934930541324,-0.04555305194916859,-0.04605637089161929,-0.012673121346939542,0.06600665001546664
970,-0.5885685914595044,0.4770687955800893,2.4044192978166836,-0.5435212528218883,0.5230657651576994,2.416777753619516,-0.04504733863761601,-0.045996969577610125,-0.012358455802832236,0.06555696270028227
971,-0.6074211094940032,0.4941853653408873,2.4093182239261743,-0.5627410537956501,0.5400058656019979,2.4215763988259873,-0.044680055698353094,-0.04582050026111062,-0.012258174899812957,0.06516201710552534
972,-0.6263572537787703,0.5112093729843258,2.414217150035665,-0.5819045811329816,0.5567299709000376,2.4265948162052435,-0.04445267264578867,-0.045520597915711836,-0.012377666169578472,0.06481798793362137
973,-0.6449238345567864,0.5277373839848654,2.419790986963469,-0.6010099184971187,0.5732313916326847,2.431838679101828,-0.04391391605966766,-0.0454940076478193,-0.01204769213835899,0.0643683434726734
974,-0.6635822508865009,0.5441616516850581,2.425364823891273,-0.620055155370246,0.589503527451662,2.4373139568209106,-0.04352709551625489,-0.04534187576660387,-0.011949132929637507,0.06397871145846455
975,-0.6823319230961156,0.5604816658226918,2.430938660819077,-0.6390383872445473,0.605539869719601,2.4430269250746033,-0.043293535851568254,-0.04505820389690929,-0.012088264255526227,0.06364509500077685
976,-0.7006781391103215,0.5762716386276665,2.437242744199423,-0.6579577158126543,0.6213340041134094,2.4489841766885143,-0.04272042329766723,-0.04506236548574294,-0.01174143248909143,0.06319424488668599
977,-0.7191235312187808,0.5919456423659248,2.4435468275797687,-0.6768112491574763,0.6368796131899154,2.455192632520491,-0.04231228206130455,-0.04493397082399053,-0.011645804940722204,0.0628093601301906
978,-0.7376673663769745,0.6075030541316231,2.4498509109601145,-0.69559710194139,0.6521704789127604,2.4616595525321086,-0.04207026443558448,-0.04466742478113728,-0.011808641571994016,0.06248623850124431
979,-0.7557744505704983,0.6225005817038199,2.456949384435121,-0.7143133955947752,0.6672004851395333,2.4683925469401653,-0.041461054975723055,-0.044699903435713395,-0.011443162505044402,0.06203262379570032
980,-0.7739875372307211,0.6373691998500156,2.4640478579101273,-0.7329582585038568,0.6819636200681355,2.4753995873599552,-0.04102927872686435,-0.04459442021811988,-0.011351729449827985,0.061651648712253225
981,-0.7923057086345542,0.6521081593685826,2.4711463313851336,-0.7515298261978846,0.6964539786414377,2.4826890178342347,-0.04077588243666963,-0.04434581927285508,-0.011542686449101058,0.061338877442712374
982,-0.8101546538504176,0.6662620319300406,2.4791130562675234,-0.7700262415355653,0.7106657649092125,2.490269565621063,-0.04012841231485231,-0.044403732979171884,-0.011156509353539512,0.06088061003597124
983,-0.8281157914604872,0.6802732591980937,2.4870797811499132,-0.7884456548907789,0.7245932943464408,2.4981503515899917,-0.0396701365697083,-0.04432003514834715,-0.01107057044007842,0.060502419628298935
984,-0.8461879815006416,0.69414095190299,2.495046506032303,-0.8067862243375392,0.7382309961270456,2.5063409000487984,-0.03940175716310235,-0.0440900442240556,-0.011294394016495346,0.060199616306244944
985,-0.8637595718165005,0.7074034396645426,2.503965951613386,-0.8250461158341854,0.7515734153521484,2.514851147791886,-0.038713455982315126,-0.044169975687605834,-0.010885196178500145,0.05973446176356472
986,-0.8814487556391528,0.7205086731055057,2.5128853971944687,-0.8432235034067843,0.7646152152319554,2.523691452126122,-0.0382252522323685,-0.04410654212644971,-0.010806054931653097,0.059357626214045826
987,-0.899254125688208,0.7334556096261631,2.5218048427755515,-0.8613165693317297,0.7773511792204058,2.5328725975898596,-0.03793755635647822,-0.04389556959424268,-0.011067754814308106,0.059064155025985124
988,-0.9165289849204219,0.7457827543200517,2.531772852982018,-0.8793235043175001,0.7897762131017095,2.542405801035813,-0.03720548060292184,-0.043993458781657835,-0.010632948053794777,0.05858951942781677
989,-0.9339258610033985,0.7579370934773416,2.5417408631884846,-0.8972425076856059,0.8018853470279821,2.5523027146979134,-0.0366833533177926,-0.04394825355064047,-0.010561851509428788,0.05821228485548915
990,-0.9514430253764886,0.7699174194379745,2.551708873394951,-0.9150717875506427,0.8136737375071053,2.5625754268059584,-0.03637123782584595,-0.04375631806913072,-0.010866553411007285,0.05792723275787871
991,-0.9684016924502978,0.7812693364308406,2.562833139826788,-0.9328095609994818,0.8251366693400644,2.5732364592495207,-0.03559213145081608,-0.04386733290922373,-0.01040331942273287,0.05744015818912972
992,-0.9854855893679179,0.7924319021950974,2.5739574062586246,-0.9504540542695596,0.836269557506963,2.584298761724097,-0.03503153509835821,-0.043837655311865564,-0.010341355465472546,0.057060425054959917
993,-1.0026926020308031,0.8034037353852497,2.5850816726904613,-0.9680035029262528,0.8470679490009707,2.5957757017178724,-0.034689099104550314,-0.04366421361572104,-0.010694029027411123,0.056782562501209326
994,-1.0193023719684515,0.8137366681344717,2.5974780362499734,-0.9854561520393205,0.8575275246094671,2.6076810496170584,-0.03384621992913106,-0.043790856474995477,-0.010203013367084957,0.056278834352478165
995,-1.036038953222591,0.8238629114904815,2.6098743998094855,-1.0028102563583978,0.8676441006416691,2.620028958122165,-0.033228696864193275,-0.04378118915118756,-0.01015455831267964,0.055893236382500905
996,-1.0528997739185695,0.8337809093751164,2.6222707633689977,-1.0200640804875087,0.8774136306020465,2.632833935077795,-0.03283569343106074,-0.04363272122693007,-0.010563171708797281,0.0556199399614485
997,-1.0690898459601055,0.8430361545672858,2.63605947076462,-1.0372158990586215,0.8868322068088755,2.646110808726245,-0.03187394690148393,-0.04379605224158978,-0.010051337961624718,0.05509148825222891
998,-1.0854059927532655,0.8520672868385655,2.6498481781602425,-1.054263996904172,0.8958960619572528,2.659874684302496,-0.031141995849093496,-0.043828775118687324,-0.01002650614225331,0.05469292695852056
