timestep,px,py,theta,px_ref,py_ref,theta_ref,error_px,error_py,error_theta,error_norm
0,0.0,0.0,0.7853981633974483,0.0,0.0,0.7853981633974483,0.0,0.0,0.0,0.0
1,0.00024242130174782049,0.00024242130174782049,0.7853044444222619,0.01999966666833333,0.01999866669333308,0.7853231571470295,-0.019757245366585508,-0.01975624539158526,-1.87127247676111e-05,0.027940263538736826
2,0.00048486532190694783,0.000484819882955088,0.7852107254470755,0.03999733338666616,0.03998933418663416,0.7850980633706443,-0.039512468064759214,-0.03950451430367907,0.00011266207643123582,0.05587355792932527
3,0.0007273320583479365,0.0007271957414927562,0.7851170064718891,0.05999100040499132,0.0599640064794446,0.7847226568420766,-0.059263668346643386,-0.059236810737951846,0.0003943496298124405,0.08379342243837162
4,0.0009698215089411416,0.0009695488752319782,0.7850232874967027,0.07997866837326832,0.07991469396917268,0.7841965616812204,-0.07900884686432719,-0.0789451450939407,0.0008267258154822654,0.1116934075597483
5,0.0012123336715567183,0.0012118792820441067,0.7849295685215163,0.09995833854135666,0.09983341664682815,0.7835192505983565,-0.09874600486979994,-0.09862153736478405,0.0014103179231598206,0.13956708102767082
6,0.014320801767344089,0.01430806800902,0.7838626521998133,0.11992801295888919,0.11971220728891936,0.7826900438339384,-0.1056072111915451,-0.10540413927989936,0.0011726083658749609,0.14921223355801547
7,0.027443234937233208,0.027390263646321855,0.7827957358781104,0.13988569467506554,0.1395431146442365,0.7817081077917023,-0.11244245973783233,-0.11215285099791464,0.0010876280864080545,0.15881672353284723
8,0.04057961824382285,0.04045845130235125,0.7817288195564074,0.1598293879383454,0.15931820661424598,0.7805724533623122,-0.11924976969452254,-0.11885975531189473,0.0011563661940952041,0.16837305659687657
9,0.053729936733832195,0.05351261610145518,0.7806619032347044,0.17975709839602208,0.17902957342582415,0.7792819339341677,-0.12602716166218988,-0.12551695732436896,0.001379969300536743,0.1778742712363585
10,0.06689417543811788,0.06655274318394301,0.7795949869130014,0.1996668332936563,0.19866933079506124,0.7778352430874435,-0.13277265785553843,-0.13211658761111822,0.0017597438255579911,0.18731382248612014
11,0.08691906568017686,0.0863465558715251,0.777801056377854,0.21955660167434962,0.21822962308086932,0.7762309119668949,-0.13263753599417277,-0.13188306720934423,0.0015701444109591511,0.18705166325007952
12,0.10697943240626774,0.10610441346622246,0.7760071258427066,0.23942441457783872,0.23770262642713458,0.7744673063284713,-0.13244498217157097,-0.13159821296091212,0.0015398195142353188,0.18671404339542794
13,0.12707521105840114,0.12582625238357634,0.7742131953075592,0.2592682852393897,0.2570805518921551,0.7725426232543283,-0.13219307418098858,-0.13125429950857878,0.0016705720532308455,0.18629409763031435
14,0.14720633696462548,0.14551200915504278,0.7724192647724117,0.279086229288473,0.27635564856411376,0.7704548875304338,-0.1318798923238475,-0.13084363940907098,0.001964377241977955,0.18578542125556946
15,0.16737274533923524,0.16516162042819688,0.7706253342372643,0.29887626494719843,0.29552020666133955,0.7682019476806334,-0.1315035196079632,-0.13035858623314267,0.00242338655663088,0.18518209815311118
16,0.1906303936464505,0.1877420612117327,0.7680216646800493,0.31863641322849195,0.31456656061611776,0.765781471650788,-0.12800601958204144,-0.12682449940438506,0.0022401930292612615,0.18020824943164837
17,0.21394675506063524,0.21026187029538168,0.7654179951228343,0.33836469813399206,0.33348709214081446,0.7631909421364422,-0.12441794307335682,-0.12322522184543278,0.0022270529863920308,0.17512635330659226
18,0.23732167151804584,0.2327208950153012,0.7628143255656192,0.35805914685164836,0.35227423327509,0.760427651547437,-0.12073747533360252,-0.11955333825978881,0.0023866740181822665,0.1699300881299743
19,0.26075498455798873,0.2551189831197114,0.7602106560084042,0.37771778995300115,0.3709204694129827,0.7574886966029721,-0.11696280539501241,-0.1158014862932713,0.002721959405432073,0.16461376350903065
20,0.2842465353238946,0.27745598276992733,0.7576069864511892,0.39733866159012243,0.38941834230865047,0.7543709725508718,-0.11309212626622783,-0.11196235953872313,0.0032360139003173582,0.1591724560433047
21,0.30801599452535827,0.29993968124611153,0.7541246385970047,0.4169197996921991,0.40776045305957015,0.7510711670052485,-0.10890380516684084,-0.10782077181345862,0.003053471591756285,0.15327974850915174
22,0.33186360550476024,0.3223404700374269,0.7506422907428203,0.43645924616173865,0.4259394650659996,0.7475857533974175,-0.1045956406569784,-0.10359899502857273,0.0030565373454027878,0.1472492520725244
23,0.35578907906845797,0.34465807749545907,0.7471599428886359,0.4559550470703768,0.44394810696551984,0.7439109840358401,-0.10016596800191885,-0.09929002947006077,0.003248958852795747,0.14107546502334886
24,0.37979212507859,0.36689223298051177,0.7436775950344514,0.47540525285426916,0.46177917554148284,0.7400428827720981,-0.09561312777567915,-0.09488694256097108,0.0036347122623533457,0.13475389866288648
25,0.4038724524565944,0.3890426668648885,0.740195247180267,0.4948079185090459,0.479425538604203,0.7359772372714972,-0.09093546605245145,-0.09038287173931453,0.004218009908769749,0.1282813864035325
26,0.41034805448539746,0.3949577901793857,0.7371546536207588,0.5141611037843102,0.49688013784373675,0.7317095908888981,-0.10381304929891277,-0.10192234766435104,0.005445062731860739,0.14558489916988382
27,0.4168416120382164,0.4008531965071442,0.7341140600612507,0.5334628733776623,0.5141359916531132,0.7272352341528829,-0.11662126133944589,-0.113282795145969,0.006878825908367747,0.16272931056931492
28,0.42335306508079945,0.4067288313439412,0.7310734665017425,0.5527112971282275,0.5311861979208834,0.7225491958644261,-0.12935823204742808,-0.12445736657694217,0.008524270637316422,0.1797104657041482
29,0.42988235341344744,0.41258464036834536,0.7280328729422344,0.5719044502096711,0.5480239367918736,0.7176462338199793,-0.14202209679622363,-0.1354392964235282,0.010386639122255126,0.19652470904787575
30,0.4364294166715704,0.41842056944221895,0.7249922793827263,0.5910404133226791,0.5646424733950353,0.712520825173375,-0.15461099665110867,-0.1462219039528163,0.012471454209351251,0.21316881256678175
31,0.4166502830240816,0.40089745566869045,0.7259356775531653,0.610117272886887,0.5810351605373051,0.7071671564563529,-0.19346698986280542,-0.18013770486861463,0.018768521096812485,0.2650119360822611
32,0.39688768944932984,0.38335569009721987,0.7268790757236044,0.6291331212322355,0.597195441362392,0.7015791132839158,-0.2322454317829057,-0.21383975126517213,0.025299962439688684,0.3167103849017721
33,0.3771416535360243,0.3657952883399793,0.7278224738940435,0.6480860567897367,0.6131168519734339,0.6957502697783335,-0.27094440325371244,-0.2473215636334546,0.03207220411570999,0.3682491707654575
34,0.35741219285813774,0.3482162660257271,0.7287658720644826,0.6669741842816288,0.6287930240184685,0.6896738777545541,-0.30956199142349106,-0.2805767579927414,0.03909199430992849,0.4196190268313896
35,0.337699324974891,0.3306186387997938,0.7297092702349217,0.6857956149109028,0.6442176872376911,0.6833428557202919,-0.34809628993601177,-0.3135990484378973,0.04636641451462986,0.4708133755994121
36,0.3095378256050184,0.3054311600075125,0.7777092702349218,0.7045484665501799,0.6593846719714731,0.6767497777563413,-0.3950106409451615,-0.3539535119639606,0.10095949247858049,0.5399160251493387
37,0.2826172968339249,0.2789214586633691,0.8257092702349218,0.723230863929924,0.6742879116281452,0.6698868623569647,-0.4406135670959991,-0.39536645296477607,0.1558224078779571,0.6121564917861227
38,0.25699975165203315,0.25115060139311746,0.8737092702349218,0.7418409388259654,0.6889214451105513,0.6627459613267954,-0.4848411871739322,-0.43777084371743386,0.21096330890812642,0.6864545185915578
39,0.23274420155193032,0.22218255996791308,0.9217092702349219,0.7603768302463229,0.7032794192004101,0.6553185488498808,-0.5276326286943925,-0.48109685923249706,0.26639072138504105,0.7621117997160065
40,0.20990652059199189,0.19208406394164926,0.9697092702349219,0.778836684617301,0.7173560908995228,0.6475957108685986,-0.5689301640253092,-0.5252720269578736,0.32211355936632335,0.8386592746580342
41,0.23139701766437118,0.22342347835596377,1.023709270234922,0.7972186559688459,0.731145829726896,0.6395681349355568,-0.5658216383044747,-0.5077223513709322,0.3841411352993652,0.8517631855652564
42,0.25116468317854396,0.2558771339338778,1.077709270234922,0.8155209061191403,0.7446431199708592,0.6312261007306176,-0.5643562229405963,-0.4887659860369814,0.44648316950430444,0.8699065214889978
43,0.26915188862764,0.2893504188097619,1.131709270234922,0.8337416048584215,0.757842562895277,0.6225594714682599,-0.5645897162307816,-0.46849214408551504,0.5091497987666622,0.8930173314821668
44,0.2853061960648489,0.3237457486013808,1.1857092702349221,0.8518789301319992,0.7707388788989693,0.6135576864580234,-0.5665727340671503,-0.4469931302975885,0.5721515837768987,0.9209587158716596
45,0.2995805109753196,0.358962850896811,1.2397092702349222,0.8699310682224605,0.7833269096274834,0.6042097551231719,-0.5703505572471408,-0.4243640587306724,0.6354995151117503,0.9535429965144536
46,0.3104022541100837,0.39044520919463765,1.223648772790983,0.8878962139310396,0.795601620036366,0.5945042528303504,-0.5774939598209559,-0.4051564108417284,0.6291445199606327,0.9452374399442365
47,0.3217282021955012,0.4217497122003392,1.207588275347044,0.9057725707581367,0.8075581004051143,0.5844293189362826,-0.5840443685626355,-0.38580838820477514,0.6231589564107614,0.9371675526894021
48,0.3335554338840959,0.4528682854171795,1.1915277779031048,0.9235583510829657,0.8191915683009982,0.5739726575167142,-0.5900029171988698,-0.36632328288381866,0.6175551203863906,0.9293387523402885
49,0.3458808985302898,0.4837929023060428,1.1754672804591657,0.941251776342316,0.8304973704919704,0.5631215413080933,-0.5953708778120262,-0.34670446818592754,0.6123457391510724,0.9217579805259202
50,0.3587014169772683,0.5145155863557517,1.1594067830152266,0.958851077208406,0.8414709848078965,0.5518628194639037,-0.6001496602311377,-0.32695539845214483,0.6075439635513229,0.9144337673665611
51,0.37174338134079793,0.5444088605362082,1.1416514537208107,0.976354493765815,0.852108021949363,0.540182929805001,-0.6046111124250171,-0.3076991614131548,0.6014685239158096,0.906640919252842
52,0.38531402704727136,0.5740658706821569,1.1238961244263947,0.9937602756874735,0.8624042272433384,0.5280679163262988,-0.6084462486402021,-0.28833835656118156,0.595828208100096,0.8990868138931352
53,0.399409076039701,0.6034772676158038,1.1061407951319788,1.0110666824096939,0.8723554823449863,0.5155034528098956,-0.6116576063699929,-0.2688782147291825,0.5906373423220832,0.8917807981401681
54,0.4140240849464053,0.6326337795873082,1.088385465837563,1.0282719833062262,0.8819578068849474,0.5024748734859666,-0.6142478983598209,-0.24932402729763925,0.5859105923515963,0.884733956315213
55,0.42915444648175244,0.6615262151976408,1.070630136543147,1.0453744578613184,0.8912073600614354,0.4889672117755554,-0.616220011379566,-0.22968114486379465,0.5816629247675915,0.8779591612254892
56,0.4443271737090004,0.6892887389169965,1.0508115437610663,1.0623723958417668,0.900100442176505,0.4749652482411506,-0.6180452221327664,-0.2108117032595085,0.5758462955199157,0.870643685382445
57,0.4600470994218827,0.7167451281617919,1.0309929509789857,1.0792640974679386,0.9086334961158833,0.4604535689580829,-0.6192169980460559,-0.19188836795409137,0.5705393820209028,0.8635774562030019
58,0.4763080494032081,0.743884599057244,1.011174358196905,1.0960478735837471,0.916803108771767,0.44541663559766037,-0.619739824180539,-0.17291850971452294,0.5657577225992447,0.8567730512556408
59,0.49310363694105713,0.7706964922026135,0.9913557654148243,1.1127220458255676,0.9246060124080204,0.4298388685756445,-0.6196184088845105,-0.15390952020540694,0.5615168968391797,0.8502448697136213
60,0.5104272653372515,0.797170276857831,0.9715371726327435,1.1292849467900707,0.9320390859672264,0.4137047446598081,-0.6188576814528193,-0.13486880910939536,0.5578324279729354,0.8440091488022661
61,0.5275764607312415,0.822277079117414,0.9492530141320822,1.1457349202009626,0.9390993563190677,0.3969989104388761,-0.618158459469721,-0.11682227720165372,0.552254103693206,0.837109264379833
62,0.5452808359528533,0.8469955240599144,0.9269688556314208,1.1620703210746102,0.945783999449539,0.37970631302149005,-0.6167894851217569,-0.09878847538962454,0.5472625426099308,0.8304725897767214
63,0.5635315996613895,0.8713133374159343,0.9046846971307595,1.178289515884539,0.9520903415905158,0.36181234924553096,-0.6147579162231495,-0.08077700417458145,0.5428723478852285,0.8241132240541161
64,0.5823196891997536,0.8952184438549665,0.8824005386300982,1.1943908827247842,0.958015860289225,0.3433030345211741,-0.6120711935250306,-0.06279741643425851,0.5390975041089241,0.81804693043275
65,0.601635775094631,0.9186989729815591,0.8601163801294368,1.210372811472079,0.963558185417193,0.3241651921901698,-0.6087370363774481,-0.044859212435633844,0.535951187939267,0.812291083449434
66,0.6205351350030488,0.9406568030028042,0.8349783400028435,1.2262337039468676,0.9687151001182652,0.30438666394296926,-0.6056985689438188,-0.02805829711546104,0.5305916760598743,0.8057205167808725
67,0.6399804424538388,0.9621326527492997,0.8098402998762503,1.2419719740731194,0.9734845416953194,0.283956541378582,-0.6019915316192807,-0.011351888946019684,0.5258837584976683,0.7994225396970016
68,0.6599594101947456,0.9831129518939165,0.784702259749657,1.2575860480369372,0.9778646024353163,0.26286541820488024,-0.5976266378421916,0.005248349458600199,0.5218368415447767,0.7934096247361951
69,0.6804594137600949,1.0035844432418974,0.7595642196230638,1.273074364443936,0.9818535303723597,0.24110566184802507,-0.5926149506838411,0.021730912869537766,0.5184585577750387,0.7876953652766581
70,0.7014674994480397,1.0235341911079174,0.7344261794964705,1.2884353744753823,0.9854497299884603,0.2186717023624417,-0.5869678750273426,0.03808446111945718,0.5157544771340288,0.7822943136548219
71,0.7218111488855562,1.0419028849070577,0.7061572678714528,1.3036675420430732,0.9886517628517197,0.19556033550876473,-0.581856393157517,0.053251122055337996,0.5105969323626881,0.7759521709465185
72,0.7426658640647607,1.0596892234599302,0.6778883562464352,1.3187693439429462,0.9914583481916864,0.1717710357084244,-0.5761034798781856,0.06823087526824378,0.5061173205380107,0.7698736350961768
73,0.7640149804384643,1.0768789940920591,0.6496194446214175,1.3337392700073958,0.9938683634116449,0.14730627331565815,-0.5697242895689315,0.08301063068041425,0.5023131713057594,0.7640648225105203
74,0.7858414383942873,1.0934584608333577,0.6213505329963999,1.34857582325629,0.99588084453764,0.12217182931261213,-0.5627343848620028,0.0975776162957177,0.49917870368378775,0.7585319751463334
75,0.8081277968866224,1.1094143753942427,0.5930816213713822,1.3632775200466682,0.9974949866040543,0.0963770991912814,-0.5551497231600458,0.11191938879018837,0.4967045221801008,0.7532811872508215
76,0.8295258761226261,1.1238372802591423,0.5616728534753445,1.3778428902211026,0.998710143975583,0.06993537651704462,-0.5483170140984766,0.12512713628355931,0.49173747695829984,0.7470703410186406
77,0.8513663327016971,1.1375810947278386,0.5302640855793067,1.3922704772547134,0.9995258306054791,0.0428641055705861,-0.5409041445530163,0.13805526412235958,0.4873999800087206,0.7410771147856517
78,0.8736276225509201,1.1506322614948798,0.4988553176832689,1.4065588384008205,0.9999417202299663,0.015185091651111312,-0.5329312158499004,0.15069054126491355,0.4836702260321576,0.7352959999918156
79,0.8962877864749836,1.1629779065030115,0.4674465497872311,1.4207065448352156,0.99995764649874,-0.013075342784616575,-0.524418758360232,0.1630202600042715,0.4805218925718477,0.7297204454671515
80,0.9193244718173812,1.1746058516425277,0.4360377818911933,1.4347121817990456,0.9995736030415051,-0.041886267855577024,-0.5153877099816644,0.17503224860102262,0.47792404974677033,0.7243425826063437
81,0.9537688976413206,1.1906552019780898,0.3795126231002239,1.4485743487402851,0.998789743470524,-0.07121213282096248,-0.49480545109896457,0.19186545850756587,0.4507247559211863,0.6962740798031917
82,0.9890650205925616,1.2047329795422275,0.32298746430925446,1.4622916594537918,0.9976063813191736,-0.10101283897581732,-0.4732266388612302,0.2071265982230539,0.42400030328507177,0.6682971918279954
83,1.025100096279263,1.216794216493228,0.26646230551828504,1.4758627422199255,0.9960239899165367,-0.13124390617594112,-0.4507626459406626,0.2207702265766912,0.39770621169422615,0.6403879189509459
84,1.0617590199150182,1.2268003863100119,0.20993714672731562,1.4892862399417186,0.994043202198076,-0.16185673736972372,-0.4275272200267004,0.2327571841119359,0.37179388409703934,0.6125243855320692
85,1.0989246939915096,1.234719526855202,0.1534119879363462,1.5025608102805854,0.9916648104524687,-0.19279898196781758,-0.4036361162890758,0.24305471640273335,0.3462109699041638,0.5846877330853824
86,1.1364784008010576,1.2405263422356423,0.09662736389734768,1.515685125790554,0.9888897660047016,-0.22401499487154508,-0.37920672498949637,0.2516365762309407,0.32064235876889274,0.5567137765597048
87,1.174301138686292,1.2441924708292482,0.03984273985834916,1.5286578740510102,0.9857191788355535,-0.25544638373627454,-0.3543567353647181,0.25847329199369473,0.29528912359462367,0.5287464468775933
88,1.2122709812415775,1.2457060944042628,-0.01694188418064936,1.5414777577979386,0.9821543171376185,-0.28703263284555847,-0.3292067765563611,0.26355177726664436,0.2700907486649091,0.5007850372619054
89,1.2502655278506665,1.2450623336025985,-0.07372650821964788,1.5541434950536477,0.9781966068080447,-0.3187117881210078,-0.3038779672029812,0.2668657267945539,0.24498527990135993,0.47283921417047176
90,1.2881622982606526,1.2422632636690691,-0.1305111322586464,1.5666538192549668,0.9738476308781951,-0.3504211845928371,-0.2784915209943142,0.268415632790874,0.2199100523341907,0.44493247837158206
91,1.325839127412642,1.2373179077615737,-0.18751113225864657,1.579007479379901,0.9691091288804564,-0.38209819537047346,-0.25316835196725895,0.26820877888111727,0.19458706311182689,0.41700634124339647
92,1.3631730344547672,1.230234166873459,-0.24451113225864674,1.591203240072732,0.9639829961524481,-0.41368097997668896,-0.22803020561796483,0.266251170721011,0.16916984771804222,0.3892375854942915
93,1.4000427543608887,1.221035049848214,-0.3015111322586469,1.6032398817675544,0.9584712830789142,-0.44510920994479974,-0.20319712740666573,0.26256376676929993,0.14359807768615285,0.3617308559157796
94,1.4363285298405857,1.2097504365257727,-0.35851113225864706,1.6151162008102287,0.9525761942715953,-0.4763247508234524,-0.178787670969643,0.2571742422541774,0.11781361856480532,0.3346396134486966
95,1.4719125003252582,1.1964169806891956,-0.4155111322586472,1.6268310095787475,0.9463000876874145,-0.5072722820789922,-0.15491850925348927,0.2501168930017811,0.091761149820345,0.30818551765217594
96,1.5066362635967028,1.1810968836870397,-0.4575145902069812,1.6383831366019965,0.9396454736853249,-0.5378998396315425,-0.13174687300529375,0.24145141000171477,0.08038524942456132,0.2865620530767082
97,1.540686092121363,1.164332209955409,-0.4995180481553152,1.6497714266769001,0.9326150140222006,-0.5681592696408527,-0.10908533455553715,0.2317171959332084,0.06864122148553753,0.26514917762133255
98,1.5740019209427216,1.146152532900172,-0.5415215061036492,1.660994740983941,0.9252115207881683,-0.5980065863693985,-0.08699282004121933,0.2209410121120038,0.05648508026574928,0.24407631155937423
99,1.606524979902567,1.1265899220370688,-0.5835249640519833,1.672051957201041,0.9174379552818098,-0.6274022311885141,-0.06552697729847412,0.20915196675525893,0.04387726713653084,0.22352526596078165
100,1.638197897313379,1.1056788864200875,-0.6255284220003173,1.682941969615793,0.9092974268256818,-0.6563112337819401,-0.04474407230241395,0.19638145959440567,0.030782811781622788,0.20375301514288235
101,1.6602514245552449,1.089749883170846,-0.6543775223340361,1.6936636892360304,0.9007931915226274,-0.6847032801150899,-0.03341226468078551,0.1889566916482187,0.03032575778105373,0.1942695610092688
102,1.6818363015101638,1.0731913719103772,-0.6832266226677549,1.704216043898726,0.8919286509533796,-0.7125526946185239,-0.022379742388562107,0.18126272095699758,0.029326071950768973,0.18497849976193032
103,1.7029345649657621,1.05601713284484,-0.7120757230014737,1.7145979783772067,0.8827073508159741,-0.7398383461925445,-0.011663413411444612,0.17330978202886593,0.027762623191070812,0.17590644958542218
104,1.723528656675683,1.0382414585969968,-0.7409248233351925,1.7248084544866769,0.8731329795075166,-0.7665434890556865,-0.0012797978109939656,0.16510847908948023,0.025618665720493983,0.16708908935946945
105,1.7436014379717837,1.0198791423117084,-0.7697739236689113,1.734846451188034,0.8632093666488738,-0.7926555501696838,0.008754986783749752,0.15666977566283458,0.022881626500772523,0.1585737595920189
106,1.759385632160576,1.004580631282448,-0.7948315351704496,1.7447109646899726,0.8529404815528762,-0.8181658750569212,0.01467466747060353,0.15164014972957174,0.0233343398864716,0.15412518383871307
107,1.7747815672567402,0.9888914500285833,-0.8198891466719879,1.7544010085493633,0.8423304316366457,-0.8430694433909002,0.020380558707376872,0.14656101839193758,0.023180296718912308,0.14977591742761423
108,1.7897795769063882,0.9728214490189075,-0.8449467581735262,1.763915613769895,0.8313834607786832,-0.8673645649064725,0.025863963136493195,0.14143798824022435,0.022417806732946355,0.1455204699184395
109,1.8043702445935388,0.9563807178202944,-0.8700043696750644,1.7732538288989745,0.8201039476213741,-0.8910525650657036,0.031116415694564248,0.13627677019892037,0.02104819539063918,0.14135988098017344
110,1.818544409552286,0.9395795787629526,-0.8950619811766027,1.7824147201228708,0.8084964038195901,-0.914137468639516,0.03612968942941519,0.13108317494336252,0.01907548746291321,0.1373026854560607
111,1.830865873000058,0.9242090760341467,-0.9169857877753306,1.7913973713600952,0.7965654722360865,-0.9366256880218409,0.03946850163996274,0.12764360379806017,0.0196399002465103,0.13504213377295538
112,1.842847422455714,0.9085721553567027,-0.9389095943740584,1.8002008843530102,0.7843159250844199,-0.9585257217604746,0.04264653810270391,0.12425623027228272,0.01961612738641616,0.13282744606166313
113,1.8544832991786886,0.892676332367038,-0.9608334009727862,1.808824378757652,0.7717526620201257,-0.9798478675264842,0.0456589204210367,0.12092367034691232,0.019014466553697984,0.13064769803752757
114,1.8657679105704992,0.8765292471388357,-0.9827572075715141,1.8172669922317666,0.7588807081809217,-1.0006039525927415,0.0485009183387326,0.11764853895791405,0.017846745021227406,0.1284991210339002
115,1.87669583286274,0.8601386605109643,-1.004681014170242,1.8255278805210422,0.7457052121767199,-1.0208070838766747,0.05116795234169791,0.1144334483342444,0.01612606970643271,0.12638521894859847
116,1.8868162009758829,0.844213648977103,-1.0237929999517548,1.8336062175435337,0.7322314440302513,-1.0404714187339885,0.05320998343234917,0.11198220494685174,0.01667841878223375,0.12509790651607702
117,1.896630380756372,0.828098137246619,-1.0429049857332675,1.8415011954722713,0.7184647930691263,-1.0596119569697484,0.05512918528410071,0.10963334417749271,0.016706971236480905,0.12384595315764613
118,1.9061347875074992,0.8117980116210828,-1.0620169715147803,1.8492120248160406,0.7044107657701763,-1.078244353954232,0.05692276269145857,0.10738724585090653,0.016227382439451654,0.1226195311714548
119,1.9153259496792867,0.7953192258335607,-1.081128957296293,1.8567379344983332,0.6900749835569364,-1.0963847542815959,0.05858801518095347,0.10524424227662432,0.015255796985302883,0.12141517778630977
120,1.9242005101364952,0.778667798873973,-1.1002409430778057,1.8640781719344526,0.675463180551151,-1.1140496450750117,0.0601223382020426,0.10320461832282202,0.013808701997205963,0.12023547332167742
121,1.932701293245621,0.7619558436010431,-1.1169530157357623,1.871232003106772,0.6605812012792008,-1.1312557278065778,0.06146929013884894,0.10137464232184223,0.01430271207081546,0.11941465282215616
122,1.9409216108659313,0.7451041629509114,-1.133665088393719,1.8781987126381352,0.6454349983343708,-1.1480198073479873,0.06272289822779609,0.09966916461654063,0.01435471895426832,0.11863457461343034
123,1.9488591671706297,0.7281174633767578,-1.1503771610516755,1.884977603863395,0.6300306299958922,-1.16435869688339,0.06388156330723471,0.09808683338086555,0.013981535831714575,0.11788708308154644
124,1.956511745304443,0.7110004890407751,-1.1670892337096321,1.891567998899078,0.6143742578057116,-1.1802891372852227,0.06494374640536504,0.09662623123506342,0.013199903575590533,0.1171689217081953
125,1.9638772080027598,0.6937580204891868,-1.1838013063675887,1.8979692387111724,0.5984721441039565,-1.1958277295646969,0.06590796929158738,0.09528587638523023,0.012026423197108116,0.11648130111549296
126,1.9710368429212337,0.6761903697111513,-1.198545837861908,1.9041806831810315,0.5823306495240819,-1.2109908790505335,0.0668561597402022,0.09385972018706945,0.012445041188625439,0.11590630793442172
127,1.9779366822023392,0.6585190668752041,-1.2132903693562274,1.9102017111693845,0.5659562304487028,-1.2257947500135267,0.06773497103295467,0.09256283642650132,0.012504380657299308,0.1153787871481456
128,1.9845752258398504,0.6407479536743463,-1.2280349008505467,1.9160317205784498,0.5493554364271267,-1.2402552295333436,0.06854350526140052,0.09139251724721964,0.012220328682796877,0.11489186548846078
129,1.9909510306325011,0.62288089350008,-1.242779432344866,1.9216701284121454,0.532534907555621,-1.2543878994917435,0.06928090222035577,0.09034598594445897,0.011608467146877466,0.11444211243350504
130,1.9970627104977328,0.6049217706025172,-1.2575239638391853,1.927116370834386,0.5155013718214642,-1.2682080156685605,0.06994633966334685,0.08942039878105301,0.010684051829375152,0.11402915028165214
131,2.0030215978509704,0.5865267048674728,-1.2707043444113804,1.932369903225468,0.4982616424118385,-1.2817304930098559,0.07065169462550247,0.08826506245563431,0.011026148598475505,0.11359559479428744
132,2.008737520668349,0.5680546987979916,-1.2838847249835754,1.9374302002365305,0.4808226149886482,-1.2949698962289915,0.07130732043181842,0.08723208380934344,0.011085171245416081,0.11321241722720413
133,2.0142094859802304,0.5495089613494364,-1.2970651055557705,1.9422967558420892,0.4631912649303451,-1.3079404349891695,0.07191273013814126,0.08631769641909126,0.010875329433398973,0.11287363846932766
134,2.019436543197255,0.530892714285779,-1.3102454861279655,1.9469690833906388,0.44537464454187115,-1.3206559629989763,0.07246745980661617,0.08551806974390785,0.01041047687101071,0.11257553469661723
135,2.024417784275476,0.5122091916199157,-1.3234258667001606,1.9514467156533182,0.4273798802338298,-1.333129980429876,0.07297106862215763,0.08482931138608596,0.009704113729715358,0.11231633340425791
136,2.0292506105014305,0.49307253026083153,-1.335399751012215,1.9557292048706325,0.40921416967201735,-1.3453756391359823,0.07352140563079801,0.08385836058881418,0.009975888123767263,0.11196937112634796
137,2.0338539555871207,0.47387937441494227,-1.3473736353242696,1.9598161227972284,0.3908847788984522,-1.3574057502217107,0.07403783278989229,0.08299459551649008,0.010032114897441158,0.11167070743254609
138,2.0382271595408685,0.45463247584708294,-1.359347519636324,1.9637070607447196,0.3723990394250553,-1.3692327935620554,0.07452009879614896,0.08223343642202763,0.009885273925731353,0.11141499823161245
139,2.042369595366835,0.43533459402730046,-1.3713214039483785,1.9674016296225532,0.3537643453011427,-1.380868928933525,0.07496796574428166,0.08157024872615776,0.009547524985146438,0.11119827605869179
140,2.046280669154913,0.4159884957352223,-1.383295288260433,1.9708994599769205,0.3349881501559047,-1.3923260084614568,0.07538120917799263,0.08100034557931757,0.0090307202010238,0.11101773096426684
141,2.0500290947563555,0.3962318320950303,-1.394375019288397,1.9742002020277007,0.3160779642170538,-1.4036155901318894,0.07582889272865478,0.08015386787797651,0.00924057084349239,0.11072511755589855
142,2.053558396240473,0.376434850413081,-1.405454750316361,1.9773035257034395,0.29704135130683235,-1.4147489521538088,0.07625487053703361,0.07939349910624866,0.00929420183744778,0.11047404748966556
143,2.0568681403530964,0.35659998095068757,-1.416534481344325,1.9802091206743555,0.2778859258165868,-1.4257371079907708,0.07665901967874089,0.07871405513410079,0.009202626646445777,0.11025967581556603
144,2.059957920792739,0.3367296586202363,-1.427614212372289,1.9829166963833729,0.2586193496611108,-1.4365908219100985,0.07704122440936634,0.07811030895912552,0.008976609537809432,0.11007792759213211
145,2.062827358260477,0.3168263226862785,-1.438693943400253,1.985425982075177,0.23924932921398243,-1.4473206249233783,0.07740137618529985,0.0775769934722961,0.00862668152312529,0.10992535005939444
146,2.0655156533588097,0.29659474958298426,-1.4491542349239654,1.9877367268232897,0.21978361222511697,-1.457936831014273,0.07777892653551999,0.07681113735786729,0.008782596090307626,0.10966606689998716
147,2.067992177091598,0.27633616347806084,-1.4596145264476779,1.9898486995551619,0.20022998472177053,-1.4684495535690345,0.07814347753643625,0.0761061787562903,0.008835027121356642,0.10943770479412951
148,2.0702566584857847,0.2560527809991684,-1.4700748179713903,1.99176168907528,0.18059626789423294,-1.4788687219418666,0.0784949694105046,0.07545651310493545,0.008793903970476302,0.10923588393816983
149,2.072308849769286,0.23574682148710444,-1.4805351094951027,1.9934755040862868,0.1608903149674558,-1.4892040981017618,0.07883334568299927,0.07485650651964865,0.0086689886066591,0.10905661063577873
150,2.0741485263981017,0.21542050675297103,-1.4909954010188151,1.994989973208109,0.1411200080598672,-1.499465293319851,0.07915855318999276,0.07430049869310382,0.008469892301035786,0.10889618783395487
151,2.0757915628250694,0.19487504054513272,-1.5010834730366573,1.9963049449950963,0.12129325503062975,-1.5096617848669232,0.07948661782997313,0.07358178551450296,0.008578311830265806,0.10865536805610572
152,2.077227255020252,0.1743140449875616,-1.5111715450544996,1.997420287951166,0.10141798631660187,-1.5198029326997817,0.07980696706908619,0.07289605867095972,0.008631387645282151,0.10843195200313116
153,2.078455456875647,0.15373961253852006,-1.5212596170723418,1.998335890542952,0.08150215176026913,-1.5298979961226906,0.08011956633269501,0.07223746077825093,0.00863837905034881,0.10822207372641666
154,2.0794760433991977,0.13315383702372063,-1.531347689090184,1.9990516612109581,0.06155371742991314,-1.5399561504164885,0.08042438218823955,0.07160011959380749,0.00860846132630444,0.10802205322346932
155,2.0802889107275138,0.1125588134232407,-1.5414357611080263,1.999567528378714,0.04158066243329049,-1.5499865034331373,0.08072138234879978,0.07097815098995021,0.008550742325110994,0.10782835749729168
156,2.0808964877080394,0.09187111989653472,-1.5513819485349647,1.9998834404599326,0.02159097572609596,-1.5599981121576436,0.08101304724810676,0.07028014417043876,0.008616163622678918,0.10759484543701159
157,2.0812982743513575,0.07117840666855449,-1.5613281359619031,1.9999993658636692,0.0015926529164868282,-1.56999999924253,0.08129890848768828,0.06958575375206766,0.008671863280626857,0.1073633590164298
158,2.081494230910391,0.050482720783106075,-1.5712743233888415,1.9999152929974802,-0.018406306933053812,-1.580001169522415,0.08157893791291082,0.06888902771615989,0.00872684613357344,0.10713066365012153
159,2.0814843379999752,0.029786109578068175,-1.58122051081578,1.9996312302685817,-0.03839790450523538,-1.5900106265178413,0.08185310773139354,0.06818401408330355,0.00879011570206134,0.10689367219744524
160,2.0812685965987745,0.009090620482857477,-1.5911666982427184,1.9991472060830102,-0.058374143427580086,-1.600037388938299,0.08212139051576428,0.06746476391043757,0.008870690695580663,0.10664945524075779
161,2.080847855561355,-0.011561081480670945,-1.6011949254866304,1.998463268842781,-0.0783270334708653,-1.610090507194452,0.08238458671857396,0.06676595199019435,0.008895581707821565,0.10641449077953481
162,2.0802200391906394,-0.03220752581415448,-1.6112231527305425,1.997579486941048,-0.09824859374510869,-1.6201790799288849,0.08264055224959144,0.06604106793095421,0.008955927198342373,0.10616540002072412
163,2.0793852106226667,-0.05284663621826516,-1.6212513799744546,1.996495948755265,-0.11813085589181781,-1.6303122705732334,0.08288926186740175,0.06528421967355265,0.009060890598778792,0.10589975830827197
164,2.0783434538115535,-0.07347633713120794,-1.6312796072183666,1.9952127626383473,-0.13796586727122728,-1.6404993239373136,0.08313069117320615,0.06448953014001935,0.009219716718946946,0.10561540838813752
165,2.0770948735210517,-0.09409455393744856,-1.6413078344622787,1.9937300569078378,-0.15774569414324865,-1.6507495828327603,0.08336481661321393,0.0636511402058001,0.009441748370481617,0.10531052611560111
166,2.0756516223544486,-0.11452892747520513,-1.6516459443830278,1.9920479798330735,-0.17746242484086058,-1.6610725047296746,0.08360364252137509,0.06293349736565546,0.009426560346646795,0.10506690332109256
167,2.073997199275166,-0.13494728882192453,-1.661984054303777,1.9901666996203604,-0.19710817293466984,-1.671477678439753,0.0838304996548056,0.06216088411274531,0.009493624135975987,0.1047934019167605
168,2.0721317811006053,-0.15534745575370443,-1.672322164224526,1.988086404396152,-0.21667508038737962,-1.6819748408132476,0.08404537670445333,0.06132762463367519,0.009652676588721487,0.1044886455741909
169,2.0700555671983873,-0.17572724799118086,-1.6826602741452752,1.985807302188237,-0.236155320696897,-1.692573893429715,0.08424826501015037,0.060428072705716124,0.00991361928443979,0.10415182175778136
170,2.067768779465046,-0.19608448743254683,-1.6929983840660243,1.9833296209049371,-0.2555411020268312,-1.7032849192537511,0.08443915856010875,0.05945661459428439,0.01028653518772682,0.1037828180554026
171,2.0653081274824885,-0.21612008453445924,-1.7038884808695431,1.980653608312316,-0.27482467032312397,-1.714118199216562,0.08465451917017242,0.05870458578866472,0.010229718347018801,0.10352421526392323
172,2.0626294361287147,-0.23612769738658737,-1.714778577673062,1.977779532009403,-0.2939983124155676,-1.725084228672093,0.08484990411931181,0.05787061502898025,0.010305650999031135,0.1032217068033787
173,2.059733023077866,-0.256104953225373,-1.7256686744765808,1.9747076794014329,-0.3130543591029702,-1.7361937336623283,0.085025343676433,0.05694940587759717,0.010525059185747532,0.10287526800922724
174,2.0566192318243597,-0.27604948288738845,-1.7365587712800996,1.971438357671107,-0.33198518822073414,-1.7474576869099745,0.0851808741532527,0.05593570533334569,0.010898915629874883,0.10248595423060802
175,2.0532884316421556,-0.29595892109030253,-1.7474488680836184,1.9679718937478738,-0.35078322768961984,-1.7588873234378162,0.08531653789428173,0.05482430659931731,0.01143845535419774,0.10205613403050467
176,2.0498149322209294,-0.3154168497649258,-1.759157694257787,1.964308634275237,-0.36944095854447706,-1.7704941556922353,0.08550629794569242,0.05402410877955127,0.011336461434448442,0.10177645442663569
177,2.0461138466006608,-0.33483277497510894,-1.7708665204319554,1.960448945576091,-0.3879509179417303,-1.7822899880233805,0.0856649010245698,0.05311814296662137,0.011423467591425096,0.10144214110311409
178,2.0421856821818456,-0.35420403489372915,-1.7825753466061238,1.9563932136160893,-0.40630570214441675,-1.7942869303459041,0.08579246856575629,0.0521016672506876,0.011711583739780318,0.10105489887482715
179,2.0380309774963585,-0.37352797381705366,-1.7942841727802923,1.9521418439650484,-0.4244979694835826,-1.8064974107716563,0.08588913353131011,0.05096999566652893,0.012213237991363979,0.10061832288027311
180,2.0336503021336214,-0.3928019425288238,-1.8059929989544607,1.9476952617563903,-0.44252044329485246,-1.818934186968815,0.08595504037723112,0.049718500766028684,0.012941188014354177,0.10013826756987507
181,2.029167693795295,-0.41150818670802736,-1.8188218457515142,1.9430539116446306,-0.46036591482899825,-1.8316103559602837,0.08611378215066456,0.04885772812097089,0.012788510208769477,0.09983089234698159
182,2.0244454813660377,-0.43015538645972695,-1.8316506925485676,1.9382182577609126,-0.47802724613534286,-1.8445393620273418,0.08622722360512514,0.04787185967561591,0.012888669478774206,0.09946339447446581
183,2.019484442013654,-0.4487404728827415,-1.844479539345621,1.933188783666595,-0.4954973729168449,-1.8577350023321744,0.08629565834705888,0.04675690003410343,0.013255462986553335,0.0990396670498207
184,2.0142853922113804,-0.4672603872983185,-1.8573083861426745,1.9279659923048962,-0.5127693073557238,-1.871211429814701,0.08631939990648418,0.04550892005740531,0.013903043672026438,0.09856670446125873
185,2.0088491876035115,-0.4857120817535224,-1.870137232939728,1.9225504059505998,-0.5298361409084934,-1.884983152854841,0.08629878165291172,0.04412405915497103,0.014845919915113193,0.09805515615822694
186,2.003359777412093,-0.5034993694771909,-1.884429718345921,1.9169425661578283,-0.5466910470692872,-1.899065031120944,0.08641721125426471,0.0431916775920963,0.014635312775022946,0.09771206575549694
187,1.9976167119911432,-0.5212063858375184,-1.8987222037521143,1.911143033705888,-0.5633272841003701,-1.9134722669486295,0.08647367828525532,0.0421208982628517,0.014750063196515173,0.09731100385337997
188,1.9916211644861792,-0.5388295137928486,-1.9130146891583075,1.9051523885431907,-0.5797381977287431,-1.928220391512157,0.08646877594298852,0.04090868393589453,0.015205702353849437,0.09685857225108951
189,1.985374359617653,-0.5563651534375487,-1.9273071745645007,1.898971229729261,-0.5959172238077642,-1.9433252449633298,0.08640312988839205,0.039552070370215575,0.016018070398829076,0.09636620623632891
190,1.9788775734307755,-0.5738097227373686,-1.941599659970694,1.892600175374829,-0.6118578909427194,-1.958802949622059,0.08627739805594659,0.03804816820535073,0.017203289651364972,0.0958509556233827
191,1.9723813262814733,-0.5905187087444408,-1.9577434097461621,1.886039862580021,-0.6275538230792937,-1.9746698752097716,0.08634146370145235,0.03703511433485296,0.01692646546360943,0.09546178963855437
192,1.965616191669516,-0.6071206482122091,-1.9738871595216303,1.8792909473706498,-0.6429987420539088,-1.9909425950243342,0.08632524429886623,0.03587809384169971,0.01705543550270394,0.09502722400007085
193,1.9585839326904375,-0.6236112144262758,-1.9900309092970985,1.8723541046326122,-0.6581864701049049,-2.007637831866406,0.08622982805782531,0.03457525567862918,0.017606922569307404,0.09455704772509706
194,1.9512863820563875,-0.6399861096977829,-2.0061746590725664,1.865230028044401,-0.6731109323435617,-2.024772392446539,0.08605635401198652,0.03312482264577876,0.018597733373972414,0.09406819668623403
195,1.9437254416185,-0.6562410664834549,-2.0223184088480344,1.8579194300077386,-0.6877661591839738,-2.0423630889355304,0.08580601161076129,0.03152509270051884,0.020044680087496047,0.09358574837085222
196,1.9362189823487714,-0.6717204182509144,-2.0407326212754175,1.8504230415763365,-0.7021462887308055,-2.060426646274568,0.08579594077243491,0.030425870479891093,0.019694024999150628,0.09313716587997209
197,1.9284287717370296,-0.6870589279742726,-2.0591468337028007,1.8427416123827909,-0.7162455691239705,-2.078979593845187,0.08568715935423876,0.029186641149697934,0.01983276014238644,0.0926686984621311
198,1.9203574512383272,-0.7022513947692363,-2.077561046130184,1.8348759105636196,-0.7300583608392996,-2.0980381401223296,0.08548154067470759,0.027806966070063388,0.0204770939921457,0.09219345170079334
199,1.912007757624669,-0.7172926672708194,-2.095975258557567,1.8268267226824504,-0.7435791389442745,-2.1176180290088564,0.08518103494221863,0.026286471673455103,0.021642770451289373,0.09173438188418796
200,1.9033825220570446,-0.7321776453800352,-2.1143894709849502,1.8185948536513634,-0.7568024953079283,-2.137734376690414,0.0847876684056812,0.024624849927893155,0.02334490570546377,0.09132533367056483
201,1.8948586486474943,-0.7462824429737703,-2.135484417172283,1.8101811266504018,-0.7697231407640244,-2.1584014880706035,0.08467752199709255,0.02344069779025404,0.022917070898320624,0.09080165848166413
202,1.8860391538362884,-0.7602043050739847,-2.1565793633596155,1.8015863830452545,-0.7823359072266527,-2.179632652163961,0.08445277079103386,0.022131602152667962,0.023053288804345318,0.09029691264281095
203,1.87692796212446,-0.7739370367269582,-2.177674309546948,1.7928114823031196,-0.7946357497573974,-2.201439916254256,0.0841164798213403,0.02069871303043913,0.023765606707307985,0.0898266272372333
204,1.867529127812402,-0.7874745271382848,-2.198769255734281,1.7838573019067592,-0.8066177485832404,-2.22383383918308,0.08367182590564282,0.019143221444955616,0.025064583448799027,0.08941851442031801
205,1.8578468331957854,-0.8008107523920556,-2.2198642019216135,1.774724737266751,-0.8182771110644103,-2.246823224830935,0.08312209592903441,0.017466358672354687,0.026959022909321728,0.08911310472165289
206,1.8482959389744171,-0.8133986768642562,-2.2439534523019646,1.7654147016319481,-0.8296091736113709,-2.270414837697643,0.082881237342469,0.016210496747114722,0.026461385395678327,0.08850019562275278
207,1.838444611434836,-0.8257528975460104,-2.268042702682316,1.7559281259981563,-0.8406094035501944,-2.294613103481373,0.08251648543667978,0.014856506004183978,0.026570400799057037,0.08795267101172466
208,1.8282985669470058,-0.8378662457287617,-2.292131953062667,1.746265959015033,-0.8512734009355746,-2.319419798686549,0.08203260793197287,0.013407155206812904,0.027287845623881868,0.08748558220445903
209,1.8178636928945024,-0.8497316924735744,-2.316221203443018,1.7364291668912253,-0.8615969003107405,-2.3448337345377843,0.08143452600327716,0.011865207837166158,0.028612531094766247,0.08712658674621966
210,1.8071460442582783,-0.8613423526897738,-2.340310453823369,1.7264187332977474,-0.8715757724135882,-2.3708504418018905,0.08072731096053087,0.010233419723814419,0.03053998797852131,0.08691554797555054
211,1.7965619636877967,-0.8722681252873484,-2.3674616436908518,1.7162356592696177,-0.8812060258283252,-2.3974618644663783,0.080326304418179,0.008937900540976762,0.030000220775526554,0.08621029227501024
212,1.7856851728214413,-0.8829025358881258,-2.3946128335583343,1.7058809631057523,-0.8904838085819884,-2.424656071515499,0.07980420971568902,0.007581272693862551,0.03004323795716468,0.08560831578155945
213,1.7745236893966843,-0.8932377454232651,-2.421764023425817,1.6953556802671397,-0.8994054096851778,-2.4524169971891108,0.07916800912954458,0.006167664261912731,0.0306529737632939,0.08511884957232747
214,1.76308574100979,-0.903266135377545,-2.4489152132932994,1.6846608632732913,-0.9079672606164054,-2.4807242209956297,0.07842487773649864,0.00470112523886046,0.031809007702330305,0.08476069252609443
215,1.7513797590509097,-0.9129803134052903,-2.476066403160782,1.6737975815969954,-0.9161659367494548,-2.509552799257385,0.07758217745391427,0.003185623344164501,0.03348639609660298,0.08456051784444155
216,1.73977276304681,-0.9220917828828634,-2.5059107541558334,1.6627669215573662,-0.9239981587231878,-2.5388731599736905,0.0770058414894439,0.0019063758403243813,0.03296240581785703,0.08378576304864106
217,1.7278990502210971,-0.9308528430933876,-2.535755105150885,1.6515699862112163,-0.9314607937532426,-2.5686510721830618,0.07632906400988082,0.0006079506598550832,0.0328959670321769,0.08311823063330555
218,1.7157691955301304,-0.9392556912686173,-2.5655994561459363,1.6402078952427481,-0.9385508568851079,-2.598847699706418,0.07556130028738228,-0.000704834383509434,0.033248243560481505,0.08255575444804096
219,1.703394002055127,-0.9472928436708158,-2.5954438071409878,1.628681784851592,-0.9452655121880633,-2.6294197471130945,0.07471221720353505,-0.00202733148275247,0.033975939972106683,0.0820998780108555
220,1.6907844913807306,-0.9549571422579151,-2.625288158136039,1.6169928076391802,-0.951602073889516,-2.6603197029822847,0.07379168374155043,-0.00335506836839905,0.03503154484624549,0.08175376570827877
221,1.6782002526518986,-0.9621007763748216,-2.6568831426984407,1.6051421324934945,-0.957558007449271,-2.691496182110619,0.07305812015840418,-0.004542768925550611,0.03461303941217819,0.08097029188498565
222,1.6653966290045632,-0.9688433125651479,-2.6884781272608422,1.593130944472173,-0.9631309305733167,-2.722894364390203,0.07226568453239013,-0.005712381991831217,0.034416237129360816,0.08024610798724086
223,1.6523864005038515,-0.9751780206988927,-2.7200731118232437,1.5809604446840095,-0.9683186141667071,-2.7544565238654024,0.07142595581984201,-0.006859406532185641,0.03438341204215867,0.07956718950932398
224,1.6391825534395932,-0.9810985777237123,-2.7516680963856452,1.5686318501688397,-0.9731189832251738,-2.7861226372410264,0.07055070327075352,-0.007979594498538578,0.03445454085538113,0.07891888903117014
225,1.6257982673639257,-0.9865990739763388,-2.7832630809480468,1.5561463937758424,-0.9775301176650971,-2.817831057161089,0.06965187358808334,-0.009068956311241716,0.03456797621304242,0.07828521215639016
226,1.6123316058467072,-0.9916422977246291,-2.8151629065231507,1.5435053240402514,-0.9815502530915156,-2.8495192322111245,0.06882628180645578,-0.010092044633113528,0.034356325687973754,0.07758391293919473
227,1.5987109449038333,-0.9962534444013161,-2.8470627320982547,1.530709905058507,-0.9851777815038595,-2.881124453092601,0.06800103984532635,-0.01107566289745665,0.034061720994346345,0.07685709183777678
228,1.5849501437291933,-1.0004278221066372,-2.8789625576733586,1.5177614163618436,-0.9884112519391305,-2.912584602987957,0.06718872736734971,-0.01201657016750668,0.03362204531459856,0.07608656238109052
229,1.571063204111126,-1.0041611833587538,-2.9108623832484626,1.5046611527883416,-0.9912493710522671,-2.9438388899030694,0.06640205132278454,-0.012911812306486747,0.03297650665460683,0.07525554669293807
230,1.5570642561854233,-1.0074497294156173,-2.9427622088235665,1.49141042435344,-0.9936910036334646,-2.974828539761162,0.06565383183198326,-0.013758725782152648,0.03206633093759548,0.07435037154695465
231,1.542849579722913,-1.0103138830937104,-2.973367161261535,1.4780105561189416,-0.9957351730622453,-3.0054974311418126,0.06483902360397131,-0.014578710031465048,0.03213026988027767,0.07381728802033687
232,1.5285539163188393,-1.0127417239169552,-3.0039721136995032,1.4644628880605028,-0.9973810616980933,-3.0357926556293995,0.06409102825833646,-0.015360662218861898,0.03182054192989625,0.07318576866936044
233,1.5141906551486548,-1.014730977993904,-3.0345770661374716,1.450768774933639,-0.9986280112074989,-3.0656649915020315,0.06342188021501571,-0.016102966786405104,0.031087925364559954,0.07244376807430931
234,1.4997732486992041,-1.016279782209072,-3.06518201857544,1.4369295861382525,-0.9994755228272839,-3.095069282657533,0.06284366256095164,-0.016804259381787978,0.02988726408209308,0.07158880926344519
235,1.4853152001692589,-1.0173866859679122,-3.0957869710134083,1.4229467055816887,-0.9999232575641007,-3.1239647189303588,0.06236849458757021,-0.017463428403811432,0.02817774791695049,0.07063133813263084
236,1.470489861338924,-1.018066246074359,-3.123801837681526,1.4088215315403523,-0.9999710363300244,3.1308702891621083,0.06166832979857162,-0.01809520974433465,0.028513180335951738,0.07030946571200328
237,1.4556513045382333,-1.018330263962375,3.131368602829942,1.3945554765198755,-0.9996188400141854,3.1030967943149705,0.06109582801835778,-0.018711423948189587,0.028271808514971575,0.06987211707201131
238,1.4408111747909467,-1.0181785324356256,3.103353736161824,1.3801499671138728,-0.9988668094904141,3.0759271557872387,0.060661207677073836,-0.01931172294521155,0.027426580374585452,0.06931768945224075
239,1.4259811183552427,-1.0176111705701947,3.0753388694937063,1.3656064438612794,-0.9977152455608932,3.0493838894183343,0.060374674493963276,-0.019895925009301485,0.025954980075372003,0.06866301874328513
240,1.4111727735839523,-1.0166286236211357,3.0473240028255884,1.350926361102302,-0.9961646088358407,3.023485121228019,0.06024641248165041,-0.020464014785295026,0.023838881597569195,0.06794629050849545
241,1.3958377054282074,-1.0151787099662368,3.022616249768485,1.3361111868329818,-0.9942155195492712,2.998244789888664,0.0597265185952256,-0.020963190416965594,0.024371459879821256,0.06782831586172197
242,1.3805431383210494,-1.0133503823280279,2.997908496711382,1.3211624025584014,-0.9918687573109126,2.9736728934044856,0.05938073576264791,-0.021481625017115258,0.024235603306896447,0.06763798090376896
243,1.3652984087086935,-1.0111447567944984,2.973200743654279,1.3060815031445296,-0.9891252607943699,2.9497757684852686,0.05921690556416381,-0.022019496000128536,0.02342497516901032,0.06738122565198353
244,1.3501128226144545,-1.0085631797721222,2.9484929905971757,1.2908699966687416,-0.9859861273616705,2.9265563918596627,0.05924282594571295,-0.022577052410451715,0.02193659873751308,0.06708688460309499
245,1.33499564995796,-1.0056072271639538,2.9237852375400726,1.2755294042690073,-0.9824526126243325,2.904014693833692,0.05946624568895276,-0.02315461453962131,0.01977054370638065,0.06680752165185626
246,1.3192013948290642,-1.002111669144573,2.902546313819128,1.2600612599917844,-0.9785261299411385,2.8821478756489345,0.059140134837279756,-0.023585539203434536,0.0203984381701936,0.06685753127263666
247,1.3034849382049944,-0.9982814717440152,2.8813073900981836,1.2444671106386092,-0.974208249852809,2.8609507235309106,0.059017827566385295,-0.024073221891206198,0.020356666567272974,0.06691052126990168
248,1.2878533693852292,-0.9941183626682818,2.860068466377239,1.2287485156114235,-0.9695006994538089,2.8404159136590224,0.0591048537738057,-0.024617663214472896,0.019652552718216754,0.06697489014628134
249,1.2723137393784874,-0.9896242197914833,2.8388295426562946,1.2129070467566294,-0.9644053617015306,2.820534303571183,0.05940669262185794,-0.025218858089952723,0.018295239085111437,0.06708100852559146
250,1.2568730577221947,-0.9848010703087766,2.81759061893535,1.1969442882079129,-0.9589242746631383,2.8012952066945758,0.05992876951428183,-0.025876795645638273,0.016295412240774354,0.06728005966464966
251,1.2406328514704146,-0.9793470104163334,2.799618973003209,1.1808618362278254,-0.9530596307003675,2.7826866477405034,0.05977101524258921,-0.026287379715965953,0.016932325262705383,0.06745594291286174
252,1.2244932809364533,-0.9736019837505985,2.7816473270710675,1.1646612990481637,-0.9468137755926088,2.764695597602315,0.05983198188828953,-0.026788208157989657,0.016951729468752674,0.06771141177806123
253,1.2084595587394302,-0.9675678457906736,2.7636756811389263,1.1483442967091446,-0.9401892075986283,2.747308187147715,0.06011526203028561,-0.027378638192045224,0.01636749399121129,0.06805387143853871
254,1.1925368633124829,-0.9612465453903297,2.745704035206785,1.1319124608974056,-0.9331885764572977,2.7305098999059307,0.06062440241507727,-0.02805796893303203,0.015194135300854228,0.06850860921353522
255,1.1767303372302813,-0.9546401241485833,2.7277323892746437,1.1153674347828333,-0.9258146823277321,2.71428574412675,0.06136290244744802,-0.028825441820851228,0.013446645147893843,0.06911674296923777
256,1.1600422839480333,-0.9473102567825274,2.712659842330602,1.0987108728542532,-0.918070474669267,2.69862040504676,0.06133141109378015,-0.029239782113260504,0.014039437283841938,0.06938020354562344
257,1.1434666018266695,-0.9397297000637488,2.6975872953865605,1.081944440753977,-0.9099590510617106,2.6834983784538204,0.06152216107269237,-0.029770649002038185,0.014088916932740059,0.06978370458348074
258,1.1270070564860677,-0.9319001761231893,2.682514748442519,1.0650698151112423,-0.9014836559663549,2.6689040868100813,0.06193724137482537,-0.03041652015683438,0.013610661632437626,0.07033233024468336
259,1.110667387162457,-0.9238234636515098,2.6674422014984773,1.0480886833745522,-0.8926476794282345,2.654821979292142,0.06257870378790487,-0.03117578422327527,0.012620222206335185,0.07104430799330677
260,1.094451305858949,-0.9155013974950115,2.6523696545544357,1.0310027436429283,-0.8834546557201532,2.6412366171483908,0.06344856221602058,-0.03204674177485822,0.011133037406044988,0.07194899740475244
261,1.0773150602730357,-0.906378223141114,2.639791062744378,1.0138137044961069,-0.8739082619290224,2.6281327457710297,0.06350135577692884,-0.03246996121209167,0.011658316973348182,0.07226781386809683
262,1.060294923986045,-0.8970402263621142,2.62721247093432,0.9965232848236771,-0.8640123164850744,2.615495354844479,0.06377163916236794,-0.03302790987703985,0.011717116089841273,0.07276644557599296
263,1.0433935899049764,-0.8874888846054578,2.6146338791242623,0.979133213653199,-0.8537707776345435,2.603309727872266,0.06426037625177738,-0.033718106970914374,0.011324151251996373,0.07344755336496997
264,1.0266137321400761,-0.8777257090737952,2.6020552873142044,0.9616452299772965,-0.8431877418564168,2.591561482308587,0.0649685021627796,-0.03453796721737845,0.010493805005617585,0.0743229264512622
265,1.0099580055817432,-0.8677522444858807,2.5894766955041466,0.9440610825797653,-0.8322674422239013,2.5802366014347324,0.06589692300197791,-0.035484802261979476,0.009240094069414173,0.07541190218468179
266,0.9923824988846649,-0.8569253748403476,2.5790150492098642,0.9263825298606904,-0.821014246711247,2.56932145902926,0.06599996902397454,-0.03591112812910058,0.009693590180604339,0.0757599546281529
267,0.9749212187782623,-0.8459152322878571,2.568553402915582,0.9086113396606129,-0.8094326564466194,2.558802837787985,0.0663098791176494,-0.03648257584123771,0.009750565127597088,0.07630892430716378
268,0.9575760763131222,-0.8347230218339563,2.5580917566212995,0.8907492890837423,-0.7975273039117043,2.5486679423582137,0.06682678722937996,-0.03719571792225196,0.009423814263085806,0.07705938747756626
269,0.9403489698291422,-0.8233499684106217,2.547630110327017,0.8727981643202526,-0.7853029510887806,2.538904407763251,0.06755080550888959,-0.038047017321841126,0.008725702563765925,0.07801810518860106
270,0.9232417847477662,-0.8117973167421969,2.5371684640327348,0.8547597604676596,-0.7727644875559871,2.5295003039093875,0.06848202428010663,-0.03903282918620976,0.007668160123347256,0.07919690703214512
271,0.905246648687615,-0.7993689495625814,2.5284994461860677,0.836635881351318,-0.759916928531561,2.5204441367892327,0.06861076733629701,-0.03945202103102041,0.008055309396834964,0.07955367601428795
272,0.8873599291946871,-0.7867850511858459,2.5198304283394006,0.8184283393440346,-0.7467654128678123,2.5117248469228364,0.06893158985065251,-0.04001963831803357,0.008105581416564256,0.08011763838597186
273,0.8695829704809898,-0.7740465673095678,2.5111614104927336,0.800138955184839,-0.7333152009956565,2.503331805511806,0.06944401529615074,-0.04073136631391128,0.007829604980927662,0.08088768865783848
274,0.8519171085098541,-0.7611544552486414,2.5024923926460665,0.7817695577969044,-0.7195716728205074,2.495254808721464,0.07014755071294976,-0.04158278242813407,0.0072375839246023865,0.08186689982255989
275,0.8343636708955356,-0.7481096838633344,2.4938233747993994,0.7633219841046635,-0.7055403255703919,2.4874840704519436,0.0710416867908722,-0.042569358292942505,0.006339304347455776,0.08306177404302757
276,0.8159777546839865,-0.7341972362230528,2.4866794805781107,0.7447980788501106,-0.6912267715971265,2.480010213910566,0.07117967583387586,-0.04297046462592624,0.006669266667544527,0.08341154716144791
277,0.7976916958440372,-0.7201537976703479,2.479535586356822,0.7261996944083366,-0.6766367361314569,2.4728242622546763,0.07149200143570056,-0.04351706153889101,0.006711324102145699,0.08396358011343895
278,0.7795064276048396,-0.7059800849122131,2.4723916921355333,0.7075286906022854,-0.6617760549930369,2.4659176285357978,0.07197773700255417,-0.04420402991917616,0.006474063599735569,0.08471543179726877
279,0.7614228780516963,-0.6916768213041866,2.4652477979142446,0.68878693451678,-0.6466506722561834,2.4592821051422575,0.07263594353491631,-0.04502614904800317,0.005965692771987108,0.08566751940817643
280,0.7434419700786962,-0.6772447368134353,2.458103903692956,0.6699763003118093,-0.631266637872321,2.452909852907744,0.07346566976688684,-0.045978098941114376,0.005194050785211957,0.0868226259686698
281,0.7247011085042198,-0.6619812817791723,2.452269970714581,0.65109866903512,-0.6156301052500863,2.446793390027349,0.07360243946909972,-0.046351176529085936,0.005476580687231891,0.08715356330900496
282,0.7060496113179122,-0.646608754178097,2.446436037736206,0.6321559284341076,-0.5997473287940437,2.440925580900035,0.0738936828838046,-0.04686142538405336,0.005510456836170796,0.08767345489770993
283,0.6874881133174644,-0.6311276772092285,2.440602104757831,0.6131499727670459,-0.5836246614030073,2.435299624996844,0.07433814055041854,-0.04750301580622118,0.005302479760986856,0.08837879803887105
284,0.6690172462374742,-0.615538577766028,2.434768171779456,0.5940827026136648,-0.5672685519289687,2.4299090458371793,0.07493454362380936,-0.048270025837059305,0.004859125942276776,0.0892680924370061
285,0.650637638727945,-0.5998419864184673,2.428934238801081,0.5749560246850888,-0.5506855425976376,2.4247476801408347,0.07568161404285623,-0.04915644382082973,0.004186558660246309,0.09034151839911661
286,0.6315826274025269,-0.5833753756990276,2.4242403085796367,0.5557718516331736,-0.5338822663916443,2.419809667210888,0.07581077576935336,-0.049493109307383376,0.004430641368748489,0.09064475811982864
287,0.612605118833942,-0.566819503818433,2.4195463783581923,0.5365321018592358,-0.5168654443974288,2.4150894385917674,0.07607301697470614,-0.04995405942100428,0.004456939766424917,0.09111737636890505
288,0.5937055311525067,-0.5501747355512231,2.414852448136748,0.5172386993222217,-0.4996418831169025,2.410581708037644,0.07646683183028502,-0.050532852434320596,0.004270740099103776,0.09175502583675732
289,0.5748842807717114,-0.5334414376305862,2.4101585179153036,0.49789357334630513,-0.48221847174493154,2.4062814618184905,0.07699070742540626,-0.051222965885654614,0.003877056096813103,0.09255480985861987
290,0.5561417823790453,-0.5166199787402792,2.405464587693859,0.47849865842796485,-0.4646021794137574,2.402183949384547,0.07764312395108047,-0.052017799326521785,0.003280638309312245,0.09351507221498395
291,0.5368168263267766,-0.4991112898902019,2.4017787300036173,0.4590558940425284,-0.44680005240543,2.398284674404404,0.07776093228424824,-0.0523112374847719,0.0034940555992131195,0.09378398893965877
292,0.5175565359337292,-0.48153149109594884,2.3980928723133754,0.4395672244502339,-0.42881921133339584,2.394579386187274,0.0779893114834953,-0.052712279762552994,0.0035134861261014727,0.09419799216646613
293,0.4983611728611855,-0.46388082118843077,2.3944070146231335,0.4200345985017983,-0.41066684829434086,2.3910640714961615,0.07832657435938717,-0.05321397289408991,0.003342943126972031,0.0947520682138375
294,0.47923099788835577,-0.44615951996138037,2.3907211569328917,0.40045996944354106,-0.39235022399145386,2.387734946755494,0.0787710284448147,-0.05380929596992651,0.0029862101773976413,0.09544230040320985
295,0.46016627090883544,-0.42836782816809416,2.38703529924265,0.3808452947220541,-0.373876664830236,2.3845884506541766,0.07932097618678136,-0.05449116333785814,0.002446848588473216,0.09626573228907566
296,0.4406178810366944,-0.40998949995989586,2.3842574147303437,0.36119253578846583,-0.35525355998804264,2.381621237142953,0.07942534524822858,-0.05473593997185322,0.0026361775873908755,0.09649537825551485
297,0.4211206193961038,-0.3915569395615183,2.3814795302180376,0.34150365790229065,-0.3364883584585042,2.3788301688233062,0.07961696149381314,-0.0550685811030141,0.0026493613947313754,0.09684228569177031
298,0.40167463644036194,-0.3730702892103465,2.3787016457057315,0.3217806299349115,-0.31758856607203484,2.3762123107238504,0.07989400650545042,-0.05548172313831168,0.002489334981881086,0.09730092839506332
299,0.38228008222706833,-0.35452969156115793,2.3759237611934254,0.3020254241726877,-0.2985617424935936,2.373764924459197,0.08025465805438065,-0.05596794906756436,0.002158836734228231,0.09786665437369409
300,0.3629371064169653,-0.33593528968502184,2.3731458766811193,0.2822400161197344,-0.27941549819892586,2.371485462765573,0.08069709029723088,-0.05651979148609598,0.0016604139155464992,0.09853559857453621
301,0.3432133352008518,-0.31686912465883726,2.371202764145567,0.2624263843003676,-0.260157491430468,2.3693715644070066,0.08078695090048421,-0.05671163322836925,0.0018311997385604961,0.0987223078726831
302,0.3235266489010671,-0.29776467014358976,2.369259651610015,0.2425865100612595,-0.2407954251341592,2.3674210494456176,0.08094013883980758,-0.05696924500943057,0.0018386021643972406,0.09899586562210962
303,0.30387712184834004,-0.2786219982716843,2.3673165390744626,0.22272237737329917,-0.22133704387835867,2.365631914869418,0.08115474447504087,-0.05728495439332565,0.0016846242050445603,0.09935037246717698
304,0.2842648282330979,-0.25944118131982263,2.3653734265389104,0.20283597263320371,-0.2017901307561289,2.364002330571082,0.08142885559989418,-0.05765105056369374,0.001371095967828584,0.09978066976904387
305,0.2646898421051862,-0.24022229170873016,2.363430314003358,0.1829292844648735,-0.182162504272095,2.3625306356712543,0.0817605576403127,-0.058059787436635174,0.0008996783321038038,0.10028228718943048
306,0.24483975102692468,-0.2206574054395902,2.3622719934890277,0.16300430352053824,-0.16246201521515416,2.3612153351802236,0.08183544750638644,-0.05819539022443604,0.0010566583088040815,0.10042340583114318
307,0.2250123356692173,-0.20106953953304976,2.3611136729746973,0.14306302228168652,-0.14269654351825772,2.360055096992098,0.08194931338753078,-0.05837299601479204,0.0010585759825993968,0.10061916920518474
308,0.20520762263463144,-0.18145872027027127,2.359955352460367,0.1231074348598263,-0.12287399510655006,2.3590487492060004,0.08210018777480514,-0.05858472516372121,0.0009066032543665337,0.10086343631181638
309,0.18542563849527463,-0.16182497396321374,2.3587970319460365,0.10313953679706928,-0.10300229873509785,2.3581952777692634,0.08228610169820536,-0.05882267522811589,0.000601754176773106,0.10115073782117981
310,0.16566640979275893,-0.14216832695459758,2.357638711431706,0.08316132486658098,-0.0830894028174964,2.3574938244380585,0.08250508492617795,-0.05907892413710118,0.00014488699364756386,0.10147624997069078
311,0.1457396864756519,-0.12229907786603927,2.3572359003754992,0.06317479687290779,-0.06314327224661277,2.356943685051464,0.0825648896027441,-0.0591558056194265,0.0002922153240354497,0.10156995482618023
312,0.12582096832816245,-0.10242180368519177,2.3568330893192924,0.04318195145219192,-0.04317188520872868,2.3565443081154838,0.08263901687597053,-0.05924991847646309,0.00028878120380859684,0.10168502025509037
313,0.10591025858223696,-0.08253650763727688,2.3564302782630855,0.02318478787231655,-0.02318322999237945,2.356295293694157,0.08272547070992041,-0.05935327764489743,0.0001349845689286866,0.1018151918536916
314,0.08600756046852238,-0.06264319294881798,2.3560274672068786,0.0031853058329736565,-0.0031853017931379904,2.356196392605459,0.08282225463554872,-0.059457891155679995,-0.00016892539858037736,0.1019548685418536
315,0.06611287721636573,-0.04274186284763959,2.3556246561506717,-0.016814494734297237,0.016813900484349713,2.3562475059203347,0.08292737195066296,-0.0595557633319893,-0.0006228497696629809,0.10209909846093203
316,0.04615954641343405,-0.022765778902457606,2.3559672911639473,-0.03681261386610762,0.03680637742582691,2.3564486847638113,0.08297216027954166,-0.05957215632828451,-0.00048139359986398844,0.10214427507625432
317,0.02619937227609659,-0.002796532839490065,2.356309926177223,-0.05680705176720758,0.05678413230707805,2.3568001304177795,0.08300642404330416,-0.05958066514656812,-0.0004902042405565687,0.10217711285783015
318,0.006232357147652877,0.01716587299689849,2.3566525611904985,-0.07679580901047076,0.07673917429251892,2.3573021947256567,0.08302816615812364,-0.059573301295620426,-0.0006496335351582339,0.10219137256427159
319,-0.013741496627794444,0.03712143626314654,2.356995196203774,-0.0967768867368283,0.09666352163141724,2.357955380799775,0.08303539010903385,-0.0595420853682707,-0.0009601845960007793,0.10218149487563916
320,-0.033722186705339885,0.05707015461649588,2.3573378312170497,-0.11674828685516017,0.11654920485049365,2.358760344032969,0.08302610014982029,-0.05947905023399777,-0.001422512815919319,0.10214261728357009
321,-0.05365199373201203,0.07695444053750404,2.3584345606936195,-0.13670801224209556,0.13638826994159764,2.359717893416455,0.08305601851008353,-0.0594338294040936,-0.0012833327228354285,0.10213877437711762
322,-0.07360359645086287,0.09681685689750258,2.3595312901701893,-0.1566540669417306,0.1561727815432119,2.3608289931666846,0.08305047049086772,-0.059355924645709324,-0.0012977029964953424,0.10208913004021891
323,-0.09357697086379692,0.11665737980567073,2.360628019646759,-0.1765844563652152,0.175894826114484,2.3620947646644646,0.08300748550141827,-0.05923744630881328,-0.0014667450177054953,0.10198759255617648
324,-0.11357209294653137,0.1364759853975215,2.361724749123329,-0.19649718749021736,0.19554651510054424,2.363516488710183,0.08292509454368599,-0.059070529703022734,-0.0017917395868543018,0.10182882261531877
325,-0.13358893864862495,0.15627264983493044,2.3628214785998987,-0.21639026906021674,0.21511998808781552,2.365095608099521,0.0828013304115918,-0.05884733825288507,-0.002274129499622468,0.10160827329681436
326,-0.15344517752482964,0.17586744334950768,2.364700097845245,-0.23626171178363561,0.23460741594808077,2.366833730524539,0.08281653425880597,-0.05873997259857308,-0.0021336326792940064,0.1015554780202981
327,-0.17333819249717625,0.19542489999647011,2.366578717090591,-0.25610952853275937,0.2540010039700232,2.3687326318054684,0.08277133603558312,-0.05857610397355306,-0.0021539147148774695,0.10142432338662598
328,-0.19326791335905272,0.21494495075346118,2.368457336335937,-0.27593173454245457,0.2732929949770132,2.3707942594589726,0.08266382118340185,-0.058348044223552026,-0.0023369231230354615,0.10120900556293395
329,-0.21323426977430418,0.23442752673013756,2.3703359555812833,-0.29572634760863703,0.29247567242986966,2.373020736608938,0.08249207783433285,-0.0580481456997321,-0.0026847810276549033,0.10090459936875727
330,-0.2332371912774813,0.2538725591684123,2.3722145748266295,-0.3154913882864973,0.3115413635133787,2.3754143662461753,0.08225419700901601,-0.05766880434496641,-0.00319979141954585,0.10050712703736304
331,-0.25297007207846633,0.2729831116411949,2.374923424857057,-0.33522488008843665,0.3304824422053109,2.3779776358435334,0.08225480800997031,-0.05749933056411605,-0.003054210986476402,0.10040594932985036
332,-0.2727546480381903,0.29204014064927414,2.3776322748874845,-0.35492484968172117,0.34929133232673576,2.3807132223330263,0.0821702016435309,-0.05725119167746162,-0.0030809474455417707,0.10019547506644284
333,-0.2925907739801254,0.31104350635476297,2.380341124917912,-0.37458932708580633,0.3679605105723846,2.3836239974514886,0.08199855310568094,-0.056917004217621636,-0.0032828725335765085,0.09987034260783151
334,-0.3124783043494773,0.3299930693135482,2.3830499749483396,-0.3942163458693397,0.38648250951987934,2.3867130334610547,0.08173804151986236,-0.05648944020633112,-0.0036630585127150894,0.09942626556395939
335,-0.33241709321425283,0.34888869047631405,2.385758824978767,-0.4138039433467995,0.4048499206165983,2.389983609250355,0.08138685013254665,-0.05596123014028426,-0.0042247842715879,0.09886014088323426
336,-0.35197722649733143,0.3673251523001894,2.389369220878956,-0.43335016077475924,0.42305539714299684,2.3934392168216947,0.08137293427742781,-0.05573024484280742,-0.004069995942738824,0.09871159754624459
337,-0.37160379507936064,0.38569087429334603,2.3929796167791446,-0.4528530435477663,0.44109165715120235,2.3970835681686076,0.08124924846840564,-0.05540078285785632,-0.0041039513894629565,0.09842524846273511
338,-0.39129654312911033,0.4039856170596189,2.3965900126793334,-0.472310641393794,0.4589514863776903,2.400920602546995,0.08101409826468364,-0.0549658693180714,-0.0043305898676617716,0.09799635154500914
339,-0.4110552139527046,0.42220914212805327,2.400200408579522,-0.49172100856927403,0.47662774112889944,2.404954494141537,0.08066579461656942,-0.05441859900084617,-0.004754085562014954,0.0974215359551902
340,-0.430879549996968,0.44036121195601324,2.403810804479711,-0.5110822040536624,0.49411335113860816,2.409189660127124,0.08020265405669447,-0.053752139182594916,-0.00537885564741325,0.09669896727741498
341,-0.4502180695274759,0.4579405112535276,2.4084205877035387,-0.5303922917435467,0.5114013223959523,2.4136307691226384,0.08017422221607085,-0.05346081114242468,-0.00521018141909968,0.09650445702856339
342,-0.4696374200575796,0.47543047770324914,2.4130303709273666,-0.549649340646248,0.5284847399429308,2.4182827500314454,0.08001192058866846,-0.05305426223968163,-0.00525237910407883,0.096147021089253
343,-0.4891371889248424,0.4928307396422761,2.4176401541511945,-0.5688514250729251,0.5453567706403021,2.42315080125933,0.07971423614808265,-0.052526030998025997,-0.005510647108135647,0.09562275152194837
344,-0.5087169617579331,0.5101409273139331,2.4222499373750224,-0.5879966248311352,0.5620106659007431,2.4282404002962408,0.07927966307320211,-0.05186973858680999,-0.005990462921218409,0.0949295549556351
345,-0.528376322485431,0.5273606728756288,2.4268597205988502,-0.6070830254168587,0.5784397643882002,2.433557313642975,0.07870670293142767,-0.051079091512571395,-0.006697593044124872,0.09406740364584514
346,-0.5474449760922704,0.54390829634173,2.432598017339715,-0.6261087182059404,0.5946374946823286,2.439107607057674,0.07866374211367,-0.050729198340598636,-0.006509589717958786,0.09382862380905908
347,-0.5666082704058771,0.5603462263757574,2.43833631408058,-0.645071800644958,0.6105973779069791,2.4448976560896263,0.07846353023908081,-0.05025115153122173,-0.006561342009046456,0.0934063970868839
348,-0.5858655744180792,0.5766739217102226,2.4440746108214446,-0.6639703764414682,0.6263130303216559,2.4509341568591303,0.07810480202338899,-0.04963910861143328,-0.006859546037685682,0.09279792333179437
349,-0.6052162540251571,0.5928908447074409,2.4498129075623094,-0.6828025557536419,0.6417781658749337,2.4572241370319414,0.0775863017284848,-0.048887321167492837,-0.007411229469632019,0.0920028842433139
350,-0.6246596720487236,0.6089964613772347,2.455551204303174,-0.7015664553792397,0.6569865987187891,2.463774966924827,0.07690678333051604,-0.04799013734155433,-0.008223762621652586,0.091023825869744
351,-0.6434108625619634,0.6243481118244533,2.462584365952375,-0.7202601989439371,0.671932245682862,2.4705943706648235,0.07684933638197367,-0.04758413385840876,-0.008010004712448282,0.09074266071092553
352,-0.6622695590589393,0.6395675035190103,2.469617527601576,-0.7388819170889542,0.6866091287076386,2.477690437308543,0.07661235803001498,-0.04704162518862831,-0.008072909706966946,0.09026372346875255
353,-0.6812348286912326,0.6546538836312774,2.476650689250777,-0.7574297476579961,0.7010113772355988,2.4850716318091606,0.07619491896676345,-0.0463574936043214,-0.008420942558383437,0.08958568615129284
354,-0.7003057333387679,0.6696065059110655,2.483683850899978,-0.7759018358834606,0.715133230559358,2.4927468056970676,0.07559610254469273,-0.04552672464829244,-0.009062954797089517,0.08871071258198315
355,-0.7194813296562167,0.6844246307245379,2.490717012549179,-0.7942963345719204,0.7289690401258765,2.5007252073153747,0.0748150049157037,-0.044544409401338636,-0.010008194766195633,0.08764504168479208
356,-0.7378680731192433,0.6984277355777414,2.4992554043196287,-0.8126114042888336,0.7425132717958018,2.509016491422985,0.07474333116959031,-0.04408553621806044,-0.009761087103356214,0.08732341541305101
357,-0.7563737088939966,0.7122733386804283,2.5077937960900782,-0.8308452135424925,0.7557605080570542,2.5176307279456003,0.07447150464849595,-0.04348716937662589,-0.009836931855522035,0.08679806526261104
358,-0.7749968878513224,0.7259604306370268,2.516332187860528,-0.8489959389671652,0.7687054501917557,2.5265784096181902,0.07399905111584282,-0.04274501955472898,-0.010246221757662433,0.08606963066660897
359,-0.7937362522927344,0.7394880136080126,2.5248705796309774,-0.8670617655054355,0.78134292039565,2.5358704582208973,0.07332551321270109,-0.04185490678763737,-0.01099987858991991,0.08514376923240356
360,-0.8125904360493958,0.7528551013826554,2.533408971401427,-0.8850408865897049,0.7936678638491532,2.545518229063543,0.07245045054030907,-0.04081276246649779,-0.012109257662116235,0.08403203844229927
361,-0.8305661813319654,0.7653701517638591,2.5437135466213547,-0.9029315043228463,0.8056753507392133,2.5555335133215724,0.07236532299088094,-0.04030519897535412,-0.011819966700217677,0.08367174343117073
362,-0.8486699322480324,0.7776993085589073,2.5540181218412825,-0.9207318296579966,0.8173605782311729,2.565928537768054,0.07206189740996416,-0.039661269672265576,-0.011910415926771556,0.08311312398104806
363,-0.8668997664810236,0.7898412626168647,2.5643226970612103,-0.9384400825774543,0.8287188723898353,2.5767159613820527,0.07154031609643063,-0.03887760977297061,-0.012393264320842423,0.08235944614531389
364,-0.8852537483264187,0.8017947246646061,2.574627272281138,-0.9560544922706857,0.83974569004898,2.5879088682432516,0.07080074394426705,-0.037950965384373925,-0.013281595962113535,0.0814212620140983
365,-0.9037299288972905,0.8135584254437157,2.584931847501066,-0.9735732973113987,0.8504366206285644,2.5995207560461813,0.06984336841410821,-0.036878195184848694,-0.014588908545115409,0.08031770442473059
366,-0.9212481498697949,0.8244601460799983,2.5973179132263815,-0.9909947458336898,0.8607873878989016,2.6115655194852865,0.06974659596389499,-0.036327241818903344,-0.014247606258904977,0.07992027546767266
367,-0.9389000530596006,0.8351440541969173,2.609703978951697,-1.008317095707223,0.870793851691091,2.6240574276749693,0.06941704264762238,-0.03564979749417374,-0.014353448723272155,0.07934516596219977
368,-0.9566829304412353,0.8456085107476792,2.622090044677013,-1.0255386147114476,0.8804520095530344,2.637011094678,0.06885568427021227,-0.0348434988053552,-0.01492105000098709,0.07859906105323335
369,-0.9745940538961273,0.8558519103521395,2.6344761104023284,-1.042657580708813,0.8897579983503596,2.650441442122924,0.06806352681268568,-0.03390608799822015,-0.015965331720595444,0.07769915252094377
370,-0.9926306756311332,0.8658726815430885,2.646862176127644,-1.0596722818169868,0.8987080958116269,2.664363652799013,0.06704160618585364,-0.03283541426853842,-0.01750147667136881,0.07667491816653013
371,-1.0096441115311716,0.8750510878105855,2.6616948363718156,-1.0765810165800351,0.9072987220171839,2.678793114029098,0.06693690504886352,-0.032247634206598375,-0.017098277657282335,0.07624178820232815
372,-1.0267918111109566,0.8839761391749971,2.676527496615987,-1.0933820941385743,0.9155264408310896,2.693745349540943,0.06659028302761771,-0.031550301656092516,-0.017217852924956034,0.07567127452101018
373,-1.0440700018118254,0.8926458720913191,2.6913601568601586,-1.1100738343988477,0.9233879612755189,2.709235938492216,0.06600383258702225,-0.03074208918419985,-0.017875781632057386,0.0749741657675626
374,-1.0614748823665756,0.9010583791855701,2.70619281710433,-1.12665456820074,0.9308801388471135,2.7252804202598746,0.06517968583416445,-0.029821759661543434,-0.019087603155544475,0.07417590841354615
375,-1.0790026236357586,0.9092118096744211,2.7210254773485016,-1.1431226374846875,0.9379999767747388,2.7418941835904724,0.06412001384892885,-0.02878816710031773,-0.02086870624197079,0.07331874004097666
376,-1.0954620433706268,0.9165733346151429,2.738696377231448,-1.1594763954574863,0.9447446272181542,2.7590923387340904,0.06401435208685946,-0.028171292603011322,-0.020395961502642557,0.07285227687342494
377,-1.112048971357638,0.9236428726067758,2.756367277114394,-1.1757142067569655,0.9511113924071088,2.776889571263257,0.06366523539932745,-0.027468519800333047,-0.020522294148862752,0.0723114536958393
378,-1.1287582282857807,0.9304182161678624,2.7740381769973403,-1.1918344476155285,0.9570977257204172,2.7952999764232915,0.06307621932974783,-0.026679509552554825,-0.02126179942595119,0.07171101581855256
379,-1.1455845966465157,0.9368972496799143,2.7917090768802866,-1.2078355060225212,0.9627012327045702,2.814336873086924,0.062250909376005525,-0.02580398302465592,-0.022627796206637463,0.07108472704628963
380,-1.1625228223629578,0.9430779500480196,2.809379976763233,-1.2237157818854385,0.9679196720314864,2.834012596709942,0.06119295952248072,-0.02484172198346679,-0.024632619946709067,0.07048727127405933
381,-1.1783753412908944,0.9485470535753759,2.8302487512047407,-1.2394736871899266,0.9727509563950139,2.8543382711218332,0.06109834589903218,-0.024203902819637912,-0.024089519917092517,0.06999386939679972
382,-1.1943385336163526,0.9536841676031119,2.8511175256462487,-1.2551076461585875,0.9771931533458231,2.875323559550972,0.06076911254223494,-0.023508985742711208,-0.024206033904723423,0.06950891688998208
383,-1.2104054475296406,0.9584870549697403,2.8719863000877566,-1.2706160954085512,0.9812444860643621,2.896976395989684,0.06021064787891062,-0.022757431094621805,-0.024990095901927578,0.06904873410289403
384,-1.2265690860513587,0.9629536240661227,2.8928550745292645,-1.2859974841078177,0.9849033340715609,2.9193026988581225,0.05942839805645894,-0.021949710005438217,-0.026447624328858055,0.06865130077078054
385,-1.2428224100795129,0.9670819297463449,2.9137238489707724,-1.3012502741303347,0.9881682338770005,2.9423060699269263,0.05842786405082179,-0.021086304130655598,-0.028582220956153925,0.0683768299515137
386,-1.2580099414901484,0.9706038643043506,2.9380049281552534,-1.3163729402098099,0.9910378795642899,2.9659874825973085,0.05836299871966144,-0.020434015259939264,-0.027982554442055108,0.06787349963201553
387,-1.273278504027312,0.9737560272805688,2.9622860073397344,-1.3313639700922384,0.993511123313416,2.990344964890073,0.05808546606492637,-0.019755096032847197,-0.028058957550338715,0.06746473364698358
388,-1.2886190962345394,0.9765365603430358,2.9865670865242153,-1.3462218646871233,0.9955869758598548,3.01537328382298,0.05760276845258394,-0.019050415516818964,-0.02880619729876477,0.06716244685522423
389,-1.3040226741908618,0.9789438242511719,3.0108481657086963,-1.360945138217388,0.9972646068902659,3.0410636392016177,0.05692246402652623,-0.01832078263909398,-0.03021547349292142,0.0669984539057547
390,-1.3194801568425762,0.9809763998221812,3.0351292448931773,-1.3755323183679475,0.998543345374605,3.067403376135589,0.05605216152537129,-0.017566945552423774,-0.03227413124241174,0.06702284636719447
391,-1.3339397803481214,0.982521663286336,3.062719170969232,-1.389981946432944,0.9994226798345278,3.0943757267243446,0.05604216608482249,-0.01690101654819187,-0.0316565557551125,0.06654702293955478
392,-1.348436529137105,0.9836674493243323,3.090309097045287,-1.4042925774616108,0.9999022585479752,3.1219595922240613,0.05585604832450586,-0.016234809223642954,-0.031650495178774385,0.06622100127617549
393,-1.3629593689260309,0.9844128858145549,3.1178990231213417,-1.4184627804027723,0.9999818896898556,-3.1330559296913743,0.05550341147674143,-0.015569003875300691,-0.03223035436687027,0.06604406339588467
394,-1.3774972455720886,0.9847574053637433,-3.1376963579821897,-1.432491138247941,0.9996615414087742,-3.1043304177311337,0.05499389267585242,-0.014904136045030825,-0.03336594025105599,0.06602838383399218
395,-1.3920390934870779,0.9847007457388666,-3.110106431906135,-1.4463762481730242,0.9989413418397719,-3.0750839964195906,0.054337154685946354,-0.014240596100905334,-0.03502243548654427,0.06619586047543106
396,-1.4057084057365323,0.9842702084580537,-3.0798143940365823,-1.460116721678599,0.9978215790530742,-3.045356048786323,0.05440831594206674,-0.01355137059502054,-0.03445834525025937,0.06581247637068077
397,-1.419358407076265,0.983425860692881,-3.0495223561670297,-1.4737111847287665,0.9963027009388654,-3.0151903723094278,0.05435277765250146,-0.012876840245984456,-0.034331983857601944,0.06556464419839024
398,-1.4329765731196258,0.982168477163996,-3.019230318297477,-1.4871582778885493,0.9943853150281404,-2.9846349301467145,0.05418170476892348,-0.012216837864144403,-0.034595388150762574,0.06543507576497104
399,-1.4465504086900394,0.9804992115678045,-2.9889382804279245,-1.5004566564598378,0.992070188249698,-2.953741503402485,0.053906247769798465,-0.011570976681893441,-0.03519677702543955,0.0654108871899039
400,-1.4600674592857972,0.9784195955179106,-2.958646242558372,-1.5136049906158564,0.9893582466233818,-2.9225652469480483,0.05353753133005923,-0.010938651105471209,-0.03608099561032363,0.0654809865010943
401,-1.4728966691691696,0.9760459973775584,-2.9268327310894913,-1.5266019655341467,0.9862505748896836,-2.891164155538977,0.05370529636497712,-0.010204577512125224,-0.03566857555051417,0.06527357460453452
402,-1.4856438876269442,0.9732655269221726,-2.8950192196206106,-1.5394462815280487,0.9827484160758617,-2.859598451199729,0.05380239390110453,-0.009482889153689111,-0.03542076842088138,0.06510955084867712
403,-1.4982962142936338,0.9700809980272054,-2.86320570815173,-1.5521366541766646,0.9788531709987472,-2.827929906773413,0.05384043988303078,-0.00877217297154187,-0.035275801378316984,0.06496249801480368
404,-1.5108408448355863,0.9664956334809683,-2.8313921966828492,-1.5646718144533056,0.9745663977044351,-2.7962211238571486,0.05383096961771927,-0.008070764223466753,-0.035171072825700644,0.06480675033393778
405,-1.5232650839091526,0.9625130617231249,-2.7995786852139686,-1.57705050885239,0.9698898108450863,-2.7645347857899107,0.05378542494323746,-0.007376749121961401,-0.035043899424057834,0.06461705077436194
406,-1.5352308525455034,0.9582531945732837,-2.7678096109766193,-1.5892714995147947,0.964825280993091,-2.732932907721797,0.05404064696929134,-0.0065720864198072215,-0.03487670325482206,0.06465267414959654
407,-1.5470552740472938,0.953615399478525,-2.73604053673927,-1.6013335643516353,0.9593748338928642,-2.7014761059532435,0.0542782903043415,-0.005759434414339126,-0.034564430786026445,0.06460653031000396
408,-1.5587264153361122,0.9486043568515451,-2.7042714625019206,-1.613235497166481,0.9535406496505743,-2.6702229076755954,0.054509081830368844,-0.004936292799029185,-0.034048554826325184,0.06445859969273973
409,-1.5702324980222817,0.9432251237824166,-2.6725023882645713,-1.6249761077759686,0.9473250618621301,-2.639229120063048,0.05474360975368686,-0.004099938079713428,-0.0332732682015231,0.06419332268960637
410,-1.5815619102914833,0.9374831289350282,-2.640733314027222,-1.6365542221288205,0.940730556679773,-2.608547274546721,0.054992311837337216,-0.0032474277447448463,-0.032186039480500916,0.06380157745395204
411,-1.592670929791207,0.9314018425829025,-2.610531283828326,-1.6479686824232516,0.9337597718176508,-2.578226158302969,0.05529775263204462,-0.0023579292347483127,-0.03230512552535725,0.06408605473611219
412,-1.6035912437869022,0.9249878656436539,-2.58032925362943,-1.6592183472227418,0.926415495496766,-2.54831044080868,0.05562710343583954,-0.0014276298531121778,-0.03201881282075014,0.06419982194764501
413,-1.6143128919334104,0.9182470482626334,-2.5501272234305343,-1.670302091570187,0.9187006653297247,-2.518840399062686,0.05598919963677651,-0.00045361706709134975,-0.031286824367848354,0.06413939213490381
414,-1.6248260950873616,0.9111855386941672,-2.5199251932316384,-1.681218807100389,0.9106183671457304,-2.4898517410274974,0.056392712013027424,0.0005671715484367734,-0.030073452204141038,0.0639130047738671
415,-1.6351212642266657,0.9038097776937747,-2.4897231630327425,-1.691967402150893,0.9021718337562933,-2.4613755232435177,0.056846137924227325,0.0016379439374814009,-0.028347639789224832,0.06354333119110338
416,-1.645397158440348,0.8959676417810168,-2.462153841173551,-1.702546801871149,0.893364443662152,-2.4334381555791036,0.05714964343080098,0.002603198118864891,-0.028715685594447482,0.06401131918553869
417,-1.6554529727327045,0.8878452224072964,-2.4345845193143596,-1.7129559483300023,0.8841997197019128,-2.4060614838033527,0.05750297559729778,0.003645502705383552,-0.028523035511006878,0.06429187699298056
418,-1.6652810644901213,0.879448692768645,-2.407015197455168,-1.723193800621481,0.8746813276429652,-2.3792629391356055,0.05791273613135983,0.004767365125679768,-0.027752258319562628,0.06439565682790875
419,-1.6748739641725208,0.8707844343902047,-2.3794458755959766,-1.7332593349688885,0.8648130747152218,-2.353055743107651,0.05838537079636774,0.005971359674982857,-0.02639013248832578,0.06435019620909287
420,-1.6842243809903577,0.8618590322761448,-2.351876553736785,-1.7431515448271764,0.8545989080882805,-2.327449155898217,0.05892716383681873,0.007260124187864259,-0.024427397838568066,0.0642013847688519
421,-1.6936873748911545,0.8523139622530895,-2.3274001215847204,-1.7528694409836028,0.8440429132926041,-2.3024487566599667,0.05918206609244825,0.008271048960485472,-0.024951364924753694,0.06475722206430638
422,-1.7029139283820527,0.8425401540909072,-2.3029236894326557,-1.7624120516566506,0.833149312585366,-2.278056745137869,0.059498123274597914,0.009390841505541259,-0.02486694429478664,0.06516578470287508
423,-1.711898514150202,0.832543462944017,-2.278447257280591,-1.7717784225932054,0.8219224632616022,-2.2542722549523493,0.05987990844300328,0.010620999682414811,-0.024175002328241657,0.06544340919425577
424,-1.720635749837346,0.8223298774884168,-2.253970825128526,-1.780967617163977,0.8103668559113548,-2.2310916701770687,0.060331867326631095,0.011963021577061972,-0.022879154951457537,0.06562395775678476
425,-1.7291204012642063,0.8119055163340715,-2.2294943929764615,-1.789978716457167,0.7984871126234903,-2.208508938179551,0.0608583151929607,0.013418403710581228,-0.020985454796910386,0.06575847777510563
426,-1.7377745244985485,0.8007247801593882,-2.2080804920940573,-1.7988108193703554,0.7862879851369292,-2.186515873031657,0.06103629487180684,0.014436795022458981,-0.021564619062400148,0.06632407660499377
427,-1.7461872587337834,0.7893613030044696,-2.186666591211653,-1.8074630427006113,0.7737743529400123,-2.165102445073569,0.06127578396682787,0.015586950064457317,-0.021564146138083995,0.06680334656082648
428,-1.7543547464147056,0.7778202954511821,-2.165252690329249,-1.8159345212328108,0.7609512213187744,-2.144257053386,0.06157977481810528,0.01686907413240779,-0.020995636943248908,0.06721198627764204
429,-1.7622732424408825,0.7661070494857602,-2.143838789446845,-1.8242244078261607,0.7478237193548899,-2.123966778963472,0.06195116538527823,0.018283330130870357,-0.019872010483372726,0.06758049906533514
430,-1.7699391158839248,0.7542269360722313,-2.122424888564441,-1.8323318734989098,0.7343970978741133,-2.104217617273643,0.06239275761498497,0.01982983819811801,-0.01820727129079769,0.06795280283860637
431,-1.7777715163593668,0.741498531883761,-2.103761655560722,-1.840256107511248,0.7206767273460168,-2.084994689631238,0.06248459115188121,0.020821804537744182,-0.018766965929484236,0.0684840907497807
432,-1.7853650134153887,0.7286261749568824,-2.0850984225570035,-1.8479963174463758,0.7066680957358779,-2.0662824334160166,0.06263130403098716,0.021958079221004567,-0.018815989140986922,0.068984628251891
433,-1.792716962190221,0.7156143488127544,-2.066435189553285,-1.855551729289751,0.6923768063095604,-2.048064771633234,0.06283476709952995,0.023237542503193986,-0.018370417920051008,0.0694669964270606
434,-1.7998248019548475,0.7024675855505227,-2.0477719565495662,-1.862921587506485,0.6778085753922868,-2.030325262666764,0.06309678555163756,0.024659010158235906,-0.0174466938828024,0.06995468716514665
435,-1.806686057004923,0.6891904642687618,-2.0291087235458476,-1.8701051551168988,0.662969230082182,-2.0130472313250416,0.06341909811197577,0.026221234186579845,-0.016061492220805995,0.07048054100220062
436,-1.8136731956785392,0.6750277854712774,-2.0127743709508903,-1.8771017137702157,0.6478647059195176,-1.996213882444517,0.06342851809167649,0.027163079551759783,-0.01656048850637326,0.07095956297505703
437,-1.8204280743478516,0.6607528706999757,-1.996440018355933,-1.883910563816402,0.6325010445125663,-1.9798083984096402,0.0634824894685504,0.0282518261874094,-0.01663161994629281,0.0714479036367487
438,-1.826948890776495,0.6463695285755251,-1.9801056657609757,-1.8905310243761266,0.6168843911210447,-1.963814021986842,0.06358213359963161,0.029485137454480448,-0.016291643774133613,0.07195469894770094
439,-1.8332339051771136,0.6318815966475695,-1.9637713131660184,-1.8969624334088513,0.6010209921980904,-1.9482141258648502,0.06372852823173769,0.030860604449479134,-0.015557187301168174,0.07249640194033238
440,-1.839281440675545,0.6172929403708499,-1.947436960571061,-1.9032041477790322,0.5849171928917617,-1.9329922702561362,0.06392270710348713,0.032375747479088224,-0.014444690314924902,0.07309548950901128
441,-1.8453959774790807,0.6018335552324225,-1.932999546860696,-1.9092555433204328,0.5685794345070697,-1.9181322498532611,0.0638595658413521,0.03325412072535283,-0.014867297007434832,0.07351814208050694
442,-1.8512866912546488,0.5862875062039925,-1.9185621331503309,-1.9151160148985422,0.5520142519295328,-1.9036181313569873,0.06382932364389338,0.03427325427445971,-0.014944001793343542,0.07397406102816116
443,-1.8569523541695911,0.5706580336308611,-1.9041247194399658,-1.9207849764710867,0.5352282710113162,-1.8894342827063793,0.06383262230149556,0.03542976261954489,-0.014690436733586498,0.07446932711248434
444,-1.8623917852997918,0.5549483952467409,-1.8896873057296006,-1.9262618611466333,0.5182282059209752,-1.8755653950493394,0.06387007584684157,0.036720189325765706,-0.014121910680261252,0.07501458027652123
445,-1.8676038508758233,0.5391618654947287,-1.8752498920192355,-1.9315461212412777,0.5010208564578846,-1.8619964983989576,0.06394227036545441,0.03814100903684403,-0.013253393620277887,0.07562408976173868
446,-1.8728194094814479,0.5225635802310923,-1.8623116706583294,-1.9366372283334143,0.4836131053324,-1.8487129718292505,0.06381781885196647,0.0389504748986923,-0.013598698829078826,0.07599196080968075
447,-1.8778197852597378,0.5058992060352923,-1.8493734492974232,-1.9415346733165766,0.4660119154128712,-1.8357005489754596,0.06371488805683878,0.03988729062242108,-0.013672900321963555,0.07640373758205372
448,-1.8826041411716057,0.48917153244419387,-1.836435227936517,-1.9462379664503477,0.44822432694058495,-1.8229453195202048,0.06363382527874206,0.04094720550360892,-0.013489908416312257,0.0768629623891816
449,-1.8871716763386601,0.47238335959067956,-1.8234970065756109,-1.950746637409333,0.4302574547137687,-1.810433727268505,0.06357496107067284,0.04212590487691087,-0.013063279307105935,0.07737581536301619
450,-1.8915216261772705,0.4555374977349202,-1.8105587852147047,-1.955060235330194,0.41211848524175654,-1.7981525653422639,0.06353860915292353,0.043419012493163656,-0.012406219872440838,0.0779504957681016
451,-1.895815282355118,0.4379740140010642,-1.7987689652264793,-1.9591783288567337,0.39381467387048763,-1.7860889689586406,0.06336304650161573,0.044159340130576596,-0.012679996267838778,0.07826688500308591
452,-1.8999015746131305,0.4203611306532106,-1.786979145238254,-1.9631005061830311,0.37535334188046116,-1.7742304061965488,0.06319893156990064,0.04500778877274947,-0.012748739041705148,0.07862783444139176
453,-1.9037799349638544,0.4027012958512391,-1.7751893252500286,-1.9668263750946215,0.3567418735583286,-1.7625646671013775,0.0630464401307671,0.0459594222929105,-0.012624658148651102,0.0790348284241244
454,-1.9074498243220064,0.3849969642811991,-1.7633995052618032,-1.970355563007719,0.33798771324326765,-1.7510798514294241,0.06290573868571259,0.047009251037931465,-0.012319653832379096,0.07949072595776234
455,-1.9109107325794052,0.3672505968141128,-1.7516096852735779,-1.973687717006473,0.3190983623493521,-1.7397643552903157,0.0627769844270678,0.04815223446476069,-0.011845329983262154,0.0799993706232616
456,-1.9142639937242296,0.34890771536264503,-1.7406621368183242,-1.9768225038782612,0.3000813763650833,-1.7286068569072703,0.06255851015403158,0.048826338997561725,-0.012055279911053818,0.0802677291713846
457,-1.9174162483564787,0.33052922383092637,-1.7297145883630705,-1.9797596101470079,0.2809443618313017,-1.7175963016812124,0.06234336179052913,0.04958486199962464,-0.012118286681858104,0.08057422770942535
458,-1.9203671186859368,0.31211732483742993,-1.7187670399078168,-1.982498742104534,0.2616949732986626,-1.706721886714927,0.062131623418597126,0.05042235153876734,-0.01204515319288979,0.08091871154911937
459,-1.9231162510578172,0.2936742250044336,-1.707819491452563,-1.9850396258399263,0.2423409102659238,-1.6959730449273882,0.061923374782109075,0.05133331473850977,-0.011846446525174859,0.08130161032674736
460,-1.9256633159951475,0.27520213469356153,-1.6968719429973094,-1.987382007266929,0.22288991410024592,-1.6853394288655676,0.061718691271781534,0.05231222059331561,-0.011532514131741722,0.08172370621737624
461,-1.9280623349573882,0.2562746474167618,-1.6864967906405945,-1.9895256521493512,0.20334976494075557,-1.6748108943012632,0.06146331719196296,0.05292488247600624,-0.01168589633933137,0.08194719469629524
462,-1.930264852759901,0.23732328910332634,-1.6761216382838797,-1.9914703461244907,0.183728278586583,-1.6643774836832836,0.0612054933645898,0.05359501051674334,-0.01174415460059608,0.08219770518436252
463,-1.932270632317456,0.21835009973092248,-1.665746485927165,-1.993215894724571,0.16403330337065347,-1.6540294095005519,0.06094526240711495,0.05431679636026901,-0.011717076426613016,0.08247380951976283
464,-1.9340794577222844,0.19935712162717445,-1.65537133357045,-1.9947621233961865,0.14427271702045727,-1.6437570375989194,0.060682665673902125,0.05508440460671718,-0.01161429597153063,0.08277420742647686
465,-1.9356911342673169,0.18034639924982127,-1.6449961812137353,-1.996108877517759,0.12445442350706172,-1.6335508704836228,0.060417743250442024,0.055891975742759545,-0.011445310730112457,0.08309760399442562
466,-1.9371266341713418,0.16103551906593463,-1.634949454075069,-1.9972560224149978,0.10458634988363526,-1.6234015306300522,0.06012938824365599,0.05644916918229938,-0.011547923445016872,0.08327908841852283
467,-1.9383680537484227,0.14171119162913826,-1.624902726936403,-1.9982034433743696,0.08467644311472142,-1.613299743817685,0.05983538962594692,0.05703474851441684,-0.01160298311871788,0.08347374202133807
468,-1.9394152676947853,0.12237536745737292,-1.6148559997977368,-1.998951045654568,0.06473266689756589,-1.6032363224955564,0.05953577795978271,0.057642700559807025,-0.011619677302180387,0.08367918908373176
469,-1.9402681703089717,0.10302999822901247,-1.6048092726590706,-1.999498754495988,0.04476299847674028,-1.5932021491822361,0.05923058418701621,0.058266999752272196,-0.011607123476834458,0.08389297156897581
470,-1.940926675502508,0.0836770365858694,-1.5947625455204044,-1.9998465151282017,0.024775425453357765,-1.5831881598989876,0.05891983962569358,0.05890161113251164,-0.011574385621416772,0.08411250619281493
471,-1.9413938391533025,0.06418817980698503,-1.5848155415588463,-1.999994292775436,0.0047779425901285115,-1.5731853276313745,0.0586004536221334,0.059410237216856523,-0.011630213927471766,0.08425468133511473
472,-1.9416671271542,0.04469564035997976,-1.5748685375972882,-1.999942072660049,-0.015221451386431743,-1.5631846458120962,0.058274945505848885,0.05991709174641151,-0.011683891785192024,0.08439514490955999
473,-1.9417465124655195,0.025201346877095146,-1.56492153363573,-1.9996898600040087,-0.03521475698538918,-1.5531771118160986,0.057943347538489176,0.060416103862484326,-0.011744421819631423,0.08453087349463549
474,-1.9416319872327137,0.005707228164120667,-1.554974529674172,-1.9992376800283709,-0.05519397715107451,-1.5431537104581057,0.05760569279565719,0.060901205315195175,-0.011820819216066258,0.08465875275628687
475,-1.9413235627871464,-0.01378478699044628,-1.5450275257126138,-1.998585577950756,-0.0751511204618093,-1.5331053974825013,0.057262015163609625,0.06136633347136302,-0.011922128230112516,0.08477560029779344
476,-1.9408220110873566,-0.03324400350436911,-1.5349563498092975,-1.9977336189808284,-0.09507820432636097,-1.5230230830361118,0.056911607893471716,0.061834200821991855,-0.011933266773185736,0.08488110720410466
477,-1.9401245109436702,-0.0526971820362401,-1.5248851739059812,-1.9966818883137751,-0.11496725817687632,-1.5128976151157174,0.05655737737010491,0.06227007614063622,-0.011987558790263808,0.08497058834264429
478,-1.9392311331019412,-0.0721423494943824,-1.514813998002665,-1.9954304911217866,-0.1348103266569955,-1.5027197629842826,0.056199358019845436,0.06266797716261309,-0.01209423501838236,0.08504065924119136
479,-1.938141968175453,-0.09157753359966417,-1.5047428220993486,-1.993979552543539,-0.15459947280389894,-1.4924802005528235,0.05583758436808606,0.06302193920423477,-0.012262621546525132,0.08508802816095043
480,-1.9368571266357284,-0.11100076308554234,-1.4946716461960323,-1.9923292176716814,-0.17432678122297965,-1.4821694897287272,0.055472091035952964,0.06332601813743731,-0.012502156467305126,0.08510958449773487
481,-1.935391053047427,-0.13022239439832062,-1.4842468775146105,-1.9904796515383252,-0.19398436125389898,-1.4717780637361624,0.0550885984908982,0.06376196685557836,-0.012468813778448107,0.08518106255515297
482,-1.9337246816910594,-0.14942769805625247,-1.4738221088331889,-1.9884310390985427,-0.21356435012673866,-1.4612962104201923,0.05470635740748331,0.06413665207048619,-0.012525898412996561,0.08522437333684897
483,-1.9318581936592292,-0.1686145869264609,-1.4633973401517673,-1.9861835852118708,-0.2330589161070144,-1.450714055553347,0.0543253915526416,0.06444432918055351,-0.012683284598420164,0.08523605715355377
484,-1.9297917917921834,-0.1877809758772926,-1.4529725714703456,-1.9837375146218252,-0.25246026162825813,-1.4400215461719812,0.05394572282964183,0.06467928575096554,-0.01295102529836445,0.08521314495514451
485,-1.9275257006557684,-0.20692478200491923,-1.442547802788924,-1.9810930719334263,-0.2717606264109441,-1.4292084339797944,0.05356737127765787,0.06483584440602488,-0.01333936880912967,0.08515332492431929
486,-1.9251042150961475,-0.22570234732339664,-1.4315241324011634,-1.9782505215887396,-0.2909522905664908,-1.4182642588677388,0.05314630649259211,0.06524994324309416,-0.013259873533424615,0.08519336378588395
487,-1.922475883167741,-0.24445207859825116,-1.4205004620134027,-1.9752101478404307,-0.31002757768512307,-1.4071783326133003,0.0527342646726896,0.06557549908687191,-0.013322129400102467,0.08519699456444864
488,-1.919641024265651,-0.263171697360672,-1.409476791625642,-1.9719722547233407,-0.32897885790632714,-1.3959397228381787,0.052331230457689726,0.06580716054565516,-0.013537068787463413,0.08516097869126436
489,-1.9165999828821525,-0.2818589288011232,-1.3984531212378815,-1.9685371660240831,-0.347798550970695,-1.384537237321871,0.05193718314193063,0.06593962216957183,-0.013915883916010507,0.0850832333056767
490,-1.9133531285648322,-0.30051150204577864,-1.3874294508501208,-1.964905225248665,-0.36647912925192844,-1.372959408789994,0.05155209668383276,0.06596762720614979,-0.01447004206012692,0.08496310157315726
491,-1.9099908755651362,-0.318641738325675,-1.3755353252600913,-1.9610767955881379,-0.38501312076778266,-1.3611944803206513,0.05108592002300161,0.06637138244210766,-0.01434084493943999,0.08497406348674927
492,-1.90641322216917,-0.336730702059874,-1.3636411996700617,-1.957052259882277,-0.4033931121687696,-1.3492303915401058,0.05063903771310696,0.06666241010889562,-0.014410808129955877,0.08494622094592826
493,-1.9026206745023928,-0.3547758342288013,-1.3517470740800321,-1.9528320205812995,-0.42161175170339216,-1.337054765810933,0.05021134607890665,0.06683591747459083,-0.014692308269099064,0.08487687000591083
494,-1.8986137690910452,-0.37277458201367086,-1.3398529484900026,-1.9484164997056181,-0.43966175215875003,-1.3246548986519633,0.049802730614572965,0.06688717014507917,-0.015198049838039296,0.0847654777935217
495,-1.8943930727862486,-0.3907243991576284,-1.327958822899973,-1.9438061388036416,-0.4575358937753214,-1.3120177476702315,0.04941306601739304,0.06681149461769298,-0.01594107522974153,0.08461409330465901
496,-1.8901112133731732,-0.40800904188234416,-1.3148867344125355,-1.9390013989076176,-0.47522702713477977,-1.2991299243311092,0.04889018553444435,0.06721798525243561,-0.015756810081426265,0.08459778275422578
497,-1.8856037798515883,-0.4252362365815081,-1.3018146459250979,-1.934002760487532,-0.4927280760196602,-1.2859776879442872,0.04839898063594372,0.06749183943815207,-0.01583695798081064,0.08454832319703162
498,-1.880871542438501,-0.44240303952266713,-1.2887425574376603,-1.928810723403061,-0.5100320402437544,-1.272546942300503,0.04793918096455996,0.06762900072108724,-0.016195615137157393,0.08446386659250552
499,-1.8759153097647467,-0.45950651729293424,-1.2756704689502227,-1.9234258068535868,-0.527131998452086,-1.2588232354572375,0.04751049708884003,0.06762548115915179,-0.016847233492985225,0.08434620508358769
500,-1.8707359287368142,-0.47654374730024185,-1.2625983804627852,-1.917848549326277,-0.5440211108893698,-1.2447917632410141,0.04711262058946275,0.06747736358912793,-0.017806617221771015,0.0842013612278846
501,-1.8655635989486175,-0.4927914773133519,-1.2479977612245357,-1.9120795085422362,-0.5606926221358159,-1.2304373771094976,0.04651590959361873,0.06790114482246407,-0.01756038411503802,0.08415855514319759
502,-1.8601546019733985,-0.5089619589925987,-1.2333971419862861,-1.906119261400735,-0.5771398638092112,-1.2157445970978271,0.04596465942733641,0.06817790481661257,-0.01765254488845902,0.0840986858547336
503,-1.8545100908702747,-0.5250517452069489,-1.2187965227480366,-1.8999684039215217,-0.5933562572321769,-1.200697630660021,0.045458313051246924,0.06830451202522803,-0.018098892088015628,0.0840210359569752
504,-1.8486312689039217,-0.5410574060275681,-1.2041959035097871,-1.8936275511852179,-0.6093353160635608,-1.1852803983066504,0.04499628228129615,0.0682779100359927,-0.018915505203136673,0.08393053529622631
505,-1.842519389288068,-0.5569755294589935,-1.1895952842715376,-1.8870973372718132,-0.625070648892882,-1.16947656703277,0.04457794798374515,0.06809511943388846,-0.02011871723876757,0.08383854436051777
506,-1.8364957358385847,-0.5720043785999679,-1.1730725112147078,-1.8803784151972567,-0.6405559617968117,-1.153269592622839,0.04388267935867196,0.06855158319684385,-0.01980291859186889,0.08376851849738065
507,-1.8302245976399532,-0.586931653404007,-1.156549738157878,-1.8734714568481579,-0.6557850608566534,-1.136642772009011,0.0432468592082047,0.06885340745264645,-0.01990696614886689,0.0837100343475414
508,-1.82370768668668,-0.6017532787875047,-1.1400269651010482,-1.8663771529145952,-0.6707518546358369,-1.119579306941384,0.04266946622791523,0.06899857584833213,-0.020447658159664206,0.08366357356393357
509,-1.8169467820682061,-0.616465208508705,-1.1235041920442184,-1.8590962128210502,-0.6854503566164047,-1.1020623802982807,0.04214943075284405,0.06898514810769973,-0.021441811745937622,0.08363776935797781
510,-1.8099437294832232,-0.6310634262723089,-1.1069814189873886,-1.8516293646554642,-0.6998746875935437,-1.0840752464144137,0.041685635172241,0.06881126132123472,-0.022906172572974892,0.08365031145354652
511,-1.8031204830857601,-0.6447042133713934,-1.0881158310213332,-1.8439773550964327,-0.7140190780271819,-1.06560133682667,0.04085687201067256,0.06931486465578851,-0.022514494194663337,0.08355080431443067
512,-1.7960411246803623,-0.658213856173887,-1.069250243055278,-1.836140949338534,-0.7278778703497366,-1.0466243828210473,0.040099824658171634,0.06966401417584966,-0.022625860234230633,0.08350449305305692
513,-1.7887081738096484,-0.6715875465998965,-1.0503846550892226,-1.828120931015814,-0.7414455212290605,-1.0271285560983872,0.03941275720616555,0.06985797462916399,-0.023256098990835472,0.08351256306779604
514,-1.7811242402697585,-0.6848205249549598,-1.0315190671231673,-1.8199181021234212,-0.754716603785701,-1.007098628747356,0.03879386185366274,0.06989607883074123,-0.024420438375811315,0.08358698082776443
515,-1.7732920231815277,-0.6979080816240202,-1.012653479157112,-1.811533282937409,-0.7676858097635824,-0.9865201535059736,0.03824125975588122,0.06977772813956218,-0.02613332565113846,0.08375127462686092
516,-1.7657360884996356,-0.7100098646731011,-0.9910444251601108,-1.8029673119327096,-0.7803479516532316,-0.9653796649918884,0.03723122343307406,0.07033808698013044,-0.02566476016822239,0.08361991624511624
517,-1.7579204301436133,-0.7219455584671787,-0.9694353711631096,-1.7942210456992849,-0.79269796476672,-0.9436649021705272,0.036300615555671545,0.07075240629954138,-0.025770468992582396,0.08359279130997897
518,-1.7498486975026128,-0.7337095898364097,-0.9478263171661084,-1.7852953588564693,-0.804730909263467,-0.9213650517940357,0.035446661353856435,0.07102131942705736,-0.026461265372072718,0.0836701391141807
519,-1.741524659535332,-0.7452964657658097,-0.9262172631691072,-1.7761911439655085,-0.8164419721261122,-0.8984710118695688,0.0346664844301765,0.07114550636030259,-0.02774625129953845,0.0838647880769317
520,-1.7329522030101623,-0.7567007759601231,-0.904608209172106,-1.7669093114403063,-0.8278264690856536,-0.8749756733946423,0.03395710843014399,0.07112569312553052,-0.02963253577746372,0.08420235514595992
521,-1.7247465368545014,-0.767139647002052,-0.8799726138377004,-1.7574507894563798,-0.8388798464951001,-0.8508742176279203,0.03270425260187837,0.0717401994930481,-0.029098396209780164,0.08404130546065522
522,-1.716286218843357,-0.7773732194397925,-0.8553370185032948,-1.7478165238580448,-0.8495976831508637,-0.8261644250538847,0.03153030501468779,0.07222446371107116,-0.029172593449410145,0.08403316905386615
523,-1.707576383390284,-0.7873952827038401,-0.8307014231688892,-1.7380074780638322,-0.8599756920611862,-0.8008469909691761,0.03043109467354821,0.07258040935734611,-0.029854432199713066,0.08417395361676706
524,-1.6986223163364473,-0.7971997545857711,-0.8060658278344836,-1.7280246329701487,-0.8700097221608728,-0.7749258413027453,0.02940231663370141,0.07280996757510172,-0.031139986531738217,0.08447180809543878
525,-1.6894294517427408,-0.8067806849294256,-0.7814302325000779,-1.717868986853184,-0.8796957599716702,-0.7484084409343449,0.02843953511044317,0.07291507504224459,-0.03302179156573304,0.08494618322164338
526,-1.6806682710272325,-0.8154726125536459,-0.7537617145595891,-1.7075415552690867,-0.8890299312075991,-0.721306085468987,0.0268732842418542,0.07355731865395321,-0.03245562909060207,0.08477157774377823
527,-1.671669981573255,-0.8239188353932896,-0.7260931966191002,-1.6970433709524082,-0.8980085023246204,-0.6936341662499572,0.025373389379153233,0.07408966693133079,-0.032459030369142994,0.08477426665614161
528,-1.6624414715538187,-0.8321128878812618,-0.6984246786786114,-1.6863754837128333,-0.9066278820139979,-0.6654123974581106,0.023934012159014584,0.0745149941327361,-0.033012281220500705,0.08494193310733501
529,-1.6529898053753271,-0.8400484974863797,-0.6707561607381225,-1.6755389603301956,-0.9148846226387805,-0.6366649935694167,0.022549154954868422,0.07483612515240079,-0.03409116716870575,0.0852708490395698
530,-1.6433222182697882,-0.8477195895149827,-0.6430876427976336,-1.6645348844478025,-0.9227754216128066,-0.6074207853483693,0.021212666178014317,0.07505583209782385,-0.035666857449264344,0.08576409422702919
531,-1.6340944331645864,-0.854634468667643,-0.6128469604727773,-1.6533643564640714,-0.9302971227216964,-0.5777132630548064,0.01926992329948507,0.07566265405405337,-0.0351336974179709,0.08561859527420974
532,-1.6246617883440386,-0.8612671742493097,-0.582606278147921,-1.642028493422494,-0.9374467173852932,-0.5475805367263731,0.01736670507845539,0.07617954313598352,-0.03502574142154791,0.08562550904852104
533,-1.6150329092937874,-0.8676116411204747,-0.5523655958230647,-1.6305284288999269,-0.9442213458610588,-0.5170652053199697,0.015495519606139485,0.07660970474058404,-0.03530039050309497,0.08576290315733671
534,-1.6052166009417805,-0.8736620677155171,-0.5221249134982083,-1.6188653128932389,-0.95061829838793,-0.48621412915210704,0.013648711951458337,0.07695623067241286,-0.03591078434610129,0.08601240148717912
535,-1.5952218396067879,-0.8794129213478236,-0.491884231173352,-1.6070403117043106,-0.9566350162701883,-0.4550781034039326,0.011818472097522736,0.07722209492236476,-0.03680612776941938,0.08635750846508636
536,-1.5855794273202868,-0.8845794308071935,-0.46011256237946335,-1.5950546078234087,-0.9622690929009017,-0.4237114343156453,0.009475180503121905,0.0776896620937082,-0.03640112806381807,0.08631630649025586
537,-1.5757777603251995,-0.8894370288570574,-0.4283408935855747,-1.582909399810932,-0.9675182747245379,-0.3921714238816628,0.007131639485732588,0.07808124586748044,-0.03616946970391188,0.08634681103917266
538,-1.5658267319735777,-0.8939808124612628,-0.39656922479168605,-1.5706059021775611,-0.972380462138356,-0.3605177731102454,0.0047791702039834405,0.07839964967709323,-0.03605145168144064,0.08642368139386818
539,-1.5557363863759597,-0.8982061953335313,-0.3647975559977974,-1.5581453452628062,-0.9768537103322188,-0.32881191793031006,0.0024089588868465572,0.0786475149986875,-0.035985638067487336,0.08652283424340355
540,-1.5455169082633073,-0.9021089125666456,-0.33302588720390874,-1.5455289751119743,-0.9809362300664917,-0.29711631530754834,1.2066848666947294e-05,0.07882731749984606,-0.035909571896360404,0.0866212646156257
541,-1.5354390941131535,-0.9055949220016398,-0.301226770793793,-1.5327580533515686,-0.9846263883877127,-0.265493699789787,-0.0026810407615849297,0.07903146638607284,-0.03573307100400602,0.08677564763270613
542,-1.5252555414560733,-0.9087587575072226,-0.2694276543836773,-1.519833857063122,-0.9879227092817555,-0.23400633231352022,-0.00542168439295132,0.07916395177453295,-0.03542132207015705,0.08689646701342435
543,-1.5149765468678977,-0.9115972201337447,-0.23762853797356154,-1.506757678655493,-0.9908238742642128,-0.20271526353027572,-0.008218868212404695,0.07922665413046814,-0.03491327444328582,0.08696751837182602
544,-1.5046125034256599,-0.9141074399156195,-0.2058294215634458,-1.4935308257356246,-0.9933287229077735,-0.17167963311530354,-0.011081677690035319,0.07922128299215403,-0.03414978844814226,0.08697714245939361
545,-1.4941738901991708,-0.9162868787731409,-0.17403030515333007,-1.4801546209777887,-0.9954362533063774,-0.1409560245718928,-0.01401926922138208,0.07914937453323656,-0.03307428058143727,0.08691991391208223
546,-1.4835556642228125,-0.9181536561223096,-0.14378301492201062,-1.466630401991313,-0.997145622475965,-0.11059789210988624,-0.016925262231499483,0.07899196635365546,-0.03318512281212438,0.08733525992448776
547,-1.4728858388292787,-0.9196984559889204,-0.11353572469069118,-1.452959521186826,-0.99845614669166,-0.08065507250195922,-0.019926317642452673,0.07875769070273964,-0.03288065218873196,0.08764113912982126
548,-1.4621741750822923,-0.9209198651455416,-0.08328843445937173,-1.439143345641015,-0.9993673017612495,-0.05117339069845843,-0.023030829441277323,0.07844743661570797,-0.0321150437609133,0.08783960070545688
549,-1.4514304723205078,-0.9218167662118816,-0.05304114422805229,-1.425183256959923,-0.9998787232348542,-0.022194363718999813,-0.02624721536058483,0.07806195702297258,-0.030846780509052478,0.08794378497776292
550,-1.4406645591927931,-0.9223883386770004,-0.022793853996732852,-1.4110806511407838,-0.9999902065507035,0.006244996773392763,-0.029583908052009278,0.07760186787370305,-0.029038850770125614,0.08798018167273258
551,-1.4293503776756535,-0.9226462771516277,0.004693109371253005,-1.396836938432427,-0.9997017071169574,0.03411228652508152,-0.03251343924322647,0.07705542996532966,-0.029419177153828514,0.08865749264993426
552,-1.4180333809563919,-0.9225931648583319,0.03218007273923886,-1.3824535431942528,-0.9990133403295429,0.061379721814441665,-0.03557983776213902,0.07642017547121105,-0.029199649075202803,0.08921091626222552
553,-1.40672211886292,-0.9222290419226851,0.05966703610722472,-1.3679319037538011,-0.9979253815259969,0.08802407252366619,-0.03879021510911884,0.07569633960331179,-0.028357036416441467,0.0896590103217463
554,-1.3954251368907225,-0.921554183434317,0.08715399947521058,-1.3532734722629136,-0.9964382658753348,0.11402652573356668,-0.04215166462780884,0.07488408244101774,-0.026872526258356108,0.0900362221632741
555,-1.3841509697468581,-0.9205690992390893,0.11464096284319643,-1.338479714552524,-0.9945525882039893,0.13937249138381436,-0.045671255194334126,0.07398348896490003,-0.024731528540617928,0.0903939638161801
556,-1.3719958098857004,-0.9191694831216795,0.1387533889098025,-1.3235521099860739,-0.9922691027578862,0.16405136184929442,-0.04844369989962649,0.0730996196362067,-0.02529797293949193,0.09127066278805274
557,-1.359877928283566,-0.9174772118659215,0.16286581497640853,-1.3084921513115828,-0.9895887229007583,0.18805623702960433,-0.05138577697198321,0.07211151103483682,-0.0251904220531958,0.09206044461091813
558,-1.3478043700456293,-0.9154932693260376,0.18697824104301458,-1.293301344512367,-0.9865125207488105,0.21138362585071127,-0.05450302553326236,0.07101925142277288,-0.02440538480769669,0.09278974443623729
559,-1.335782154508306,-0.9132188089283703,0.21109066710962063,-1.2779812086564475,-0.9830417267418881,0.234033134057412,-0.057800945851858465,0.06982291781351779,-0.022942466947791368,0.0935015827834654
560,-1.3238182711583457,-0.9106551530008017,0.23520309317622667,-1.2625332757446417,-0.979177729151317,0.25600714694934407,-0.061284995413704024,0.06852257615051527,-0.020804053773117392,0.09425498797705958
561,-1.3107348980067075,-0.9075198737460175,0.255856708881821,-1.2469590905573706,-0.9749220735246148,0.2773105143849678,-0.06377580744933686,0.0674021997785973,-0.021453805503146794,0.09524009618525006
562,-1.2977190655043558,-0.904115063428069,0.2765103245874153,-1.2312602105001726,-0.97027646206729,0.2979502440332553,-0.06645885500418314,0.06616139863922099,-0.021439919445840006,0.09619657075077603
563,-1.2847763256415679,-0.9004421743915356,0.29716394029300963,-1.2154382054479715,-0.9652427529619856,0.3179352075580311,-0.06933812019359631,0.06480057857044996,-0.020771267265021487,0.09715109592197928
564,-1.2719121992304678,-0.8965027733317645,0.31781755599860395,-1.1994946575880876,-0.9598229596252282,0.3372758632229733,-0.07241754164238023,0.0633201862934637,-0.019458307224369364,0.09814464860501956
565,-1.2591321735500869,-0.8922985406265863,0.33847117170419827,-1.1834311612620187,-0.954019249902089,0.35598399733641756,-0.07570101228806814,0.06172070927550266,-0.017512825632219287,0.09923098445815137
566,-1.245103123685575,-0.8873600670938929,0.35590904764177406,-1.1672493228060146,-0.9478339451990766,0.3740724860305142,-0.0778538008795604,0.060473878105183676,-0.018163438388740127,0.10024078380866946
567,-1.2311623188648426,-0.8821777199534242,0.37334692357934984,-1.1509507603904343,-0.9412695195556019,0.39155507809344553,-0.0802115584744083,0.0590917996021777,-0.018208154514095687,0.10127819007035294
568,-1.2173139980936716,-0.8767530750108651,0.39078479951692563,-1.1345371038579373,-0.9343285986543979,0.4084461989420335,-0.08277689423573431,0.0575755236435328,-0.01766139942510786,0.102366401576856
569,-1.203562372256051,-0.8710877817478324,0.4082226754545014,-1.1180099945604975,-0.92701395877128,0.4247607753253133,-0.08555237769555335,0.0559261770234476,-0.016538099870811895,0.10353963179941081
570,-1.189911622833766,-0.8651835628203138,0.4256605513920772,-1.1013710851952752,-0.9193285256646756,0.4405140799735253,-0.0885405376384909,0.054144962844361766,-0.014853528581448117,0.10484145705802757
571,-1.1749746692905096,-0.8584114581201557,0.440265319150921,-1.0846220396393396,-0.9112753734053558,0.4557215951360275,-0.09035262965117008,0.05286391528520007,-0.015456275985106516,0.10581629218362401
572,-1.1601382102397277,-0.8514219326671817,0.45487008690976477,-1.0677645327832885,-0.90285772314685,0.470398893769609,-0.09237367745643921,0.051435790479668286,-0.015528806859844202,0.10686290596640606
573,-1.1454054102306288,-0.844216477295368,0.46947485466860855,-1.0508002503637583,-0.894078941837027,0.48456153703014543,-0.09460515986687046,0.04986246454165899,-0.015086682361536874,0.10800004457537148
574,-1.1307794117024197,-0.8367966288955602,0.48407962242745234,-1.0337308887948575,-0.8849425408713637,0.498224986670857,-0.09704852290756216,0.048145911975803535,-0.014145364243404679,0.10925445514074028
575,-1.1162633343140373,-0.8291639700876612,0.4986843901862961,-1.0165581549985165,-0.8754521746884284,0.5114045309468265,-0.09970517931552081,0.04628820460076721,-0.012720140760530352,0.11065948964490281
576,-1.1069567277408394,-0.824095634335751,0.5113210859094179,-0.9992837662338049,-0.865611639308158,0.5241152226565137,-0.10767296150703454,0.04151600497240704,-0.01279413674709573,0.1161065684777035
577,-1.0977149095376724,-0.8189101016242553,0.5239577816325398,-0.9819094499252019,-0.8554248708134978,0.5363718280074358,-0.11580545961247046,0.03651476918924257,-0.01241404637489596,0.12205876204679963
578,-1.0885393554746075,-0.8136081999995401,0.5365944773556617,-0.9644369434898631,-0.8448959437760261,0.5481887850668954,-0.12410241198474437,0.03128774377648591,-0.011594307711233709,0.12850976438526773
579,-1.079431530740396,-0.80819077609022,0.5492311730787836,-0.9468679941638701,-0.8340290696261731,0.5595801706434279,-0.13256353657652598,0.025838293535953016,-0.010348997564644358,0.13545408961385783
580,-1.0703928897085029,-0.8026586949719644,0.5618678688019054,-0.9292043588275147,-0.8228285949687089,0.570559674535322,-0.14118853088098815,0.020169899996744456,-0.008691805733416547,0.14288657601439636
581,-1.050194732125688,-0.7899428508871761,0.5725356924993259,-0.9114478038296094,-0.8112989998441578,0.581140580175409,-0.1387469282960785,0.02135614895698168,-0.00860488767608314,0.14064437173875086
582,-1.030133371641992,-0.7770122640454243,0.5832035161967464,-0.89360010481086,-0.7994448959368459,0.5913357507932551,-0.13653326683113198,0.02243263189142153,-0.008132234596508692,0.1386026304392877
583,-1.0102110912679874,-0.7638684059653773,0.5938713398941668,-0.8756630465262938,-0.7872710247302823,0.6011576203049405,-0.13454804474169357,0.023402618764905014,-0.007286280410773616,0.13676238075981526
584,-0.9904301581867365,-0.7505127724362649,0.6045391635915873,-0.8576384226667918,-0.7747822556106337,0.6106181882251972,-0.13279173551994472,0.024269483174368833,-0.006079024633609875,0.13512811467805638
585,-0.9707928234957851,-0.7369468833476562,0.6152069872890078,-0.8395280356797178,-0.7619835839190322,0.619729017975972,-0.13126478781606732,0.02503670057137597,-0.004522030686964218,0.13370762752151336
586,-0.9504378164053662,-0.7225620450661349,0.624024427658736,-0.8213336965886817,-0.7488801289535097,0.6285012380388306,-0.12910411981668446,0.026318083887374888,-0.00447681038009462,0.1318353409534903
587,-0.9302104363930187,-0.7079982892362463,0.6328418680284642,-0.8030572248124292,-0.7354771319213411,0.6369455454658797,-0.12715321158058945,0.027478842685094818,-0.004103677437415465,0.13015324113936114
588,-0.9101122560718189,-0.6932567481426881,0.6416593083981924,-0.7847004479829077,-0.721779953842635,0.6450722113249574,-0.12541180808891117,0.02852320569994693,-0.0034129029267649935,0.12865979472204553
589,-0.8901448380099869,-0.6783385678923844,0.6504767487679206,-0.7662652017625027,-0.7077940734059962,0.6528910877099849,-0.12387963624748421,0.029455505513611757,-0.0024143389420643313,0.12735627237948896
590,-0.870309734609402,-0.6632449083253799,0.6592941891376488,-0.747753329660472,-0.6935250847771224,0.6604116159967486,-0.12255640494892994,0.030280176451742524,-0.0011174268590997682,0.12624662420334337
591,-0.8498066445802427,-0.6473555346659616,0.6665365834779067,-0.7291666828486026,-0.6789786953612166,0.6676428360684155,-0.12063996173164004,0.03162316069525495,-0.0011062525905087828,0.12472068174029317
592,-0.8294191683694537,-0.6313180875565573,0.6737789778181645,-0.7105071199760853,-0.6641607235200951,0.6745933962741206,-0.11891204839336844,0.03284263596353787,-0.0008144184559560896,0.12336684022686838
593,-0.8091483753418857,-0.6151334081940886,0.6810213721584224,-0.6917765069836577,-0.6490770962449237,0.6812715639183997,-0.117371868358228,0.03394368805083514,-0.000250191759977314,0.12218179912045153
594,-0.7889953287421171,-0.5988023454981102,0.6882637664986803,-0.6729767169170084,-0.6337338467854989,0.6876852361095336,-0.11601861182510864,0.034931501287388755,0.0005785303891466809,0.12116461021860818
595,-0.7689610856386855,-0.5823257560662821,0.6955061608389381,-0.6541096297394813,-0.6181371122370333,0.6938419508213524,-0.1148514558992042,0.03581135617075115,0.0016642100175857655,0.1203165813507759
596,-0.739945586275618,-0.5581083959175083,0.7478304638494853,-0.6351771321440697,-0.6022931310853911,0.6997488980461777,-0.10476845413154834,0.044184735167882794,0.04808156580330758,0.12345264992323203
597,-0.712236376001748,-0.5324066566405246,0.8001547668600324,-0.6161811173647562,-0.5862082407117827,0.7054129309366325,-0.09605525863699182,0.053801584071258124,0.09474183592339991,0.1452488851404116
598,-0.685909300691842,-0.5052908892442268,0.8524790698705795,-0.5971234849871871,-0.5698888748578939,0.71084057685146,-0.08878581570465482,0.06459798561366703,0.14163849301911957,0.17921295578281066
599,-0.6610364230296494,-0.47683531522673095,0.9048033728811267,-0.5780061407587223,-0.5533415610524803,0.7160380482354703,-0.08303028227092712,0.07650624582574939,0.18876532464565632,0.2199535887702673
600,-0.6376858252573416,-0.4471178234156867,0.9571276758916738,-0.5588309963978517,-0.5365729180004349,0.7210112532766491,-0.07885482885948991,0.08945509458474826,0.23611642261502475,0.26452081772545366
601,-0.62205506893011,-0.42492745305694374,0.9595210646833601,-0.5395999694030323,-0.5195896529353996,0.7257658062944856,-0.08245509952707764,0.09466219987845587,0.23375525838887445,0.2653324261154269
602,-0.6064774675047598,-0.40269973581354696,0.9619144534750463,-0.5203149828609361,-0.5023985589369582,0.7303070378230215,-0.0861624846438237,0.09969882312341122,0.2316074156520248,0.2664691803514999
603,-0.5909531102145773,-0.38043479901268845,0.9643078422667326,-0.5009779652541498,-0.48500651221350166,0.7346400043601177,-0.08997514496042747,0.10457171320081321,0.22966783790661494,0.26791432526295084
604,-0.5754820859878494,-0.3581327701947654,0.9667012310584189,-0.4815908502683184,-0.467420469351827,0.7387694977612211,-0.09389123571953106,0.1092876991570616,0.22793173329719774,0.26965207281949427
605,-0.5600644834473555,-0.3357937771126495,0.9690946198501051,-0.4621555765987845,-0.44964746453460147,0.7427000542616012,-0.09790890684857101,0.11385368742195195,0.2263945655885039,0.2716676563521412
606,-0.5525900189678461,-0.3249081786625712,0.9290241995514853,-0.44267408775671735,-0.4316946067267801,0.7464359631158108,-0.10991593121112875,0.1067864280642089,0.18258823643567446,0.23837641921425828
607,-0.5446854805426684,-0.31433074300185065,0.8889537792528655,-0.4231483318747701,-0.4135690768321209,0.7499812748470809,-0.12153714866789833,0.09923833383027025,0.13897250440578457,0.20960172324803725
608,-0.5363635583055808,-0.3040784513969625,0.8488833589542456,-0.4035802615122578,-0.39527812482090974,0.7533398091026414,-0.132783296793323,0.09119967342394725,0.09554354985160418,0.18728949318684246
609,-0.5276376124682284,-0.2941677631203903,0.8088129386556258,-0.38397183345991004,-0.37682906683007494,0.756515162113617,-0.14366577900831834,0.08266130370968466,0.052297776542008734,0.1738039257907875
610,-0.5185216518713415,-0.2846145890265197,0.7687425183570059,-0.36432500854419003,-0.35822928223682704,0.7595107137603188,-0.15419664332715144,0.07361469321030734,0.009231804596687154,0.17111678493333096
611,-0.5031904720218299,-0.2697857895432592,0.7683860854629043,-0.3446417514312205,-0.3394862107070128,0.7623296342454584,-0.15854872059060937,0.06970042116375358,0.006056451217445913,0.17329895011993884
612,-0.4878540076743847,-0.25496245553864477,0.7680296525688027,-0.3249240304303084,-0.32060734921933826,0.764974890379158,-0.16292997724407632,0.06564489368069348,0.003054762189644733,0.17568369623599128
613,-0.47251226077741787,-0.24014458889589807,0.7676732196747011,-0.3051738172971223,-0.30160024906668353,0.7674492514806304,-0.16733844348029558,0.061455660170785464,0.00022396819407077828,0.1782666626018087
614,-0.4571652332800126,-0.22533219149754619,0.7673167867805996,-0.28539308703651545,-0.2824725128356836,0.7697552949021605,-0.17177214624349713,0.0571403213381374,-0.0024385081215609894,0.18104317957211724
615,-0.4418129271319228,-0.21052526522542134,0.766960353886498,-0.2655838177050335,-0.263231791365801,0.7718954111815078,-0.1762291094268893,0.052706526140379656,-0.00493505729500987,0.18400823812450917
616,-0.4238431577949526,-0.1932062181041307,0.7685565637541636,-0.2457479902131001,-0.24388578068908245,0.77387180882917,-0.17809516758185248,0.050679562584951765,-0.0053152450750063585,0.1852418921573021
617,-0.40590105617261313,-0.17585850953535873,0.7701527736218292,-0.22588758812693474,-0.2244422189518554,0.7756865187570767,-0.1800134680456784,0.04858370941649667,-0.005533745135247514,0.18653645175600647
618,-0.3879866679793232,-0.15848218371907885,0.7717489834894948,-0.2060045974701957,-0.20490888331957058,0.777341398355284,-0.18198207050912749,0.04642669960049173,-0.005592414865789208,0.18789408592772272
619,-0.3701000388588909,-0.14107728492817795,0.7733451933571605,-0.1861010065253778,-0.18529358686603822,0.7788381352231183,-0.1839990323335131,0.044216301937860275,-0.005492941865957834,0.1893169238791715
620,-0.3522412143843975,-0.12364385750834353,0.7749414032248261,-0.1661788056349928,-0.16560417544830938,0.7801782505609888,-0.1860624087494047,0.04196031793996585,-0.005236847336162698,0.19080700406765955
621,-0.3331492470771924,-0.10494705273101126,0.7759541736881743,-0.14623998700252616,-0.14584852456842748,0.7813631022287947,-0.18690926007466624,0.040901471837416215,-0.005408928540620361,0.1914086163371015
622,-0.31407622512974065,-0.08623092176510153,0.7769669441515226,-0.12628654449322554,-0.1260345362233393,0.7823938874764594,-0.1877896806365151,0.03980361445823777,-0.005426943324936873,0.192038390930971
623,-0.2950221681053156,-0.06749548380782328,0.7779797146148708,-0.10632047343471225,-0.10617013574419806,0.7832716453517061,-0.18870169467060338,0.03867465193637479,-0.005291930736835315,0.19269681576217293
624,-0.2759870955477384,-0.04874075807618875,0.778992485078219,-0.08634377041745736,-0.08626326862634384,0.7839972587896967,-0.18964332513028107,0.03752251055015509,-0.0050047737114776725,0.19338453227794383
625,-0.25697102698135765,-0.029966763806993726,0.7800052555415673,-0.06635843309511363,-0.06632189735120068,0.7845714563886423,-0.19061259388624402,0.036355133544206955,-0.0045662008470750415,0.19410231032431102
626,-0.23735301218102464,-0.010559212329955641,0.7802834371494429,-0.0463664599847589,-0.04635399820139721,0.7849948138749364,-0.19098655219626576,0.03579478587144157,-0.004711376725493488,0.19436904816880907
627,-0.2177403969635669,0.008853795766985788,0.7805616187573186,-0.026369850267042503,-0.026367558070356484,0.7852677552607884,-0.1913705466965244,0.035221353837342276,-0.004706136503469849,0.19464166468115499
628,-0.1981331828467068,0.02827225898155481,0.7808398003651942,-0.006370603586275981,-0.006370571267652135,0.7853905536967359,-0.19176257926043083,0.034642830249206946,-0.004550753331541757,0.19491978311134284
629,-0.17853137134774874,0.04769617581105352,0.7811179819730698,0.013629280149540351,0.013628963678619457,0.7853633320208057,-0.1921606514972891,0.03406721213243406,-0.004245350047735852,0.19520326309610367
630,-0.158934963983579,0.067125544752362,0.7813961635809454,0.033627800968699426,0.033623047221136695,0.7851860630054648,-0.19256276495227842,0.033502497531225306,-0.0037898994245193496,0.19549219709375656
631,-0.13906489918357276,0.08683720265967407,0.7809348661448283,0.053622959035786476,0.053603681993068565,0.7848585693028844,-0.19268785821935924,0.0332335206666055,-0.003923703158056124,0.19557216838684927
632,-0.11918574356076314,0.10653969246008921,0.7804735687087112,0.07361275485165383,0.07356287600690768,0.7843805230883966,-0.19279849841241697,0.032976816453181526,-0.003906954379685357,0.19563740875914942
633,-0.09929750134534146,0.12623300996100978,0.7800122712725941,0.09359518945337977,0.09349264585116929,0.7837514454014016,-0.19289269079872123,0.03274036410984049,-0.003739174128807532,0.195687258217753
634,-0.07940017676943259,0.14591715097178998,0.779550973836477,0.1135682646141561,0.11338501988364241,0.7829707051823518,-0.1929684413835887,0.032532131088147564,-0.00341973134587481,0.19572136696238837
635,-0.05949377406709409,0.1655921113037367,0.7790896764003599,0.1335299830431127,0.13323204141994396,0.7820375180038213,-0.1930237571102068,0.032360069883792725,-0.0029478416034613986,0.19573971161198528
636,-0.03951556265302561,0.18531983501943597,0.7778763669755872,0.15347834858503784,0.15302577191607933,0.7809509444930636,-0.19299391123806345,0.03229406310335664,-0.003074577517476418,0.19570132680592656
637,-0.01951343011687439,0.2050233044680996,0.7766630575508144,0.17341136642000265,0.17275829414376465,0.7797098884428689,-0.19292479653687705,0.03226501032433496,-0.003046830892054486,0.19562794071530176
638,0.0005125940958286314,0.2247024906438644,0.7754497481260417,0.19332704326283448,0.1924217153572057,0.7783130946069631,-0.19281444916700585,0.03228077528665871,-0.002863346480921347,0.19551894796605632
639,0.020562480504381104,0.2443573645766151,0.774236438701269,0.2132233875624471,0.21200817045009426,0.7767591461756517,-0.192660907058066,0.03234919412652085,-0.002522707474382657,0.19537415264582308
640,0.040636199592952685,0.263987897332027,0.7730231292764963,0.23309840970098727,0.23150982510153895,0.7750464619269026,-0.1924622101080346,0.03247807223048804,-0.0020233326504063287,0.19519380464167468
641,0.06063407433612827,0.2834968487944991,0.7710265270005648,0.2529501221928054,0.25091887890969955,0.7731732930475957,-0.1923160478566771,0.03257796988479955,-0.0021467660470309013,0.19506766771940273
642,0.08067086081035811,0.30296583359584284,0.7690299247246334,0.2727765398831953,0.2702275685118367,0.7711377196192538,-0.19210567907283715,0.032738265084006124,-0.0021077948946204295,0.19488670742783956
643,0.10074647914060944,0.32239477412452094,0.7670333224487019,0.2925756801469099,0.28942817068955534,0.7689376467622203,-0.19182920100630044,0.0329666034349656,-0.0019043243135183907,0.1946506248431917
644,0.12086084929704939,0.3417835929286294,0.7650367201727705,0.3123455630864238,0.30851300545799065,0.7665708004319635,-0.19148471378937443,0.03327058747063877,-0.0015340802591929936,0.1943596691906058
645,0.14101389109536408,0.3611322127162064,0.763040117896839,0.3320842117299144,0.32747443913769303,0.7640347228610073,-0.19107032063455034,0.03365777357851335,-0.0009946049641682553,0.19401469632140525
646,0.16096804867103462,0.38021346927250493,0.7602079802486421,0.351789652228968,0.34630488740800797,0.7613267676398998,-0.1908216035579334,0.03390858186449697,-0.0011187873912577029,0.1938141583933156
647,0.1809761668933977,0.39923813645808054,0.7573758426004452,0.37145991405595574,0.3649968183406966,0.7584440944306824,-0.19048374716255803,0.034241318117383956,-0.0010682518302371768,0.1935398330098433
648,0.2010380852773712,0.41820606167611013,0.7545437049522483,0.3910930302010885,0.38354275541260996,0.7553836633065133,-0.1900549449237173,0.03466330626350017,-0.0008399583542649802,0.19319195744417345
649,0.22115364290634182,0.43711709278489785,0.7517115673040514,0.4106870373691092,0.40193528049619187,0.7521422287114786,-0.1895333944627674,0.03518181228870598,-0.00043066140742720194,0.1927715046414915
650,0.24132267843345617,0.4559710780990954,0.7488794296558545,0.43023997617563103,0.4201670368266409,0.7487163330352061,-0.18891729774217486,0.03580404127245446,0.00016309662064839525,0.19228026772956405
651,0.26118265297650683,0.4744310348557429,0.7451359330125064,0.4497498913430674,0.43823073194451173,0.7451022997977352,-0.18856723836656059,0.036200302911231164,3.363321477112269e-05,0.19201058941435836
652,0.2811115929879428,0.49281651669137894,0.7413924363691582,0.4692148318961616,0.45611914061260495,0.7412962264412188,-0.18810323890821878,0.03669737607877399,9.620992793935024e-05,0.19164951123125684
653,0.301109219188566,0.5111272659564436,0.73764893972581,0.48863285135707546,0.4738251077059589,0.7372939767265044,-0.18752363216850948,0.03730215825048472,0.00035496299930559694,0.1911980377267129
654,0.32117525133662717,0.5293630260486606,0.7339054430824619,0.5080020079400462,0.4913415510738144,0.733091172734505,-0.18682675660341908,0.0380214749748462,0.0008142703479568913,0.19065815633855168
655,0.34130940823175315,0.5475235414166332,0.7301619464391137,0.5273203647455568,0.5086614643723737,0.7286831864746114,-0.18601095651380362,0.03886207704425948,0.0014787599645023075,0.19003295426427153
656,0.36103307266155216,0.5651803476111878,0.725403949986893,0.5465859899540265,0.5257779198672481,0.7240651311052729,-0.18555291729247436,0.03940242774393976,0.0013388188816200186,0.1896950944644115
657,0.38084052453863615,0.5827431091727528,0.7206459535346722,0.5657969570189859,0.5426840712044526,0.7192318517753863,-0.18495643248034976,0.04005903796830024,0.0014141017592859129,0.18925012053520474
658,0.40073131545225277,0.6002114285069695,0.7158879570824515,0.5849513448597394,0.5593731561488667,0.7141779160993728,-0.18422002940748666,0.04083827235810278,0.0017100409830786978,0.18870004760003012
659,0.42070499510497994,0.6175849101575085,0.7111299606302307,0.6040472380534647,0.5758384992890305,0.708897604283927,-0.18334224294848478,0.04174641086847797,0.002232356346303699,0.18804819670668974
660,0.4407611113229199,0.634863160815022,0.70637196417801,0.6230827270267574,0.5920735147072245,0.7033848989304824,-0.18232161570383748,0.04278964610779756,0.002987065247527565,0.18729935377806659
661,0.4425304664345025,0.6363728451191053,0.7051306659032528,0.6420559082465795,0.6080717086137423,0.6976334745446516,-0.19952544181207704,0.028301136505363034,0.007497191358601163,0.20166200469118425
662,0.444301694150996,0.6378803319632284,0.7038893676284956,0.6609648844106218,0.6238266819443293,0.6916366867923863,-0.21666319025962583,0.014053650018899022,0.012252680836109309,0.21746395397859405
663,0.4460747917432552,0.6393856190246234,0.7026480693537385,0.6798077646370254,0.6393321329197169,0.6853875615526078,-0.2337329728937702,5.3486104906519394e-05,0.017260507801130642,0.2343694318977546
664,0.4478497564792537,0.6408887039839124,0.7014067710789813,0.6985826646534714,0.6545818595662526,0.6788787838277314,-0.25073290817421773,-0.013693155582340188,0.022527987251249937,0.25211506095609476
665,0.44962658562408814,0.64238958452511,0.7001654728042241,0.7172877069856007,0.6695697621966022,0.672102686587147,-0.2676611213615126,-0.027180177671492278,0.02806278621707714,0.2704972419767374
666,0.4245893173615526,0.6212939011738136,0.7571654731409502,0.7359210211447693,0.6842898458495512,0.6650512396345386,-0.31133170378321673,-0.06299594467573766,0.09211423350641157,0.33072791058606305
667,0.4007945140658252,0.5988061268458376,0.8141654734776762,0.7544807438150888,0.6987362226879031,0.6577160386082651,-0.35368622974926356,-0.09993009584206558,0.1564494348694111,0.3994451136767245
668,0.3783194641244962,0.5749993045412313,0.8711654738144022,0.7729650190397587,0.7129031143535387,0.6500882942451496,-0.3946455549152625,-0.13790380981230743,0.22107717956925266,0.472903472287337
669,0.35723716920727405,0.5499507616867736,0.9281654741511283,0.7913719984066616,0.7267848542786822,0.6421588220623271,-0.43413482919938756,-0.17683409259190863,0.28600665208880116,0.549129448550913
670,0.33761610714776824,0.5237418589671755,0.9851654744878543,0.8096998412331966,0.7403758899524486,0.6339180326396285,-0.47208373408542836,-0.21663403098527312,0.35124744184822576,0.6270311960133184
671,0.3553802338379066,0.5505254674344784,0.9730908901464483,0.827946714750356,0.7536707851417809,0.6253559227167048,-0.47256648091244935,-0.2031453177073025,0.3477349674297435,0.6208918638231153
672,0.3734664586591969,0.5770926342255912,0.9610163058050424,0.8461107942859937,0.7666642220658663,0.61646206735519,-0.47264433562679675,-0.18957158784027506,0.34455423844985233,0.6148558189934751
673,0.3918721447519115,0.6034394860118961,0.9489417214636364,0.8641902634472943,0.7793510035231799,0.607225613456968,-0.4723181186953828,-0.17591151751128375,0.3417161080066684,0.6089328088650615
674,0.410594608680845,0.6295621815853405,0.9368671371222305,0.8821833143024047,0.791726054970291,0.5976352749755627,-0.4715887056215597,-0.16216387338495053,0.3392318621466678,0.6031345499940491
675,0.4296311208265426,0.6554569124184613,0.9247925527808245,0.9000881475612352,0.803784426551621,0.5876793302090884,-0.47045702673469264,-0.1483275141331597,0.33711322257173615,0.5974748448978173
676,0.4482146986139727,0.6801062553214727,0.9110877119664983,0.9179029727553806,0.8155212950793129,0.5773456216204795,-0.4696882741414079,-0.1354150397578402,0.33374209034601876,0.5918852006319147
677,0.46713433596606335,0.704498606405308,0.8973828711521721,0.9356260084171686,0.8269319659624466,0.5666215586940145,-0.46849167245110523,-0.12243335955713852,0.33076131245815754,0.5864106244838374
678,0.4863864794017871,0.728629384305368,0.8836780303378459,0.953255482257799,0.8380118750848067,0.5554941244066477,-0.4668690028560119,-0.10938249077943862,0.32818390593119817,0.5810644294991205
679,0.5059675129889162,0.7524940567856563,0.8699731895235197,0.9707896313445805,0.8487565906304755,0.5439498859681842,-0.46482211835566434,-0.0962625338448192,0.3260233035553355,0.5758621984433486
680,0.5258737590231661,0.7760881415900223,0.8562683487091934,0.9882267022772163,0.8591618148564958,0.5319750105656659,-0.4623529432540502,-0.08307367326647352,0.32429333814352757,0.5708219061055209
681,0.5451536406236983,0.7983145137356265,0.840605691695739,1.0055649513631455,0.8692233858119127,0.5195552869336455,-0.4604113107394472,-0.07090887207628627,0.32105040476209346,0.5657561361521861
682,0.564779267223809,0.8202361978369553,0.8249430346822844,1.0228026447919047,0.8789372790024944,0.5066761536623483,-0.45802337756809575,-0.05870108116553907,0.31826688101993605,0.5608253194026173
683,0.5847458243862702,0.8418478162021681,0.8092803776688298,1.0399380588085174,0.8882996090004824,0.4933227352482483,-0.4551922344222472,-0.04645179279831435,0.31595764242058144,0.5560458354636492
684,0.6050484140388787,0.8631440672028308,0.7936177206553752,1.0569694798858615,0.8973066309987076,0.4794798869840495,-0.4519210658469829,-0.03416256379587679,0.3141378336713257,0.5514365866217927
685,0.625682055676021,0.884119726574479,0.7779550636419206,1.0738952048960235,0.9059547423084627,0.4651322498740918,-0.44821314922000255,-0.02183501573398372,0.3128228137678288,0.5470191110550319
686,0.6455153924716092,0.9036599962771991,0.7599589024727944,1.090713541280604,0.9142404838005289,0.4502643168426439,-0.4451981488089948,-0.010580487523329851,0.3096945856301505,0.5424242571897184
687,0.6656971485858021,0.9228401972315557,0.7419627413036682,1.1074228072199814,0.9221605412887859,0.4348605115707623,-0.44172565863417934,0.0006796559427698634,0.30710222973290596,0.5379905193727141
688,0.6862207880947956,0.9416541178704644,0.7239665801345421,1.124021331801486,0.9297117468558371,0.4189052813456625,-0.4378005437066904,0.011942371014627251,0.30506129878887955,0.53373620105262
689,0.707079664354796,0.9600956652478474,0.7059704189654159,1.1405074551864933,0.936891080120138,0.4023832053261955,-0.43342779083169736,0.0232045851277094,0.3035872136392204,0.5296822622303113
690,0.7282670221545567,0.9781588670118533,0.6879742577962897,1.1568795287764002,0.9436956694441047,0.3852791196091139,-0.42861250662184347,0.03446319756774863,0.30269513818717586,0.5258523932639338
691,0.7484898865070454,0.9947807702478525,0.6672464472166237,1.1731359153774927,0.9501227930827353,0.36757826041131964,-0.42464602887044733,0.04465797716511721,0.2996681868053041,0.5216508477354365
692,0.7690529177089076,1.0109799571903295,0.6465186366369577,1.1892749893646573,0.9561698802722672,0.3492664265498517,-0.42022207165574965,0.05481007691806228,0.29725221008710606,0.5176384939705343
693,0.7899472813318995,1.0267494682352627,0.6257908260572917,1.2052951368439446,0.9618345122584524,0.3303301621888942,-0.4153478555120451,0.0649149559768103,0.29546066386839753,0.5138334326233358
694,0.8111640005985065,1.0420825283788893,0.6050630154776258,1.2211947558139582,0.9671144232640236,0.31075696051584134,-0.41003075521545174,0.07496810511486562,0.2943060549617844,0.5102562993185249
695,0.8326939602386064,1.0569725501284282,0.5843352048979598,1.236972256326048,0.9720075013949759,0.29053548859030254,-0.4042782960874415,0.08496504873345223,0.2937997163076572,0.5069302451976039
696,0.8531196670235781,1.0704817492126903,0.5605175522102844,1.2526260606433117,0.9765117894852975,0.2696558330657038,-0.3995063936197336,0.09396995972739286,0.29086171914458064,0.5030270882745325
697,0.8738613075206528,1.0835006703298176,0.5366998995226091,1.2681546033983628,0.9806254858798085,0.24810976580033245,-0.39429329587771,0.1028751844500091,0.28859013372227665,0.499334328913577
698,0.8949071159562121,1.0960219284478188,0.5128822468349338,1.2835563317498675,0.9843469451548001,0.22589102754483356,-0.3886492157936554,0.11167498329301861,0.2869912192901002,0.49586638803223765
699,0.9162451540162301,1.1080384208359118,0.48906459414725845,1.2988297055378224,0.9876746787761803,0.2029956269152212,-0.3825845515215923,0.12036374205973144,0.28606896723203723,0.4926396487076572
700,0.9378633176183266,1.1195433310935738,0.4652469414595831,1.3139731974375781,0.9906073556948702,0.17942215074251594,-0.3761098798192515,0.1289359753987036,0.2858247907170672,0.48967227656680967
701,0.9718243282217056,1.1365917844722184,0.4089188426076873,1.328985293112564,0.9931438028792042,0.15517208065333724,-0.35716096489085847,0.1434479815930142,0.2537467619543501,0.46100834858730744
702,1.0066912756210755,1.1517012511357443,0.35259074375579147,1.3438644913657243,0.9952830057841277,0.13025010941636972,-0.33717321574464876,0.15641824535161664,0.22234063433942175,0.43311407570399096
703,1.0423535613051895,1.1648238036157792,0.29626264490389564,1.3586093042896297,0.9970241087570001,0.10466444924219856,-0.31625574298444015,0.1677996948587791,0.19159819566169708,0.40605947981318896
704,1.078698063937122,1.1759178169673163,0.23993454605199982,1.373218257415277,0.9983664153798475,0.07842712292189793,-0.29452019347815495,0.17755140158746885,0.16150742313010188,0.3799359055132987
705,1.1156094981769473,1.1849481008037015,0.183606447200104,1.3876898898595273,0.9993093887479177,0.051554227525755024,-0.27208039168258,0.18563871205578375,0.13205221967434896,0.3548623108654945
706,1.1515400022595297,1.19162031848934,0.13642590820571543,1.4020227544711974,0.9998526516844362,0.024066159466105345,-0.2504827522116677,0.19176766680490376,0.11235974873961008,0.3348748427758595
707,1.1877452050994008,1.1965905196720692,0.08924536921132686,1.4162154179757676,0.9999959868914717,-0.004012210822560227,-0.2284702128763667,0.19659453278059746,0.0932575800338871,0.3155075668264877
708,1.224144528745913,1.199847642720019,0.0420648302169383,1.4302664611187157,0.999739337036853,-0.03265142639572878,-0.20612193237280274,0.20010830568316607,0.07471625661266708,0.2968368306169159
709,1.260656963215021,1.2013844386115125,-0.005115708777450267,1.4441744788074369,0.9990828047770997,-0.06181740477477093,-0.1835175155924158,0.2023016338344128,0.05670169599732066,0.27896184669280133
710,1.297201246784323,1.2011974870684181,-0.05229624777183883,1.457938080251753,0.9980266527163616,-0.0914714824314205,-0.16073683346742995,0.20317083435205652,0.03917523465958167,0.26201033677143426
711,1.3248848938007,1.1997484149426418,-0.08423359506869033,1.4715558891029872,0.9965713033013819,-0.12157055086072027,-0.1466709953022871,0.20317711164125996,0.03733695579202995,0.25335226035238867
712,1.3525081517854052,1.1974160898230486,-0.11617094236554182,1.4850265435916035,0.9947173386525217,-0.1520672896241892,-0.1325183918061983,0.20269875117052694,0.035896347258647376,0.24481923053450208
713,1.3800428475716526,1.194202890465418,-0.1481082896623933,1.4983486966633788,0.9924655003309216,-0.18291049838327378,-0.11830584909172615,0.20173739013449643,0.03480220872088047,0.23644331718076542
714,1.4074608983179029,1.190112094035734,-0.1800456369592448,1.5115210161141086,0.9898166890418857,-0.21404552605890018,-0.10406011779620572,0.20029540499384824,0.03399988909965537,0.22826026775634597
715,1.4347343401497625,1.1851478727677769,-0.2119829842560963,1.5245421847228224,0.9867719642746133,-0.24541479105467268,-0.0898078445730599,0.19837590849316356,0.03343180679857638,0.22030918211269412
716,1.4576454683055116,1.1802170223764776,-0.2439538907064782,1.5374109003835117,0.9833325438784152,-0.2769583822343691,-0.07976543207800013,0.19688447849806245,0.033004491527890895,0.21497748367924183
717,1.4803872713790764,1.174556327020452,-0.2759247971568601,1.550125876235334,0.9794998035755915,-0.30861472634854564,-0.0697386048562576,0.19505652344486046,0.03268992919168556,0.20971206883784743
718,1.5029365060697306,1.168171572223568,-0.30789570360724194,1.5626858407913,0.9752752764111607,-0.3403213041667633,-0.0597493347215694,0.1928962958124072,0.03242560055952137,0.2045247748060451
719,1.5252701258916095,1.1610692835359466,-0.33986661005762386,1.5750895380654217,0.9706606521396621,-0.37201539497002895,-0.04981941217381225,0.1904086313962845,0.03214878491240508,0.19942659078190755
720,1.547365304728413,1.1532567198645132,-0.3718375165080058,1.5873357276983062,0.9656577765492774,-0.4036348275127553,-0.03997042296989317,0.18759894331523574,0.03179731100474953,0.19442753722792966
721,1.5671390820133562,1.1455453694819455,-0.4034210083145727,1.5994231850811964,0.9602686507235386,-0.43511871520880985,-0.03228410306784024,0.1852767187584069,0.03169770689423712,0.1907209229401161
722,1.5866594868965016,1.1372134437720436,-0.43500450012113967,1.6113507014784265,0.9544954302409214,-0.46640815416292103,-0.024691214581924914,0.18271801353112216,0.03140365404178136,0.18703400234573897
723,1.6059070490615943,1.1282692532811078,-0.4665879919277066,1.6231170841482976,0.9483404243126435,-0.49744686468148896,-0.017210035086703268,0.1799288289684643,0.03085887275378235,0.18336531522968721
724,1.624862570334993,1.1187217192491714,-0.49817148373427356,1.6347211564623458,0.9418060948590116,-0.528181759882355,-0.009858586127352797,0.17691562439015984,0.030010276148081494,0.17971351242540073
725,1.643507143834582,1.1085803647116512,-0.5297549755408405,1.646161758023011,0.934895055524683,-0.5585634287330091,-0.0026546141884289387,0.17368530918696823,0.028808453192168626,0.17607827969169715
726,1.6607353502784161,1.0984917351557346,-0.5595611639944471,1.6574377447796707,0.927610070633246,-0.5885465249860494,0.0032976054987454706,0.17088166452248865,0.028985360991602316,0.17335388263265178
727,1.6776552453719573,1.087894155544737,-0.5893673524480537,1.668547989143047,0.9199540540815242,-0.6180900577424485,0.009107256228910288,0.1679401014632128,0.0287227052943948,0.1706218438387122
728,1.6942517984431542,1.0767970401653775,-0.6191735409016603,1.6794913800979598,0.9119300681740611,-0.6471575834684962,0.01476041834519437,0.1648669719913164,0.027984042566835843,0.16787523653503258
729,1.7105102660586098,1.0652102470635285,-0.6489797293552669,1.6902668233144347,0.9035413223982338,-0.6757173029780909,0.02024344274417511,0.1616689246652947,0.026737573622823918,0.16511067809141042
730,1.7264162051208085,1.0531440692868879,-0.6787859178088735,1.7008732412571288,0.8947911721405041,-0.7037420699869326,0.025542963863679713,0.1583528971463838,0.02495615217805902,0.16232958008055368
731,1.7413618768316879,1.041088063499258,-0.7058519707929207,1.7113095732930879,0.8856831173443074,-0.7312093202389199,0.0300523035386,0.1554049461549507,0.02535734944599921,0.16030231878649104
732,1.7559758058400654,1.028632002429287,-0.7329180237769679,1.7215747757978035,0.8762208011101247,-0.7581009318558724,0.034401030042261915,0.1524112013191623,0.025182908078904442,0.15826175790388963
733,1.7702472870556218,1.0157850104718378,-0.7599840767610151,1.7316678222595798,0.8664080082382859,-0.7844030284895931,0.03857946479604202,0.14937700223355188,0.024418951728577998,0.1561990688312649
734,1.7841658662401227,1.0025564983890098,-0.7870501297450623,1.7415877033821823,0.8562486637151049,-0.8101057371275008,0.04257816285794047,0.14630783467390496,0.023055607382438503,0.15411178887774019
735,1.797721347665424,0.9889561564165057,-0.8141161827291095,1.7513334271857652,0.8457468311429333,-0.8352029121201988,0.04638792047965867,0.14320932527357244,0.021086729391089354,0.15200460574651034
736,1.8106118902123607,0.9753031253845268,-0.8380746208412044,1.7609040191060688,0.8349067111147797,-0.8596918362790572,0.049707871106291934,0.14039641426974714,0.021617215437852777,0.15049694213839937
737,1.8231716593005232,0.9613452049102368,-0.8620330589532994,1.7702985220918765,0.823732639534121,-0.8835729088565338,0.052873137208646614,0.13761256537611577,0.02153984990323443,0.14898574402114445
738,1.8353934458824381,0.9470904065510635,-0.8859914970653944,1.7795159967007192,0.8122290858806044,-0.9068493289873355,0.055877449181718886,0.13486132067045908,0.020857831921941128,0.1474615688663318
739,1.8472702349055945,0.9325469122661951,-0.9099499351774893,1.7885555211928177,0.8004006514223111,-0.9295267818372679,0.05871471371277681,0.13214626084388403,0.019576846659778546,0.1459222559671199
740,1.8587952093389388,0.9177230697203056,-0.9339083732895843,1.7974161916232538,0.7882520673753163,-0.9516131333632378,0.06137901771568499,0.12947100234498932,0.017704760073653514,0.14437306810213682
741,1.869873268557528,0.9027470081488265,-0.9548486093934273,1.8060971219323696,0.7757881930112588,-0.9731181382979247,0.06377614662515829,0.12695881513756768,0.0182695289044974,0.14324703594099614
742,1.8806353196894974,0.8875422696875384,-0.9757888454972703,1.814597444034368,0.7630140137137015,-0.9940531647825135,0.06603787565512942,0.12452825597383688,0.01826431928524319,0.14213329277787481
743,1.8910766438179458,0.872115521271622,-0.9967290816011133,1.8229163079041226,0.7499346389840432,-1.0144309380104182,0.0681603359138232,0.12218088228757873,0.017701856409304884,0.1410225340461305
744,1.9011926626575353,0.85647352718262,-1.0176693177049563,1.8310528816621792,0.7365553003977854,-1.0342653043291206,0.07013978099535612,0.11991822678483466,0.016595986624164283,0.13991210371274174
745,1.9109789405619664,0.8406231460824526,-1.0386095538087994,1.8390063516579414,0.722881349511976,-1.0535710164801917,0.07197258890402503,0.11774179657047656,0.014961462671392312,0.1388057260290754
746,1.9204707630959539,0.8245041189190587,-1.0568693300330085,1.8467759225510378,0.7089182557246515,-1.0723635400346438,0.07369484054491604,0.11558586319440722,0.015494210001635311,0.13795322336542776
747,1.9296666898215407,0.808214469955113,-1.0751291062572177,1.854360817390854,0.6946716040871542,-1.090658880591542,0.07530587243068676,0.11354286586795881,0.015529774334324342,0.13712815430439948
748,1.9385636547232907,0.791759630325145,-1.0933888824814268,1.8617602776942273,0.6801470930701856,-1.1084734309385513,0.07680337702906348,0.11161253725495934,0.01508454845712448,0.13632190138680395
749,1.9471586914626788,0.7751450862399313,-1.111648658705636,1.868973563521292,0.665350532284497,-1.125823837107909,0.07818512794138677,0.10979455395543425,0.014175178402273003,0.13553115506118896
750,1.9554489343670975,0.7583763771573371,-1.1299084349298452,1.8759999535494778,0.6502878401571169,-1.1427268820842833,0.07944898081761975,0.10808853700022014,0.01281844715443814,0.13475750432260755
751,1.9635363245646222,0.741237197772732,-1.1459141642277386,1.8828387451456365,0.6349650415640629,-1.1591993858163752,0.0806975794189857,0.10627215620866914,0.013285221588636542,0.13409835055653166
752,1.9713483655039752,0.7239707746762547,-1.161919893525632,1.8894892544363082,0.6193882654204694,-1.1752581201377648,0.08185911106766697,0.10458250925578527,0.013338226612132686,0.13347780188548827
753,1.978883055912904,0.7065815311439361,-1.1779256228235255,1.895950816376105,0.6035637422291092,-1.1909197372013636,0.08293223953679907,0.10301778891482682,0.01299411437783804,0.1328881792935443
754,1.9861384655702334,0.6890739219156885,-1.193931352121419,1.902222784814218,0.5874978015882669,-1.2062007100649477,0.08391568075601552,0.10157612032742158,0.01226935794352868,0.13232568473982204
755,1.9931127358003446,0.6714524320540998,-1.2099370814193124,1.9083045325590295,0.5711968696599886,-1.2211172841230187,0.0848082032413151,0.10025556239411115,0.011180202703706232,0.13179000743787703
756,1.9999271473724332,0.6533954693001688,-1.2241151277087075,1.9141954514408346,0.5546674665997017,-1.2356854381550875,0.08573169593159857,0.09872800270046711,0.011570310446380017,0.13126695809820965
757,2.006484870173006,0.6352437095881874,-1.2382931739981025,1.9198949523726523,0.5379162039482439,-1.2499208538459183,0.08658991780035374,0.09732750563994352,0.011627679847815875,0.13078860866837203
758,2.012784586010403,0.6170008016692533,-1.2524712202874975,1.9254024654091402,0.5209497819873273,-1.2638388927244983,0.08738212060126305,0.09605101968192598,0.011367672437000875,0.13034821578888742
759,2.018825028555881,0.5986704126164959,-1.2666492665768925,1.9307174398035836,0.5037749870595203,-1.2774545795615464,0.0881075887522973,0.09489542555697561,0.010805312984653925,0.1299416937556217
760,2.0246049835981603,0.580256227087945,-1.2808273128662875,1.935839344062973,0.4863986888537981,-1.2907825913575508,0.08876563953518724,0.09385753823414689,0.00995527849126332,0.12956729454342925
761,2.0302352386723896,0.5613867547348294,-1.2935664485134242,1.94076766600115,0.4688278376577654,-1.3038372511423686,0.08946757267123973,0.09255891707706393,0.01027080262894442,0.1291398043858093
762,2.035624662631973,0.5424470908394551,-1.3063055841605609,1.9455019127900275,0.45106946157762406,-1.3166325258920903,0.09012274984194568,0.09137762926183102,0.010326941731529482,0.12875801681492677
763,2.0407723808629625,0.5234403089945393,-1.3190447198076976,1.9500416110088725,0.433130663727031,-1.3291820279480693,0.09073076985409001,0.09030964526750829,0.010137308140371726,0.1284160022855091
764,2.0456775579762314,0.504369493684927,-1.3317838554548342,1.954386306691646,0.415018619385944,-1.3414990193963932,0.09129125128458537,0.08935087429898303,0.009715163941558913,0.12810954573922018
765,2.050339397943047,0.4852377397870305,-1.344522991101971,1.9585355653724,0.39674057313061206,-1.3535964189332585,0.09180383257064717,0.08849716665641844,0.009073427831287617,0.1278359076061296
766,2.054843143485844,0.46567459272904504,-1.356165030652469,1.9624889721287242,0.37830383593583167,-1.3654868108028255,0.09235417135711987,0.08737075679321338,0.009321780150356451,0.12747485122505803
767,2.0591188340328745,0.44606033982273574,-1.3678070702029672,1.9662461316232376,0.3597157822506608,-1.3771824554492114,0.09287270240963696,0.08634455757207493,0.00937538524624415,0.12715588591843416
768,2.0631658900760512,0.42639763949673737,-1.3794491097534654,1.9698066681431217,0.3409838470487362,-1.3886953015737538,0.09335922193292956,0.08541379244800118,0.009246191820288407,0.1268737653080801
769,2.066983763095391,0.4066891567460326,-1.3910911493039635,1.9731702256376917,0.3221155228543811,-1.4000369993327406,0.09381353745769916,0.08457363389165151,0.008945850028777125,0.12662427726428924
770,2.070571935633359,0.3869375627707505,-1.4027331888544616,1.9763364677540007,0.30311835674570226,-1.4112189144499225,0.09423546787935821,0.08381920602504822,0.008485725595460902,0.12640407526655337
771,2.073985857946662,0.3668158433981178,-1.4135767150698253,1.979305077870476,0.2839999473358494,-1.422252143052719,0.09468078007618619,0.08281589606226841,0.00867542798289378,0.12608800818126187
772,2.07718139343826,0.346658288759864,-1.424420241285189,1.9820757591285796,0.26476794173367757,-1.4331475270714018,0.09510563430968055,0.08189034702618642,0.008727285786212846,0.1258065027361867
773,2.0801581663741864,0.3264672689995798,-1.4352637675005526,1.984648234462495,0.24543003248500284,-1.4439156700672382,0.09550993191169144,0.08103723651457695,0.008651902566685576,0.12555491314050135
774,2.082915826742774,0.30624515819571535,-1.4461072937159163,1.9870222466268317,0.22599395449569257,-1.4545669533788361,0.0958935801159424,0.08025120370002278,0.008459659662919838,0.12532916757230794
775,2.0854540502958114,0.285994334082434,-1.45695081993128,1.9891975582223522,0.20646748193779657,-1.4651115524962097,0.09625649207345921,0.07952685214463745,0.008160732564929774,0.12512565697857195
776,2.087801470901659,0.26546414001440827,-1.4672600703120349,1.9911739517197096,0.18685842513998854,-1.4755594535896255,0.09662751918194923,0.07860571487441972,0.00829938327759061,0.12483835803536061
777,2.089937119603958,0.24491083719972845,-1.4775693206927898,1.9929512294812013,0.1671746274635352,-1.4859204701354887,0.09698589012275649,0.07773620973619325,0.00835114944269888,0.12457496893062872
778,2.0918607694266007,0.2243366100372953,-1.4878785710735447,1.9945292137805317,0.14742396216506348,-1.4962042595945497,0.09733155564606899,0.07691264787223182,0.008325688521005015,0.12433142891703024
779,2.0935722159246573,0.20374364514984294,-1.4981878214542996,1.9959077468205864,0.12761432924735241,-1.5064203401089062,0.0976644691040709,0.07612931590249053,0.008232518654606613,0.12410397104266915
780,2.0950712772061033,0.18313413115154534,-1.5084970718350545,1.99708669074921,0.10775365229944407,-1.516578107193738,0.09798458645689334,0.07538047885210127,0.008081035358683542,0.12388905886949333
781,2.0963673135813172,0.1623576512754293,-1.5185123706797925,1.998065927672992,0.0878498753273104,-1.5266868504077726,0.09830138590832527,0.07450777594811892,0.008174479727980133,0.12361793262733257
782,2.0974552057805704,0.14156923342097644,-1.5285276695245305,1.9988453596690559,0.06791095957636362,-1.536755769993164,0.09860984611151458,0.07365827384461282,0.008228100468633537,0.12335779137625029
783,2.098334844682431,0.12077096277818344,-1.5385429683692684,1.999424908794852,0.04794488034705368,-1.5467939934810255,0.09890993588757913,0.07282608243112976,0.008251025111757126,0.12310521156695832
784,2.0990061420543915,0.09996492552533467,-1.5485582672140064,1.9998045170959504,0.02795962380486148,-1.5568105922633153,0.09920162495844109,0.0720053017204732,0.00825232504930895,0.12285693606374462
785,2.0994690305617185,0.07915320861974717,-1.5585735660587443,1.9999841466118375,0.007963183785935567,-1.5668145981353296,0.09948488394988098,0.07119002483381161,0.00824103207658533,0.12260985433498935
786,2.0997239106568553,0.05830133989438009,-1.5685219156811963,1.9999637793797111,-0.012036441400328576,-1.5768150198156834,0.09976013127714412,0.07033778129470866,0.00829310413448714,0.1223448521437692
787,2.0997713398807583,0.03744796741721087,-1.5784702653036482,1.999743417436278,-0.03203125217051633,-1.5868208594525117,0.10002792244448022,0.06947921958772721,0.008350594148863522,0.12207653192042114
788,2.099611313539412,0.01659515502240632,-1.5884186149261001,1.9993230828175483,-0.05201325086691355,-1.5968411291256488,0.10028823072186377,0.06860840588931988,0.008422514199548647,0.12180222216953614
789,2.0992438474704387,-0.004255033511297447,-1.598366964548552,1.998702817556634,-0.07197444495646654,-1.606884867354864,0.10054102991380476,0.0677194114451691,0.008517902806311817,0.12151943075420678
790,2.0986689780415304,-0.02510053466484483,-1.608315314171004,1.997882683679544,-0.09190685022768164,-1.6169611556237677,0.10078629436198638,0.06680631556283681,0.008645841452763703,0.12122586978334546
791,2.0978900550898003,-0.04585155919681734,-1.6184208056979728,1.9968627631989828,-0.111802493984214,-1.6270791349278113,0.1010272918908175,0.06595093478739666,0.008658329229838557,0.120958696137054
792,2.096901476176425,-0.06659365291522693,-1.6285262972249415,1.9956431581061487,-0.13165341823383273,-1.6372480223527806,0.10125831807027619,0.0650597653186058,0.008721725127839086,0.12067347898746791
793,2.0957033422551716,-0.08732469763559736,-1.6386317887519102,1.994223990360534,-0.15145168287151517,-1.6474771276873965,0.10147935189463753,0.06412698523591781,0.008845338935486335,0.12036847227279628
794,2.0942957756795844,-0.1080425763017771,-1.648737280278879,1.9926054018777313,-0.1711893688553761,-1.6577758700698915,0.10169037380185308,0.06314679255359901,0.009038589791012575,0.12004226605316176
795,2.092678920190488,-0.12874517320213327,-1.6588427718058476,1.9907875545152398,-0.1908585813741894,-1.668153794663767,0.10189136567524826,0.06211340817205613,0.009311022857919404,0.11969386375489892
796,2.09087177962392,-0.14921696389900574,-1.6693369006947227,1.9887706300562809,-0.21045145300520013,-1.6786205893521406,0.10210114956763916,0.06123448910619439,0.00928368865741791,0.11941731145113732
797,2.0888499088966626,-0.16966866334247868,-1.6798310295835979,1.9865548301916196,-0.22996014686099078,-1.689186101433152,0.10229507870504295,0.0602914835185121,0.009355071849554086,0.11910862051692256
798,2.086613530668707,-0.19009801927421127,-1.690325158472473,1.984140376499396,-0.24937685972413318,-1.699860354290574,0.10247315416931113,0.059278840449921905,0.009535195818100917,0.11876720174267068
799,2.084162891222839,-0.21050278189645827,-1.7008192873613481,1.981527510422967,-0.2686938251683646,-1.7106535640039524,0.10263538079987211,0.05819104327190633,0.009834276642604278,0.11839312440378835
800,2.081498260437518,-0.23088070411983058,-1.7113134162502233,1.9787164932467636,-0.2879033166650653,-1.7215761558510787,0.10278176719075449,0.05702261254523472,0.010262739600855442,0.11798726131431894
801,2.078667162306684,-0.25089563734982534,-1.7224454501910142,1.9757076060701602,-0.30699765067375967,-1.7326387806421168,0.10295955623652375,0.05610201332393433,0.0101933304511026,0.1176945627678109
802,2.0756134372776827,-0.27087781521598425,-1.7335774841318052,1.9725011497793674,-0.325969189715432,-1.7438523308090974,0.10311228749831525,0.05509137449944773,0.010274846677292171,0.11735747036987242
803,2.0723374637708685,-0.2908247615088435,-1.7447095180725962,1.9690974450173422,-0.344810345427416,-1.7552279561563868,0.10324001875352629,0.0539855839185725,0.010518438083790604,0.11697684507192108
804,2.068839647747826,-0.3107340043848674,-1.7558415520133872,1.9654968321517237,-0.3635135815986424,-1.7667770791568955,0.10334281559610248,0.052779577213774964,0.010935527143508317,0.11655473847124913
805,2.065120422661065,-0.3306030766727617,-1.7669735859541782,1.961699671240799,-0.3820714171840091,-1.7785114096548387,0.10342075142026608,0.051468340511247435,0.011537823700660477,0.11609463069006122
806,2.0612682094497092,-0.3499869126480741,-1.7790208816961213,1.9577063419974947,-0.4004764292967199,-1.7904429588085071,0.10356186745221452,0.050489516648645816,0.011422077112385853,0.11577873521145937
807,2.057182758629115,-0.36932293435203556,-1.7910681774380643,1.9535172437514072,-0.41872125617732653,-1.80258405207521,0.10366551487770792,0.04939832182529097,0.011515874637145762,0.11540948203104352
808,2.0528646631435548,-0.3886083354399348,-1.8031154731800074,1.94913279540887,-0.43679860013833777,-1.814947341005158,0.10373186773468479,0.048190264698402985,0.011831867825150555,0.11498954340138984
809,2.048314549702318,-0.4078403169139128,-1.8151627689219505,1.944553435411064,-0.45470123048319755,-1.8275458135709115,0.10376111429125379,0.046860913569284735,0.012383044648961006,0.11452359518583394
810,2.0435330786887542,-0.4270160875291974,-1.8272100646638936,1.9397796216901726,-0.4724219863984661,-1.8403928027138892,0.10375345699858163,0.04540589886926871,0.01318273804999559,0.11401868300317097
811,2.0386606034514094,-0.4456001894985343,-1.8404875328316197,1.9348118316235898,-0.4899537798180512,-1.8535019927388603,0.1038487718278196,0.04435359031951691,0.013014459907240594,0.11367138844518111
812,2.0335418151224944,-0.4641179611514361,-1.8537650009993458,1.9296505619861817,-0.5072895982583422,-1.8668874231310342,0.10389125313631276,0.04317163710690608,0.01312242213168835,0.11326685610241873
813,2.0281776160858898,-0.4825661380163986,-1.867042469167072,1.9242963289006125,-0.5244225076230977,-1.8805634893080148,0.10388128718527723,0.04185636960669914,0.013521020140942808,0.11280999729445272
814,2.022568951988578,-0.5009414678906832,-1.880319937334798,1.9187496677857283,-0.541345654977011,-1.894544939750472,0.10381928420284958,0.04040418708632787,0.014225002415673815,0.11230891683310351
815,2.0167168115739385,-0.5192407114136431,-1.8935974055025242,1.9130111333030182,-0.5580522712867794,-1.9088468688807356,0.10370567827092025,0.038811559873136225,0.015249463378211425,0.11177544908762868
816,2.0108219151826368,-0.5368636678005209,-1.9084638415037978,1.9070812993011486,-0.5745356741286307,-1.9234847049782011,0.1037406158814882,0.03767200632810985,0.015020863474403345,0.11138636264719436
817,2.00466568929465,-0.5543970439184868,-1.9233302775050714,1.9009607587585777,-0.5907892703612041,-1.9384741923347701,0.10370493053607222,0.036392226442717335,0.01514391482969879,0.11094343116795491
818,1.9982494944780629,-0.571836964771334,-1.938196713506345,1.89465012372426,-0.6068065587627183,-1.9538313667637117,0.10359937075380299,0.03496959399138422,0.015634653257366793,0.11045426432231702
819,1.991574748755874,-0.5891795760171095,-1.9530631495076185,1.8881500252564394,-0.6225811326313736,-1.9695725234828305,0.10342472349943455,0.03340155661426414,0.016509373975212016,0.10993132785627484
820,1.9846429272926027,-0.6064210448199495,-1.967929585508892,1.8814611133595462,-0.6381066823479474,-1.9857141762998443,0.10318181393305648,0.03168563752799791,0.01778459079095218,0.10939267809900798
821,1.977719057953085,-0.6229293191548436,-1.9847857624913794,1.8745840569191952,-0.6533769978995605,-2.0022730069375108,0.10313500103388984,0.030447678744716877,0.017487244446131367,0.10894812204678286
822,1.970517919015493,-0.6393185438512206,-2.001641939473867,1.8675195436353014,-0.6683859713635882,-2.019265803252276,0.10299837538019152,0.029067427512367683,0.017623863778409188,0.10846281043576879
823,1.963041556496046,-0.6555840623374123,-2.0184981164563545,1.8602682799533052,-0.6831275993507646,-2.036709385028378,0.10277327654274071,0.027543537013352326,0.01821126857202371,0.10794740898020176
824,1.9552920946085819,-0.6717212531896509,-2.035354293438842,1.8528309909935323,-0.6975959854064473,-2.0546205159757753,0.10246110361504956,0.02587473221679637,0.01926622253693333,0.10741958318736616
825,1.9472717351610163,-0.6877255314451262,-2.0522104704213295,1.8452084204786805,-0.711785342369123,-2.073015800533438,0.10206331468233576,0.024059810923996894,0.0208053301121085,0.10690489449374047
826,1.939306564008717,-0.7029725161936453,-2.071479151733382,1.8374013306594494,-0.7256899946851959,-2.091911564088844,0.1019052333492676,0.02271747849155059,0.020432412355462226,0.10638723554847353
827,1.9310491003626795,-0.718063201716224,-2.0907478330454343,1.8294105022383151,-0.7393043806791324,-2.1113237152817104,0.10163859812436438,0.021241178962908447,0.020575882236276044,0.1058534800666537
828,1.9225024099763208,-0.7329919852851127,-2.1100165143574867,1.8212367342914608,-0.7526230547780576,-2.1312675891780724,0.10126567568486,0.019631069492944908,0.021251074820585636,0.10531725472294749
829,1.9136696659844414,-0.7477533242819963,-2.129285195669539,1.812880844188868,-0.765640689689914,-2.1517577702945823,0.10078882179557347,0.017887365407917688,0.02247257462504315,0.1048015317180735
830,1.9045541477251333,-0.7623417382558049,-2.1485538769815915,1.8043436675125866,-0.7783520785342984,-2.172807894737887,0.10021048021254675,0.016010340278493573,0.024254017756295543,0.10433948781542429
831,1.8955291891910513,-0.7761843757565736,-2.1706256759707037,1.7956260579731689,-0.7907521369251587,-2.1944304311165266,0.09990313121788241,0.014567761168585047,0.02380475514582292,0.10372811412608902
832,1.8862009217809503,-0.7898244606773225,-2.1926974749598163,1.786728887324304,-0.8028359050044701,-2.216636440398034,0.09947203445664643,0.013011444327147625,0.023938965438217608,0.10313611098288947
833,1.8765738897093065,-0.8032553483252455,-2.214769273948929,1.777653045275642,-0.8145985494261158,-2.2394353155356597,0.09892084443366445,0.011343201100870282,0.024666041586730802,0.10257882472636524
834,1.8666527827321675,-0.8164704959168447,-2.2368410729380415,1.7683994394038254,-0.8260353652891601,-2.262834502486271,0.09825334332834212,0.009564869372315377,0.025993429548229585,0.10208263604053976
835,1.8564424338625636,-0.8294634657652115,-2.258912871927154,1.7589689950617298,-0.8371417780197469,-2.2868392051869093,0.09747343880083381,0.007678312254535413,0.027926333259755243,0.10168533738977785
836,1.846335929427174,-0.8417558724613675,-2.2840385071099187,1.7493626552859305,-0.8479133452008673,-2.311452078146046,0.09697327414124346,0.006157472739499736,0.027413571036127404,0.10096154834967241
837,1.8359237928989989,-0.8537904936521195,-2.3091641422926834,1.739581380702398,-0.8583457583492696,-2.3366729115189178,0.09634241219660078,0.004555264697150174,0.027508769226234353,0.10029627714258915
838,1.8252125970884554,-0.8655597323103527,-2.334289777475448,1.7296261494304437,-0.868434844638788,-2.3624983148415106,0.09558644765801172,0.002875112328435292,0.028208537366062547,0.09970334411197791
839,1.814209103591419,-0.8770561589354797,-2.3594154126582128,1.7194979569848965,-0.8781765685694278,-2.3889214069446996,0.09471114660652247,0.0011204096339481051,0.029505994286486814,0.09920715855271851
840,1.8029202585208686,-0.8882725162434191,-2.3845410478409774,1.709197816176561,-0.8875670335815046,-2.4159315208889622,0.09372244234430749,-0.0007054826619145027,0.03139047304798481,0.09884207455807757
841,1.791717068132791,-0.898857909799562,-2.41266301218863,1.6987267570109346,-0.8966024836142181,-2.443513933963093,0.0929903111218564,-0.0022554261853439117,0.030850921774463025,0.09800032797981456
842,1.780220664620619,-0.9091241037337944,-2.4407849765362823,1.6880858265852081,-0.9052793046080264,-2.471649633771164,0.09213483803541078,-0.0038447991257679615,0.030864657234881854,0.09724318961426362
843,1.768440139257022,-0.9190629796142749,-2.468906940883935,1.6772760889835565,-0.9135940259502211,-2.5003151320731636,0.09116405027346541,-0.005468953664053755,0.031408191189228774,0.09657778207342331
844,1.7563848079961724,-0.9286666778499096,-2.4970289052315873,1.666298625170732,-0.921543321863127,-2.52948233822374,0.09008618282544045,-0.007123355986782598,0.03245343299215264,0.0960181641646478
845,1.744064204106757,-0.9379276039056599,-2.5251508695792397,1.655154532883968,-0.9291240127343685,-2.559118503655017,0.08890967122278903,-0.00880359117129137,0.0339676340757773,0.09558364409856733
846,1.7317758483558976,-0.9466345291503885,-2.5557159120257498,1.6438449265232045,-0.9363330663886721,-2.5891862477784504,0.08793092183269313,-0.010301462761716396,0.03347033575270064,0.0946479293211253
847,1.7192271460786228,-0.9549618519754801,-2.58628095447226,1.6323709370396566,-0.9431675993006936,-2.619643673878287,0.08685620903896618,-0.01179425267478651,0.033362719406027086,0.09378793361058019
848,1.7064298196337602,-0.962901793419886,-2.61684599691877,1.6207337118227096,-0.949624877748395,-2.6504445810272683,0.08569610781105053,-0.01327691567149103,0.033598584108498475,0.09299980772994601
849,1.6933958236321776,-0.9704469363945221,-2.64741103936528,1.6089344145851874,-0.9557023189064935,-2.6815387748284367,0.08446140904699018,-0.014744617488028577,0.03412773546315684,0.09228128570254364
850,1.6801373337693937,-0.9775902326109358,-2.67797608181179,1.5969742252469805,-0.9613974918795568,-2.712872476001037,0.08316310852241315,-0.016192740731378996,0.03489639418924728,0.09163004855895067
851,1.6668279058982856,-0.984244430194905,-2.70985036608445,1.5848543398170567,-0.9667081186743309,-2.7443888216776147,0.08197356608122885,-0.01753631152057411,0.034538455593164485,0.0906647267275494
852,1.6533131765714286,-0.9904710911752799,-2.7417246503571104,1.5725759702738584,-0.9716320751109048,-2.7760284500182753,0.0807372062975702,-0.018839016064375103,0.03430379966116481,0.08972265978114738
853,1.6396068751859014,-0.9962638899868932,-2.7735989346297707,1.5601403444441087,-0.976167391672356,-2.807730154671101,0.07946653074179277,-0.020096498314537192,0.0341312200413304,0.08879042140992577
854,1.625722925753769,-1.0016169418182064,-2.805473218902431,1.5475487058800246,-0.9803122542925307,-2.8394315920225517,0.07817421987374451,-0.021304687525675714,0.03395837312012073,0.08785368215618837
855,1.611675432756902,-1.0065248085895957,-2.837347503175091,1.5348023137349744,-0.9840650050816433,-2.8710700213760587,0.07687311902192762,-0.022459803507952403,0.0337225182009675,0.08689722340552582
856,1.5974748040461333,-1.0109837173642084,-2.8689831891482456,1.5219024426375487,-0.9874241429894152,-2.9025830564067965,0.07557236140858459,-0.02355957437479328,0.03359986725855091,0.08599526983144702
857,1.5831402437457396,-1.0149912233512044,-2.9006188751214,1.5088503825641069,-0.9903883244054711,-2.9339094056196564,0.07428986118163272,-0.02460289894573331,0.033290530498256476,0.0850443738984277
858,1.5686860969255518,-1.0185433161064523,-2.9322545610945543,1.4956474387097796,-0.9929563636967662,-2.9649895801409523,0.07303865821577227,-0.025586952409686115,0.03273501904639797,0.08402927584802798
859,1.5541268283295964,-1.0216364409329437,-2.9638902470677086,1.4822949313579503,-0.9951272336818244,-2.9957665489487293,0.07183189697164605,-0.02650920725111927,0.03187630188102064,0.08293767607811257
860,1.539477007900747,-1.0242675024380958,-2.995525933040863,1.4687941957482267,-0.9969000660415961,-3.0261863244390357,0.07068281215252026,-0.027367436396499745,0.03066039139817267,0.08176243703189176
861,1.5245591265753664,-1.0264621385628765,-3.025378274868953,1.4551465819429195,-0.9982741516667748,-3.0561984648014353,0.06941254463244695,-0.02818798689610169,0.030820189932482478,0.08100955539367276
862,1.5095823865857072,-1.0282105293202515,-3.0552306166970427,1.4413534546920337,-0.9992489409414315,-3.085756483749059,0.06822893189367352,-0.028961588378820013,0.03052586705201632,0.08016102112656198
863,1.4945601336468701,-1.0295111167259767,-3.0850829585251325,1.4274161932968048,-0.999824043962853,-3.1148181624090387,0.06714394035006532,-0.029687072763123767,0.02973520388390627,0.07920740726089706
864,1.4795057540303689,-1.0303627418316434,-3.1149353003532223,1.413336191471756,-0.999999230697499,3.139839544846084,0.06616956255861295,-0.030363511134144483,0.028410461980279855,0.07815054809484343
865,1.4644326626356754,-1.0307646457574124,3.138397664998274,1.399114857205336,-0.999774431073011,3.111879164795771,0.06531780543033938,-0.03099021468440144,0.026518500202503237,0.07700675272605077
866,1.4489635341997842,-1.0307152219003668,3.1114447035464172,1.3847536126191209,-0.9991497350062423,3.084514521703087,0.0642099215806633,-0.03156548689412453,0.026930181843330292,0.07644951724094086
867,1.4335013562497783,-1.0302489276519655,3.0844917420945603,1.3702538938256013,-0.9981253923672896,3.057769563448156,0.063247462424177,-0.03212353528467593,0.02672217864640425,0.0758039435246864
868,1.4180573607924076,-1.0293661017368154,3.0575387806427035,1.3556171507845733,-0.9967018128795511,3.0316637948036833,0.062440210007834285,-0.032664288857264356,0.025874985839020148,0.07506830545937977
869,1.40264276662633,-1.0280673854556872,3.0305858191908466,1.3408448471581444,-0.9948795659558413,3.006212463340424,0.06179791946818547,-0.03318781949984595,0.024373355850422662,0.07425950908242004
870,1.3872687711925709,-1.0263537222196635,3.0036328577389897,1.325938460164364,-0.9926593804706327,2.9814267933001624,0.06133031102820685,-0.03369434174903074,0.022206064438827333,0.07341542763328712
871,1.3713611675118267,-1.0241450823738245,2.9800947372950124,1.3108994804295147,-0.9900421444685181,2.957314255765872,0.06046168708231203,-0.034102937905306385,0.022780481529140584,0.07305871828407692
872,1.3555099528070795,-1.0215626538237466,2.956556616851035,1.295729411839035,-0.987028904809002,2.9338788640941087,0.05978054096804453,-0.0345337490147446,0.022677752756926406,0.0726675537606001
873,1.339723908929214,-1.0186078672801273,2.933018496407058,1.2804297713871424,-0.9836208667477723,2.9111214845518916,0.05929413754207147,-0.03498700053235504,0.021897011855166237,0.07224516649087599
874,1.3240117816233339,-1.0152823597465217,2.9094803759630805,1.2650020890251326,-0.9798193934546138,2.8890401533006966,0.059009692598201324,-0.03546296629190793,0.020440222662383878,0.07181621335912278
875,1.3083822756834662,-1.0115879736124134,2.885942255519103,1.2494479075083849,-0.9756260054681576,2.867630392188506,0.05893436817508135,-0.035961968144255785,0.018311863330597422,0.07142721640693404
876,1.2920862515618317,-1.0073286902125185,2.8658343547549374,1.2337687822420895,-0.9710423800876875,2.8468855171578986,0.05831746931974213,-0.03628631012483097,0.018948837597038803,0.07125083842744186
877,1.275879161272543,-1.002742611101953,2.8457264539907716,1.217966281125707,-0.9660703507022413,2.826796934384504,0.05791288014683604,-0.03667226039971172,0.018929519606267764,0.07111317094779374
878,1.2597675575699128,-0.9978315904969355,2.825618553226606,1.2020419843961807,-0.9607119060572806,2.807354420475193,0.05772557317373206,-0.037119684439654854,0.01826413275141281,0.07101895040266842
879,1.2437579546016844,-0.9925976139920959,2.80551065246244,1.1859974844699102,-0.9549691894592174,2.7885463841460103,0.05776047013177421,-0.03762842453287851,0.01696426831642972,0.07099265202950186
880,1.2278568252752717,-0.987042797757672,2.7854027516982742,1.1698343857835234,-0.9488444979181241,2.7703601077480107,0.058022439491748345,-0.03819829983954792,0.015042643950263557,0.0710773855190243
881,1.2111796833498345,-0.9808379144974956,2.7684485205797236,1.153554304633417,-0.9423402812289547,2.7527819678085708,0.0576253787164176,-0.03849763326854083,0.01566655277115281,0.07105063627597526
882,1.1946101322405487,-0.9743511884272531,2.751494289461173,1.1371588690141392,-0.9354591409916634,2.735797634409647,0.05745126322640948,-0.038892047435589716,0.015696655051526065,0.07113103387304974
883,1.1781529346837334,-0.9675844840854371,2.7345400583426223,1.1206497184555895,-0.9282038295705979,2.7193922497417313,0.057503216228143916,-0.039380654514839186,0.015147808600890933,0.07132259061480466
884,1.1618128211209073,-0.9605397464872333,2.7175858272240716,1.1040285038590658,-0.9205772489935901,2.703550586566602,0.05778431726184152,-0.03996249749364322,0.01403524065746975,0.07164507315691492
885,1.1455944883390752,-0.9532190005654474,2.700631596105521,1.0872968873321767,-0.9125824497911844,2.688257187608608,0.058297601006898514,-0.04063655077426298,0.01237440849691307,0.07213227798730096
886,1.1285271867438598,-0.945164000195185,2.686439755048349,1.0704565420226324,-0.9042226297764663,2.6734964870893,0.05807064472122736,-0.0409413704187187,0.012943267959049098,0.07222135262899396
887,1.1115759153160125,-0.9368676026826247,2.6722479139911774,1.0535091519509268,-0.8955011327659768,2.6592529157394935,0.05806676336508576,-0.04136646991664794,0.012994998251683931,0.07246933020680592
888,1.0947440881258836,-0.9283314789634767,2.6580560729340057,1.0364564118419504,-0.8864214472422383,2.6455109906809953,0.058287676283933276,-0.04191003172123842,0.012545082253010431,0.07287855002804738
889,1.0780350951871598,-0.9195573482555011,2.643864231876834,1.0193000269555008,-0.8769872049583982,2.632255391580335,0.05873506823165897,-0.04257014329710285,0.01160884029649889,0.0734628512483903
890,1.0614523017740989,-0.9105469777122489,2.629672390819662,1.0020417129157693,-0.8672021794855813,2.619471024450662,0.059410588858329616,-0.04334479822666759,0.010201366369000375,0.07424592566328861
891,1.0439877655633507,-0.9007339602989778,2.617842651228366,0.9846831955397783,-0.8570702847035119,2.607143074424953,0.05930457002357237,-0.04366367559546591,0.010699576803412825,0.07441793826732243
892,1.0266405340889366,-0.8907150334111923,2.6060129116370696,0.9672262106648,-0.8465955732350124,2.5952570487522775,0.05941432342413666,-0.04411946017617985,0.010755862884792133,0.07478152967532746
893,1.009413034941629,-0.8804915991086102,2.5941831720457733,0.9496725039747743,-0.8357822348250097,2.5837988111854746,0.05974053096685472,-0.044709364283600506,0.010384360860298703,0.07533719695689722
894,0.9923076789567263,-0.8700650880699431,2.582353432454477,0.9320238308257422,-0.8246345946646914,2.572754608838554,0.060283848130984086,-0.04543049340525174,0.009598823615923013,0.07609342607172959
895,0.9753268598766772,-0.8594369593926859,2.5705236928631807,0.9142819560703085,-0.8131571116614865,2.562111092499413,0.06104490380636873,-0.04627984773119942,0.008412600363767897,0.07706540359741382
896,0.9574681373139632,-0.8479631280455194,2.560695489091561,0.8964486538811698,-0.8013543766555692,2.5518553312912466,0.0610194834327934,-0.04660875138995024,0.00884015780031433,0.07729101794173496
897,0.9397230426004626,-0.8363143345043794,2.5508672853199412,0.8785257075736812,-0.7892311105835723,2.5419748224863588,0.061197335026781374,-0.047083223920807105,0.00889246283358247,0.07772399683755095
898,0.9220932897847703,-0.8244917039589886,2.5410390815483215,0.8605149094275374,-0.7767921625902832,2.532457497190761,0.061578380357232954,-0.04769954136870547,0.008581584357560512,0.0783631722449444
899,0.9045805817742832,-0.8124963783904751,2.5312108777767017,0.8424180605075443,-0.7640425080890486,2.523291722537723,0.062162521266738935,-0.04845387030142645,0.007919155238978792,0.07921281220310432
900,0.8871866101707112,-0.8003295164610643,2.521382674005082,0.8242369704835132,-0.750987246771676,2.5144663009541306,0.06294963968719802,-0.04934226968938826,0.0069163730509513854,0.08028170981629817
901,0.8689483577233086,-0.7873032813974595,2.5132510354806636,0.8059734574492955,-0.7376316005686248,2.505970466995288,0.06297490027401309,-0.049671680828834774,0.007280568485375838,0.08053645521348561
902,0.8508166317290605,-0.7741291717601071,2.5051193969562453,0.7876293477409753,-0.7239809115603028,2.4977938821817167,0.06318728398808526,-0.05014826019980434,0.007325514774528585,0.08100088904184974
903,0.8327926311153618,-0.7608080586630395,2.496987758431827,0.7692064757542365,-0.710040639840307,2.489926628215464,0.06358615536112533,-0.0507674188227325,0.007061130216362788,0.08167245268427006
904,0.8148775476864627,-0.7473408229406255,2.4888561199074086,0.7507066837609222,-0.6958163613314545,2.482359198903139,0.0641708639255405,-0.05152446160917101,0.0064969210042695735,0.08255228587750246
905,0.7970725660446626,-0.733728355089327,2.4807244813829903,0.732131821724822,-0.6813137655554999,2.475082491068045,0.06494074431984054,-0.05241458953382705,0.005641990314945389,0.08364461443230169
906,0.7784795247836399,-0.7192723220840516,2.4740403005960245,0.7134837471166572,-0.6665386533573856,2.4680877946939646,0.06499577766698272,-0.05273366872666596,0.005952505902059979,0.08390901774197847
907,0.7599835248921074,-0.704692333689127,2.467356119809059,0.6947643247283485,-0.6514969345849919,2.4613667825080277,0.06521920016375893,-0.053195399104135066,0.005989337301031128,0.0843751546200313
908,0.7415853927363172,-0.6899890413108267,2.460671939022093,0.6759754264865352,-0.6361946257252741,2.454911499179146,0.06560996624978199,-0.053794415585552646,0.0057604398429469406,0.08503934081748807
909,0.7232859503099761,-0.6751631018644129,2.4539877582351273,0.6571189312653843,-0.6206378474977482,2.448714350281457,0.06616701904459177,-0.054525254366664666,0.005273407953670262,0.0859004458919899
910,0.7050860151975208,-0.6602151777447861,2.4473035774481615,0.6381967246987043,-0.6048328224062841,2.4427680911485643,0.06688929049881653,-0.055382355338502,0.004535486299597213,0.0869594911567967
911,0.6861706964048809,-0.6444668039894295,2.4418677927782433,0.619210698991383,-0.5887858722501876,2.4370658157238534,0.0669599974134979,-0.055680931739241823,0.004801977054389894,0.08721849801846303
912,0.6673412614112202,-0.6286158438044721,2.436432008108325,0.6001627527301665,-0.5725034155955617,2.431600945494345,0.06717850868105368,-0.05611242820891038,0.0048310626139800306,0.087663537426291
913,0.6485982665827001,-0.6126627655490484,2.430996223438407,0.5810547906938144,-0.5559919652079778,2.426367218580206,0.06754347588888576,-0.05667080034107064,0.004629004858200947,0.08829002453520575
914,0.6299422657313759,-0.5966080405996452,2.4255604387684886,0.5618887236626036,-0.5392581254474379,2.4213586790388097,0.06805354206877234,-0.05734991515220733,0.0042017597296788445,0.0890951858457992
915,0.6113738100988321,-0.5804521433361736,2.4201246540985704,0.5426664682272655,-0.5223085896267315,2.4165696664309295,0.06870734187156657,-0.05814355370944202,0.003554987667640841,0.0900777974993626
916,0.592174364793873,-0.5635629959797457,2.4157809125443213,0.5233899465973252,-0.5051501373341961,2.4119948056869718,0.06878441819654779,-0.05841285864554957,0.0037861068573494805,0.09031994711533992
917,0.5730484624775544,-0.5465906107899177,2.411437170990072,0.504061086408882,-0.48778963172197237,2.4076289973029317,0.06898737606867233,-0.05880097906794529,0.0038081736871404814,0.09072659688878887
918,0.5539964640185684,-0.5295353080026891,2.407093429435823,0.48468182053184755,-0.470234016760835,2.4034674078887996,0.06931464348672084,-0.059301291241854126,0.003626021547023406,0.09129244753484209
919,0.5350187288911845,-0.5123974094185536,2.402749687881574,0.46525408687666003,-0.4524903144626965,2.3995054610862865,0.06976464201452448,-0.05990709495585711,0.0032442267952874637,0.09201353329246788
920,0.5161156151684672,-0.4951772383964276,2.398405946327325,0.44577982820049183,-0.43456562207189353,2.395738828867818,0.07033578696797532,-0.060611616324534046,0.0026671174595067626,0.09288705225928819
921,0.496674169851341,-0.4773115188244632,2.3950336939816217,0.426260991912989,-0.416467109226396,2.3921634232246705,0.070413177938352,-0.060844409598067195,0.002870270756951232,0.09310368553893879
922,0.4772930826795469,-0.4593803395023384,2.3916614416359185,0.40669952988151115,-0.3982020150900286,2.388775388248735,0.07059355279803575,-0.061178324412309804,0.002886053387183729,0.09345890208375314
923,0.45797257405626385,-0.44138390434477115,2.3882891892902154,0.38709739823596034,-0.3797776454569147,2.385571092609647,0.0708751758203035,-0.061606258887856424,0.002718096680568216,0.09394684524390075
924,0.438712863695767,-0.4233224180085737,2.3849169369445122,0.367456557173166,-0.3612013698292525,2.382547122426782,0.07125630652260101,-0.06212104817932118,0.0023698145177304397,0.09456268749876381
925,0.4195141706209291,-0.40519608589032513,2.381544684598809,0.3477789707608671,-0.3424806184696126,2.379700274533819,0.071735199860062,-0.06271546742071255,0.001844410064990143,0.09530252148421536
926,0.3998756173369453,-0.38652880111319693,2.3790533845534374,0.328066606741307,-0.3236228794289322,2.377027550132213,0.07180901059563832,-0.06290592168426473,0.002025834421224282,0.09548713521084168
927,0.3802836307563212,-0.3678126487879214,2.3765620845080657,0.30832143633446063,-0.3046356955513944,2.3745261488288225,0.07196219442186058,-0.063176953236527,0.002035935679243206,0.09578115618612044
928,0.3607383324781459,-0.34904774507765873,2.374070784462694,0.28854543404091454,-0.2855266614573912,2.3721934630521706,0.07219289843723137,-0.06352108362026754,0.001877321410523436,0.0961783082859115
929,0.3412398438117343,-0.3302342064481481,2.3715794844173224,0.2687405774444146,-0.26630342050577305,2.370027072841291,0.07249926636731968,-0.06393078594237506,0.001552411576031254,0.09667315551232797
930,0.3217882857758739,-0.31137214966698484,2.3690881843719507,0.2489088470141234,-0.2469736617366209,2.3680247410007484,0.07287943876175046,-0.06439848793036396,0.0010634433712022329,0.09726103409767306
931,0.30199942629435816,-0.29208712482109633,2.3674128157707437,0.22905222590655416,-0.22754511679571235,2.366184408615277,0.072947200387804,-0.06454200802538398,0.001228407155466904,0.09740879749030251
932,0.28224290409510006,-0.272768973422064,2.3657374471695367,0.20917269976727051,-0.20802555684197999,2.36450419091746,0.07307020432782954,-0.06474341658008403,0.0012332562520769308,0.09763444920701067
933,0.26251877463187756,-0.2534177496932207,2.3640620785683297,0.1892722565323201,-0.1884227894391479,2.3629823735019793,0.07324651809955746,-0.06499496025407278,0.001079705066350467,0.09793142006101822
934,0.24282709326754676,-0.23403350795072841,2.3623867099671227,0.16935288622944283,-0.16874465543281053,2.361617408880159,0.07347420703810392,-0.06528885251791788,0.000769301086963825,0.09829387156454363
935,0.22316791527388646,-0.21461630260342637,2.3607113413659158,0.14941658077906955,-0.1489990258141988,2.3604079133688436,0.07375133449481691,-0.06561727678922757,0.00030342799707216983,0.09871665726487036
936,0.20327685554958316,-0.19490412602003962,2.359809124066638,0.12946533379513178,-0.12919379857188856,2.3593526643079974,0.07381152175445138,-0.06571032744815106,0.00045645975864072597,0.09882406707155066
937,0.18340358858520855,-0.17517401140371977,2.3589069067673605,0.10950114038569836,-0.10933689553270708,2.3584505976018466,0.0739024481995102,-0.0658371158710127,0.00045630916551386846,0.09897628955537266
938,0.16354813055752246,-0.15542597481470116,2.358004689468083,0.08952599695348055,-0.08943625919312186,2.3577008055788626,0.0740221336040419,-0.0659897156215793,0.00030388388922020226,0.09916658296285935
939,0.1437104976287883,-0.1356600323278066,2.357102472168805,0.06954190099617216,-0.06949984954232696,2.357102535166389,0.07416859663261613,-0.06616018278547964,-6.299758359418206e-08,0.0993888852571743
940,0.1238907059467599,-0.1158762000324342,2.3562002548695276,0.04955085090671553,-0.04953564087836742,2.3566551863762744,0.07433985504004437,-0.06634055915406678,-0.00045493150674680294,0.09963779804333732
941,0.10394641929616531,-0.09593214332526244,2.3560484888965623,0.029554845773460472,-0.029551618618522946,2.356358311098441,0.07439157352270484,-0.0663805247067395,-0.0003098222018786956,0.09970243859265845
942,0.08400515970441763,-0.0759850599837185,2.355896722923597,0.009555885180257023,-0.009555776105247387,2.3562116121999095,0.07444927452416061,-0.06642928387847112,-0.0003148892763125133,0.0997779704595993
943,0.06406692763082211,-0.05603495046724178,2.3557449569506317,-0.010444030993501241,0.010443888591061618,2.3562149429274206,0.07451095862432336,-0.0664788390583034,-0.0004699859767889336,0.09985759803076485
944,0.04413172353461425,-0.03608181523534136,2.3555931909776664,-0.030442902772863486,0.030439375871184192,2.3563683066123997,0.07457462630747774,-0.06652119110652555,-0.0007751156347333144,0.0999352018028585
945,0.024199547874959836,-0.01612565474759602,2.355441425004701,-0.050438730287320994,0.05042268780681477,2.3566718566776563,0.07463827816228083,-0.06654834255441079,-0.0012304316729552234,0.10000534198667099
946,0.004251550046735324,0.003852410014128397,2.35603634575383,-0.07042951397077836,0.07038583133961263,2.3571258969458246,0.07468106401751368,-0.06653342132548423,-0.0010895511919946088,0.1000257196818016
947,-0.01570832961593799,0.02381860376331617,2.356631266502959,-0.09041325476152971,0.09032082147833986,2.3577308822501957,0.07470492514559172,-0.0665022177150237,-0.0010996157472367152,0.10002289716268194
948,-0.03568008404864618,0.043772919433318624,2.357226187252088,-0.11038795430214902,0.11021968449273731,2.3584874193492102,0.07470787025350284,-0.06644676505941868,-0.0012612320971223667,0.09999014536982437
949,-0.05566370618277247,0.0637153499616911,2.357821108001217,-0.1303516151393278,0.1300744611029139,2.359396268146511,0.07468790895655533,-0.0663591111412228,-0.001575160145294241,0.09992145167700069
950,-0.07565918894549975,0.08364588829019547,2.3584160287503457,-0.1503022409236186,0.14987720966295232,2.3604583432190505,0.07464305197811885,-0.06623132137275685,-0.002042314468704731,0.09981154335936616
951,-0.09556108948645334,0.10345955901308843,2.359772617922756,-0.17023783660906852,0.16962000933746174,2.3616747156563527,0.07467674712261518,-0.06616045032437332,-0.0019020977335966194,0.09978697171338069
952,-0.1154898507172598,0.12324621280959329,2.3611292070951664,-0.1901564086527219,0.18929496326980613,2.3630466152146,0.0746665579354621,-0.06604875046021284,-0.001917408119433528,0.09970561050001979
953,-0.13544543596234423,0.14300581326566028,2.3624857962675767,-0.21005596521397318,0.2088942017407418,2.364575432789753,0.07461052925162895,-0.06588838847508152,-0.002089636522176086,0.0995609230162429
954,-0.1554278084967666,0.16273832401702684,2.363842385439987,-0.22993451635375262,0.22840988531620351,2.366262723214435,0.07450670785698602,-0.06567156129917667,-0.002420337774447834,0.09934717667905918
955,-0.17543693154628934,0.18244370874928448,2.3651989746123974,-0.24979007423350463,0.2478342079829598,2.3681102083837824,0.0743531426872153,-0.06539049923367532,-0.0029112337713850245,0.09905948969970693
956,-0.19524282998101902,0.2018960969988666,2.36735171524426,-0.269620653313991,0.267159400270935,2.3701197807158785,0.07437782333297197,-0.06526330327206839,-0.0027680654716184527,0.09899000729461498
957,-0.21509055843683328,0.2213058032450613,2.3695044558761227,-0.2894242705538291,0.28637773236087966,2.3722935069527646,0.0743337121169958,-0.06507192911581836,-0.0027890510766419574,0.09883134888209619
958,-0.23498002493359388,0.24067273753765253,2.3716571965079853,-0.30919894560779787,0.30548151717619876,2.3746336323082975,0.07421892067420399,-0.06480877963854623,-0.0029764358003121494,0.09857730608185035
959,-0.2549111372977364,0.2599968101246419,2.373809937139848,-0.32894270102487083,0.3244631134576801,2.3771425849693415,0.07403156372713443,-0.06446630333303821,-0.003332647829493496,0.09822262079005777
960,-0.2748838031626974,0.2792779314526645,2.3759626777717107,-0.3486535624459593,0.3433149288198954,2.379822980956867,0.0737697592832619,-0.0640369973672309,-0.0038603031851565106,0.09776306233543663
961,-0.29454385238576325,0.29817566391249484,2.3789672904816554,-0.3683295588013468,0.36202942278805417,2.3826776293535232,0.07378570641558357,-0.06385375887555933,-0.00371033887186778,0.0976493707523446
962,-0.3142605931481122,0.31701424032598813,2.3819719031916002,-0.38796872250779796,0.38059910981409556,2.3857095379040607,0.07370812935968574,-0.06358486948810743,-0.003737634712460469,0.0974160863244239
963,-0.3340338474531062,0.33579349062430236,2.384976515901545,-0.40756908966530103,0.3990165622707952,2.388921918994649,0.07353524221219482,-0.06322307164649282,-0.003945403093104094,0.09705748214944997
964,-0.3538634367939203,0.3545132452741735,2.38798112861149,-0.4271287002534774,0.4172744134227364,2.39231819601659,0.07326526345955708,-0.06276116814856292,-0.004337067405100203,0.09656900750679218
965,-0.3737491821551543,0.37317333527944563,2.3909857413214346,-0.4466455983275678,0.4353653603728932,2.3959020101191086,0.07289641617241349,-0.06219202509344757,-0.004916268797674039,0.09594740838030333
966,-0.39321370712416404,0.391328495975995,2.3949219798723997,-0.4661178322140288,0.45328216698369495,2.3996772273548608,0.07290412508986477,-0.06195367100769994,-0.004755247482461034,0.09579081994151852
967,-0.41274954416083903,0.4094068992092237,2.398858218423365,-0.4855434547056987,0.47101766677138485,2.4036479462203655,0.07279391054485967,-0.06161076756216116,-0.004789727797000598,0.09548707548344458
968,-0.4323563905778203,0.4274082648731849,2.40279445697433,-0.5049205232565162,0.48856476577251795,2.407818505591774,0.07256413267869583,-0.061156500899333055,-0.005024048617443988,0.09503111079100326
969,-0.452033942587533,0.44533231405554846,2.406730695525295,-0.5242471001757738,0.5059164453814522,2.4121934930541324,0.07221315758824082,-0.060584131325903734,-0.005462797528837271,0.0944193796538588
970,-0.4717818953068928,0.46317876904192223,2.4106669340762603,-0.5435212528218883,0.5230657651576994,2.416777753619516,0.07173935751499555,-0.05988699611577719,-0.006110819543255541,0.09365003916670668
971,-0.4910014624150326,0.48041076420820705,2.4156425368770167,-0.5627410537956501,0.5400058656019979,2.4215763988259873,0.07173959138061747,-0.05959510139379087,-0.005933861948970609,0.09345242532552925
972,-0.5103065308275145,0.49754691753456787,2.420618139677773,-0.5819045811329816,0.5567299709000376,2.4265948162052435,0.07159805030546706,-0.05918305336546975,-0.00597667652747047,0.09308402266510751
973,-0.5296966226170194,0.5145868047885883,2.4255937424785294,-0.6010099184971187,0.5732313916326847,2.431838679101828,0.07131329588009927,-0.05864458684409635,-0.006244936623298614,0.09254065576181292
974,-0.5491712577513408,0.5315300041210701,2.430569345279286,-0.620055155370246,0.589503527451662,2.4373139568209106,0.07088389761890523,-0.057973523330591914,-0.0067446115416247565,0.09182018369540294
975,-0.5687299541052686,0.5483760960764763,2.435544948080042,-0.6390383872445473,0.605539869719601,2.4430269250746033,0.0703084331392787,-0.05716377364312475,-0.0074819769945611014,0.09092278464372926
976,-0.5876553814859623,0.5645134235911333,2.441700806435519,-0.6579577158126543,0.6213340041134094,2.4489841766885143,0.07030233432669197,-0.05682058052227612,-0.007283370252995525,0.09068651534220873
977,-0.6066797887571279,0.5805339438335612,2.4478566647909954,-0.6768112491574763,0.6368796131899154,2.455192632520491,0.07013146040034834,-0.05634566935635421,-0.007335967729495518,0.09026113568767802
978,-0.6258024549988886,0.5964370497145972,2.454012523146472,-0.69559710194139,0.6521704789127604,2.4616595525321086,0.06979464694250137,-0.055733429198163154,-0.00764702938563655,0.0896436552715242
979,-0.6450226555678958,0.6122221385944342,2.4601683815019486,-0.7143133955947752,0.6672004851395333,2.4683925469401653,0.0692907400268794,-0.054978346545099144,-0.00822416543821669,0.08883390197138005
980,-0.664339662124789,0.6278886123054568,2.466324239857425,-0.7329582585038568,0.6819636200681355,2.4753995873599552,0.06861859637906775,-0.054075007762678706,-0.009075347502530029,0.08783495981588908
981,-0.6829219453044841,0.6427705203016222,2.4738406853961896,-0.7515298261978846,0.6964539786414377,2.4826890178342347,0.06860788089340042,-0.05368345833981547,-0.008848332438045059,0.0875628232010588
982,-0.7016155615631424,0.6575123365042053,2.481357130934954,-0.7700262415355653,0.7106657649092125,2.490269565621063,0.0684106799724229,-0.05315342840500725,-0.008912434686108917,0.08709041036491705
983,-0.7204194547733669,0.6721132280494221,2.4888735764737184,-0.7884456548907789,0.7245932943464408,2.4981503515899917,0.068026200117412,-0.052480066297018735,-0.009276775116273228,0.08641631684763922
984,-0.7393325625774783,0.6865723700352653,2.496390022012483,-0.8067862243375392,0.7382309961270456,2.5063409000487984,0.06745366176006096,-0.05165862609178029,-0.009950878036315558,0.08554314764038497
985,-0.7583538164475344,0.7008889455681078,2.5039064675512472,-0.8250461158341854,0.7515734153521484,2.514851147791886,0.066692299386651,-0.05068446978404062,-0.010944680240638771,0.08447818831117204
986,-0.7765439282282913,0.7143669731869179,2.513010161539767,-0.8432235034067843,0.7646152152319554,2.523691452126122,0.06667957517849299,-0.05024824204503753,-0.010681290586354919,0.08417328283482312
987,-0.7948559843852658,0.7276788473747868,2.5221138555282865,-0.8613165693317297,0.7773511792204058,2.5328725975898596,0.0664605849464639,-0.04967233184561892,-0.010758742061573123,0.08366660285415498
988,-0.8132884672761889,0.7408234648878859,2.531217549516806,-0.8793235043175001,0.7897762131017095,2.542405801035813,0.0660350370413112,-0.04895274821382367,-0.011188251519006709,0.08295887322514642
989,-0.8318398492782244,0.7537997363440627,2.5403212435053257,-0.8972425076856059,0.8018853470279821,2.5523027146979134,0.06540265840738146,-0.048085610683919366,-0.011981471192587634,0.08205662272807049
990,-0.8505085929145739,0.7666065863131261,2.5494249374938454,-0.9150717875506427,0.8136737375071053,2.5625754268059584,0.06456319463606874,-0.047067151193979195,-0.013150489312113045,0.08097319428230428
991,-0.8682570972670091,0.7785460003543067,2.5603948992523002,-0.9328095609994818,0.8251366693400644,2.5732364592495207,0.0645524637324727,-0.0465906689857577,-0.012841559997220475,0.08063880377110552
992,-0.8861355059906499,0.7902899994987884,2.571364861010755,-0.9504540542695596,0.836269557506963,2.584298761724097,0.0643185482789097,-0.04597955800817455,-0.012933900713341995,0.08011417599274248
993,-0.9041416676182763,0.801837170487171,2.58233482276921,-0.9680035029262528,0.8470679490009707,2.5957757017178724,0.06386183530797651,-0.04523077851379975,-0.013440878948662416,0.07940286242183037
994,-0.9222734153090298,0.8131861237461284,2.593304784527665,-0.9854561520393205,0.8575275246094671,2.6076810496170584,0.06318273673029062,-0.04434140086333871,-0.014376265089393492,0.07851684563947424
995,-0.9405285671091692,0.8243354935556296,2.6042747462861198,-1.0028102563583978,0.8676441006416691,2.620028958122165,0.06228168924922861,-0.04330860708603945,-0.015754211836045418,0.07747799335324464
996,-0.9578141455478242,0.8346340623757624,2.6174224605059897,-1.0200640804875087,0.8774136306020465,2.632833935077795,0.06224993493968456,-0.04277956822628404,-0.01541147457180525,0.07708864641501789
997,-0.9752336287335572,0.844704481793238,2.6305701747258596,-1.0372158990586215,0.8868322068088755,2.646110808726245,0.061982270325064315,-0.04212772501563755,-0.01554063400038519,0.0765379536881961
998,-0.9927840055362624,0.8545450110363718,2.6437178889457296,-1.054263996904172,0.8958960619572528,2.659874684302496,0.0614799913679096,-0.04135105092088098,-0.016156795356766285,0.07583363888842441
