timestep,px,py,theta,px_ref,py_ref,theta_ref,error_px,error_py,error_theta,error_norm
0,0.0,0.0,0.7853981633974483,0.0,0.0,0.7853981633974483,0.0,0.0,0.0,0.0
1,0.00027742132524976335,0.00027742132524976335,0.7853046734875108,0.01999966666833333,0.01999866669333308,0.7853231571470295,-0.019722245343083564,-0.019721245368083316,-1.8483659518730988e-05,0.027890765889207813
2,0.0005548685853818197,0.0005548167131924704,0.7852111835775732,0.03999733338666616,0.03998933418663416,0.7850980633706443,-0.03944246480128434,-0.03943451747344169,0.00011312020692899605,0.05577456404262563
3,0.0008323417779711791,0.000832186161403585,0.7851176936676357,0.05999100040499132,0.0599640064794446,0.7847226568420766,-0.05915865862702014,-0.05913182031804102,0.0003950368255590808,0.08364493480640021
4,0.0011098409005926252,0.0011095296674587972,0.7850242037576982,0.07997866837326832,0.07991469396917268,0.7841965616812204,-0.07886882747267569,-0.07880516430171389,0.0008276420764777859,0.11149542976706069
5,0.001387365950820715,0.0013868472289340242,0.7849307138477607,0.09995833854135666,0.09983341664682815,0.7835192505983565,-0.09857097259053595,-0.09844656941789413,0.0014114632494042212,0.13931961777187324
6,0.022943451116515138,0.022922789044553738,0.7839052315802416,0.11992801295888919,0.11971220728891936,0.7826900438339384,-0.09698456184237406,-0.09678941824436563,0.0012151877463032479,0.13702435331392293
7,0.04452160967044684,0.04443661415720661,0.7828797493127225,0.13988569467506554,0.1395431146442365,0.7817081077917023,-0.0953640850046187,-0.09510650048702989,0.001171641521020228,0.1346882618772376
8,0.06612181892072674,0.06592829994265749,0.7818542670452034,0.1598293879383454,0.15931820661424598,0.7805724533623122,-0.09370756901761865,-0.09338990667158849,0.001281813682891264,0.1323042939803445
9,0.08774405615227696,0.08739782379995326,0.7808287847776844,0.17975709839602208,0.17902957342582415,0.7792819339341677,-0.09201304224374512,-0.0916317496258709,0.0015468508435166894,0.12986597025387214
10,0.10938829862685467,0.1088451631514466,0.7798033025101653,0.1996668332936563,0.19866933079506124,0.7778352430874435,-0.09027853466680164,-0.08982416764361464,0.001968059422721824,0.12736745334795876
11,0.1332383381549459,0.13242980944199031,0.778070824832608,0.21955660167434962,0.21822962308086932,0.7762309119668949,-0.08631826351940372,-0.08579981363887901,0.001839912865713167,0.1217203184222955
12,0.15712920174314227,0.15597310069771247,0.7763383471550508,0.23942441457783872,0.23770262642713458,0.7744673063284713,-0.08229521283469646,-0.0817295257294221,0.0018710408265795175,0.11599878544725796
13,0.18106081768353868,0.17947496625393874,0.7746058694774935,0.2592682852393897,0.2570805518921551,0.7725426232543283,-0.07820746755585103,-0.07760558563821637,0.002063246223165227,0.11019660561345541
14,0.20503311414591274,0.2029353355703331,0.7728733917999363,0.279086229288473,0.27635564856411376,0.7704548875304338,-0.07405311514256024,-0.07342031299378066,0.0024185042695025194,0.10430846267357029
15,0.22904601917794037,0.22635413823110961,0.7711409141223791,0.29887626494719843,0.29552020666133955,0.7682019476806334,-0.06983024576925806,-0.06916606843022993,0.0029389664417456274,0.09833028917905175
16,0.25323898408271583,0.2498669045456197,0.768596053848575,0.31863641322849195,0.31456656061611776,0.765781471650788,-0.06539742914577612,-0.06469965607049807,0.0028145821977869634,0.0920369007923759
17,0.2774917072872513,0.2733180270733078,0.7660511935747709,0.33836469813399206,0.33348709214081446,0.7631909421364422,-0.06087299084674075,-0.06016906506750663,0.002860251438328687,0.08563888394891477
18,0.3018040317233853,0.2967073539374272,0.7635063333009668,0.35805914685164836,0.35227423327509,0.760427651547437,-0.056255115128263034,-0.0555668793376628,0.003078681753529877,0.07913150029387805
19,0.3261757999369603,0.3200347336614389,0.7609614730271628,0.37771778995300115,0.3709204694129827,0.7574886966029721,-0.05154199001604087,-0.05088573575154376,0.003472776424190638,0.07251203357982736
20,0.3506068540888422,0.343300015169993,0.7584166127533587,0.39733866159012243,0.38941834230865047,0.7543709725508718,-0.046731807501280254,-0.04611832713865749,0.004045640202486878,0.06578091771215208
21,0.37133952045037516,0.3629430189049173,0.7552471161314955,0.4169197996921991,0.40776045305957015,0.7510711670052485,-0.04558027924182395,-0.044817434154652835,0.0041759491262470805,0.06405936942457593
22,0.3921343410045733,0.3825202119700018,0.7520776195096324,0.43645924616173865,0.4259394650659996,0.7475857533974175,-0.04432490515716536,-0.04341925309599781,0.0044918661122148595,0.062210172944431555
23,0.4129911068528988,0.4020313976986297,0.7489081228877692,0.4559550470703768,0.44394810696551984,0.7439109840358401,-0.042963940217478014,-0.04191670926689012,0.004997138851929095,0.060231902439500246
24,0.4339096084745302,0.4214763800872743,0.745738626265906,0.47540525285426916,0.46177917554148284,0.7400428827720981,-0.04149564437973896,-0.04030279545420856,0.00569574349380797,0.05812611562680575
25,0.4548896357284668,0.4408549637974676,0.7425691296440429,0.4948079185090459,0.479425538604203,0.7359772372714972,-0.03991828278057907,-0.038570574806735425,0.006591892372545649,0.055898225250212326
26,0.45188167923206934,0.4380942260787648,0.7409343350120189,0.5141611037843102,0.49688013784373675,0.7317095908888981,-0.06227942455224089,-0.05878591176497194,0.009224744123120798,0.08613713513191848
27,0.4488692135179406,0.4353384094381142,0.7392995403799949,0.5334628733776623,0.5141359916531132,0.7272352341528829,-0.08459365985972167,-0.078797582214999,0.012064306227111965,0.11623550978996627
28,0.44585224663705464,0.4325875212405814,0.7376647457479709,0.5527112971282275,0.5311861979208834,0.7225491958644261,-0.10685905049117289,-0.09859867668030198,0.015115549883544799,0.1461815158057396
29,0.442830786652415,0.42984156883806074,0.7360299511159469,0.5719044502096711,0.5480239367918736,0.7176462338199793,-0.12907366355725608,-0.11818236795381282,0.01838371729596766,0.17596887162472855
30,0.4398048416390332,0.4271005595692552,0.734395156483923,0.5910404133226791,0.5646424733950353,0.712520825173375,-0.15123557168364588,-0.13754191382578007,0.021874331310547945,0.20559295360401125
31,0.42428452890584306,0.4130878283357256,0.7381981294236404,0.610117272886887,0.5810351605373051,0.7071671564563529,-0.18583274398104394,-0.16794733220157948,0.031030972967287518,0.2523946045628719
32,0.4088176183138204,0.39901617524529104,0.7420011023633578,0.6291331212322355,0.597195441362392,0.7015791132839158,-0.22031550291841512,-0.19817926611710096,0.040421989079442056,0.29907838361547534
33,0.39340433355448595,0.3848858038104409,0.7458040753030752,0.6480860567897367,0.6131168519734339,0.6957502697783335,-0.2546817232352508,-0.228231048162993,0.0500538055247417,0.34562635163303734
34,0.3780448975437923,0.37069691839288377,0.7496070482427927,0.6669741842816288,0.6287930240184685,0.6896738777545541,-0.2889292867378365,-0.2580961056255847,0.05993317048823854,0.3920276997849772
35,0.3627395324188997,0.3564497242005916,0.7534100211825101,0.6857956149109028,0.6442176872376911,0.6833428557202919,-0.32305608249200307,-0.2877679630370995,0.07006716546221825,0.4382750741960022
36,0.33518284857270897,0.33060193320034725,0.8014100211825101,0.7045484665501799,0.6593846719714731,0.6767497777563413,-0.3693656179774709,-0.32878273877112585,0.12466024342616888,0.5099698278808198
37,0.3088981215280889,0.3034617001803262,0.8494100211825102,0.723230863929924,0.6742879116281452,0.6698868623569647,-0.4143327424018351,-0.37082621144781897,0.17952315882554548,0.5843049418562793
38,0.2839458996695211,0.275091544232358,0.8974100211825102,0.7418409388259654,0.6889214451105513,0.6627459613267954,-0.45789503915644425,-0.4138299008781933,0.2346640598557148,0.660295596481533
39,0.26038366187895096,0.24555681764666143,0.9454100211825103,0.7603768302463229,0.7032794192004101,0.6553185488498808,-0.4999931683673719,-0.4577226015537487,0.29009147233262944,0.7373304623486592
40,0.2382656851298684,0.21492555536907537,0.9934100211825103,0.778836684617301,0.7173560908995228,0.6475957108685986,-0.5405709994874326,-0.5024305355304475,0.34581431031391174,0.8150098071423071
41,0.25677446982495844,0.24333769924190293,0.9819243021463294,0.7972186559688459,0.731145829726896,0.6395681349355568,-0.5404441861438875,-0.48780813048499305,0.34235616721077267,0.8045150313892484
42,0.275608360404609,0.27153538701897434,0.9704385831101485,0.8155209061191403,0.7446431199708592,0.6312261007306176,-0.5399125457145313,-0.47310773295188485,0.33921248237953094,0.7939783323245675
43,0.2947648722964847,0.29951489885309823,0.9589528640739676,0.8337416048584215,0.757842562895277,0.6225594714682599,-0.5389767325619368,-0.45832766404217873,0.3363933926057078,0.7834032680926725
44,0.3142414783679524,0.3272725436789173,0.9474671450377867,0.8518789301319992,0.7707388788989693,0.6135576864580234,-0.5376374517640468,-0.443466335220052,0.3339094585797633,0.7727948929320586
45,0.3340356092594617,0.35480465969983455,0.9359814260016058,0.8699310682224605,0.7833269096274834,0.6042097551231719,-0.5358954589629987,-0.42852224992764887,0.33177167087843396,0.7621598934722853
46,0.35336909232366925,0.38105460023530785,0.922958207,0.8878962139310396,0.795601620036366,0.5945042528303504,-0.5345271216073704,-0.4145470198010582,0.3284539541696496,0.7519644109726722
47,0.3730427849517712,0.4070505376849336,0.9099349879983941,0.9057725707581367,0.8075581004051143,0.5844293189362826,-0.5327297858063655,-0.40050756272018073,0.32550566906211154,0.7417285710237461
48,0.39305335044937595,0.4327880630899906,0.8969117689967883,0.9235583510829657,0.8191915683009982,0.5739726575167142,-0.5305050006335897,-0.3864035052110075,0.32293911148007404,0.731459427624074
49,0.41339739498783484,0.458262811318915,0.8838885499951824,0.941251776342316,0.8304973704919704,0.5631215413080933,-0.5278543813544812,-0.37223455917305537,0.3207670086870891,0.721165923224291
50,0.4340714681798416,0.4834704618076343,0.8708653309935765,0.958851077208406,0.8414709848078965,0.5518628194639037,-0.5247796090285644,-0.3580005230002622,0.31900251152967285,0.7108590682286281
51,0.4541095210106856,0.5072638083346532,0.8559954162193771,0.976354493765815,0.852108021949363,0.540182929805001,-0.5222449727551294,-0.34484421361470974,0.3158124864143761,0.7009956275232991
52,0.4744991505283133,0.5307565712275184,0.8411255014451777,0.9937602756874735,0.8624042272433384,0.5280679163262988,-0.5192611251591601,-0.33164765601582,0.31305758511887893,0.6911058786053037
53,0.49523584837580625,0.5539435559945871,0.8262555866709783,1.0110666824096939,0.8723554823449863,0.5155034528098956,-0.5158308340338876,-0.31841192635039917,0.3107521338610827,0.6812007728133347
54,0.5163150294558664,0.5768196357549074,0.8113856718967789,1.0282719833062262,0.8819578068849474,0.5024748734859666,-0.5119569538503598,-0.30513817113004005,0.30891079841081226,0.6712936074856742
55,0.5377320329446283,0.5993797523718234,0.7965157571225795,1.0453744578613184,0.8912073600614354,0.4889672117755554,-0.5076424249166901,-0.291827607689612,0.3075485453470241,0.6614002509299569
56,0.5643017550529258,0.6265469240485758,0.8505157571225795,1.0623723958417668,0.900100442176505,0.4749652482411506,-0.498070640788841,-0.27355351812792916,0.37555050888142893,0.6811344031959289
57,0.5893664335197317,0.6551085634129737,0.9045157571225796,1.0792640974679386,0.9086334961158833,0.4604535689580829,-0.4898976639482069,-0.25352493270290954,0.44406218816449666,0.7081425277452033
58,0.6128529975014412,0.6849814049610983,0.9585157571225796,1.0960478735837471,0.916803108771767,0.44541663559766037,-0.48319487608230594,-0.2318217038106687,0.5130991215249192,0.7419496607853664
59,0.6346929768181634,0.7160783606524749,1.0125157571225796,1.1127220458255676,0.9246060124080204,0.4298388685756445,-0.47802906900740416,-0.20852765175554555,0.5826768885469351,0.7819897242352389
60,0.6548227015642538,0.7483087737970954,1.0665157571225796,1.1292849467900707,0.9320390859672264,0.4137047446598081,-0.4744622452258169,-0.18373031217013103,0.6528110124627715,0.8276674862210825
61,0.6681182062445324,0.7724003477774803,1.0432818127770198,1.1457349202009626,0.9390993563190677,0.3969989104388761,-0.47761671395643013,-0.16669900854158737,0.6462829023381438,0.820723994259886
62,0.6819698144527923,0.7961765403154066,1.02004786843146,1.1620703210746102,0.945783999449539,0.37970631302149005,-0.4801005066218179,-0.14960745913413231,0.64034155540997,0.8141966567555758
63,0.6963700492033028,0.8196245172150426,0.9968139240859003,1.178289515884539,0.9520903415905158,0.36181234924553096,-0.4819194666812362,-0.13246582437547316,0.6350015748403693,0.8080968797387786
64,0.7113111373661772,0.8427316214486952,0.9735799797403406,1.1943908827247842,0.958015860289225,0.3433030345211741,-0.483079745358607,-0.11528423884052985,0.6302769452191666,0.8024372397736668
65,0.7267850138632449,0.8654853799889709,0.9503460353947809,1.210372811472079,0.963558185417193,0.3241651921901698,-0.4835877976088342,-0.09807280542822205,0.6261808432046111,0.7972313852058024
66,0.7421736929274925,0.887020386464327,0.9243056987155343,1.2262337039468676,0.9687151001182652,0.30438666394296926,-0.4840600110193751,-0.08169471365393821,0.6199190347725649,0.7907513706471998
67,0.7581178702054752,0.9081474108209254,0.8982653620362876,1.2419719740731194,0.9734845416953194,0.283956541378582,-0.48385410386764427,-0.06533713087439397,0.6143088206577056,0.784703167852864
68,0.774606734575321,0.9288521276513694,0.8722250253570409,1.2575860480369372,0.9778646024353163,0.26286541820488024,-0.48297931346161616,-0.04901247478394688,0.6093596071521608,0.7790958674931711
69,0.7916291055841835,0.9491204978984484,0.8461846886777943,1.273074364443936,0.9818535303723597,0.24110566184802507,-0.4814452588597524,-0.03273303247391124,0.6050790268297692,0.7739390269283057
70,0.8091734410292686,0.968938778374473,0.8201443519985476,1.2884353744753823,0.9854497299884603,0.2186717023624417,-0.4792619334461137,-0.0165109516139873,0.6014726496361059,0.7692424589386525
71,0.8264004360828947,0.987406529159761,0.7910182586485093,1.3036675420430732,0.9886517628517197,0.19556033550876473,-0.4772671059601785,-0.0012452336919587248,0.5954579231397445,0.763122257091516
72,0.8441579419553961,1.005364763004804,0.7618921652984709,1.3187693439429462,0.9914583481916864,0.1717710357084244,-0.47461140198755014,0.013906414813117496,0.5901211295900466,0.7574247941929119
73,0.8624308954989214,1.022798246490365,0.7327660719484326,1.3337392700073958,0.9938683634116449,0.14730627331565815,-0.4713083745084744,0.028929883078720242,0.5854597986327744,0.7521513795984806
74,0.8812037963271618,1.0396921913268506,0.7036399785983942,1.34857582325629,0.99588084453764,0.12217182931261213,-0.46737202692912827,0.043811346789210615,0.581468149285782,0.7473026524087538
75,0.9004607199638536,1.0560322668987625,0.6745138852483559,1.3632775200466682,0.9974949866040543,0.0963770991912814,-0.46281680008281467,0.05853728029470817,0.5781367860570745,0.742878285465123
76,0.9191724387138378,1.0709946754169941,0.6422907947135483,1.3778428902211026,0.998710143975583,0.06993537651704462,-0.4586704515072648,0.07228453144141112,0.5723554181965037,0.7370172055728937
77,0.9383564954706364,1.0853464715971555,0.6100677041787408,1.3922704772547134,0.9995258306054791,0.0428641055705861,-0.45391398178407705,0.08582064099167641,0.5672035986081547,0.7315210233160346
78,0.9579929726228434,1.0990727548630588,0.5778446136439332,1.4065588384008205,0.9999417202299663,0.015185091651111312,-0.4485658657779771,0.09913103463309247,0.562659521992822,0.7263773369659632
79,0.9780614828391317,1.11215927406962,0.5456215231091257,1.4207065448352156,0.99995764649874,-0.013075342784616575,-0.4426450619960839,0.11220162757088004,0.5586968658937422,0.7215719257971179
80,0.9985411902351493,1.1245924422989357,0.5133984325743182,1.4347121817990456,0.9995736030415051,-0.041886267855577024,-0.43617099156389627,0.12501883925743063,0.5552847004298952,0.7170885179548103
81,1.031642246930015,1.1432557770705867,0.45687327376777437,1.4485743487402851,0.998789743470524,-0.07121213282096248,-0.4169321018102701,0.14446603360006272,0.5280854065887368,0.6881693171277367
82,1.0657448234917102,1.1600192579432804,0.4003481149612306,1.4622916594537918,0.9976063813191736,-0.10101283897581732,-0.3965468359620816,0.16241287662410686,0.5013609539370479,0.6595378243418054
83,1.1007399880054711,1.1748293382864197,0.3438229561546868,1.4758627422199255,0.9960239899165367,-0.13124390617594112,-0.3751227542144544,0.17880534836988293,0.4750668623306279,0.631171099639219
84,1.1365159574137618,1.1876387111052777,0.287297797348143,1.4892862399417186,0.994043202198076,-0.16185673736972372,-0.35277028252795684,0.19359550890720179,0.4491545347178667,0.6030471700965988
85,1.1729584545785157,1.1984064601510325,0.23077263854159918,1.5025608102805854,0.9916648104524687,-0.19279898196781758,-0.32960235570206975,0.2067416496985638,0.42357162050941677,0.5751458426394219
86,1.2099510730652283,1.2070981905596758,0.17398801450260015,1.515685125790554,0.9888897660047016,-0.22401499487154508,-0.3057340527253256,0.21820842455497425,0.39800300937414523,0.5472610190882337
87,1.2473773577880787,1.2136764283057706,0.11720339046360112,1.5286578740510102,0.9857191788355535,-0.25544638373627454,-0.2812805162629315,0.22795724947021712,0.37264977419987566,0.5195681770724476
88,1.2851166603586188,1.2181199676033627,0.06041876642460209,1.5414777577979386,0.9821543171376185,-0.28703263284555847,-0.2563610974393198,0.23596565046574425,0.34745139927016055,0.4920602354740796
89,1.3230473233355606,1.2204144841384243,0.0036341423856030564,1.5541434950536477,0.9781966068080447,-0.3187117881210078,-0.23109617171808705,0.2422178773303797,0.32234593050661087,0.4647384636495706
90,1.3610470724030104,1.2205525812451024,-0.053150481653395976,1.5666538192549668,0.9738476308781951,-0.3504211845928371,-0.20560674685195646,0.2467049503669072,0.29727070293944113,0.43761551356492395
91,1.3989934105372754,1.218533813749811,-0.11015048165339644,1.579007479379901,0.9691091288804564,-0.38209819537047346,-0.1800140688426255,0.24942468486935454,0.27194771371707704,0.4105767862402837
92,1.436763114086415,1.2143565546232848,-0.1671504816533969,1.591203240072732,0.9639829961524481,-0.41368097997668896,-0.15444012598631707,0.25037355847083675,0.24653049832329205,0.3838176101998835
93,1.474233502504752,1.2080343721062283,-0.22415048165339738,1.6032398817675544,0.9584712830789142,-0.44510920994479974,-0.12900637926280245,0.24956308902731417,0.22095872829140237,0.3574173203742468
94,1.5112828674582006,1.1995878014088277,-0.28115048165339784,1.6151162008102287,0.9525761942715953,-0.4763247508234524,-0.10383333335202805,0.24701160713723236,0.19517426917005454,0.3314952345382611
95,1.5477908681475923,1.1890442780099162,-0.33815048165339834,1.6268310095787475,0.9463000876874145,-0.5072722820789922,-0.07904014143115523,0.24274419032250172,0.16912180042559388,0.30622584683853576
96,1.583594768972316,1.1764535753440535,-0.3951504816533985,1.6383831366019965,0.9396454736853249,-0.5378998396315425,-0.054788367629680534,0.23680810165872856,0.14274935797814403,0.2818815734344976
97,1.6186232406094478,1.161843603316241,-0.45215048165339866,1.6497714266769001,0.9326150140222006,-0.5681592696408527,-0.031148186067452288,0.22922858929404033,0.11600878798745407,0.25879334329798076
98,1.6527625063646838,1.1452618168750823,-0.5091504816533988,1.660994740983941,0.9252115207881683,-0.5980065863693985,-0.00823223461925715,0.22005029608691407,0.0888561047159997,0.23745591136054237
99,1.6859016777915097,1.1267620756598584,-0.566150481653399,1.672051957201041,0.9174379552818098,-0.6274022311885141,0.013849720590468628,0.2093241203780486,0.06125174953511514,0.21854102350266025
100,1.7179331148702301,1.1064044690579324,-0.6231504816533991,1.682941969615793,0.9092974268256818,-0.6563112337819401,0.03499114525443714,0.19710704223225062,0.03316075212854097,0.20291673618874784
101,1.7487155154311667,1.0842818990389382,-0.6530944939656643,1.6936636892360304,0.9007931915226274,-0.6847032801150899,0.055051826195136266,0.18348870751631086,0.03160878614942553,0.19415953418584903
102,1.7788217770795822,1.0612476354714526,-0.6830385062779295,1.704216043898726,0.8919286509533796,-0.7125526946185239,0.07460573318085628,0.16931898451807303,0.029514188340594383,0.18736600880386137
103,1.8082249072374046,1.0373223303435883,-0.7129825185901947,1.7145979783772067,0.8827073508159741,-0.7398383461925445,0.09362692886019786,0.15461497952761427,0.026855827602349835,0.18273759651019894
104,1.836898543737998,1.0125274345307183,-0.7429265309024599,1.7248084544866769,0.8731329795075166,-0.7665434890556865,0.11209008925132125,0.1393944550232017,0.02361695815322662,0.18042384241556275
105,1.8648169784618727,0.9868851785631166,-0.772870543214725,1.734846451188034,0.8632093666488738,-0.7926555501696838,0.12997052727383873,0.12367581191424282,0.019785006954958773,0.1804978972528339
106,1.8890492832651606,0.9632525389743078,-0.7978483902661571,1.7447109646899726,0.8529404815528762,-0.8181658750569212,0.14433831857518808,0.11031205742143169,0.020317484790764118,0.18279797703991327
107,1.9126837982015659,0.9390220632518872,-0.8228262373175891,1.7544010085493633,0.8423304316366457,-0.8430694433909002,0.15828278965220255,0.09669163161524152,0.020243206073311093,0.18658108295491135
108,1.9357057786329777,0.9142088678303041,-0.8478040843690211,1.763915613769895,0.8313834607786832,-0.8673645649064725,0.17179016486308263,0.08282540705162089,0.019560480537451408,0.19171468695905336
109,1.9581008620573108,0.8888284326797568,-0.8727819314204531,1.7732538288989745,0.8201039476213741,-0.8910525650657036,0.18484703315833628,0.06872448505838269,0.0182706336452505,0.19805377190999895
110,1.9798550770687022,0.8628965916488517,-0.8977597784718852,1.7824147201228708,0.8084964038195901,-0.914137468639516,0.1974403569458314,0.05440018782926159,0.0163776901676308,0.20545146317800506
111,1.991038306093536,0.8488686081812509,-0.9196368276055928,1.7913973713600952,0.7965654722360865,-0.9366256880218409,0.1996409347334407,0.052303135945164336,0.01698886041624803,0.20707665785689855
112,2.001911992644661,0.8345993449775304,-0.9415138767393005,1.8002008843530102,0.7843159250844199,-0.9585257217604746,0.20171110829165073,0.05028341989311047,0.017011845021174032,0.20857899317864526
113,2.0124709327258534,0.8200956311100085,-0.9633909258730082,1.808824378757652,0.7717526620201257,-0.9798478675264842,0.20364655396820153,0.04834296908988278,0.016456941653475998,0.2099518814684329
114,2.0227100729742045,0.8053644078558533,-0.9852679750067159,1.8172669922317666,0.7588807081809217,-1.0006039525927415,0.2054430807424379,0.0464836996749316,0.015335977586025562,0.21119371668904396
115,2.0326245130785883,0.7904127253750837,-1.0071450241404236,1.8255278805210422,0.7457052121767199,-1.0208070838766747,0.20709663255754607,0.044707513198363746,0.01366205973625112,0.21230739230958023
116,2.0421537132937453,0.7753360156298913,-1.026272525951205,1.8336062175435337,0.7322314440302513,-1.0404714187339885,0.2085474957502116,0.043104571599639985,0.014198892782783412,0.21342837354187466
117,2.0513928081703665,0.7600798051127897,-1.0454000277619866,1.8415011954722713,0.7184647930691263,-1.0596119569697484,0.2098916126980952,0.04161501204366347,0.01421192920776182,0.2144487753292331
118,2.0603384175840103,0.7446496753110072,-1.064527529572768,1.8492120248160406,0.7044107657701763,-1.078244353954232,0.21112639276796963,0.04023890954083098,0.013716824381463821,0.2153640518641913
119,2.0689872687819415,0.7290512713401721,-1.0836550313835496,1.8567379344983332,0.6900749835569364,-1.0963847542815959,0.21224933428360826,0.0389762877832357,0.012729722898046303,0.2161734876395751
120,2.07733619758047,0.7132902998790461,-1.102782533194331,1.8640781719344526,0.675463180551151,-1.1140496450750117,0.21325802564601748,0.037827119327895176,0.011267111880680636,0.21687974610188027
121,2.0855206706554754,0.6970984827005186,-1.1195172624632892,1.871232003106772,0.6605812012792008,-1.1312557278065778,0.21428866754870346,0.036517281421317715,0.011738465343288595,0.2176945944455628
122,2.093433044691965,0.6807719741893569,-1.1362519917322473,1.8781987126381352,0.6454349983343708,-1.1480198073479873,0.2152343320538297,0.035336975854986075,0.011767815615739918,0.21843305849069672
123,2.1010711038720946,0.6643153464965644,-1.1529867210012055,1.884977603863395,0.6300306299958922,-1.16435869688339,0.21609350000869965,0.03428471650067222,0.011371975882184637,0.21909168027792914
124,2.1084327091984227,0.6477332082123224,-1.1697214502701636,1.891567998899078,0.6143742578057116,-1.1802891372852227,0.21686471029934484,0.03335895040661074,0.010567687015059057,0.21966974792696814
125,2.1155157990929236,0.6310302030753787,-1.1864561795391217,1.8979692387111724,0.5984721441039565,-1.1958277295646969,0.21754656038175124,0.032558058971422166,0.009371550025575104,0.2201689330668598
126,2.122488383690267,0.6137907044964984,-1.2012240611345446,1.9041806831810315,0.5823306495240819,-1.2109908790505335,0.21830770050923531,0.03146005497241655,0.009766817915988879,0.22077902502887709
127,2.129205626354891,0.5964501192064087,-1.2159919427299675,1.9102017111693845,0.5659562304487028,-1.2257947500135267,0.21900391518550633,0.030493888757705867,0.0098028072835592,0.22133388161053516
128,2.1356660621477723,0.5790122289502917,-1.2307598243253903,1.9160317205784498,0.5493554364271267,-1.2402552295333436,0.2196343415693225,0.029656792523165,0.009495405207953223,0.22183086363131505
129,2.141868282135964,0.5614808366942158,-1.2455277059208132,1.9216701284121454,0.532534907555621,-1.2543878994917435,0.22019815372381868,0.028945929138594728,0.008860193570930264,0.2222691988269841
130,2.1478109336998648,0.5438597657957605,-1.260295587516236,1.927116370834386,0.5155013718214642,-1.2682080156685605,0.22069456286547884,0.028358393974296292,0.007912428152324402,0.22264971391504612
131,2.153643453045386,0.5256831123749062,-1.2734979574132772,1.932369903225468,0.4982616424118385,-1.2817304930098559,0.22127354981991787,0.027421469963067657,0.00823253559657866,0.22311812007811474
132,2.1592354961560924,0.5074310422088748,-1.2867003273103184,1.9374302002365305,0.4808226149886482,-1.2949698962289915,0.221805295919562,0.026608427220226605,0.008269568918673142,0.22354861544460355
133,2.1645860883386514,0.48910673663421056,-1.2999026972073595,1.9422967558420892,0.4631912649303451,-1.3079404349891695,0.22228933249656224,0.025915471703865434,0.00803773778180994,0.22393919764983125
134,2.1696942969846362,0.4707133895780921,-1.3131050671044007,1.9469690833906388,0.44537464454187115,-1.3206559629989763,0.22272521359399744,0.025338745036220967,0.007550895894575582,0.22428907418622315
135,2.1745592317330797,0.4522542070016311,-1.3263074370014418,1.9514467156533182,0.4273798802338298,-1.333129980429876,0.22311251607976157,0.024874326767801325,0.006822543428434136,0.2245984729743862
136,2.1792926900402727,0.43328088493927963,-1.338300692932902,1.9557292048706325,0.40921416967201735,-1.3453756391359823,0.2235634851696402,0.024066715267262284,0.007074946203080357,0.22496642760360466
137,2.1837982614732194,0.4142521591887135,-1.3502939488643622,1.9598161227972284,0.3908847788984522,-1.3574057502217107,0.22398213867599104,0.023367380290261308,0.007111801357348568,0.22531003223568843
138,2.188075297966458,0.3951707667745538,-1.3622872047958223,1.9637070607447196,0.3723990394250553,-1.3692327935620554,0.2243682372217386,0.022771727349498505,0.0069455887662330795,0.2256277878360285
139,2.192123184326184,0.3760394522968085,-1.3742804607272825,1.9674016296225532,0.3537643453011427,-1.380868928933525,0.22472155470363098,0.022275106995665817,0.0065884682062424815,0.2259189355795349
140,2.1959413383187383,0.3568609675360985,-1.3862737166587427,1.9708994599769205,0.3349881501559047,-1.3923260084614568,0.22504187834181777,0.021872817380193754,0.00605229180271416,0.2261833269359747
141,2.199601458876974,0.3372509842238481,-1.397369358429718,1.9742002020277007,0.3160779642170538,-1.4036155901318894,0.22540125684927337,0.021173020006794274,0.006246231702171423,0.2264796652591959
142,2.203043773247435,0.3176015974705044,-1.4084650002006933,1.9773035257034395,0.29704135130683235,-1.4147489521538088,0.22574024754399558,0.02056024616367208,0.006283951953115485,0.22676170561998396
143,2.206267857639903,0.2979152263514332,-1.4195606419716686,1.9802091206743555,0.2778859258165868,-1.4257371079907708,0.22605873696554757,0.020029300534846417,0.006176466019102156,0.22702835543354258
144,2.2092733151308903,0.2781942944952194,-1.430656283742644,1.9829166963833729,0.2586193496611108,-1.4365908219100985,0.22635661874751745,0.0195749448341086,0.005934538167454484,0.22727893888200099
145,2.212059775712504,0.25844122978528966,-1.4417519255136193,1.985425982075177,0.23924932921398243,-1.4473206249233783,0.22663379363732705,0.019191900571307235,0.005568699409759015,0.2275131114443775
146,2.214664611482911,0.23836782330629946,-1.4522241249890577,1.9877367268232897,0.21978361222511697,-1.457936831014273,0.22692788465962122,0.018584211081182495,0.005712706025215342,0.22775924294686886
147,2.217059095547822,0.2182682396507994,-1.4626963244644962,1.9898486995551619,0.20022998472177053,-1.4684495535690345,0.22721039599266013,0.018038254929028857,0.005753229104538349,0.2279978998437384
148,2.219242965313844,0.198144683058919,-1.4731685239399346,1.99176168907528,0.18059626789423294,-1.4788687219418666,0.22748127623856385,0.017548415164686054,0.005700198001932,0.22822832902858314
149,2.2212159812848036,0.1779993603998029,-1.483640723415373,1.9934755040862868,0.1608903149674558,-1.4892040981017618,0.22774047719851676,0.01710904543234712,0.005563374686388789,0.22844998474089553
150,2.222977927088011,0.15783448092959237,-1.4941129228908114,1.994989973208109,0.1411200080598672,-1.499465293319851,0.22798795387990212,0.01671447286972516,0.005352370429039466,0.22866247743533877
151,2.2245418844039664,0.13747948234901014,-1.5042085970512853,1.9963049449950963,0.12129325503062975,-1.5096617848669232,0.22823693940887013,0.01618622731838039,0.005453187815637861,0.22887514439729614
152,2.2259002680768543,0.1171097321419294,-1.5143042712117591,1.997420287951166,0.10141798631660187,-1.5198029326997817,0.22847998012568826,0.015691745825327535,0.005498661488022583,0.2290841930021394
153,2.227052939657805,0.09672730642936755,-1.524399945372233,1.998335890542952,0.08150215176026913,-1.5298979961226906,0.2287170491148529,0.01522515466909842,0.005498050750457617,0.22928916776105804
154,2.2279997816644896,0.07633428262425196,-1.5344956195327069,1.9990516612109581,0.06155371742991314,-1.5399561504164885,0.22894812045353152,0.014780565194338818,0.0054605308837816224,0.2294897042662298
155,2.228740697593094,0.05593273921968636,-1.5445912936931807,1.999567528378714,0.04158066243329049,-1.5499865034331373,0.22917316921438013,0.01435207678639587,0.005395209739956552,0.22968550647349006
156,2.2292767101538393,0.03548285621054621,-1.5545406714439007,1.9998834404599326,0.02159097572609596,-1.5599981121576436,0.22939326969390672,0.013891880484450253,0.005457440713742878,0.2298783160356794
157,2.229609235930612,0.015028652457757953,-1.5644900491946208,1.9999993658636692,0.0015926529164868282,-1.56999999924253,0.22960987006694267,0.013435999541271126,0.005509950047909218,0.23006863772657452
158,2.229738242006918,-0.0054278472913455444,-1.5744394269453408,1.9999152929974802,-0.018406306933053812,-1.580001169522415,0.22982294900943767,0.012978459641708268,0.005561742577074202,0.2302562947816187
159,2.2296637156125354,-0.025884618062152354,-1.5843888046960608,1.9996312302685817,-0.03839790450523538,-1.5900106265178413,0.2300324853439537,0.012513286443083024,0.005621821821780504,0.23044116718095048
160,2.2293856641247807,-0.04633963485322229,-1.5943381824467808,1.9991472060830102,-0.058374143427580086,-1.600037388938299,0.23023845804177046,0.012034508574357797,0.005699206491518227,0.23062319465463865
161,2.2289063468785932,-0.06669608852870343,-1.604365249923952,1.998463268842781,-0.0783270334708653,-1.610090507194452,0.2304430780358122,0.011630944942161867,0.005725257270499995,0.23080742983205815
162,2.2282229416137307,-0.08704671280680508,-1.6143923174011232,1.997579486941048,-0.09824859374510869,-1.6201790799288849,0.23064345467268277,0.011201880938303613,0.0057867625277616686,0.2309878177317118
163,2.2273355170406055,-0.10738946161053156,-1.6244193848782944,1.996495948755265,-0.11813085589181781,-1.6303122705732334,0.23083956828534058,0.010741394281286246,0.005892885694938954,0.2311644651305258
164,2.226244162381984,-0.12772228965469717,-1.6344464523554656,1.9952127626383473,-0.13796586727122728,-1.6404993239373136,0.23103139974363684,0.010243577616530108,0.006052871581847974,0.23133757974932725
165,2.2249489873640176,-0.1480431526515617,-1.6444735198326368,1.9937300569078378,-0.15774569414324865,-1.6507495828327603,0.2312189304561798,0.00970254149168695,0.006276063000123511,0.23150749897029066
166,2.2234671476950343,-0.16811934357112596,-1.6548063293973918,1.9920479798330735,-0.17746242484086058,-1.6610725047296746,0.23141916786196082,0.009343081269734627,0.006266175332282797,0.23169244565766528
167,2.2217779473648744,-0.18817915146870948,-1.6651391389621468,1.9901666996203604,-0.19710817293466984,-1.671477678439753,0.23161124774451403,0.008929021465960363,0.006338539477606098,0.23186995188859508
168,2.219881566722707,-0.2082204346387906,-1.6754719485269018,1.988086404396152,-0.21667508038737962,-1.6819748408132476,0.23179516232655506,0.008454645748589007,0.006502892286345707,0.2320404402702597
169,2.2177782082375135,-0.22824105335365882,-1.6858047580916569,1.985807302188237,-0.236155320696897,-1.692573893429715,0.2319709060492765,0.007914267343238163,0.006769135338058119,0.2322045608383424
170,2.215468096476474,-0.24823887009186485,-1.6961375676564119,1.9833296209049371,-0.2555411020268312,-1.7032849192537511,0.23213847557153677,0.0073022319349663745,0.007147351597339258,0.23236324809824166
171,2.2129967399256065,-0.26785253385272423,-1.7070185690600734,1.980653608312316,-0.27482467032312397,-1.714118199216562,0.23234313161329045,0.006972136470399737,0.007099630156488512,0.2325561141814844
172,2.2103121175812395,-0.2874381462300202,-1.717899570463735,1.977779532009403,-0.2939983124155676,-1.725084228672093,0.23253258557183654,0.006560166185547445,0.007184658208358119,0.2327360273930025
173,2.207414547289298,-0.3069933883847167,-1.7287805718673965,1.9747076794014329,-0.3130543591029702,-1.7361937336623283,0.232706867887865,0.006060970718253511,0.0074131617949317885,0.2329037927901253
174,2.2043043721076843,-0.32651594507346104,-1.739661573271058,1.971438357671107,-0.33198518822073414,-1.7474576869099745,0.23286601443657728,0.005469243147273095,0.007796113638916413,0.23306066310737877
175,2.200981960265662,-0.346003504922697,-1.7505425746747196,1.9679718937478738,-0.35078322768961984,-1.7588873234378162,0.23301006651778833,0.004779722766922845,0.008344748763096543,0.2332084296938513
176,2.1975337541645867,-0.36498020238439866,-1.7622389888730114,1.964308634275237,-0.36944095854447706,-1.7704941556922353,0.2332251198893498,0.004460756160078405,0.008255166819223891,0.23341380137458556
177,2.1938638296758812,-0.38391527106966217,-1.7739354030713033,1.960448945576091,-0.3879509179417303,-1.7822899880233805,0.23341488409979028,0.004035646872068144,0.008354584952077193,0.23359921586922341
178,2.1899726888618973,-0.4028061205750231,-1.785631817269595,1.9563932136160893,-0.40630570214441675,-1.7942869303459041,0.23357947524580802,0.0034995815693936727,0.008655113076309062,0.23376597123968146
179,2.185860864048385,-0.42165016654640175,-1.797328231467887,1.9521418439650484,-0.4244979694835826,-1.8064974107716563,0.23371902008333678,0.0028478029371808433,0.00916917930376937,0.23391614775254158
180,2.1815289177516695,-0.4404448310326547,-1.8090246456661787,1.9476952617563903,-0.44252044329485246,-1.818934186968815,0.23383365599527917,0.002075612262197768,0.009909541302636216,0.23405274160156764
181,2.1771148862704663,-0.4586215577480502,-1.8218383822338284,1.9430539116446306,-0.46036591482899825,-1.8316103559602837,0.23406097462583575,0.0017443570809480557,0.009771973726455219,0.23427136849161168
182,2.172468311744148,-0.47674023355989126,-1.8346521188014782,1.9382182577609126,-0.47802724613534286,-1.8445393620273418,0.2342500539832355,0.001287012575451607,0.009887243225863651,0.2344621542405629
183,2.1675899570919195,-0.4947978835700754,-1.8474658553691279,1.933188783666595,-0.4954973729168449,-1.8577350023321744,0.2344011734253244,0.0006994893467694996,0.010269146963046483,0.2346270546374904
184,2.162480623288871,-0.512791542900302,-1.8602795919367776,1.9279659923048962,-0.5127693073557238,-1.871211429814701,0.23451463098397496,-2.223554457825294e-05,0.01093183787792329,0.23476928614995315
185,2.157141149234467,-0.5307182571788744,-1.8730933285044273,1.9225504059505998,-0.5298361409084934,-1.884983152854841,0.23459074328386742,-0.0008821162703810392,0.011889824350413747,0.2348935139306225
186,2.151768084898307,-0.5479476331466517,-1.8873687828365926,1.9169425661578283,-0.5466910470692872,-1.899065031120944,0.23482551874047886,-0.0012565860773645632,0.011696248284351451,0.23511998103996606
187,2.146149619221462,-0.5650985532396862,-1.9016442371687579,1.911143033705888,-0.5633272841003701,-1.9134722669486295,0.23500658551557407,-0.001771269139316023,0.01182802977987163,0.23531071993967093
188,2.1402868971637217,-0.5821675223554009,-1.9159196915009231,1.9051523885431907,-0.5797381977287431,-1.928220391512157,0.23513450862053098,-0.0024293246266577917,0.012300700011233845,0.23546856686854534
189,2.134181113460696,-0.5991510620916103,-1.9301951458330884,1.898971229729261,-0.5959172238077642,-1.9433252449633298,0.23520988373143492,-0.0032338382838460467,0.013130099130241435,0.23559827380134
190,2.1278335123803442,-0.6160457114553661,-1.9444706001652536,1.892600175374829,-0.6118578909427194,-1.958802949622059,0.2352333370055153,-0.004187820512646767,0.014332349456805282,0.23570676044684946
191,2.1214990876653563,-0.6322009920387612,-1.960596368571126,1.886039862580021,-0.6275538230792937,-1.9746698752097716,0.23545922508533534,-0.004647168959467485,0.014073506638645483,0.23592521367211358
192,2.1149049815131384,-0.6482520291158899,-1.9767221369769985,1.8792909473706498,-0.6429987420539088,-1.9909425950243342,0.2356140341424886,-0.005253287061981027,0.014220458047335738,0.23610123154471135
193,2.1080529086205786,-0.664194648858991,-1.992847905382871,1.8723541046326122,-0.6581864701049049,-2.007637831866406,0.2356988039879664,-0.006008178754086102,0.014789926483534943,0.23623879092707706
194,2.1009446507648866,-0.6800247056325804,-2.008973673788743,1.865230028044401,-0.6731109323435617,-2.024772392446539,0.2357146227204856,-0.006913773289018765,0.015798718657795696,0.23634462789871274
195,2.0935820563402703,-0.6957380830714598,-2.0250994421946156,1.8579194300077386,-0.6877661591839738,-2.0423630889355304,0.23566262633253166,-0.007971923887486021,0.01726364674091485,0.23642854844373049
196,2.0862657479696654,-0.7107190563671277,-2.0434959369005186,1.8504230415763365,-0.7021462887308055,-2.060426646274568,0.23584270639332883,-0.008572767636322198,0.016930709374049613,0.23660499450304256
197,2.0786750957459197,-0.7255629078847577,-2.0618924316064215,1.8427416123827909,-0.7162455691239705,-2.078979593845187,0.2359334833631288,-0.00931733876078722,0.017087162238765607,0.23673485693242757
198,2.0708126685087396,-0.7402646141462551,-2.0802889263123245,1.8348759105636196,-0.7300583608392996,-2.0980381401223296,0.23593675794511992,-0.01020625330695546,0.01774921381000505,0.23682347000897763
199,2.0626811270723318,-0.754819199778532,-2.0986854210182275,1.8268267226824504,-0.7435791389442745,-2.1176180290088564,0.23585440438988137,-0.011240060834257437,0.018932607990628902,0.23687989083708716
200,2.054283223324926,-0.7692217391972807,-2.1170819157241305,1.8185948536513634,-0.7568024953079283,-2.137734376690414,0.23568836967356255,-0.012419243889352338,0.02065246096628348,0.2369172204845586
201,2.0459298244515454,-0.7829607430802576,-2.1381609280532667,1.8101811266504018,-0.7697231407640244,-2.1584014880706035,0.2357486978011436,-0.013237602316233277,0.02024056001733676,0.23698599726530908
202,2.037288698134131,-0.7965206264278658,-2.159239940382403,1.8015863830452545,-0.7823359072266527,-2.179632652163961,0.23570231508887662,-0.014184719201213114,0.020392711781557882,0.23700770091049578
203,2.028363683696905,-0.8098953644712651,-2.180318952711539,1.7928114823031196,-0.7946357497573974,-2.201439916254256,0.2355522013937854,-0.01525961471386772,0.021120963542716975,0.23698900928871555
204,2.0191587465979386,-0.8230790147032124,-2.2013979650406754,1.7838573019067592,-0.8066177485832404,-2.22383383918308,0.23530144469117942,-0.016461266119972007,0.022435874142404444,0.23694115641771168
205,2.009677976667269,-0.8360657195183672,-2.2224769773698116,1.774724737266751,-0.8182771110644103,-2.246823224830935,0.23495323940051827,-0.01778860845395691,0.02434624746112357,0.23688013648460207
206,2.000169165677918,-0.848530411067233,-2.2465539612671526,1.7654147016319481,-0.8296091736113709,-2.270414837697643,0.23475446404597,-0.01892123745586216,0.023860876430490396,0.23672138272746482
207,1.9903630275071231,-0.8607625685226801,-2.2706309451644935,1.7559281259981563,-0.8406094035501944,-2.294613103481373,0.23443490150896684,-0.02015316497248565,0.023982158316879332,0.23651853420284652
208,1.980265246509884,-0.8727551012314687,-2.2947079290618344,1.746265959015033,-0.8512734009355746,-2.319419798686549,0.2339992874948511,-0.021481700295894135,0.02471186962471439,0.23627908603185657
209,1.9698816760987161,-0.884501057444391,-2.3187849129591753,1.7364291668912253,-0.8615969003107405,-2.3448337345377843,0.23345250920749083,-0.02290415713365046,0.026048821578608994,0.2360152867398863
210,1.9592183353505845,-0.895993628346013,-2.3428618968565162,1.7264187332977474,-0.8715757724135882,-2.3708504418018905,0.23279960205283712,-0.024417855932424848,0.027988544945374283,0.235744024425764
211,1.9483293132793382,-0.9071769494307391,-2.370006726429859,1.7162356592696177,-0.8812060258283252,-2.3974618644663783,0.23209365400972048,-0.02597092360241393,0.027455138036519333,0.23515045759885433
212,1.937140770639072,-0.9180606062490659,-2.3971515560032017,1.7058809631057523,-0.8904838085819884,-2.424656071515499,0.23125980753331965,-0.027576797667077546,0.027504515512297267,0.23451668751601704
213,1.925660951109168,-0.9286365797604266,-2.4242963855765445,1.6953556802671397,-0.8994054096851778,-2.4524169971891108,0.23030527084202834,-0.02923117007524878,0.028120611612566293,0.2338498404512027
214,1.9138983129808098,-0.9388970776242468,-2.451441215149887,1.6846608632732913,-0.9079672606164054,-2.4807242209956297,0.22923744970751847,-0.030929817007841365,0.029283005845742505,0.23316079507478824
215,1.9018615229249425,-0.9488345399413144,-2.47858604472323,1.6737975815969954,-0.9161659367494548,-2.509552799257385,0.22806394132794705,-0.0326686031918596,0.030966754534154983,0.23246362910124901
216,1.8892127532573724,-0.9587123917219283,-2.5084323014409176,1.6627669215573662,-0.9239981587231878,-2.5388731599736905,0.2264458317000062,-0.034714232998740546,0.030440858532772896,0.23110482153172546
217,1.8762748437959638,-0.968208381858371,-2.538278558158605,1.6515699862112163,-0.9314607937532426,-2.5686510721830618,0.22470485758474745,-0.03674758810512835,0.03037251402445662,0.22970665611142316
218,1.8630593187625268,-0.9773140519596663,-2.5681248148762927,1.6402078952427481,-0.9385508568851079,-2.598847699706418,0.2228514235197787,-0.03876319507455839,0.030722884830125086,0.2282744793214195
219,1.8495779496601992,-0.9860212913057407,-2.5979710715939803,1.628681784851592,-0.9452655121880633,-2.6294197471130945,0.2208961648086072,-0.04075577911767736,0.03144867551911412,0.22681527362712323
220,1.835842744788181,-0.994322344071909,-2.627817328311668,1.6169928076391802,-0.951602073889516,-2.6603197029822847,0.21884993714900092,-0.042720270182392994,0.032502374670616785,0.2253369051749124
221,1.8208965504215422,-1.0027568669520313,-2.6594241554807767,1.6051421324934945,-0.957558007449271,-2.691496182110619,0.21575441792804773,-0.04519885950276026,0.03207202662984221,0.22275888455450268
222,1.8056912768716302,-1.0107148540425583,-2.6910309826498855,1.593130944472173,-0.9631309305733167,-2.722894364390203,0.21256033239945715,-0.047583923469241673,0.03186338174031755,0.2201395007226635
223,1.7902421128133272,-1.018188356043648,-2.7226378098189943,1.5809604446840095,-0.9683186141667071,-2.7544565238654024,0.2092816681293177,-0.04986974187694093,0.031818714046408125,0.21748158159584383
224,1.7745644905457836,-1.0251699076116643,-2.754244636988103,1.5686318501688397,-0.9731189832251738,-2.7861226372410264,0.20593264037694392,-0.052050924386490505,0.03187800025292331,0.21478770449500417
225,1.7586740705769648,-1.031652534816372,-2.785851464157212,1.5561463937758424,-0.9775301176650971,-2.817831057161089,0.20252767680112238,-0.05412241715127497,0.031979593003877316,0.2120598742748145
226,1.740889714606235,-1.0382602839834199,-2.817772302081396,1.5435053240402514,-0.9815502530915156,-2.8495192322111245,0.19738439056598356,-0.056710030891904295,0.0317469301297284,0.20780878907189498
227,1.7229035293890074,-1.0442970718445126,-2.8496931400055803,1.530709905058507,-0.9851777815038595,-2.881124453092601,0.19219362433050047,-0.05911929034065311,0.03143131308702074,0.2035224979358555
228,1.7047338402108272,-1.0497567477979528,-2.8816139779297645,1.5177614163618436,-0.9884112519391305,-2.912584602987957,0.1869724238489836,-0.06134549585882232,0.030970625058192702,0.19920124688019375
229,1.6863991593208698,-1.0546337492344589,-2.9135348158539487,1.5046611527883416,-0.9912493710522671,-2.9438388899030694,0.18173800653252825,-0.06338437818219178,0.03030407404912072,0.1948451162332148
230,1.6679181670706733,-1.0589231072046483,-2.945455653778133,1.49141042435344,-0.9936910036334646,-2.974828539761162,0.17650774271723324,-0.0652321035711837,0.029372885983029118,0.19045465866296543
231,1.6471637637020455,-1.0630468292109923,-2.976085684630739,1.4780105561189416,-0.9957351730622453,-3.0054974311418126,0.16915320758310393,-0.0673116561487469,0.029411746511073478,0.18441452633122868
232,1.6262928054677213,-1.0665330083163174,-3.0067157154833453,1.4644628880605028,-0.9973810616980933,-3.0357926556293995,0.16182991740721842,-0.0691519466182241,0.02907694014605422,0.17837147287998176
233,1.6053248719445963,-1.0693783740473133,-3.0373457463359514,1.450768774933639,-0.9986280112074989,-3.0656649915020315,0.15455609701095718,-0.0707503628398144,0.028319245166080087,0.17232289636610204
234,1.584279633684552,-1.071580257093999,-3.0679757771885576,1.4369295861382525,-0.9994755228272839,-3.095069282657533,0.14735004754629943,-0.07210473426671504,0.027093505468975376,0.16626841929292432
235,1.5631768337610101,-1.0731365918138704,-3.098605808041164,1.4229467055816887,-0.9999232575641007,-3.1239647189303588,0.14023012817932146,-0.07321333424976972,0.025358910889194952,0.16021159609292818
236,1.5401908772236723,-1.0741252946501025,-3.126641492003202,1.4088215315403523,-0.9999710363300244,3.1308702891621083,0.13136934568332004,-0.07415425832007816,0.02567352601427597,0.15302251125331273
237,1.517186238241485,-1.0744692663553095,3.128508131214346,1.3945554765198755,-0.9996188400141854,3.1030967943149705,0.12263076172160936,-0.07485042634112404,0.02541133689937558,0.1458993697275068
238,1.4941809972666007,-1.0741682365855854,3.100472447252308,1.3801499671138728,-0.9988668094904141,3.0759271557872387,0.11403103015272786,-0.07530142709517129,0.02454529146506923,0.1388375024745365
239,1.471193235224307,-1.0732224419347036,3.07243676329027,1.3656064438612794,-0.9977152455608932,3.0493838894183343,0.10558679136302751,-0.07550719637381043,0.023052873871935553,0.13183831843712224
240,1.4482410193023576,-1.0716326257481672,3.0444010793282317,1.350926361102302,-0.9961646088358407,3.023485121228019,0.09731465820005569,-0.07546801691232652,0.020915958100212517,0.1249121354413682
241,1.4245417264296047,-1.0693219739510909,3.019682312591251,1.3361111868329818,-0.9942155195492712,2.998244789888664,0.08843053959662295,-0.07510645440181962,0.021437522702587142,0.1179851990962699
242,1.4009067841751293,-1.066426270405585,2.9949635458542705,1.3211624025584014,-0.9918687573109126,2.9736728934044856,0.07974438161672781,-0.07455751309467229,0.021290652449784897,0.11122626056842007
243,1.3773506331652698,-1.062947284346896,2.97024477911729,1.3060815031445296,-0.9891252607943699,2.9497757684852686,0.0712691300207402,-0.07382202355252598,0.020469010632021334,0.1046325018890243
244,1.353887665885993,-1.0588871413879055,2.9455260123803093,1.2908699966687416,-0.9859861273616705,2.9265563918596627,0.06301766921725149,-0.07290101402623506,0.018969620520646657,0.09821217328990121
245,1.3305322178892809,-1.0542483222204098,2.9208072456433287,1.2755294042690073,-0.9824526126243325,2.904014693833692,0.055002813620273594,-0.07179570959607728,0.01679255180963679,0.09198871245337742
246,1.3075826568219133,-1.0490974252141276,2.8995644604968307,1.2600612599917844,-0.9785261299411385,2.8821478756489345,0.047521396830128904,-0.07057129527298911,0.01741658484789621,0.08684427615541492
247,1.284747684791728,-1.0434602144202312,2.8783216753503327,1.2444671106386092,-0.974208249852809,2.8609507235309106,0.04028057415311892,-0.06925196456742222,0.017370951819422054,0.08197627228451594
248,1.2620376058275666,-1.0373392335678098,2.8570788902038347,1.2287485156114235,-0.9695006994538089,2.8404159136590224,0.033289090216143125,-0.06783853411400087,0.016662976544812302,0.07738142558448985
249,1.2394626676016538,-1.0307372446818466,2.8358361050573366,1.2129070467566294,-0.9644053617015306,2.820534303571183,0.026555620845024386,-0.066331882980316,0.015301801486153455,0.07307027320942955
250,1.2170330568054497,-1.0236572268368858,2.8145933199108386,1.1969442882079129,-0.9589242746631383,2.8012952066945758,0.020088768597536832,-0.06473295217374742,0.013298113216262841,0.0690706416359845
251,1.1954654464452001,-1.0163420199644952,2.7966164512561207,1.1808618362278254,-0.9530596307003675,2.7826866477405034,0.014603610217374774,-0.06328238926412777,0.013929803515617234,0.0664226290381622
252,1.1740328184000035,-1.008640297863974,2.7786395826014028,1.1646612990481637,-0.9468137755926088,2.764695597602315,0.009371519351839774,-0.06182652227136509,0.013943984999087888,0.06406854882692677
253,1.1527420988187265,-1.0005545494169321,2.760662713946685,1.1483442967091446,-0.9401892075986283,2.747308187147715,0.00439780210958185,-0.060365341818303775,0.013354526798969868,0.061981114399953324
254,1.1316001679912242,-0.9920873876065899,2.742685845291967,1.1319124608974056,-0.9331885764572977,2.7305098999059307,-0.0003122929061813995,-0.058898811149292185,0.012175945386036169,0.06014500085379476
255,1.1106138581249112,-0.983241548673368,2.724708976637249,1.1153674347828333,-0.9258146823277321,2.71428574412675,-0.004753576657922087,-0.057426866345635874,0.010423232510499147,0.05855839175805799
256,1.0902381859213384,-0.9742183874897126,2.709622824615365,1.0987108728542532,-0.918070474669267,2.69862040504676,-0.008472686932914808,-0.05614791282044562,0.011002419568604704,0.05783967301359131
257,1.0700009519615177,-0.9648888742575468,2.6945366725934807,1.081944440753977,-0.9099590510617106,2.6834983784538204,-0.011943488792459434,-0.05492982319583617,0.011038294139660287,0.05728679026071442
258,1.0499067619902993,-0.9552551322590154,2.6794505205715966,1.0650698151112423,-0.9014836559663549,2.6689040868100813,-0.015163053120943015,-0.053771476292660436,0.010546433761515317,0.05685522937889454
259,1.029960189197486,-0.9453193540149781,2.6643643685497125,1.0480886833745522,-0.8926476794282345,2.654821979292142,-0.01812849417706608,-0.0526716745867436,0.009542389257570338,0.05651552704914574
260,1.0101657731770317,-0.9350838007860188,2.6492782165278284,1.0310027436429283,-0.8834546557201532,2.6412366171483908,-0.02083697046589661,-0.05162914506586558,0.008041599379437603,0.05625313572600385
261,0.9904782889346455,-0.924524128661766,2.6366761471650797,1.0138137044961069,-0.8739082619290224,2.6281327457710297,-0.023335415561461348,-0.05061586673274365,0.008543401394049965,0.05638703123868833
262,0.9709254381757407,-0.913717198553455,2.624074077802331,0.9965232848236771,-0.8640123164850744,2.615495354844479,-0.025597846647936406,-0.04970488206838064,0.008578722957852225,0.05656341169015955
263,0.9515103260895329,-0.9026647267102016,2.6114720084395824,0.979133213653199,-0.8537707776345435,2.603309727872266,-0.027622887563666154,-0.04889394907565814,0.008162280567316493,0.05674737877318728
264,0.9322360359909522,-0.8913684683756168,2.5988699390768337,0.9616452299772965,-0.8431877418564168,2.591561482308587,-0.02940919398634434,-0.04818072651920002,0.007308456768246874,0.056918333067454724
265,0.9131056288309817,-0.8798302175090569,2.586267869714085,0.9440610825797653,-0.8322674422239013,2.5802366014347324,-0.030955453748783612,-0.04756277528515562,0.006031268279352631,0.05706867710641992
266,0.8936821837976527,-0.8677788315123588,2.575775490026468,0.9263825298606904,-0.821014246711247,2.56932145902926,-0.03270034606303762,-0.046764584801111786,0.006454030997208093,0.05742728916095307
267,0.8743862533158996,-0.8555243144575128,2.565283110338851,0.9086113396606129,-0.8094326564466194,2.558802837787985,-0.03422508634471333,-0.04609165801089332,0.00648027255086614,0.057773622059117416
268,0.8552199616558285,-0.8430680154323107,2.554790730651234,0.8907492890837423,-0.7975273039117043,2.5486679423582137,-0.035529327427913815,-0.04554071152060635,0.006122788293020154,0.05808423236786505
269,0.8361854188157346,-0.8304113057385241,2.544298350963617,0.8727981643202526,-0.7853029510887806,2.538904407763251,-0.036612745504517985,-0.0451083546497435,0.00539394320036557,0.05834682010045113
270,0.8172847202898145,-0.8175555787409388,2.5338059712759997,0.8547597604676596,-0.7727644875559871,2.5295003039093875,-0.03747504017784509,-0.044791091184951615,0.004305667366612198,0.058559023705503005
271,0.7978813162435507,-0.8040579994654643,2.525102673457833,0.836635881351318,-0.759916928531561,2.5204441367892327,-0.0387545651077672,-0.04414107093390329,0.004658536668600277,0.058924124293677396
272,0.7785961190404964,-0.7903920599178303,2.5163993756396663,0.8184283393440346,-0.7467654128678123,2.5117248469228364,-0.03983222030353817,-0.043626647050018064,0.00467452871682994,0.059259947062589545
273,0.7594305894748404,-0.7765587952507951,2.5076960778214996,0.800138955184839,-0.7333152009956565,2.503331805511806,-0.040708365709998584,-0.04324359425513857,0.0043642723096937175,0.05955020029920304
274,0.7403861792763174,-0.7625592532914782,2.498992780003333,0.7817695577969044,-0.7195716728205074,2.495254808721464,-0.04138337852058693,-0.04298758047097084,0.0037379712818688127,0.05978702636718476
275,0.7214643310002437,-0.7483944944619916,2.490289482185166,0.7633219841046635,-0.7055403255703919,2.4874840704519436,-0.0418576531044198,-0.04285416889159965,0.0028054117332225736,0.05997010296633311
276,0.701970489872257,-0.7335350659528168,2.4831109012376187,0.7447980788501106,-0.6912267715971265,2.480010213910566,-0.04282758897785366,-0.04230829435569028,0.003100687327052487,0.06028107838156058
277,0.6825838197149015,-0.7185360833955777,2.475932320290071,0.7261996944083366,-0.6766367361314569,2.4728242622546763,-0.0436158746934352,-0.04189934726412081,0.003108058035394823,0.06056038186128132
278,0.6633053195582469,-0.7033983197148905,2.4687537393425236,0.7075286906022854,-0.6617760549930369,2.4659176285357978,-0.044223371044038506,-0.0416222647218536,0.0028361108067258556,0.06079607710685607
279,0.644135982858168,-0.688122554987013,2.461575158394976,0.68878693451678,-0.6466506722561834,2.4592821051422575,-0.04465095165861199,-0.04147188273082958,0.0022930532527185576,0.06098264207525932
280,0.6250767974451495,-0.6727095763996457,2.4543965774474286,0.6699763003118093,-0.631266637872321,2.452909852907744,-0.04489950286665978,-0.041442938527324724,0.0014867245396845696,0.06112031463686772
281,0.6054551611062154,-0.6566074125996785,2.4485298406997003,0.65109866903512,-0.6156301052500863,2.446793390027349,-0.04564350792890459,-0.04097730734959215,0.0017364506723511752,0.06136354613788568
282,0.5859283290551193,-0.6403904115912725,2.442663103951972,0.6321559284341076,-0.5997473287940437,2.440925580900035,-0.04622759937898835,-0.040643082797228836,0.0017375230519367513,0.06157816260625721
283,0.5664969733761563,-0.6240591315392989,2.4367963672042436,0.6131499727670459,-0.5836246614030073,2.435299624996844,-0.046652999390889516,-0.040434470136291645,0.0014967422073994818,0.0617550723795577
284,0.5471617628674683,-0.6076141345419421,2.4309296304565153,0.5940827026136648,-0.5672685519289687,2.4299090458371793,-0.04692093974619649,-0.040345582612973385,0.0010205846193360735,0.06189008172568272
285,0.527923363018024,-0.5910559866113535,2.425062893708787,0.5749560246850888,-0.5506855425976376,2.4247476801408347,-0.04703266166706477,-0.04037044401371592,0.0003152135679522772,0.06198341207893106
286,0.5081733683690891,-0.573854792169451,2.4203396920190285,0.5557718516331736,-0.5338822663916443,2.419809667210888,-0.047598483264084446,-0.039972525777806744,0.0005300248081403502,0.062158662730113466
287,0.48850483842602554,-0.556560506733507,2.41561649032927,0.5365321018592358,-0.5168654443974288,2.4150894385917674,-0.04802726343321029,-0.039695062336078224,0.0005270517375026706,0.06231046292784317
288,0.4689182119660573,-0.5391735161146919,2.4108932886395116,0.5172386993222217,-0.4996418831169025,2.410581708037644,-0.04832048735616434,-0.03953163299778939,0.00031158060186742276,0.06243169538207824
289,0.4494139259392571,-0.5216942081922981,2.406170086949753,0.49789357334630513,-0.48221847174493154,2.4062814618184905,-0.04847964740704802,-0.039475736447366516,-0.00011137486873735725,0.06251897620031077
290,0.42999241545879835,-0.5041229729050872,2.4014468852599946,0.47849865842796485,-0.4646021794137574,2.402183949384547,-0.0485062429691665,-0.03952079349132981,-0.0007370641245523224,0.06257229409804194
291,0.41013272032026254,-0.4859839839344239,2.397736507351434,0.4590558940425284,-0.44680005240543,2.398284674404404,-0.048923173722265845,-0.039183931528993854,-0.0005481670529703386,0.06268299533562387
292,0.3903404642343663,-0.4677714330174399,2.394026129442873,0.4395672244502339,-0.42881921133339584,2.394579386187274,-0.04922676021586758,-0.03895222168404405,-0.0005532567444008762,0.06277623426503584
293,0.37061591967889096,-0.4494855708842918,2.3903157515343123,0.4200345985017983,-0.41066684829434086,2.3910640714961615,-0.04941867882290735,-0.03881872258995095,-0.0007483199618492087,0.0628463127230432
294,0.35095935819944074,-0.4311266492744035,2.3866053736257515,0.40045996944354106,-0.39235022399145386,2.387734946755494,-0.04950061124410032,-0.03877642528294961,-0.0011295731297424894,0.06289036179510467
295,0.33137105040570447,-0.41269492093300036,2.3828949957171908,0.3808452947220541,-0.373876664830236,2.3845884506541766,-0.049474244316349614,-0.03881825610276435,-0.0016934549369858054,0.0629080729887449
296,0.3114312146415796,-0.3937924411574945,2.380098250380329,0.36119253578846583,-0.35525355998804264,2.381621237142953,-0.04976132114688625,-0.038538881169451866,-0.0015229867626236349,0.06295835077855683
297,0.2915443222132031,-0.3748342687375099,2.3773015050434676,0.34150365790229065,-0.3364883584585042,2.3788301688233062,-0.04995933568908756,-0.03834591027900569,-0.0015286637798386238,0.06299746717584988
298,0.27171052867146017,-0.3558205519596887,2.374504759706606,0.3217806299349115,-0.31758856607203484,2.3762123107238504,-0.05007010126345135,-0.03823198588765386,-0.001707551017244402,0.06302075464418472
299,0.25192998915190823,-0.3367514395451287,2.3717080143697444,0.3020254241726877,-0.2985617424935936,2.373764924459197,-0.050095435020779455,-0.03818969705153513,-0.002056910089452746,0.06302568087633215
300,0.23220285837356336,-0.31762708064822026,2.368911269032883,0.2822400161197344,-0.27941549819892586,2.371485462765573,-0.05003715774617107,-0.0382115824492944,-0.0025741937326899667,0.06301165496928209
301,0.2122191333338252,-0.2981452573145158,2.36695561262002,0.2624263843003676,-0.260157491430468,2.3693715644070066,-0.05020725096654238,-0.037987765884047786,-0.0024159517869866143,0.06300535873650463
302,0.19227354623732318,-0.27862438996069716,2.364999956207157,0.2425865100612595,-0.2407954251341592,2.3674210494456176,-0.050312963823936324,-0.03782896482653797,-0.0024210932384605144,0.06299433784925032
303,0.17236617336776594,-0.2590645532460938,2.363044299794294,0.22272237737329917,-0.22133704387835867,2.365631914869418,-0.05035620400553323,-0.03772750936773511,-0.002587615075123839,0.06297466154507246
304,0.15249709086270835,-0.23946582197907693,2.3610886433814313,0.20283597263320371,-0.2017901307561289,2.364002330571082,-0.050338881770495364,-0.03767569122294803,-0.00291368718965046,0.06294402513400273
305,0.1326663747132603,-0.2198282711167736,2.3591329869685684,0.1829292844648735,-0.182162504272095,2.3625306356712543,-0.05026290975161321,-0.03766576684467862,-0.003397648702685885,0.0629016224385617
306,0.11267940376227906,-0.19995841964708588,2.3579688788150444,0.16300430352053824,-0.16246201521515416,2.3612153351802236,-0.050324899758259184,-0.037496404431931724,-0.0032464563651792844,0.06284198723729889
307,0.09271557700482701,-0.18006531465009606,2.3568047706615203,0.14306302228168652,-0.14269654351825772,2.360055096992098,-0.05034744527685951,-0.03736877113183834,-0.0032503263305776464,0.06278419325805917
308,0.07277492149483687,-0.16014898308389847,2.355640662507996,0.1231074348598263,-0.12287399510655006,2.3590487492060004,-0.05033251336498942,-0.037274987977348406,-0.003408086698004187,0.06272480916901557
309,0.0528574642548409,-0.14020945193806278,2.354476554354472,0.10313953679706928,-0.10300229873509785,2.3581952777692634,-0.05028207254222838,-0.03720715320296493,-0.0037187234147912918,0.06266169461837541
310,0.032963232275934264,-0.12024674823359759,2.353312446200948,0.08316132486658098,-0.0830894028174964,2.3574938244380585,-0.05019809259064672,-0.03715734541610119,-0.004181378237110511,0.06259393534578553
311,0.013016729012171387,-0.10018493893375385,2.352910845124262,0.06317479687290779,-0.06314327224661277,2.356943685051464,-0.050158067860736406,-0.03704166668714108,-0.0040328399272016036,0.06248344292980283
312,-0.006921715799072824,-0.08011512071475724,2.3525092440475763,0.04318195145219192,-0.04317188520872868,2.3565443081154838,-0.05010366725126474,-0.03694323550602856,-0.0040350640679074345,0.06238158272849019
313,-0.026852098942057746,-0.060037296813536714,2.3521076429708905,0.02318478787231655,-0.02318322999237945,2.356295293694157,-0.05003688681437429,-0.036854066821157265,-0.004187650723266323,0.062285220573687475
314,-0.04677441720234297,-0.03995147046831243,2.3517060418942046,0.0031853058329736565,-0.0031853017931379904,2.356196392605459,-0.04995972303531662,-0.036766168675174446,-0.004490350711254365,0.062192349483895425
315,-0.06668866736678881,-0.01985764491859523,2.3513044408175188,-0.016814494734297237,0.016813900484349713,2.3562475059203347,-0.04987417263249158,-0.03667154540294494,-0.004943065102815947,0.062102087168037286
316,-0.08654869233659236,0.00019756909647957593,2.351655342230556,-0.03681261386610762,0.03680637742582691,2.3564486847638113,-0.049736078470484744,-0.036608808329347334,-0.0047933425332553625,0.06194238033493887
317,-0.10641575348648782,0.020245812966155234,2.352006243643593,-0.05680705176720758,0.05678413230707805,2.3568001304177795,-0.049608701719280245,-0.03653831934092282,-0.004793886774186351,0.06179849040984328
318,-0.12628984837020818,0.04028708422185538,2.3523571450566303,-0.07679580901047076,0.07673917429251892,2.3573021947256567,-0.049494039359737424,-0.03645209007066354,-0.0049450496690264245,0.06166740077944053
319,-0.14617097454062036,0.06032138039586221,2.3527080464696675,-0.0967768867368283,0.09666352163141724,2.357955380799775,-0.049394087803792064,-0.03634214123555503,-0.005247334330107378,0.06154723110852082
320,-0.16605912954972551,0.08034869902131676,2.3530589478827046,-0.11674828685516017,0.11654920485049365,2.358760344032969,-0.04931084269456534,-0.03620050582917689,-0.005701396150264326,0.061437299318888416
321,-0.185784804145239,0.1001984644902469,2.3541708897320293,-0.13670801224209556,0.13638826994159764,2.359717893416455,-0.04907679190314346,-0.03618980545135074,-0.005547003684425622,0.061229100695552395
322,-0.20553253832657287,0.1200262838893386,2.355282831581354,-0.1566540669417306,0.1561727815432119,2.3608289931666846,-0.048878471384842276,-0.0361464976538733,-0.005546161585330722,0.061044526092770286
323,-0.22530230767734122,0.13983213270318748,2.3563947734306785,-0.1765844563652152,0.175894826114484,2.3620947646644646,-0.048717851312126026,-0.03606269341129653,-0.005699991233786061,0.0608805124207478
324,-0.2450940877539136,0.1596159864435539,2.357506715280003,-0.19649718749021736,0.19554651510054424,2.363516488710183,-0.04859690026369623,-0.03593052865699034,-0.006009773430180054,0.06073531906142044
325,-0.26490785408544515,0.17937782064939328,2.3586186571293277,-0.21639026906021674,0.21511998808781552,2.365095608099521,-0.048517585025228405,-0.035742167438422234,-0.006476950970193407,0.06060865848826195
326,-0.2844496465323735,0.19882509689993721,2.360519167639364,-0.23626171178363561,0.23460741594808077,2.366833730524539,-0.048187934748737865,-0.03578231904814355,-0.006314562885174624,0.060351678653063
327,-0.30402836341807593,0.2182351986697195,2.3624196781494007,-0.25610952853275937,0.2540010039700232,2.3687326318054684,-0.047918834885316564,-0.03576580530030368,-0.006312953656067766,0.06012704008521559
328,-0.32364393402541924,0.23760805585063438,2.364320188659437,-0.27593173454245457,0.2732929949770132,2.3707942594589726,-0.04771219948296468,-0.03568493912637882,-0.006474070799535436,0.05993148131552377
329,-0.3432962875041567,0.2569435984691013,2.3662206991694736,-0.29572634760863703,0.29247567242986966,2.373020736608938,-0.047569939895519664,-0.03553207396076835,-0.006800037439464557,0.059763433391957874
330,-0.36298535287118416,0.2762417566863177,2.36812120967951,-0.3154913882864973,0.3115413635133787,2.3754143662461753,-0.047493964584686854,-0.035299606827061014,-0.007293156566665182,0.05962322573311908
331,-0.3822920831489505,0.2950933616236551,2.3708582185316627,-0.33522488008843665,0.3304824422053109,2.3779776358435334,-0.047067203060513874,-0.035389080581655796,-0.007119417311870713,0.05931605795410833
332,-0.4016503380564746,0.3138920533246003,2.3735952273838152,-0.35492484968172117,0.34929133232673576,2.3807132223330263,-0.04672548837475343,-0.035399279002135464,-0.0071179949492110595,0.05905121565071494
333,-0.4210599725769499,0.33263769096415363,2.376332236235968,-0.37458932708580633,0.3679605105723846,2.3836239974514886,-0.04647064549114355,-0.03532281960823097,-0.007291761215520776,0.05882509888698309
334,-0.4405208413086742,0.3513301341147549,2.3790692450881203,-0.3942163458693397,0.38648250951987934,2.3867130334610547,-0.046304495439334514,-0.03515237540512445,-0.007643788372934335,0.058636364955583276
335,-0.460032798466139,0.36996924274733506,2.381806253940273,-0.4138039433467995,0.4048499206165983,2.389983609250355,-0.046228855119339496,-0.034880677869263244,-0.008177355310082124,0.05848621952333319
336,-0.47905146091818396,0.38803782763497024,2.385450532909274,-0.43335016077475924,0.42305539714299684,2.3934392168216947,-0.04570130014342472,-0.03501756950802659,-0.00798868391242058,0.05812622540386941
337,-0.49813584389729143,0.4060369833822062,2.3890948118782753,-0.4528530435477663,0.44109165715120235,2.3970835681686076,-0.04528280034952514,-0.03505467376899618,-0.007988756290332244,0.057820259318097374
338,-0.5172856939484561,0.4239664709466741,2.3927390908472765,-0.472310641393794,0.4589514863776903,2.400920602546995,-0.044975052554662165,-0.034985015431016175,-0.008181511699718591,0.057564257927082634
339,-0.5365007567472208,0.4418260522112513,2.3963833698162778,-0.49172100856927403,0.47662774112889944,2.404954494141537,-0.04477974817794672,-0.03480168891764812,-0.008571124325259305,0.05735719284100405
340,-0.5557807771030534,0.45961548998722346,2.400027648785279,-0.5110822040536624,0.49411335113860816,2.409189660127124,-0.044698573049390955,-0.0344978611513847,-0.009162011341845133,0.05720146246819268
341,-0.574456137768598,0.47672143763372643,2.4046763762977084,-0.5303922917435467,0.5114013223959523,2.4136307691226384,-0.04406384602505131,-0.03467988476222583,-0.008954392824930046,0.05678466416651465
342,-0.5932108172440356,0.49374038409485255,2.4093251038101378,-0.549649340646248,0.5284847399429308,2.4182827500314454,-0.04356147659778753,-0.03474435584807822,-0.00895764622130768,0.056435909955484774
343,-0.6120444102289538,0.5106719615804712,2.413973831322567,-0.5688514250729251,0.5453567706403021,2.42315080125933,-0.04319298515602876,-0.034684809059830846,-0.00917696993676298,0.05615057188868246
344,-0.6309565097175704,0.5275158041885504,2.4186225588349965,-0.5879966248311352,0.5620106659007431,2.4282404002962408,-0.04295988488643521,-0.03449486171219274,-0.009617841461244225,0.05592807942682006
345,-0.6499467070075278,0.5442715479130636,2.423271286347426,-0.6070830254168587,0.5784397643882002,2.433557313642975,-0.04286368159066911,-0.03416821647513657,-0.010286027295549172,0.055772435612252425
346,-0.6682205954695019,0.5602447966769268,2.429052818384451,-0.6261087182059404,0.5946374946823286,2.439107607057674,-0.04211187726356147,-0.03439269800540179,-0.010054788673222959,0.055293459450600546
347,-0.6865865278547809,0.5761121279967263,2.434834350421476,-0.645071800644958,0.6105973779069791,2.4448976560896263,-0.041514727209822966,-0.03448524991025281,-0.010063305668150502,0.054899682673483975
348,-0.7050438902633492,0.5918730114907343,2.4406158824585007,-0.6639703764414682,0.6263130303216559,2.4509341568591303,-0.04107351382188107,-0.034440018830921515,-0.010318274400629601,0.05458585184237003
349,-0.7235920657390494,0.6075269203353507,2.4463974144955256,-0.6828025557536419,0.6417781658749337,2.4572241370319414,-0.040789509985407535,-0.03425124553958303,-0.010826722536415812,0.0543520916501196
350,-0.7422304342902049,0.6230733312827118,2.4521789465325505,-0.7015664553792397,0.6569865987187891,2.463774966924827,-0.04066397891096518,-0.033913267436077255,-0.011596020392276252,0.05420458078428802
351,-0.760040592652475,0.6377551516800011,2.459258770778113,-0.7202601989439371,0.671932245682862,2.4705943706648235,-0.03978039370853792,-0.03417709400286095,-0.011335599886710401,0.053656773131434826
352,-0.7779542484988776,0.6523105123860795,2.4663385950236756,-0.7388819170889542,0.6866091287076386,2.477690437308543,-0.03907233140992339,-0.03429861632155906,-0.01135184228486752,0.0532156601635356
353,-0.7959705039306655,0.6667386838323848,2.473418419269238,-0.7574297476579961,0.7010113772355988,2.4850716318091606,-0.038540756272669396,-0.03427269340321404,-0.011653212539922464,0.052875370161168826
354,-0.8140884559064205,0.6810389428255511,2.4804982435148006,-0.7759018358834606,0.715133230559358,2.4927468056970676,-0.038186620022959916,-0.03409428773380685,-0.012248562182266998,0.05263711314639507
355,-0.8323071962873175,0.6952105725836586,2.487578067760363,-0.7942963345719204,0.7289690401258765,2.5007252073153747,-0.03801086171539714,-0.033758467542217896,-0.013147139555011567,0.052510065869554694
356,-0.8495854752377897,0.7084553838914698,2.496165609204404,-0.8126114042888336,0.7425132717958018,2.509016491422985,-0.036974070948956106,-0.03405788790433206,-0.012850882218581106,0.05188609471562041
357,-0.8669768560593865,0.7215513307143631,2.5047531506484444,-0.8308452135424925,0.7557605080570542,2.5176307279456003,-0.036131642516893936,-0.03420917734269113,-0.012877577297155884,0.05139645320911292
358,-0.8844800562175142,0.7344974472863072,2.513340692092485,-0.8489959389671652,0.7687054501917557,2.5265784096181902,-0.035484117250349057,-0.034208002905448565,-0.01323771752570524,0.05103476467180055
359,-0.9020937849314163,0.7472927788905648,2.5219282335365256,-0.8670617655054355,0.78134292039565,2.5358704582208973,-0.03503201942598089,-0.03405014150508523,-0.013942224684371674,0.05080393833875611
360,-0.9198167432693616,0.7599363819300986,2.5305157749805662,-0.8850408865897049,0.7936678638491532,2.545518229063543,-0.03477585667965666,-0.03373148191905462,-0.015002454082976957,0.05071732158514841
361,-0.9364863686513033,0.7716138377561166,2.540870995159848,-0.9029315043228463,0.8056753507392133,2.5555335133215724,-0.033554864328457,-0.034061512983096676,-0.014662518161724591,0.050011049035605354
362,-0.9532760207595141,0.7831180529413488,2.5512262153391294,-0.9207318296579966,0.8173605782311729,2.565928537768054,-0.03254419110151752,-0.03424252528982408,-0.014702322428924663,0.0494755818306404
363,-0.9701838992458651,0.7944477938930947,2.561581435518411,-0.9384400825774543,0.8287188723898353,2.5767159613820527,-0.03174381666841086,-0.034271078496740603,-0.015134525863641723,0.04910428281855541
364,-0.9872081910848567,0.8056018457274606,2.5719366556976926,-0.9560544922706857,0.83974569004898,2.5879088682432516,-0.03115369881417096,-0.0341438443215194,-0.015972212545559028,0.0489026239424506
365,-1.004347070768029,0.8165790123996315,2.582291875876974,-0.9735732973113987,0.8504366206285644,2.5995207560461813,-0.03077377345663035,-0.03385760822893291,-0.017228880169207095,0.048889641843940825
366,-1.0203187523926665,0.8265769001649945,2.594729081094995,-0.9909947458336898,0.8607873878989016,2.6115655194852865,-0.0293240065589766,-0.03421048773390711,-0.016836438390291697,0.048101148524050855
367,-1.0364135413270295,0.8363753767223928,2.6071662863130154,-1.008317095707223,0.870793851691091,2.6240574276749693,-0.02809644561980651,-0.03441847496869821,-0.01689114136195391,0.047532644910073744
368,-1.052628947995693,0.8459729264230944,2.619603491531036,-1.0255386147114476,0.8804520095530344,2.637011094678,-0.02709033328424537,-0.03447908312993997,-0.01740760314696388,0.047177515600707404
369,-1.0689624641658302,0.8553680646981514,2.6320406967490566,-1.042657580708813,0.8897579983503596,2.650441442122924,-0.026304883457017203,-0.034389933652208216,-0.018400745373867267,0.04704467940803123
370,-1.0854115633351908,0.8645593382880362,2.644477901967077,-1.0596722818169868,0.8987080958116269,2.664363652799013,-0.025739281518204038,-0.0341487575235907,-0.019885750831935667,0.0471602728960317
371,-1.1005787703792793,0.8727884890047123,2.659361265483163,-1.0765810165800351,0.9072987220171839,2.678793114029098,-0.02399775379924418,-0.03451023301247158,-0.019431848545934827,0.046308153794945996
372,-1.1158667704960026,0.8807909975780966,2.674244628999249,-1.0933820941385743,0.9155264408310896,2.693745349540943,-0.022484676357428235,-0.03473544325299294,-0.01950072054169416,0.04574264739305583
373,-1.1312721772340257,0.8885650913691499,2.689127992515335,-1.1100738343988477,0.9233879612755189,2.709235938492216,-0.021198342835178074,-0.03482286990636907,-0.020107945976881147,0.04545691915300487
374,-1.1467915781352238,0.8961090483350871,2.7040113560314207,-1.12665456820074,0.9308801388471135,2.7252804202598746,-0.02013700993448375,-0.034771090512026426,-0.02126906422845387,0.04546318288077868
375,-1.162421535490577,0.9034211974108284,2.7188947195475066,-1.1431226374846875,0.9379999767747388,2.7418941835904724,-0.019298898005889464,-0.034578779363910406,-0.022999464042965823,0.045794265938034186
376,-1.1766574901809,0.9098247068215483,2.7366151716215388,-1.1594763954574863,0.9447446272181542,2.7590923387340904,-0.01718109472341367,-0.034919920396605963,-0.022477167112551655,0.04494233970106345
377,-1.1910046769251859,0.9159749565110077,2.754335623695571,-1.1757142067569655,0.9511113924071088,2.776889571263257,-0.015290470168220383,-0.03513643589610116,-0.022553947567685917,0.04446400967447705
378,-1.2054585906177768,0.9218700152626438,2.772056075769603,-1.1918344476155285,0.9570977257204172,2.7952999764232915,-0.013624143002248346,-0.0352277104577734,-0.02324390065368842,0.044349608501552375
379,-1.220014692640091,0.9275080319914314,2.7897765278436353,-1.2078355060225212,0.9627012327045702,2.814336873086924,-0.012179186617569782,-0.035193200713138806,-0.02456034524328876,0.044610587550159
380,-1.2346684122857772,0.9328872363251355,2.8074969799176674,-1.2237157818854385,0.9679196720314864,2.834012596709942,-0.01095263040033867,-0.03503243570635095,-0.026515616792274432,0.0452803445004649
381,-1.2478340440183446,0.9374571260204335,2.8284138968744093,-1.2394736871899266,0.9727509563950139,2.8543382711218332,-0.00836035682841807,-0.03529383037458034,-0.025924374247423998,0.04458276807162861
382,-1.2610923767925115,0.9417506517038581,2.849330813831151,-1.2551076461585875,0.9771931533458231,2.875323559550972,-0.005984730633924018,-0.03544250164196505,-0.02599274571982102,0.04435775866132776
383,-1.2744376100682868,0.9457659349516395,2.870247730787893,-1.2706160954085512,0.9812444860643621,2.896976395989684,-0.00382151465973557,-0.03547855111272258,-0.02672866520179129,0.04458422486510325
384,-1.2878639052865828,0.9495012190714809,2.8911646477446347,-1.2859974841078177,0.9849033340715609,2.9193026988581225,-0.0018664211787651208,-0.03540211500008006,-0.028138051113487883,0.04526083511117192
385,-1.3013653884235932,0.9529548698711134,2.9120815647013765,-1.3012502741303347,0.9881682338770005,2.9423060699269263,-0.00011511429325850031,-0.03521336400588704,-0.03022450522554987,0.0464059799168265
386,-1.3133520289682281,0.9557552812113826,2.9364098437321724,-1.3163729402098099,0.9910378795642899,2.9659874825973085,0.0030209112415817696,-0.03528259835290726,-0.02957763886513609,0.046139184779301186
387,-1.3254032449184883,0.9582632782889701,2.9607381227629683,-1.3313639700922384,0.993511123313416,2.990344964890073,0.0059607251737501254,-0.03524784502444589,-0.029606842127104738,0.04641665567663872
388,-1.3375119039313026,0.9604773767809947,2.9850664017937643,-1.3462218646871233,0.9955869758598548,3.01537328382298,0.008709960755820756,-0.03510959907886013,-0.03030688202921583,0.04719167789111804
389,-1.349670839666729,0.9623962663043295,3.00939468082456,-1.360945138217388,0.9972646068902659,3.0410636392016177,0.01127429855065909,-0.03486834058593635,-0.03166895837705752,0.04843380955194472
390,-1.3618728560292528,0.964018811191134,3.033722959855356,-1.3755323183679475,0.998543345374605,3.067403376135589,0.01365946233869475,-0.03452453418347101,-0.03368041628023288,0.05012878227902265
391,-1.3727155507145248,0.9651929669911505,3.0613602366376313,-1.389981946432944,0.9994226798345278,3.0943757267243446,0.017266395718419147,-0.03422971284337728,-0.03301549008671323,0.05059470573203258
392,-1.3835865510728331,0.9660670499908707,3.0889975134199066,-1.4042925774616108,0.9999022585479752,3.1219595922240613,0.02070602638877772,-0.033835208557104535,-0.03296207880415469,0.05157576471567652
393,-1.3944775541553325,0.9666403925915277,3.116634790202182,-1.4184627804027723,0.9999818896898556,-3.1330559296913743,0.023985226247439817,-0.0333414970983279,-0.03349458728603061,0.052998432848153226
394,-1.405380241735688,0.9669125568909849,-3.138913240195129,-1.432491138247941,0.9996615414087742,-3.1043304177311337,0.02711089651225307,-0.03274898451778929,-0.034582822463995466,0.05480390776414332
395,-1.4162862866632906,0.9668833350181926,-3.111275963412854,-1.4463762481730242,0.9989413418397719,-3.0750839964195906,0.030089961509733643,-0.03205800682157933,-0.036191966993263325,0.05694716902420296
396,-1.4263290934075241,0.9665787770453191,-3.0809359651074577,-1.460116721678599,0.9978215790530742,-3.045356048786323,0.033787628271074954,-0.03124280200775509,-0.035579916321134775,0.05816912365593177
397,-1.4363580393558906,0.9659697072417592,-3.0505959668020615,-1.4737111847287665,0.9963027009388654,-3.0151903723094278,0.03735314537287593,-0.03033299369710618,-0.035405594492633696,0.05974030546668387
398,-1.4463638934163703,0.9650566862226992,-3.020255968496665,-1.4871582778885493,0.9943853150281404,-2.9846349301467145,0.04079438447217898,-0.02932862880544118,-0.03562103834995067,0.061589030234287405
399,-1.456337445751754,0.9638405543736678,-2.989915970191269,-1.5004566564598378,0.992070188249698,-2.953741503402485,0.04411921070808389,-0.02822963387603017,-0.036174466788784,0.06365539277808166
400,-1.4662695162567896,0.9623224310770072,-2.9595759718858727,-1.5136049906158564,0.9893582466233818,-2.9225652469480483,0.04733547435906682,-0.027035815546374575,-0.037010724937824424,0.06588912061546094
401,-1.476171110911496,0.9605000053842104,-2.9277162781117902,-1.5266019655341467,0.9862505748896836,-2.891164155538977,0.05043085462265062,-0.025750569505473164,-0.03655212257281315,0.067397482092472
402,-1.4860096286310396,0.9583630961221897,-2.8958565843377078,-1.5394462815280487,0.9827484160758617,-2.859598451199729,0.05343665289700916,-0.02438531995367199,-0.03625813313797854,0.0690273273474337
403,-1.4957750837702295,0.9559138721560427,-2.8639968905636253,-1.5521366541766646,0.9788531709987472,-2.827929906773413,0.05636157040643508,-0.022939298842704514,-0.03606698379021234,0.0707365914488243
404,-1.5054575648390507,0.9531548193359975,-2.832137196789543,-1.5646718144533056,0.9745663977044351,-2.7962211238571486,0.05921424961425492,-0.021411578368437545,-0.03591607293239418,0.072489636090217
405,-1.5150472445623717,0.9500887379743886,-2.8002775030154603,-1.57705050885239,0.9698898108450863,-2.7645347857899107,0.062003264290018345,-0.019801072870697656,-0.03574271722554956,0.07425650883332814
406,-1.5253728442939642,0.9464209064957186,-2.768469272237157,-1.5892714995147947,0.964825280993091,-2.732932907721797,0.06389865522083049,-0.01840437449737231,-0.035536364515359686,0.07539623559991979
407,-1.5355765733754116,0.9424265466714903,-2.7366610414588535,-1.6013335643516353,0.9593748338928642,-2.7014761059532435,0.06575699097622367,-0.01694828722137387,-0.03518493550560997,0.0764801019123228
408,-1.5456481089160081,0.9381096995086311,-2.70485281068055,-1.613235497166481,0.9535406496505743,-2.6702229076755954,0.06758738825047295,-0.015430950141943178,-0.03462990300495461,0.07749451241820848
409,-1.555577261762377,0.9334747322674927,-2.6730445799022466,-1.6249761077759686,0.9473250618621301,-2.639229120063048,0.06939884601359148,-0.01385032959463739,-0.033815459839198425,0.07843160575963437
410,-1.5653539868066157,0.9285263340435883,-2.6412363491239432,-1.6365542221288205,0.940730556679773,-2.608547274546721,0.07120023532220476,-0.012204222636184703,-0.032689074577222144,0.07929055528123188
411,-1.5760881595343252,0.9226572617071078,-2.6110061645031335,-1.6479686824232516,0.9337597718176508,-2.578226158302969,0.07188052288892632,-0.011102510110542974,-0.032780006200164635,0.07977846895010585
412,-1.5866400317301217,0.9164664243321865,-2.5807759798823238,-1.6592183472227418,0.926415495496766,-2.54831044080868,0.07257831549262006,-0.009949071164579548,-0.03246553907364369,0.0801286910171784
413,-1.596999961151558,0.9099594790717741,-2.550545795261514,-1.670302091570187,0.9187006653297247,-2.518840399062686,0.07330213041862899,-0.008741186257950617,-0.03170539619882806,0.08034203637717019
414,-1.6071584809524326,0.9031423719364579,-2.5203156106407043,-1.681218807100389,0.9106183671457304,-2.4898517410274974,0.07406032614795643,-0.007475995209272557,-0.030463869613206906,0.08042928425220018
415,-1.6171063083335415,0.8960213323610304,-2.4900854260198946,-1.691967402150893,0.9021718337562933,-2.4613755232435177,0.07486109381735151,-0.006150501395262853,-0.02870990277637686,0.08041312425451734
416,-1.6277598095459709,0.8878971278813603,-2.462498276322195,-1.702546801871149,0.893364443662152,-2.4334381555791036,0.07478699232517805,-0.005467315780791626,-0.02906012074309139,0.08042062161222198
417,-1.6381851618695462,0.8794821522165085,-2.4349111266244954,-1.7129559483300023,0.8841997197019128,-2.4060614838033527,0.0747707864604561,-0.004717567485404306,-0.028849642821142663,0.0802821763643835
418,-1.6483744315844278,0.8707828091845247,-2.407323976926796,-1.723193800621481,0.8746813276429652,-2.3792629391356055,0.07481936903705333,-0.0038985184584405808,-0.02806103779119029,0.08000348911886397
419,-1.658319864630246,0.8618057190077538,-2.379736827229096,-1.7332593349688885,0.8648130747152218,-2.353055743107651,0.07493947033864257,-0.003007355707468018,-0.02668108412144532,0.07960432559153535
420,-1.6680138925069614,0.85255771327483,-2.3521496775313966,-1.7431515448271764,0.8545989080882805,-2.327449155898217,0.07513765232021496,-0.002041194813450553,-0.024700521633179484,0.07911983974586356
421,-1.6781156821382863,0.842373871617763,-2.3276620682656715,-1.7528694409836028,0.8440429132926041,-2.3024487566599667,0.07475375884531643,-0.0016690416748410541,-0.025213311605704725,0.07890894273618451
422,-1.687965090174083,0.831945739186875,-2.3031744589999463,-1.7624120516566506,0.833149312585366,-2.278056745137869,0.07444696148256758,-0.0012035733984909758,-0.025117713862077284,0.0785792479766105
423,-1.6975562107808193,0.8212795688263943,-2.278686849734221,-1.7717784225932054,0.8219224632616022,-2.2542722549523493,0.07422221181238609,-0.0006428944352079302,-0.024414594781871912,0.07813720290578959
424,-1.7068832929974742,0.8103817561111969,-2.254199240468496,-1.780967617163977,0.8103668559113548,-2.2310916701770687,0.07408432416650279,1.4900199842071693e-05,-0.023107570291427404,0.07760442715461975
425,-1.7159407441838896,0.7992588355119362,-2.229711631202771,-1.789978716457167,0.7984871126234903,-2.208508938179551,0.07403797227327735,0.0007717228884459582,-0.021202693023219865,0.07701799196286563
426,-1.7252455656110166,0.7872428204760057,-2.2082899156968305,-1.7988108193703554,0.7862879851369292,-2.186515873031657,0.07356525375933876,0.0009548353390764763,-0.021774042665173354,0.07672592264147395
427,-1.7342908682061091,0.7750302523555143,-2.18686820019089,-1.8074630427006113,0.7737743529400123,-2.165102445073569,0.0731721744945022,0.001255899415501971,-0.02176575511732093,0.07635111328214486
428,-1.7430725013299346,0.7626267351602602,-2.1654464846849497,-1.8159345212328108,0.7609512213187744,-2.144257053386,0.07286201990287622,0.0016755138414858983,-0.021189431298949568,0.07589909940001294
429,-1.7515864353338897,0.750037960521292,-2.1440247691790093,-1.8242244078261607,0.7478237193548899,-2.123966778963472,0.072637972492271,0.00221424116640212,-0.020057990215537114,0.07538899709650931
430,-1.7598287634090943,0.737269705079176,-2.122603053673069,-1.8323318734989098,0.7343970978741133,-2.104217617273643,0.07250311008981547,0.0028726072050626605,-0.018385436399425803,0.07485303678841501
431,-1.7682341806674575,0.7236155444142576,-2.1039336393180426,-1.840256107511248,0.7206767273460168,-2.084994689631238,0.0720219268437905,0.002938817068240729,-0.01893894968680465,0.07452837316949976
432,-1.776383232751687,0.7098068481369435,-2.085264224963016,-1.8479963174463758,0.7066680957358779,-2.0662824334160166,0.07161308469468874,0.0031387524010656476,-0.018981791546999638,0.07415250553054567
433,-1.7842730794163604,0.6958484290875476,-2.06659481060799,-1.855551729289751,0.6923768063095604,-2.048064771633234,0.07127864987339061,0.0034716227779871822,-0.018530038974756025,0.07372964422057131
434,-1.7919009707587108,0.6817451522902962,-2.0479253962529635,-1.862921587506485,0.6778085753922868,-2.030325262666764,0.07102061674777427,0.003936576898009414,-0.017600133586199718,0.0732747524264685
435,-1.7992642481770698,0.667501933257687,-2.029255981897937,-1.8701051551168988,0.662969230082182,-2.0130472313250416,0.07084090693982903,0.004532703175505026,-0.016208750572895614,0.07281279481841837
436,-1.8067214401286504,0.6523920816052584,-2.012916368416768,-1.8771017137702157,0.6478647059195176,-1.996213882444517,0.0703802736415653,0.004527375685740798,-0.01670248597225088,0.07247656922147105
437,-1.8139307584807167,0.6371624047321373,-1.9965767549355984,-1.883910563816402,0.6325010445125663,-1.9798083984096402,0.06997980533568526,0.004661360219570976,-0.016768356525958206,0.07211157476091232
438,-1.8208902785108751,0.6218169686122043,-1.9802371414544289,-1.8905310243761266,0.6168843911210447,-1.963814021986842,0.06964074586525149,0.0049325774911596065,-0.01642311946758679,0.07172086626931848
439,-1.8275981421871468,0.6063598701244001,-1.9638975279732593,-1.8969624334088513,0.6010209921980904,-1.9482141258648502,0.06936429122170451,0.005338877926309715,-0.015683402108409128,0.07131533927491002
440,-1.8340525586640175,0.5907952359589524,-1.9475579144920898,-1.9032041477790322,0.5849171928917617,-1.9329922702561362,0.06915158911501473,0.005878043067190752,-0.014565644235953634,0.07091298653589442
441,-1.8405341360938783,0.5744136554885128,-1.9331158667748356,-1.9092555433204328,0.5685794345070697,-1.9181322498532611,0.06872140722655451,0.005834220981443039,-0.01498361692157446,0.07057746610435048
442,-1.8467784622525214,0.5579401793673884,-1.9186738190575814,-1.9151160148985422,0.5520142519295328,-1.9036181313569873,0.06833755264602082,0.005925927437855583,-0.015055687700594067,0.07022685704048143
443,-1.8527842347663532,0.541378243453949,-1.9042317713403272,-1.9207849764710867,0.5352282710113162,-1.8894342827063793,0.06800074170473347,0.006149972442632823,-0.01479748863394792,0.06986335737216498
444,-1.8585502010167032,0.5247313020565453,-1.889789723623073,-1.9262618611466333,0.5182282059209752,-1.8755653950493394,0.06771166012993013,0.006503096135570097,-0.014224328573733569,0.06949453719734501
445,-1.8640751584010815,0.5080028272130465,-1.8753476759058187,-1.9315461212412777,0.5010208564578846,-1.8619964983989576,0.06747096284019616,0.006981970755161826,-0.0133511775068611,0.0691327178912328
446,-1.869565006269618,0.4905376003393629,-1.86240530938146,-1.9366372283334143,0.4836131053324,-1.8487129718292505,0.06707222206379626,0.006924495006962905,-0.013692337552209555,0.06880488144979467
447,-1.8748283592993185,0.4730027865606637,-1.8494629428571014,-1.9415346733165766,0.4660119154128712,-1.8357005489754596,0.06670631401725813,0.00699087114779251,-0.013762393881641799,0.06846903018538773
448,-1.8798643358653229,0.4554013230023237,-1.8365205763327428,-1.9462379664503477,0.44822432694058495,-1.8229453195202048,0.06637363058502488,0.007176996061738772,-0.013575256812538017,0.06812676204718615
449,-1.8846720924289007,0.4377361579537234,-1.8235782098083841,-1.950746637409333,0.4302574547137687,-1.810433727268505,0.0660745449804323,0.007478703239954698,-0.01314448253987921,0.06778313888987195
450,-1.8892508236787449,0.42001025037440276,-1.8106358432840255,-1.955060235330194,0.41211848524175654,-1.7981525653422639,0.06580941165144916,0.007891765132646222,-0.012483277941761628,0.06744620706155399
451,-1.8937397613423035,0.40165408682136094,-1.7988422834281967,-1.9591783288567337,0.39381467387048763,-1.7860889689586406,0.06543856751443022,0.007839412950873315,-0.012753314469556187,0.06712905141378324
452,-1.8980119073354589,0.38324626048725774,-1.787048723572368,-1.9631005061830311,0.37535334188046116,-1.7742304061965488,0.06508859884757223,0.007892918606796584,-0.012818317375819177,0.06680668472855784
453,-1.9020666674606252,0.3647893316511621,-1.7752551637165392,-1.9668263750946215,0.3567418735583286,-1.7625646671013775,0.0647597076339963,0.008047458092833526,-0.01269049661516175,0.06648029797568616
454,-1.9059034777556436,0.34628586742163536,-1.7634616038607105,-1.970355563007719,0.33798771324326765,-1.7510798514294241,0.06445208525207535,0.008298154178367712,-0.012381752431286364,0.06615314391152106
455,-1.9095218045722218,0.327738441379681,-1.7516680440048817,-1.973687717006473,0.3190983623493521,-1.7397643552903157,0.0641659124342513,0.008640079030328873,-0.01190368871456604,0.06583018372436476
456,-1.9130054881100578,0.30868841299580724,-1.7407170889523693,-1.9768225038782612,0.3000813763650833,-1.7286068569072703,0.06381701576820342,0.00860703663072393,-0.012110232045098979,0.06552366214817278
457,-1.9162803509274167,0.2896013779734245,-1.729766133899857,-1.9797596101470079,0.2809443618313017,-1.7175963016812124,0.06347925921959119,0.008657016142122775,-0.012169832218644538,0.0652124612001647
458,-1.9193460002954856,0.27047962527210956,-1.7188151788473445,-1.982498742104534,0.2616949732986626,-1.706721886714927,0.06315274180904829,0.008784651973446966,-0.012093292132417499,0.06489750860314202
459,-1.9222020685747923,0.2513254480148603,-1.707864223794832,-1.9850396258399263,0.2423409102659238,-1.6959730449273882,0.06283755726513407,0.008984537748936483,-0.011891178867443841,0.06458080718347063
460,-1.9248482132592937,0.23214114321309925,-1.6969132687423196,-1.987382007266929,0.22288991410024592,-1.6853394288655676,0.06253379400763537,0.009251229112853337,-0.011573839876751979,0.06426518810818632
461,-1.9273260978402624,0.21259790600522005,-1.6865349651040535,-1.9895256521493512,0.20334976494075557,-1.6748108943012632,0.062199554309088745,0.009248141064464477,-0.011724070802790365,0.06396691727437204
462,-1.9296010269681563,0.19303000550406516,-1.6761566614657875,-1.9914703461244907,0.183728278586583,-1.6643774836832836,0.061869319156334424,0.009301726917482156,-0.011779177782503814,0.0636638343625925
463,-1.9316727556144089,0.17343954933335964,-1.6657783578275214,-1.993215894724571,0.16403330337065347,-1.6540294095005519,0.06154313911016218,0.009406245962706172,-0.011748948326969488,0.06335671409908739
464,-1.9335410606368162,0.15382864754625955,-1.6554000541892553,-1.9947621233961865,0.14427271702045727,-1.6437570375989194,0.06122106275937034,0.00955593052580228,-0.011643016590335842,0.06304676176397608
465,-1.9352057408035706,0.13419941239808192,-1.6450217505509892,-1.996108877517759,0.12445442350706172,-1.6335508704836228,0.060903136714188344,0.009744988891020198,-0.011470880067366407,0.0627354601452251
466,-1.936680589402719,0.11436605864454968,-1.6349720391039044,-1.9972560224149978,0.10458634988363526,-1.6234015306300522,0.060575433012278745,0.009779708760914427,-0.011570508473852215,0.06244119196825812
467,-1.9379560473979072,0.09451888488087058,-1.6249223276568197,-1.9982034433743696,0.08467644311472142,-1.613299743817685,0.06024739597646245,0.009842441766149165,-0.011622583839134615,0.062142633006354135
468,-1.9390319859731706,0.07465989558923185,-1.6148726162097349,-1.998951045654568,0.06473266689756589,-1.6032363224955564,0.059919059681397435,0.009927228691665957,-0.011636293714178514,0.06184049574511942
469,-1.939908296463178,0.054791096445140006,-1.60482290476265,-1.999498754495988,0.04476299847674028,-1.5932021491822361,0.059590458032809934,0.010028097968399728,-0.011620755580413977,0.06153557830786696
470,-1.9405848903642064,0.03491449411485597,-1.5947731933155653,-1.9998465151282017,0.024775425453357765,-1.5831881598989876,0.05926162476399521,0.010139068661498205,-0.011585033416577684,0.061228701458175376
471,-1.9410625857096133,0.014995135565353038,-1.5848232758252345,-1.999994292775436,0.0047779425901285115,-1.5731853276313745,0.058931707065822625,0.010217192975224526,-0.011637948193859993,0.060932577232116765
472,-1.9413420647053086,-0.004927989926337369,-1.5748733583349037,-1.999942072660049,-0.015221451386431743,-1.5631846458120962,0.05860000795474041,0.010293461460094374,-0.011688712522807565,0.060634497454559025
473,-1.94142329968286,-0.024852909969968688,-1.564923440844573,-1.9996898600040087,-0.03521475698538918,-1.5531771118160986,0.05826656032114874,0.010361847015420492,-0.011746329028474278,0.06033519844066332
474,-1.9413062826000016,-0.044777651997633644,-1.554973523354242,-1.9992376800283709,-0.05519397715107451,-1.5431537104581057,0.05793139742836928,0.010416325153440868,-0.011819812896136428,0.06003544465235141
475,-1.9409910250414295,-0.06470024345904854,-1.5450236058639113,-1.998585577950756,-0.0751511204618093,-1.5331053974825013,0.05759455290932647,0.010450877002760761,-0.01191820838141,0.059736061520448025
476,-1.9404805648064405,-0.08450208005266442,-1.5349494894959816,-1.9977336189808284,-0.09507820432636097,-1.5230230830361118,0.05725305417438786,0.010576124273696544,-0.011926406459869865,0.05943068052777194
477,-1.9397706478420542,-0.10429776948333207,-1.524875373128052,-1.9966818883137751,-0.11496725817687632,-1.5128976151157174,0.056911240471720914,0.010669488693544255,-0.011977758012334583,0.059128622240111076
478,-1.9388613461955868,-0.12408530274666486,-1.5148012567601223,-1.9954304911217866,-0.1348103266569955,-1.5027197629842826,0.0565691449261998,0.01072502391033063,-0.01208149377583978,0.05883074695611314
479,-1.9377527521493,-0.14386267166602085,-1.5047271403921927,-1.993979552543539,-0.15459947280389894,-1.4924802005528235,0.056226800394238996,0.010736801137878088,-0.012246939839369198,0.0585381885325901
480,-1.9364449782110364,-0.16362786909630644,-1.494653024024263,-1.9923292176716814,-0.17432678122297965,-1.4821694897287272,0.05588423946064491,0.010698912126673205,-0.012483534295535836,0.05825249839532032
481,-1.9349585971059153,-0.1831109668715014,-1.4842251969441969,-1.9904796515383252,-0.19398436125389898,-1.4717780637361624,0.055521054432409844,0.010873394382397567,-0.012447133208034478,0.05792882974633897
482,-1.9332691341217225,-0.20257750592014873,-1.4737973698641307,-1.9884310390985427,-0.21356435012673866,-1.4612962104201923,0.055161904976820164,0.010986844206589935,-0.01250115944393837,0.05761792684342596
483,-1.9313767729682845,-0.2220253694781961,-1.4633695427840645,-1.9861835852118708,-0.2330589161070144,-1.450714055553347,0.0548068122435863,0.011033546628818308,-0.01265548723071741,0.05732091395434026
484,-1.9292817194182892,-0.24145244281233783,-1.4529417157039983,-1.9837375146218252,-0.25246026162825813,-1.4400215461719812,0.05445579520353605,0.011007818815920306,-0.012920169532017134,0.05703977986519279
485,-1.9269842012849105,-0.26085661344996786,-1.4425138886239322,-1.9810930719334263,-0.2717606264109441,-1.4292084339797944,0.05410887064851577,0.010904012960976261,-0.013305454644137793,0.05677765850048907
486,-1.9245376022204645,-0.2798238518945335,-1.4314869665179566,-1.9782505215887396,-0.2909522905664908,-1.4182642588677388,0.05371291936827505,0.011128438671957286,-0.013222707650217824,0.056424815922973645
487,-1.9218820058768005,-0.2987629592983864,-1.420460044411981,-1.9752101478404307,-0.31002757768512307,-1.4071783326133003,0.05332814196363023,0.011264618386736647,-0.013281711798680762,0.05609978806550984
488,-1.9190177351526023,-0.31767163282176347,-1.4094331223060055,-1.9719722547233407,-0.32897885790632714,-1.3959397228381787,0.05295451957073838,0.011307225084563666,-0.013493399467826794,0.055804178260046515
489,-1.9159451383196433,-0.3365475733254112,-1.39840620020003,-1.9685371660240831,-0.347798550970695,-1.384537237321871,0.052592027704439825,0.011250977645283822,-0.013868962878158975,0.05554146205633224
490,-1.9126645889804383,-0.3553884856501422,-1.3873792780940544,-1.964905225248665,-0.36647912925192844,-1.372959408789994,0.052240636268226615,0.011090643601786243,-0.014419869304060473,0.055317439238970395
491,-1.909277296475171,-0.3736486319954017,-1.375481656228389,-1.9610767955881379,-0.38501312076778266,-1.3611944803206513,0.051799499112966885,0.011364488772380943,-0.014287175907737648,0.05492233706635642
492,-1.905672996517475,-0.3918671861883526,-1.3635840343627235,-1.957052259882277,-0.4033931121687696,-1.3492303915401058,0.05137926336480203,0.011525925980417018,-0.01435364282261764,0.0545774929425585
493,-1.9018521993022677,-0.41004156936101616,-1.351686412497058,-1.9528320205812995,-0.42161175170339216,-1.337054765810933,0.05097982127903178,0.011570182342376,-0.014631646686124933,0.05428532381616086
494,-1.8978154456700285,-0.42816920889789845,-1.3397887906313926,-1.9484164997056181,-0.43966175215875003,-1.3246548986519633,0.050601054035589677,0.011492543260851584,-0.01513389197942927,0.05405164110885297
495,-1.8935633070302433,-0.4462475388001483,-1.327891168765727,-1.9438061388036416,-0.4575358937753214,-1.3120177476702315,0.05024283177339828,0.01128835497517311,-0.01587342109549561,0.05388631180485857
496,-1.8892591928252982,-0.46361698296601433,-1.3148153194716674,-1.9390013989076176,-0.47522702713477977,-1.2991299243311092,0.049742206082319385,0.011610044168765432,-0.015685395140558223,0.05343324631960951
497,-1.884728332806972,-0.48092866391312866,-1.3017394701776077,-1.934002760487532,-0.4927280760196602,-1.2859776879442872,0.04927442768056012,0.011799412106531515,-0.015761782233320476,0.05306250209401295
498,-1.8799715016408625,-0.49817962176993996,-1.288663620883548,-1.928810723403061,-0.5100320402437544,-1.272546942300503,0.04883922176219846,0.011852418473814408,-0.016116678583045108,0.052777805321600875
499,-1.874989512628075,-0.5153669070470513,-1.2755877715894883,-1.9234258068535868,-0.527131998452086,-1.2588232354572375,0.04843629422551188,0.011765091405034678,-0.016764536132250818,0.05258841741104898
500,-1.8697832175661666,-0.5324875811415108,-1.2625119222954286,-1.917848549326277,-0.5440211108893698,-1.2447917632410141,0.0480653317601103,0.011533529747858928,-0.017720159054414486,0.05251002249635742
501,-1.8645913070361597,-0.548791942752377,-1.2479072933221875,-1.9120795085422362,-0.5606926221358159,-1.2304373771094976,0.047488201506076466,0.011900679383438972,-0.017469916212689895,0.05198031766493485
502,-1.8591618395139582,-0.5650187423417858,-1.2333026643489464,-1.906119261400735,-0.5771398638092112,-1.2157445970978271,0.04695742188677676,0.012121121467425389,-0.017558067251119303,0.05157719245437512
503,-1.8534959730582707,-0.5811645188729966,-1.2186980353757053,-1.8999684039215217,-0.5933562572321769,-1.200697630660021,0.046472430863250924,0.012191738359180304,-0.018000404715684315,0.051306333765791294
504,-1.8475949161496645,-0.5972258285907895,-1.2040934064024642,-1.8936275511852179,-0.6093353160635608,-1.1852803983066504,0.046032635035553326,0.012109487472771296,-0.018813008095813766,0.05118175894576906
505,-1.8414599274328067,-0.6131992457559896,-1.189488777429223,-1.8870973372718132,-0.625070648892882,-1.16947656703277,0.04563740983900644,0.011871403136892389,-0.020012210396453067,0.051226867503332316
506,-1.835415699056303,-0.6282747789743884,-1.1729617962903145,-1.8803784151972567,-0.6405559617968117,-1.153269592622839,0.044962716140953596,0.012281182822423298,-0.019692203667475594,0.050598974096033734
507,-1.8291231544136302,-0.6432483650647792,-1.156434815151406,-1.8734714568481579,-0.6557850608566534,-1.136642772009011,0.0443483024345277,0.01253669579187422,-0.0197920431423948,0.050156411773099846
508,-1.8225840122182668,-0.6581159142183955,-1.1399078340124973,-1.8663771529145952,-0.6707518546358369,-1.119579306941384,0.043793140696328337,0.012635940417441316,-0.020328527071113323,0.04990746612644768
509,-1.8158000585380873,-0.6728733655888578,-1.1233808528735887,-1.8590962128210502,-0.6854503566164047,-1.1020623802982807,0.04329615428296285,0.012576991027546947,-0.021318472575307945,0.049871985642696
510,-1.8087731463075234,-0.6875166884013322,-1.10685387173468,-1.8516293646554642,-0.6998746875935437,-1.0840752464144137,0.042856218347940844,0.012357999192211477,-0.02277862532026642,0.05008234585761897
511,-1.8019207099904695,-0.7012114649195202,-1.0879839539614051,-1.8439773550964327,-0.7140190780271819,-1.06560133682667,0.042056645105963186,0.012807613107661653,-0.022382617134735217,0.04933333458103786
512,-1.7948110896526865,-0.7147745060982154,-1.0691140361881302,-1.836140949338534,-0.7278778703497366,-1.0466243828210473,0.04132985968584735,0.013103364251521255,-0.022489653367082862,0.04884301347103203
513,-1.7874468167685644,-0.7282009826371506,-1.0502441184148552,-1.828120931015814,-0.7414455212290605,-1.0271285560983872,0.04067411424724954,0.013244538591909882,-0.023115562316468052,0.04862232608090049
514,-1.7798305134849015,-0.7414861138617063,-1.0313742006415803,-1.8199181021234212,-0.754716603785701,-1.007098628747356,0.04008758863851969,0.013230489923994782,-0.024275571894224246,0.048696653039729025
515,-1.7719648916872548,-0.7546251694251318,-1.0125042828683053,-1.811533282937409,-0.7676858097635824,-0.9865201535059736,0.0395683912501541,0.013060640338450558,-0.025984129362331743,0.04910613903468714
516,-1.7643606482690217,-0.7668002811633536,-0.990890856941573,-1.8029673119327096,-0.7803479516532316,-0.9653796649918884,0.03860666366368792,0.013547670489877928,-0.025511191949684542,0.04821654041547444
517,-1.7564950555169552,-0.7788082083142223,-0.9692774310148407,-1.7942210456992849,-0.79269796476672,-0.9436649021705272,0.037725990182329694,0.013889756452497792,-0.02561252884431342,0.04766736098577021
518,-1.748371787622438,-0.7906433417108442,-0.9476640050881083,-1.7852953588564693,-0.804730909263467,-0.9213650517940357,0.03692357123403123,0.01408756755262286,-0.026298953294072613,0.04747046046319862
519,-1.7399946391425796,-0.8023001529020891,-0.926050579161376,-1.7761911439655085,-0.8164419721261122,-0.8984710118695688,0.03619650482292891,0.014141819224023133,-0.027579567291807217,0.0476530224053479
520,-1.731367523227695,-0.8137731967350516,-0.9044371532346437,-1.7669093114403063,-0.8278264690856536,-0.8749756733946423,0.035541788212611225,0.014053272350602053,-0.02946147984000136,0.04825652253813067
521,-1.7230858722333788,-0.8243050237424221,-0.8797971790768377,-1.7574507894563798,-0.8388798464951001,-0.8508742176279203,0.034364917223000946,0.014574822752677963,-0.028922961448917484,0.04722193021246859
522,-1.7145472574369316,-0.8346296148075798,-0.8551572049190318,-1.7478165238580448,-0.8495976831508637,-0.8261644250538847,0.033269266421113164,0.014968068343283902,-0.028992779865147145,0.046599017612360745
523,-1.7057568626109896,-0.8447407018959642,-0.8305172307612259,-1.7380074780638322,-0.8599756920611862,-0.8008469909691761,0.03225061545284258,0.015234990165222007,-0.029670239792049746,0.04639536886090326
524,-1.696720024383243,-0.8546321465907688,-0.8058772566034199,-1.7280246329701487,-0.8700097221608728,-0.7749258413027453,0.03130460858690576,0.015377575570103996,-0.03095141530067458,0.046630874517946425
525,-1.6874422289965822,-0.8642979438195595,-0.781237282445614,-1.717868986853184,-0.8796957599716702,-0.7484084409343449,0.03042675785660176,0.015397816152110666,-0.03282884151126908,0.0473351156213915
526,-1.6785824501884625,-0.8730842987422371,-0.7535642783432729,-1.7075415552690867,-0.8890299312075991,-0.721306085468987,0.02895910508062416,0.01594563246536196,-0.032258192874285885,0.046189652188619756
527,-1.6694829497478878,-0.881622144201605,-0.7258912742409318,-1.6970433709524082,-0.8980085023246204,-0.6936341662499572,0.027560421204520402,0.016386358123015365,-0.03225710799097459,0.04548198066759721
528,-1.660150695583535,-0.8899049423742026,-0.6982182701385907,-1.6863754837128333,-0.9066278820139979,-0.6654123974581106,0.026224788129298293,0.01672293963979532,-0.032805872680480075,0.04520643211923157
529,-1.6505928338343807,-0.8979263507380825,-0.6705452660362496,-1.6755389603301956,-0.9148846226387805,-0.6366649935694167,0.024946126495814847,0.016958271900697985,-0.033880272466832895,0.04536259555437754
530,-1.6408166833975721,-0.9056802269295725,-0.6428722619339086,-1.6645348844478025,-0.9227754216128066,-0.6074207853483693,0.02371820105023037,0.01709519468323406,-0.035451476585539266,0.0459522135964293
531,-1.631504419840967,-0.912655278928472,-0.6126265743660514,-1.6533643564640714,-0.9302971227216964,-0.5777132630548064,0.02185993662310448,0.01764184379322442,-0.03491331131124498,0.044811056540842484
532,-1.621985482316762,-0.9193455279033094,-0.5823808867981942,-1.642028493422494,-0.9374467173852932,-0.5475805367263731,0.020043011105731923,0.018101189481983804,-0.03480035007182114,0.044050422472077105
533,-1.6122685781005752,-0.9257448540700617,-0.552135199230337,-1.6305284288999269,-0.9442213458610588,-0.5170652053199697,0.018259850799351662,0.018476491790997085,-0.03506999391036736,0.04364295330280216
534,-1.6023625955544687,-0.9318474037610732,-0.5218895116624799,-1.6188653128932389,-0.95061829838793,-0.48621412915210704,0.01650271733877018,0.01877089462685677,-0.03567538251037283,0.043559374214023346
535,-1.592276595996481,-0.9376475947795918,-0.49164382409462265,-1.6070403117043106,-0.9566350162701883,-0.4550781034039326,0.014763715707829528,0.018987421490596512,-0.03656572069069003,0.04376689851923181
536,-1.5826403594353877,-0.9428078138966176,-0.45986558770932345,-1.5950546078234087,-0.9622690929009017,-0.4237114343156453,0.012414248388020965,0.01946127900428407,-0.03615415339367817,0.042894961838608504
537,-1.5728450330075083,-0.9476592566272246,-0.42808735132402426,-1.582909399810932,-0.9675182747245379,-0.3921714238816628,0.010064366803423708,0.019859018097313275,-0.03591592744236144,0.042256667201617366
538,-1.5629005077526033,-0.9521970241236514,-0.39630911493872506,-1.5706059021775611,-0.972380462138356,-0.3605177731102454,0.007705394424957879,0.02018343801470468,-0.03579134182847965,0.04180627253440176
539,-1.5528168253671304,-0.9564165342783938,-0.36453087855342586,-1.5581453452628062,-0.9768537103322188,-0.32881191793031006,0.005328519895675843,0.020437176053825,-0.0357189606231158,0.04149596892867244
540,-1.5426041680644278,-0.9603135263510858,-0.33275264216812667,-1.5455289751119743,-0.9809362300664917,-0.29711631530754834,0.002924807047546496,0.020622703715405866,-0.03563632686057833,0.04127709046084485
541,-1.5326960152195845,-0.963737817355375,-0.30094330932668667,-1.5327580533515686,-0.9846263883877127,-0.265493699789787,6.20381319840213e-05,0.020888571032337655,-0.035449609536899684,0.04114621568044241
542,-1.522683968609012,-0.9668452575151454,-0.2691339764852467,-1.519833857063122,-0.9879227092817555,-0.23400633231352022,-0.0028501115458898774,0.021077451766610134,-0.03512764417172645,0.04106499109768829
543,-1.5125781579042625,-0.9696327028829692,-0.23732464364380668,-1.506757678655493,-0.9908238742642128,-0.20271526353027572,-0.0058204792487694945,0.0211911713812436,-0.03460938011353096,0.04099698665801508
544,-1.5023888076425553,-0.9720973332656188,-0.20551531080236668,-1.4935308257356246,-0.9933287229077735,-0.17167963311530354,-0.008857981906930767,0.021231389642154763,-0.03383567768706314,0.04091563068245841
545,-1.4921262268821178,-0.9742366550773922,-0.17370597796092668,-1.4801546209777887,-0.9954362533063774,-0.1409560245718928,-0.011971605904329108,0.021199598228985206,-0.03274995338903389,0.040808108997879976
546,-1.4817916848949684,-0.9760501031155274,-0.14344174466707824,-1.466630401991313,-0.997145622475965,-0.11059789210988624,-0.015161282903655371,0.02109551936043763,-0.032843852557191994,0.041876056251393096
547,-1.4714070011363318,-0.977550001480177,-0.11317751137322979,-1.452959521186826,-0.99845614669166,-0.08065507250195922,-0.018447479949505796,0.02090614521148304,-0.03252243887127057,0.04283789740669545
548,-1.4609816864594252,-0.9787349764835601,-0.08291327807938134,-1.439143345641015,-0.9993673017612495,-0.05117339069845843,-0.021838340818410185,0.020632325277689434,-0.03173988738092291,0.04370384910987924
549,-1.4505252889294509,-0.9796039428616874,-0.052649044785532895,-1.425183256959923,-0.9998787232348542,-0.022194363718999813,-0.02534203196952789,0.020274780373166768,-0.030454681066533082,0.0445058749199358
550,-1.440047385078964,-0.9801561047683045,-0.02238481149168445,-1.4110806511407838,-0.9999902065507035,0.006244996773392763,-0.028966733938180056,0.019834101782398972,-0.028629808265077213,0.04530043255704031
551,-1.4288705242190438,-0.9804063384888052,0.005128446884025591,-1.396836938432427,-0.9997017071169574,0.03411228652508152,-0.03203358578661675,0.019295368628152176,-0.028983839641055928,0.04731305136200009
552,-1.417691009542475,-0.9803490044389493,0.03264170525973563,-1.3824535431942528,-0.9990133403295429,0.061379721814441665,-0.035237466348222224,0.018664335890593575,-0.028738016554706036,0.049151908044119216
553,-1.4065173031775933,-0.9799841460166931,0.060154963635445674,-1.3679319037538011,-0.9979253815259969,0.08802407252366619,-0.03858539942379213,0.01794123550930371,-0.027869108888220515,0.05086657262404624
554,-1.3953578628562395,-0.9793120393949191,0.08766822201115572,-1.3532734722629136,-0.9964382658753348,0.11402652573356668,-0.042084390593325915,0.01712622648041573,-0.026358303722410964,0.05252774257659447
555,-1.3842211355118348,-0.9783331933123921,0.11518148038686576,-1.338479714552524,-0.9945525882039893,0.13937249138381436,-0.045741420959310775,0.016219394891597183,-0.024191010996948592,0.05422685105260061
556,-1.3717094296816443,-0.9768856695204913,0.1393294165539603,-1.3235521099860739,-0.9922691027578862,0.16405136184929442,-0.048157319695570466,0.015383433237394883,-0.024721945295334113,0.0562756789174174
557,-1.3592363229198694,-0.9751364652389076,0.16347735272105485,-1.3084921513115828,-0.9895887229007583,0.18805623702960433,-0.05074417160828659,0.014452257661850654,-0.024578884308549487,0.058206187451067606
558,-1.3468090882262822,-0.9730866004190121,0.1876252888881494,-1.293301344512367,-0.9865125207488105,0.21138362585071127,-0.05350774371391531,0.013425920329798391,-0.023758336962561882,0.06006490280756951
559,-1.3344349718529045,-0.9707372703256775,0.21177322505524393,-1.2779812086564475,-0.9830417267418881,0.234033134057412,-0.05645376319645701,0.012304456416210585,-0.022259909002168066,0.06191874171464462
560,-1.3221211890787585,-0.9680898448403261,0.23592116122233847,-1.2625332757446417,-0.979177729151317,0.25600714694934407,-0.05958791333411684,0.011087884310990836,-0.020085985727005595,0.06385223110145494
561,-1.3080250798554995,-0.9647011700042272,0.2566160740690756,-1.2469590905573706,-0.9749220735246148,0.2773105143849678,-0.0610659892981289,0.010220903520387625,-0.020694440315892182,0.06528232362378264
562,-1.2940021123859886,-0.9610215238625585,0.27731098691581274,-1.2312602105001726,-0.97027646206729,0.2979502440332553,-0.06274190188581596,0.009254938204731555,-0.020639257117442578,0.06669467046010993
563,-1.2800582922042267,-0.9570524822757835,0.2980058997625499,-1.2154382054479715,-0.9652427529619856,0.3179352075580311,-0.06462008675625519,0.008190270686202039,-0.019929307795481244,0.06811764423045058
564,-1.2661995909482704,-0.9527957450420551,0.318700812609287,-1.1994946575880876,-0.9598229596252282,0.3372758632229733,-0.0667049333601828,0.007027214583173125,-0.018575050613686306,0.06959858033527262
565,-1.2524319438027929,-0.9482531351692526,0.33939572545602414,-1.1834311612620187,-0.954019249902089,0.35598399733641756,-0.06900078254077413,0.0057661147328363915,-0.016588271880393413,0.07120060978902697
566,-1.2368669810389807,-0.9427578139943805,0.35687627781389875,-1.1672493228060146,-0.9478339451990766,0.3740724860305142,-0.06961765823296617,0.005076131204696077,-0.01719620821661544,0.07188946392120729
567,-1.2214004526625586,-0.9369912621100059,0.37435683017177335,-1.1509507603904343,-0.9412695195556019,0.39155507809344553,-0.07044969227212428,0.0042782574455959566,-0.017198247921672183,0.07264463063147272
568,-1.2060370846557837,-0.9309552415548507,0.39183738252964795,-1.1345371038579373,-0.9343285986543979,0.4084461989420335,-0.07149998079784647,0.003373357099547225,-0.01660881641238554,0.07348115115343394
569,-1.1907815714790315,-0.9246515967070035,0.40931793488752255,-1.1180099945604975,-0.92701395877128,0.4247607753253133,-0.07277157691853398,0.0023623620642765353,-0.015442840437790761,0.07442959413109752
570,-1.1756385746363476,-0.9180822537203485,0.42679848724539715,-1.1013710851952752,-0.9193285256646756,0.4405140799735253,-0.07426748944107242,0.0012462719443271375,-0.013715592728128168,0.0755336392974872
571,-1.1590199099234142,-0.9105248861271444,0.44145069789232544,-1.0846220396393396,-0.9112753734053558,0.4557215951360275,-0.07439787028407463,0.0007504872782113647,-0.014270897243702063,0.07575793583579911
572,-1.1425137572663258,-0.9027248382913549,0.4561029085392537,-1.0677645327832885,-0.90285772314685,0.470398893769609,-0.07474922448303722,0.00013288485549511897,-0.014295985230355246,0.07610413532066998
573,-1.1261236602626499,-0.8946837847540501,0.470755119186182,-1.0508002503637583,-0.894078941837027,0.48456153703014543,-0.07532340989889152,-0.0006048429170231184,-0.013806417843963414,0.07658067045562356
574,-1.1098531375947271,-0.8864034517962323,0.4854073298331103,-1.0337308887948575,-0.8849425408713637,0.498224986670857,-0.07612224879986962,-0.0014609109248685526,-0.012817656837746716,0.07720766380282391
575,-1.0937056822742695,-0.8778856170682319,0.5000595404800385,-1.0165581549985165,-0.8754521746884284,0.5114045309468265,-0.07714752727575291,-0.0024334423798034743,-0.011344990466787941,0.07801519989893234
576,-1.0750192604980995,-0.8676757336290873,0.5128836820943936,-0.9992837662338049,-0.865611639308158,0.5241152226565137,-0.0757354942642946,-0.002064094320929355,-0.011231540562120057,0.07659159927969413
577,-1.0564653046746055,-0.857227058979273,0.5257078237087487,-0.9819094499252019,-0.8554248708134978,0.5363718280074358,-0.07455585474940363,-0.0018021881657751537,-0.01066400429868708,0.07533620873976503
578,-1.0380468661197197,-0.8465413114697286,0.5385319653231038,-0.9644369434898631,-0.8448959437760261,0.5481887850668954,-0.07360992262985666,-0.001645367693702493,-0.009656819743791623,0.0742588857443003
579,-1.0197669738626982,-0.8356202484395322,0.5513561069374588,-0.9468679941638701,-0.8340290696261731,0.5595801706434279,-0.07289897969882808,-0.0015911788133591287,-0.008224063705969065,0.0733786638948003
580,-1.0016286341479779,-0.8244656659268946,0.5641802485518139,-0.9292043588275147,-0.8228285949687089,0.570559674535322,-0.07242427532046314,-0.0016370709581857712,-0.006379425983508047,0.07272312378394812
581,-1.0337396690024085,-0.8447851509034734,0.5971665444046582,-0.9114478038296094,-0.8112989998441578,0.581140580175409,-0.12229186517279911,-0.03348615105931563,0.01602596422924918,0.1278024026757187
582,-1.0651630925035305,-0.8661526141269119,0.6301528402575025,-0.89360010481086,-0.7994448959368459,0.5913357507932551,-0.17156298769267042,-0.06670771819006605,0.038817089464247445,0.18812374875766227
583,-1.0958647160591173,-0.8885448078601508,0.6631391361103468,-0.8756630465262938,-0.7872710247302823,0.6011576203049405,-0.2202016695328235,-0.10127378312986846,0.06198151580540634,0.2501736651128857
584,-1.1258111363931573,-0.9119373694623536,0.6961254319631911,-0.8576384226667918,-0.7747822556106337,0.6106181882251972,-0.26817271372636553,-0.13715511385171986,0.0855072437379939,0.3131127885837788
585,-1.1549697718885201,-0.9363048478953888,0.7291117278160354,-0.8395280356797178,-0.7619835839190322,0.619729017975972,-0.31544173620880234,-0.1743212639763566,0.10938270984006337,0.3766377161526627
586,-1.1833088979522555,-0.9616207313399777,0.7861117282898347,-0.8213336965886817,-0.7488801289535097,0.6285012380388306,-0.36197520136357375,-0.21274060238646797,0.15761049025100404,0.4484703746549139
587,-1.210159775460236,-0.988509955904619,0.8431117287636338,-0.8030572248124292,-0.7354771319213411,0.6369455454658797,-0.40710255064780676,-0.25303282398327787,0.20616618329775416,0.5217878801701566
588,-1.2354351895272553,-1.0168851821482459,0.900111729237433,-0.7847004479829077,-0.721779953842635,0.6450722113249574,-0.45073474154434756,-0.2951052283056108,0.2550395179124756,0.5960654818938809
589,-1.2590530425631785,-1.046654243917301,0.9571117297112322,-0.7662652017625027,-0.7077940734059962,0.6528910877099849,-0.49278784080067584,-0.3388601705113048,0.3042206420012472,0.6709815721907673
590,-1.2809366209358073,-1.0777204477125075,1.0141117301850313,-0.747753329660472,-0.6935250847771224,0.6604116159967486,-0.5331832912753353,-0.38419536293538514,0.35370011418828273,0.7463204873062614
591,-1.2628916514696047,-1.0487251167292435,1.0178059491148153,-0.7291666828486026,-0.6789786953612166,0.6676428360684155,-0.533724968621002,-0.36974642136802693,0.3501631130463998,0.7376916455961109
592,-1.2449539199923545,-1.019663321682907,1.0215001680445992,-0.7105071199760853,-0.6641607235200951,0.6745933962741206,-0.5344468000162692,-0.3555025981628118,0.3469067717704786,0.7296298977209984
593,-1.227123671304547,-0.9905354591867308,1.0251943869743831,-0.6917765069836577,-0.6490770962449237,0.6812715639183997,-0.5353471643208894,-0.3414583629418071,0.34392282305598343,0.7221310879529516
594,-1.2094011487398293,-0.9613419267555864,1.028888605904167,-0.6729767169170084,-0.6337338467854989,0.6876852361095336,-0.5364244318228208,-0.32760807997008745,0.3412033697946335,0.7151908589162314
595,-1.1917865941616843,-0.9320831228005584,1.032582824833951,-0.6541096297394813,-0.6181371122370333,0.6938419508213524,-0.537676964422203,-0.3139460105635251,0.33874087401259867,0.7088046242412978
596,-1.1736724322421854,-0.901741336328924,1.0351023633186505,-0.6351771321440697,-0.6022931310853911,0.6997488980461777,-0.5384953000981157,-0.2994482052435329,0.3353534652724728,0.701504356737425
597,-1.1556347750355056,-0.8713540068834068,1.03762190180335,-0.6161811173647562,-0.5862082407117827,0.7054129309366325,-0.5394536576707494,-0.2851457661716241,0.3322089708667174,0.6947525869432053
598,-1.13767373704597,-0.8409213273649263,1.0401414402880493,-0.5971234849871871,-0.5698888748578939,0.71084057685146,-0.5405502520587828,-0.27103245250703245,0.3293008634365894,0.6885435527059082
599,-1.1197894322915198,-0.8104434909622872,1.0426609787727488,-0.5780061407587223,-0.5533415610524803,0.7160380482354703,-0.5417832915327976,-0.25710192990980685,0.3266229305372784,0.6828712002275534
600,-1.1019819743029882,-0.7799206911509532,1.0451805172574482,-0.5588309963978517,-0.5365729180004349,0.7210112532766491,-0.5431509779051364,-0.24334777315051825,0.32416926398079915,0.6777291754133616
601,-1.0837040023635918,-0.7484092710447681,1.0466933776354768,-0.5395999694030323,-0.5195896529353996,0.7257658062944856,-0.5441040329605594,-0.22881961810936846,0.32092757134099115,0.6718646607483457
602,-1.0654737237017629,-0.7168702349904129,1.0482062380135053,-0.5203149828609361,-0.5023985589369582,0.7303070378230215,-0.5451587408408267,-0.21447167605345474,0.3178992001904838,0.666525358876977
603,-1.0472911800419804,-0.6853036551727331,1.0497190983915339,-0.5009779652541498,-0.48500651221350166,0.7346400043601177,-0.5463132147878306,-0.2002971429592314,0.3150790940314162,0.6617037929656313
604,-1.02915641299947,-0.6537096038396146,1.0512319587695624,-0.4815908502683184,-0.467420469351827,0.7387694977612211,-0.5475655627311515,-0.1862891344877876,0.3124624610083413,0.6573921787309922
605,-1.0110694640801086,-0.6220881533018189,1.052744819147591,-0.4621555765987845,-0.44964746453460147,0.7427000542616012,-0.5489138874813241,-0.1724406887672174,0.31004476488598975,0.6535824379874208
606,-0.9925526033989177,-0.5896011475398193,1.0533802803529404,-0.44267408775671735,-0.4316946067267801,0.7464359631158108,-0.5498785156422004,-0.15790654081303918,0.30694431723712956,0.6492423826896834
607,-0.9740563906868325,-0.5571023815913079,1.0540157415582898,-0.4231483318747701,-0.4135690768321209,0.7499812748470809,-0.5509080588120624,-0.14353330475918696,0.30403446671120893,0.6453979050070876
608,-0.9555808334128258,-0.5245918685796416,1.0546512027636392,-0.4035802615122578,-0.39527812482090974,0.7533398091026414,-0.5520005719005681,-0.12931374375873184,0.3013113936609978,0.6420398988017691
609,-0.9371259390375297,-0.4920696216329208,1.0552866639689886,-0.38397183345991004,-0.37682906683007494,0.756515162113617,-0.5531541055776197,-0.11524055480284584,0.2987715018553716,0.6391590258375128
610,-0.9186917150132321,-0.4595356538839843,1.055922125174338,-0.36432500854419003,-0.35822928223682704,0.7595107137603188,-0.5543667064690421,-0.10130637164715728,0.2964114114140193,0.6367457506682679
611,-0.9000395759039217,-0.4265682690218163,1.0265929400384106,-0.3446417514312205,-0.3394862107070128,0.7623296342454584,-0.5553978244727011,-0.08708205831480353,0.2642633057929522,0.6211965253428029
612,-0.8804286905971709,-0.394162036048994,0.9972637549024832,-0.3249240304303084,-0.32060734921933826,0.764974890379158,-0.5555046601668625,-0.07355468682965577,0.2322888645233252,0.6065919847832197
613,-0.859875927188892,-0.36234482884461033,0.9679345697665558,-0.3051738172971223,-0.30160024906668353,0.7674492514806304,-0.5547021098917697,-0.0607445797779268,0.20048531828592542,0.5929407200884307
614,-0.8383989639215007,-0.3311440146434634,0.9386053846306284,-0.28539308703651545,-0.2824725128356836,0.7697552949021605,-0.5530058768849853,-0.04867150180777979,0.16885008972846782,0.5802540544958457
615,-0.816016273978162,-0.3005864304964184,0.909276199494701,-0.2655838177050335,-0.263231791365801,0.7718954111815078,-0.5504324562731285,-0.03735463913061743,0.13738078831319311,0.5685461625769737
616,-0.7927269746006141,-0.2706724978022984,0.8831987345674019,-0.2457479902131001,-0.24388578068908245,0.77387180882917,-0.546978984387514,-0.026786717113215952,0.109326925738232,0.5584406094354821
617,-0.7686656024138744,-0.24137599283640557,0.8571212696401029,-0.22588758812693474,-0.2244422189518554,0.7756865187570767,-0.5427780142869396,-0.01693377388455017,0.08143475088302621,0.5491141449121729
618,-0.743848519046139,-0.21271683709440453,0.8310438047128039,-0.2060045974701957,-0.20490888331957058,0.777341398355284,-0.5378439215759433,-0.007807953774833953,0.05370240635751988,0.5405746910158924
619,-0.7182926000059131,-0.18471451867726604,0.8049663397855049,-0.1861010065253778,-0.18529358686603822,0.7788381352231183,-0.5321915934805352,0.0005790681887721805,0.026128204562386625,0.5328329105498012
620,-0.692015223206738,-0.15738807903944327,0.7788888748582059,-0.1661788056349928,-0.16560417544830938,0.7801782505609888,-0.5258364175717453,0.008216096408866114,-0.001289375702782869,0.5259021817549244
621,-0.6650099315478478,-0.1307320890794119,0.7776610616091509,-0.14623998700252616,-0.14584852456842748,0.7813631022287947,-0.5187699445453217,0.01511643548901559,-0.0037020406196437428,0.5190033401532201
622,-0.6379719316751198,-0.10410927665823105,0.776433248360096,-0.12628654449322554,-0.1260345362233393,0.7823938874764594,-0.5116853871818943,0.02192525956510824,-0.005960639116363464,0.5121895954440678
623,-0.6109012643490198,-0.07751968191046096,0.775205435111041,-0.10632047343471225,-0.10617013574419806,0.7832716453517061,-0.5045807909143075,0.0286504538337371,-0.008066210240665117,0.5054578981599099
624,-0.5837979703792606,-0.05096334492058538,0.773977621861986,-0.08634377041745736,-0.08626326862634384,0.7839972587896967,-0.4974541999618033,0.03529992370575846,-0.010019636927710684,0.4988057325226258
625,-0.5566620906247405,-0.024440305722951132,0.7727498086129311,-0.06635843309511363,-0.06632189735120068,0.7845714563886423,-0.49030365752962685,0.04188159162824955,-0.011821647775711264,0.49223114048217026
626,-0.5317837275222769,-0.00018345537634343115,0.7727294592994588,-0.0463664599847589,-0.04635399820139721,0.7849948138749364,-0.48541726753751796,0.046170542825053784,-0.012265354575477616,0.48776232077848386
627,-0.5069048708147127,0.024072888707632537,0.7727091099859865,-0.026369850267042503,-0.026367558070356484,0.7852677552607884,-0.48053502054767017,0.05044044677798902,-0.012558645274801883,0.48333825031239896
628,-0.4820255205123502,0.04832872651893236,0.7726887606725142,-0.006370603586275981,-0.006370571267652135,0.7853905536967359,-0.4756549169260742,0.05469929778658449,-0.012701793024221697,0.4789581909940847
629,-0.45714567662549177,0.07258405804751182,0.772668411359042,0.013629280149540351,0.013628963678619457,0.7853633320208057,-0.4707749567750321,0.05895509436889236,-0.012694920661763698,0.47462187485322127
630,-0.43226533916444004,0.09683888328332692,0.7726480620455697,0.033627800968699426,0.033623047221136695,0.7851860630054648,-0.4658931401331395,0.06321583606219022,-0.012538000959895101,0.470329524291458
631,-0.4117550367618352,0.11683272574729066,0.772133954215386,0.053622959035786476,0.053603681993068565,0.7848585693028844,-0.4653779957976217,0.06322904375422209,-0.012724615087498448,0.4698260388439635
632,-0.3912344580792238,0.13681602106239948,0.7716198463852023,0.07361275485165383,0.07356287600690768,0.7843805230883966,-0.4648472129308776,0.0632531450554918,-0.012760676703194251,0.4693045137210372
633,-0.37070360854033535,0.15678876394693142,0.7711057385550186,0.09359518945337977,0.09349264585116929,0.7837514454014016,-0.4642987979937151,0.06329611809576213,-0.012645706846382998,0.46876399849609396
634,-0.35016249357161416,0.17675094912195363,0.7705916307248349,0.1135682646141561,0.11338501988364241,0.7829707051823518,-0.46373075818577025,0.06336592923831122,-0.012379074457516848,0.4682036934499863
635,-0.32961111860221776,0.1967025713113237,0.7700775228946513,0.1335299830431127,0.13323204141994396,0.7820375180038213,-0.46314110164533046,0.06347052989137975,-0.011959995109170007,0.4676229567514347
636,-0.3092161374944637,0.2164820064685873,0.7688829617851054,0.15347834858503784,0.15302577191607933,0.7809509444930636,-0.46269448607950153,0.06345623455250798,-0.01206798270795817,0.4671814608464216
637,-0.2887975431998964,0.23623706446799356,0.7676884006755595,0.17341136642000265,0.17275829414376465,0.7797098884428689,-0.4622089096198991,0.06347877032422891,-0.01202148776730938,0.46670241758751563
638,-0.26835536485536143,0.2559677171195473,0.7664938395660137,0.19332704326283448,0.1924217153572057,0.7783130946069631,-0.46168240811819594,0.0635460017623416,-0.011819255040949384,0.46618497948295046
639,-0.24788963163135816,0.2756739362680793,0.7652992784564678,0.2132233875624471,0.21200817045009426,0.7767591461756517,-0.46111301919380526,0.06366576581798503,-0.011459867719183836,0.465628472900185
640,-0.22740037273199826,0.29535569379328624,0.764104717346922,0.23309840970098727,0.23150982510153895,0.7750464619269026,-0.46049878243298553,0.0638458686917473,-0.01094174457998065,0.4650324132205405
641,-0.20707089866730974,0.31483732411022264,0.7621390390468933,0.2529501221928054,0.25091887890969955,0.7731732930475957,-0.4600210208601151,0.06391844520052309,-0.01103425400070246,0.46457148215466987
642,-0.1867031692847442,0.3342789556094357,0.7601733607468646,0.2727765398831953,0.2702275685118367,0.7711377196192538,-0.45947970916793945,0.064051387097599,-0.010964358872389224,0.46405215277128414
643,-0.16629726328296618,0.3536805131706012,0.7582076824468359,0.2925756801469099,0.28942817068955534,0.7689376467622203,-0.45887294342987606,0.06425234248104583,-0.010729964315384422,0.4634737035264344
644,-0.1458532595081505,0.37304192182823603,0.7562420041468072,0.3123455630864238,0.30851300545799065,0.7665708004319635,-0.45819882259457434,0.06452891637024538,-0.010328796285156261,0.46283563616868634
645,-0.12537123695367758,0.3923631067719883,0.7542763258467785,0.3320842117299144,0.32747443913769303,0.7640347228610073,-0.457455448683592,0.0648886676342953,-0.009758397014228759,0.46213769920874
646,-0.10514859760499166,0.4113646240186797,0.7514815260311472,0.351789652228968,0.34630488740800797,0.7613267676398998,-0.4569382498339597,0.06505973661067171,-0.009845241608752664,0.46165166767976357
647,-0.08487293186705774,0.43030954890073986,0.7486867262155158,0.37145991405595574,0.3649968183406966,0.7584440944306824,-0.4563328459230135,0.06531273056004328,-0.009757368215166595,0.46108635338284726
648,-0.06454439811109211,0.44919773344123753,0.7458919263998844,0.3910930302010885,0.38354275541260996,0.7553836633065133,-0.45563742831218057,0.06565497802862758,-0.009491736906628856,0.46044123977808693
649,-0.04416315512125786,0.4680290301064346,0.7430971265842531,0.4106870373691092,0.40193528049619187,0.7521422287114786,-0.45485019249036707,0.06609374961024272,-0.009045102127225535,0.45971610284887493
650,-0.02372936209342474,0.4868032918069385,0.7403023267686217,0.43023997617563103,0.4201670368266409,0.7487163330352061,-0.4539693382690558,0.06663625498029757,-0.008414006266584395,0.4589110437412655
651,-0.0036465132904070774,0.505151867580605,0.7366016258746113,0.4497498913430674,0.43823073194451173,0.7451022997977352,-0.4533964046334745,0.06692113563609331,-0.008500673923123925,0.4583873903005329
652,0.016504100429361287,0.5234259972639452,0.7329009249806009,0.4692148318961616,0.45611914061260495,0.7412962264412188,-0.4527107314668003,0.06730685665134029,-0.008395301460617954,0.45776380418738233
653,0.03672220309977008,0.5416254305896194,0.7292002240865905,0.48863285135707546,0.4738251077059589,0.7372939767265044,-0.45191064825730537,0.0678003228836605,-0.008093752639913965,0.45704007113519346
654,0.05700751783043631,0.5597499183132675,0.72549952319258,0.5080020079400462,0.4913415510738144,0.733091172734505,-0.4509944901096099,0.0684083672394531,-0.0075916495419249275,0.45621636090824524
655,0.07735976681049625,0.577799212216922,0.7217988222985696,0.5273203647455568,0.5086614643723737,0.7286831864746114,-0.4499605979350605,0.06913774784454829,-0.006884364176041768,0.45529327069615455
656,0.0972830246687307,0.5953367694305901,0.7170883961260552,0.5465859899540265,0.5257779198672481,0.7240651311052729,-0.4493029652852958,0.06955884956334202,-0.006976734979217691,0.45470898715299835
657,0.11728867056061885,0.6127802853937429,0.7123779699535409,0.5657969570189859,0.5426840712044526,0.7192318517753863,-0.44850828645836704,0.07009621418929024,-0.006853881821845431,0.4540045572034705
658,0.1373762605994152,0.6301293730683624,0.7076675437810265,0.5849513448597394,0.5593731561488667,0.7141779160993728,-0.4475750842603242,0.07075621691949563,-0.00651037231834628,0.4531801884803864
659,0.15754534908019152,0.6473836475116127,0.7029571176085121,0.6040472380534647,0.5758384992890305,0.708897604283927,-0.4465018889732732,0.07154514822258218,-0.005940486675414913,0.4522365912581966
660,0.1777954884897261,0.6645427258843808,0.6982466914359977,0.6230827270267574,0.5920735147072245,0.7033848989304824,-0.4452872385370313,0.07246921117715632,-0.005138207494484681,0.45117503537854425
661,0.19755778486944436,0.6811291343662791,0.6923903580344253,0.6420559082465795,0.6080717086137423,0.6976334745446516,-0.4444981233771352,0.07305742575253682,-0.005243116510226353,0.4504924632156704
662,0.21741687734270845,0.6975995244851123,0.6865340246328528,0.6609648844106218,0.6238266819443293,0.6916366867923863,-0.4435480070679134,0.07377284254078298,-0.005102662159533478,0.4496702169719263
663,0.23737208481130162,0.7139533313634393,0.6806776912312804,0.6798077646370254,0.6393321329197169,0.6853875615526078,-0.4424356798257238,0.07462119844372239,-0.004709870321327414,0.44870907826616513
664,0.25742272288059503,0.7301899941222212,0.674821357829708,0.6985826646534714,0.6545818595662526,0.6788787838277314,-0.4411599417728764,0.0756081345559686,-0.0040574259980233895,0.4476104857371089
665,0.2775681038830202,0.7463089559000572,0.6689650244281355,0.7172877069856007,0.6695697621966022,0.672102686587147,-0.4397196031025805,0.07673919370345494,-0.003137662159011456,0.4463766101923032
666,0.29719506207741275,0.7618254590630876,0.6617880803564968,0.7359210211447693,0.6842898458495512,0.6650512396345386,-0.43872595906735656,0.07753561321353641,-0.0032631592780417717,0.44553662776975456
667,0.3169328749155132,0.7772007022397298,0.6546111362848581,0.7544807438150888,0.6987362226879031,0.6577160386082651,-0.4375478688995756,0.07846447955182667,-0.0031049023234069884,0.4445384713929011
668,0.33678052573603556,0.7924338934772671,0.6474341922132194,0.7729650190397587,0.7129031143535387,0.6500882942451496,-0.4361844933037231,0.07953077912372841,-0.0026541020319301722,0.44338369532973226
669,0.35673699222012567,0.8075242481398374,0.6402572481415807,0.7913719984066616,0.7267848542786822,0.6421588220623271,-0.43463500618653594,0.08073939386115514,-0.0019015739207464133,0.44207471575200147
670,0.3768012464440188,0.8224709889488483,0.633080304069942,0.8096998412331966,0.7403758899524486,0.6339180326396285,-0.4328985947891778,0.08209509899639966,-0.0008377285696865577,0.4406149117299934
671,0.40500486563365723,0.8431680226285401,0.6259687278507897,0.827946714750356,0.7536707851417809,0.6253559227167048,-0.42294184911669874,0.0894972374867592,0.0006128051340849039,0.43230768994102575
672,0.43335495892596376,0.8636639624423167,0.6188571516316375,0.8461107942859937,0.7666642220658663,0.61646206735519,-0.4127558353600299,0.09699974037645043,0.0023950842764474123,0.42400715287073426
673,0.46185009253472525,0.8839577718223042,0.6117455754124852,0.8641902634472943,0.7793510035231799,0.607225613456968,-0.4023401709125691,0.1046067682991243,0.004519961955517182,0.41574104820190816
674,0.49048882533841565,0.9040484244232345,0.6046339991933329,0.8821833143024047,0.791726054970291,0.5976352749755627,-0.39169448896398906,0.1123223694529435,0.006998724217770258,0.4075412488386427
675,0.5192697089530796,0.9239349041743521,0.5975224229741807,0.9000881475612352,0.803784426551621,0.5876793302090884,-0.3808184386081557,0.12015047762273112,0.00984309276509232,0.3994442475892052
676,0.5433085513397183,0.9402934750143698,0.5870902834579209,0.9179029727553806,0.8155212950793129,0.5773456216204795,-0.37459442141566224,0.12477217993505685,0.009744661837441382,0.3949481432742874
677,0.5675167374681265,0.95640038370567,0.5766581439416611,0.9356260084171686,0.8269319659624466,0.5666215586940145,-0.3681092709490421,0.12946841774322349,0.010036585247646612,0.3903424645039307
678,0.5918916327965602,0.9722538773567689,0.5662260044254014,0.953255482257799,0.8380118750848067,0.5554941244066477,-0.3613638494612388,0.13424200227196226,0.010731880018753692,0.38564221776170626
679,0.6164305846405558,0.9878522306549733,0.5557938649091416,0.9707896313445805,0.8487565906304755,0.5439498859681842,-0.35435904670402474,0.1390956400244978,0.011843978940957456,0.38086508226925153
680,0.641130922461617,1.003193746054144,0.5453617253928819,0.9882267022772163,0.8591618148564958,0.5319750105656659,-0.34709577981559936,0.14403193119764823,0.013386714827215984,0.37603175624432084
681,0.6736186320220461,1.022905386767511,0.5360628017704445,1.0055649513631455,0.8692233858119127,0.5195552869336455,-0.3319463193410994,0.15368200095559836,0.01650751483679902,0.3661680138787478
682,0.7062882313866525,1.0423140788783096,0.5267638781480072,1.0228026447919047,0.8789372790024944,0.5066761536623483,-0.3165144134052522,0.16337679987581522,0.020087724485658875,0.35675883914199635
683,0.7391368956361711,1.0614181441294037,0.5174649545255698,1.0399380588085174,0.8882996090004824,0.4933227352482483,-0.3008011631723463,0.17311853512892128,0.02414221927732152,0.3478997179111451
684,0.7721617843677111,1.0802159306045467,0.5081660309031325,1.0569694798858615,0.8973066309987076,0.4794798869840495,-0.28480769551815044,0.18290929960583913,0.02868614391908303,0.3396971153271756
685,0.805360041940364,1.0987058128712204,0.49886710728069517,1.0738952048960235,0.9059547423084627,0.4651322498740918,-0.2685351629556595,0.19275107056275764,0.03373485740660337,0.33226818919504714
686,0.8166753650465931,1.1048707674998122,0.4786953891904003,1.090713541280604,0.9142404838005289,0.4502643168426439,-0.27403817623401083,0.19063028369928325,0.02843107234775638,0.3350300777120994
687,0.8281127354320076,1.1108062338873674,0.4585236711001054,1.1074228072199814,0.9221605412887859,0.4348605115707623,-0.27931007178797385,0.18864569259858155,0.023663159529343114,0.3378775793939467
688,0.8396674994088638,1.116509796985125,0.4383519530098105,1.124021331801486,0.9297117468558371,0.4189052813456625,-0.28435383239262224,0.18679805012928785,0.019446671664147985,0.34077674006200687
689,0.8513349555237952,1.1219791361021576,0.4181802349195156,1.1405074551864933,0.936891080120138,0.4023832053261955,-0.2891724996626981,0.1850880559820196,0.015797029593320133,0.34369735112791977
690,0.8631103564707611,1.1272120258496252,0.3980085168292207,1.1568795287764002,0.9436956694441047,0.3852791196091139,-0.29376917230563915,0.18351635640552055,0.012729397220106853,0.3466130655631516
691,0.8783502803976493,1.1336196171412505,0.3794362603191017,1.1731359153774927,0.9501227930827353,0.36757826041131964,-0.29478563497984345,0.1834968240585152,0.01185799990778208,0.3474338313864154
692,0.8937065726443362,1.1397430798783132,0.3608640038089827,1.1892749893646573,0.9561698802722672,0.3492664265498517,-0.2955684167203211,0.183573199606046,0.01159757725913102,0.34812973497597144
693,0.9091739365369683,1.145580301963411,0.3422917472988637,1.2052951368439446,0.9618345122584524,0.3303301621888942,-0.2961212003069763,0.18374578970495858,0.011961585109969475,0.34870239463457414
694,0.9247470370909938,1.1511292700289222,0.3237194907887447,1.2211947558139582,0.9671144232640236,0.31075696051584134,-0.2964477187229644,0.18401484676489854,0.012962530272903339,0.3491571866037341
695,0.9404205028512987,1.156388070131455,0.30514723427862567,1.236972256326048,0.9720075013949759,0.29053548859030254,-0.29655175347474916,0.18438056873647912,0.01461174568832313,0.34950341876524776
696,0.9532244009047176,1.1604211067437362,0.2838193039497484,1.2526260606433117,0.9765117894852975,0.2696558330657038,-0.2994016597385941,0.18390931725843873,0.014163470884044627,0.3516597712792482
697,0.9661113967488676,1.164180166172796,0.26249137362087116,1.2681546033983628,0.9806254858798085,0.24810976580033245,-0.30204320664949524,0.1835546802929875,0.014381607820538711,0.3537361304476464
698,0.9790756285613984,1.1676635385601968,0.2411634432919939,1.2835563317498675,0.9843469451548001,0.22589102754483356,-0.3044807031884691,0.18331659340539663,0.015272415747160345,0.3557340561636716
699,0.9921111993881468,1.170869639447438,0.21983551296311665,1.2988297055378224,0.9876746787761803,0.2029956269152212,-0.30671850614967555,0.18319496067125773,0.016839886047895464,0.35765935943595595
700,1.0052121798254452,1.1737970104966675,0.1985075826342394,1.3139731974375781,0.9906073556948702,0.17942215074251594,-0.3087610176121329,0.18318965480179727,0.01908543189172346,0.3595220011818124
701,1.0298443352835882,1.1787519351159528,0.17380768714820877,1.328985293112564,0.9931438028792042,0.15517208065333724,-0.2991409578289759,0.18560813223674855,0.01863560649487153,0.35253790892992365
702,1.0545913509477545,1.1830969985463802,0.14910779166217814,1.3438644913657243,0.9952830057841277,0.13025010941636972,-0.2892731404179698,0.18781399276225252,0.018857682245808416,0.34541085365729
703,1.0794381298064872,1.1868295500654027,0.1244078961761475,1.3586093042896297,0.9970241087570001,0.10466444924219856,-0.27917117448314244,0.1898054413084026,0.019743446933948944,0.3381603967193797
704,1.1043695139874117,1.1899473126157054,0.09970800069011687,1.373218257415277,0.9983664153798475,0.07842712292189793,-0.26884874342786524,0.19158089723585792,0.021280877768218937,0.33081076582696695
705,1.1293702940043533,1.1924483841943325,0.07500810520408624,1.3876898898595273,0.9993093887479177,0.051554227525755024,-0.25831959585517406,0.19313899544641477,0.023453877678331216,0.3233910474069757
706,1.1611690909666008,1.1948380349477363,0.04705148030841097,1.4020227544711974,0.9998526516844362,0.024066159466105345,-0.24085366350459658,0.19498538326330017,0.022985320842305625,0.31073801164991904
707,1.193022260067308,1.196337880676882,0.019094855412735704,1.4162154179757676,0.9999959868914717,-0.004012210822560227,-0.22319315790845962,0.19634189378541034,0.02310706623529593,0.2981597918942028
708,1.2249049073549383,1.1969467492193775,-0.008861769482939562,1.4302664611187157,0.999739337036853,-0.03265142639572878,-0.2053615537637774,0.19720741218252447,0.02378965691278922,0.28570978100168215
709,1.2567921158401045,1.1966641647310785,-0.036818394378614824,1.4441744788074369,0.9990828047770997,-0.06181740477477093,-0.18738236296733235,0.19758135995397885,0.024999010396156103,0.2734510820480913
710,1.2886589649687432,1.1954903480579717,-0.0647750192742901,1.457938080251753,0.9980266527163616,-0.0914714824314205,-0.16927911528300976,0.19746369534161012,0.02669646315713041,0.26145751278948315
711,1.324518623453056,1.1931642838422887,-0.09525558558906458,1.4715558891029872,0.9965713033013819,-0.12157055086072027,-0.14703726564993125,0.1965929805409068,0.026314965271655694,0.24690329055120802
712,1.360290736474926,1.1897464466171432,-0.12573615190383905,1.4850265435916035,0.9947173386525217,-0.1520672896241892,-0.12473580711667753,0.19502910796462158,0.026331137720350145,0.2329993633986433
713,1.3959420719919409,1.1852400115293757,-0.15621671821861352,1.4983486966633788,0.9924655003309216,-0.18291049838327378,-0.1024066246714379,0.19277451119845412,0.026693780164660258,0.21991290740627045
714,1.4314395101631443,1.1796491650256147,-0.186697284533388,1.5115210161141086,0.9898166890418857,-0.21404552605890018,-0.0800815059509643,0.189832475983729,0.027348241525512185,0.2078397046957706
715,1.4667500741171362,1.172979100963098,-0.21717785084816246,1.5245421847228224,0.9867719642746133,-0.24541479105467268,-0.05779211060568623,0.18620713668848476,0.028236940206510214,0.197003427874263
716,1.501849557600711,1.1652341187847568,-0.2489186745229956,1.5374109003835117,0.9833325438784152,-0.2769583822343691,-0.035561342782800764,0.18190157490634162,0.028039707711373485,0.18745404040047395
717,1.536685570719556,1.156379138279967,-0.2806594981978287,1.550125876235334,0.9794998035755915,-0.30861472634854564,-0.013440305515778128,0.17687933470437556,0.027955228150716938,0.17957849436605322
718,1.5712230198375843,1.1464230799145216,-0.3124003218726618,1.5626858407913,0.9752752764111607,-0.3403213041667633,0.00853717904628426,0.1711478035033609,0.027920982294101504,0.17362037703668565
719,1.6054271120906818,1.1353759733748818,-0.3441411455474949,1.5750895380654217,0.9706606521396621,-0.37201539497002895,0.03033757402526005,0.1647153212352197,0.027874249422534025,0.16978951448257748
720,1.639263390436875,1.123248947464318,-0.375881969222328,1.5873357276983062,0.9656577765492774,-0.4036348275127553,0.05192766273856875,0.1575911709150405,0.027752858290427285,0.16823103296108177
721,1.6686356574621952,1.1116573128972085,-0.40732495673654334,1.5994231850811964,0.9602686507235386,-0.43511871520880985,0.06921247238099881,0.15138866217366986,0.027793758472266505,0.1687642923661245
722,1.6976289905027033,1.0991480083063727,-0.43876794425075866,1.6113507014784265,0.9544954302409214,-0.46640815416292103,0.08627828902427681,0.1446525780654513,0.027640209912162372,0.1706818464334345
723,1.726214727328868,1.0857334001402958,-0.47021093176497397,1.6231170841482976,0.9483404243126435,-0.49744686468148896,0.10309764318057035,0.1373929758276523,0.027235932916514993,0.1739188025430228
724,1.7543646086526286,1.0714267498124825,-0.5016539192791893,1.6347211564623458,0.9418060948590116,-0.528181759882355,0.11964345219028272,0.12962065495347097,0.02652784060316571,0.17838104206905567
725,1.7820508060639622,1.0562422005914884,-0.5330969067934046,1.646161758023011,0.934895055524683,-0.5585634287330091,0.13588904804095114,0.12134714506680544,0.025466521939604525,0.18395517587999693
726,1.804006133331709,1.0432866987818756,-0.5628080640066312,1.6574377447796707,0.927610070633246,-0.5885465249860494,0.14656838855203835,0.11567662814862967,0.025738460979418232,0.18848300505925372
727,1.8255669044267295,1.0296846925930494,-0.5925192212198578,1.668547989143047,0.9199540540815242,-0.6180900577424485,0.1570189152836825,0.1097306385115252,0.025570836522590734,0.1932604989786489
728,1.8467140879166786,1.0154481883516573,-0.6222303784330844,1.6794913800979598,0.9119300681740611,-0.6471575834684962,0.16722270781871873,0.1035181201775962,0.024927205035411792,0.19824429567128857
729,1.8674290174379964,1.000589752448118,-0.651941535646311,1.6902668233144347,0.9035413223982338,-0.6757173029780909,0.1771621941235617,0.09704843004988417,0.023775767331779885,0.20339647960089366
730,1.8876934081724828,0.9851225002444197,-0.6816526928595376,1.7008732412571288,0.8947911721405041,-0.7037420699869326,0.18682016691535397,0.09033132810391564,0.022089377127395005,0.20868508376300943
731,1.9039370539366076,0.9719424307729356,-0.7086741425174232,1.7113095732930879,0.8856831173443074,-0.7312093202389199,0.19262748064351976,0.08625931342862825,0.022535177721496713,0.21225892133709562
732,1.9198186685966354,0.958328299336303,-0.7356955921753089,1.7215747757978035,0.8762208011101247,-0.7581009318558724,0.19824389279883192,0.08210749822617835,0.022405339680563463,0.21574123746562238
733,1.935326656758357,0.9442900458067708,-0.7627170418331946,1.7316678222595798,0.8664080082382859,-0.7844030284895931,0.20365883449877709,0.07788203756848489,0.021685986656398537,0.21911826638251924
734,1.9504496958176176,0.929837919714199,-0.7897384914910802,1.7415877033821823,0.8562486637151049,-0.8101057371275008,0.20886199243543535,0.07358925599909416,0.02036724563642056,0.22238150817326147
735,1.9651767442271135,0.9149824727627308,-0.8167599411489659,1.7513334271857652,0.8457468311429333,-0.8352029121201988,0.2138433170413483,0.06923564161979756,0.01844297097123293,0.22552756259933593
736,1.9779960496931013,0.9013327801999224,-0.8407105183152366,1.7609040191060688,0.8349067111147797,-0.8596918362790572,0.21709203058703253,0.0664260690851427,0.018981317963820632,0.22781936447578127
737,1.9904847918038946,0.8873800019755117,-0.8646610954815073,1.7702985220918765,0.823732639534121,-0.8835729088565338,0.22018626971201805,0.06364736244139069,0.018911813375026565,0.22997964431786377
738,2.0026358069829726,0.8731321414411258,-0.888611672647778,1.7795159967007192,0.8122290858806044,-0.9068493289873355,0.22311981028225336,0.060903055560521446,0.01823765633955754,0.23200052591698256
739,2.0144421253749027,0.8585973712084093,-0.9125622498140487,1.7885555211928177,0.8004006514223111,-0.9295267818372679,0.22588660418208506,0.058196719786098194,0.016964532023219236,0.2338790531226395
740,2.0258969748432696,0.8437840284611915,-0.9365128269803193,1.7974161916232538,0.7882520673753163,-0.9516131333632378,0.22848078322001575,0.055531961085875214,0.015100306382918482,0.23561682082511212
741,2.0365989255407886,0.8292373255173603,-0.9574649203239659,1.8060971219323696,0.7757881930112588,-0.9731181382979247,0.230501803608419,0.053449132506101504,0.0156532179739588,0.23713480230731468
742,2.0469937657195305,0.8144696035221911,-0.9784170136676125,1.814597444034368,0.7630140137137015,-0.9940531647825135,0.23239632168516255,0.05145558980848963,0.01563615111490102,0.2385376642734248
743,2.057076932313298,0.7994873451239879,-0.999369107011259,1.8229163079041226,0.7499346389840432,-1.0144309380104182,0.2341606244091754,0.04955270613994467,0.015061830999159143,0.2398197812160912
744,2.066843999072542,0.7842971271469913,-1.0203212003549056,1.8310528816621792,0.7365553003977854,-1.0342653043291206,0.23579111741036285,0.04774182674920591,0.013944103974214972,0.24097960724223622
745,2.076290678507372,0.7689056177043225,-1.0412732936985523,1.8390063516579414,0.722881349511976,-1.0535710164801917,0.23728432684943046,0.04602426819234651,0.01229772278163943,0.24201925340072106
746,2.0854263453808057,0.7532964703245412,-1.0595538332046568,1.8467759225510378,0.7089182557246515,-1.0723635400346438,0.2386504228297679,0.044378214599889665,0.012809706829987055,0.24307928508404636
747,2.094275158083739,0.7375229353721439,-1.0778343727107613,1.854360817390854,0.6946716040871542,-1.090658880591542,0.2399143406928852,0.042851331284989636,0.012824507880780711,0.2440483465737515
748,2.1028341596188858,0.7215902838706689,-1.0961149122168659,1.8617602776942273,0.6801470930701856,-1.1084734309385513,0.2410738819246585,0.04144319080048331,0.012358518721685474,0.24492220723107921
749,2.1111004898348154,0.705503840015444,-1.1143954517229704,1.868973563521292,0.665350532284497,-1.125823837107909,0.24212692631352328,0.04015330773094694,0.011428385384938622,0.24569970402968974
750,2.119071386381726,0.6892689793944058,-1.132675991229075,1.8759999535494778,0.6502878401571169,-1.1427268820842833,0.2430714328322483,0.03898113923728885,0.010050890855208383,0.24638236763685506
751,2.126883021986146,0.6725947762548733,-1.148705749838045,1.8828387451456365,0.6349650415640629,-1.1591993858163752,0.24404427684050956,0.037629734690810435,0.010493635978330085,0.24715121360728487
752,2.1344263819949094,0.6557975020434772,-1.1647355084470152,1.8894892544363082,0.6193882654204694,-1.1752581201377648,0.2449371275586012,0.03640923662300777,0.010522611690749528,0.24785187980913712
753,2.1416995281593203,0.6388814727805042,-1.1807652670559854,1.895950816376105,0.6035637422291092,-1.1909197372013636,0.24574871178321533,0.03531773055139498,0.01015447014537818,0.24848115562018813
754,2.148700591661498,0.6218510350000737,-1.1967950256649555,1.902222784814218,0.5874978015882669,-1.2062007100649477,0.24647780684727993,0.03435323341180674,0.00940568439999212,0.24903799070246965
755,2.1554277735945644,0.6047105646333054,-1.2128247842739257,1.9083045325590295,0.5711968696599886,-1.2211172841230187,0.24712324103553485,0.0335136949733168,0.008292499849092971,0.2495232044608653
756,2.162036717901349,0.5870437837089293,-1.2270269946664945,1.9141954514408346,0.5546674665997017,-1.2356854381550875,0.24784126646051452,0.032376317109227615,0.008658443488593015,0.25009695702657836
757,2.168394096793169,0.5692849260118272,-1.2412292050590632,1.9198949523726523,0.5379162039482439,-1.2499208538459183,0.2484991444205169,0.03136872206358332,0.008691648786855133,0.25062195885489624
758,2.174498627990582,0.5514375734927589,-1.255431415451632,1.9254024654091402,0.5209497819873273,-1.2638388927244983,0.24909616258144185,0.030487791505431572,0.008407477272866393,0.2510957771802874
759,2.1803490802133707,0.5335053259518356,-1.2696336258442007,1.9307174398035836,0.5037749870595203,-1.2774545795615464,0.24963164040978714,0.029730338892315356,0.007820953717345702,0.25151742735123156
760,2.185944273428892,0.5154918003124428,-1.2838358362367694,1.935839344062973,0.4863986888537981,-1.2907825913575508,0.250104929365919,0.029093111458644683,0.006946755120781356,0.25188716170973174
761,2.1914166057334694,0.4969481591680304,-1.2965973370487585,1.94076766600115,0.4688278376577654,-1.3038372511423686,0.2506489397323195,0.028120321510265,0.007239914093610134,0.2523253055618074
762,2.196651854174875,0.47833619469618527,-1.3093588378607475,1.9455019127900275,0.45106946157762406,-1.3166325258920903,0.2511499413848475,0.027266733118561204,0.007273688031342873,0.2527304380761219
763,2.201649166173567,0.45965893792405216,-1.3221203386727365,1.9500416110088725,0.433130663727031,-1.3291820279480693,0.2516075551646946,0.02652827419702114,0.007061689275332794,0.2531007281760535
764,2.2064077278988328,0.4409194305118681,-1.3348818394847255,1.954386306691646,0.415018619385944,-1.3414990193963932,0.25202142120718674,0.025900811125924128,0.006617179911667659,0.2534352695152243
765,2.2109267644013224,0.4221207242576167,-1.3476433402967145,1.9585355653724,0.39674057313061206,-1.3535964189332585,0.2523911990289225,0.025380151127004646,0.00595307863654404,0.2537339326218305
766,2.2153013670407593,0.4028436081867083,-1.359304687497827,1.9624889721287242,0.37830383593583167,-1.3654868108028255,0.2528123949120351,0.024539772250876613,0.006182123304998566,0.25407582744496154
767,2.219450880190324,0.38351679021566515,-1.3709660346989394,1.9662461316232376,0.3597157822506608,-1.3771824554492114,0.2532047485670863,0.02380100796500434,0.006216420750271956,0.2543968878819393
768,2.2233747395764887,0.36414289851105786,-1.3826273819000519,1.9698066681431217,0.3409838470487362,-1.3886953015737538,0.253568071433367,0.023159051462321667,0.006067919673701905,0.2546957560781845
769,2.2270724116113616,0.34472456764080117,-1.3942887291011643,1.9731702256376917,0.3221155228543811,-1.4000369993327406,0.25390218597366987,0.022609044786420063,0.0057482702315763134,0.25497162892960784
770,2.230543393465245,0.325264438215891,-1.4059500763022768,1.9763364677540007,0.30311835674570226,-1.4112189144499225,0.2542069257112445,0.02214608147018876,0.005268838147645782,0.2552241576721775
771,2.233845350388784,0.3054156812820716,-1.4168090323245566,1.979305077870476,0.2839999473358494,-1.422252143052719,0.2545402725183079,0.021415733946222204,0.0054431107281625035,0.2554975762087556
772,2.2369315800931697,0.2855322394885964,-1.4276679883468364,1.9820757591285796,0.26476794173367757,-1.4331475270714018,0.25485582096459014,0.020764297754918837,0.005479538724565414,0.2557590093924829
773,2.23980171866326,0.26561645740675915,-1.4385269443691162,1.984648234462495,0.24543003248500284,-1.4439156700672382,0.255153484200765,0.02018642492175632,0.005388725698121988,0.25600748156169445
774,2.242455427664463,0.24567068342128334,-1.449385900391396,1.9870222466268317,0.22599395449569257,-1.4545669533788361,0.25543318103763135,0.019676728925590775,0.0051810529874400935,0.256242320755712
775,2.2448923941826457,0.22569726945341084,-1.4602448564136759,1.9891975582223522,0.20646748193779657,-1.4651115524962097,0.2556948359602935,0.01922978751561427,0.004866696082533872,0.2564630940221552
776,2.2471398090026127,0.20545102890385497,-1.4705651542362879,1.9911739517197096,0.18685842513998854,-1.4755594535896255,0.2559658572829031,0.018592603763866428,0.004994299353337617,0.2566888155633635
777,2.24917816061603,0.1851826729650136,-1.4808854520588999,1.9929512294812013,0.1671746274635352,-1.4859204701354887,0.25622693113482864,0.018008045501478387,0.005035018076588793,0.25690831311693113
778,2.2510072319229555,0.1648943603708704,-1.4912057498815119,1.9945292137805317,0.14742396216506348,-1.4962042595945497,0.25647801814242377,0.017470398205806925,0.004998509713037835,0.2571209320593838
779,2.252626828113391,0.1445882519809446,-1.501526047704124,1.9959077468205864,0.12761432924735241,-1.5064203401089062,0.25671908129280463,0.01697392273359219,0.004894292404782341,0.25732616433416
780,2.25403677668803,0.12426651055014294,-1.511846345526736,1.99708669074921,0.10775365229944407,-1.516578107193738,0.25695008593882007,0.01651285825069887,0.004731761667002177,0.2575236119660642
781,2.2552443982990504,0.10380471578539607,-1.5218680503364947,1.998065927672992,0.0878498753273104,-1.5266868504077726,0.2571784706260585,0.01595484045808568,0.0048188000712778845,0.25771795343306675
782,2.256246900632627,0.08333184632307598,-1.5318897551462536,1.9988453596690559,0.06791095957636362,-1.536755769993164,0.25740154096357126,0.015420886746712367,0.004866014846910405,0.25790896676728076
783,2.257044183003715,0.0628499583297591,-1.5419114599560124,1.999424908794852,0.04794488034705368,-1.5467939934810255,0.257619274208863,0.014905077982705427,0.004882533525013111,0.2580962822808472
784,2.257636165338274,0.042361108877786574,-1.5519331647657713,1.9998045170959504,0.02795962380486148,-1.5568105922633153,0.2578316482423235,0.014401485072925095,0.004877427497544051,0.2582795983167326
785,2.2580227881813126,0.021867355738664735,-1.56195486957553,1.9999841466118375,0.007963183785935567,-1.5668145981353296,0.2580386415694751,0.013904171952729168,0.004859728559799548,0.2584586688474311
786,2.258203966583963,0.0013759732501348008,-1.5719049258818305,1.9999637793797111,-0.012036441400328576,-1.5768150198156834,0.2582401872042519,0.013412414650463377,0.004910093933852888,0.25863487038000554
787,2.2581812489727717,-0.019116197591797977,-1.581854982188131,1.999743417436278,-0.03203125217051633,-1.5868208594525117,0.2584378315364937,0.012915054578718357,0.0049658772643808025,0.2588079816023093
788,2.2579546375968462,-0.039607128004766526,-1.5918050384944313,1.9993230828175483,-0.05201325086691355,-1.5968411291256488,0.2586315547792979,0.012406122862147026,0.00503609063121746,0.2589779048893428
789,2.257524154891348,-0.060094789329209704,-1.6017550948007317,1.998702817556634,-0.07197444495646654,-1.606884867354864,0.2588213373347139,0.01187965562725684,0.0051297725541321615,0.25914460334726075
790,2.256889843475271,-0.08057715322921533,-1.6117051511070322,1.997882683679544,-0.09190685022768164,-1.6169611556237677,0.2590071597957271,0.01132969699846631,0.0052560045167355796,0.2593081110243301
791,2.256057526635834,-0.10091145759228627,-1.6218077646506734,1.9968627631989828,-0.111802493984214,-1.6270791349278113,0.259194763436851,0.010891036391927733,0.005271370277137866,0.259477026750682
792,2.255019826146106,-0.12123631584381746,-1.6319103781943147,1.9956431581061487,-0.13165341823383273,-1.6372480223527806,0.2593766680399574,0.010417102390015268,0.005337644158465826,0.2596406408690225
793,2.253776847915805,-0.14154965358950106,-1.642012991737956,1.994223990360534,-0.15145168287151517,-1.6474771276873965,0.2595528575552708,0.009902029282014113,0.005464135949440507,0.25979913939557714
794,2.2523287188056904,-0.16184939761083433,-1.6521156052815973,1.9926054018777313,-0.1711893688553761,-1.6577758700698915,0.25972331692795914,0.009339971244541778,0.005660264788294178,0.2599528322915209
795,2.2506755866146175,-0.1821334760767163,-1.6622182188252386,1.9907875545152398,-0.1908585813741894,-1.668153794663767,0.2598880320993777,0.008725105297473112,0.00593557583852844,0.2601021871331998
796,2.2488426738508123,-0.20212653685986057,-1.6727051538400746,1.9887706300562809,-0.21045145300520013,-1.6786205893521406,0.2600720437945314,0.008324916145339561,0.005915435512066081,0.2602724813913085
797,2.246800199787941,-0.2220992769918685,-1.6831920888549106,1.9865548301916196,-0.22996014686099078,-1.689186101433152,0.2602453695963216,0.007860869869122294,0.005994012578241392,0.26043305062570965
798,2.2445483890466766,-0.24204949997467615,-1.6936790238697466,1.984140376499396,-0.24937685972413318,-1.699860354290574,0.26040801254728074,0.00732735974945703,0.006181330420827358,0.26058440483938045
799,2.2420874892694505,-0.2619750117865386,-1.7041659588845826,1.981527510422967,-0.2686938251683646,-1.7106535640039524,0.2605599788464834,0.006718813381826005,0.006487605119369855,0.2607273174217166
800,2.2394177710932186,-0.2818736211233169,-1.7146528938994186,1.9787164932467636,-0.2879033166650653,-1.7215761558510787,0.260701277846455,0.0060296955417484255,0.0069232619516601535,0.2608628855455525
801,2.236596907294332,-0.30134703111655514,-1.7257738320431402,1.9757076060701602,-0.30699765067375967,-1.7326387806421168,0.260889301224172,0.005650619557204528,0.006864948598976683,0.2610407717462611
802,2.233559659805083,-0.3207878669274371,-1.7368947701868618,1.9725011497793674,-0.325969189715432,-1.7438523308090974,0.2610585100257157,0.00518132278799488,0.006957560622235626,0.26120260223147124
803,2.230306404253989,-0.34019372423021804,-1.7480157083305834,1.9690974450173422,-0.344810345427416,-1.7552279561563868,0.2612089592366469,0.004616621197197968,0.007212247825803431,0.26134928753580233
804,2.2268375429841467,-0.35956220302508485,-1.759136646474305,1.9654968321517237,-0.3635135815986424,-1.7667770791568955,0.26134071083242305,0.00395137857355754,0.0076404326825905144,0.2614822302616469
805,2.2231535050034714,-0.3788909079349737,-1.7702575846180266,1.961699671240799,-0.3820714171840091,-1.7785114096548387,0.2614538337626724,0.0031805092490354014,0.008253825036812046,0.2616034182804587
806,2.219356209404734,-0.39767552485026797,-1.7822904426146062,1.9577063419974947,-0.4004764292967199,-1.7904429588085071,0.26164986740723917,0.002800904446451924,0.008152516193900894,0.2617918289409274
807,2.2153331615339007,-0.41641309065662435,-1.7943233006111858,1.9535172437514072,-0.41872125617732653,-1.80258405207521,0.26181591778249347,0.0023081655207021767,0.008260751464024274,0.2619563750839264
808,2.2110849438797238,-0.4351008923807783,-1.8063561586077654,1.94913279540887,-0.43679860013833777,-1.814947341005158,0.2619521484708538,0.0016977077575594524,0.008591182397392538,0.26209849048613687
809,2.2066121715328206,-0.45373622425470345,-1.818389016604345,1.944553435411064,-0.45470123048319755,-1.8275458135709115,0.26205873612175656,0.000965006228494103,0.00915679696656646,0.2622204403654307
810,2.2019154920966164,-0.47231638810737403,-1.8304218746009246,1.9397796216901726,-0.4724219863984661,-1.8403928027138892,0.2621358704064438,0.00010559829109207941,0.009970928112964517,0.2623254564699677
811,2.1971502776078404,-0.4902563142391293,-1.8436822813829221,1.9348118316235898,-0.4899537798180512,-1.8535019927388603,0.2623384459842506,-0.00030253442107808226,0.009819711355938177,0.26252233904873973
812,2.1921475983202554,-0.508131476299442,-1.8569426881649196,1.9296505619861817,-0.5072895982583422,-1.8668874231310342,0.26249703633407373,-0.0008418780410998083,0.009944734966114588,0.26268669664898214
813,2.186908333884033,-0.5259387311946866,-1.870203094946917,1.9242963289006125,-0.5244225076230977,-1.8805634893080148,0.26261200498342063,-0.0015162235715888706,0.010360394361097702,0.26282066483944644
814,2.1814334055494875,-0.543674947771749,-1.8834635017289145,1.9187496677857283,-0.541345654977011,-1.894544939750472,0.2626837377637592,-0.002329292794737925,0.011081438021557366,0.26292768960132107
815,2.1757237760050843,-0.5613370073685954,-1.896723908510912,1.9130111333030182,-0.5580522712867794,-1.9088468688807356,0.26271264270206607,-0.0032847360818160087,0.012122960369823632,0.2630127150819118
816,2.1699925296463247,-0.5782943121215423,-1.911571562442051,1.9070812993011486,-0.5745356741286307,-1.9234847049782011,0.26291123034517616,-0.00375863799291154,0.011913142536150056,0.26320783682531695
817,2.1640101480688085,-0.5951646553299688,-1.9264192163731901,1.9009607587585777,-0.5907892703612041,-1.9384741923347701,0.2630493893102308,-0.004375384968764662,0.012054975961580006,0.2633618189023317
818,2.1577779500812397,-0.6119443179473414,-1.9412668703043292,1.89465012372426,-0.6068065587627183,-1.9538313667637117,0.26312782635697984,-0.005137759184623114,0.012564496459382513,0.2634777336779447
819,2.151297309564045,-0.628629600917552,-1.9561145242354683,1.8881500252564394,-0.6225811326313736,-1.9695725234828305,0.2631472843076057,-0.006048468286178443,0.01345799924736224,0.26356060963432826
820,2.1445696551665026,-0.6452168259903704,-1.9709621781666073,1.8814611133595462,-0.6381066823479474,-1.9857141762998443,0.2631085418069563,-0.007110143642423017,0.01475199813323691,0.2636176783968059
821,2.1378608719088525,-0.6610772562452253,-1.9877989826775035,1.8745840569191952,-0.6533769978995605,-2.0022730069375108,0.2632768149896574,-0.00770025834566479,0.014474024260007212,0.26378679396051563
822,2.130886013177696,-0.6768224893761653,-2.0046357871883997,1.8675195436353014,-0.6683859713635882,-2.019265803252276,0.26336646954239473,-0.008436518012577054,0.014630016063876372,0.26390738808421216
823,2.123647056145232,-0.6924480620616504,-2.021472591699296,1.8602682799533052,-0.6831275993507646,-2.036709385028378,0.26337877619192684,-0.009320462710885824,0.015236793329082232,0.2639837317799248
824,2.116146052847945,-0.7079495449004415,-2.038309396210192,1.8528309909935323,-0.6975959854064473,-2.0546205159757753,0.2633150618544129,-0.010353559493994191,0.016311119765583193,0.2640228600360131
825,2.1083851296049136,-0.7233225436672083,-2.0551462007210883,1.8452084204786805,-0.711785342369123,-2.073015800533438,0.26317670912623314,-0.01153720129808522,0.0178695998123497,0.2640348648147816
826,2.100661443873871,-0.7380021072206083,-2.074396335851897,1.8374013306594494,-0.7256899946851959,-2.091911564088844,0.26326011321442166,-0.012312112535412423,0.017515228236947067,0.2641292459099278
827,2.092656623043212,-0.7525302781605191,-2.093646470982706,1.8294105022383151,-0.7393043806791324,-2.1113237152817104,0.26324612080489684,-0.013225897481386695,0.017677244299004524,0.2641702660198933
828,2.0843736333494,-0.7669016729822623,-2.1128966061135146,1.8212367342914608,-0.7526230547780576,-2.1312675891780724,0.263136899057939,-0.01427861820420473,0.018370983064557755,0.2641635849287477
829,2.075815544106112,-0.7811109662755314,-2.1321467412443234,1.812880844188868,-0.765640689689914,-2.1517577702945823,0.26293469991724416,-0.015470276585617504,0.01961102905025891,0.2641184929886903
830,2.0669855265668855,-0.795152892697756,-2.151396876375132,1.8043436675125866,-0.7783520785342984,-2.172807894737887,0.26264185905429893,-0.016800814163457578,0.02141101836275494,0.2640481872525988
831,2.0581613781170973,-0.8086037824336594,-2.1734527259102334,1.7956260579731689,-0.7907521369251587,-2.1944304311165266,0.26253532014392844,-0.017851645508500713,0.020977705206293162,0.2639763998658939
832,2.0490427291325215,-0.8218567923275449,-2.1955085754453347,1.786728887324304,-0.8028359050044701,-2.216636440398034,0.2623138418082176,-0.01902088732307483,0.021127864952699138,0.26384982932759915
833,2.039634015295871,-0.8349054755749595,-2.217564424980436,1.777653045275642,-0.8145985494261158,-2.2394353155356597,0.26198097002022913,-0.020306926148843774,0.02187089055522362,0.2636754363910931
834,2.0299398133892317,-0.8477434847642631,-2.2396202745155374,1.7683994394038254,-0.8260353652891601,-2.262834502486271,0.2615403739854063,-0.021708119475102983,0.023214227970733692,0.2634644379339434
835,2.0199648390677276,-0.8603645749642684,-2.2616761240506387,1.7589689950617298,-0.8371417780197469,-2.2868392051869093,0.26099584400599785,-0.023222796944521562,0.025163081136270637,0.2632324249377348
836,2.0098691770367214,-0.8725748595257117,-2.2867905747231405,1.7493626552859305,-0.8479133452008673,-2.311452078146046,0.2605065217507909,-0.024661514324844425,0.02466150342290563,0.26283079711968266
837,1.9994700763312574,-0.884527773205369,-2.3119050253956424,1.739581380702398,-0.8583457583492696,-2.3366729115189178,0.2598886956288593,-0.02618201485609939,0.024767886123275407,0.26237583768443773
838,1.9887740956899507,-0.8962157772709276,-2.337019476068144,1.7296261494304437,-0.868434844638788,-2.3624983148415106,0.259147946259507,-0.027780932632139654,0.02547883877336643,0.2618751792241315
839,1.9777879810943284,-0.9076315000692254,-2.362133926740646,1.7194979569848965,-0.8781765685694278,-2.3889214069446996,0.2582900241094319,-0.02945493149979761,0.026787480204053526,0.26134057978008557
840,1.9665186615141224,-0.9187677416755714,-2.387248377413148,1.709197816176561,-0.8875670335815046,-2.4159315208889622,0.2573208453375613,-0.03120070809406683,0.028683143475814354,0.26078769976834115
841,1.9548422238089656,-0.9297406043827956,-2.415366414710415,1.6987267570109346,-0.8966024836142181,-2.443513933963093,0.256115466798031,-0.03313812076857747,0.02814751925267789,0.2597798110348955
842,1.942861906927213,-0.9403808544215304,-2.4434844520076817,1.6880858265852081,-0.9052793046080264,-2.471649633771164,0.25477608034200494,-0.035101549813503996,0.028165181763482483,0.2587204038677964
843,1.9305871821711316,-0.9506800799087426,-2.4716024893049484,1.6772760889835565,-0.9135940259502211,-2.5003151320731636,0.25331109318757505,-0.03708605395852149,0.02871264276821517,0.2576165778532776
844,1.91802775359359,-0.9606301385658376,-2.499720526602215,1.666298625170732,-0.921543321863127,-2.52948233822374,0.251729128422858,-0.039086816702710525,0.029761811621524803,0.25647826178348554
845,1.905193550326307,-0.9702231641557164,-2.527838563899482,1.655154532883968,-0.9291240127343685,-2.559118503655017,0.25003901744233903,-0.0410991514213479,0.031279939755535224,0.2553176161611163
846,1.8914431672870315,-0.9799106047047019,-2.5584093204255822,1.6438449265232045,-0.9363330663886721,-2.5891862477784504,0.24759824076382708,-0.04357753831602984,0.03077692735286819,0.25328069395891756
847,1.8774031028437421,-0.9891732246658793,-2.5889800769516826,1.6323709370396566,-0.9431675993006936,-2.619643673878287,0.2450321658040855,-0.04600562536518571,0.030663596926604253,0.25119222921969525
848,1.8630864774137978,-0.9980023681359784,-2.619550833477783,1.6207337118227096,-0.949624877748395,-2.6504445810272683,0.2423527655910882,-0.04837749038758343,0.030893747549485262,0.24905756002077312
849,1.8485066698603494,-1.006389784294804,-2.6501215900038835,1.6089344145851874,-0.9557023189064935,-2.6815387748284367,0.23957225527516202,-0.05068746538831048,0.031417184824553246,0.24688281460526715
850,1.8336773049898132,-1.0143276351156139,-2.680692346529984,1.5969742252469805,-0.9613974918795568,-2.712872476001037,0.23670307974283267,-0.05293014323605705,0.03218012947105331,0.24467429116175052
851,1.8172169250330625,-1.022501375451818,-2.7125830165187543,1.5848543398170567,-0.9667081186743309,-2.7443888216776147,0.23236258521600583,-0.05579325677748703,0.031805805158860334,0.24107440293798835
852,1.8005042927178883,-1.030146116160441,-2.7444736865075248,1.5725759702738584,-0.9716320751109048,-2.7760284500182753,0.22792832244402983,-0.05851404104953628,0.03155476351075048,0.23742560155197215
853,1.7835564035987745,-1.037254083085696,-2.776364356496295,1.5601403444441087,-0.976167391672356,-2.807730154671101,0.2234160591546659,-0.06108669141334,0.03136579817480589,0.23373089793857474
854,1.7663904924695881,-1.0438180479324302,-2.8082550264850656,1.5475487058800246,-0.9803122542925307,-2.8394315920225517,0.21884178658956355,-0.0635057936398995,0.031176565537486045,0.22999280776202272
855,1.749024015837022,-1.0498313356167859,-2.840145696473836,1.5348023137349744,-0.9840650050816433,-2.8710700213760587,0.2142217021020476,-0.06576633053514258,0.030924324902222633,0.22621331029409894
856,1.7293454317449084,-1.0559498477298426,-2.871805886836792,1.5219024426375487,-0.9874241429894152,-2.9025830564067965,0.2074429891073597,-0.0685257047404274,0.030777169570004315,0.22062547474557237
857,1.709483028519202,-1.0614423699598807,-2.9034660771997483,1.5088503825641069,-0.9903883244054711,-2.9339094056196564,0.2006326459550951,-0.07105404555440964,0.030443328419908156,0.2150091445912779
858,1.6894567139274317,-1.0663033972401441,-2.9351262675627043,1.4956474387097796,-0.9929563636967662,-2.9649895801409523,0.19380927521765212,-0.0733470335433779,0.029863312578247925,0.20936484883607173
859,1.6692865600228541,-1.070528057441115,-2.9667864579256604,1.4822949313579503,-0.9951272336818244,-2.9957665489487293,0.18699162866490382,-0.07540082375929047,0.028980091023068866,0.20369339481200224
860,1.6489927830265572,-1.0741121162537715,-2.9984466482886165,1.4687941957482267,-0.9969000660415961,-3.0261863244390357,0.1801985872783305,-0.07721205021217536,0.027739676150419168,0.19799677065044197
861,1.6262524259830375,-1.0773897250843878,-3.028324058141375,1.4551465819429195,-0.9982741516667748,-3.0561984648014353,0.17110584404011808,-0.079115573417613,0.02787440666006047,0.1905609256078731
862,1.6034243059899012,-1.0799865492394398,-3.058201467994133,1.4413534546920337,-0.9992489409414315,-3.085756483749059,0.16207085129786747,-0.08073760829800836,0.027555015754925805,0.18315239863936347
863,1.580528799272235,-1.0819002708112981,-3.0880788778468915,1.4274161932968048,-0.999824043962853,-3.1148181624090387,0.1531126059754302,-0.08207622684844518,0.026739284562147247,0.1757696403283578
864,1.557586342204059,-1.0831291816250666,-3.11795628769965,1.413336191471756,-0.999999230697499,3.139839544846084,0.14425015073230307,-0.08312995092756759,0.02538947463385277,0.1684141328680435
865,1.5346174130669579,-1.083672184763287,3.135351609627178,1.399114857205336,-0.999774431073011,3.111879164795771,0.13550255586162185,-0.08389775369027608,0.023472444831407202,0.16109230703441316
866,1.5100196113059923,-1.083518666807901,3.1083822609272853,1.3847536126191209,-0.9991497350062423,3.084514521703087,0.12526599868687138,-0.08436893180165883,0.02386773922419838,0.15290309367716062
867,1.4854348943337394,-1.082701898402166,3.0814129122273926,1.3702538938256013,-0.9981253923672896,3.057769563448156,0.11518100050813818,-0.08457650603487632,0.02364334877923646,0.14484079602315025
868,1.460881142656263,-1.081222473583119,3.0544435635275,1.3556171507845733,-0.9967018128795511,3.0316637948036833,0.10526399187168956,-0.084520660703568,0.022779768723816485,0.13690568992427363
869,1.4363762142585157,-1.0790814683389232,3.027474214827607,1.3408448471581444,-0.9948795659558413,3.006212463340424,0.09553136710037125,-0.0842019023830819,0.021261751487183123,0.12910563326709906
870,1.411937931616197,-1.0762804398262986,3.0005048661277143,1.325938460164364,-0.9926593804706327,2.9814267933001624,0.08599947145183306,-0.08362105935566588,0.019078072827551917,0.1214593080853494
871,1.3873017664210372,-1.072781329429726,2.9769622956853046,1.3108994804295147,-0.9900421444685181,2.957314255765872,0.07640228599152254,-0.0827391849612078,0.019648039919432758,0.11432028475056813
872,1.3627547986836341,-1.0687032436055304,2.953419725242895,1.295729411839035,-0.987028904809002,2.9338788640941087,0.06702538684459913,-0.08167433879652841,0.01954086114878617,0.10744740738591327
873,1.3383106329968613,-1.0640484425390815,2.929877154800485,1.2804297713871424,-0.9836208667477723,2.9111214845518916,0.05788086160971884,-0.08042757579130921,0.018755670248593592,0.10084921543980493
874,1.3139828169779177,-1.0588195060469208,2.9063345843580755,1.2650020890251326,-0.9798193934546138,2.8890401533006966,0.048980727952785186,-0.07900011259230699,0.017294431057378823,0.09454748460948267
875,1.2897848337598723,-1.053019332146958,2.8827920139156658,1.2494479075083849,-0.9756260054681576,2.867630392188506,0.04033692625148744,-0.0773933266788005,0.015161621727159957,0.08858142811688552
876,1.2664854470096945,-1.0468511057445147,2.8626853114918043,1.2337687822420895,-0.9710423800876875,2.8468855171578986,0.03271666476760493,-0.07580872565682717,0.01579979433390566,0.0840653111587749
877,1.243314784169143,-1.0402156838727987,2.842578609067943,1.217966281125707,-0.9660703507022413,2.826796934384504,0.025348503043435944,-0.07414533317055738,0.01578167468343894,0.07993208550594645
878,1.2202822123462131,-1.0331157490063554,2.8224719066440813,1.2020419843961807,-0.9607119060572806,2.807354420475193,0.01824022795003244,-0.07240384294907476,0.015117486168888306,0.0761811051214798
879,1.197397042823416,-1.0255541714064762,2.80236520422022,1.1859974844699102,-0.9549691894592174,2.7885463841460103,0.011399558353505812,-0.07058498194725882,0.013818820074209537,0.07282272581683011
880,1.1746685272935444,-1.0175340079608506,2.7822585017963584,1.1698343857835234,-0.9488444979181241,2.7703601077480107,0.004834141510021039,-0.0686895100427265,0.011898394048347694,0.06987982180127887
881,1.1530334036320722,-1.0094069282966887,2.765300943406931,1.153554304633417,-0.9423402812289547,2.7527819678085708,-0.0005209010013447202,-0.06706664706773391,0.012518975598360349,0.06822705648636415
882,1.1315391994040411,-1.0009141558213115,2.748343385017504,1.1371588690141392,-0.9354591409916634,2.735797634409647,-0.005619669610098077,-0.0654550148296481,0.012545750607857009,0.06688299867074336
883,1.1101920953086248,-0.9920581326475447,2.7313858266280766,1.1206497184555895,-0.9282038295705979,2.7193922497417313,-0.010457623146964634,-0.06385430307694684,0.01199357688634528,0.0658071408728201
884,1.088998229746075,-0.9828414053416408,2.7144282682386494,1.1040285038590658,-0.9205772489935901,2.703550586566602,-0.015030274112990849,-0.062264156348050714,0.010877681672047501,0.06496967188007452
885,1.0679636970526125,-0.9732666241910091,2.697470709849222,1.0872968873321767,-0.9125824497911844,2.688257187608608,-0.01933319027956415,-0.06068417439982465,0.009213522240614225,0.064352391261339
886,1.0475669369222078,-0.9635613183761763,2.683264926966489,1.0704565420226324,-0.9042226297764663,2.6734964870893,-0.022889605100424593,-0.05933868859971003,0.009768439877189117,0.06434622291961666
887,1.0273101016638972,-0.9535672496304473,2.6690591440837563,1.0535091519509268,-0.8955011327659768,2.6592529157394935,-0.026199050287029513,-0.058066116864470496,0.009806228344262813,0.06445328756549559
888,1.0071972791247321,-0.9432864347656256,2.6548533612010234,1.0364564118419504,-0.8864214472422383,2.6455109906809953,-0.02925913271721825,-0.05686498752338731,0.009342370520028176,0.06462974191757444
889,0.9872325280898709,-0.9327209484591321,2.6406475783182906,1.0193000269555008,-0.8769872049583982,2.632255391580335,-0.03206749886562987,-0.0557337435007339,0.008392186737955498,0.06484599792082382
890,0.9674198774635137,-0.9218729228353334,2.6264417954355577,1.0020417129157693,-0.8672021794855813,2.619471024450662,-0.03462183545225561,-0.05467074334975208,0.006970770984895847,0.06508573819679232
891,0.9476767684990253,-0.9106955436117141,2.614587680340419,0.9846831955397783,-0.8570702847035119,2.607143074424953,-0.037006427040753076,-0.053625258908202245,0.007444605915465807,0.06557870227849048
892,0.9280675415062682,-0.8992849180969237,2.60273356524528,0.9672262106648,-0.8465955732350124,2.5952570487522775,-0.03915866915853172,-0.052689344861911236,0.007476516493002627,0.06607167873692098
893,0.9085949519424293,-0.8876426496937933,2.5908794501501413,0.9496725039747743,-0.8357822348250097,2.5837988111854746,-0.04107755203234498,-0.051860414868783566,0.007080638964666708,0.06653572994625002
894,0.8892617360646224,-0.8757703743552421,2.5790253350550025,0.9320238308257422,-0.8246345946646914,2.572754608838554,-0.04276209476111981,-0.05113577969055072,0.00627072621644853,0.0669536161846482
895,0.8700706105453941,-0.8636697603543956,2.5671712199598637,0.9142819560703085,-0.8131571116614865,2.562111092499413,-0.04421134552491435,-0.05051264869290906,0.005060127460450925,0.06731846433938181
896,0.850562204480408,-0.8510434466830245,2.5573118113758326,0.8964486538811698,-0.8013543766555692,2.5518553312912466,-0.04588644940076181,-0.04968907002745526,0.005456480084585991,0.06785530998909009
897,0.8311792325622368,-0.8382254084655891,2.5474524027918015,0.8785257075736812,-0.7892311105835723,2.5419748224863588,-0.0473464750114444,-0.04899429788201681,0.005477580305442764,0.06835300876306544
898,0.8119235789543429,-0.8252168917070557,2.5375929942077704,0.8605149094275374,-0.7767921625902832,2.532457497190761,-0.04859133047319453,-0.048424729116772536,0.005135497017009438,0.06879276936422689
899,0.7927971154439383,-0.8120191609282664,2.5277335856237393,0.8424180605075443,-0.7640425080890486,2.523291722537723,-0.04962094506360604,-0.047976652839217815,0.004441863086016351,0.06916449634266955
900,0.7738017012600338,-0.7986334990430191,2.517874177039708,0.8242369704835132,-0.750987246771676,2.5144663009541306,-0.050435269223479406,-0.047646252271343004,0.003407876085577577,0.06946578551030687
901,0.7543056892318124,-0.7846053847043718,2.5097084559440006,0.8059734574492955,-0.7376316005686248,2.505970466995288,-0.05166776821748309,-0.04697378413574704,0.0037379889487128004,0.06992901565150203
902,0.734924875583465,-0.770418540825949,2.501542734848293,0.7876293477409753,-0.7239809115603028,2.4977938821817167,-0.052704472157510285,-0.04643762926564621,0.003748852666576319,0.0703439314620037
903,0.7156605526011036,-0.7560739133670716,2.4933770137525855,0.7692064757542365,-0.710040639840307,2.489926628215464,-0.05354592315313289,-0.04603327352676467,0.003450385537121292,0.07069747745334286
904,0.6965140048034025,-0.7415724588078538,2.485211292656878,0.7507066837609222,-0.6958163613314545,2.482359198903139,-0.05419267895751967,-0.045756097476399304,0.002852093753738849,0.07098310607209765
905,0.6774865088559476,-0.7269151440854259,2.4770455715611703,0.732131821724822,-0.6813137655554999,2.475082491068045,-0.05464531286887442,-0.04560137852992596,0.0019630804931254353,0.07120006760803851
906,0.6579066730442734,-0.711575973083788,2.4703274991826065,0.7134837471166572,-0.6665386533573856,2.4680877946939646,-0.05557707407238377,-0.04503731972640235,0.0022397044886419692,0.07156946001460306
907,0.6384303279602427,-0.6961056104636887,2.4636094268040427,0.6947643247283485,-0.6514969345849919,2.4613667825080277,-0.0563339967681058,-0.04460867587869677,0.0022426442960150617,0.07189215957917822
908,0.6190583526166255,-0.6805047544385887,2.456891354425479,0.6759754264865352,-0.6361946257252741,2.454911499179146,-0.05691707386990974,-0.044310128713314634,0.001979855246332818,0.07215857974835498
909,0.5997916213157426,-0.6647741091114194,2.450173282046915,0.6571189312653843,-0.6206378474977482,2.448714350281457,-0.05732730994964175,-0.044136261613671235,0.0014589317654580825,0.07236406937969275
910,0.5806310036100063,-0.6489143844428057,2.4434552096683513,0.6381967246987043,-0.6048328224062841,2.4427680911485643,-0.05756572108869795,-0.04408156203652158,0.0006871185197869778,0.07250840287788511
911,0.5609366741873554,-0.6323886871427943,2.437987898732598,0.619210698991383,-0.5887858722501876,2.4370658157238534,-0.05827402480402766,-0.043602814892606645,0.0009220830087444121,0.07278679599003081
912,0.541332989785834,-0.6157555623448182,2.4325205877968443,0.6001627527301665,-0.5725034155955617,2.431600945494345,-0.05882976294433251,-0.04325214674925648,0.0009196423024993017,0.07302420796195
913,0.5218205363872965,-0.5990155072365038,2.427053276861091,0.5810547906938144,-0.5559919652079778,2.426367218580206,-0.05923425430651785,-0.043023542028525985,0.0006860582808849713,0.07321333709027572
914,0.5023998972465736,-0.5821690222017756,2.4215859659253374,0.5618887236626036,-0.5392581254474379,2.4213586790388097,-0.05948882641602993,-0.04291089675433768,0.0002272868865276223,0.07335064545010328
915,0.483071652874038,-0.565216610805899,2.416118654989584,0.5426664682272655,-0.5223085896267315,2.4165696664309295,-0.05959481535322747,-0.04290802117916748,-0.00045101144134562787,0.07343598375331664
916,0.46326511725961533,-0.5476521833185297,2.411747310047243,0.5233899465973252,-0.5051501373341961,2.4119948056869718,-0.06012482933770985,-0.0425020459843336,-0.0002474956397287009,0.0736307019512569
917,0.4435355508097697,-0.530001342723658,2.4073759651049023,0.504061086408882,-0.48778963172197237,2.4076289973029317,-0.060525535599112334,-0.04221171100168558,-0.00025303219802941257,0.07379182224706528
918,0.423883330529411,-0.5122644263045983,2.4030046201625614,0.48468182053184755,-0.470234016760835,2.4034674078887996,-0.060798490002436534,-0.04203040954376336,-0.00046278772623820075,0.07391363802081728
919,0.4043088319454702,-0.49444177298945624,2.3986332752202206,0.46525408687666003,-0.4524903144626965,2.3995054610862865,-0.06094525493118985,-0.041951458526759744,-0.0008721858660658555,0.07399330834160026
920,0.38481242909972324,-0.47653372334465127,2.39426193027788,0.44577982820049183,-0.43456562207189353,2.395738828867818,-0.06096739910076859,-0.04196810127275774,-0.0014768985899382692,0.07403057818900113
921,0.3649135900190927,-0.45809500240172046,2.3908671437529376,0.426260991912989,-0.416467109226396,2.3921634232246705,-0.061347401893896314,-0.04162789317532445,-0.0012962794717328308,0.07414894166349438
922,0.34507746100235237,-0.4395888355268829,2.3874723572279954,0.40669952988151115,-0.3982020150900286,2.388775388248735,-0.061622068879158776,-0.041386820436854266,-0.0013030310207393647,0.07424180876474666
923,0.3253042706522502,-0.42101543599565194,2.3840775707030533,0.38709739823596034,-0.3797776454569147,2.385571092609647,-0.06179312758371014,-0.04123779053873722,-0.0014935219065939087,0.07430462026535711
924,0.30559424684619335,-0.4023750178583682,2.380682784178111,0.367456557173166,-0.3612013698292525,2.382547122426782,-0.06186231032697265,-0.04117364802911572,-0.001864338248670716,0.07433498831722266
925,0.2859476167336221,-0.3836677959377325,2.377287997653169,0.3477789707608671,-0.3424806184696126,2.379700274533819,-0.06183135402724499,-0.041187177468119895,-0.002412276880650044,0.07433248958821323
926,0.2659866215388561,-0.3645316195574542,2.3747800763728875,0.328066606741307,-0.3236228794289322,2.377027550132213,-0.062079985202450894,-0.040908740128522025,-0.0022474737593256577,0.07438078192610191
927,0.24607368109174332,-0.3453454428051064,2.372272155092606,0.30832143633446063,-0.3046356955513944,2.3745261488288225,-0.062247755242717306,-0.04070974725371196,-0.0022539937362164864,0.07441200872158506
928,0.22620892063802533,-0.3261093863553297,2.3697642338123246,0.28854543404091454,-0.2855266614573912,2.3721934630521706,-0.062336513402889204,-0.040582724897938516,-0.002429229239846009,0.0744224402856428
929,0.20639246512040763,-0.30682357119649156,2.367256312532043,0.2687405774444146,-0.26630342050577305,2.370027072841291,-0.06234811232400697,-0.040520150690718515,-0.002770760309247944,0.0744099915001798
930,0.18662443917777374,-0.28748811862992496,2.3647483912517617,0.2489088470141234,-0.2469736617366209,2.3680247410007484,-0.06228440783634967,-0.040514456893304074,-0.0032763497489867177,0.0743740757560174
931,0.1666378548518784,-0.2678405690331891,2.3630629103307674,0.22905222590655416,-0.22754511679571235,2.366184408615277,-0.06241437105467576,-0.04029545223747674,-0.003121498284509361,0.0743573865645755
932,0.14668441446969,-0.24815936035367012,2.361377429409773,0.20917269976727051,-0.20802555684197999,2.36450419091746,-0.06248828529758052,-0.04013380351169013,-0.0031267615076866484,0.07433225828180333
933,0.12676417471584506,-0.22844454850263646,2.359691948488779,0.1892722565323201,-0.1884227894391479,2.3629823735019793,-0.06250808181647505,-0.040021759063488566,-0.0032904250132004265,0.07429554756294998
934,0.10687719218066236,-0.20869618948681798,2.3580064675677845,0.16935288622944283,-0.16874465543281053,2.361617408880159,-0.06247569404878048,-0.03995153405400745,-0.0036109413123743828,0.0742453790973334
935,0.08702352335998201,-0.1889143394082468,2.3563209866467902,0.14941658077906955,-0.1489990258141988,2.3604079133688436,-0.062393057419087544,-0.03991531359404801,-0.004086926722053352,0.07418105447783944
936,0.06705221046637223,-0.16894807847615206,2.3554155447694254,0.12946533379513178,-0.12919379857188856,2.3593526643079974,-0.06241312332875955,-0.0397542799042635,-0.003937119538572009,0.07410331736581355
937,0.04709898404556477,-0.14896374286790762,2.3545101028920605,0.10950114038569836,-0.10933689553270708,2.3584505976018466,-0.06240215634013359,-0.03962684733520054,-0.00394049470978608,0.07402596601317417
938,0.027163860455712212,-0.12896134896717013,2.3536046610146957,0.08952599695348055,-0.08943625919312186,2.3577008055788626,-0.06236213649776834,-0.03952508977404827,-0.004096144564166959,0.0739462452765752
939,0.00724685604012601,-0.10894091317240091,2.352699219137331,0.06954190099617216,-0.06949984954232696,2.357102535166389,-0.06229504495604615,-0.03944106363007395,-0.004403316029057969,0.07386243509659773
940,-0.012652012872736939,-0.0889024518968525,2.351793777259966,0.04955085090671553,-0.04953564087836742,2.3566551863762744,-0.06220286377945247,-0.03936681101848508,-0.0048614091163083906,0.07377381222850264
941,-0.03256412901730239,-0.0688143049408065,2.351645856294076,0.029554845773460472,-0.029551618618522946,2.356358311098441,-0.062118974790762865,-0.03926268632228355,-0.004712454804364885,0.07363784894047794
942,-0.052473273485933364,-0.04872321278508869,2.351497935328186,0.009555885180257023,-0.009555776105247387,2.3562116121999095,-0.06202915866619039,-0.0391674366798413,-0.004713676871723305,0.07351138259178519
943,-0.07237944584300558,-0.02862917586930448,2.3513500143622963,-0.010444030993501241,0.010443888591061618,2.3562149429274206,-0.06193541484950434,-0.0390730644603661,-0.004864928565124327,0.0733918763137167
944,-0.09228264565295981,-0.008532194633123692,2.3512020933964064,-0.030442902772863486,0.030439375871184192,2.3563683066123997,-0.06183974288009632,-0.038971570504307884,-0.005166213215993309,0.07327773786111147
945,-0.11218287248030186,0.011567730483719417,2.3510541724305165,-0.050438730287320994,0.05042268780681477,2.3566718566776563,-0.06174414219298086,-0.03885495732309535,-0.00561768424713982,0.07316833454457716
946,-0.13198951170989556,0.03157904846875957,2.3516600082912373,-0.07042951397077836,0.07038583133961263,2.3571258969458246,-0.0615599977391172,-0.038806782870853054,-0.005465888654587303,0.07297585667335461
947,-0.15180827087791776,0.05157836320976028,2.352265844151958,-0.09041325476152971,0.09032082147833986,2.3577308822501957,-0.06139501611638805,-0.03874245826857958,-0.005465038098237507,0.07280242247370183
948,-0.171639142710149,0.07156566736623148,2.352871680012679,-0.11038795430214902,0.11021968449273731,2.3584874193492102,-0.061251188407999965,-0.03865401712650583,-0.005615739336531256,0.07264556180321259
949,-0.19148211992792397,0.09154095360209143,2.3534775158734,-0.1303516151393278,0.1300744611029139,2.359396268146511,-0.06113050478859616,-0.038533507500822475,-0.005918752273111227,0.0725038029657409
950,-0.2113371952481343,0.11150421458566942,2.3540833517341206,-0.1503022409236186,0.14987720966295232,2.3604583432190505,-0.061034954324515694,-0.038372995077282895,-0.006374991484929815,0.07237674292913313
951,-0.23099010105609477,0.13124027608087238,2.355457759084463,-0.17023783660906852,0.16962000933746174,2.3616747156563527,-0.06075226444702625,-0.03837973325658936,-0.006216956571889476,0.07212830310845474
952,-0.2506701136813781,0.1509493078457179,2.3568321664348058,-0.1901564086527219,0.18929496326980613,2.3630466152146,-0.06051370502865619,-0.03834565542408824,-0.006214448779794157,0.0719090895494777
953,-0.2703771959485335,0.17063127264993821,2.3582065737851483,-0.21005596521397318,0.2088942017407418,2.364575432789753,-0.060321230734560305,-0.03826292909080359,-0.006368859004604488,0.07171656004689891
954,-0.2901113106309759,0.19028613331439498,2.359580981135491,-0.22993451635375262,0.22840988531620351,2.366262723214435,-0.06017679427722328,-0.038123752001808536,-0.0066817420789440085,0.07154937255761355
955,-0.30987242045105606,0.20991385271114943,2.3609553884858334,-0.24979007423350463,0.2478342079829598,2.3681102083837824,-0.06008234621755143,-0.03792035527181037,-0.007154819897948972,0.07140751444153563
956,-0.32932149667274685,0.22917861489308455,2.3631325287495577,-0.269620653313991,0.267159400270935,2.3701197807158785,-0.05970084335875586,-0.037980785377850435,-0.006987251966320773,0.07110240815686832
957,-0.3488124688570149,0.24840098808464822,2.365309669013282,-0.2894242705538291,0.28637773236087966,2.3722935069527646,-0.05938819830318581,-0.03797674427623143,-0.006983837939482651,0.070837597332813
958,-0.3683452446178632,0.2675808811729861,2.3674868092770063,-0.30919894560779787,0.30548151717619876,2.3746336323082975,-0.05914629901006535,-0.03790063600321264,-0.007146823031291216,0.07061033901261678
959,-0.38791973137114866,0.28671820324659686,2.3696639495407306,-0.32894270102487083,0.3244631134576801,2.3771425849693415,-0.058977030346277826,-0.03774491021108323,-0.007478635428610936,0.07041944577446337
960,-0.4075358363350204,0.30581286359576315,2.371841089804455,-0.3486535624459593,0.3433149288198954,2.379822980956867,-0.05888227388906109,-0.03750206522413224,-0.007981891152412324,0.07026547986593724
961,-0.4267290723731179,0.32441468720503075,2.3748762200256817,-0.3683295588013468,0.36202942278805417,2.3826776293535232,-0.05839951357177109,-0.03761473558302342,-0.007801409327841569,0.0699015987363721
962,-0.4459786788774127,0.34295817125291783,2.3779113502469085,-0.38796872250779796,0.38059910981409556,2.3857095379040607,-0.05800995636961476,-0.03764093856117773,-0.0077981876571522335,0.06959027966970047
963,-0.46528447852036825,0.3614431449166937,2.3809464804681353,-0.40756908966530103,0.3990165622707952,2.388921918994649,-0.05771538885506722,-0.03757341735410147,-0.007975438526513834,0.06932846040442057
964,-0.4846462934567963,0.37986943791262606,2.383981610689362,-0.4271287002534774,0.4172744134227364,2.39231819601659,-0.057517593203318895,-0.03740497551011035,-0.008336585327227919,0.06911515301099017
965,-0.5040639453254951,0.39823688049754913,2.387016740910589,-0.4466455983275678,0.4353653603728932,2.3959020101191086,-0.05741834699792736,-0.03712847987534407,-0.00888526920851973,0.0689517120798033
966,-0.5229471150428846,0.415990465254279,2.390989021694075,-0.4661178322140288,0.45328216698369495,2.3996772273548608,-0.0568292828288558,-0.03729170172941593,-0.008688205660785986,0.06852534802773293
967,-0.5419006578196699,0.43366890088921856,2.3949613024775607,-0.4855434547056987,0.47101766677138485,2.4036479462203655,-0.05635720311397119,-0.03734876588216629,-0.008686643742804812,0.06816540497396521
968,-0.5609242745880155,0.4512719084544401,2.3989335832610466,-0.5049205232565162,0.48856476577251795,2.407818505591774,-0.056003751331499374,-0.037292857318077854,-0.008884922330727463,0.06786839628995214
969,-0.5800176651743891,0.46879921019219506,2.4029058640445324,-0.5242471001757738,0.5059164453814522,2.4121934930541324,-0.055770564998615324,-0.037117235189257136,-0.009287629009600007,0.06763360940375257
970,-0.5991805283042976,0.4862505295392967,2.4068781448280183,-0.5435212528218883,0.5230657651576994,2.416777753619516,-0.05565927548240923,-0.03681523561840272,-0.009899608791497538,0.06746346251927723
971,-0.6176966020344221,0.5029787618817659,2.4118946041457265,-0.5627410537956501,0.5400058656019979,2.4215763988259873,-0.05495554823877202,-0.03702710372023199,-0.009681794680260758,0.06696906629454782
972,-0.6362963589328415,0.5196138990018121,2.4169110634634348,-0.5819045811329816,0.5567299709000376,2.4265948162052435,-0.05439177779985993,-0.03711607189822552,-0.009683752741808771,0.06655706838907548
973,-0.654979330940183,0.5361555222793485,2.421927522781143,-0.6010099184971187,0.5732313916326847,2.431838679101828,-0.0539694124430643,-0.03707586935333618,-0.009911156320685066,0.06622347459449929
974,-0.6737450479029812,0.5526032154475465,2.426943982098851,-0.620055155370246,0.589503527451662,2.4373139568209106,-0.05368989253273515,-0.036900312004115476,-0.01036997472205936,0.06596797679112092
975,-0.6925930375855096,0.568956564603311,2.4319604414165594,-0.6390383872445473,0.605539869719601,2.4430269250746033,-0.053554650340962295,-0.036583305116290044,-0.011066483658043857,0.06579442109273444
976,-0.710681189644153,0.5844922859786829,2.4381611555879843,-0.6579577158126543,0.6213340041134094,2.4489841766885143,-0.05272347383149878,-0.036841718134726587,-0.010823021100530017,0.06522434111374292
977,-0.7288653259199156,0.5999155499475803,2.444361869759409,-0.6768112491574763,0.6368796131899154,2.455192632520491,-0.05205407676243934,-0.03696406324233503,-0.010830762761081747,0.06475549629923398
978,-0.7471447472557959,0.6152257635050444,2.450562583930834,-0.69559710194139,0.6521704789127604,2.4616595525321086,-0.05154764531440592,-0.03694471540771593,-0.011096968601274515,0.06438333981826813
979,-0.7655187508312029,0.6304223379927613,2.456763298102259,-0.7143133955947752,0.6672004851395333,2.4683925469401653,-0.05120535523642766,-0.03677814714677208,-0.011629248837906392,0.06410818934404805
980,-0.7839866301889781,0.6455046891216952,2.462964012273684,-0.7329582585038568,0.6819636200681355,2.4753995873599552,-0.05102837168512131,-0.03645893094644026,-0.012435575086271466,0.063935841984903
981,-0.8015806468694286,0.6596924294076859,2.4705284078740957,-0.7515298261978846,0.6964539786414377,2.4826890178342347,-0.050050820671544094,-0.036761549233751745,-0.012160609960139013,0.06328014369897758
982,-0.8192814808434609,0.6737466769506332,2.4780928034745076,-0.7700262415355653,0.7106657649092125,2.490269565621063,-0.04925523930789555,-0.036919087958579344,-0.012176762146555387,0.06274847560973223
983,-0.8370881192727542,0.6876666275691917,2.4856571990749194,-0.7884456548907789,0.7245932943464408,2.4981503515899917,-0.04864246438197528,-0.036926666777249095,-0.012493152515072214,0.062335759562185344
984,-0.8549995432648774,0.7014514847664604,2.4932215946753313,-0.8067862243375392,0.7382309961270456,2.5063409000487984,-0.048213318927338156,-0.036779511360585215,-0.01311930537346706,0.062043313510763774
985,-0.8730147279315893,0.7151004597755576,2.500785990275743,-0.8250461158341854,0.7515734153521484,2.514851147791886,-0.047968612097403884,-0.036472955576590804,-0.01406515751614279,0.06187966459990775
986,-0.8900405230157676,0.72779827066961,2.509939752764938,-0.8432235034067843,0.7646152152319554,2.523691452126122,-0.046817019608983323,-0.03681694456234541,-0.0137516993611837,0.061126344298470234
987,-0.9071818359194455,0.7403397016759888,2.519093515254133,-0.8613165693317297,0.7773511792204058,2.5328725975898596,-0.045865266587715725,-0.037011477544416915,-0.013779082335726667,0.06052549263903471
988,-0.9244372303585993,0.7527237019383747,2.528247277743328,-0.8793235043175001,0.7897762131017095,2.542405801035813,-0.0451137260410992,-0.037052511163334856,-0.014158523292485015,0.0600716292657711
989,-0.9418052604902244,0.7649492337916936,2.5374010402325227,-0.8972425076856059,0.8018853470279821,2.5523027146979134,-0.04456275280461852,-0.03693611323628854,-0.014901674465390702,0.05976767772301299
990,-0.9592844710334834,0.7770152728490634,2.5465548027217175,-0.9150717875506427,0.8136737375071053,2.5625754268059584,-0.04421268348284069,-0.0366584646580419,-0.016020624084240875,0.059626041356837696
991,-0.9756563364628775,0.7880970078465067,2.557575935701127,-0.9328095609994818,0.8251366693400644,2.5732364592495207,-0.04284677546339577,-0.03703966149355764,-0.015660523548393535,0.0587625279321591
992,-0.992149338397543,0.7989976369739871,2.568597068680537,-0.9504540542695596,0.836269557506963,2.584298761724097,-0.0416952841279834,-0.0372719205329759,-0.015701693043560283,0.058088173866665184
993,-1.00876147352914,0.8097158361959328,2.5796182016599465,-0.9680035029262528,0.8470679490009707,2.5957757017178724,-0.040757970602887106,-0.03735211280503792,-0.016157500057925933,0.05759737239482339
994,-1.0254907240789164,0.8202503036354646,2.590639334639356,-0.9854561520393205,0.8575275246094671,2.6076810496170584,-0.04003457203959593,-0.037277220974002545,-0.017041714977702238,0.05729553395614227
995,-1.042335058042797,0.8305997597325264,2.601660467618766,-1.0028102563583978,0.8676441006416691,2.620028958122165,-0.0395248016843992,-0.03704434090914266,-0.018368490503399393,0.057200477139245434
996,-1.057969333411051,0.8399699664052878,2.614855903778729,-1.0200640804875087,0.8774136306020465,2.632833935077795,-0.03790525292354219,-0.03744366419675871,-0.017978031299065833,0.056232070894352844
997,-1.0737258880585214,0.8491330622261296,2.6280513399386924,-1.0372158990586215,0.8868322068088755,2.646110808726245,-0.03650998899989988,-0.037699144582745925,-0.01805946878755238,0.055500893793993714
998,-1.0896019785010411,0.8580874517442144,2.6412467760986558,-1.054263996904172,0.8958960619572528,2.659874684302496,-0.03533798159686907,-0.037808610213038385,-0.018627908203840082,0.05500239007200342
