timestep,px,py,theta,px_ref,py_ref,theta_ref,error_px,error_py,error_theta,error_norm
0,0.0,0.0,0.7853981633974483,0.0,0.0,0.7853981633974483,0.0,0.0,0.0,0.0
1,0.0,0.0,0.7853231571470295,0.01999966666833333,0.01999866669333308,0.7853231571470295,-0.01999966666833333,-0.01999866669333308,0.0,0.028283092765033196
2,0.0,0.0,0.7852481508966107,0.03999733338666616,0.03998933418663416,0.7850980633706443,-0.03999733338666616,-0.03998933418663416,0.00015008752596645802,0.05655931446720228
3,0.0,0.0,0.7851731446461919,0.05999100040499132,0.0599640064794446,0.7847226568420766,-0.05999100040499132,-0.0599640064794446,0.0004504878041152738,0.08482219722407691
4,0.01390538087789106,0.013899124342741416,0.7845693167633786,0.07997866837326832,0.07991469396917268,0.7841965616812204,-0.06607328749537726,-0.06601556962643126,0.00037275508215817155,0.09340167932055744
5,0.027819151899089692,0.02778984969543119,0.7839654888805653,0.09995833854135666,0.09983341664682815,0.7835192505983565,-0.07213918664226697,-0.07204356695139696,0.0004462382822087996,0.10195360178577682
6,0.04174130799052227,0.04167217099339833,0.783361660997752,0.11992801295888919,0.11971220728891936,0.7826900438339384,-0.07818670496836692,-0.07804003629552103,0.000671617163813587,0.11047107842522143
7,0.06174436614342608,0.061593922064108034,0.7822734626987109,0.13988569467506554,0.1395431146442365,0.7817081077917023,-0.07814132853163946,-0.07794919258012846,0.0005653549070085973,0.11037419750446407
8,0.08176909126411545,0.0814938940498322,0.7811852643996698,0.1598293879383454,0.15931820661424598,0.7805724533623122,-0.07806029667422994,-0.07782431256441377,0.0006128110373576634,0.11022889403581926
9,0.10181545963980311,0.10137206338551312,0.7800970661006288,0.17975709839602208,0.17902957342582415,0.7792819339341677,-0.07794163875621897,-0.07765751004031103,0.0008151321664611189,0.1100284161392626
10,0.12464937199247014,0.12396516048539716,0.7788193587578159,0.1996668332936563,0.19866933079506124,0.7778352430874435,-0.07501746130118617,-0.07470417030966409,0.0009841156703724874,0.10587398663214176
11,0.14751213306475403,0.146529064093721,0.7775416514150031,0.21955660167434962,0.21822962308086932,0.7762309119668949,-0.0720444686095956,-0.07170055898714833,0.0013107394481082224,0.10165182563146306
12,0.1704037055323781,0.16906373737410346,0.7762639440721902,0.23942441457783872,0.23770262642713458,0.7744673063284713,-0.06902070904546062,-0.06863888905303112,0.0017966377437189651,0.09735698883364563
13,0.1944182617105334,0.19264354411171675,0.7754971012865638,0.2592682852393897,0.2570805518921551,0.7725426232543283,-0.06485002352885633,-0.06443700778043837,0.0029544780322354747,0.0914679313411671
14,0.2184508928307459,0.21620492852895257,0.7747302585009374,0.279086229288473,0.27635564856411376,0.7704548875304338,-0.06063533645772709,-0.0601507200351612,0.004275370970503567,0.08551626713687599
15,0.24250158476067907,0.23974787677058995,0.7739634157153109,0.29887626494719843,0.29552020666133955,0.7682019476806334,-0.056374680186519366,-0.055772329890749595,0.005761468034677475,0.07951007396229455
16,0.26649484801879547,0.26319860629593494,0.7739252397279821,0.31863641322849195,0.31456656061611776,0.765781471650788,-0.05214156520969648,-0.05136795432018282,0.00814376807719408,0.07364598096333937
17,0.2904890065141809,0.2866484198376774,0.7738870637406533,0.33836469813399206,0.33348709214081446,0.7631909421364422,-0.047875691619811145,-0.04683867230313704,0.010696121604211073,0.0678258806693137
18,0.31448406021186615,0.3100973173616415,0.7738488877533245,0.35805914685164836,0.35227423327509,0.760427651547437,-0.04357508663978221,-0.04217691591344852,0.013421236205887532,0.06211127106193255
19,0.33081555957875725,0.32605587339621206,0.7707757204468008,0.37771778995300115,0.3709204694129827,0.7574886966029721,-0.0469022303742439,-0.04486459601677062,0.013287023843828627,0.06625100899196289
20,0.3471960250609192,0.3419641647207696,0.767702553140277,0.39733866159012243,0.38941834230865047,0.7543709725508718,-0.050142636529203255,-0.04745417758788084,0.0133315805894052,0.0703129718448433
21,0.363625301955505,0.3578220410918453,0.7646293858337533,0.4169197996921991,0.40776045305957015,0.7510711670052485,-0.05329449773669409,-0.04993841196772486,0.013558218828504831,0.07428306520780036
22,0.3860583441507832,0.3793420998372704,0.7678893211959503,0.43645924616173865,0.4259394650659996,0.7475857533974175,-0.05040090201095543,-0.046597365228729204,0.020303567798532818,0.07158072530456178
23,0.40842111326995006,0.4009351743720493,0.7711492565581474,0.4559550470703768,0.44394810696551984,0.7439109840358401,-0.04753393380042675,-0.043012932593470554,0.02723827252230726,0.06965278689925675
24,0.4307133716600754,0.42260103522292636,0.7744091919203444,0.47540525285426916,0.46177917554148284,0.7400428827720981,-0.04469188119419376,-0.03917814031855649,0.03436630914824634,0.06865372624970383
25,0.4414321822521798,0.43308681974418944,0.7772160633658154,0.4948079185090459,0.479425538604203,0.7359772372714972,-0.05337573625686609,-0.04633871886001356,0.04123882609431817,0.08183450900559815
26,0.4521215184095819,0.44360264924308423,0.7800229348112864,0.5141611037843102,0.49688013784373675,0.7317095908888981,-0.06203958537472831,-0.05327748860065251,0.048313343922388285,0.09498199906310581
27,0.4627812959161103,0.45414844087041517,0.7828298062567574,0.5334628733776623,0.5141359916531132,0.7272352341528829,-0.07068157746155201,-0.05998755078269802,0.05559457210387442,0.10809786347922443
28,0.453915408873457,0.4453279787887095,0.7847871514791188,0.5527112971282275,0.5311861979208834,0.7225491958644261,-0.09879588825477054,-0.0858582191321739,0.0622379556146927,0.14493386232241917
29,0.4450668034925835,0.4364901800129129,0.7867444967014803,0.5719044502096711,0.5480239367918736,0.7176462338199793,-0.12683764671708758,-0.11153375677896066,0.069098262881501,0.18248873241709498
30,0.43623551367425867,0.4276350784023921,0.7887018419238417,0.5910404133226791,0.5646424733950353,0.712520825173375,-0.15480489964842042,-0.13700739499264314,0.07618101675046673,0.22031597888251897
31,0.44811634945028345,0.4395946755914053,0.790527097097965,0.610117272886887,0.5810351605373051,0.7071671564563529,-0.16200092343660355,-0.14144048494589978,0.08335994064161212,0.2306481946164259
32,0.45997533613094743,0.4515759384033194,0.7923523522720883,0.6291331212322355,0.597195441362392,0.7015791132839158,-0.1691577851012881,-0.1456195029590726,0.09077323898817258,0.24095471943671246
33,0.471812434207378,0.4635788269218921,0.7941776074462117,0.6480860567897367,0.6131168519734339,0.6957502697783335,-0.17627362258235874,-0.1495380250515418,0.09842733766787815,0.2512408242205273
34,0.4553264356708302,0.44680078106518306,0.7932500762292733,0.6669741842816288,0.6287930240184685,0.6896738777545541,-0.2116477486107986,-0.18199224295328542,0.10357619847471922,0.29773138040465585
35,0.43882488206679093,0.4300380337017612,0.792322545012335,0.6857956149109028,0.6442176872376911,0.6833428557202919,-0.24697073284411186,-0.21417965353592994,0.10897968929204316,0.3445925703617519
36,0.4223077875917794,0.41329059925285433,0.7913950137953967,0.7045484665501799,0.6593846719714731,0.6767497777563413,-0.2822406789584005,-0.24609407271861877,0.11464523603905541,0.39161923297073453
37,0.4428836048753695,0.4341146885588959,0.7899892697652303,0.723230863929924,0.6742879116281452,0.6698868623569647,-0.2803472590545545,-0.24017322306924926,0.12010240740826561,0.38820400693982265
38,0.46348867515844355,0.45490983296674403,0.788583525735064,0.7418409388259654,0.6889214451105513,0.6627459613267954,-0.2783522636675218,-0.23401161214380728,0.12583756440826854,0.384807107422904
39,0.4841229577229935,0.4756759913827821,0.7871777817048976,0.7603768302463229,0.7032794192004101,0.6553185488498808,-0.27625387252332934,-0.22760342781762805,0.13185923285501677,0.3814529849504178
40,0.5044910379171467,0.4961166957136486,0.7781363513950652,0.778836684617301,0.7173560908995228,0.6475957108685986,-0.2743456467001544,-0.2212393951858742,0.13054064052646663,0.3758367500319753
41,0.5250430962832398,0.5163724104937806,0.7690949210852328,0.7972186559688459,0.731145829726896,0.6395681349355568,-0.27217555968560614,-0.21477341923311544,0.12952678614967605,0.37011396248928574
42,0.5457774527541067,0.536441479881183,0.7600534907754004,0.8155209061191403,0.7446431199708592,0.6312261007306176,-0.2697434533650336,-0.20820164008967623,0.12882739004478283,0.36428827869569963
43,0.5182350847211636,0.5102609916669056,0.8094297102291953,0.8337416048584215,0.757842562895277,0.6225594714682599,-0.3155065201372579,-0.24758157122837132,0.18687023876093545,0.4424494149567836
44,0.49201845249498605,0.48275302564399974,0.8588059296829902,0.8518789301319992,0.7707388788989693,0.6135576864580234,-0.3598604776370132,-0.28798585325496956,0.24524824322496674,0.5220939722359037
45,0.46719145952987745,0.45398463291325364,0.9081821491367851,0.8699310682224605,0.7833269096274834,0.6042097551231719,-0.402739608692583,-0.3293422767142298,0.3039723940136132,0.6025485407529708
46,0.45569124340280215,0.4392464768667039,0.8801649431765617,0.8878962139310396,0.795601620036366,0.5945042528303504,-0.4322049705282374,-0.3563551431696621,0.28566069034621133,0.6288021585696562
47,0.4437826726732452,0.42483626667389157,0.8521477372163383,0.9057725707581367,0.8075581004051143,0.5844293189362826,-0.46198989808489144,-0.38272183373122276,0.2677184182800557,0.6569503934342782
48,0.43147509452703664,0.4107653130886913,0.8241305312561149,0.9235583510829657,0.8191915683009982,0.5739726575167142,-0.49208325655592905,-0.40842625521230685,0.2501578737394007,0.6866854440886705
49,0.4494557017883784,0.4301956602354411,0.8026955876132795,0.941251776342316,0.8304973704919704,0.5631215413080933,-0.49179607455393765,-0.4003017102565293,0.2395740463051862,0.677864707625352
50,0.46784863505536717,0.4492361600599184,0.7812606439704441,0.958851077208406,0.8414709848078965,0.5518628194639037,-0.49100244215303884,-0.3922348247479781,0.22939782450654045,0.6689954542698021
51,0.4866454438931347,0.4678780646097826,0.7598257003276088,0.976354493765815,0.852108021949363,0.540182929805001,-0.48970904987268027,-0.3842299573395804,0.21964277052260772,0.6600686027127982
52,0.4590971059214898,0.44170384432341825,0.7376393443306236,0.9937602756874735,0.8624042272433384,0.5280679163262988,-0.5346631697659837,-0.4207003829199202,0.20957142800432482,0.711880397769842
53,0.43097488486199703,0.4161472127910718,0.7154529883336385,1.0110666824096939,0.8723554823449863,0.5155034528098956,-0.5800917975476969,-0.45620826955391447,0.19994953552374284,0.7645994347026787
54,0.40229262287124057,0.39122074934972684,0.6932666323366533,1.0282719833062262,0.8819578068849474,0.5024748734859666,-0.6259793604349856,-0.49073705753522057,0.19079175885068667,0.8179697516254856
55,0.43152080056226455,0.4155047693806428,0.6761541257609306,1.0453744578613184,0.8912073600614354,0.4889672117755554,-0.6138536572990538,-0.4757025906807926,0.18718691398537518,0.7988417916754295
56,0.4611602389696948,0.43928509088587375,0.6590416191852079,1.0623723958417668,0.900100442176505,0.4749652482411506,-0.601212156872072,-0.4608153512906312,0.18407637094405727,0.7795453520455439
57,0.4912022587549914,0.46255475025638987,0.6419291126094852,1.0792640974679386,0.9086334961158833,0.4604535689580829,-0.5880618387129473,-0.4460787458594934,0.18147554365140223,0.7600896964185233
58,0.4607664548185692,0.43980256709205007,0.6202030728044073,1.0960478735837471,0.916803108771767,0.44541663559766037,-0.6352814187651779,-0.4770005416797169,0.17478643720674697,0.8134262698133548
59,0.42984355781576383,0.41771695093687133,0.5984770329993295,1.1127220458255676,0.9246060124080204,0.4298388685756445,-0.6828784880098038,-0.5068890614711491,0.168638164423685,0.8670054097442806
60,0.39844816342319495,0.39630832625112716,0.5767509931942517,1.1292849467900707,0.9320390859672264,0.4137047446598081,-0.7308367833668759,-0.5357307597160992,0.1630462485344436,0.9207138154655801
61,0.43030123650908186,0.4170298545486526,0.5578197857781445,1.1457349202009626,0.9390993563190677,0.3969989104388761,-0.7154336836918807,-0.5220695017704151,0.16082087533926842,0.9001473625938321
62,0.4625408619630333,0.4371446886416529,0.5388885783620373,1.1620703210746102,0.945783999449539,0.37970631302149005,-0.6995294591115768,-0.508639310807886,0.15918226534054725,0.879428454317351
63,0.4951554857509578,0.4566456197776819,0.5199573709459301,1.178289515884539,0.9520903415905158,0.36181234924553096,-0.6831340301335812,-0.49544472181283383,0.15814502170039912,0.8585728992854157
64,0.462177552055021,0.4377655803405834,0.49629512573274986,1.1943908827247842,0.958015860289225,0.3433030345211741,-0.7322133306697632,-0.5202502799486417,0.15299209121157575,0.9111549239127444
65,0.4287621476961979,0.4196710852789259,0.47263288051956964,1.210372811472079,0.963558185417193,0.3241651921901698,-0.7816106637758812,-0.543887100138267,0.14846768832939983,0.9637276907419765
66,0.3949279811482249,0.4023722652612477,0.4489706353063894,1.2262337039468676,0.9687151001182652,0.30438666394296926,-0.8313057227986427,-0.5663428348570175,0.14458397136342016,1.0162273053440727
67,0.42916196695682735,0.41886572504555025,0.42651771561259044,1.2419719740731194,0.9734845416953194,0.283956541378582,-0.812810007116292,-0.5546188166497692,0.14256117423400844,0.9942765348982929
68,0.4637576190897833,0.4345864391990326,0.40406479591879146,1.2575860480369372,0.9778646024353163,0.26286541820488024,-0.7938284289471539,-0.5432781632362836,0.14119937771391122,0.9722407117174698
69,0.49869749744903935,0.4495264827143773,0.3816118762249925,1.273074364443936,0.9818535303723597,0.24110566184802507,-0.7743768669948966,-0.5323270476579824,0.14050621437696742,0.9501439964992896
70,0.463431006490254,0.4353746412987201,0.3546830735832039,1.2884353744753823,0.9854497299884603,0.2186717023624417,-0.8250043679851282,-0.5500750886897401,0.13601137122076218,1.000856584877633
71,0.427796255602977,0.42217750035070745,0.3277542709414153,1.3036675420430732,0.9886517628517197,0.19556033550876473,-0.8758712864400962,-0.5664742625010123,0.13219393543265057,1.0514365587383132
72,0.39181908413630406,0.4099446293361985,0.3008254682996267,1.3187693439429462,0.9914583481916864,0.1717710357084244,-0.9269502598066421,-0.581513718855488,0.1290544325912023,1.1018393875443817
73,0.4281125885384341,0.4212043601594717,0.27442923380159345,1.3337392700073958,0.9938683634116449,0.14730627331565815,-0.9056266814689617,-0.5726640032521731,0.1271229604859353,1.079010655133673
74,0.4646906297037475,0.43150226793283203,0.2480329993035602,1.34857582325629,0.99588084453764,0.12217182931261213,-0.8838851935525426,-0.564378576604808,0.1258611699909481,1.0562278386898232
75,0.5015277229523262,0.44083117789035237,0.22163676480552696,1.3632775200466682,0.9974949866040543,0.0963770991912814,-0.8617497970943421,-0.5566638087137019,0.12525966561424556,1.0335266288555787
76,0.4644572427873598,0.4324777653937235,0.1912463227787685,1.3778428902211026,0.998710143975583,0.06993537651704462,-0.9133856474337428,-0.5662323785818595,0.12131094626172387,1.0814845321017508
77,0.42715005523998817,0.4252546249890766,0.16085588075201002,1.3922704772547134,0.9995258306054791,0.0428641055705861,-0.9651204220147253,-0.5742712056164024,0.11799177518142392,1.1292328836871788
78,0.3896406137921007,0.41916842730353415,0.13046543872525154,1.4065588384008205,0.9999417202299663,0.015185091651111312,-1.0169182246087198,-0.5807732929264322,0.11528034707414023,1.1767369509535666
79,0.4273176688755426,0.42411206161841636,0.10060350968367461,1.4207065448352156,0.99995764649874,-0.013075342784616575,-0.993388875959673,-0.5758455848803237,0.11367885246829118,1.1538381506975284
80,0.4651255307540838,0.42792854955540155,0.07074158064209768,1.4347121817990456,0.9995736030415051,-0.041886267855577024,-0.9695866510449618,-0.5716450534861035,0.11262784849767471,1.1311769858501055
81,0.5030304873466415,0.4306144880722549,0.04087965160052075,1.4485743487402851,0.998789743470524,-0.07121213282096248,-0.9455438613936437,-0.5681752553982691,0.11209178442148322,1.1088015524884887
82,0.465062234697452,0.429061493942415,0.007756916075232809,1.4622916594537918,0.9976063813191736,-0.10101283897581732,-0.9972294247563398,-0.5685448873767586,0.10876975505105013,1.1530570992695794
83,0.4270633779169127,0.42876673408751453,-0.02536581945005513,1.4758627422199255,0.9960239899165367,-0.13124390617594112,-1.048799364303013,-0.5672572558290222,0.10587808672588599,1.1970676965409313
84,0.389075602332565,0.4297305318636263,-0.05848855497534307,1.4892862399417186,0.994043202198076,-0.16185673736972372,-1.1002106376091536,-0.5643126703344497,0.10336818239438066,1.2408050685501957
85,0.4270106235494214,0.4275092337574157,-0.09041744587280084,1.5025608102805854,0.9916648104524687,-0.19279898196781758,-1.075550186731164,-0.564155576695053,0.10238153609501674,1.218836206315986
86,0.4648553983680411,0.42407805044433416,-0.12234633677025862,1.515685125790554,0.9888897660047016,-0.22401499487154508,-1.050829727422513,-0.5648117155603674,0.10166865810128646,1.1973269837889875
87,0.502571349056077,0.4194404795610336,-0.1542752276677164,1.5286578740510102,0.9857191788355535,-0.25544638373627454,-1.0260865249949331,-0.5662786992745199,0.10117115606855814,1.176333594202116
88,0.4650226689118437,0.4252797106256565,-0.18854252037482483,1.5414777577979386,0.9821543171376185,-0.28703263284555847,-1.0764550888860949,-0.556874606511962,0.09849011247073364,1.2159626589748225
89,0.42769608781177687,0.4324019534872932,-0.22280981308193326,1.5541434950536477,0.9781966068080447,-0.3187117881210078,-1.1264474072418709,-0.5457946533207514,0.09590197503907455,1.2553775343265658
90,0.3906354321059652,0.4407988456894885,-0.2570771057890417,1.5666538192549668,0.9738476308781951,-0.3504211845928371,-1.1760183871490018,-0.5330487851887067,0.09334407880379542,1.2945552793725823
91,0.4273866482990676,0.43113716321034196,-0.28897407785930257,1.579007479379901,0.9691091288804564,-0.38209819537047346,-1.1516208310808334,-0.5379719656701145,0.09312411751117089,1.2744867499070012
92,0.46381104426313746,0.42030834154532926,-0.32087104992956345,1.591203240072732,0.9639829961524481,-0.41368097997668896,-1.1273921958095947,-0.5436746546071188,0.09280993004712551,1.2550732952102446
93,0.49987156434671204,0.40832339718575394,-0.3527680219998243,1.6032398817675544,0.9584712830789142,-0.44510920994479974,-1.1033683174208424,-0.5501478858931602,0.09234118794497542,1.2363701853538462
94,0.4642116056130392,0.42145227158963,-0.3862827498665118,1.6151162008102287,0.9525761942715953,-0.4763247508234524,-1.1509045951971895,-0.5311239226819653,0.0900420009569406,1.270740559841943
95,0.4290116005818302,0.43576868335385566,-0.41979747773319925,1.6268310095787475,0.9463000876874145,-0.5072722820789922,-1.1978194089969172,-0.5105314043335588,0.08747480434579297,1.3050155143812867
96,0.394311083499837,0.4512565532604083,-0.4533122055998867,1.6383831366019965,0.9396454736853249,-0.5378998396315425,-1.2440720531021596,-0.4883889204249166,0.08458763403165581,1.339176642095699
97,0.4284731393766864,0.4346146201315011,-0.48316670111719334,1.6497714266769001,0.9326150140222006,-0.5681592696408527,-1.2212982873002138,-0.4980003938906995,0.08499256852365938,1.321664721320039
98,0.46212320950248326,0.41696036340602677,-0.5130211966345,1.660994740983941,0.9252115207881683,-0.5980065863693985,-1.1988715314814578,-0.5082511573821415,0.08498538973489855,1.3049270877889596
99,0.49523130410341976,0.3983095169937204,-0.5428756921518066,1.672051957201041,0.9174379552818098,-0.6274022311885141,-1.1768206530976213,-0.5191284382880894,0.08452653903670748,1.2890096666813893
100,0.4626946917791743,0.41794033099777433,-0.5744468075291725,1.682941969615793,0.9092974268256818,-0.6563112337819401,-1.2202472778366187,-0.4913570958279075,0.08186442625276757,1.3180049313161952
101,0.4307939570453458,0.43858840895776624,-0.6060179229065384,1.6936636892360304,0.9007931915226274,-0.6847032801150899,-1.2628697321906845,-0.46220478256486114,0.07868535720855141,1.3470948767433715
102,0.39956089385019655,0.46023317191437574,-0.6375890382839043,1.704216043898726,0.8919286509533796,-0.7125526946185239,-1.3046551500485295,-0.43169547903900385,0.07496365633461954,1.3762650896327788
103,0.4300951569949381,0.43761329626910134,-0.6644306255049119,1.7145979783772067,0.8827073508159741,-0.7398383461925445,-1.2845028213822687,-0.44509405454687273,0.07540772068763257,1.3615221407936364
104,0.460011340815858,0.4141820789385201,-0.6912722127259195,1.7248084544866769,0.8731329795075166,-0.7665434890556865,-1.264797113670819,-0.45895090056899646,0.07527127632976693,1.3475954262772782
105,0.48928789286996865,0.3899564004171051,-0.7181137999469271,1.734846451188034,0.8632093666488738,-0.7926555501696838,-1.2455585583180653,-0.4732529662317687,0.07454175022275666,1.3345190012782944
106,0.46067206421730866,0.4149590872831522,-0.7480726322191255,1.7447109646899726,0.8529404815528762,-0.8181658750569212,-1.2840389004726638,-0.437981394269724,0.07009324283779572,1.3584905823541866
107,0.43281801566752964,0.44080772321208567,-0.7780314644913238,1.7544010085493633,0.8423304316366457,-0.8430694433909002,-1.3215829928818337,-0.40152270842456,0.06503797889957641,1.3827624637494471
108,0.4057507452404662,0.4674791099707118,-0.8079902967635221,1.763915613769895,0.8313834607786832,-0.8673645649064725,-1.3581648685294287,-0.3639043508079714,0.05937426814295044,1.4073249412847206
109,0.4320069456304162,0.44000890900525125,-0.8325093429365309,1.7732538288989745,0.8201039476213741,-0.8910525650657036,-1.3412468832685582,-0.3800950386161228,0.058543222129172734,1.3952930692565912
110,0.4575817783761895,0.41190325245668935,-0.8570283891095397,1.7824147201228708,0.8084964038195901,-0.914137468639516,-1.3248329417466813,-0.39659315136290074,0.05710907952997624,1.3840989481283061
111,0.4824598690773809,0.38317903613903687,-0.8815474352825485,1.7913973713600952,0.7965654722360865,-0.9366256880218409,-1.3089375022827143,-0.41338643609704967,0.055078252739292344,1.3737683008265784
112,0.45829347597225284,0.41250454456239444,-0.9121862641326015,1.8002008843530102,0.7843159250844199,-0.9585257217604746,-1.3419074083807574,-0.3718113805220255,0.04633945762787306,1.3932359960488032
113,0.4350367835978168,0.44255660372313826,-0.9428250929826545,1.808824378757652,0.7717526620201257,-0.9798478675264842,-1.373787595159835,-0.32919605829698745,0.03702277454382974,1.413164210998934
114,0.41271162218326346,0.47330700482319127,-0.9734639218327075,1.8172669922317666,0.7588807081809217,-1.0006039525927415,-1.4045553700485032,-0.2855737033577304,0.027140030760034017,1.433549688309126
115,0.43408429680369276,0.4418871260906236,-0.9995652892559285,1.8255278805210422,0.7457052121767199,-1.0208070838766747,-1.3914435837173493,-0.30381808608609634,0.021241794620746268,1.4243847408407282
116,0.45462968275245247,0.40992015694720135,-1.0256666566791495,1.8336062175435337,0.7322314440302513,-1.0404714187339885,-1.3789765347910812,-0.32231128708304996,0.014804762054839049,1.416220332527764
117,0.47433378363527345,0.37742787465740807,-1.0517680241023704,1.8415011954722713,0.7184647930691263,-1.0596119569697484,-1.3671674118369979,-0.3410369184117182,0.007843932867378056,1.4090828361000158
118,0.45618563755598424,0.40919581796133997,-1.0887706668408665,1.8492120248160406,0.7044107657701763,-1.078244353954232,-1.3930263872600563,-0.2952149478088363,-0.010526312886634637,1.4240032248122074
119,0.4392251438670026,0.44161339161673663,-1.1257733095793627,1.8567379344983332,0.6900749835569364,-1.0963847542815959,-1.4175127906313305,-0.2484615919401998,-0.02938855529776685,1.4394232739036041
120,0.423475522151619,0.4746362146895657,-1.162775952317859,1.8640781719344526,0.675463180551151,-1.1140496450750117,-1.4406026497828335,-0.20082696586158527,-0.04872630724284721,1.4553493456198123
121,0.43855365585555617,0.4397557060468932,-1.1950464887613623,1.871232003106772,0.6605812012792008,-1.1312557278065778,-1.432678347251216,-0.22082549523230766,-0.06379076095478453,1.450999795730606
122,0.45249852178166966,0.4044068628767401,-1.2273170252048657,1.8781987126381352,0.6454349983343708,-1.1480198073479873,-1.4257001908564655,-0.2410281354576307,-0.07929721785687849,1.4481034648982045
123,0.4652955991807927,0.3686264938288081,-1.2595875616483692,1.884977603863395,0.6300306299958922,-1.16435869688339,-1.4196820046826022,-0.26140413616708413,-0.09522886476497905,1.4466850567795668
124,0.4624852994313569,0.37736333583952364,-1.265571480574646,1.891567998899078,0.6143742578057116,-1.1802891372852227,-1.429082699467721,-0.237010921966188,-0.08528234328942341,1.4511115109205586
125,0.45972733023863427,0.38611683793490675,-1.271555399500923,1.8979692387111724,0.5984721441039565,-1.1958277295646969,-1.4382419084725382,-0.2123553061690498,-0.07572766993622615,1.4558053590157063
126,0.45702179035772095,0.3948866866767421,-1.2775393184272,1.9041806831810315,0.5823306495240819,-1.2109908790505335,-1.4471588928233106,-0.18744396284733977,-0.06654843937666644,1.4607644557111097
127,0.4597146116960526,0.3859689758891413,-1.2745673075954294,1.9102017111693845,0.5659562304487028,-1.2257947500135267,-1.4504870994733319,-0.1799872545595615,-0.04877255758190269,1.4624250407851775
128,0.4624339246357901,0.3770593075683091,-1.2715952967636588,1.9160317205784498,0.5493554364271267,-1.2402552295333436,-1.4535977959426598,-0.17229612885881762,-0.03134006723031524,1.4641088443838777
129,0.4651797051576722,0.3681577604119369,-1.2686232859318882,1.9216701284121454,0.532534907555621,-1.2543878994917435,-1.456490423254473,-0.16437714714368418,-0.01423538644014477,1.465805869057083
130,0.46525236814900217,0.3679246561399576,-1.257043893391558,1.927116370834386,0.5155013718214642,-1.2682080156685605,-1.4618640026853837,-0.14757671568150654,0.011164122277002475,1.4693365465355062
131,0.4653277254145241,0.36769240886988314,-1.2454645008512277,1.932369903225468,0.4982616424118385,-1.2817304930098559,-1.467042177810944,-0.13056923354195538,0.036265992158628135,1.4732875817067286
132,0.465405766850273,0.3674610497416209,-1.2338851083108975,1.9374302002365305,0.4808226149886482,-1.2949698962289915,-1.4720244333862573,-0.11336156524702728,0.06108478791809402,1.4776461444731572
133,0.47862870856062045,0.32970984032358036,-1.2474664949502563,1.9422967558420892,0.4631912649303451,-1.3079404349891695,-1.4636680472814687,-0.13348142460676476,0.060473940038913154,1.470985567832543
134,0.491337732767719,0.2917825321709658,-1.2610478815896151,1.9469690833906388,0.44537464454187115,-1.3206559629989763,-1.4556313506229197,-0.15359211237090536,0.059608081409361136,1.4649253527972568
135,0.5035304952764497,0.25368612102233273,-1.274629268228974,1.9514467156533182,0.4273798802338298,-1.333129980429876,-1.4479162203768685,-0.17369375921149705,0.05850071220090203,1.4594701903593206
136,0.5146210345247801,0.21734055816823403,-1.3182674880880774,1.9557292048706325,0.40921416967201735,-1.3453756391359823,-1.4411081703458524,-0.19187361150378332,0.027108151047904983,1.4540780905035022
137,0.5241154632992435,0.18054577834491342,-1.3619057079471808,1.9598161227972284,0.3908847788984522,-1.3574057502217107,-1.4357006594979849,-0.21033900055353877,-0.004499957725470072,1.4510338136846919
138,0.5319957042828679,0.14337183852089147,-1.4055439278062842,1.9637070607447196,0.3723990394250553,-1.3692327935620554,-1.4317113564618515,-0.22902720090416384,-0.036311134244228827,1.4503686998297824
139,0.5382467535594138,0.10588951758231838,-1.3485439278062843,1.9674016296225532,0.3537643453011427,-1.380868928933525,-1.4291548760631394,-0.24787482771882433,0.03232500112724068,1.4508516449622133
140,0.5466229863263796,0.06882418708826224,-1.2915439278062844,1.9708994599769205,0.3349881501559047,-1.3923260084614568,-1.4242764736505409,-0.26616396306764245,0.10078208065517247,1.4524337356352883
141,0.557097195571001,0.03229623969589036,-1.2345439278062844,1.9742002020277007,0.3160779642170538,-1.4036155901318894,-1.4171030064566996,-0.28378172452116346,0.169071662325605,1.4550938887516385
142,0.5678391051086387,0.001563440094337995,-1.2041691445546814,1.9773035257034395,0.29704135130683235,-1.4147489521538088,-1.4094644205948008,-0.29547791121249434,0.21057980759912742,1.4554178109071023
143,0.5795094182243713,-0.028828950131584104,-1.1737943613030783,1.9802091206743555,0.2778859258165868,-1.4257371079907708,-1.4006997024499843,-0.3067148759481709,0.25194274668769245,1.4558532958989774
144,0.5920973683947088,-0.05885289228402413,-1.1434195780514753,1.9829166963833729,0.2586193496611108,-1.4365908219100985,-1.390819327988664,-0.3174722419451349,0.29317124385862314,1.4564053027018686
145,0.5974857618032176,-0.07068381884033637,-1.1316362672591758,1.985425982075177,0.23924932921398243,-1.4473206249233783,-1.3879402202719593,-0.3099331480543188,0.31568435766420255,1.456740616920286
146,0.6030131853950638,-0.08245043242037785,-1.1198529564668762,1.9877367268232897,0.21978361222511697,-1.457936831014273,-1.384723541428226,-0.3022340446454948,0.33808387454739686,1.4570879898473128
147,0.6086788717161873,-0.09415109929096045,-1.1080696456745767,1.9898486995551619,0.20022998472177053,-1.4684495535690345,-1.3811698278389746,-0.294381084012731,0.36037990789445784,1.4574511978008975
148,0.611913590355983,-0.10063545877221826,-1.106341866676832,1.99176168907528,0.18059626789423294,-1.4788687219418666,-1.3798480987192971,-0.2812317266664512,0.3725268552650345,1.4566565544138084
149,0.6151595077021575,-0.10711421969870903,-1.1046140876790875,1.9934755040862868,0.1608903149674558,-1.4892040981017618,-1.3783159963841292,-0.2680045346661648,0.38459001042267427,1.4558471391622525
150,0.618416614064935,-0.11358736272990917,-1.102886308681343,1.994989973208109,0.1411200080598672,-1.499465293319851,-1.376573359143174,-0.2547073707897764,0.39657898463850794,1.4550274735874482
151,0.6210787615496799,-0.11885540112726546,-1.106678356908216,1.9963049449950963,0.12129325503062975,-1.5096617848669232,-1.3752261834454163,-0.2401486561578952,0.40298342795870723,1.4530361578080704
152,0.6237209132863125,-0.1241334966159018,-1.1104704051350889,1.997420287951166,0.10141798631660187,-1.5198029326997817,-1.3736993746648536,-0.22555148293250366,0.40933252756469285,1.4510260375093762
153,0.6263430312817145,-0.1294215732988502,-1.1142624533619618,1.998335890542952,0.08150215176026913,-1.5298979961226906,-1.3719928592612374,-0.21092372505911933,0.4156355427607288,1.4490017695167408
154,0.6289589854456621,-0.13474787218886752,-1.121232387212418,1.9990516612109581,0.06155371742991314,-1.5399561504164885,-1.370092675765296,-0.19630158961878066,0.41872376320407056,1.4460352153887357
155,0.6315377524180174,-0.1400922745835197,-1.128202321062874,1.999567528378714,0.04158066243329049,-1.5499865034331373,-1.3680297759606965,-0.1816729370168102,0.42178418237026327,1.4430566241340423
156,0.634079206922845,-0.14545452085290766,-1.13517225491333,1.9998834404599326,0.02159097572609596,-1.5599981121576436,-1.3658042335370877,-0.16704549657900364,0.42482585724431354,1.4400702799719614
157,0.6367480943734282,-0.15118856770913133,-1.1441096443074639,1.9999993658636692,0.0015926529164868282,-1.56999999924253,-1.363251271490241,-0.15278122062561816,0.4258903549350661,1.4363769439190845
158,0.6393656285061404,-0.15694623812669906,-1.1530470337015977,1.9999152929974802,-0.018406306933053812,-1.580001169522415,-1.3605496644913397,-0.13853993119364524,0.4269541358208173,1.432682287242059
159,0.6419316002417851,-0.16272707220363997,-1.1619844230957315,1.9996312302685817,-0.03839790450523538,-1.5900106265178413,-1.3576996300267967,-0.12432916769840459,0.42802620342210984,1.4289900133070994
160,0.6446040126531438,-0.16889579966646368,-1.1722638297512313,1.9991472060830102,-0.058374143427580086,-1.600037388938299,-1.3545431934298664,-0.11052165623888359,0.4277735591870677,1.4247780589637595
161,0.6472128741324996,-0.1750916715492993,-1.1825432364067312,1.998463268842781,-0.0783270334708653,-1.610090507194452,-1.3512503947102814,-0.09676463807843401,0.4275472707877208,1.4205765354760616
162,0.6497579090137979,-0.18131403316366687,-1.192822643062231,1.997579486941048,-0.09824859374510869,-1.6201790799288849,-1.34782157792725,-0.08306543941855818,0.4273564368666538,1.4163885050661285
163,0.6523433206180803,-0.18782533817914518,-1.2041262909503718,1.996495948755265,-0.11813085589181781,-1.6303122705732334,-1.3441526281371847,-0.06969448228732737,0.42618597962286153,1.4118208448016687
164,0.6548549671201035,-0.19436545117641257,-1.2154299388385126,1.9952127626383473,-0.13796586727122728,-1.6404993239373136,-1.3403577955182437,-0.05639958390518529,0.425069385098801,1.4072753515994931
165,0.6572925276040433,-0.20093353651806928,-1.2267335867266533,1.9937300569078378,-0.15774569414324865,-1.6507495828327603,-1.3364375293037944,-0.04318784237482062,0.42401599610610696,1.4027544419514333
166,0.6596988501983497,-0.20764920662706077,-1.2389092258061944,1.9920479798330735,-0.17746242484086058,-1.6610725047296746,-1.3323491296347236,-0.030186781786200184,0.42216327892348016,1.3979582537058957
167,0.6620232288756341,-0.21439367674748214,-1.2510848648857356,1.9901666996203604,-0.19710817293466984,-1.671477678439753,-1.3281434707447262,-0.017285503812812297,0.42039281355401736,1.3931956019209122
168,0.6642653190598775,-0.22116594704970657,-1.2632605039652767,1.988086404396152,-0.21667508038737962,-1.6819748408132476,-1.3238210853362744,-0.004490866662326953,0.4187143368479709,1.388468267461063
169,0.6664132751547343,-0.22792876433295553,-1.2762477228402649,1.985807302188237,-0.236155320696897,-1.692573893429715,-1.3193940270335027,0.008226556363941456,0.4163261705894501,1.383544634306739
170,0.6684732223872961,-0.23471890648103344,-1.289234941715253,1.9833296209049371,-0.2555411020268312,-1.7032849192537511,-1.314856398517641,0.020822195545797784,0.41404997753849804,1.3786654040954822
171,0.6704448133155674,-0.2415352282313326,-1.3022221605902413,1.980653608312316,-0.27482467032312397,-1.714118199216562,-1.3102087949967487,0.033289442091791355,0.4118960386263206,1.3738317291712512
172,0.6722734006693496,-0.24817923232292133,-1.3160139506524249,1.977779532009403,-0.2939983124155676,-1.725084228672093,-1.3055061313400533,0.04581908009264629,0.4090702780196682,1.3688623522568284
173,0.6740101843102443,-0.2548478232283661,-1.3298057407146084,1.9747076794014329,-0.3130543591029702,-1.7361937336623283,-1.3006974950911885,0.058206535874604115,0.4063879929477199,1.3639476439244618
174,0.6756548338838396,-0.26153973251193624,-1.343597530776792,1.971438357671107,-0.33198518822073414,-1.7474576869099745,-1.2957835237872675,0.0704454557087979,0.4038601561331825,1.35908812387589
175,0.6771239080225206,-0.2678941200534932,-1.358220274350771,1.9679718937478738,-0.35078322768961984,-1.7588873234378162,-1.2908479857253532,0.08288910763612661,0.4006670490870452,1.3541392877544154
176,0.6784999098336384,-0.2742693093737438,-1.37284301792475,1.964308634275237,-0.36944095854447706,-1.7704941556922353,-1.2858087244415985,0.09517164917073329,0.3976511377674854,1.3492546631469478
177,0.6797825450993579,-0.28066393732448247,-1.387465761498729,1.960448945576091,-0.3879509179417303,-1.7822899880233805,-1.2806664004767332,0.10728698061724784,0.39482422652465154,1.3444341171551648
178,0.6808747331895815,-0.2865545230044381,-1.4029689025669012,1.9563932136160893,-0.40630570214441675,-1.7942869303459041,-1.2755184804265078,0.11975117913997863,0.39131802777900293,1.3395587100533561
179,0.6818754711075354,-0.2924613324729155,-1.4184720436350735,1.9521418439650484,-0.4244979694835826,-1.8064974107716563,-1.270266372857513,0.1320366370106671,0.38802536713658276,1.3347561638992902
180,0.6827845183332975,-0.2983829460721517,-1.4339751847032458,1.9476952617563903,-0.44252044329485246,-1.818934186968815,-1.2649107434230928,0.14413749722270075,0.3849590022655691,1.330025654022541
181,0.6835073119776328,-0.30363270320887864,-1.4504259060389773,1.9430539116446306,-0.46036591482899825,-1.8316103559602837,-1.2595465996669977,0.1567332116201196,0.3811844499213064,1.3252639439822025
182,0.6841436494242411,-0.30889363994114893,-1.4668766273747087,1.9382182577609126,-0.47802724613534286,-1.8445393620273418,-1.2540746083366714,0.16913360619419393,0.3776627346526331,1.3205826142897434
183,0.6846933584674002,-0.31416433255358384,-1.4833273487104401,1.933188783666595,-0.4954973729168449,-1.8577350023321744,-1.2484954251991949,0.1813330403632611,0.3744076536217342,1.3159800869926699
184,0.6850817780741512,-0.3185936574774391,-1.5008076432236646,1.9279659923048962,-0.5127693073557238,-1.871211429814701,-1.242884214230745,0.19417564987828467,0.37040378659103634,1.3113597210950962
185,0.6853927163783586,-0.32302909504807076,-1.518287937736889,1.9225504059505998,-0.5298361409084934,-1.884983152854841,-1.2371576895722411,0.20680704586042264,0.3666952151179521,1.3068258047175385
186,0.6856260783719171,-0.3274692900045965,-1.5357682322501134,1.9169425661578283,-0.5466910470692872,-1.899065031120944,-1.2313164877859113,0.21922175706469066,0.36329679887083066,1.3023759195922486
187,0.685746171781081,-0.3308963758854069,-1.5543727894883184,1.911143033705888,-0.5633272841003701,-1.9134722669486295,-1.225396861924807,0.23243090821496326,0.3590994774603111,1.297911411083617
188,0.6858024886695817,-0.33432510283129274,-1.5729773467265233,1.9051523885431907,-0.5797381977287431,-1.928220391512157,-1.219349899873609,0.2454130948974504,0.3552430447856336,1.2935375473241946
189,0.6857950095450422,-0.33775428409277053,-1.5915819039647283,1.898971229729261,-0.5959172238077642,-1.9433252449633298,-1.2131762201842187,0.2581629397149937,0.3517433409986015,1.2892509540813277
190,0.6857484069043635,-0.3399960274275711,-1.6114157123443569,1.892600175374829,-0.6118578909427194,-1.958802949622059,-1.2068517684704654,0.27186186351514824,0.34738723727770204,1.284942783363389
191,0.6856573540369573,-0.3422364056011343,-1.6312495207239854,1.886039862580021,-0.6275538230792937,-1.9746698752097716,-1.2003825085430637,0.2853174174781595,0.3434203544857861,1.2807270339177226
192,0.6855218867600222,-0.344474537322486,-1.651083329103614,1.8792909473706498,-0.6429987420539088,-1.9909425950243342,-1.1937690606106277,0.2985242047314228,0.33985926592072024,1.2765992290119401
193,0.6854515563232702,-0.345348642134285,-1.6722580655528843,1.8723541046326122,-0.6581864701049049,-2.007637831866406,-1.186902548309342,0.31283782797061993,0.3353797663135216,1.2724326125359637
194,0.6853627340970296,-0.34622106187527535,-1.6934328020021545,1.865230028044401,-0.6731109323435617,-2.024772392446539,-1.1798672939473713,0.3268898704682863,0.3313395904443843,1.2683571038699306
195,0.6852554599049867,-0.347091405393701,-1.7146075384514248,1.8579194300077386,-0.6877661591839738,-2.0423630889355304,-1.172663970102752,0.3406747537902728,0.32775555048410565,1.2643669465469074
196,0.6853525732797701,-0.34642078340236976,-1.7372358219867372,1.8504230415763365,-0.7021462887308055,-2.060426646274568,-1.1650704682965665,0.3557255053284358,0.32319082428783097,1.2603103348547926
197,0.6854648355222496,-0.3457525304175411,-1.7598641055220496,1.8427416123827909,-0.7162455691239705,-2.078979593845187,-1.1572767768605412,0.3704930387064294,0.3191154883231375,1.2563396534689022
198,0.6855921891522073,-0.3450869885963492,-1.782492389057362,1.8348759105636196,-0.7300583608392996,-2.0980381401223296,-1.1492837214114124,0.38497137224295047,0.3155457510649675,1.2524476638818245
199,0.686103440524725,-0.342708148054116,-1.8066789263239837,1.8268267226824504,-0.7435791389442745,-2.1176180290088564,-1.1407232821577253,0.40087099089015854,0.3109391026848727,1.2484511537791234
200,0.6866720726723718,-0.34034236747005153,-1.8308654635906054,1.8185948536513634,-0.7568024953079283,-2.137734376690414,-1.1319227809789916,0.4164601278378768,0.30686891309980857,1.2445307348575256
201,0.6872977529680481,-0.3379910307313269,-1.855052000857227,1.8101811266504018,-0.7697231407640244,-2.1584014880706035,-1.1228833736823538,0.43173211003269746,0.3033494872133764,1.2406774750587553
202,0.6885313706657539,-0.3337687355504816,-1.88088068296141,1.8015863830452545,-0.7823359072266527,-2.179632652163961,-1.1130550123795007,0.4485671716761711,0.29875196920255087,1.2366716246405476
203,0.6898736210950674,-0.32957970785860724,-1.9067093650655929,1.7928114823031196,-0.7946357497573974,-2.201439916254256,-1.1029378612080523,0.46505604189879013,0.2947305511886633,1.2327267116424205
204,0.6913236088625624,-0.3254267420879323,-1.9325380471697757,1.7838573019067592,-0.8066177485832404,-2.22383383918308,-1.0925336930441967,0.4811910064953081,0.29129579201330413,1.2288319224423723
205,0.6936504957032453,-0.3192773444233919,-1.960054354549427,1.774724737266751,-0.8182771110644103,-2.246823224830935,-1.0810742415635057,0.49899976664101836,0.2867688702815083,1.224727997492681
206,0.6961456890661077,-0.3131942938656597,-1.987570661929078,1.7654147016319481,-0.8296091736113709,-2.270414837697643,-1.0692690125658404,0.5164148797457111,0.2828441757685649,1.220664317911564
207,0.6988072998417507,-0.3071821958886654,-2.015086969308729,1.7559281259981563,-0.8406094035501944,-2.294613103481373,-1.0571208261564056,0.533427207661529,0.2795261341726438,1.2166280806609227
208,0.7026514372753219,-0.29910683276793615,-2.0442758460322685,1.746265959015033,-0.8512734009355746,-2.319419798686549,-1.043614521739711,0.5521665681676384,0.27514395265428027,1.212321485279484
209,0.7067296145503192,-0.2911470995906549,-2.073464722755808,1.7364291668912253,-0.8615969003107405,-2.3448337345377843,-1.029699552340906,0.5704498007200857,0.27136901178197625,1.208029504518898
210,0.7110383573450324,-0.28330977749258945,-2.1026535994793476,1.7264187332977474,-0.8715757724135882,-2.3708504418018905,-1.0153803759527151,0.5882659949209987,0.2681968423225429,1.2037374027926742
211,0.71689138637886,-0.273362660307288,-2.1334896671572876,1.7162356592696177,-0.8812060258283252,-2.3974618644663783,-0.9993442728907578,0.6078433655210371,0.2639721973090907,1.1991012691677414
212,0.7230483142899372,-0.2636007277185664,-2.1643257348352276,1.7058809631057523,-0.8904838085819884,-2.424656071515499,-0.9828326488158151,0.626883080863422,0.2603303366802714,1.1944514627422878
213,0.7295032871467693,-0.2540332612521235,-2.1951618025131676,1.6953556802671397,-0.8994054096851778,-2.4524169971891108,-0.9658523931203704,0.6453721484330543,0.25725519467594316,1.1897715286798556
214,0.7383081123309102,-0.24181316407906128,-2.2282103607299373,1.6846608632732913,-0.9079672606164054,-2.4807242209956297,-0.9463527509423811,0.6661540965373441,0.25251386026569245,1.184528623198266
215,0.7475119126869532,-0.22989067354861972,-2.261258918946707,1.6737975815969954,-0.9161659367494548,-2.509552799257385,-0.9262856689100423,0.6862752632008351,0.248293880310678,1.1792492223059692
216,0.7571046366727939,-0.21827881030563231,-2.2943074771634766,1.6627669215573662,-0.9239981587231878,-2.5388731599736905,-0.9056622848845722,0.7057193484175555,0.24456568281021385,1.1739149654901198
217,0.7686983975345724,-0.20515329098335655,-2.328705055043811,1.6515699862112163,-0.9314607937532426,-2.5686510721830618,-0.882871588676644,0.7263075027698861,0.23994601713925068,1.1681433652652566
218,0.7807366972879636,-0.1924342545636021,-2.3631026329241456,1.6402078952427481,-0.9385508568851079,-2.598847699706418,-0.8594711979547845,0.7461166023215058,0.23574506678227225,1.1623065262166423
219,0.7932052937009444,-0.18013674864208534,-2.39750021080448,1.628681784851592,-0.9452655121880633,-2.6294197471130945,-0.8354764911506476,0.765128763545978,0.2319195363086144,1.1563864680081646
220,0.8073085198442788,-0.1671530060092926,-2.4325076007076434,1.6169928076391802,-0.951602073889516,-2.6603197029822847,-0.8096842877949014,0.7844490678802234,0.22781210227464133,1.1501510074520127
221,0.8218575391039867,-0.15467083476446192,-2.4675149906108067,1.6051421324934945,-0.957558007449271,-2.691496182110619,-0.7832845933895077,0.802887172684809,0.22398119149981222,1.143822600077848
222,0.8368345232254194,-0.1427055304628161,-2.50252238051397,1.593130944472173,-0.9631309305733167,-2.722894364390203,-0.7562964212467537,0.8204254001105006,0.22037198387623302,1.1373855657668022
223,0.852903461852691,-0.13076470691578856,-2.53745333427695,1.5809604446840095,-0.9683186141667071,-2.7544565238654024,-0.7280569828313186,0.8375539072509185,0.21700318958845255,1.1307757965628222
224,0.8693796175832673,-0.11939235676597076,-2.5723842880399297,1.5686318501688397,-0.9731189832251738,-2.7861226372410264,-0.6992522325855723,0.8537266264592029,0.2137383492010967,1.1240493402962917
225,0.8862428887250733,-0.10860235482036387,-2.6073152418029095,1.5561463937758424,-0.9775301176650971,-2.817831057161089,-0.6699035050507691,0.8689277628447333,0.21051581535817965,1.1171942855374701
226,0.9033932654965298,-0.09845486574953943,-2.6415120056779657,1.5435053240402514,-0.9815502530915156,-2.8495192322111245,-0.6401120585437217,0.8830953873419761,0.20800722653315873,1.110345854645197
227,0.9208805589179387,-0.08889968251534856,-2.675708769553022,1.530709905058507,-0.9851777815038595,-2.881124453092601,-0.6098293461405682,0.896278098988511,0.20541568353957906,1.1033593545100002
228,0.938684321014872,-0.07994797803847836,-2.709905533428078,1.5177614163618436,-0.9884112519391305,-2.912584602987957,-0.5790770953469716,0.9084632739006522,0.20267906955987902,1.0962274433799928
229,0.9556139180057259,-0.07214911227926696,-2.742771650763083,1.5046611527883416,-0.9912493710522671,-2.9438388899030694,-0.5490472347826156,0.9191002587730002,0.2010672391399866,1.089323728904502
230,0.9727906445939766,-0.06491076819270848,-2.7756377680980875,1.49141042435344,-0.9936910036334646,-2.974828539761162,-0.5186197797594635,0.9287802354407562,0.19919077166307453,1.0822551294490925
231,0.9901959484645148,-0.05824076380161839,-2.808503885433092,1.4780105561189416,-0.9957351730622453,-3.0054974311418126,-0.48781460765442686,0.937494409260627,0.1969935457087204,1.0750187514117455
232,1.0049708548491318,-0.05312894632660937,-2.839540085087403,1.4644628880605028,-0.9973810616980933,-3.0357926556293995,-0.459492033211371,0.9442521153714839,0.19625257054199663,1.0682977381856535
233,1.019897271791423,-0.048478073952861744,-2.8705762847417136,1.450768774933639,-0.9986280112074989,-3.0656649915020315,-0.4308715031422161,0.9501499372546371,0.19508870676031798,1.0613645740227233
234,1.034960822638693,-0.04429262625354476,-2.9016124843960243,1.4369295861382525,-0.9994755228272839,-3.095069282657533,-0.40196876349955946,0.9551828965737391,0.19345679826150874,1.054219514868681
235,0.9980498004758541,-0.05332459408422358,-2.930422219636993,1.4229467055816887,-0.9999232575641007,-3.1239647189303588,-0.42489690510583455,0.9465986634798771,0.19354249929336564,1.055483353115116
236,0.9608939227354877,-0.06128956422496747,-2.959231954877962,1.4088215315403523,-0.9999710363300244,3.1308702891621083,-0.4479276088048646,0.9386814721050569,0.1930830631395164,1.057848343608052
237,0.9235240266944997,-0.06818092620107591,-2.988041690118931,1.3945554765198755,-0.9996188400141854,3.1030967943149705,-0.4710314498253758,0.9314379138131095,0.1920468227456844,1.0612865758784595
238,0.961076926136119,-0.06236889183025247,-3.0158458054349655,1.3801499671138728,-0.9988668094904141,3.0759271557872387,-0.4190730409777539,0.9364979176601615,0.19141234595738155,1.0436902076962633
239,0.9987768886783956,-0.05760309448763122,-3.043649920751,1.3656064438612794,-0.9977152455608932,3.0493838894183343,-0.36682955518288374,0.940112151073262,0.1901514970102518,1.026904265726123
240,1.0365947715329735,-0.05388721822523607,-3.071454036067035,1.350926361102302,-0.9961646088358407,3.023485121228019,-0.3143315895693284,0.9422773906106046,0.1882461498845327,1.0110032848628439
241,1.0499787085664456,-0.05294694501072384,-3.0944984077252093,1.3361111868329818,-0.9942155195492712,2.998244789888664,-0.2861324782665362,0.9412685745385474,0.19044210956571295,1.0020611366721184
242,1.0633807581213994,-0.052315318570147186,-3.117542779383384,1.3211624025584014,-0.9918687573109126,2.9736728934044856,-0.257781644437002,0.9395534387407655,0.19196963439171633,0.9930077446761085
243,1.0767938034473106,-0.051992674309503814,-3.1405871510415584,1.3060815031445296,-0.9891252607943699,2.9497757684852686,-0.22928769969721907,0.9371325864848661,0.19282238765275928,0.9838550742179297
244,1.0657537102507741,-0.0520037751550868,3.121113034975739,1.2908699966687416,-0.9859861273616705,2.9265563918596627,-0.22511628641796744,0.9339823522065837,0.19455664311607634,0.980230923825889
245,1.0547159265826476,-0.05177769394706873,3.09962791381345,1.2755294042690073,-0.9824526126243325,2.904014693833692,-0.22081347768635973,0.9306749186772637,0.19561321997975822,0.9763088281961427
246,1.043685547403016,-0.05131453504287909,3.0781427926511613,1.2600612599917844,-0.9785261299411385,2.8821478756489345,-0.21637571258876842,0.9272115948982594,0.19599491700222682,0.9720873408304324
247,1.0569079146949762,-0.052154620073391375,3.0591781108347966,1.2444671106386092,-0.974208249852809,2.8609507235309106,-0.1875591959436329,0.9220536297794176,0.198227387303886,0.9615900609146011
248,1.0701119732951605,-0.053245296993881794,3.040213429018432,1.2287485156114235,-0.9695006994538089,2.8404159136590224,-0.158636542316263,0.9162554024599271,0.1997975153594096,0.9511091221510053
249,1.083292974385324,-0.054586173544166096,3.0212487472020673,1.2129070467566294,-0.9644053617015306,2.820534303571183,-0.1296140723713055,0.9098191881573645,0.2007144436308841,0.9406684063888057
250,1.064081934613845,-0.052263015965116136,3.000002505889151,1.1969442882079129,-0.9589242746631383,2.8012952066945758,-0.13286235359406784,0.9066612586980222,0.19870729919457508,0.9376415273331485
251,1.0449245852907452,-0.04953225102628091,2.9787562645762344,1.1808618362278254,-0.9530596307003675,2.7826866477405034,-0.1359372509370802,0.9035273796740866,0.196069616835731,0.9344966327703713
252,1.0258295737712795,-0.046395111356149106,2.957510023263318,1.1646612990481637,-0.9468137755926088,2.764695597602315,-0.13883172527688425,0.9004186642364597,0.19281442566100315,0.9312386491075793
253,1.0482843621775724,-0.050575979780875614,2.9448193493334585,1.1483442967091446,-0.9401892075986283,2.747308187147715,-0.10005993453157225,0.8896132278177528,0.1975111621857435,0.916752062880006
254,1.0706842857865766,-0.055041470287755856,2.932128675403599,1.1319124608974056,-0.9331885764572977,2.7305098999059307,-0.06122817511082901,0.8781471061695418,0.20161877549766816,0.9030732861371341
255,1.0930257370672252,-0.059790863704884886,2.9194380014737393,1.1153674347828333,-0.9258146823277321,2.71428574412675,-0.022341697715608122,0.8660238186228473,0.2051522573469895,0.8902717869131197
256,1.0656953134394265,-0.05361738801576898,2.9084124608650597,1.0987108728542532,-0.918070474669267,2.69862040504676,-0.0330155594148267,0.864453086653498,0.20979205581829952,0.8901583414610585
257,1.038434615500607,-0.04714296096409269,2.89738692025638,1.081944440753977,-0.9099590510617106,2.6834983784538204,-0.043509825253370105,0.862816090097618,0.21388854180255956,0.8899960778224503
258,1.0112469570970357,-0.04036836958971753,2.8863613796477003,1.0650698151112423,-0.9014836559663549,2.6689040868100813,-0.05382285801420661,0.8611152863766374,0.21745729283761905,0.8897775624753648
259,1.039512572038541,-0.04774348403596641,2.8748193709077277,1.0480886833745522,-0.8926476794282345,2.654821979292142,-0.008576111336011216,0.8449041953922681,0.2199973916155855,0.8731182631206181
260,1.0676911825116757,-0.05544434196999211,2.863277362167755,1.0310027436429283,-0.8834546557201532,2.6412366171483908,0.0366884388687474,0.8280103137501611,0.22204074501936422,0.8580496568800784
261,1.0957790346609488,-0.06346991751055497,2.8517353534277823,1.0138137044961069,-0.8739082619290224,2.6281327457710297,0.08196533016484198,0.8104383444184674,0.22360260765675255,0.8447051270139643
262,1.0651638254135452,-0.05433870523164191,2.8427274688190503,0.9965232848236771,-0.8640123164850744,2.615495354844479,0.06864054058986802,0.8096736112534325,0.22723211397457144,0.8437519269275754
263,1.0346321100413594,-0.04493208886991411,2.833719584210318,0.979133213653199,-0.8537707776345435,2.603309727872266,0.0554988963881603,0.8088386887646294,0.23040985633805233,0.842845688035782
264,1.0041863659316344,-0.03525083169173537,2.824711699601586,0.9616452299772965,-0.8431877418564168,2.591561482308587,0.04254113595433784,0.8079369101646814,0.23315021729299934,0.8419802983909486
265,1.0344958991491024,-0.04519027910897376,2.8147616489436187,0.9440610825797653,-0.8322674422239013,2.5802366014347324,0.09043481656933716,0.7870771631149275,0.23452504750888625,0.8262390178719576
266,1.0647050356304435,-0.055430810924878546,2.804811598285651,0.9263825298606904,-0.821014246711247,2.56932145902926,0.13832250576975313,0.7655834357863684,0.23549013925639128,0.8128386792223156
267,1.0948107845898443,-0.0659714132992397,2.7948615476276837,0.9086113396606129,-0.8094326564466194,2.558802837787985,0.18619944492923135,0.7434612431473797,0.2360587098396989,0.8019529710933081
268,1.0646165302229604,-0.05506137058477474,2.7875062435436915,0.8907492890837423,-0.7975273039117043,2.5486679423582137,0.17386724113921814,0.7424659333269296,0.23883830118547777,0.7990802298928166
269,1.0345033385726679,-0.04392953706840017,2.7801509394596993,0.8727981643202526,-0.7853029510887806,2.538904407763251,0.16170517425241526,0.7413734140203804,0.24124653169644805,0.7962304888986628
270,1.0044728387702915,-0.03257651498513964,2.772795635375707,0.8547597604676596,-0.7727644875559871,2.5295003039093875,0.14971307830263192,0.7401879725708476,0.24329533146631954,0.7934008185442576
271,1.0328029192487913,-0.04352552025802174,2.7636904044019985,0.836635881351318,-0.759916928531561,2.5204441367892327,0.19616703789747336,0.7163914082735393,0.2432462676127658,0.7815797485305993
272,1.0610321335350374,-0.054732020031147924,2.75458517342829,0.8184283393440346,-0.7467654128678123,2.5117248469228364,0.24260379419100286,0.6920333928366643,0.24286032650545364,0.7724946316624026
273,1.089158141295665,-0.06619508523348361,2.7454799424545815,0.800138955184839,-0.7333152009956565,2.503331805511806,0.289019186110826,0.6671201157621729,0.2421481369427756,0.7663008932655347
274,1.0642399311230246,-0.05577382734372953,2.742186103017188,0.7817695577969044,-0.7195716728205074,2.495254808721464,0.28247037332612024,0.6637978454767779,0.2469312942957238,0.7624907576942631
275,1.0393561820119608,-0.04527054955104595,2.7388922635797943,0.7633219841046635,-0.7055403255703919,2.4874840704519436,0.27603419790729733,0.660269776019346,0.2514081931278507,0.7585229957692601
276,1.0145071639354357,-0.03468536580936338,2.7355984241424007,0.7447980788501106,-0.6912267715971265,2.480010213910566,0.2697090850853251,0.6565414057877632,0.25558821023183453,0.7543970713761077
277,0.9978505052292139,-0.027525051690100458,2.7258565903841925,0.7261996944083366,-0.6766367361314569,2.4728242622546763,0.2716508108208773,0.6491116844413565,0.25303232812951615,0.7477736963658045
278,0.9812643903893762,-0.02020281350346741,2.7161147566259842,0.7075286906022854,-0.6617760549930369,2.4659176285357978,0.2737356997870908,0.6415732414895695,0.25019712809018646,0.741043899130098
279,0.9647503934809206,-0.012719346148718672,2.706372922867776,0.68878693451678,-0.6466506722561834,2.4592821051422575,0.27596345896414065,0.6339313261074647,0.24709081772551844,0.7342197417041353
280,0.9992079355775595,-0.028740513167957914,2.7070002062266294,0.6699763003118093,-0.631266637872321,2.452909852907744,0.32923163526575017,0.6025261247043631,0.2540903533188854,0.7321155019945512
281,1.0336755207057473,-0.044740062393830805,2.707627489585483,0.65109866903512,-0.6156301052500863,2.446793390027349,0.38257685167062727,0.5708900428562556,0.26083409955813375,0.7350611647740132
282,1.068153135303027,-0.060717987530764336,2.7082547729443363,0.6321559284341076,-0.5997473287940437,2.440925580900035,0.4359972068689193,0.5390293412632794,0.26732919204430106,0.743041783521817
283,1.0535389029426816,-0.053956461851387576,2.6999555251207026,0.6131499727670459,-0.5836246614030073,2.435299624996844,0.44038893017563574,0.5296681995516197,0.2646559001238584,0.7379251702631271
284,1.0389812888085452,-0.04707388328542617,2.691656277297069,0.5940827026136648,-0.5672685519289687,2.4299090458371793,0.44489858619488043,0.5201946686435426,0.26174723145988965,0.732836174366608
285,1.0244812955871405,-0.040070725885063704,2.6833570294734352,0.5749560246850888,-0.5506855425976376,2.4247476801408347,0.44952527090205174,0.5106148167125739,0.2586093493326005,0.7277906675605351
286,1.0097562111250364,-0.03280753070974,2.6758329230501627,0.5557718516331736,-0.5338822663916443,2.419809667210888,0.4539843594918629,0.5010747356819043,0.25602325583927454,0.72299764656081
287,0.9950861920083532,-0.025433749068879123,2.6683088166268902,0.5365321018592358,-0.5168654443974288,2.4150894385917674,0.4585540901491174,0.49143169532854963,0.25321937803512284,0.7182597149906653
288,0.9804720687348987,-0.017949798406346577,2.6607847102036177,0.5172386993222217,-0.4996418831169025,2.410581708037644,0.463233369412677,0.4816920847105559,0.2502030021659736,0.7135922934723226
289,1.0141636873265738,-0.035524633730556525,2.6833262372913596,0.49789357334630513,-0.48221847174493154,2.4062814618184905,0.5162701139802687,0.446693838014375,0.2770447754728691,0.7367659215286935
290,1.048242876658169,-0.05233560795875905,2.7058677643791014,0.47849865842796485,-0.4646021794137574,2.402183949384547,0.5697442182302042,0.41226657145499834,0.30368381499455444,0.7660261481409447
291,1.0826923211301083,-0.06837417945296546,2.728409291466843,0.4590558940425284,-0.44680005240543,2.398284674404404,0.6236364270875798,0.37842587295246455,0.330124617062439,0.8006939473363209
292,1.0699004155804612,-0.06276593720386134,2.7214027570790886,0.4395672244502339,-0.42881921133339584,2.394579386187274,0.6303331911302273,0.3660532741295345,0.3268233708918147,0.7988294230325124
293,1.0571481180372706,-0.05706820641997399,2.714396222691334,0.4200345985017983,-0.41066684829434086,2.3910640714961615,0.6371135195354722,0.35359864187436685,0.32333215119517256,0.7971758377590049
294,1.0444360545276976,-0.05128126681044738,2.7073896883035795,0.40045996944354106,-0.39235022399145386,2.387734946755494,0.6439760850841565,0.3410689571810065,0.3196547415480855,0.7957464329213354
295,1.034221808515688,-0.0465447384406657,2.740838666356922,0.3808452947220541,-0.373876664830236,2.3845884506541766,0.6533765137936339,0.3273319263895703,0.3562502157027456,0.812995249063168
296,1.0238548735025361,-0.042152451903486474,2.774287644410265,0.36119253578846583,-0.35525355998804264,2.381621237142953,0.6626623377140703,0.31310110808455616,0.39266640726731206,0.8314689321343716
297,1.0133468472875924,-0.03810932098084071,2.8077366224636076,0.34150365790229065,-0.3364883584585042,2.3788301688233062,0.6718431893853017,0.29837903747766353,0.42890645364030133,0.8510958037164861
298,1.018584093896637,-0.03992580246406324,2.8299769558102947,0.3217806299349115,-0.31758856607203484,2.3762123107238504,0.6968034639617255,0.2776627636079716,0.4537646450864443,0.8766607273135388
299,1.0238604411264012,-0.041625366212147394,2.852217289156982,0.3020254241726877,-0.2985617424935936,2.373764924459197,0.7218350169537135,0.25693637628144617,0.47845236469778474,0.9033154257744693
300,1.0291732792320214,-0.04320717160040185,2.874457622503669,0.2822400161197344,-0.27941549819892586,2.371485462765573,0.7469332631122869,0.236208326598524,0.5029721597380963,0.9309590036997595
301,1.0245904552585887,-0.041952961934515344,2.9034985197174863,0.2624263843003676,-0.260157491430468,2.3693715644070066,0.7621640709582211,0.21820452949595268,0.5341269553104797,0.9559282881792972
302,1.0199731454115162,-0.04083235172860085,2.9325394169313035,0.2425865100612595,-0.2407954251341592,2.3674210494456176,0.7773866353502566,0.19996307340555836,0.5651183674856859,0.9816689772100758
303,1.015325243534869,-0.03984628600942593,2.9615803141451207,0.22272237737329917,-0.22133704387835867,2.365631914869418,0.7926028661615698,0.18149075786893276,0.5959483992757026,1.0081233521938906
304,1.0132510024898809,-0.03946881090078725,2.976070286178214,0.20283597263320371,-0.2017901307561289,2.364002330571082,0.8104150298566771,0.16232131985534165,0.6120679556071322,1.0284687228001994
305,1.0111715097818006,-0.03912143006165548,2.9905602582113073,0.1829292844648735,-0.182162504272095,2.3625306356712543,0.828242225316927,0.14304107421043952,0.628029622540053,1.0492221592670512
306,1.0090872020118005,-0.03880421642658866,3.0050502302444007,0.16300430352053824,-0.16246201521515416,2.3612153351802236,0.8460828984912623,0.1236577987885655,0.643834895064177,1.0703601704206434
307,1.0068598111490994,-0.038498178807541326,3.015764611263117,0.14306302228168652,-0.14269654351825772,2.360055096992098,0.8637967888674128,0.10419836471071639,0.655709514271019,1.089475634776463
308,1.0046292691942198,-0.03821602341234534,3.026478992281833,0.1231074348598263,-0.12287399510655006,2.3590487492060004,0.8815218343343935,0.08465797169420472,0.6674302430758328,1.108923282266143
309,1.0023958322063795,-0.03795778263155478,3.0371933733005494,0.10313953679706928,-0.10300229873509785,2.3581952777692634,0.8992562954093102,0.06504451610354306,0.678998095531286,1.1286855574709609
310,1.000145965085644,-0.037722041034735386,3.0439672769470714,0.08316132486658098,-0.0830894028174964,2.3574938244380585,0.9169846402190629,0.04536736178276101,0.6864734525090128,1.146370284381297
311,0.9978945527045043,-0.03750154511302854,3.0507411805935933,0.06317479687290779,-0.06314327224661277,2.356943685051464,0.9347197558315965,0.02564172713358423,0.6937974955421295,1.164351100369989
312,0.9956416983703579,-0.03729630498402085,3.0575150842401153,0.04318195145219192,-0.04317188520872868,2.3565443081154838,0.9524597469181659,0.005875580224707827,0.7009707761246315,1.182613259237001
313,0.9933574431506648,-0.03710379652694376,3.0642231815773324,0.02318478787231655,-0.02318322999237945,2.356295293694157,0.9701726552783482,-0.013920566534564312,0.7079278878831756,1.2010789556333163
314,0.9910719479691046,-0.03692661529259116,3.0709312789145495,0.0031853058329736565,-0.0031853017931379904,2.356196392605459,0.987886642136131,-0.033741313499453175,0.7147348863090905,1.2197968895086333
315,0.9887853156693064,-0.036764769253835324,3.0776393762517666,-0.016814494734297237,0.016813900484349713,2.3562475059203347,1.0055998104036037,-0.053578669738185036,0.7213918703314319,1.238752551204218
316,0.9861992954278671,-0.036599158939285815,3.077176336319082,-0.03681261386610762,0.03680637742582691,2.3564486847638113,1.0230119092939747,-0.07340553636511273,0.7207276515552707,1.2535509910022524
317,0.9836133521478431,-0.0364323512118945,3.0767132963863975,-0.05680705176720758,0.05678413230707805,2.3568001304177795,1.0404204039150506,-0.09321648351897255,0.719913165968618,1.2686366289120612
318,0.981027486383676,-0.036264346107425946,3.076250256453713,-0.07679580901047076,0.07673917429251892,2.3573021947256567,1.0578232953941467,-0.11300352039994487,0.7189480617280561,1.283996197565959
319,0.9786067680836791,-0.03610594506883567,3.0809926288970577,-0.0967768867368283,0.09666352163141724,2.357955380799775,1.0753836548205074,-0.1327694667002529,0.7230372480972829,1.302636019185357
320,0.9761853258108204,-0.035959025716197565,3.0857350013404026,-0.11674828685516017,0.11654920485049365,2.358760344032969,1.0929336126659805,-0.15250823056669122,0.7269746573074336,1.3214593427165875
321,0.9737632140234681,-0.03582359135373584,3.0904773737837474,-0.13670801224209556,0.13638826994159764,2.359717893416455,1.1104712262655636,-0.17221186129533347,0.7307594803672925,1.340452419029196
322,0.9708669036783327,-0.03567541656858697,3.086009818407715,-0.1566540669417306,0.1561727815432119,2.3608289931666846,1.1275209706200633,-0.19184819811179887,0.7251808252410306,1.3542512690058723
323,0.9679712842138082,-0.0355143038783397,3.081542263031683,-0.1765844563652152,0.175894826114484,2.3620947646644646,1.1445557405790234,-0.2114091299928237,0.7194474983672183,1.3683224643495289
324,0.965076413423615,-0.03534025649864507,3.0770747076556506,-0.19649718749021736,0.19554651510054424,2.363516488710183,1.1615736009138324,-0.2308867715991893,0.7135582189454674,1.3826522568831439
325,0.9624100375597576,-0.035167988312603024,3.0816417065870825,-0.21639026906021674,0.21511998808781552,2.365095608099521,1.1788003066199744,-0.25028797640041855,0.7165460984875613,1.4020173127589075
326,0.9597429027569049,-0.035007899216487566,3.0862087055185143,-0.23626171178363561,0.23460741594808077,2.366833730524539,1.1960046145405405,-0.2696153151645683,0.7193749749939755,1.4214850723173773
327,0.9570750646446688,-0.03485999254934789,3.090775704449946,-0.25610952853275937,0.2540010039700232,2.3687326318054684,1.213184593177428,-0.2888609965193711,0.7220430726444778,1.4410425847930812
328,0.9536777606142176,-0.034687203162673916,3.0895233457419877,-0.27593173454245457,0.2732929949770132,2.3707942594589726,1.229609495156672,-0.30798019813968713,0.7187290862830151,1.457176314827696
329,0.9502806756421723,-0.03451015926932761,3.0882709870340292,-0.29572634760863703,0.29247567242986966,2.373020736608938,1.2460070232508094,-0.32698583169919726,0.715250250425091,1.4734436388459229
330,0.9468838150565283,-0.03432886114698499,3.0870186283260708,-0.3154913882864973,0.3115413635133787,2.3754143662461753,1.2623752033430256,-0.34587022466036366,0.7116042620798955,1.489831531459926
331,0.9429125985230079,-0.034111920459545836,3.0793065387654557,-0.33522488008843665,0.3304824422053109,2.3779776358435334,1.2781374786114446,-0.3645943626648568,0.7013289029219223,1.5028062728082687
332,0.9389431731350117,-0.033864360149510886,3.0715944492048406,-0.35492484968172117,0.34929133232673576,2.3807132223330263,1.293868022816733,-0.38315569247624665,0.6908812268718143,1.515987999552944
333,0.9349757749782058,-0.03358619494078472,3.0638823596442255,-0.37458932708580633,0.3679605105723846,2.3836239974514886,1.3095651020640122,-0.40154670551316934,0.6802583621927369,1.5293632506979993
334,0.9308320784742923,-0.03326353730784958,3.066018658070979,-0.3942163458693397,0.38648250951987934,2.3867130334610547,1.325048424343632,-0.4197460468277289,0.6793056246099245,1.547060503765036
335,0.9266877021333466,-0.032949732576770974,3.068154956497733,-0.4138039433467995,0.4048499206165983,2.389983609250355,1.340491645480146,-0.4377996531933693,0.6781713472473778,1.5647692367137167
336,0.9225426648693462,-0.032644782179681274,3.0702912549244865,-0.43335016077475924,0.42305539714299684,2.3934392168216947,1.3558928256441054,-0.4557001793226781,0.6768520381027918,1.5824780218226666
337,0.9169009346512347,-0.03224183584782292,3.066302193796816,-0.4528530435477663,0.44109165715120235,2.3970835681686076,1.369753978199001,-0.4733334929990253,0.6692186256282082,1.5962844750464609
338,0.9112608566936722,-0.03181638757490413,3.062313132669145,-0.472310641393794,0.4589514863776903,2.400920602546995,1.3835714980874663,-0.4907678739525944,0.6613925301221499,1.6101438678966935
339,0.9056225207448934,-0.03136844413090782,3.0583240715414743,-0.49172100856927403,0.47662774112889944,2.404954494141537,1.3973435293141674,-0.5079961852598073,0.6533695773999373,1.624044601550851
340,0.8977883549071329,-0.030714592356473072,3.040685780160861,-0.5110822040536624,0.49411335113860816,2.409189660127124,1.4088705589607953,-0.5248279434950812,0.631496120033737,1.6306894161051773
341,0.8899669399089244,-0.029922668154126017,3.023047488780248,-0.5303922917435467,0.5114013223959523,2.4136307691226384,1.4203592316524711,-0.5413239905500783,0.6094167196576095,1.6376326657354208
342,0.8821607090023065,-0.02899291789248158,3.0054091973996346,-0.549649340646248,0.5284847399429308,2.4182827500314454,1.4318100496485546,-0.5574776578354124,0.5871264473681892,1.6448643781356094
343,0.8720203263062112,-0.02760336470304631,3.002955609818454,-0.5688514250729251,0.5453567706403021,2.42315080125933,1.4408717513791363,-0.5729601353433484,0.5798048085591239,1.6554661991847885
344,0.8618833835201473,-0.02618893540414004,3.0005020222372734,-0.5879966248311352,0.5620106659007431,2.4282404002962408,1.4498800083512826,-0.5881996013048831,0.5722616219410326,1.666017458953693
345,0.8517499416694124,-0.024749638510753035,2.9980484346560927,-0.6070830254168587,0.5784397643882002,2.433557313642975,1.4588329670862712,-0.6031894028989533,0.5644911210131176,1.6765086660467867
346,0.8341361992513765,-0.022203777774462145,2.965923128106716,-0.6261087182059404,0.5946374946823286,2.439107607057674,1.4602449174573169,-0.6168412724567908,0.5268155210490422,1.6704319703550377
347,0.8166133175433828,-0.019093481083603345,2.9337978215573393,-0.645071800644958,0.6105973779069791,2.4448976560896263,1.4616851181883408,-0.6296908589905824,0.488900165467713,1.6649496492158309
348,0.7991993792230342,-0.015421958098165602,2.9016725150079625,-0.6639703764414682,0.6263130303216559,2.4509341568591303,1.4631697556645022,-0.6417349884198215,0.45073835814883223,1.6600766839999328
349,0.8038509871518101,-0.01655989052971455,2.903455111599285,-0.6828025557536419,0.6417781658749337,2.4572241370319414,1.4866535429054522,-0.6583380564046483,0.4462309745673436,1.6860218965978182
350,0.8085046161633951,-0.017689529217241616,2.9052377081906076,-0.7015664553792397,0.6569865987187891,2.463774966924827,1.5100710715426349,-0.6746761279360307,0.4414627412657808,1.71183873967222
351,0.8131602514701858,-0.018810870571150683,2.90702030478193,-0.7202601989439371,0.671932245682862,2.4705943706648235,1.533420450414123,-0.6907431162540127,0.4364259341171066,1.7375188995721875
352,0.8198183946871241,-0.020401977603728094,2.9097521120844787,-0.7388819170889542,0.6866091287076386,2.477690437308543,1.5587003117760783,-0.7070111063113667,0.4320616747759356,1.765244645138076
353,0.8264808596523829,-0.02197488995763702,2.9124839193870273,-0.7574297476579961,0.7010113772355988,2.4850716318091606,1.583910607310379,-0.7229862671932358,0.42741228757786676,1.7928087511145432
354,0.8331475966455417,-0.023529595894599842,2.915215726689576,-0.7759018358834606,0.715133230559358,2.4927468056970676,1.6090494325290023,-0.7386628264539578,0.4224689209925083,1.8202040645794164
355,0.8419627185074013,-0.025559937812056056,2.9189694390979577,-0.7942963345719204,0.7289690401258765,2.5007252073153747,1.6362590530793217,-0.7545289779379325,0.41824423178258296,1.8497529307319673
356,0.8507853995669785,-0.02755717607080067,2.9227231515063394,-0.8126114042888336,0.7425132717958018,2.509016491422985,1.6633968038558122,-0.7700704478666025,0.41370666008335455,1.8791089969324626
357,0.8596155155096947,-0.029521282529066956,2.926476863914721,-0.8308452135424925,0.7557605080570542,2.5176307279456003,1.6904607290521874,-0.7852817905861211,0.4088461359691209,1.9082662628655045
358,0.8409172004061094,-0.02543576560671936,2.9301288273744324,-0.8489959389671652,0.7687054501917557,2.5265784096181902,1.6899131393732745,-0.7941412157984751,0.4035504177562421,1.910319247907939
359,0.8222040898652271,-0.02141856134000933,2.9337807908341436,-0.8670617655054355,0.78134292039565,2.5358704582208973,1.6892658553706625,-0.8027614817356593,0.39791033261324626,1.9121657248993853
360,0.8034764334604775,-0.01746972330567626,2.9374327542938548,-0.8850408865897049,0.7936678638491532,2.545518229063543,1.6885173200501824,-0.8111375871548295,0.39191452523031156,1.913800386793594
361,0.815322812205892,-0.019922451471804787,2.9435288932995807,-0.9029315043228463,0.8056753507392133,2.5555335133215724,1.7182543165287383,-0.8255978022110181,0.38799537997800826,1.9453920021860849
362,0.8271839229082631,-0.02230291733856815,2.9496250323053066,-0.9207318296579966,0.8173605782311729,2.565928537768054,1.7479157525662599,-0.8396634955697411,0.3836964945372525,1.97673145970358
363,0.8390593247755572,-0.024611032441199707,2.9557211713110325,-0.9384400825774543,0.8287188723898353,2.5767159613820527,1.7774994073530115,-0.853329904831035,0.3790052099289798,2.007814986190849
364,0.8534472665568905,-0.027316569659685968,2.9631240260729412,-0.9560544922706857,0.83974569004898,2.5879088682432516,1.8095017588275764,-0.867062259708666,0.3752151578296896,2.041293705490797
365,0.8678548426103165,-0.029915521873251198,2.97052688083485,-0.9735732973113987,0.8504366206285644,2.5995207560461813,1.8414281399217152,-0.8803521425018156,0.3710061247886687,2.0744934403207425
366,0.8822812633717321,-0.03240774665409448,2.9779297355967587,-0.9909947458336898,0.8607873878989016,2.6115655194852865,1.873276009205422,-0.8931951345529962,0.3663642161114722,2.107411515082118
367,0.8993803751551946,-0.03523149419744398,2.9867580016253266,-1.008317095707223,0.870793851691091,2.6240574276749693,1.9076974708624177,-0.906025345888535,0.36270057395035726,2.1428353352675567
368,0.9165037490759884,-0.037904178155677835,2.9955862676538945,-1.0255386147114476,0.8804520095530344,2.637011094678,1.942042363787436,-0.9183561877087122,0.3585751729758946,2.177953806884495
369,0.9336500505764517,-0.040425590225755405,3.0044145336824624,-1.042657580708813,0.8897579983503596,2.650441442122924,1.9763076312852648,-0.930183588576115,0.3539730915595385,2.212765308721404
370,0.9536316409266737,-0.04318395109566672,3.0147970134429554,-1.0596722818169868,0.8987080958116269,2.664363652799013,2.0133039227436607,-0.9418920469072937,0.3504333606439425,2.250190403857956
371,0.9736407924313384,-0.0457347085667176,3.0251794932034484,-1.0765810165800351,0.9072987220171839,2.678793114029098,2.0502218090113735,-0.9530334305839014,0.34638637917435044,2.2872834781972053
372,0.9936753482056069,-0.0480775876802165,3.0355619729639414,-1.0933820941385743,0.9155264408310896,2.693745349540943,2.0870574423441814,-0.9636040285113061,0.34181662342299823,2.3240439099672265
373,0.9558887557563209,-0.04405596722677127,3.0925619729639413,-1.1100738343988477,0.9233879612755189,2.709235938492216,2.0659625901551686,-0.9674439285022902,0.3833260344717253,2.313241886924153
374,0.9179344227517807,-0.04219354778409248,-3.133623334215645,-1.12665456820074,0.9308801388471135,2.7252804202598746,2.044588990952521,-0.973073686631206,0.4242815527040662,2.3037429061210952
375,0.8799356294363687,-0.04249637871481837,-3.076623334215645,-1.1431226374846875,0.9379999767747388,2.7418941835904724,2.023058266921056,-0.9804963554895572,0.4646677893734683,2.2956598199574687
376,0.9025335894414113,-0.04102613541326418,-3.064071856965762,-1.1594763954574863,0.9447446272181542,2.7590923387340904,2.0620099848988973,-0.9857707626314184,0.46002111147973324,2.3313619618773758
377,0.9251113161924225,-0.039272377587353705,-3.051520379715879,-1.1757142067569655,0.9511113924071088,2.776889571263257,2.100825522949388,-0.9903837699944625,0.4547753562004502,2.366674568746464
378,0.9476652528504822,-0.03723538151973314,-3.0389689024659963,-1.1918344476155285,0.9570977257204172,2.7952999764232915,2.139499700466011,-0.9943331072401503,0.448916428290298,2.4016001449110798
379,0.9732454498903857,-0.034600991099789556,-3.0244211700852666,-1.2078355060225212,0.9627012327045702,2.814336873086924,2.1810809559129067,-0.9973022238043597,0.44442726400739563,2.439106691976425
380,0.9987846170710971,-0.031594758706800535,-3.009873437704537,-1.2237157818854385,0.9679196720314864,2.834012596709942,2.2225003989565355,-0.9995144307382869,0.4392992727651075,2.47619081891279
381,1.0242773494675406,-0.028217320558099616,-2.995325705323807,-1.2394736871899266,0.9727509563950139,2.8543382711218332,2.2637510366574674,-1.0009682769531134,0.43352133073394583,2.512856341225175
382,1.061871587266141,-0.02267897384249195,-2.938325705323807,-1.2551076461585875,0.9771931533458231,2.875323559550972,2.3169792334247283,-0.9998721271883151,0.4695360423048065,2.5668270556998554
383,1.0990892549121307,-0.015007910357377705,-2.8813257053238073,-1.2706160954085512,0.9812444860643621,2.896976395989684,2.369705350320682,-0.9962523964217398,0.5048832058660953,2.619719323950593
384,1.1358094649389272,-0.005229046640771295,-2.8243257053238073,-1.2859974841078177,0.9849033340715609,2.9193026988581225,2.421806949046745,-0.9901323807123322,0.5395569029976564,2.671447675205074
385,1.0997059841956514,-0.017083947661864322,-2.7673257053238074,-1.3012502741303347,0.9881682338770005,2.9423060699269263,2.4009562583259862,-1.0052521815388649,0.5735535319288525,2.6653492373179595
386,1.0643365011892387,-0.03097637984125936,-2.7103257053238075,-1.3163729402098099,0.9910378795642899,2.9659874825973085,2.3807094413990484,-1.0220142594055492,0.6068721192584707,2.6609367448190326
387,1.0298159002599885,-0.046861218886192796,-2.6533257053238075,-1.3313639700922384,0.993511123313416,2.990344964890073,2.3611798703522267,-1.0403723421996087,0.6395146369657052,2.658293430278876
388,1.02463434041538,-0.04961347740739039,-2.710325705853077,-1.3462218646871233,0.9955869758598548,3.01537328382298,2.3708562051025033,-1.0452004532672452,0.5574863175035292,2.6503196273254934
389,1.0193044019349928,-0.052066077086517226,-2.7673257063823464,-1.360945138217388,0.9972646068902659,3.0410636392016177,2.3802495401523807,-1.049330683976783,0.4747959615956221,2.644260570155353
390,1.0138433971012093,-0.05421105158430468,-2.824325706911616,-1.3755323183679475,0.998543345374605,3.067403376135589,2.389375715469157,-1.0527543969589097,0.3914562241323818,2.640198118589218
391,0.9777399163391102,-0.0660659525480723,-2.881325706911616,-1.389981946432944,0.9994226798345278,3.0943757267243446,2.367721862772054,-1.0654886323826,0.3074838735436263,2.6145590790178566
392,0.9410197062967868,-0.07584481620637404,-2.9383257069116158,-1.4042925774616108,0.9999022585479752,3.1219595922240613,2.3453122837583975,-1.0757470747543492,0.22290000804390964,2.589865998613933
393,0.903802038638617,-0.08351587963239375,-2.9953257069116157,-1.4184627804027723,0.9999818896898556,-3.1330559296913743,2.322264819041389,-1.0834977693222494,0.13773022277975855,2.5662912773398476
394,0.8662078008312227,-0.08905422628830896,-3.0324619259117385,-1.432491138247941,0.9996615414087742,-3.1043304177311337,2.2986989390791637,-1.0887157676970831,0.07186849181939525,2.5445007202734913
395,0.8284338571445427,-0.0931929674442068,-3.0695981449118612,-1.4463762481730242,0.9989413418397719,-3.0750839964195906,2.2748101053175667,-1.0921343092839786,0.0054858515077294,2.5234001781994224
396,0.7905322955909145,-0.09592639602321494,-3.106734363911984,-1.460116721678599,0.9978215790530742,-3.045356048786323,2.2506490172695135,-1.093747975076289,-0.061378315125661054,2.5030926729722522
397,0.7525553801600928,-0.09725074279057386,-3.1186638164873703,-1.4737111847287665,0.9963027009388654,-3.0151903723094278,2.226266564888859,-1.0935534437294392,-0.10347344417794258,2.482504522832658
398,0.7145653686223237,-0.0981219622578536,-3.1305932690627567,-1.4871582778885493,0.9943853150281404,-2.9846349301467145,2.2017236465108727,-1.092507277285994,-0.14595833891604215,2.462206937531271
399,0.6765676673418869,-0.0985399304416802,3.140662585541443,-1.5004566564598378,0.992070188249698,-2.953741503402485,2.177024323801725,-1.0906101186913781,-0.18878121823565763,2.4422333397476415
400,0.6385676837773906,-0.09850458786093828,-3.139178916343602,-1.5136049906158564,0.9893582466233818,-2.9225652469480483,2.152172674393247,-1.08786283448432,-0.21661366939555382,2.4212009930665084
401,0.6005677944737592,-0.09859630978722955,-3.135835111049061,-1.5266019655341467,0.9862505748896836,-2.891164155538977,2.127169760007906,-1.0848468846769133,-0.2446709555100841,2.400334940702133
402,0.5625684243086454,-0.09881509519500899,-3.1324913057545203,-1.5394462815280487,0.9827484160758617,-2.859598451199729,2.102014705836694,-1.0815635112708708,-0.27289285455479106,2.3796461843167696
403,0.5245699981538973,-0.09916094163803181,-3.1199771758204196,-1.5521366541766646,0.9788531709987472,-2.827929906773413,2.0767066523305617,-1.078014112636779,-0.2920472690470066,2.3579899393839416
404,0.4865788751569613,-0.09998226583205107,-3.107463045886319,-1.5646718144533056,0.9745663977044351,-2.7962211238571486,2.051250689610267,-1.0745486635364863,-0.3112419220291702,2.3364836305788788
405,0.44860100478104964,-0.10127893915654457,-3.094948915952218,-1.57705050885239,0.9698898108450863,-2.7645347857899107,2.0256515136334396,-1.071168750001631,-0.33041413016230736,2.3151328348663744
406,0.41064233441399545,-0.1030507585506488,-3.0770939333130456,-1.5892714995147947,0.964825280993091,-2.732932907721797,1.9999138339287903,-1.0678760395437397,-0.3441610255912484,2.2931335308933485
407,0.3727213486295724,-0.1055000109136329,-3.059238950673873,-1.6013335643516353,0.9593748338928642,-2.7014761059532435,1.9740549129812077,-1.064874844806497,-0.3577628447206296,2.2713092012382425
408,0.3348501363322408,-0.10862591544359515,-3.0413839680347006,-1.613235497166481,0.9535406496505743,-2.6702229076755954,1.9480856334987218,-1.0621665650941694,-0.3711610603591051,2.2496657485446496
409,0.29704077055907474,-0.11242747562737976,-3.0206254749452803,-1.6249761077759686,0.9473250618621301,-2.639229120063048,1.9220168783350433,-1.0597525374895098,-0.3813963548822321,2.227709025173102
410,0.25931845979881696,-0.11701302585680044,-2.99986698185586,-1.6365542221288205,0.940730556679773,-2.608547274546721,1.8958726819276375,-1.0577435825365735,-0.391319707309139,2.2059659620686145
411,0.22169945857863607,-0.12238059022027373,-2.97910848876644,-1.6479686824232516,0.9337597718176508,-2.578226158302969,1.8696681410018876,-1.0561403620379246,-0.400882330463471,2.1844445666303542
412,0.1841999769096651,-0.1285278558366686,-2.9569736176445445,-1.6592183472227418,0.926415495496766,-2.54831044080868,1.843418324132407,-1.0549433513334345,-0.4086631768358644,2.162892088008861
413,0.14684573916960908,-0.1355035939954138,-2.934838746522649,-1.670302091570187,0.9187006653297247,-2.518840399062686,1.817147830739796,-1.0542042593251386,-0.4159983474599631,2.1415946124864598
414,0.10965504641412684,-0.14330438705556614,-2.9127038754007537,-1.681218807100389,0.9106183671457304,-2.4898517410274974,1.790873853514516,-1.0539227542012966,-0.4228521343732563,2.1205627221492875
415,0.07264611957287154,-0.15192641315495906,-2.8901096884232604,-1.691967402150893,0.9021718337562933,-2.4613755232435177,1.7646135217237646,-1.0540982469112523,-0.4287341651797427,2.0997135470306643
416,0.035841429903535914,-0.16138235405705334,-2.867515501445767,-1.702546801871149,0.893364443662152,-2.4334381555791036,1.7383882317746848,-1.0547467977192053,-0.4340773458666636,2.0791603098044846
417,-0.0007402346990066644,-0.17166738273504364,-2.844921314468274,-1.7129559483300023,0.8841997197019128,-2.4060614838033527,1.7122157136309957,-1.0558671024369564,-0.4388598306649212,2.0589162049449117
418,-0.03708020018873056,-0.18277624893307107,-2.8224316814930446,-1.723193800621481,0.8746813276429652,-2.3792629391356055,1.6861136004327506,-1.0574575765760363,-0.4431687423574391,2.0390179337183456
419,-0.07316116272292261,-0.19469950950248868,-2.7999420485178153,-1.7332593349688885,0.8648130747152218,-2.353055743107651,1.660098172245966,-1.0595125842177104,-0.4468863054101644,2.01945542846908
420,-0.10896487391193665,-0.2074311341079218,-2.777452415542586,-1.7431515448271764,0.8545989080882805,-2.327449155898217,1.6341866709152397,-1.0620300421962023,-0.4500032596443688,2.000244189996526
421,-0.14447322558939724,-0.22096468357396293,-2.755441624929076,-1.7528694409836028,0.8440429132926041,-2.3024487566599667,1.6083962153942055,-1.0650075968665669,-0.4529928682691091,1.981510056946615
422,-0.17967511609025263,-0.23527645862689703,-2.7334308343155658,-1.7624120516566506,0.833149312585366,-2.278056745137869,1.582736935566398,-1.068425771212263,-0.45537408917769673,1.9631493567456981
423,-0.21455349167052776,-0.25035952585081633,-2.7114200437020557,-1.7717784225932054,0.8219224632616022,-2.2542722549523493,1.5572249309226776,-1.0722819891124185,-0.4571477887497064,1.9451792334951472
424,-0.24909145531477966,-0.266206578173199,-2.6901239069644065,-1.780967617163977,0.8103668559113548,-2.2310916701770687,1.5318761618491974,-1.0765734340845539,-0.45903223678733784,1.9277877291414696
425,-0.2832841318480915,-0.2827855067118081,-2.6688277702267573,-1.789978716457167,0.7984871126234903,-2.208508938179551,1.5066945846090756,-1.0812726193352984,-0.46031883204720625,1.910804143744679
426,-0.3171160146078642,-0.30008879278495015,-2.647531633489108,-1.7988108193703554,0.7862879851369292,-2.186515873031657,1.4816948047624912,-1.0863767779218794,-0.46101576045745096,1.8942464278594386
427,-0.35057176055446965,-0.3181085892087778,-2.6270721800906864,-1.8074630427006113,0.7737743529400123,-2.165102445073569,1.4568912821461417,-1.0918829421487901,-0.46196973501711724,1.8783387882436737
428,-0.3836518551726551,-0.33680905284078166,-2.6066127266922647,-1.8159345212328108,0.7609512213187744,-2.144257053386,1.4322826660601558,-1.097760274159556,-0.4623556733062646,1.8628698354038966
429,-0.4163424519739842,-0.35618235614127575,-2.586153273293843,-1.8242244078261607,0.7478237193548899,-2.123966778963472,1.4078819558521765,-1.1040060754961656,-0.46218649433037085,1.8478575085455027
430,-0.4328817490368552,-0.36644688143891974,-2.5665828097529206,-1.8323318734989098,0.7343970978741133,-2.104217617273643,1.3994501244620545,-1.1008439793130331,-0.46236519247927754,1.8395922615794547
431,-0.44921701020495247,-0.3770331021757985,-2.5470123462119982,-1.840256107511248,0.7206767273460168,-2.084994689631238,1.3910390973062956,-1.0977098295218153,-0.4620176565807603,1.8312337248576174
432,-0.4653419792232212,-0.38793696392656096,-2.527441882671076,-1.8479963174463758,0.7066680957358779,-2.0662824334160166,1.3826543382231546,-1.0946050596624388,-0.46115944925505925,1.8227894264788653
433,-0.4588369935619802,-0.383350199369386,-2.509720064027295,-1.855551729289751,0.6923768063095604,-2.048064771633234,1.3967147357277707,-1.0757270056789465,-0.46165529239406133,1.8223957453696864
434,-0.4524143109160948,-0.37864888091748883,-2.4919982453835146,-1.862921587506485,0.6778085753922868,-2.030325262666764,1.4105072765903903,-1.0564574563097757,-0.4616729827167507,1.8217505529785198
435,-0.44607594835882863,-0.37383448504172695,-2.474276426739734,-1.8701051551168988,0.662969230082182,-2.0130472313250416,1.4240292067580702,-1.036803715123909,-0.4612291954146923,1.8208661389837648
436,-0.43382878186722446,-0.36418500202984344,-2.459516433580458,-1.8771017137702157,0.6478647059195176,-1.996213882444517,1.4432729319029913,-1.012049707949361,-0.463302551135941,1.822616421854394
437,-0.4217253705511785,-0.3543558085744113,-2.444756440421182,-1.883910563816402,0.6325010445125663,-1.9798083984096402,1.4621851932652234,-0.9868568530869776,-0.46494804201154194,1.8242940195207453
438,-0.40976835118051713,-0.344349045999066,-2.4299964472619062,-1.8905310243761266,0.6168843911210447,-1.963814021986842,1.4807626731956094,-0.9612334371201107,-0.46618242527506415,1.8259117910245528
439,-0.3974259311822368,-0.3337060791424736,-2.417739416530347,-1.8969624334088513,0.6010209921980904,-1.9482141258648502,1.4995365022266145,-0.934727071340564,-0.469525290665497,1.828326671571975
440,-0.38521488620834016,-0.32291263411458976,-2.405482385798788,-1.9032041477790322,0.5849171928917617,-1.9329922702561362,1.517989261570692,-0.9078298270063514,-0.47249011554265197,1.8307630382798932
441,-0.3731370507597881,-0.31197033244619404,-2.393225355067229,-1.9092555433204328,0.5685794345070697,-1.9181322498532611,1.5361184925606448,-0.8805497669532638,-0.47509310521396797,1.833232493136123
442,-0.3623891844654748,-0.3019903860280065,-2.3827641591044793,-1.9151160148985422,0.5520142519295328,-1.9036181313569873,1.5527268304330675,-0.8540046379575392,-0.47914602774749193,1.8357193269957985
443,-0.3517463065418351,-0.29189855220590893,-2.3723029631417294,-1.9207849764710867,0.5352282710113162,-1.8894342827063793,1.5690386699292516,-0.8271268232172251,-0.48286868043535014,1.8382555023619949
444,-0.3412095816988444,-0.28169593538602233,-2.3618417671789795,-1.9262618611466333,0.5182282059209752,-1.8755653950493394,1.585052279447789,-0.7999241413069975,-0.48627637212964014,1.8408514525946773
445,-0.3324272964590226,-0.2730122861644944,-2.3525641358136893,-1.9315461212412777,0.5010208564578846,-1.8619964983989576,1.5991188247822552,-0.774033142622379,-0.49056763741473164,1.843085708405751
446,-0.32372595172229,-0.26424753302429294,-2.343286504448399,-1.9366372283334143,0.4836131053324,-1.8487129718292505,1.6129112766111242,-0.7478606383566929,-0.4945735326191485,1.845367524313244
447,-0.3151062964466826,-0.25540243038125776,-2.334008873083109,-1.9415346733165766,0.4660119154128712,-1.8357005489754596,1.626428376869894,-0.7214143457941289,-0.49830832410764914,1.8477064456455692
448,-0.3082340312975302,-0.24821826343723002,-2.3254458212444384,-1.9462379664503477,0.44822432694058495,-1.8229453195202048,1.6380039351528175,-0.696442590377815,-0.5025005017242337,1.8494853142161967
449,-0.3014235357463506,-0.24097551304064183,-2.316882769405768,-1.950746637409333,0.4302574547137687,-1.810433727268505,1.6493231016629823,-0.6712329677544105,-0.5064490421372632,1.8512998198458686
450,-0.2946753091755138,-0.23367471026912637,-2.3083197175670978,-1.955060235330194,0.41211848524175654,-1.7981525653422639,1.6603849261546801,-0.6457931955108829,-0.5101671522248339,1.8531587836931398
451,-0.2895290326924964,-0.22801048783853411,-2.300121547865517,-1.9591783288567337,0.39381467387048763,-1.7860889689586406,1.6696492961642373,-0.6218251617090218,-0.5140325789068763,1.8543529319128649
452,-0.28442936488564863,-0.22230426617769034,-2.291923378163936,-1.9631005061830311,0.37535334188046116,-1.7742304061965488,1.6786711412973825,-0.5976576080581515,-0.5176929719673871,1.8555693008666838
453,-0.27937664850165506,-0.21655642879952755,-2.283725208462355,-1.9668263750946215,0.3567418735583286,-1.7625646671013775,1.6874497265929664,-0.5732983023578562,-0.5211605413609774,1.856816047199276
454,-0.27574148771975154,-0.21235215304132954,-2.275629440214625,-1.970355563007719,0.33798771324326765,-1.7510798514294241,1.6946140752879675,-0.5503398662845972,-0.524549588785201,1.8573484066488346
455,-0.2721404825344613,-0.2081185859618121,-2.2675336719668957,-1.973687717006473,0.3190983623493521,-1.7397643552903157,1.7015472344720117,-0.5272169483111642,-0.52776931667658,1.8578915881587796
456,-0.26857386895964536,-0.203856005033642,-2.2594379037191663,-1.9768225038782612,0.3000813763650833,-1.7286068569072703,1.708248634918616,-0.5039373813987253,-0.530831046811896,1.8584530888165385
457,-0.2662345769493908,-0.2010137985331321,-2.251244045657849,-1.9797596101470079,0.2809443618313017,-1.7175963016812124,1.713525033197617,-0.48195816036443384,-0.5336477439766365,1.8582872819852472
458,-0.26391865184397234,-0.19815251983176896,-2.2430501875965314,-1.982498742104534,0.2616949732986626,-1.706721886714927,1.7185800902605615,-0.45984749313043155,-0.5363283008816044,1.8581241319957316
459,-0.2616262491321335,-0.19527236103275533,-2.234856329535214,-1.9850396258399263,0.2423409102659238,-1.6959730449273882,1.7234133767077928,-0.4376132712986791,-0.5388832846078258,1.8579704617301662
460,-0.26037566345462715,-0.19367443601106824,-2.2264084539469366,-1.987382007266929,0.22288991410024592,-1.6853394288655676,1.727006343812302,-0.41656435011131415,-0.541069025081369,1.8571032441019804
461,-0.2591386213130999,-0.19206600334172724,-2.2179605783586593,-1.9895256521493512,0.20334976494075557,-1.6748108943012632,1.7303870308362512,-0.3954157682824828,-0.5431496840573962,1.856233952276591
462,-0.25791521099052084,-0.19044717781242376,-2.209512702770382,-1.9914703461244907,0.183728278586583,-1.6643774836832836,1.7335551351339697,-0.37417545639900673,-0.5451352190870984,1.8553687196376627
463,-0.25755601268274997,-0.18996344196844123,-2.2006877438044885,-1.993215894724571,0.16403330337065347,-1.6540294095005519,1.735659882041821,-0.3539967453390947,-0.5466583343039366,1.8538242247592016
464,-0.2572010972556154,-0.18947655509180472,-2.191862784838595,-1.9947621233961865,0.14427271702045727,-1.6437570375989194,1.7375610261405712,-0.333749272112262,-0.5481057472396755,1.8522761150420588
465,-0.256850492349716,-0.1889865551009698,-2.1830378258727015,-1.996108877517759,0.12445442350706172,-1.6335508704836228,1.7392583851680428,-0.3134409786080315,-0.5494869553890787,1.8507298267415664
466,-0.2571954177242105,-0.18947771949312878,-2.1737375126867353,-1.9972560224149978,0.10458634988363526,-1.6234015306300522,1.7400606046907874,-0.29406406937676405,-0.5503359820566831,1.8485546456736368
467,-0.2575357602646888,-0.18997207051136974,-2.164437199500769,-1.9982034433743696,0.08467644311472142,-1.613299743817685,1.7406676831096808,-0.27464851362609116,-0.5511374556830841,1.846377069863106
468,-0.2578714905331541,-0.19046956539670154,-2.155136886314803,-1.998951045654568,0.06473266689756589,-1.6032363224955564,1.741079555121414,-0.2552022322942674,-0.5519005638192467,1.8442018406274734
469,-0.25874365930665366,-0.19178825617961603,-2.145281820963605,-1.999498754495988,0.04476299847674028,-1.5932021491822361,1.7407550951893342,-0.23655125465635632,-0.5520796717813687,1.8414604968614854
470,-0.25960279015349047,-0.19311547806702783,-2.1354267556124067,-1.9998465151282017,0.024775425453357765,-1.5831881598989876,1.7402437249747111,-0.2178909035203856,-0.552238595713419,1.8387202437419123
471,-0.2604487996335647,-0.19445110215712053,-2.1255716902612085,-1.999994292775436,0.0047779425901285115,-1.5731853276313745,1.7395454931418712,-0.19922904474724903,-0.552386362629834,1.8359851384476171
472,-0.26168261249727176,-0.19644210244530422,-2.1150966379024347,-1.999942072660049,-0.015221451386431743,-1.5631846458120962,1.7382594601627772,-0.18122065105887247,-0.5519119920903386,1.8327557726627728
473,-0.26289550221961716,-0.1984459175195128,-2.104621585543661,-1.9996898600040087,-0.03521475698538918,-1.5531771118160986,1.7367943577843916,-0.16323116053412362,-0.5514444737275623,1.8295327437916171
474,-0.2640873357154045,-0.20046232750969728,-2.094146533184887,-1.9992376800283709,-0.05519397715107451,-1.5431537104581057,1.7351503443129663,-0.14526835035862276,-0.5509928227267815,1.826319441303122
475,-0.26552997422373553,-0.20296248570297612,-2.0829963882307303,-1.998585577950756,-0.0751511204618093,-1.5331053974825013,1.7330556037270204,-0.12781136524116682,-0.549890990748229,1.8226896533421446
476,-0.2669446465058248,-0.20547857377604262,-2.0718462432765734,-1.9977336189808284,-0.09507820432636097,-1.5230230830361118,1.7307889724750036,-0.11040036944968165,-0.5488231602404616,1.8190727225792904
477,-0.2683311766833267,-0.20801027891764493,-2.0606960983224165,-1.9966818883137751,-0.11496725817687632,-1.5128976151157174,1.7283507116304484,-0.0930430207407686,-0.5477984832066991,1.8154713890077159
478,-0.26984460157265683,-0.21084834396000046,-2.0488222449780817,-1.9954304911217866,-0.1348103266569955,-1.5027197629842826,1.7255858895491298,-0.07603801730300497,-0.5461024819937992,1.811534256680293
479,-0.2713242217993244,-0.21370417870051342,-2.036948391633747,-1.993979552543539,-0.15459947280389894,-1.4924802005528235,1.7226553307442147,-0.059104705896614484,-0.5444681910809235,1.8076173173267394
480,-0.272769828756502,-0.21657738050436298,-2.025074538289412,-1.9923292176716814,-0.17432678122297965,-1.4821694897287272,1.7195593889151795,-0.04225059928138333,-0.542905048560685,1.8037226773810495
481,-0.2742331464320068,-0.21957387907720483,-2.0124314805104624,-1.9904796515383252,-0.19398436125389898,-1.4717780637361624,1.7162465051063185,-0.025589517823305846,-0.5406534167743,1.7995730067940579
482,-0.27565846326036353,-0.22258863847975938,-1.9997884227315126,-1.9884310390985427,-0.21356435012673866,-1.4612962104201923,1.712772575838179,-0.009024288353020715,-0.5384922123113203,1.7954512516477772
483,-0.27704555141211623,-0.22562117681847088,-1.9871453649525628,-1.9861835852118708,-0.2330589161070144,-1.450714055553347,1.7091380337997546,0.007437739288543521,-0.5364313093992157,1.7913588943174878
484,-0.2783576424181916,-0.22858836191039444,-1.973687595268752,-1.9837375146218252,-0.25246026162825813,-1.4400215461719812,1.7053798722036335,0.023871899717863687,-0.5336660490967708,1.7870897649732032
485,-0.2796296841203939,-0.23157293559616862,-1.9602298255849413,-1.9810930719334263,-0.2717606264109441,-1.4292084339797944,1.7014633878130323,0.040187690814775495,-0.5310213916051469,1.7828562558163494
486,-0.2808614461407369,-0.23457435734314086,-1.9467720559011306,-1.9782505215887396,-0.2909522905664908,-1.4182642588677388,1.6973890754480028,0.05637793322334994,-0.5285077970333918,1.7786592243400228
487,-0.28194380171243094,-0.23731620617034127,-1.9324511904314836,-1.9752101478404307,-0.31002757768512307,-1.4071783326133003,1.6932663461279998,0.0727113715147818,-0.5252728578181833,1.7743588807334634
488,-0.28298678199133237,-0.2400732735820344,-1.9181303249618367,-1.9719722547233407,-0.32897885790632714,-1.3959397228381787,1.6889854727320084,0.08890558432429274,-0.522190602123658,1.770101453298674
489,-0.2839901730792045,-0.24284499414868183,-1.9038094594921897,-1.9685371660240831,-0.347798550970695,-1.384537237321871,1.6845469929448786,0.10495355682201318,-0.5192722221703188,1.7658871598284318
490,-0.28478995630533327,-0.24515720805118943,-1.8885717059649074,-1.964905225248665,-0.36647912925192844,-1.372959408789994,1.6801152689433316,0.12132192120073901,-0.5156122971749135,1.761636275312913
491,-0.2855544151006585,-0.24748133995149038,-1.8733339524376251,-1.9610767955881379,-0.38501312076778266,-1.3611944803206513,1.6755223804874793,0.13753178081629228,-0.5121394721169739,1.7574348002555267
492,-0.2862833719695899,-0.24981685022185618,-1.8580961989103428,-1.957052259882277,-0.4033931121687696,-1.3492303915401058,1.6707688879126872,0.15357626194691343,-0.508865807370237,1.7532822804560444
493,-0.286776802631719,-0.25148681003802076,-1.8418802596016588,-1.9528320205812995,-0.42161175170339216,-1.337054765810933,1.6660552179495804,0.1701249416653714,-0.5048254937907257,1.7491515841157736
494,-0.2872430896395907,-0.25316455138644833,-1.8256643202929748,-1.9484164997056181,-0.43966175215875003,-1.3246548986519633,1.6611734100660274,0.1864972007723017,-0.5010094216410115,1.7450755699336802
495,-0.28768211038260477,-0.25484963310349856,-1.8094483809842907,-1.9438061388036416,-0.4575358937753214,-1.3120177476702315,1.6561240284210368,0.20268626067182283,-0.49743063331405923,1.7410530585648087
496,-0.28787836241101733,-0.25565629690149216,-1.7921839353462863,-1.9390013989076176,-0.47522702713477977,-1.2991299243311092,1.6511230364966003,0.2195707302332876,-0.4930540110151771,1.7371012765532952
497,-0.2880606592811411,-0.25646622849909323,-1.7749194897082818,-1.934002760487532,-0.4927280760196602,-1.2859776879442872,1.645942101206391,0.23626184752056695,-0.4889418017639946,1.7332077621075215
498,-0.28822894665872306,-0.25727918649320863,-1.7576550440702774,-1.928810723403061,-0.5100320402437544,-1.272546942300503,1.6405817767443378,0.25275285375054574,-0.4851081017697745,1.7293705333638962
499,-0.28817483852042924,-0.25699299744916215,-1.7392620177159803,-1.9234258068535868,-0.527131998452086,-1.2588232354572375,1.6352509683331575,0.2701390010029239,-0.4804387822587428,1.7256425564976225
500,-0.2881260031201977,-0.25670586165681625,-1.7208689913616833,-1.917848549326277,-0.5440211108893698,-1.2447917632410141,1.6297225462060791,0.2873152492325535,-0.4760772281206691,1.7219742034040608
501,-0.28808245697874557,-0.2564178762524526,-1.7024759650073862,-1.9120795085422362,-0.5606926221358159,-1.2304373771094976,1.6239970515634905,0.30427474588336334,-0.47203858789788855,1.7183625848271744
502,-0.28786829569401057,-0.2548009061885082,-1.682864882605036,-1.906119261400735,-0.5771398638092112,-1.2157445970978271,1.6182509657067243,0.322338957620703,-0.46712028550720897,1.7148877376502183
503,-0.28768588409117635,-0.2531800473881424,-1.663253800202686,-1.8999684039215217,-0.5933562572321769,-1.200697630660021,1.6122825198303454,0.34017620984403446,-0.462556169542665,1.7114710010620464
504,-0.2875352923225033,-0.2515559232048425,-1.6436427178003359,-1.8936275511852179,-0.6093353160635608,-1.1852803983066504,1.6060922588627147,0.35777939285871835,-0.45836231949368544,1.7081084432391058
505,-0.28730226965592737,-0.24836276110440553,-1.6227165632872347,-1.8870973372718132,-0.625070648892882,-1.16947656703277,1.5997950676158859,0.37670788778847647,-0.45323999625446465,1.7048987023559257
506,-0.2871361137350334,-0.24516542221514823,-1.6017904087741335,-1.8803784151972567,-0.6405559617968117,-1.153269592622839,1.5932423014622232,0.3953905395816635,-0.4485208161512946,1.701741940624472
507,-0.2870368973174992,-0.24196530661328366,-1.5808642542610323,-1.8734714568481579,-0.6557850608566534,-1.136642772009011,1.5864345595306586,0.4138197542433698,-0.4442214822520212,1.6986330168607522
508,-0.2869863583679385,-0.23694567947321626,-1.5585224186490594,-1.8663771529145952,-0.6707518546358369,-1.119579306941384,1.5793907945466565,0.4338061751626206,-0.4389431117076754,1.6956810239026554
509,-0.2870479703860384,-0.23192617603463297,-1.5361805830370865,-1.8590962128210502,-0.6854503566164047,-1.1020623802982807,1.5720482424350117,0.4535241805817718,-0.43411820273880575,1.6927724220534042
510,-0.28722170261897,-0.2269093017166971,-1.5138387474251136,-1.8516293646554642,-0.6998746875935437,-1.0840752464144137,1.5644076620364942,0.47296538587684656,-0.42976350101069993,1.6899006645590438
511,-0.28762626288330234,-0.2198141497230268,-1.4899838072864444,-1.8439773550964327,-0.7140190780271819,-1.06560133682667,1.5563510922131303,0.4942049283041551,-0.4243824704597745,1.6871774401723905
512,-0.2881999464178698,-0.21273066625633286,-1.4661288671477752,-1.836140949338534,-0.7278778703497366,-1.0466243828210473,1.5479410029206642,0.5151472040934038,-0.41950448432672793,1.6844827107389724
513,-0.28894242677885146,-0.20566288203959868,-1.442273927009106,-1.828120931015814,-0.7414455212290605,-1.0271285560983872,1.5391785042369626,0.5357826391894618,-0.4151453709107189,1.6818083075518913
514,-0.29015804797875416,-0.1962565792747056,-1.4168221022515681,-1.8199181021234212,-0.754716603785701,-1.007098628747356,1.529760054144667,0.5584600245109954,-0.4097234735042121,1.679260773963911
515,-0.2916126571855833,-0.18688425946251952,-1.3913702774940302,-1.811533282937409,-0.7676858097635824,-0.9865201535059736,1.5199206257518256,0.5808015503010628,-0.40485012398805664,1.6767208391115929
516,-0.2933053121610764,-0.1775519936208053,-1.3659184527364923,-1.8029673119327096,-0.7803479516532316,-0.9653796649918884,1.5096619997716332,0.6027959580324262,-0.40053878774460383,1.67417849737196
517,-0.29598573188874383,-0.16465254860894665,-1.3388402442141807,-1.7942210456992849,-0.79269796476672,-0.9436649021705272,1.498235313810541,0.6280454161577734,-0.39517534204365345,1.6719191521317889
518,-0.2990144201732088,-0.15183040452903637,-1.311762035691869,-1.7852953588564693,-0.804730909263467,-0.9213650517940357,1.4862809386832605,0.6529005047344306,-0.3903969838978334,1.6696466401044843
519,-0.3023891564269363,-0.13909496237934205,-1.2846838271695575,-1.7761911439655085,-0.8164419721261122,-0.8984710118695688,1.4738019875385722,0.6773470097467702,-0.38621281529998874,1.667348676428383
520,-0.3075822294478946,-0.12144249578338168,-1.2560360731952742,-1.7669093114403063,-0.8278264690856536,-0.8749756733946423,1.4593270819924116,0.7063839733022719,-0.3810603998006319,1.665479173772824
521,-0.3132788060047794,-0.10394602185707151,-1.227388319220991,-1.7574507894563798,-0.8388798464951001,-0.8508742176279203,1.4441719834516005,0.7349338246380286,-0.37651410159307064,1.6635874828460473
522,-0.3194742112722149,-0.08661989886620208,-1.1987405652467076,-1.7478165238580448,-0.8495976831508637,-0.8261644250538847,1.4283423125858299,0.7629777842846617,-0.3725761401928229,1.661658762043504
523,-0.3282060944577815,-0.06424365552884237,-1.1686670189350223,-1.7380074780638322,-0.8599756920611862,-0.8008469909691761,1.4098013836060508,0.7957320365323438,-0.36782002796584623,1.6601267988181632
524,-0.3376068608633594,-0.04214008928158551,-1.138593472623337,-1.7280246329701487,-0.8700097221608728,-0.7749258413027453,1.3904177721067894,0.8278696328792873,-0.36366763132059177,1.6585788664107666
525,-0.3476680089056104,-0.020329189485129993,-1.1085199263116519,-1.717868986853184,-0.8796957599716702,-0.7484084409343449,1.3702009779475737,0.8593665704865402,-0.360111485377307,1.6569978588818197
526,-0.360499072251623,0.005421149493806551,-1.077217210206049,-1.7075415552690867,-0.8890299312075991,-0.721306085468987,1.3470424830174637,0.8944510807014057,-0.3559111247370621,1.6556687215543353
527,-0.37412977370802813,0.030757292095352665,-1.0459144941004463,-1.6970433709524082,-0.8980085023246204,-0.6936341662499572,1.32291359724438,0.9287657944199731,-0.35228032785048913,1.6543299900712305
528,-0.388546758185775,0.055654414473007716,-1.0146117779948436,-1.6863754837128333,-0.9066278820139979,-0.6654123974581106,1.2978287255270584,0.9622822964870056,-0.34919938053673294,1.6529630444455594
529,-0.4055695136588736,0.0830377283923845,-0.9823489905856546,-1.6755389603301956,-0.9148846226387805,-0.6366649935694167,1.2699694466713218,0.997922351031165,-0.34568399701623787,1.6517169369959714
530,-0.4234667192935592,0.10985768580424146,-0.9500862031764656,-1.6645348844478025,-0.9227754216128066,-0.6074207853483693,1.2410681651542432,1.032633107417048,-0.34266541782809634,1.6504547596551724
531,-0.4422197477289043,0.1360863725728767,-0.9178234157672767,-1.6533643564640714,-0.9302971227216964,-0.5777132630548064,1.2111446087351672,1.066383495294573,-0.34011015271247025,1.6491573418819174
532,-0.4633207080363232,0.16367271594526275,-0.8849437398670984,-1.642028493422494,-0.9374467173852932,-0.5475805367263731,1.178707785386171,1.1011194333305558,-0.3373632031407253,1.6479168609555357
533,-0.48531713014166133,0.19055048149819226,-0.8520640639669201,-1.6305284288999269,-0.9442213458610588,-0.5170652053199697,1.1452112987582654,1.134771827359251,-0.33499885864695045,1.646645151289921
534,-0.5081852364471897,0.21669061502029785,-0.8191843880667419,-1.6188653128932389,-0.95061829838793,-0.48621412915210704,1.1106800764460492,1.167308913408228,-0.33297025891463483,1.645323531971198
535,-0.5330938788910656,0.24334193715673025,-0.7861580369072152,-1.6070403117043106,-0.9566350162701883,-0.4550781034039326,1.073946432813245,1.1999769534269187,-0.3310799335032826,1.6440558237713772
536,-0.5588689740666026,0.2691562337520039,-0.7531316857476886,-1.5950546078234087,-0.9622690929009017,-0.4237114343156453,1.036185633756806,1.2314253266529056,-0.32942025143204334,1.642743651571894
537,-0.5854824106051381,0.2941053506827912,-0.7201053345881621,-1.582909399810932,-0.9675182747245379,-0.3921714238816628,0.997426989205794,1.2616236254073292,-0.32793391070649924,1.641369982902492
538,-0.6135989133648434,0.31877067307059237,-0.6875026750295932,-1.5706059021775611,-0.972380462138356,-0.3605177731102454,0.9570069888127177,1.2911511352089484,-0.32698490191934776,1.6400770581503012
539,-0.6425044871187641,0.34250637743948226,-0.6549000154710243,-1.5581453452628062,-0.9768537103322188,-0.32881191793031006,0.9156408581440422,1.319360087771701,-0.3260880975407142,1.6387320310732414
540,-0.6721684098882427,0.365287236550962,-0.6222973559124554,-1.5455289751119743,-0.9809362300664917,-0.29711631530754834,0.8733605652237316,1.3462234666174537,-0.32518104060490705,1.6373206796862736
541,-0.7026095606622172,0.38712519911493787,-0.5907346346366658,-1.5327580533515686,-0.9846263883877127,-0.265493699789787,0.8301484926893513,1.3717515875026505,-0.32524093484687877,1.636041137450558
542,-0.7337247009655905,0.40799163899554186,-0.5591719133608761,-1.519833857063122,-0.9879227092817555,-0.23400633231352022,0.7861091560975315,1.3959143482772973,-0.32516558104735593,1.6347101052249813
543,-0.765482836301571,0.4278657706588627,-0.5276091920850865,-1.506757678655493,-0.9908238742642128,-0.20271526353027572,0.741274842353922,1.4186896449230755,-0.3248939285548108,1.633317104952548
544,-0.7971278173432733,0.44630561533844276,-0.497678588278505,-1.4935308257356246,-0.9933287229077735,-0.17167963311530354,0.6964030083923513,1.4396343382462162,-0.32599895516320143,1.6321150378337421
545,-0.8293104582909469,0.46379018906987424,-0.46774798447192345,-1.4801546209777887,-0.9954362533063774,-0.1409560245718928,0.6508441626868419,1.4592264423762518,-0.3267919599000306,1.6308687621292193
546,-0.8620019307661525,0.48030382962365914,-0.4378173806653419,-1.466630401991313,-0.997145622475965,-0.11059789210988624,0.6046284712251605,1.4774494520996242,-0.3272194885554557,1.6295720497775017
547,-0.8935193306837266,0.4950576570861288,-0.41001362994599144,-1.452959521186826,-0.99845614669166,-0.08065507250195922,0.5594401905030995,1.4935138037777889,-0.3293585574440322,1.6285066374401296
548,-0.925434708036552,0.5089295931724642,-0.38220987922664096,-1.439143345641015,-0.9993673017612495,-0.05117339069845843,0.513708637604463,1.5082968949337139,-0.3310364885281825,1.6274032211941778
549,-0.9577233922776696,0.5219089148933411,-0.3544061285072905,-1.425183256959923,-0.9998787232348542,-0.022194363718999813,0.4674598646822534,1.5217876381281954,-0.3322117647882907,1.6262598185137247
550,-0.9883047802616017,0.5332249397035667,-0.32908579094043194,-1.4110806511407838,-0.9999902065507035,0.006244996773392763,0.4227758708791821,1.5332151462542702,-0.3353307877138247,1.6254029835366761
551,-1.0191628605601732,0.5437630889156599,-0.3037654533735734,-1.396836938432427,-0.9997017071169574,0.03411228652508152,0.3776740778722538,1.5434647960326173,-0.33787773989865494,1.6245253623159255
552,-1.0502778505134964,0.5535166066776791,-0.2784451158067149,-1.3824535431942528,-0.9990133403295429,0.061379721814441665,0.3321756926807564,1.552529947007222,-0.33982483762115656,1.6236289130914225
553,-1.0791768953651715,0.5617780235349012,-0.2558150839312431,-1.3679319037538011,-0.9979253815259969,0.08802407252366619,0.28875500838862966,1.559703405060898,-0.34383915645490926,1.6230463739954262
554,-1.1082554808371115,0.5693833945829828,-0.2331850520557713,-1.3532734722629136,-0.9964382658753348,0.11402652573356668,0.24501799142580216,1.5658216604583175,-0.347211577789338,1.6224633025846034
555,-1.1374987158878311,0.576328825138123,-0.21055502018029953,-1.338479714552524,-0.9945525882039893,0.13937249138381436,0.20098099866469288,1.5708814133421123,-0.3499275115641139,1.621885026738154
556,-1.1648284761288876,0.5821698165900758,-0.19068683573548556,-1.3235521099860739,-0.9922691027578862,0.16405136184929442,0.15872363385718624,1.574438919347962,-0.35473819758478,1.6216936490990235
557,-1.1922688846682985,0.5874666982355014,-0.17081865129067159,-1.3084921513115828,-0.9895887229007583,0.18805623702960433,0.1162232666432843,1.5770554211362597,-0.3588748883202759,1.6215433495628144
558,-1.2198091099050858,0.5922173792269426,-0.1509504668458576,-1.293301344512367,-0.9865125207488105,0.21138362585071127,0.07349223460728105,1.578729899975753,-0.3623340926965689,1.6214423210078333
559,-1.2462824848801866,0.59624417904533,-0.13382066319245306,-1.2779812086564475,-0.9830417267418881,0.234033134057412,0.03169872377626093,1.5792859057872182,-0.36785379724986506,1.6218708942016138
560,-1.2728209508236636,0.5998169265478219,-0.1166908595390485,-1.2625332757446417,-0.979177729151317,0.25600714694934407,-0.010287675079021952,1.5789946556991388,-0.3726980064883926,1.6224160264942513
561,-1.299416720739273,0.6029345734081345,-0.09956105588564393,-1.2469590905573706,-0.9749220735246148,0.2773105143849678,-0.052457630181902415,1.5778566469327493,-0.3768715702706117,1.623088285248956
562,-1.3247295720769283,0.6054631077588382,-0.08509632979842496,-1.2312602105001726,-0.97027646206729,0.2979502440332553,-0.09346936157675567,1.575739569826128,-0.3830465738316803,1.624320285902256
563,-1.3500763486597107,0.6076252469003909,-0.070631603711206,-1.2154382054479715,-0.9652427529619856,0.3179352075580311,-0.13463814321173917,1.5728679998623765,-0.3885668112692371,1.6257383988263674
564,-1.375451747317091,0.6094205384599815,-0.05616687762398703,-1.1994946575880876,-0.9598229596252282,0.3372758632229733,-0.17595708972900348,1.5692434980852097,-0.39344274084696035,1.627354676778782
565,-1.3977671408955796,0.6106752441320598,-0.04421327229193148,-1.1834311612620187,-0.954019249902089,0.35598399733641756,-0.21433597963356088,1.5646944940341487,-0.400197269628349,1.6292227062142992
566,-1.4200959380837155,0.6116631171084529,-0.03225966695987592,-1.1672493228060146,-0.9478339451990766,0.3740724860305142,-0.2528466152777009,1.5594970623075295,-0.4063321529903901,1.6312781236677607
567,-1.4424349483871235,0.6123840162349756,-0.020306061627820365,-1.1509507603904343,-0.9412695195556019,0.39155507809344553,-0.2914841879966892,1.5536535357905774,-0.4118611397212659,1.6335335746592883
568,-1.4611110174116864,0.612763305776582,-0.010567530732171987,-1.1345371038579373,-0.9343285986543979,0.4084461989420335,-0.3265739135537491,1.5470919044309799,-0.41901372967420547,1.6357617147449002
569,-1.4797898944980774,0.6129607027322403,-0.0008289998365236077,-1.1180099945604975,-0.92701395877128,0.4247607753253133,-0.36177989993757986,1.5399746615035204,-0.42558977516183694,1.638149355460005
570,-1.4984698081745718,0.6129761883811718,0.008909531059124771,-1.1013710851952752,-0.9193285256646756,0.4405140799735253,-0.3970987229792966,1.5323047140458474,-0.43160454891440053,1.6407094865095764
571,-1.5133277187342986,0.6128438078627705,0.016765735044462514,-1.0846220396393396,-0.9112753734053558,0.4557215951360275,-0.42870567909495905,1.5241191812681263,-0.438955860091565,1.6429881573238496
572,-1.5281841307840436,0.6125947058541785,0.02462193902980026,-1.0677645327832885,-0.90285772314685,0.470398893769609,-0.46041959800075505,1.5154524290010285,-0.4457769547398087,1.6453872991382277
573,-1.543038127391647,0.6122288977298781,0.032478143015138,-1.0508002503637583,-0.894078941837027,0.48456153703014543,-0.49223787702788857,1.506307839566905,-0.4520833940150074,1.6479201528793097
574,-1.5540898899601021,0.6118698307442155,0.038783906601406785,-1.0337308887948575,-0.8849425408713637,0.498224986670857,-0.5203590011652446,1.4968123716155792,-0.4594410800694502,1.649941475316785
575,-1.5651391686290592,0.6114410815571303,0.04508967018767557,-1.0165581549985165,-0.8754521746884284,0.5114045309468265,-0.5485810136305427,1.4868932562455588,-0.4663148607591509,1.6520418376509902
576,-1.5761855240513252,0.6109426672167717,0.05139543377394435,-0.9992837662338049,-0.865611639308158,0.5241152226565137,-0.5769017578175203,1.4765543065249296,-0.4727197888825693,1.6542346439037727
577,-1.5835248519251437,0.6105651267953737,0.056467374358321554,-0.9819094499252019,-0.8554248708134978,0.5363718280074358,-0.6016154019999418,1.4659899976088715,-0.4799044536491142,1.655710134548033
578,-1.5908621705442207,0.6101503667546924,0.06153931494269876,-0.9644369434898631,-0.8448959437760261,0.5481887850668954,-0.6264252270543577,1.4550463105307183,-0.4866494701241966,1.6572254033930691
579,-1.5981972911595115,0.6096983977642334,0.06661125552707596,-0.9468679941638701,-0.8340290696261731,0.5595801706434279,-0.6513292969956413,1.4437274673904064,-0.49296891511635194,1.6587939005474266
580,-1.6019525102650993,0.6094478872852308,0.07074446867312174,-0.9292043588275147,-0.8228285949687089,0.570559674535322,-0.6727481514375846,1.4322764822539398,-0.49981520586220024,1.6594641414901021
581,-1.6057066618844253,0.6091818578692357,0.07487768181916753,-0.9114478038296094,-0.8112989998441578,0.581140580175409,-0.6942588580548159,1.4204808577133936,-0.5062628983562415,1.6601395577992284
582,-1.609459681883716,0.6089003140609422,0.07901089496521331,-0.89360010481086,-0.7994448959368459,0.5913357507932551,-0.7158595770728559,1.4083452099977882,-0.5123248558280418,1.6608335023444902
583,-1.609772785991343,0.608875523817504,0.08247571301313861,-0.8756630465262938,-0.7872710247302823,0.6011576203049405,-0.7341097394650493,1.3961465485477862,-0.5186819072918019,1.6604737924915285
584,-1.6100858023260594,0.6088496488762761,0.0859405310610639,-0.8576384226667918,-0.7747822556106337,0.6106181882251972,-0.7524473796592676,1.3836319044869099,-0.5246776571641333,1.66009064517496
585,-1.6103987271301186,0.6088226895478861,0.0894053491089892,-0.8395280356797178,-0.7619835839190322,0.619729017975972,-0.7708706914504008,1.3708062734669184,-0.5303236688669828,1.6596971579399709
586,-1.607416756340778,0.6090900063163521,0.0924452773608584,-0.8213336965886817,-0.7488801289535097,0.6285012380388306,-0.7860830597520962,1.3579701352698619,-0.5360559606779722,1.658121062556184
587,-1.604435611952412,0.6093663868129471,0.09548520561272761,-0.8030572248124292,-0.7354771319213411,0.6369455454658797,-0.8013783871399827,1.3448435187342882,-0.5414603398531521,1.6564995348295732
588,-1.6014553215142429,0.6096518284835954,0.09852513386459681,-0.7847004479829077,-0.721779953842635,0.6450722113249574,-0.8167548735313351,1.3314317823262305,-0.5465470774603606,1.6548452563022478
589,-1.595328067464142,0.6102574779992351,0.10135528428359573,-0.7662652017625027,-0.7077940734059962,0.6528910877099849,-0.8290628657016392,1.3180515514052313,-0.5515358034263892,1.6519070403350016
590,-1.5892025520298576,0.610880466116793,0.10418543470259466,-0.747753329660472,-0.6935250847771224,0.6604116159967486,-0.8414492223693856,1.3044055508939154,-0.5562261812941539,1.6489081841588327
591,-1.583078824275213,0.6115207878462925,0.10701558512159358,-0.7291666828486026,-0.6789786953612166,0.6676428360684155,-0.8539121414266103,1.2904994832075092,-0.5606272509468219,1.6458608008998872
592,-1.573959857986791,0.612500401840324,0.10982136535663894,-0.7105071199760853,-0.6641607235200951,0.6745933962741206,-0.8634527380107058,1.2766611253604192,-0.5647720309174817,1.6414571900270118
593,-1.5648436761704092,0.6135055977602057,0.11262714559168431,-0.6917765069836577,-0.6490770962449237,0.6812715639183997,-0.8730671691867515,1.2625826940051295,-0.5686444183267154,1.6369843663294852
594,-1.555730350592275,0.6145363676926361,0.11543292582672968,-0.6729767169170084,-0.6337338467854989,0.6876852361095336,-0.8827536336752666,1.248270214478135,-0.5722523102828039,1.6324537398481411
595,-1.543779640370934,0.6159220331667998,0.11836893531360153,-0.6541096297394813,-0.6181371122370333,0.6938419508213524,-0.8896700106314528,1.2340591454038332,-0.5754730155077509,1.6265250977926509
596,-1.5318330499791566,0.6173427800168195,0.12130494480047338,-0.6351771321440697,-0.6022931310853911,0.6997488980461777,-0.8966559178350869,1.2196359111022106,-0.5784439532457043,1.6205249142439373
597,-1.51989068239829,0.6187985959956506,0.12424095428734523,-0.6161811173647562,-0.5862082407117827,0.7054129309366325,-0.9037095650335338,1.2050068367074331,-0.5811719766492872,1.6144637874189662
598,-1.505277676178101,0.6206235292876634,0.12743014283386128,-0.5971234849871871,-0.5698888748578939,0.71084057685146,-0.9081541911909139,1.1905124041455573,-0.5834104340175987,1.6069945718398244
599,-1.490670564318221,0.6224950568521229,0.13061933138037732,-0.5780061407587223,-0.5533415610524803,0.7160380482354703,-0.9126644235594987,1.1758366179046034,-0.5854187168550931,1.599457150435982
600,-1.4760694953863427,0.6244131596538813,0.13380851992689335,-0.5588309963978517,-0.5365729180004349,0.7210112532766491,-0.917238498988491,1.1609860776543162,-0.5872027333497557,1.5918612334582554
601,-1.4589758695404023,0.6267141819019705,0.13734172599151181,-0.5395999694030323,-0.5195896529353996,0.7257658062944856,-0.9193759001373699,1.14630383483737,-0.5884240803029738,1.582879472921631
602,-1.4418904803577222,0.6290755849644645,0.14087493205613028,-0.5203149828609361,-0.5023985589369582,0.7303070378230215,-0.921575497496786,1.1314741439014226,-0.5894321057668912,1.5738377753798825
603,-1.4248135411243066,0.6314973393627122,0.14440813812074874,-0.5009779652541498,-0.48500651221350166,0.7346400043601177,-0.9238355758701567,1.1165038515762138,-0.590231866239369,1.5647449241816611
604,-1.4054350269609928,0.6343153706024796,0.1483441567980568,-0.4815908502683184,-0.467420469351827,0.7387694977612211,-0.9238441766926744,1.1017358399543067,-0.5904253409631643,1.5543204325686053
605,-1.386067754700764,0.637209654010205,0.15228017547536485,-0.4621555765987845,-0.44964746453460147,0.7427000542616012,-0.9239121781019796,1.0868571185448066,-0.5904198787862364,1.5438483546782105
606,-1.3667120243857216,0.6401801447470046,0.1562161941526729,-0.44267408775671735,-0.4316946067267801,0.7464359631158108,-0.9240379366290042,1.0718747514737847,-0.5902197689631379,1.533336547158345
607,-1.3452588943640105,0.6435590011987193,0.1605825293302089,-0.4231483318747701,-0.4135690768321209,0.7499812748470809,-0.9221105624892404,1.0571280780308403,-0.589398745516872,1.521577649688725
608,-1.3238207220155869,0.6470314967003769,0.16494886450774487,-0.4035802615122578,-0.39527812482090974,0.7533398091026414,-0.9202404605033291,1.0423096215212866,-0.5883909445948965,1.5097866590828326
609,-1.3023979160560468,0.6505975650493622,0.16931519968528086,-0.38397183345991004,-0.37682906683007494,0.756515162113617,-0.9184260825961368,1.0274266318794372,-0.5871999624283362,1.4979705434232842
610,-1.2790938870224131,0.6545814337017192,0.17410962838373104,-0.36432500854419003,-0.35822928223682704,0.7595107137603188,-0.9147688784782231,1.0128107159385462,-0.5854010853765877,1.485019218095289
611,-1.255809226128863,0.6586769856440157,0.1789040570821812,-0.3446417514312205,-0.3394862107070128,0.7623296342454584,-0.9111674746976424,0.9981631963510285,-0.5834255771632773,1.4720534425029834
612,-1.2325444686083125,0.6628841267338368,0.1836984857806314,-0.3249240304303084,-0.32060734921933826,0.764974890379158,-0.9076204381780041,0.983491475953175,-0.5812764045985266,1.4590793678254712
613,-1.2076239762791023,0.6675141815885803,0.1888915044470616,-0.3051738172971223,-0.30160024906668353,0.7674492514806304,-0.90245015898198,0.9691144306552639,-0.5785577470335688,1.4451048874747592
614,-1.1827278638233338,0.6722735860132829,0.1940845231134918,-0.28539308703651545,-0.2824725128356836,0.7697552949021605,-0.8973347767868184,0.9547460988489664,-0.5756707717886688,1.4311347429191046
615,-1.1578568026239884,0.6771622116592659,0.19927754177992202,-0.2655838177050335,-0.263231791365801,0.7718954111815078,-0.8922729849189549,0.9403940030250669,-0.5726178694015858,1.4171743664417948
616,-1.1315608142831874,0.6824728968858298,0.20481567842595333,-0.2457479902131001,-0.24388578068908245,0.77387180882917,-0.8858128240700873,0.9263586775749122,-0.5690561304032167,1.4023657291715474
617,-1.10529464035305,0.687929130702937,0.21035381507198464,-0.22588758812693474,-0.2244422189518554,0.7756865187570767,-0.8794070522261151,0.9123713496547925,-0.5653327036850921,1.3875803793048636
618,-1.0790590864402212,0.6935307457630998,0.21589195171801595,-0.2060045974701957,-0.20490888331957058,0.777341398355284,-0.8730544889700255,0.8984396290826704,-0.5614494466372681,1.372823145545781
619,-1.0516298219482634,0.6995462545303958,0.22170182534026545,-0.1861010065253778,-0.18529358686603822,0.7788381352231183,-0.8655288154228855,0.884839841396434,-0.5571363098828528,1.3573807656806147
620,-1.0242359695364558,0.7057210214360613,0.22751169896251494,-0.1661788056349928,-0.16560417544830938,0.7801782505609888,-0.858057163901463,0.8713251968843707,-0.5526665515984739,1.3419798852829197
621,-0.9968784538715914,0.7120548380537012,0.23332157258476444,-0.14623998700252616,-0.14584852456842748,0.7813631022287947,-0.8506384668690652,0.8579033626221286,-0.5480415296440302,1.3266248524470954
622,-0.9685535417875067,0.7187862470035399,0.2393144797597279,-0.12628654449322554,-0.1260345362233393,0.7823938874764594,-0.8422669972942812,0.8448207832268791,-0.5430794077167316,1.310752109893079
623,-0.9402694788131291,0.7256872826274541,0.24530738693469134,-0.10632047343471225,-0.10617013574419806,0.7832716453517061,-0.8339490053784168,0.8318574183716522,-0.5379642584170148,1.2949375472993936
624,-0.9120272807657412,0.73275769707593,0.25130029410965476,-0.08634377041745736,-0.08626326862634384,0.7839972587896967,-0.8256835103482839,0.8190209657022738,-0.5326969646800419,1.2791851537991987
625,-0.8830339515860312,0.7402010806782802,0.2573770226387323,-0.06635843309511363,-0.06632189735120068,0.7845714563886423,-0.8166755184909176,0.8065229780294808,-0.52719443374991,1.263080435906138
626,-0.8540863888607536,0.7478205103577826,0.26345375116780984,-0.0463664599847589,-0.04635399820139721,0.7849948138749364,-0.8077199288759948,0.7941745085591798,-0.5215410627071266,1.2470484006799158
627,-0.8251856615225462,0.7556157047554456,0.26953047969688737,-0.026369850267042503,-0.026367558070356484,0.7852677552607884,-0.7988158112555037,0.7819832628258021,-0.515737275563901,1.231092791408329
628,-0.795735554388777,0.7637513769045523,0.27558600895240387,-0.006370603586275981,-0.006370571267652135,0.7853905536967359,-0.789364950802501,0.7701219481722045,-0.509804544744332,1.2149425971847239
629,-0.7663352527123671,0.7720652347842814,0.28164153820792037,0.013629280149540351,0.013628963678619457,0.7853633320208057,-0.7799645328619075,0.7584362711056619,-0.5037217938128853,1.1988769308870806
630,-0.7369858345824608,0.780556973531097,0.2876970674634369,0.033627800968699426,0.033623047221136695,0.7851860630054648,-0.7706136355511602,0.7469339263099602,-0.4974889955420279,1.1828993897435258
631,-0.7072708728425136,0.7893498237206352,0.2936248247548717,0.053622959035786476,0.053603681993068565,0.7848585693028844,-0.7608938318783001,0.7357461417275667,-0.4912337445480127,1.1668729152054673
632,-0.6776085547443327,0.7983186614772523,0.2995525820463065,0.07361275485165383,0.07356287600690768,0.7843805230883966,-0.7512213095959865,0.7247557854703446,-0.48482794104209004,1.1509398494182732
633,-0.647999922568491,0.8074631716521008,0.3054803393377413,0.09359518945337977,0.09349264585116929,0.7837514454014016,-0.7415951120218708,0.7139705258009315,-0.4782711060636603,1.1351037277634792
634,-0.6181895274339901,0.816863917138058,0.311175739456731,0.1135682646141561,0.11338501988364241,0.7829707051823518,-0.7317577920481463,0.7034788972544155,-0.4717949657256208,1.1193491478486532
635,-0.5884331565042613,0.8264342913658093,0.31687113957572066,0.1335299830431127,0.13323204141994396,0.7820375180038213,-0.721963139547374,0.6932022499458653,-0.4651663784281006,1.103693750011762
636,-0.5587317750014328,0.8361739838963902,0.32256653969471033,0.15347834858503784,0.15302577191607933,0.7809509444930636,-0.7122101235864706,0.6831482119803108,-0.45838440479835324,1.0881410764387547
637,-0.5289714800400626,0.8461210717451395,0.3279296275329387,0.17341136642000265,0.17275829414376465,0.7797098884428689,-0.7023828464600652,0.6733627776013749,-0.45178026090993023,1.072783527748365
638,-0.4992649599211837,0.8562276228524728,0.33329271537116706,0.19332704326283448,0.1924217153572057,0.7783130946069631,-0.6925920031840181,0.6638059074952671,-0.445020379235796,1.0575278264117867
639,-0.469613069082806,0.8664933465272765,0.3386558032093954,0.2132233875624471,0.21200817045009426,0.7767591461756517,-0.682836456645253,0.6544851760771823,-0.43810334296625625,1.0423775761914844
640,-0.4400244159180743,0.8769152158083694,0.3435929264086534,0.23309840970098727,0.23150982510153895,0.7750464619269026,-0.6731228256190616,0.6454053907068305,-0.4314535355182492,1.0275186665136664
641,-0.41048757721063855,0.8874830403047309,0.3485300496079114,0.2529501221928054,0.25091887890969955,0.7731732930475957,-0.6634376994034439,0.6365641613950314,-0.42464324343968435,1.012761273332106
642,-0.38100327292495845,0.8981965624242022,0.3534671728071694,0.2727765398831953,0.2702275685118367,0.7711377196192538,-0.6537798128081538,0.6279689939123655,-0.41767054681208443,0.9981091055716699
643,-0.3516847412508827,0.9090140055282828,0.3578917113897506,0.2925756801469099,0.28942817068955534,0.7689376467622203,-0.6442604213977926,0.6195858348387275,-0.4110459353724697,0.9838276568071731
644,-0.3224143585922837,0.9199610632998023,0.36231624997233186,0.3123455630864238,0.30851300545799065,0.7665708004319635,-0.6347599216787074,0.6114480578418117,-0.4042545504596316,0.9696445880710113
645,-0.29319269796109226,0.9310375214335778,0.3667407885549131,0.3320842117299144,0.32747443913769303,0.7640347228610073,-0.6252769096910067,0.6035630822958847,-0.39729393430609417,0.9555637489668909
646,-0.2642213619708213,0.9421659435635399,0.37057304511318756,0.351789652228968,0.34630488740800797,0.7613267676398998,-0.6160110141997893,0.595861056155532,-0.39075372252671225,0.9419174271276235
647,-0.23529288558387115,0.953405309297133,0.374405301671462,0.37145991405595574,0.3649968183406966,0.7584440944306824,-0.6067527996398269,0.5884084909564364,-0.38403879275922037,0.928363779153602
648,-0.206407693648832,0.9647554535710947,0.3782375582297365,0.3910930302010885,0.38354275541260996,0.7553836633065133,-0.5975007238499205,0.5812126981584848,-0.3771461050767768,0.9149068258989153
649,-0.17784129531742388,0.9761068990412999,0.381403957704422,0.4106870373691092,0.40193528049619187,0.7521422287114786,-0.5885283326865332,0.574171618545108,-0.37073827100705664,0.9019343166255519
650,-0.14931098334138626,0.9875487400837931,0.3845703571791075,0.43023997617563103,0.4201670368266409,0.7487163330352061,-0.5795509595170173,0.5673817032571522,-0.36414597585609865,0.889046457503922
651,-0.12081704376783117,0.9990808619817921,0.387736756653793,0.4497498913430674,0.43823073194451173,0.7451022997977352,-0.5705669351108986,0.5608501300372803,-0.35736554314394225,0.8762474691725183
652,-0.09269621320210963,1.0105657386149767,0.3901685197001201,0.4692148318961616,0.45611914061260495,0.7412962264412188,-0.5619110450982712,0.5544465980023717,-0.3511277067410987,0.8639709017560128
653,-0.06460339425327485,1.0221189644196373,0.39260028274644726,0.48863285135707546,0.4738251077059589,0.7372939767265044,-0.5532362456103503,0.5482938567136784,-0.34469369398005717,0.8517688885117916
654,-0.036538753047329536,1.033740471076136,0.3950320457927744,0.5080020079400462,0.4913415510738144,0.733091172734505,-0.5445407609873758,0.5423989200023216,-0.33805912694173057,0.8396458789900658
655,-0.00888916658362357,1.0452689509061732,0.39666349105590204,0.5273203647455568,0.5086614643723737,0.7286831864746114,-0.5362095313291804,0.5366074865337995,-0.33201969541870935,0.8280732662260711
656,0.018741575008365763,1.0568425241608874,0.3982949363190297,0.5465859899540265,0.5257779198672481,0.7240651311052729,-0.5278444149456607,0.5310646042936393,-0.32577019478624325,0.8165632615627239
657,0.046353398186295885,1.068461160035905,0.3999263815821573,0.5657969570189859,0.5426840712044526,0.7192318517753863,-0.51944355883269,0.5257770888314525,-0.31930547019322897,0.8051205755960821
658,0.07351906773680786,1.0799442635949048,0.4006929895578704,0.5849513448597394,0.5593731561488667,0.7141779160993728,-0.5114322771229316,0.5205711074460381,-0.31348492654150234,0.7942481042844689
659,0.10067592626694205,1.0914481891965682,0.4014595975335835,0.6040472380534647,0.5758384992890305,0.708897604283927,-0.5033713117865226,0.5156096899075376,-0.3074380067503435,0.7834246344421752
660,0.12782395781694514,1.1029729300801787,0.4022262055092966,0.6230827270267574,0.5920735147072245,0.7033848989304824,-0.49525876920981227,0.5108994153729542,-0.3011586934211858,0.7726551751789412
661,0.1545043887277088,1.1143233148415925,0.4020625497771564,0.6420559082465795,0.6080717086137423,0.6976334745446516,-0.48755151951887077,0.5062516062278503,-0.29557092476749525,0.7624692417149367
662,0.18118667683669873,1.1256693330455714,0.40189889404501616,0.6609648844106218,0.6238266819443293,0.6916366867923863,-0.4797782075739231,0.501842651101242,-0.28973779274737016,0.7523171960505006
663,0.2078708214292779,1.1370109843882328,0.40173523831287594,0.6798077646370254,0.6393321329197169,0.6853875615526078,-0.4719369432077475,0.49767885146851587,-0.2836523232397319,0.7422043910154339
664,0.2340747359262832,1.1481434591387882,0.40057286697439204,0.6985826646534714,0.6545818595662526,0.6788787838277314,-0.4645079287271882,0.49356159957253565,-0.27830591685333933,0.7326833229838116
665,0.2602915727878052,1.159245467696453,0.39941049563590814,0.7172877069856007,0.6695697621966022,0.672102686587147,-0.45699613419779556,0.48967570549985073,-0.27269219095123887,0.7231796417449077
666,0.2865212965920927,1.1703169950612258,0.39824812429742423,0.7359210211447693,0.6842898458495512,0.6650512396345386,-0.4493997245526766,0.48602714921167456,-0.26680311533711437,0.7136990994476864
667,0.31226651760610724,1.1811487745442966,0.3960134617359578,0.7544807438150888,0.6987362226879031,0.6577160386082651,-0.44221422620898154,0.4824125518563934,-0.2617025768723073,0.7048145364504138
668,0.3380358796899168,1.1919229951483055,0.3937787991744914,0.7729650190397587,0.7129031143535387,0.6500882942451496,-0.4349291393498419,0.47901988079476676,-0.2563094950706582,0.6959295651972278
669,0.3638292541586794,1.2026396030698687,0.39154413661302495,0.7913719984066616,0.7267848542786822,0.6421588220623271,-0.4275427442479822,0.4758547487911865,-0.25061468544930215,0.6870504062069037
670,0.38914212624150596,1.2130903034452505,0.38815647822278126,0.8096998412331966,0.7403758899524486,0.6339180326396285,-0.42055771499169065,0.47271441349280185,-0.24576155441684727,0.6787683330800434
671,0.41449025641140275,1.2234551926538968,0.3847688198325376,0.827946714750356,0.7536707851417809,0.6253559227167048,-0.4134564583389532,0.4697844075121159,-0.24058710288416724,0.670466842250903
672,0.4398733537676921,1.2337341517460754,0.3813811614422939,0.8461107942859937,0.7666642220658663,0.61646206735519,-0.4062374405183016,0.4670699296802091,-0.23508090591289615,0.6621527086821922
673,0.46478851564962415,1.2437255080112497,0.37675085646225864,0.8641902634472943,0.7793510035231799,0.607225613456968,-0.3994017477976702,0.46437450448806983,-0.23047475699470937,0.6544341450246499
674,0.4897496733062947,1.253601392784745,0.3721205514822234,0.8821833143024047,0.791726054970291,0.5976352749755627,-0.39243364099611,0.4618753378144539,-0.2255147234933393,0.6466760245895598
675,0.5147562915783239,1.2633615943306933,0.36749024650218814,0.9000881475612352,0.803784426551621,0.5876793302090884,-0.3853318559829113,0.4595771677790723,-0.2201890837069002,0.6388857839729672
676,0.539316773049271,1.2728168552847925,0.361517211927068,0.9179029727553806,0.8155212950793129,0.5773456216204795,-0.3785861997061096,0.45729556020547957,-0.21582840969341155,0.6316871396683209
677,0.5639332926624032,1.2821252478383498,0.35554417735194777,0.9356260084171686,0.8269319659624466,0.5666215586940145,-0.37169271575476537,0.45519328187590324,-0.21107738134206677,0.6244277858362267
678,0.5886049721732652,1.2912864398955093,0.34957114277682755,0.953255482257799,0.8380118750848067,0.5554941244066477,-0.36465051008453375,0.4532745648107026,-0.20592298162982015,0.617115953425738
679,0.6128625600496491,1.3001293633273503,0.34214393106824637,0.9707896313445805,0.8487565906304755,0.5439498859681842,-0.3579270712949314,0.4513727726968748,-0.2018059548999378,0.6103890658677523
680,0.637185156523315,1.3087918782728558,0.3347167193596652,0.9882267022772163,0.8591618148564958,0.5319750105656659,-0.35104154575390134,0.44963006341636,-0.1972582912060007,0.6035794845938683
681,0.6615714198815181,1.3172735068798065,0.327289507651084,1.0055649513631455,0.8692233858119127,0.5195552869336455,-0.34399353148162737,0.44805012106789377,-0.1922657792825615,0.5966963973188427
682,0.6855871796976606,1.3254268374762,0.3182852697610136,1.0228026447919047,0.8789372790024944,0.5066761536623483,-0.33721546509424416,0.44648955847370553,-0.18839088390133468,0.590388279746387
683,0.7096753795021677,1.3333635968614195,0.30928103187094325,1.0399380588085174,0.8882996090004824,0.4933227352482483,-0.33026267930634967,0.44506398786093704,-0.18404170337730508,0.5839749474209567
684,0.7338340663261212,1.3410831415567277,0.30027679398087287,1.0569694798858615,0.8973066309987076,0.4794798869840495,-0.3231354135597403,0.44377651055802014,-0.1792030930031766,0.5774667396148302
685,0.7576787928368507,1.3484664120789125,0.2895626417991989,1.0738952048960235,0.9059547423084627,0.4651322498740918,-0.31621641205917284,0.44251166977044976,-0.1755696080748929,0.5715191024088169
686,0.7816012547266697,1.3555937876902724,0.2788484896175249,1.090713541280604,0.9142404838005289,0.4502643168426439,-0.3091122865539342,0.4413533038897435,-0.171415827225119,0.5654436580033997
687,0.8055987058893173,1.3624644502253993,0.2681343374358509,1.1074228072199814,0.9221605412887859,0.4348605115707623,-0.3018241013306642,0.4403039089366134,-0.16672617413491136,0.5592521233849626
688,0.8293528743052976,1.3689909224163965,0.2555708113909912,1.124021331801486,0.9297117468558371,0.4189052813456625,-0.2946684574961884,0.4392791755605594,-0.16333446995467132,0.5536007975063992
689,0.8531871613873054,1.3752184512751857,0.2430072853461315,1.1405074551864933,0.936891080120138,0.4023832053261955,-0.2873202937991879,0.4383273711550477,-0.15937591998006398,0.5477997073767367
690,0.8770978051288338,1.3811460538479237,0.2304437593012718,1.1568795287764002,0.9436956694441047,0.3852791196091139,-0.27978172364756637,0.437450384403819,-0.15483536030784206,0.5418621969688525
691,0.9008502792047897,1.3867186573861319,0.21589131863031655,1.1731359153774927,0.9501227930827353,0.36757826041131964,-0.27228563617270307,0.4365958643033966,-0.1516869417810031,0.5364367108053633
692,0.9246813303726039,1.3919450266000342,0.20133887795936128,1.1892749893646573,0.9561698802722672,0.3492664265498517,-0.26459365899205334,0.4357751463277669,-0.1479275485904904,0.5308411647261181
693,0.9485859119355236,1.3968240547025081,0.18678643728840602,1.2052951368439446,0.9618345122584524,0.3303301621888942,-0.2567092249084211,0.43498954244405574,-0.1435437249004882,0.5250907818149908
694,0.972430248365923,1.4013303830131651,0.1701160352421513,1.2211947558139582,0.9671144232640236,0.31075696051584134,-0.24876450744803524,0.4342159597491415,-0.14064092527369004,0.5198145339720421
695,0.996346390500326,1.4054386089145163,0.15344563319589657,1.236972256326048,0.9720075013949759,0.29053548859030254,-0.24062586582572187,0.4334311075195404,-0.13708985539440596,0.5143510092554041
696,1.0203276921416398,1.4091475907475561,0.13677523114964185,1.2526260606433117,0.9765117894852975,0.2696558330657038,-0.23229836850167196,0.43263580126225865,-0.13288060191606194,0.5087175276201421
697,1.0443544879393645,1.4124545084082272,0.11788395813594865,1.2681546033983628,0.9806254858798085,0.24810976580033245,-0.22380011545899836,0.4318290225284187,-0.1302258076643838,0.5035092425756965
698,1.0684394646893938,1.415306966237989,0.09899268512225545,1.2835563317498675,0.9843469451548001,0.22589102754483356,-0.21511686706047373,0.43096002108318876,-0.1268983424225781,0.4981013908588631
699,1.0925740271961282,1.417703946281406,0.08010141210856225,1.2988297055378224,0.9876746787761803,0.2029956269152212,-0.20625567834169423,0.43002926750522574,-0.12289421480665894,0.4925135163548496
700,1.1168577133506217,1.4196532747352866,0.05893363055408986,1.3139731974375781,0.9906073556948702,0.17942215074251594,-0.19711548408695645,0.42904591904041633,-0.12048852018842608,0.4872908763862375
701,1.1411772191296874,1.42108817310557,0.03776584899961746,1.328985293112564,0.9931438028792042,0.15517208065333724,-0.1878080739828767,0.4279443702263658,-0.11740623165371977,0.4818635490392746
702,1.1655216479782402,1.4220079984742102,0.016598067445145068,1.3438644913657243,0.9952830057841277,0.13025010941636972,-0.17834284338748407,0.42672499269008257,-0.11365204197122465,0.47625326856423017
703,1.1901009893364747,1.4224160055086001,-0.006828887765198497,1.3586093042896297,0.9970241087570001,0.10466444924219856,-0.168508314953155,0.42539189675160005,-0.11149333700739705,0.47093957385987495
704,1.214683143646944,1.4222481341262907,-0.030255842975542062,1.373218257415277,0.9983664153798475,0.07842712292189793,-0.15853511376833285,0.4238817187464432,-0.10868296589744,0.4654256985397789
705,1.2392546202939037,1.4215044764546148,-0.05368279818588563,1.3876898898595273,0.9993093887479177,0.051554227525755024,-0.1484352695656237,0.422195087706697,-0.10523702571164065,0.4597353074490989
706,1.2641084972241434,1.420168967639858,-0.07925159639103685,1.4020227544711974,0.9998526516844362,0.024066159466105345,-0.13791425724705397,0.42031631595542174,-0.1033177558571422,0.4542694205927805
707,1.2889201066841345,1.4181984808313046,-0.10482039459618805,1.4162154179757676,0.9999959868914717,-0.004012210822560227,-0.12729531129163307,0.4182024939398329,-0.10080818377362782,0.448619785709533
708,1.3136732286343844,1.415594304191011,-0.13038919280133926,1.4302664611187157,0.999739337036853,-0.03265142639572878,-0.11659323248433129,0.41585496715415804,-0.09773776640561048,0.44281147969524104
709,1.3386970105440879,1.4123128560148046,-0.15786034876251848,1.4441744788074369,0.9990828047770997,-0.06181740477477093,-0.10547746826334903,0.41323005123770495,-0.09604294398774754,0.43715994629768595
710,1.3636212169319566,1.4083453002014026,-0.1853315047236977,1.457938080251753,0.9980266527163616,-0.0914714824314205,-0.09431686331979638,0.410318647485041,-0.09386002229227719,0.43135457220846196
711,1.3884270395693556,1.4036946307356766,-0.2128026606848769,1.4715558891029872,0.9965713033013819,-0.12157055086072027,-0.08312884953363153,0.4071233274342947,-0.09123210982415664,0.42542109401030415
712,1.413418590477169,1.3982946016637565,-0.24180574340675143,1.4850265435916035,0.9947173386525217,-0.1520672896241892,-0.07160795311443446,0.40357726301123487,-0.08973845378256223,0.41958943773188995
713,1.4382430354067053,1.392172113223929,-0.27080882612862595,1.4983486966633788,0.9924655003309216,-0.18291049838327378,-0.06010566125667349,0.39970661289300746,-0.08789832774535217,0.4136474137788509
714,1.4628794940247214,1.3853323151627148,-0.29981190885050046,1.5115210161141086,0.9898166890418857,-0.21404552605890018,-0.04864152208938721,0.39551562612082913,-0.08576638279160029,0.4076205105169257
715,1.487544684175694,1.3777075606837548,-0.3298582303653051,1.5245421847228224,0.9867719642746133,-0.24541479105467268,-0.03699750054712836,0.39093559640914144,-0.08444343931063242,0.4016592461641016
716,1.5119696801708202,1.3693452609590298,-0.3599045518801097,1.5374109003835117,0.9833325438784152,-0.2769583822343691,-0.025441220212691462,0.3860127170806146,-0.08294616964574064,0.39564269296016225
717,1.5361324332359705,1.3602529647495658,-0.38995087339491435,1.550125876235334,0.9794998035755915,-0.30861472634854564,-0.013993442999363559,0.3807531611739743,-0.08133614704636871,0.3895951167652123
718,1.5601152729285843,1.3503960778574418,-0.42047097950075407,1.5626858407913,0.9752752764111607,-0.3403213041667633,-0.0025705678627157003,0.375120801446281,-0.08014967533399076,0.3835963946037308
719,1.5837861572250984,1.339811936156445,-0.4509910856065938,1.5750895380654217,0.9706606521396621,-0.37201539497002895,0.008696619159676677,0.36915128401678277,-0.07897569063656484,0.3776049011699534
720,1.607123038955588,1.3285103977645765,-0.4815111917124335,1.5873357276983062,0.9656577765492774,-0.4036348275127553,0.019787311257281726,0.36285262121529904,-0.0778763641996782,0.37164269199133565
721,1.6300557128281388,1.3165273157565578,-0.5119119835178774,1.5994231850811964,0.9602686507235386,-0.43511871520880985,0.030632527746942362,0.3562586650330192,-0.07679326830906752,0.36572639257355294
722,1.6526135511650681,1.303852706692739,-0.5423127753233212,1.6113507014784265,0.9544954302409214,-0.46640815416292103,0.04126284968664162,0.3493572764518176,-0.0759046211604002,0.35988142614977775
723,1.674775707434129,1.290498283647867,-0.5727135671287651,1.6231170841482976,0.9483404243126435,-0.49744686468148896,0.05165862328583137,0.34215785933522336,-0.07526670244727612,0.35412665892578143
724,1.6963340073761943,1.2765974133202935,-0.602441660056529,1.6347211564623458,0.9418060948590116,-0.528181759882355,0.061612850913848494,0.33479131846128196,-0.07425990017417394,0.34841914856771855
725,1.717469596344359,1.2620618923036646,-0.6321697529842929,1.646161758023011,0.934895055524683,-0.5585634287330091,0.0713078383213479,0.3271668367789816,-0.07360632425128377,0.3428422929917098
726,1.7381637969364796,1.2469045655568687,-0.6618978459120568,1.6574377447796707,0.927610070633246,-0.5885465249860494,0.08072605215680895,0.3192944949236227,-0.07335132092600738,0.33741085677100746
727,1.7581103758754417,1.2313631807079901,-0.6904928722655896,1.668547989143047,0.9199540540815242,-0.6180900577424485,0.0895623867323947,0.3114091266264659,-0.07240281452314112,0.3320229401928934
728,1.7776044547068481,1.2152578541076346,-0.7190878986191225,1.6794913800979598,0.9119300681740611,-0.6471575834684962,0.0981130746088883,0.30332778593357357,-0.07193031515062631,0.326814766138621
729,1.796630094685521,1.1986017537899993,-0.7476829249726553,1.6902668233144347,0.9035413223982338,-0.6757173029780909,0.10636327137108625,0.2950604313917655,-0.07196562199456447,0.3217962933579544
730,1.8148339364559765,1.181721735897457,-0.7748089122867303,1.7008732412571288,0.8947911721405041,-0.7037420699869326,0.11396069519884766,0.2869305637569529,-0.07106684229979776,0.3168070146675288
731,1.8325732502694716,1.1643541913190583,-0.8019348996008053,1.7113095732930879,0.8856831173443074,-0.7312093202389199,0.12126367697638374,0.2786710739747509,-0.0707255793618854,0.3120329380051859
732,1.849834983998888,1.1465118986437584,-0.8290608869148803,1.7215747757978035,0.8762208011101247,-0.7581009318558724,0.1282602082010844,0.2702910975336337,-0.07095995505900798,0.30747889949669427
733,1.86626624316782,1.1285792640713834,-0.8545127001392964,1.7316678222595798,0.8664080082382859,-0.7844030284895931,0.13459842090824026,0.2621712558330975,-0.07010967164970328,0.302928817306846
734,1.8822358117921387,1.1102342773301472,-0.8799645133637124,1.7415877033821823,0.8562486637151049,-0.8101057371275008,0.14064810840995645,0.25398561361504235,-0.06985877623621162,0.29861485385012165
735,1.8977333454268295,1.0914888215654936,-0.9054163265881284,1.7513334271857652,0.8457468311429333,-0.8352029121201988,0.14639991824106424,0.2457419904225604,-0.07021341446792961,0.29453690004662797
736,1.9124413855907636,1.0727467758174447,-0.9291062153888349,1.7609040191060688,0.8349067111147797,-0.8596918362790572,0.15153736648469485,0.23784006470266505,-0.06941437910977766,0.2904304148089187
737,1.9267013433404716,1.0536615896967279,-0.9527961041895413,1.7702985220918765,0.823732639534121,-0.8835729088565338,0.15640282124859506,0.22992895016260684,-0.06922319533300747,0.2865676453989707
738,1.9405052162074756,1.034243973515604,-0.9764859929902477,1.7795159967007192,0.8122290858806044,-0.9068493289873355,0.16098921950675638,0.22201488763499955,-0.06963666400291224,0.2829441713526373
739,1.9535904554261327,1.0148818529221806,-0.9984190794814867,1.7885555211928177,0.8004006514223111,-0.9295267818372679,0.16503493423331506,0.2144812014998695,-0.06889229764421878,0.2792577017539926
740,1.9662479103588029,0.995237412642265,-1.0203521659727255,1.7974161916232538,0.7882520673753163,-0.9516131333632378,0.16883171873554903,0.20698534526694867,-0.06873903260948766,0.27581177823030995
741,1.9784714922507276,0.9753201024570226,-1.0422852524639643,1.8060971219323696,0.7757881930112588,-0.9731181382979247,0.172374370318358,0.19953190944576382,-0.0691671141660396,0.27259859888081023
742,1.9900594293397174,0.9554749811461797,-1.06253228270404,1.814597444034368,0.7630140137137015,-0.9940531647825135,0.1754619853053494,0.1924609674324782,-0.0684791179215265,0.26929077567501347
743,2.0012432139983707,0.9353993220902649,-1.0827793129441157,1.8229163079041226,0.7499346389840432,-1.0144309380104182,0.17832690609424806,0.18546468310622166,-0.0683483749336975,0.2662125738445036
744,2.0120182616776443,0.915101354868648,-1.1030263431841913,1.8310528816621792,0.7365553003977854,-1.0342653043291206,0.18096538001546514,0.17854605447086258,-0.06876103885507079,0.26335383573375665
745,2.022239930035336,0.8948669841949206,-1.1216992313116563,1.8390063516579414,0.722881349511976,-1.0535710164801917,0.18323357837739485,0.1719856346829446,-0.06812821483146458,0.2603748383358161
746,2.032082004232444,0.8744452840679708,-1.1403721194391212,1.8467759225510378,0.7089182557246515,-1.0723635400346438,0.18530608168140628,0.16552702834331934,-0.06800857940447735,0.25760960365037083
747,2.041541052666225,0.8538433748529535,-1.1590450075665861,1.854360817390854,0.6946716040871542,-1.090658880591542,0.1871802352753713,0.15917177076579925,-0.06838612697504409,0.25504657505857703
748,2.0505206499622943,0.8332816848435377,-1.1762776795303478,1.8617602776942273,0.6801470930701856,-1.1084734309385513,0.18876037226806708,0.1531345917733521,-0.06780424859179646,0.25234519504731723
749,2.059144598656575,0.8125683130136956,-1.1935103514941094,1.868973563521292,0.665350532284497,-1.125823837107909,0.19017103513528277,0.14721778072919856,-0.06768651438620044,0.24983907179824508
750,2.0674103378016664,0.7917094103573192,-1.210743023457871,1.8759999535494778,0.6502878401571169,-1.1427268820842833,0.1914103842521886,0.1414215702002023,-0.0680161413735878,0.24751604231809524
751,2.0752588302573423,0.7708614712721877,-1.2266778985112148,1.8828387451456365,0.6349650415640629,-1.1591993858163752,0.19242008511170572,0.13589642970812488,-0.06747851269483962,0.24504423771498696
752,2.0827741310430388,0.7498911195339677,-1.2426127735645585,1.8894892544363082,0.6193882654204694,-1.1752581201377648,0.19328487660673055,0.13050285411349827,-0.0673546534267937,0.2427481983350063
753,2.089954331912133,0.7288036798267957,-1.2585476486179021,1.895950816376105,0.6035637422291092,-1.1909197372013636,0.19400351553602802,0.12523993759768648,-0.06762791141653857,0.24061575262724064
754,2.0967672196964604,0.707698649032127,-1.273326958496371,1.902222784814218,0.5874978015882669,-1.2062007100649477,0.1945444348822425,0.12020084744386006,-0.06712624843142323,0.23833110182758432
755,2.103267456996633,0.6864952370461471,-1.2881062683748397,1.9083045325590295,0.5711968696599886,-1.2211172841230187,0.19496292443760366,0.1152983673861585,-0.06698898425182098,0.23620283537304765
756,2.1094536240046597,0.6651980752034377,-1.3028855782533084,1.9141954514408346,0.5546674665997017,-1.2356854381550875,0.19525817256382516,0.11053060860373598,-0.06720014009822095,0.23421918841225908
757,2.1153112051292915,0.6438597712239243,-1.3166463512438291,1.9198949523726523,0.5379162039482439,-1.2499208538459183,0.1954162527566392,0.10594356727568044,-0.06672549739791078,0.23208585327749284
758,2.1208746093799977,0.6224428852108509,-1.3304071242343498,1.9254024654091402,0.5209497819873273,-1.2638388927244983,0.19547214397085755,0.10149310322352356,-0.06656823150985147,0.2300902834038275
759,2.1261427832934414,0.6009514725776277,-1.3441678972248705,1.9307174398035836,0.5037749870595203,-1.2774545795615464,0.19542534348985785,0.09717648551810742,-0.06671331766332411,0.22822138587219967
760,2.1311116844641216,0.5794028074516069,-1.3570394866420965,1.935839344062973,0.4863986888537981,-1.2907825913575508,0.1952723404011485,0.09300411859780877,-0.0662568952845457,0.22621014383675314
761,2.1358028161109748,0.5577919714791307,-1.3699110760593225,1.94076766600115,0.4688278376577654,-1.3038372511423686,0.19503515010982486,0.08896413382136531,-0.0660738249169539,0.22431914145721937
762,2.140215401028294,0.5361225450468317,-1.3827826654765485,1.9455019127900275,0.45106946157762406,-1.3166325258920903,0.19471348823826662,0.08505308346920759,-0.06615013958445815,0.22253811016672376
763,2.144350582870943,0.5143882648678626,-1.3948859250257595,1.9500416110088725,0.433130663727031,-1.3291820279480693,0.1943089718620703,0.08125760114083158,-0.0657038970776902,0.2206258742315892
764,2.1482224126264726,0.49260552862757606,-1.4069891845749705,1.954386306691646,0.415018619385944,-1.3414990193963932,0.19383610593482659,0.07758690924163208,-0.06549016517857731,0.21881756370265143
765,2.1518303231217577,0.4707775272159096,-1.4190924441241815,1.9585355653724,0.39674057313061206,-1.3535964189332585,0.19329475774935778,0.07403695408529753,-0.0654960251909229,0.21710380756546252
766,2.1551771083746467,0.448885725007088,-1.4305399023009573,1.9624889721287242,0.37830383593583167,-1.3654868108028255,0.19268813624592251,0.07058188907125634,-0.06505309149813177,0.21527290964786683
767,2.1582730743245353,0.4269570458330873,-1.4419873604777331,1.9662461316232376,0.3597157822506608,-1.3771824554492114,0.19202694270129772,0.06724126358242649,-0.06480490502852176,0.21353081737099344
768,2.1611178152671666,0.4049943632909105,-1.453434818654509,1.9698066681431217,0.3409838470487362,-1.3886953015737538,0.19131114712404496,0.0640105162421743,-0.0647395170807552,0.21186907814817393
769,2.1637137173948315,0.3829771551161236,-1.4643314179690137,1.9731702256376917,0.3221155228543811,-1.4000369993327406,0.1905434917571398,0.060861632261742515,-0.06429441863627305,0.21010647967243445
770,2.166069557462839,0.3609329680990824,-1.4752280172835184,1.9763364677540007,0.30311835674570226,-1.4112189144499225,0.18973308970883807,0.05781461135338012,-0.06400910283359584,0.20841866485985902
771,2.16818505575122,0.33886441964975805,-1.486124616598023,1.979305077870476,0.2839999473358494,-1.422252143052719,0.18887997788074395,0.054864472313908674,-0.06387247354530401,0.20679808810361267
772,2.170061323331359,0.3167580798761916,-1.4965687442289695,1.9820757591285796,0.26476794173367757,-1.4331475270714018,0.18798556420277945,0.05199013814251402,-0.06342121715756766,0.2050946064587325
773,2.1717066113443257,0.29463335014742353,-1.5070128718599158,1.984648234462495,0.24543003248500284,-1.4439156700672382,0.1870583768818308,0.0492033176624207,-0.06309720179267764,0.2034528439337234
774,2.173120740324061,0.272492643802654,-1.5174569994908622,1.9870222466268317,0.22599395449569257,-1.4545669533788361,0.18609849369722942,0.04649868930696141,-0.06289004611202609,0.20186613228477884
775,2.1743036076572526,0.2503374087347426,-1.5275416479722317,1.9891975582223522,0.20646748193779657,-1.4651115524962097,0.1851060494349004,0.04386992679694601,-0.06243009547602196,0.20021572574528307
776,2.1752629908714742,0.22817137165341903,-1.5376262964536012,1.9911739517197096,0.18685842513998854,-1.4755594535896255,0.18408903915176467,0.04131294651343048,-0.06206684286397568,0.19861477001608657
777,2.175998792398151,0.20599678682854167,-1.5477109449349706,1.9929512294812013,0.1671746274635352,-1.4859204701354887,0.18304756291694968,0.038822159365006464,-0.061790474799481965,0.19705743610313728
778,2.1765104627323684,0.1838364674350743,-1.5575249153489128,1.9945292137805317,0.14742396216506348,-1.4962042595945497,0.18198124895183665,0.03641250527001083,-0.061320655754363074,0.19545656379936188
779,2.1768046311984373,0.16167219377079706,-1.567338885762855,1.9959077468205864,0.12761432924735241,-1.5064203401089062,0.1808968843778509,0.03405786452344464,-0.06091854565394872,0.1938935020007197
780,2.176881269464039,0.13950610054876875,-1.5771528561767971,1.99708669074921,0.10775365229944407,-1.516578107193738,0.17979457871482896,0.031752448249324675,-0.060574748983059035,0.19236322080748566
781,2.176740670640537,0.1173875950883213,-1.5867819629549154,1.998065927672992,0.0878498753273104,-1.5266868504077726,0.17867474296754504,0.02953771976101091,-0.060095112547142726,0.19081028068542863
782,2.1763871001755213,0.09527146885068011,-1.5964110697330336,1.9988453596690559,0.06791095957636362,-1.536755769993164,0.17754174050646543,0.02736050927431649,-0.059655299739869605,0.1892839715265631
783,2.1758205908516848,0.07315977242053211,-1.6060401765111518,1.999424908794852,0.04794488034705368,-1.5467939934810255,0.17639568205683287,0.025214892073478427,-0.0592461830301263,0.18778002458784496
784,2.1750439446245156,0.05113253527508353,-1.6155684411034121,1.9998045170959504,0.02795962380486148,-1.5568105922633153,0.17523942752856514,0.023172911470222053,-0.05875784884009683,0.18627486568740736
785,2.174057455484097,0.029113698003332748,-1.6250967056956724,1.9999841466118375,0.007963183785935567,-1.5668145981353296,0.17407330887225947,0.02115051421739718,-0.0582821075603428,0.18478545715253875
786,2.1728612129909557,0.007105259632525781,-1.6346249702879327,1.9999637793797111,-0.012036441400328576,-1.5768150198156834,0.17289743361124454,0.019141701032854355,-0.05780995047224935,0.1833082585193308
787,2.171462454975432,-0.014779240255433531,-1.6441358069155743,1.999743417436278,-0.03203125217051633,-1.5868208594525117,0.17171903753915396,0.017252011915082802,-0.05731494746306254,0.18185176097905992
788,2.1698556234572597,-0.036649447200140094,-1.6536466435432158,1.9993230828175483,-0.05201325086691355,-1.5968411291256488,0.17053254063971135,0.015363803666773458,-0.05680551441756698,0.1804002781272534
789,2.1680408637829163,-0.0585033829247747,-1.6631574801708573,1.998702817556634,-0.07197444495646654,-1.606884867354864,0.16933804622628235,0.013471062031691843,-0.056272612815993384,0.17895097195917917
790,2.166031944385325,-0.08019219532469725,-1.672734884735583,1.997882683679544,-0.09190685022768164,-1.6169611556237677,0.16814926070578085,0.011714654902984387,-0.05577372911181522,0.17754468697889783
791,2.1638153977675,-0.10186077307119602,-1.6823122893003086,1.9968627631989828,-0.111802493984214,-1.6270791349278113,0.16695263456851706,0.009941720913017982,-0.05523315437249732,0.17613268108450872
792,2.1613914272443457,-0.12350712859280595,-1.6918896938650343,1.9956431581061487,-0.13165341823383273,-1.6372480223527806,0.16574826913819707,0.008146289641026774,-0.05464167151225374,0.1747128015426367
793,2.158782516772226,-0.14494633737733728,-1.7016194492268242,1.994223990360534,-0.15145168287151517,-1.6474771276873965,0.16455852641169177,0.006505345494177889,-0.05414232153942766,0.1733586430394079
794,2.1559651348241107,-0.16635914770472532,-1.711349204588614,1.9926054018777313,-0.1711893688553761,-1.6577758700698915,0.1633597329463794,0.004830221150650793,-0.05357333451872259,0.1719878936324634
795,2.1529395481142033,-0.18774353248004894,-1.721078959950404,1.9907875545152398,-0.1908585813741894,-1.668153794663767,0.16215199359896348,0.0031150488941404653,-0.05292516528663693,0.1705990787734477
796,2.1497391623564495,-0.20887874886849872,-1.731049868251952,1.9887706300562809,-0.21045145300520013,-1.6786205893521406,0.1609685323001686,0.0015727041367014083,-0.052429278899811305,0.1692990581046635
797,2.1463282018742955,-0.22998100442031627,-1.7410207765535,1.9865548301916196,-0.22996014686099078,-1.689186101433152,0.1597733716826759,-2.085755932548783e-05,-0.051834675120348006,0.16797131981002086
798,2.1427070057792545,-0.2510482011874775,-1.750991684855048,1.984140376499396,-0.24937685972413318,-1.699860354290574,0.15856662927985865,-0.001671341463344328,-0.05113133056447405,0.16661507215362223
799,2.1389220619439984,-0.27182503334030966,-1.7612968302700185,1.981527510422967,-0.2686938251683646,-1.7106535640039524,0.15739455152103132,-0.0031312081719450657,-0.05064326626606608,0.16537106678986593
800,2.1349232145929102,-0.2925617585881809,-1.771601975684989,1.9787164932467636,-0.2879033166650653,-1.7215761558510787,0.15620672134614666,-0.004658441923115597,-0.0500258198339103,0.1640878530693805
801,2.130710888383913,-0.31325617479284834,-1.7819071210999595,1.9757076060701602,-0.30699765067375967,-1.7326387806421168,0.15500328231375304,-0.006258524119088671,-0.049268340457842674,0.16276534036353113
802,2.1263466953879906,-0.3336206731681031,-1.7926451531365046,1.9725011497793674,-0.325969189715432,-1.7438523308090974,0.15384554560862318,-0.007651483452671137,-0.048792822327407226,0.16157888665699918
803,2.1217640835634173,-0.3539371355433962,-1.8033831851730497,1.9690974450173422,-0.344810345427416,-1.7552279561563868,0.1526666385460751,-0.009126790115980166,-0.048155229016662915,0.16034128259567573
804,2.1169635813046943,-0.3742032193447973,-1.8141212172095948,1.9654968321517237,-0.3635135815986424,-1.7667770791568955,0.15146674915297065,-0.01068963774615489,-0.047344138052699325,0.15905317306506653
805,2.1120237629205625,-0.39410229654913487,-1.8253976231475961,1.961699671240799,-0.3820714171840091,-1.7785114096548387,0.15032409167976346,-0.012030879365125757,-0.046886213492757456,0.15792527224397168
806,2.106859873283259,-0.41394440639325536,-1.8366740290855974,1.9577063419974947,-0.4004764292967199,-1.7904429588085071,0.14915353128576436,-0.013467977096535466,-0.04623107027709028,0.15673376841335612
807,2.101472569012249,-0.4337270258341674,-1.8479504350235987,1.9535172437514072,-0.41872125617732653,-1.80258405207521,0.14795532526084187,-0.015005769656840862,-0.04536638294838857,0.15548009550375097
808,2.095958913244782,-0.45310884724166817,-1.8598787364588618,1.94913279540887,-0.43679860013833777,-1.814947341005158,0.14682611783591204,-0.0163102471033304,-0.04493139545370384,0.15441102077492377
809,2.0902144630005512,-0.4724235228119679,-1.871807037894125,1.944553435411064,-0.45470123048319755,-1.8275458135709115,0.14566102758948718,-0.017722292328770373,-0.044261224323213444,0.15326536002111357
810,2.084240035615379,-0.4916683044011073,-1.883735339329388,1.9397796216901726,-0.4724219863984661,-1.8403928027138892,0.14446041392520637,-0.019246318002641205,-0.04334253661549892,0.15204541238842628
811,2.0781522591057104,-0.5104826408274975,-1.896438096807176,1.9348118316235898,-0.4899537798180512,-1.8535019927388603,0.1433404274821206,-0.020528861009446286,-0.042936104068315606,0.15103450373231764
812,2.071825986225955,-0.5292181298642944,-1.9091408542849637,1.9296505619861817,-0.5072895982583422,-1.8668874231310342,0.14217542423977347,-0.021928531605952206,-0.042253431153929544,0.1499335326083951
813,2.0652622377700793,-0.5478717483927475,-1.9218436117627515,1.9242963289006125,-0.5244225076230977,-1.8805634893080148,0.1409659088694668,-0.023449240769649826,-0.04128012245473678,0.14874576587569102
814,2.058597650831898,-0.5660702731261786,-1.9354530461909232,1.9187496677857283,-0.541345654977011,-1.894544939750472,0.13984798304616963,-0.0247246181491676,-0.040908106440451286,0.14779119824010897
815,2.0516860170969755,-0.5841764140911707,-1.9490624806190948,1.9130111333030182,-0.5580522712867794,-1.9088468688807356,0.13867488379395732,-0.026124142804391348,-0.04021561173835919,0.1467327150298196
816,2.044528616695583,-0.6021868177797067,-1.9626719150472665,1.9070812993011486,-0.5745356741286307,-1.9234847049782011,0.1374473173944346,-0.027651143651076016,-0.03918721006906534,0.1455746826791525
817,2.037281674890411,-0.6197233149076526,-1.9773298471789633,1.9009607587585777,-0.5907892703612041,-1.9384741923347701,0.13632091613183306,-0.028934044546448545,-0.03885565484419318,0.1446731938619218
818,2.029778472011921,-0.6371517067901595,-1.9919877793106602,1.89465012372426,-0.6068065587627183,-1.9538313667637117,0.13512834828766107,-0.03034514802744126,-0.03815641254694846,0.14365378636921367
819,2.022020620131712,-0.6544682489175807,-2.006645711442357,1.8881500252564394,-0.6225811326313736,-1.9695725234828305,0.13387059487527275,-0.03188711628620711,-0.0370731879595263,0.14252208819264425
820,2.014182356572236,-0.6712986750031797,-2.0225023748228703,1.8814611133595462,-0.6381066823479474,-1.9857141762998443,0.13272124321268985,-0.033191992655232316,-0.03678819852302606,0.14166865682611854
821,2.0060782151766148,-0.6880027017659217,-2.038359038203384,1.8745840569191952,-0.6533769978995605,-2.0022730069375108,0.1314941582574196,-0.03462570386636121,-0.036086031265873064,0.14068352667099948
822,1.9977102335570065,-0.7045761293373242,-2.0542157015838973,1.8675195436353014,-0.6683859713635882,-2.019265803252276,0.13019068992170513,-0.036190157973735926,-0.03494989833162121,0.13957377500749987
823,1.989267590745159,-0.7206584332738522,-2.071426800585212,1.8602682799533052,-0.6831275993507646,-2.036709385028378,0.12899931079185367,-0.037530833923087537,-0.03471741555683394,0.1387612504364296
824,1.980549417890405,-0.7365930553161202,-2.088637899586527,1.8528309909935323,-0.6975959854064473,-2.0546205159757753,0.12771842689687274,-0.03899706990967289,-0.03401738361075157,0.13780402903497693
825,1.9715582974429746,-0.7523752753961691,-2.1058489985878417,1.8452084204786805,-0.711785342369123,-2.073015800533438,0.12634987696429412,-0.040589933027046055,-0.032833198054403656,0.13671083704853848
826,1.962493431802018,-0.7676688326550122,-2.12457018045273,1.8374013306594494,-0.7256899946851959,-2.091911564088844,0.12509210114256852,-0.041978837969816274,-0.032658616363885784,0.13592954729698084
827,1.9531438579112868,-0.7827900148435802,-2.143291362317618,1.8294105022383151,-0.7393043806791324,-2.1113237152817104,0.12373335567297161,-0.04348563416444784,-0.03196764703590782,0.1349921262214603
828,1.9435128525385128,-0.7977335224046486,-2.1620125441825064,1.8212367342914608,-0.7526230547780576,-2.1312675891780724,0.12227611824705198,-0.04511046762659099,-0.030744955004434082,0.13390913203094637
829,1.9338025859359764,-0.8121979920839372,-2.1823902892143,1.812880844188868,-0.765640689689914,-2.1517577702945823,0.12092174174710846,-0.046557302394023226,-0.030632518919717633,0.1331465405060521
830,1.9237996024938173,-0.8264615990208687,-2.2027680342460934,1.8043436675125866,-0.7783520785342984,-2.172807894737887,0.11945593498123075,-0.048109520486570245,-0.029960139508206307,0.13221897111624692
831,1.9135080558321065,-0.8405184204220683,-2.223145779277887,1.7956260579731689,-0.7907521369251587,-2.1944304311165266,0.1178819978589376,-0.04976628349690959,-0.028715348161360232,0.13113893248130962
832,1.9031238082057516,-0.8541118218316371,-2.245303708487204,1.786728887324304,-0.8028359050044701,-2.216636440398034,0.11639492088144765,-0.051275916827167034,-0.028667268089169973,0.13037948271549996
833,1.8924409326922644,-0.8674718117796297,-2.267461637696521,1.777653045275642,-0.8145985494261158,-2.2394353155356597,0.11478788741662238,-0.05287326235351397,-0.028026322160861206,0.12945005099782336
834,1.881464674089324,-0.880591831129025,-2.289619566905838,1.7683994394038254,-0.8260353652891601,-2.262834502486271,0.11306523468549856,-0.05455646583986484,-0.02678506441956685,0.12836508456501539
835,1.870373413815159,-0.8932677300514189,-2.313639532461053,1.7589689950617298,-0.8371417780197469,-2.2868392051869093,0.11140441875342932,-0.05612595203167203,-0.0268003272741435,0.12759045634863206
836,1.8589809076088437,-0.9056735863418602,-2.3376594980162677,1.7493626552859305,-0.8479133452008673,-2.311452078146046,0.10961825232291322,-0.057760241140992985,-0.02620741987022157,0.12664610359284495
837,1.847293728160441,-0.9178022426772028,-2.3616794635714826,1.739581380702398,-0.8583457583492696,-2.3366729115189178,0.10771234745804281,-0.05945648432793316,-0.025006552052564857,0.12554820177572254
838,1.8354606406530614,-0.9295062286683473,-2.38757780894112,1.7296261494304437,-0.868434844638788,-2.3624983148415106,0.10583449122261768,-0.06107138402955936,-0.025079494099609523,0.12473826399276448
839,1.8233284413052753,-0.9408998666748748,-2.4134761543107577,1.7194979569848965,-0.8781765685694278,-2.3889214069446996,0.10383048432037878,-0.06272329810544697,-0.024554747366058116,0.12376557363677562
840,1.8109052670230943,-0.9519755151341194,-2.439374499680395,1.709197816176561,-0.8875670335815046,-2.4159315208889622,0.10170745084653321,-0.0644084815526148,-0.023442978791432978,0.12264758989979814
841,1.7982987892604618,-0.9626416959537238,-2.4670757911520633,1.6987267570109346,-0.8966024836142181,-2.443513933963093,0.09957203224952726,-0.06603921233950572,-0.023561857188970414,0.12178229874212697
842,1.7854017188547988,-0.9729546135723038,-2.4947770826237314,1.6880858265852081,-0.9052793046080264,-2.471649633771164,0.0973158922695907,-0.06767530896427743,-0.023127448852567234,0.12076923955240053
843,1.7722239518891847,-0.9829063547594639,-2.5224783740953995,1.6772760889835565,-0.9135940259502211,-2.5003151320731636,0.09494786290562818,-0.06931232880924276,-0.022163242022235963,0.11962652252842074
844,1.7588233108597395,-0.9924552858413312,-2.551791611288783,1.666298625170732,-0.921543321863127,-2.52948233822374,0.09252468568900762,-0.0709119639782042,-0.022309273065042934,0.11868878532442075
845,1.7451485567775447,-1.0016073547657764,-2.581104848482166,1.655154532883968,-0.9291240127343685,-2.559118503655017,0.08999402389357658,-0.07248334203140794,-0.021986344827149118,0.11762720164765465
846,1.7312114390507705,-1.0103546980353832,-2.6104180856755494,1.6438449265232045,-0.9363330663886721,-2.5891862477784504,0.087366512527566,-0.07402163164671116,-0.021231837897099037,0.11645986606277474
847,1.717015735079306,-1.0186946158525871,-2.641023043255265,1.6323709370396566,-0.9431675993006936,-2.619643673878287,0.08464479803964942,-0.07552701655189353,-0.02137936937697793,0.1154389427332055
848,1.7025714759005228,-1.0265962370292385,-2.67162800083498,1.6207337118227096,-0.949624877748395,-2.6504445810272683,0.08183776407781318,-0.07697135928084353,-0.02118341980771188,0.11432736791138974
849,1.687892189867736,-1.0340521609834372,-2.7022329584146956,1.6089344145851874,-0.9557023189064935,-2.6815387748284367,0.07895777528254855,-0.07834984207694373,-0.020694183586258852,0.11314272961774098
850,1.672928648258277,-1.0410850037612611,-2.7336851231970103,1.5969742252469805,-0.9613974918795568,-2.712872476001037,0.07595442301129651,-0.07968751188170431,-0.02081264719597309,0.11203722688544099
851,1.6577513456335844,-1.0476438100607408,-2.765137287979325,1.5848543398170567,-0.9667081186743309,-2.7443888216776147,0.0728970058165277,-0.08093569138640988,-0.020748466301710344,0.11088308460303702
852,1.6423752947306534,-1.0537220921919084,-2.7965894527616397,1.5725759702738584,-0.9716320751109048,-2.7760284500182753,0.06979932445679493,-0.08209001708100361,-0.020561002743364476,0.10969718060550616
853,1.626703389186635,-1.0593542013607316,-2.8283490104438513,1.5601403444441087,-0.976167391672356,-2.807730154671101,0.06656304474252628,-0.08318680968837555,-0.020618855772750244,0.1085164570233614
854,1.6108605436380055,-1.0644858211822352,-2.860108568126063,1.5475487058800246,-0.9803122542925307,-2.8394315920225517,0.06331183775798088,-0.08417356688970457,-0.02067697610351127,0.10733645934170569
855,1.5948627369367463,-1.0691117759830657,-2.8918681258082746,1.5348023137349744,-0.9840650050816433,-2.8710700213760587,0.06006042320177185,-0.08504677090142243,-0.020798104432215858,0.10617329619027717
856,1.578571468872616,-1.0732668396122746,-2.923351185029042,1.5219024426375487,-0.9874241429894152,-2.9025830564067965,0.05666902623506731,-0.08584269662285948,-0.02076812862224564,0.1049364677525653
857,1.5621574814504908,-1.076907029965325,-2.9548342442498097,1.5088503825641069,-0.9903883244054711,-2.9339094056196564,0.05330709888638396,-0.08651870555985386,-0.020924838630153264,0.10375443159274383
858,1.5456370425921855,-1.0800287392453705,-2.9863173034705772,1.4956474387097796,-0.9929563636967662,-2.9649895801409523,0.04998960388240592,-0.08707237554860425,-0.02132772332962496,0.1026422469669388
859,1.5288350232557688,-1.0826588504424899,-3.0169587368349378,1.4822949313579503,-0.9951272336818244,-2.9957665489487293,0.04654009189781849,-0.08753161676066545,-0.02119218788620847,0.10137491264606723
860,1.5119603132221238,-1.0847729696375523,-3.0476001701992983,1.4687941957482267,-0.9969000660415961,-3.0261863244390357,0.04316611747389709,-0.08787290359595623,-0.021413845760262618,0.10021733220555623
861,1.4950287548736894,-1.0863691120447603,-3.078241603563659,1.4551465819429195,-0.9982741516667748,-3.0561984648014353,0.0398821729307699,-0.08809496037798548,-0.022043138762223524,0.09918270881645302
862,1.4778297859393088,-1.087460144744163,-3.1075535448966023,1.4413534546920337,-0.9992489409414315,-3.085756483749059,0.03647633124727512,-0.08821120380273151,-0.021797061147543317,0.09791246648030942
863,1.4606062293590156,-1.0880466457947977,-3.1368654862295458,1.4274161932968048,-0.999824043962853,-3.1148181624090387,0.033190036062210826,-0.08822260183194475,-0.022047323820507003,0.09680335973226865
864,1.443372882379231,-1.0881281113169619,3.117007879617097,1.413336191471756,-0.999999230697499,3.139839544846084,0.03003669090747496,-0.08812888061946289,-0.022831665228987053,0.09586546477767302
865,1.4258815743479871,-1.0876980048053169,3.0893961195572057,1.399114857205336,-0.999774431073011,3.111879164795771,0.02676671714265111,-0.08792357373230586,-0.022483045238565147,0.09461764786578815
866,1.408408808149819,-1.0867851578086267,3.0617843594973144,1.3847536126191209,-0.9991497350062423,3.084514521703087,0.02365519553069806,-0.08763542280238446,-0.02273016220577251,0.09357454717629668
867,1.3909679043377192,-1.0853902662457091,3.034172599437423,1.3702538938256013,-0.9981253923672896,3.057769563448156,0.020714010512117964,-0.08726487387841952,-0.023596964010732968,0.09274181988205982
868,1.3732693867038832,-1.083481744013784,3.0084996979720127,1.3556171507845733,-0.9967018128795511,3.0316637948036833,0.017652235919309867,-0.08677993113423299,-0.023164096831670644,0.09153651327552413
869,1.3556256931983837,-1.0811195283104769,2.982826796506602,1.3408448471581444,-0.9948795659558413,3.006212463340424,0.014780846040239215,-0.0862399623546356,-0.023385666833821706,0.09056872489914347
870,1.3380484521033205,-1.078305175981613,2.9571538950411917,1.325938460164364,-0.9926593804706327,2.9814267933001624,0.012109991938956455,-0.08564579551098017,-0.02427289825897061,0.08983889905469991
871,1.3202039858281063,-1.0749761301095089,2.9335343168852224,1.3108994804295147,-0.9900421444685181,2.957314255765872,0.009304505398591623,-0.08493398564099075,-0.023779938880649443,0.08868957791501697
872,1.3024431202450402,-1.0712265732282116,2.909914738729253,1.295729411839035,-0.987028904809002,2.9338788640941087,0.006713708406005159,-0.08419766841920961,-0.023964125364855704,0.08779863639199958
873,1.2847757634046029,-1.0670585970600353,2.8862951605732836,1.2804297713871424,-0.9836208667477723,2.9111214845518916,0.004345992017460443,-0.08343773031226298,-0.024826323978607956,0.08716128067306356
874,1.2668236496300334,-1.0623732299274482,2.8647415243566114,1.2650020890251326,-0.9798193934546138,2.8890401533006966,0.001821560604900796,-0.08255383647283443,-0.024298628944085188,0.08607483585800875
875,1.2489766844839971,-1.0573020476966082,2.8431878881399393,1.2494479075083849,-0.9756260054681576,2.867630392188506,-0.00047122302438773467,-0.0816760422284506,-0.024442504048566516,0.08525628381184902
876,1.2312431586179888,-1.051847406140847,2.821634251923267,1.2337687822420895,-0.9710423800876875,2.8468855171578986,-0.0025256236241006924,-0.08080502605315942,-0.025251265234631504,0.08469626559708579
877,1.2132029654160053,-1.045869910088744,2.8020852453486036,1.217966281125707,-0.9660703507022413,2.826796934384504,-0.0047633157097017875,-0.07979955938650274,-0.024711689035900264,0.08367392921237357
878,1.1952830659242206,-1.0395409107980083,2.78253623877394,1.2020419843961807,-0.9607119060572806,2.807354420475193,-0.006758918471960085,-0.07882900474072763,-0.02481818170125294,0.08291946158942826
879,1.1774903082588806,-1.0328628269051325,2.7629872321992766,1.1859974844699102,-0.9549691894592174,2.7885463841460103,-0.008507176211029588,-0.07789363744591515,-0.02555915194673375,0.08242002820842399
880,1.1593683040191904,-1.0256539558828526,2.745334289917192,1.1698343857835234,-0.9488444979181241,2.7703601077480107,-0.010466081764332946,-0.07680945796472849,-0.025025817830818475,0.0814587211932179
881,1.1413763745280823,-1.0181263179886517,2.727681347635108,1.153554304633417,-0.9423402812289547,2.7527819678085708,-0.012177930105334633,-0.07578603675969697,-0.02510062017346293,0.08075807379132448
882,1.123520126399655,-1.0102822589720932,2.7100284053530235,1.1371588690141392,-0.9354591409916634,2.735797634409647,-0.013638742614484167,-0.07482311798042984,-0.025769229056623377,0.08030297286271657
883,1.1053144130293135,-1.0018982431208434,2.6941375303571826,1.1206497184555895,-0.9282038295705979,2.7193922497417313,-0.015335305426275925,-0.07369441355024553,-0.025254719384548707,0.07939671927872133
884,1.087244222003884,-0.993225993273109,2.6782466553613418,1.1040285038590658,-0.9205772489935901,2.703550586566602,-0.01678428185518177,-0.07264874427951895,-0.02530393120526009,0.07873906970002666
885,1.0693141163103228,-0.9842676992985423,2.662355780365501,1.0872968873321767,-0.9125824497911844,2.688257187608608,-0.01798277102185386,-0.07168524950735788,-0.025901407243106966,0.07831371494016776
886,1.0510187138183025,-0.9747606531514004,2.648083482926717,1.0704565420226324,-0.9042226297764663,2.6734964870893,-0.019437828204329932,-0.07053802337493409,-0.025413004162583075,0.07745490744627649
887,1.0328608574513085,-0.9649934667118707,2.633811185487933,1.0535091519509268,-0.8955011327659768,2.6592529157394935,-0.020648294499618247,-0.06949233394589394,-0.02544173025156038,0.07682980008553823
888,1.0148442458741926,-0.9549681295071557,2.6195388880491493,1.0364564118419504,-0.8864214472422383,2.6455109906809953,-0.021612165967757724,-0.06854668226491745,-0.025972102631846017,0.07642174744445848
889,0.99645195739079,-0.9443871914245124,2.6067427532587373,1.0193000269555008,-0.8769872049583982,2.632255391580335,-0.02284806956471086,-0.06739998646611423,-0.02551263832159778,0.07560216380894734
890,0.9781965660882863,-0.9335717758172456,2.5939466184683253,1.0020417129157693,-0.8672021794855813,2.619471024450662,-0.023845146827482955,-0.06636959633166428,-0.025524405982336518,0.07500006430132858
891,0.9600810610831189,-0.9225236535888671,2.5811504836779133,0.9846831955397783,-0.8570702847035119,2.607143074424953,-0.024602134456659486,-0.06545336888535525,-0.025992590747039745,0.07459908372097501
892,0.9415852656040613,-0.9109163271654646,2.569695510382763,0.9672262106648,-0.8465955732350124,2.5952570487522775,-0.025640945060738662,-0.06432075393045211,-0.02556153836951447,0.07381063401438677
893,0.923223642294142,-0.8990978980597343,2.5582405370876127,0.9496725039747743,-0.8357822348250097,2.5837988111854746,-0.02644886168063232,-0.0633156632347246,-0.025558274097861933,0.07322322630091982
894,0.9049986004733667,-0.8870699170265959,2.5467855637924623,0.9320238308257422,-0.8246345946646914,2.572754608838554,-0.027025230352375584,-0.06243532236190452,-0.025969045046091654,0.07282117724013966
895,0.8863942359346249,-0.8744833144468898,2.5365474901687994,0.9142819560703085,-0.8131571116614865,2.562111092499413,-0.027887720135683636,-0.06132620278540324,-0.02556360233061339,0.07205640739420997
896,0.8679197067376222,-0.8617069019872454,2.5263094165451365,0.8964486538811698,-0.8013543766555692,2.5518553312912466,-0.02852894714354759,-0.06035252533167623,-0.02554591474611012,0.07147672277913615
897,0.8495769493314447,-0.8487420188359023,2.5160713429214736,0.8785257075736812,-0.7892311105835723,2.5419748224863588,-0.028948758242236527,-0.059510908252329964,-0.025903479564885146,0.07106735578557227
898,0.8308609473964288,-0.8352238733778486,2.5069379875716447,0.8605149094275374,-0.7767921625902832,2.532457497190761,-0.029653962031108594,-0.05843171078756548,-0.02551950961911631,0.07031975299234416
899,0.8122691903929894,-0.8215353542255928,2.4978046322218157,0.8424180605075443,-0.7640425080890486,2.523291722537723,-0.030148870114554915,-0.05749284613654415,-0.025487090315907235,0.06974219310314134
900,0.7938032292008768,-0.8076776032425508,2.4886712768719867,0.8242369704835132,-0.750987246771676,2.5144663009541306,-0.03043374128263643,-0.056690356470874725,-0.025795024082143847,0.06932093762097911
901,0.7749746129445735,-0.7932770191637127,2.4805426667014245,0.8059734574492955,-0.7376316005686248,2.505970466995288,-0.030998844504722012,-0.05564541859508798,-0.025427800293863267,0.06858508583529724
902,0.7562636741738316,-0.7787238620403817,2.4724140565308623,0.7876293477409753,-0.7239809115603028,2.4977938821817167,-0.031365673567143704,-0.054742950480078933,-0.025379825650854393,0.06800537960818069
903,0.7376716491940872,-0.7640190934569808,2.4642854463603,0.7692064757542365,-0.710040639840307,2.489926628215464,-0.031534826560149276,-0.05397845361667386,-0.025641181855164064,0.06756914198031304
904,0.7187314449423554,-0.7487870527344086,2.457073264777352,0.7507066837609222,-0.6958163613314545,2.482359198903139,-0.03197523881856679,-0.05297069140295407,-0.02528593412578717,0.06684076981771694
905,0.699901588572384,-0.7334188091536455,2.4498610831944037,0.732131821724822,-0.6813137655554999,2.475082491068045,-0.032230233152438004,-0.052105043598145606,-0.025221407873641244,0.06625588964427043
906,0.6811830595255114,-0.7179151620990716,2.4426489016114554,0.7134837471166572,-0.6665386533573856,2.4680877946939646,-0.032300687591145794,-0.05137650874168598,-0.02543889308250913,0.06580286734336632
907,0.6621341220344212,-0.7019048276466517,2.4362756042173435,0.6947643247283485,-0.6514969345849919,2.4613667825080277,-0.032630202693927246,-0.050407893061659825,-0.02509117829068419,0.06507882173777742
908,0.6431876093477152,-0.6857734146325885,2.4299023068232315,0.6759754264865352,-0.6361946257252741,2.454911499179146,-0.03278781713881995,-0.049578788907314375,-0.02500919235591459,0.06448687435858456
909,0.6243442910496653,-0.6695215782952333,2.4235290094291195,0.6571189312653843,-0.6206378474977482,2.448714350281457,-0.032774640215719075,-0.04888373079748509,-0.02518534085233748,0.06401638518222691
910,0.6051911020618468,-0.6527884366795866,2.4179268211361156,0.6381967246987043,-0.6048328224062841,2.4427680911485643,-0.03300562263685747,-0.04795561427330253,-0.024841270012448735,0.06329455554633273
911,0.5861319553497258,-0.6359482584341456,2.4123246328431116,0.619210698991383,-0.5887858722501876,2.4370658157238534,-0.03307874364165719,-0.04716238618395796,-0.024741182880741786,0.06269465752210132
912,0.5671674490737886,-0.6190015720783322,2.4067224445501076,0.6001627527301665,-0.5725034155955617,2.431600945494345,-0.03299530365637793,-0.04649815648277045,-0.02487850094423738,0.062206980548047935
913,0.5479159223724432,-0.6016034544960891,2.4018323625253095,0.5810547906938144,-0.5559919652079778,2.426367218580206,-0.03313886832137114,-0.04561148928811132,-0.02453485605489636,0.06148619121668827
914,0.5287497037335538,-0.5841114037637006,2.3969422805005114,0.5618887236626036,-0.5392581254474379,2.4213586790388097,-0.03313901992904977,-0.044853278316262735,-0.024416398538298356,0.06087833551564219
915,0.5096692514761187,-0.5665258381660319,2.3920521984757133,0.5426664682272655,-0.5223085896267315,2.4165696664309295,-0.03299721675114675,-0.04421724853930031,-0.024517467955216254,0.06037456100580336
916,0.49032656024800814,-0.5485228515937178,2.387823067877252,0.5233899465973252,-0.5051501373341961,2.4119948056869718,-0.03306338634931705,-0.043372714259521716,-0.02417173780971993,0.05965444466143463
917,0.4710601787513512,-0.5304382234943009,2.3835939372787904,0.504061086408882,-0.48778963172197237,2.4076289973029317,-0.03300090765753083,-0.04264859177232855,-0.02403506002414124,0.0590393631126529
918,0.4518704515753795,-0.5122722773207399,2.379364806680329,0.48468182053184755,-0.470234016760835,2.4034674078887996,-0.03281136895646808,-0.042038260559904894,-0.02410260120847063,0.05852124971934983
919,0.43244488342336046,-0.49372667078246196,2.3757525007940954,0.46525408687666003,-0.4524903144626965,2.3995054610862865,-0.032809203453299574,-0.041236356319765466,-0.023752960292191094,0.05780211100308597
920,0.4130864342688994,-0.475111014301008,2.3721401949078618,0.44577982820049183,-0.43456562207189353,2.395738828867818,-0.03269339393159243,-0.04054539222911446,-0.023598633959956317,0.057181136422381665
921,0.3937953567153589,-0.4564255507872324,2.368527889021628,0.426260991912989,-0.416467109226396,2.3921634232246705,-0.03246563519763007,-0.03995844156083639,-0.02363553420304232,0.05665097525920941
922,0.37429619576212836,-0.4374015356214004,2.3654946045581027,0.40669952988151115,-0.3982020150900286,2.388775388248735,-0.03240333411938279,-0.03919952053137177,-0.023280783690632134,0.05593365142015848
923,0.35485482967405896,-0.4183184615624479,2.362461320094577,0.38709739823596034,-0.3797776454569147,2.385571092609647,-0.032242568561901386,-0.03854081610553317,-0.02310977251506996,0.05530858269064323
924,0.3354714373274193,-0.3991765041900675,2.3594280356310517,0.367456557173166,-0.3612013698292525,2.382547122426782,-0.0319851198457467,-0.03797513436081501,-0.02311908679573005,0.05476906878464552
925,0.31590886987136513,-0.3797400423069595,2.3569417023315826,0.3477789707608671,-0.3424806184696126,2.379700274533819,-0.031870100889501984,-0.03725942383734693,-0.022758572202236316,0.05405479260974456
926,0.2963946883543543,-0.3602550014877225,2.3544553690321135,0.328066606741307,-0.3236228794289322,2.377027550132213,-0.03167191838695271,-0.036632122058790295,-0.02257218110009962,0.05342776563225902
927,0.2769290134101316,-0.3407215021859578,2.3519690357326444,0.30832143633446063,-0.3046356955513944,2.3745261488288225,-0.03139242292432903,-0.0360858066345634,-0.02255711309617814,0.052881877886103955
928,0.2573140524022839,-0.3209400725327579,2.350002833560732,0.28854543404091454,-0.2855266614573912,2.3721934630521706,-0.03123138163863065,-0.03541341107536672,-0.022190629491438685,0.05217214697783684
929,0.23773802357454996,-0.3011201141624784,2.3480366313888195,0.2687405774444146,-0.26630342050577305,2.370027072841291,-0.03100255386986464,-0.034816693656705366,-0.021990441452471643,0.051545514052275296
930,0.21820100260687325,-0.2812617036980822,2.346070429216907,0.2489088470141234,-0.2469736617366209,2.3680247410007484,-0.030707844407250162,-0.03428804196146129,-0.02195431178384144,0.05099640512421375
931,0.19854542607458558,-0.2612040543078951,2.3446024040202866,0.22905222590655416,-0.22754511679571235,2.366184408615277,-0.03050679983196858,-0.03365893751218277,-0.021582004594990156,0.05029286065412266
932,0.1789193158462543,-0.24111757165956468,2.3431343788236663,0.20917269976727051,-0.20802555684197999,2.36450419091746,-0.030253383921016203,-0.0330920148175847,-0.021369812093793517,0.049669080445320216
933,0.15932271421806232,-0.22100229904142124,2.341666353627046,0.1892722565323201,-0.1884227894391479,2.3629823735019793,-0.029949542314257782,-0.03257950960227335,-0.021316019874933367,0.04911997795262833
934,0.13963901319351874,-0.20073818994036452,2.340679121833299,0.16935288622944283,-0.16874465543281053,2.361617408880159,-0.0297138730359241,-0.03199353450755399,-0.020938287046859738,0.04842429519918447
935,0.11997532713063071,-0.18045465834196353,2.3396918900395525,0.14941658077906955,-0.1489990258141988,2.3604079133688436,-0.029441253648438845,-0.03145563252776473,-0.020716023329291122,0.04780583496492053
936,0.10033167519414846,-0.1601517240150864,2.3387046582458058,0.12946533379513178,-0.12919379857188856,2.3593526643079974,-0.029133658600983325,-0.030957925443197837,-0.020648006062191637,0.04725995520067225
937,0.08063300741767815,-0.13975166472224115,2.3381851920194476,0.10950114038569836,-0.10933689553270708,2.3584505976018466,-0.02886813296802021,-0.030414769189534077,-0.020265405582398976,0.046573747426324356
938,0.0609449394403446,-0.11934137538967057,2.3376657257930895,0.08952599695348055,-0.08943625919312186,2.3577008055788626,-0.028581057513135957,-0.029905116196548717,-0.020035079785773124,0.04596299865457606
939,0.041267476574877546,-0.09892086152499233,2.3371462595667314,0.06954190099617216,-0.06949984954232696,2.357102535166389,-0.028274424421294617,-0.029421011982665363,-0.019956275599657403,0.04542347364798427
940,0.021567623051129737,-0.07845584576323825,2.337085745370412,0.04955085090671553,-0.04953564087836742,2.3566551863762744,-0.027983227855585793,-0.028920204884870827,-0.01956944100586222,0.04474821016624532
941,0.0018690079874327699,-0.05798963791815241,2.337025231174093,0.029554845773460472,-0.029551618618522946,2.356358311098441,-0.027685837786027703,-0.028438019299629465,-0.019333079924348073,0.044147418213997154
942,-0.017828368544077655,-0.03752223806468141,2.3369647169777736,0.009555885180257023,-0.009555776105247387,2.3562116121999095,-0.02738425372433468,-0.027966461959434023,-0.01924689522213585,0.04361723652707819
943,-0.03751504626602044,-0.01706347749850575,2.337358482316461,-0.010444030993501241,0.010443888591061618,2.3562149429274206,-0.0270710152725192,-0.02750736608956737,-0.01885646061095958,0.042954175161945767
944,-0.05720977841231759,0.0033875295504723485,2.3377522476551484,-0.030442902772863486,0.030439375871184192,2.3563683066123997,-0.026766875639454107,-0.027051846320711843,-0.01861605895725127,0.04236538294359285
945,-0.07691256192927845,0.02383077991130093,2.338146012993836,-0.050438730287320994,0.05042268780681477,2.3566718566776563,-0.026473831641957456,-0.026591907895513838,-0.018525843683820487,0.04184734413947378
946,-0.0965711651678583,0.044212121662524674,2.3389935180796515,-0.07042951397077836,0.07038583133961263,2.3571258969458246,-0.026141651197079938,-0.02617370967708795,-0.018132378866173138,0.04119747770090689
947,-0.11624703463511862,0.0645767953299177,2.339841023165467,-0.09041325476152971,0.09032082147833986,2.3577308822501957,-0.02583377987358891,-0.025744026148422167,-0.01788985908472851,0.04062248297383033
948,-0.13594015619857444,0.08492478628625119,2.340688528251283,-0.11038795430214902,0.11021968449273731,2.3584874193492102,-0.025552201896425417,-0.025294898206486116,-0.017798891097927427,0.040119165262353866
949,-0.1555552940622655,0.1051578585039974,2.3419934212860465,-0.1303516151393278,0.1300744611029139,2.359396268146511,-0.025203678922937706,-0.024916602598916496,-0.01740284686046456,0.039483181168336066
950,-0.17519681721367797,0.12536531784634591,2.34329831432081,-0.1503022409236186,0.14987720966295232,2.3604583432190505,-0.024894576290059367,-0.0245118918166064,-0.01716002889824031,0.03892350653370075
951,-0.19486469220829492,0.14554712990513444,2.344603207355574,-0.17023783660906852,0.16962000933746174,2.3616747156563527,-0.024626855599226394,-0.024072879432327304,-0.01707150830077886,0.03843724673454223
952,-0.21442052838082182,0.16556165790385563,2.346373444008596,-0.1901564086527219,0.18929496326980613,2.3630466152146,-0.024264119728099914,-0.023733305365950502,-0.01667317120600398,0.03781549851367482
953,-0.23401176434447646,0.18554153610255122,2.348143680661618,-0.21005596521397318,0.2088942017407418,2.364575432789753,-0.023955799130503275,-0.02335266563819058,-0.016431752128134747,0.03727237291065071
954,-0.25363833870547803,0.20548670188953788,2.34991391731464,-0.22993451635375262,0.22840988531620351,2.366262723214435,-0.023703822351725412,-0.022923183426665633,-0.016348805899794705,0.036805257597847044
955,-0.27311864011361664,0.225213247998578,2.3521619467121777,-0.24979007423350463,0.2478342079829598,2.3681102083837824,-0.023328565880112007,-0.022620959984381794,-0.01594826167160468,0.03619774671141428
956,-0.29264323811681175,0.24489595200889228,2.3544099761097153,-0.269620653313991,0.267159400270935,2.3701197807158785,-0.023022584802820767,-0.022263448262042712,-0.015709804606163225,0.03567209694261824
957,-0.31221203404489023,0.26453471445129767,2.356658005507253,-0.2894242705538291,0.28637773236087966,2.3722935069527646,-0.022787763491061153,-0.021843017909581985,-0.015635501445511846,0.0352259634612804
958,-0.3316002212253874,0.2839049365142424,2.359401026579036,-0.30919894560779787,0.30548151717619876,2.3746336323082975,-0.022401275617589533,-0.021576580661956335,-0.01523260572926155,0.03463232968860529
959,-0.35104146832662814,0.30322190356557543,2.362144047650819,-0.32894270102487083,0.3244631134576801,2.3771425849693415,-0.022098767301757305,-0.02124120989210465,-0.014998537318522409,0.034124780374865
960,-0.3705356290695609,0.32248547026134816,2.3648870687226022,-0.3486535624459593,0.3433149288198954,2.379822980956867,-0.021882066623601593,-0.02082945855854723,-0.014935912234264936,0.03370122635501029
961,-0.3898148279674842,0.3414323773615102,2.368147361971325,-0.3683295588013468,0.36202942278805417,2.3826776293535232,-0.021485269166137355,-0.020597045426543947,-0.014530267382198314,0.03312074488357204
962,-0.40915569676512725,0.36031632803291935,2.3714076552200476,-0.38796872250779796,0.38059910981409556,2.3857095379040607,-0.021186974257329294,-0.020282781781176207,-0.014301882684013112,0.03263162520118821
963,-0.4285580298786739,0.3791371215485719,2.3746679484687703,-0.40756908966530103,0.3990165622707952,2.388921918994649,-0.020988940213372886,-0.019879440722223307,-0.014253970525878845,0.0322320252305305
964,-0.4477111248327886,0.39759532667017633,2.378473288980048,-0.4271287002534774,0.4172744134227364,2.39231819601659,-0.020582424579311198,-0.019679086752560082,-0.013844907036542065,0.03166360857243393
965,-0.46693432069895574,0.4159805142766037,2.3822786294913256,-0.4466455983275678,0.4353653603728932,2.3959020101191086,-0.020288722371387957,-0.019384846096289488,-0.01362338062778301,0.031192964164528214
966,-0.48622733911378585,0.43429241813932595,2.3860839700026033,-0.4661178322140288,0.45328216698369495,2.3996772273548608,-0.020109506899757046,-0.018989748844368992,-0.01359325735225747,0.03081849240907627
967,-0.5052370269043621,0.45219838744256036,2.390468127530046,-0.4855434547056987,0.47101766677138485,2.4036479462203655,-0.01969357219866341,-0.01881927932882449,-0.013179818690319589,0.0302606953176887
968,-0.5243250343427999,0.4700208434633702,2.3948522850574885,-0.5049205232565162,0.48856476577251795,2.407818505591774,-0.019404511086283716,-0.018543922309147753,-0.012966220534285533,0.02980830387742891
969,-0.5434909945422028,0.487759443639778,2.399236442584931,-0.5242471001757738,0.5059164453814522,2.4121934930541324,-0.019243894366429037,-0.018157001741674172,-0.01295705046920137,0.0294599616343075
970,-0.5623398395845228,0.5050517419665557,2.404239773393562,-0.5435212528218883,0.5230657651576994,2.416777753619516,-0.01881858676263448,-0.018014023191143758,-0.01253798022595376,0.02891098731313537
971,-0.5812749674307521,0.5222495172383349,2.409243104202193,-0.5627410537956501,0.5400058656019979,2.4215763988259873,-0.01853391363510204,-0.01775634836366302,-0.012333294623794178,0.028476376492146786
972,-0.6002959040727804,0.5393523389386162,2.414246435010824,-0.5819045811329816,0.5567299709000376,2.4265948162052435,-0.018391322939798838,-0.01737763196142139,-0.012348381194419389,0.028155023888913246
973,-0.618966395131711,0.5559718710709451,2.419916567148414,-0.6010099184971187,0.5732313916326847,2.431838679101828,-0.017956476634592322,-0.017259520561739516,-0.011922111953413861,0.02761272997332033
974,-0.6377308204978898,0.5724852724575834,2.4255866992860042,-0.620055155370246,0.589503527451662,2.4373139568209106,-0.017675665127643736,-0.017018254994078608,-0.011727257534906332,0.02719519645154452
975,-0.6565885768891807,0.588892012187519,2.4312568314235943,-0.6390383872445473,0.605539869719601,2.4430269250746033,-0.017550189644633396,-0.01664785753208209,-0.011770093651009006,0.02690158771382504
976,-0.6750631860695151,0.6047822592407749,2.437649439129042,-0.6579577158126543,0.6213340041134094,2.4489841766885143,-0.017105470256860822,-0.016551744872634555,-0.011334737559472341,0.026363490788953718
977,-0.6936389971885835,0.6205540814895925,2.4440420468344897,-0.6768112491574763,0.6368796131899154,2.455192632520491,-0.016827748031107204,-0.016325531700322915,-0.011150585686001246,0.02596211952513771
978,-0.7123152511404013,0.6362068344138168,2.4504346545399374,-0.69559710194139,0.6521704789127604,2.4616595525321086,-0.016718149199011267,-0.015963644498943608,-0.01122489799217119,0.025696941321170938
979,-0.7305764963866671,0.6513140845427378,2.457614306932617,-0.7143133955947752,0.6672004851395333,2.4683925469401653,-0.01626310079189186,-0.01588640059679558,-0.010778240007548234,0.02516021917530557
980,-0.7489457348477113,0.6662898370367977,2.4647939593252968,-0.7329582585038568,0.6819636200681355,2.4753995873599552,-0.015987476343854556,-0.015673783031337818,-0.010605628034658476,0.024773902001265287
981,-0.7674220196409631,0.6811333199380815,2.4719736117179765,-0.7515298261978846,0.6964539786414377,2.4826890178342347,-0.015892193443078573,-0.015320658703356194,-0.010715406116258208,0.02453781416046053
982,-0.7854525325848436,0.695406892231612,2.4800146632682583,-0.7700262415355653,0.7106657649092125,2.490269565621063,-0.015426291049278285,-0.01525887267760051,-0.010254902352804685,0.02399930568149474
983,-0.8035972359125785,0.7095350203520168,2.48805571481854,-0.7884456548907789,0.7245932943464408,2.4981503515899917,-0.015151581021799587,-0.015058273994424054,-0.010094636771451615,0.023626758446702933
984,-0.821854956421007,0.723516790800504,2.496096766368822,-0.8067862243375392,0.7382309961270456,2.5063409000487984,-0.015068732083467817,-0.014714205326541552,-0.010244133679976564,0.02342043551790159
985,-0.8396375581890513,0.7369092507932733,2.505084228346293,-0.8250461158341854,0.7515734153521484,2.514851147791886,-0.014591442354865869,-0.014664164558875092,-0.009766919445592936,0.022876639343702636
986,-0.857539804376372,0.7501413515995451,2.5140716903237643,-0.8432235034067843,0.7646152152319554,2.523691452126122,-0.014316300969587692,-0.014473863632410322,-0.009619761802357463,0.02251641665619828
987,-0.8755602489482052,0.7632120244105471,2.5230591523012356,-0.8613165693317297,0.7773511792204058,2.5328725975898596,-0.014243679616475435,-0.014139154809858612,-0.009813445288624045,0.022340586746698556
988,-0.893077776163,0.7756792029340813,2.5330892386494828,-0.8793235043175001,0.7897762131017095,2.542405801035813,-0.013754271845499932,-0.01409701016762821,-0.009316562386330052,0.02178770351286489
989,-0.9107194670109551,0.7879700549828177,2.54311932499773,-0.8972425076856059,0.8018853470279821,2.5523027146979134,-0.013476959325349203,-0.013915292045164396,-0.009183389700183398,0.02143824693730266
990,-0.9284835467064146,0.8000833440750548,2.553149411345977,-0.9150717875506427,0.8136737375071053,2.5625754268059584,-0.013411759155771974,-0.013590393432050485,-0.00942601545998123,0.02129375130741785
991,-0.9457156394556264,0.8115823769813673,2.564328647106809,-0.9328095609994818,0.8251366693400644,2.5732364592495207,-0.012906078456144665,-0.013554292358697095,-0.008907812142711524,0.02072763420246109
992,-0.9630752031452605,0.822888053732603,2.575507882867641,-0.9504540542695596,0.836269557506963,2.584298761724097,-0.012621148875700872,-0.013381503774359982,-0.008790878856455908,0.02038719189282083
993,-0.9805600682810198,0.8339989614129953,2.5866871186284732,-0.9680035029262528,0.8470679490009707,2.5957757017178724,-0.012556565354767013,-0.013068987587975367,-0.009088583089399194,0.020274814737898408
994,-0.9974730392547627,0.8444828917418797,2.5991314813333983,-0.9854561520393205,0.8575275246094671,2.6076810496170584,-0.012016887215442251,-0.013044632867587391,-0.008549568283660047,0.019689163081141017
995,-1.0145151631200127,0.8547555445862548,2.6115758440383234,-1.0028102563583978,0.8676441006416691,2.620028958122165,-0.011704906761614842,-0.01288855605541428,-0.00845311408384175,0.01935393647830065
996,-1.0316838007306626,0.86481532912141,2.6240202067432485,-1.0200640804875087,0.8774136306020465,2.632833935077795,-0.01161972024315383,-0.012598301480636453,-0.008813728334546411,0.019272179583050584
997,-1.048208604624743,0.874223609342185,2.6378538995537166,-1.0372158990586215,0.8868322068088755,2.646110808726245,-0.010992705566121419,-0.012608597466690519,-0.008256909172528193,0.018654566594371782
998,-1.0648619744667387,0.883402397571366,2.6516875923641847,-1.054263996904172,0.8958960619572528,2.659874684302496,-0.01059797756256664,-0.012493664385886838,-0.00818709193831113,0.018314946153625517
