timestep,px,py,theta,px_ref,py_ref,theta_ref,error_px,error_py,error_theta,error_norm
0,0.0,0.0,0.7853981633974483,0.0,0.0,0.7853981633974483,0.0,0.0,0.0,0.0
1,0.0002482629630207539,0.0002482629630207539,0.785304470546125,0.01999966666833333,0.01999866669333308,0.7853231571470295,-0.019751403705312576,-0.019750403730312328,-1.868660090453833e-05,0.02793200216650471
2,0.0004965491854166876,0.0004965026644869889,0.7852107776948016,0.03999733338666616,0.03998933418663416,0.7850980633706443,-0.03950078420124947,-0.03949283152214717,0.00011271432415738136,0.05585703535517483
3,0.0007448586650082576,0.0007447191022195697,0.7851170848434783,0.05999100040499132,0.0599640064794446,0.7847226568420766,-0.05924614173998306,-0.05921928737722503,0.0003944280014016588,0.08376863901239423
4,0.0009931913996157162,0.0009929122740395657,0.785023391992155,0.07997866837326832,0.07991469396917268,0.7841965616812204,-0.0789854769736526,-0.07892178169513311,0.0008268303109345565,0.111660363813901
5,0.0012415473870591117,0.00124108217776825,0.7849296991408317,0.09995833854135666,0.09983341664682815,0.7835192505983565,-0.09871679115429755,-0.0985923344690599,0.0014104485424751845,0.13952577767907673
6,0.015425828276265312,0.01541207963161259,0.7838688447964254,0.11992801295888919,0.11971220728891936,0.7826900438339384,-0.10450218468262387,-0.10430012765730677,0.0011788009624870144,0.1476503058055786
7,0.029625134545286418,0.02956802165817165,0.7828079904520191,0.13988569467506554,0.1395431146442365,0.7817081077917023,-0.11026056012977911,-0.10997509298606484,0.0010998826603167977,0.15573413864433422
8,0.04383945021405511,0.043708892326180734,0.7817471361076128,0.1598293879383454,0.15931820661424598,0.7805724533623122,-0.11598993772429028,-0.11560931428806524,0.001174682745300637,0.16376983569324813
9,0.058068759285612316,0.05783467572133666,0.7806862817632065,0.17975709839602208,0.17902957342582415,0.7792819339341677,-0.12168833911040977,-0.12119489770448749,0.0014043478290388656,0.17175047976025046
10,0.07231304574612521,0.07194535594631561,0.7796254274188003,0.1996668332936563,0.19866933079506124,0.7778352430874435,-0.1273537875475311,-0.12672397484874565,0.0017901843313568033,0.17966957940649675
11,0.0932036185384898,0.09259611891130075,0.7778445814929619,0.21955660167434962,0.21822962308086932,0.7762309119668949,-0.12635298313585983,-0.1256335041695686,0.0016136695260670075,0.17818938702008952
12,0.11413093401220742,0.11320964625847219,0.7760637355671235,0.23942441457783872,0.23770262642713458,0.7744673063284713,-0.1252934805656313,-0.12449298016866239,0.0015964292386522194,0.17663382170422293
13,0.13509492579815174,0.13378587261385483,0.7742828896412851,0.2592682852393897,0.2570805518921551,0.7725426232543283,-0.12417335944123797,-0.12329467927830029,0.0017402663869567903,0.17499608470008518
14,0.1560955274108808,0.1543247327217704,0.7725020437154467,0.279086229288473,0.27635564856411376,0.7704548875304338,-0.12299070187759217,-0.12203091584234335,0.002047156185012944,0.17326987048563774
15,0.1771326722488478,0.1748261614450444,0.7707211977896083,0.29887626494719843,0.29552020666133955,0.7682019476806334,-0.12174359269835064,-0.12069404521629515,0.002519250108974913,0.17144941392401014
16,0.20082009976587484,0.19782827890715565,0.7681301225395581,0.31863641322849195,0.31456656061611776,0.765781471650788,-0.11781631346261712,-0.11673828170896211,0.0023486508887701207,0.1658735249980538
17,0.22456704791871482,0.2207689433164857,0.765539047289508,0.33836469813399206,0.33348709214081446,0.7631909421364422,-0.11379765021527724,-0.11271814882432876,0.002348105153065716,0.16018988690523497
18,0.24837335727826093,0.24364800065704847,0.7629479720394577,0.35805914685164836,0.35227423327509,0.760427651547437,-0.10968578957338743,-0.10862623261804152,0.002520320492020778,0.154392301823986
19,0.27223886801687497,0.26646529732646723,0.7603568967894075,0.37771778995300115,0.3709204694129827,0.7574886966029721,-0.10547892193612618,-0.10445517208651545,0.00286820018643541,0.1484752926272261
20,0.29616341990946043,0.28922068013700586,0.7577658215393573,0.39733866159012243,0.38941834230865047,0.7543709725508718,-0.101175241680662,-0.10019766217164461,0.0033948489884855215,0.14243428672008018
21,0.3199798833682821,0.3117560089411345,0.7542883079781816,0.4169197996921991,0.40776045305957015,0.7510711670052485,-0.09693991632391702,-0.09600444411843567,0.00321714097293313,0.13647179438776938
22,0.34387456957337714,0.3342083795766735,0.7508107944170058,0.43645924616173865,0.4259394650659996,0.7475857533974175,-0.0925846765883615,-0.09173108548932613,0.003225041019588315,0.130372218181634
23,0.3678471895641935,0.3565775205251205,0.7473332808558301,0.4559550470703768,0.44394810696551984,0.7439109840358401,-0.08810785750618333,-0.08737058644039936,0.003422296819989956,0.12413027851734369
24,0.39189745343771887,0.37886316127447695,0.7438557672946543,0.47540525285426916,0.46177917554148284,0.7400428827720981,-0.08350779941655029,-0.0829160142670059,0.003812884522556237,0.11774190449327493
25,0.41602507035198666,0.4010650323225196,0.7403782537334785,0.4948079185090459,0.479425538604203,0.7359772372714972,-0.07878284815705922,-0.0783605062816834,0.004401016461981322,0.11120465392400905
26,0.4212307925663121,0.4058219348103104,0.7375511089397427,0.5141611037843102,0.49688013784373675,0.7317095908888981,-0.09293031121799816,-0.09105820303342632,0.005841518050844652,0.13023733111473465
27,0.4264499424108269,0.4105641009769027,0.7347239641460069,0.5334628733776623,0.5141359916531132,0.7272352341528829,-0.1070129309668354,-0.10357189067621048,0.007488729993123999,0.14911400004448774
28,0.4316824781702111,0.415291492919384,0.7318968193522711,0.5527112971282275,0.5311861979208834,0.7225491958644261,-0.12102881895801643,-0.1158947050014994,0.009347623487845014,0.16783007993392424
29,0.43692835802215446,0.4200040728529285,0.7290696745585353,0.5719044502096711,0.5480239367918736,0.7176462338199793,-0.1349760921875166,-0.12801986393894504,0.011423440738556057,0.18638166761638947
30,0.44218754003769084,0.42470180311109895,0.7262425297647995,0.5910404133226791,0.5646424733950353,0.712520825173375,-0.14885287328498825,-0.1399406702839363,0.013721704591424522,0.20476536392077754
31,0.4206767933657655,0.40559652940999963,0.7273430564668703,0.610117272886887,0.5810351605373051,0.7071671564563529,-0.18944047952112147,-0.17543863112730546,0.02017590001051739,0.2589854735583631
32,0.3991870855799205,0.3864675941323462,0.728443583168941,0.6291331212322355,0.597195441362392,0.7015791132839158,-0.22994603565231503,-0.21072784723004578,0.02686446988502522,0.31305447553521526
33,0.3777184427076066,0.36731502044631886,0.7295441098710117,0.6480860567897367,0.6131168519734339,0.6957502697783335,-0.2703676140821301,-0.24580183152711504,0.03379384009267816,0.3669594129529278
34,0.35627089075076174,0.3481388315487276,0.7306446365730824,0.6669741842816288,0.6287930240184685,0.6896738777545541,-0.31070329353086706,-0.2806541924697409,0.0409707588185283,0.42069218609327236
35,0.3348444556857793,0.32893905066498436,0.7317451632751532,0.6857956149109028,0.6442176872376911,0.6833428557202919,-0.3509511592251235,-0.31527863657270677,0.0484023075548613,0.47424689584354507
36,0.30673429353035486,0.30369429019819577,0.7797451632751532,0.7045484665501799,0.6593846719714731,0.6767497777563413,-0.397814173019825,-0.35569038177327733,0.10299538551881193,0.5434885586464868
37,0.27986779130927475,0.2771298363955202,0.8277451632751532,0.723230863929924,0.6742879116281452,0.6698868623569647,-0.4433630726206492,-0.397158075232625,0.15785830091818853,0.6158121418540591
38,0.25430683755968814,0.24930688200815718,0.8757451632751533,0.7418409388259654,0.6889214451105513,0.6627459613267954,-0.4875341012662772,-0.4396145631023941,0.21299920194835786,0.6901587672556676
39,0.2301103134125545,0.22028951881597575,0.9237451632751533,0.7603768302463229,0.7032794192004101,0.6553185488498808,-0.5302665168337684,-0.4829899003844344,0.2684266144252725,0.7658424577419282
40,0.20733395695656284,0.19014458998840353,0.9717451632751534,0.778836684617301,0.7173560908995228,0.6475957108685986,-0.5715027276607382,-0.5272115009111192,0.3241494524065548,0.8424014493767732
41,0.22876060547811525,0.22152769124745497,1.0257451632751533,0.7972186559688459,0.731145829726896,0.6395681349355568,-0.5684580504907306,-0.509618138479441,0.38617702833959655,0.8555629137896139
42,0.24846215756676387,0.2540215238438152,1.0797451632751534,0.8155209061191403,0.7446431199708592,0.6312261007306176,-0.5670587485523764,-0.490621596127044,0.4485190625445358,0.8737474030644466
43,0.2663811774555448,0.28753135878413527,1.1337451632751534,0.8337416048584215,0.757842562895277,0.6225594714682599,-0.5673604274028767,-0.4703112041111417,0.5111856918068935,0.8968842148256035
44,0.2824654259784306,0.3219595051320882,1.1877451632751534,0.8518789301319992,0.7707388788989693,0.6135576864580234,-0.5694135041535686,-0.4487793737668811,0.57418747681713,0.9248383229325341
45,0.29666801286272637,0.3572055948059237,1.2417451632751535,0.8699310682224605,0.7833269096274834,0.6042097551231719,-0.5732630553597341,-0.42612131482155974,0.6375354081519816,0.9574243062682012
46,0.307444462098536,0.3887650445708408,1.2256643069008122,0.8878962139310396,0.795601620036366,0.5945042528303504,-0.5804517518325036,-0.4068365754655252,0.6311600540704618,0.9491065531309784
47,0.31872699910846847,0.4201471268187704,1.2095834505264709,0.9057725707581367,0.8075581004051143,0.5844293189362826,-0.5870455716496682,-0.3874109735863439,0.6251541315901883,0.9410246829349839
48,0.33051270635967783,0.45134372650824145,1.1935025941521296,0.9235583510829657,0.8191915683009982,0.5739726575167142,-0.5930456447232879,-0.3678478417927567,0.6195299366354153,0.9331840728518307
49,0.34279853620534595,0.4823467765614153,1.1774217377777882,0.941251776342316,0.8304973704919704,0.5631215413080933,-0.5984532401369701,-0.3481505939305551,0.6143001964696949,0.9255916205688889
50,0.35558131167276863,0.5131482599501381,1.161340881403447,0.958851077208406,0.8414709848078965,0.5518628194639037,-0.6032697655356374,-0.3283227248577584,0.6094780619395432,0.9182558083960198
51,0.36859027803854333,0.5431239464533899,1.1435662111251488,0.976354493765815,0.852108021949363,0.540182929805001,-0.6077642157272716,-0.30898407549597307,0.6033832813201477,0.9104503748175159
52,0.38212996932774906,0.5728636799263062,1.1257915408468506,0.9937602756874735,0.8624042272433384,0.5280679163262988,-0.6116303063597244,-0.28954054731703227,0.5977236245205518,0.9028836533620057
53,0.3961961079377897,0.6023580646774789,1.1080168705685525,1.0110666824096939,0.8723554823449863,0.5155034528098956,-0.6148705744719042,-0.2699974176675074,0.5925134177586568,0.8955649496952058
54,0.41078424994525875,0.6315977825286655,1.0902422002902543,1.0282719833062262,0.8819578068849474,0.5024748734859666,-0.6174877333609674,-0.2503600243562819,0.5877673268042877,0.888505302801059
55,0.4258897865099109,0.6605735957586862,1.0724675300119562,1.0453744578613184,0.8912073600614354,0.4889672117755554,-0.6194846713514075,-0.23063376430274918,0.5835003182364007,0.8817175356415444
56,0.44104268489783727,0.6884213032761836,1.0526305632951873,1.0623723958417668,0.900100442176505,0.4749652482411506,-0.6213297109439295,-0.21167913890032142,0.5776653150540367,0.8743888630144646
57,0.4567449798292428,0.7159629640362405,1.0327935965784185,1.0792640974679386,0.9086334961158833,0.4604535689580829,-0.6225191176386958,-0.1926705320796428,0.5723400276203356,0.8673091103948808
58,0.4729904925712757,0.743187740606184,1.0129566298616497,1.0960478735837471,0.916803108771767,0.44541663559766037,-0.6230573810124714,-0.17361536816558298,0.5675399942639894,0.8604908141209644
59,0.4897728306390342,0.7700849202448443,0.9931196631448809,1.1127220458255676,0.9246060124080204,0.4298388685756445,-0.6229492151865333,-0.1545210921631761,0.5632807945692364,0.8539483275675226
60,0.5070853903109604,0.7966439191179362,0.973282696428112,1.1292849467900707,0.9320390859672264,0.4137047446598081,-0.6221995564791103,-0.1353951668492902,0.5595779517683039,0.8476978373183212
61,0.5242283370994744,0.8218358744754043,0.950981082689497,1.1457349202009626,0.9390993563190677,0.3969989104388761,-0.6215065831014882,-0.11726348184366342,0.5539821722506209,0.8407838034739387
62,0.5419287956271784,0.8466392816452976,0.9286794689508819,1.1620703210746102,0.945783999449539,0.37970631302149005,-0.6201415254474317,-0.09914471780424139,0.5489731559293919,0.8341323111975861
63,0.5601779627239274,0.8710418048673215,0.9063778552122669,1.178289515884539,0.9520903415905158,0.36181234924553096,-0.6181115531606116,-0.08104853672319423,0.5445655059667359,0.827757420833182
64,0.578966762324109,0.8950313077573503,0.8840762414736518,1.1943908827247842,0.958015860289225,0.3433030345211741,-0.6154241204006752,-0.06298455253187474,0.5407732069524778,0.8216748524728333
65,0.5982858499805472,0.9185958593433521,0.8617746277350368,1.210372811472079,0.963558185417193,0.3241651921901698,-0.6120869614915319,-0.044962326073840875,0.537609435544867,0.815901933065964
66,0.6171923945609165,0.940635850788705,0.8366200051323875,1.2262337039468676,0.9687151001182652,0.30438666394296926,-0.6090413093859511,-0.028079249329560185,0.5322333411894182,0.8093158161404712
67,0.6366473070524659,0.962193332803701,0.8114653825297383,1.2419719740731194,0.9734845416953194,0.283956541378582,-0.6053246670206536,-0.011291208891618387,0.5275088411511564,0.8030012586506544
68,0.6566382779103949,0.9832546655022306,0.7863107599270891,1.2575860480369372,0.9778646024353163,0.26286541820488024,-0.6009477701265423,0.005390063066914363,0.5234453417222089,0.7969707027053183
69,0.677152658414156,1.0038065229226107,0.7611561373244399,1.273074364443936,0.9818535303723597,0.24110566184802507,-0.59592170602978,0.02195299255025107,0.5200504754764148,0.7912377080515058
70,0.6981774686705741,1.0238359014592089,0.7360015147217907,1.2884353744753823,0.9854497299884603,0.2186717023624417,-0.5902579058048082,0.03838617147074863,0.5173298123593489,0.7858167905313673
71,0.7185409247303042,1.04228079443239,0.7077168497445199,1.3036675420430732,0.9886517628517197,0.19556033550876473,-0.585126617312769,0.05362903158067023,0.5121565142357551,0.7794571998450482
72,0.7394178737819934,1.0601424129979578,0.6794321847672491,1.3187693439429462,0.9914583481916864,0.1717710357084244,-0.5793514701609528,0.06868406480627132,0.5076611490588248,0.7733598573753978
73,0.7607916149148803,1.0774064684158775,0.6511475197899783,1.3337392700073958,0.9938683634116449,0.14730627331565815,-0.5729476550925154,0.08353810500423264,0.5038412464743202,0.767530867205031
74,0.7826450497999698,1.094059149978071,0.6228628548127075,1.34857582325629,0.99588084453764,0.12217182931261213,-0.5659307734563203,0.09817830544043094,0.5006910255000954,0.7619764583111217
75,0.8049606963681654,1.110087136056554,0.5945781898354368,1.3632775200466682,0.9974949866040543,0.0963770991912814,-0.5583168236785029,0.11259214945249973,0.49820109064415535,0.7567027120605637
76,0.826389638346804,1.1245775300699232,0.5631544562547585,1.3778428902211026,0.998710143975583,0.06993537651704462,-0.5514532518742986,0.12586738609434023,0.49321907973771384,0.7504720837594678
77,0.8482632685272014,1.1383875038467903,0.5317307226740802,1.3922704772547134,0.9995258306054791,0.0428641055705861,-0.5440072087275121,0.13886167324131127,0.48886661710349405,0.7444575050068941
78,0.8705599895479414,1.1515034218363873,0.5003069890934019,1.4065588384008205,0.9999417202299663,0.015185091651111312,-0.5359988488528791,0.15156170160642102,0.48512189744229056,0.738653484892242
79,0.8932577863004982,1.1639123337776562,0.46888325551272353,1.4207065448352156,0.99995764649874,-0.013075342784616575,-0.5274487585347174,0.16395468727891627,0.4819585982973401,0.7330534924773763
80,0.9163342476662889,1.1756019874859454,0.4374595219320452,1.4347121817990456,0.9995736030415051,-0.041886267855577024,-0.5183779341327567,0.17602838444444024,0.4793457897876222,0.7276496828233924
81,0.9383585508098721,1.1859023288402422,0.4033401990687835,1.4485743487402851,0.998789743470524,-0.07121213282096248,-0.510215797930413,0.1871125853697182,0.474552331889746,0.721478479071624
82,0.9607214081301731,1.1954453667971685,0.3692208762055218,1.4622916594537918,0.9976063813191736,-0.10101283897581732,-0.5015702513236187,0.19783898547799494,0.4702337151813391,0.7154248584449977
83,0.9833967889199212,1.2042199931148763,0.3351015533422601,1.4758627422199255,0.9960239899165367,-0.13124390617594112,-0.4924659533000043,0.20819600319833953,0.4663454595182012,0.7094690821457178
84,1.0063582986897563,1.2122159939943942,0.3009822304789984,1.4892862399417186,0.994043202198076,-0.16185673736972372,-0.48292794125196226,0.2181727917963182,0.46283896784872214,0.7035898476252544
85,1.0295792098918182,1.2194240619686463,0.2668629076157367,1.5025608102805854,0.9916648104524687,-0.19279898196781758,-0.47298160038876724,0.2277592515161776,0.4596618895835543,0.6977642321680387
86,1.0662341206154644,1.229444916219756,0.2100782835767403,1.515685125790554,0.9888897660047016,-0.22401499487154508,-0.4494510051750895,0.24055515021505447,0.4340932784482854,0.6695595274072846
87,1.1033986751406486,1.2373693018126632,0.15329365953774388,1.5286578740510102,0.9857191788355535,-0.25544638373627454,-0.42525919891036157,0.25165012297710976,0.4087400432740184,0.6412812125954754
88,1.1409530687995,1.2431716734826348,0.09650903549874747,1.5414777577979386,0.9821543171376185,-0.28703263284555847,-0.4005246889984386,0.2610173563450163,0.3835416683443059,0.6129064350836682
89,1.178776240228123,1.2468333265466827,0.03972441145975106,1.5541434950536477,0.9781966068080447,-0.3187117881210078,-0.3753672548255247,0.268636719738638,0.3584361995807589,0.5844166085568441
90,1.2167462616233,1.2483424572004886,-0.01706021257924535,1.5666538192549668,0.9738476308781951,-0.3504211845928371,-0.3499075576316668,0.2744948263222935,0.33336097201359177,0.5557987461548569
91,1.254740731791212,1.247694200569486,-0.0740602125792458,1.579007479379901,0.9691091288804564,-0.38209819537047346,-0.3242667475886889,0.2785850716890296,0.3080379827912276,0.5269212128979216
92,1.2926365660293104,1.244882484474541,-0.13106021257924627,1.591203240072732,0.9639829961524481,-0.41368097997668896,-0.29856667404342163,0.2808994883220929,0.2826207673974427,0.4979167395793034
93,1.3303106741042507,1.2399164417081407,-0.1880602125792467,1.6032398817675544,0.9584712830789142,-0.44510920994479974,-0.27292920766330364,0.2814451586292266,0.25704899736555303,0.4688026415861853
94,1.3676406859759689,1.232812202575244,-0.24506021257924715,1.6151162008102287,0.9525761942715953,-0.4763247508234524,-0.24747551483425978,0.2802360083036486,0.23126453824420523,0.4396130542212663
95,1.4045053492703077,1.2235928425001068,-0.3020602125792476,1.6268310095787475,0.9463000876874145,-0.5072722820789922,-0.2223256603084398,0.27729275481269233,0.20521206949974463,0.41040463517309805
96,1.4407402384106105,1.212302230608949,-0.35906021257924775,1.6383831366019965,0.9396454736853249,-0.5378998396315425,-0.19764289819138603,0.2726567569236241,0.17883962705229478,0.3812978291385918
97,1.47627306346507,1.1989656848966606,-0.4160602125792479,1.6497714266769001,0.9326150140222006,-0.5681592696408527,-0.1734983632118301,0.26635067087445996,0.15209905706160481,0.35238967787307324
98,1.510988409538744,1.1836265240698152,-0.4730602125792481,1.660994740983941,0.9252115207881683,-0.5980065863693985,-0.15000633144519693,0.2584150032816469,0.12494637379015044,0.3238700506653986
99,1.544773517006868,1.1663345715700506,-0.5300602125792482,1.672051957201041,0.9174379552818098,-0.6274022311885141,-0.12727844019417311,0.24889661628824078,0.09734201860926595,0.296014856932763
100,1.577518647771695,1.1471459937415305,-0.5870602125792483,1.682941969615793,0.9092974268256818,-0.6563112337819401,-0.10542332184409808,0.23784856691584866,0.06925102120269178,0.26922429591361713
101,1.6090792395478524,1.1261485335313532,-0.6231088306291647,1.6936636892360304,0.9007931915226274,-0.6847032801150899,-0.08458444968817802,0.22535534200872587,0.061594449485925185,0.24846214099616046
102,1.6398625615097877,1.1040272456500597,-0.659157448679081,1.704216043898726,0.8919286509533796,-0.7125526946185239,-0.06435348238893823,0.21209859469668013,0.05339524593944289,0.2279873611778152
103,1.6698286149742843,1.0808108736616941,-0.6952060667289973,1.7145979783772067,0.8827073508159741,-0.7398383461925445,-0.04476936340292248,0.19810352284572008,0.0446322794635472,0.20794552660131896
104,1.6989384631858722,1.0565295840411335,-0.7312546847789136,1.7248084544866769,0.8731329795075166,-0.7665434890556865,-0.025869991300804696,0.18339660453361695,0.035288804276772834,0.18854408161395037
105,1.7271542819097747,1.0312149269769126,-0.76730330282883,1.734846451188034,0.8632093666488738,-0.7926555501696838,-0.00769216927825922,0.16800556032803882,0.02535224734085384,0.1700816692491449
106,1.7470515934099917,1.0120249713291871,-0.7928490171837982,1.7447109646899726,0.8529404815528762,-0.8181658750569212,0.0023406287200191667,0.15908448977631096,0.02531685787312299,0.16110337278518433
107,1.7664522451256293,0.9923330411112816,-0.8183947315387664,1.7544010085493633,0.8423304316366457,-0.8430694433909002,0.012051236576265945,0.15000260947463595,0.02467471185213377,0.15249543126665502
108,1.785343577199554,0.9721519862535435,-0.8439404458937346,1.763915613769895,0.8313834607786832,-0.8673645649064725,0.021427963429659025,0.1407685254748603,0.023424119012737887,0.14430393179893647
109,1.8037132621301633,0.9514949758636423,-0.8694861602487028,1.7732538288989745,0.8201039476213741,-0.8910525650657036,0.030459433231188715,0.13139102824226823,0.021566404817000784,0.13658875939130763
110,1.821549312815672,0.9303754896330944,-0.8950318746036711,1.7824147201228708,0.8084964038195901,-0.914137468639516,0.03913459269280106,0.12187908581350426,0.019105594035844886,0.12942585378288793
111,1.835004730460583,0.9135914626170272,-0.9169823874325876,1.7913973713600952,0.7965654722360865,-0.9366256880218409,0.04360735910048774,0.11702599038094064,0.019643300589253232,0.12642208450424577
112,1.848088518241706,0.896516149320528,-0.9389329002615042,1.8002008843530102,0.7843159250844199,-0.9585257217604746,0.04788763388869577,0.11220022423610809,0.019592821498970348,0.12355563302569905
113,1.8607943723159355,0.8791577767263172,-0.9608834130904208,1.808824378757652,0.7717526620201257,-0.9798478675264842,0.05196999355828358,0.10740511470619152,0.018964454436063427,0.12081551815704686
114,1.8731161709307682,0.861524708196689,-0.9828339259193374,1.8172669922317666,0.7588807081809217,-1.0006039525927415,0.055849178699001634,0.10264400001576734,0.017770026673404105,0.11819769603745818
115,1.8850479773737983,0.8436254394439962,-1.0047844387482538,1.8255278805210422,0.7457052121767199,-1.0208070838766747,0.059520096852756055,0.09792022726727623,0.016022645128420887,0.11570539310830674
116,1.895398895277021,0.8273339219670122,-1.023897437560098,1.8336062175435337,0.7322314440302513,-1.0404714187339885,0.0617926777334874,0.09510247793676085,0.01657398117389053,0.11461899137201999
117,1.905436561811505,0.8108475550632751,-1.0430104363719421,1.8415011954722713,0.7184647930691263,-1.0596119569697484,0.06393536633923369,0.09238276199414885,0.016601520597806285,0.11356899343024467
118,1.9151573102618007,0.7941723611301237,-1.0621234351837863,1.8492120248160406,0.7044107657701763,-1.078244353954232,0.06594528544576006,0.08976159535994743,0.016120918770445636,0.1125424750753644
119,1.9245575896812417,0.7773144315425804,-1.0812364339956304,1.8567379344983332,0.6900749835569364,-1.0963847542815959,0.06781965518290844,0.08723944798564398,0.015148320285965466,0.1115333964400559
120,1.9336339661890896,0.7602799244281987,-1.1003494328074745,1.8640781719344526,0.675463180551151,-1.1140496450750117,0.06955579425463698,0.08481674387704774,0.013700212267537148,0.1105422289103747
121,1.942136467107595,0.7435601035666365,-1.1170631487651066,1.871232003106772,0.6605812012792008,-1.1312557278065778,0.07090446400082295,0.08297890228743565,0.014192579041471198,0.11006530125302978
122,1.9503583431478906,0.7267005162084025,-1.1337768647227386,1.8781987126381352,0.6454349983343708,-1.1480198073479873,0.07215963050975538,0.08126551787403169,0.014242942625248611,0.10960820263677855
123,1.958297297596339,0.7097058719409465,-1.1504905806803707,1.884977603863395,0.6300306299958922,-1.16435869688339,0.07331969373294411,0.07967524194505426,0.01386811620301942,0.10916156061139888
124,1.9659511127711287,0.6925809180787582,-1.1672042966380027,1.891567998899078,0.6143742578057116,-1.1802891372852227,0.07438311387205077,0.07820666027304657,0.01308484064721993,0.10872139805543952
125,1.9733176506417651,0.675330438337244,-1.1839180125956348,1.8979692387111724,0.5984721441039565,-1.1958277295646969,0.07534841193059272,0.0768582942332875,0.011909716969062067,0.10828860480768993
126,1.9804407587743147,0.6578465755704507,-1.198664967543544,1.9041806831810315,0.5823306495240819,-1.2109908790505335,0.07626007559328318,0.07551592604636881,0.012325911506989584,0.10802861801676464
127,1.9873052679888523,0.6402595735530634,-1.213411922491453,1.9102017111693845,0.5659562304487028,-1.2257947500135267,0.07710355681946779,0.0743033431043606,0.012382827522073647,0.10779276268905373
128,1.9939096854692149,0.622573256908235,-1.2281588774393621,1.9160317205784498,0.5493554364271267,-1.2402552295333436,0.07787796489076504,0.07321782048110825,0.01209635209398141,0.10757392056401308
129,2.0002525749610607,0.6047914718569447,-1.2429058323872713,1.9216701284121454,0.532534907555621,-1.2543878994917435,0.07858244654891533,0.07225656430132366,0.011482067104472193,0.10736875642027367
130,2.00633255708421,0.5869180853815662,-1.2576527873351804,1.927116370834386,0.5155013718214642,-1.2682080156685605,0.07921618624982396,0.07141671356010204,0.010555228333380073,0.10717725497913376
131,2.012259612532066,0.5686132416617543,-1.2708357626790343,1.932369903225468,0.4982616424118385,-1.2817304930098559,0.07988970930659822,0.0703515992499158,0.010894730330821556,0.10700658072798534
132,2.0179448476395647,0.550231854563356,-1.2840187380228882,1.9374302002365305,0.4808226149886482,-1.2949698962289915,0.08051464740303427,0.06940923957470779,0.010951158206103262,0.10686523686788524
133,2.0233872743792363,0.5317771185567909,-1.2972017133667422,1.9422967558420892,0.4631912649303451,-1.3079404349891695,0.0810905185371471,0.06858585362644576,0.010738721622427283,0.1067474199050058
134,2.02858594692087,0.5132522408596624,-1.310384688710596,1.9469690833906388,0.44537464454187115,-1.3206559629989763,0.08161686353023101,0.06787759631779122,0.01027127428838015,0.1066497987335209
135,2.0335399617958876,0.49466044087938066,-1.32356766405445,1.9514467156533182,0.4273798802338298,-1.333129980429876,0.08209324614256941,0.06728056064555088,0.009562316375425928,0.1065711630670693
136,2.0383502222467387,0.47560175065045196,-1.3355440420156266,1.9557292048706325,0.40921416967201735,-1.3453756391359823,0.08262101737610617,0.06638758097843461,0.00983159712035575,0.10644342968153571
137,2.0429318891040427,0.45648681911366723,-1.3475204199768032,1.9598161227972284,0.3908847788984522,-1.3574057502217107,0.08311576630681428,0.06560204021521504,0.009885330244907564,0.10634649991052145
138,2.04728430521055,0.4373183879602551,-1.3594967979379797,1.9637070607447196,0.3723990394250553,-1.3692327935620554,0.08357724446583048,0.06491934853519976,0.009735995624075677,0.10627543092139384
139,2.051406846290885,0.4180992065549965,-1.3714731758991563,1.9674016296225532,0.3537643453011427,-1.380868928933525,0.08400521666833183,0.06433486125385379,0.009395753034368681,0.10622679028912077
140,2.0552989210410875,0.3988320315418784,-1.3834495538603329,1.9708994599769205,0.3349881501559047,-1.3923260084614568,0.08439946106416696,0.06384388138597369,0.008876454601123962,0.10619840707201746
141,2.059031336303263,0.3791431684763687,-1.3945315663340752,1.9742002020277007,0.3160779642170538,-1.4036155901318894,0.08483113427556233,0.06306520425931489,0.009084023797814256,0.10609458430620693
142,2.0625453346169125,0.3594141525771054,-1.4056135788078175,1.9773035257034395,0.29704135130683235,-1.4147489521538088,0.085241808913473,0.06237280127027306,0.009135373345991349,0.10601880668689244
143,2.065840484428804,0.3396474067594725,-1.4166955912815598,1.9802091206743555,0.2778859258165868,-1.4257371079907708,0.08563136375444835,0.06176148094288575,0.00904151670921105,0.10596678730200342
144,2.0689163810624334,0.3198453585724556,-1.427777603755302,1.9829166963833729,0.2586193496611108,-1.4365908219100985,0.0859996846790605,0.06122600891134483,0.00881321815479641,0.10593508741844669
145,2.0717726467677244,0.3000104399005151,-1.4388596162290443,1.985425982075177,0.23924932921398243,-1.4473206249233783,0.08634666469254748,0.0607611106865327,0.008461008694333971,0.10592095044661325
146,2.0744489622501225,0.27984343496709624,-1.449321930423599,1.9877367268232897,0.21978361222511697,-1.457936831014273,0.08671223542683282,0.06005982274197927,0.008614900590674157,0.10583199229299071
147,2.0769141415663146,0.2596495338213323,-1.4597842446181535,1.9898486995551619,0.20022998472177053,-1.4684495535690345,0.08706544201115274,0.05941954909956179,0.008665308950881023,0.10576465187862556
148,2.079167914880189,0.23943094686784977,-1.470246558812708,1.99176168907528,0.18059626789423294,-1.4788687219418666,0.08740622580490887,0.05883467897361683,0.008622163129158533,0.1057152281197609
149,2.081210035495927,0.21918988721335927,-1.4807088730072626,1.9934755040862868,0.1608903149674558,-1.4892040981017618,0.08773453140964027,0.058299572245903486,0.008495225094499181,0.10568044745898214
150,2.0830402798850085,0.1989285704244114,-1.4911711872018172,1.994989973208109,0.1411200080598672,-1.499465293319851,0.08805030667689961,0.05780856236454418,0.008294106118033717,0.1056573640824371
151,2.084674236976911,0.17845133854660444,-1.5012610065195666,1.9963049449950963,0.12129325503062975,-1.5096617848669232,0.08836929198181487,0.05715808351597469,0.00840077834735653,0.10557817650171744
152,2.086101502833335,0.1579586629445573,-1.511350825837316,1.997420287951166,0.10141798631660187,-1.5198029326997817,0.08868121488216918,0.05654067662795542,0.00845210686246567,0.10551134582090699
153,2.0873219321534924,0.1374526298462188,-1.5214406451550655,1.998335890542952,0.08150215176026913,-1.5298979961226906,0.08898604161054036,0.055950478085949676,0.008457350967625121,0.1054537736875677
154,2.088335400693296,0.11693532683937893,-1.531530464472815,1.9990516612109581,0.06155371742991314,-1.5399561504164885,0.08928373948233803,0.05538160940946579,0.008425685943673544,0.10540256628922302
155,2.0891418052780106,0.09640884265914475,-1.5416202837905644,1.999567528378714,0.04158066243329049,-1.5499865034331373,0.08957427689929665,0.054828180225854256,0.008366219642572892,0.1053549906744735
156,2.089743300333359,0.07579863266397563,-1.5515679440901737,1.9998834404599326,0.02159097572609596,-1.5599981121576436,0.08985985987342637,0.05420765693787967,0.008430168067469879,0.10528215528194922
157,2.090139745641825,0.055183459042005494,-1.561515604389783,1.9999993658636692,0.0015926529164868282,-1.56999999924253,0.0901403797781557,0.05359080612551866,0.00848439485274688,0.10521049150987932
158,2.0903311019731112,0.03456536177040804,-1.5714632646893925,1.9999152929974802,-0.018406306933053812,-1.580001169522415,0.09041580897563106,0.05297166870346185,0.008537904833022525,0.10513758612829607
159,2.090317350391528,0.01394638111566708,-1.5814109249890018,1.9996312302685817,-0.03839790450523538,-1.5900106265178413,0.0906861201229463,0.05234428562090246,0.008599701528839487,0.10506117973115087
160,2.090098492257864,-0.006671442568318267,-1.5913585852886112,1.9991472060830102,-0.058374143427580086,-1.600037388938299,0.09095128617485382,0.05170270085926182,0.008678803649687872,0.1049791758673705
161,2.089675653690207,-0.027232363594822482,-1.6013880238134177,1.998463268842781,-0.0783270334708653,-1.610090507194452,0.091212384847426,0.05109466987604282,0.008702483381034298,0.10490995022539056
162,2.089046625352668,-0.04778800975987929,-1.6114174623382242,1.997579486941048,-0.09824859374510869,-1.6201790799288849,0.09146713841162013,0.0504605839852294,0.00876161759066063,0.10482973761364586
163,2.0882114705184494,-0.06833631339583236,-1.6214469008630308,1.996495948755265,-0.11813085589181781,-1.6303122705732334,0.09171552176318443,0.049794542495985444,0.008865369710202575,0.10473694751507814
164,2.087170273194768,-0.08887520757360154,-1.6314763393878373,1.9952127626383473,-0.13796586727122728,-1.6404993239373136,0.09195751055642076,0.049090659697625744,0.009022984549476254,0.10463025789637728
165,2.085923138114407,-0.10940262631059268,-1.6415057779126438,1.9937300569078378,-0.15774569414324865,-1.6507495828327603,0.09219308120656944,0.048343067832655975,0.00924380492011645,0.10450868078411024
166,2.0844833727269205,-0.1297303906881746,-1.6518448586668901,1.9920479798330735,-0.17746242484086058,-1.6610725047296746,0.09243539289384706,0.04773203415268598,0.009227646062784478,0.10444040595312272
167,2.0828335176386976,-0.1500421830056772,-1.6621839394211364,1.9901666996203604,-0.19710817293466984,-1.671477678439753,0.0926668180183372,0.047065989928992635,0.00929373901861652,0.10434903044391843
168,2.0809737492120512,-0.17033583202108948,-1.6725230201753827,1.988086404396152,-0.21667508038737962,-1.6819748408132476,0.09288734481589933,0.04633924836629014,0.009451820637864872,0.10423397564839822
169,2.0789042662481156,-0.19060916843184028,-1.682862100929629,1.985807302188237,-0.236155320696897,-1.692573893429715,0.09309696405987866,0.045546152265056705,0.009711792500086025,0.10409522379476781
170,2.0766252899655937,-0.21086002510668728,-1.6932011816838752,1.9833296209049371,-0.2555411020268312,-1.7032849192537511,0.09329566906065656,0.04468107692014395,0.010083737569875906,0.10393345112906381
171,2.0741757006290085,-0.2307721689312943,-1.7040920355382159,1.980653608312316,-0.27482467032312397,-1.714118199216562,0.0935220923166924,0.044052501391829674,0.010026163678346078,0.10386302801417874
172,2.0715094006033823,-0.2506564542788519,-1.7149828893925565,1.977779532009403,-0.2939983124155676,-1.725084228672093,0.09372986859397936,0.043341858136715705,0.010101339279536603,0.10375857549440498
173,2.068626706137296,-0.270510522683714,-1.7258737432468971,1.9747076794014329,-0.3130543591029702,-1.7361937336623283,0.09391902673586294,0.04254383641925619,0.01031999041543119,0.10362076916552376
174,2.065527959145771,-0.2903320192642517,-1.7367645971012378,1.971438357671107,-0.33198518822073414,-1.7474576869099745,0.09408960147466416,0.04165316895648247,0.010693089808736733,0.10345134972264068
175,2.0622135271697184,-0.3101185930021646,-1.7476554509555784,1.9679718937478738,-0.35078322768961984,-1.7588873234378162,0.09424163342184455,0.04066463468745524,0.011231872482237781,0.10325334349907883
176,2.0587608481086233,-0.3294368206028939,-1.7593648503577735,1.964308634275237,-0.36944095854447706,-1.7704941556922353,0.09445221383338631,0.04000413794158314,0.01112930533446188,0.10317661163124435
177,2.0550822060697,-0.3487132959830554,-1.7710742497599685,1.960448945576091,-0.3879509179417303,-1.7822899880233805,0.0946332604936091,0.03923762195867492,0.011215738263411934,0.10305744880122215
178,2.0511781054259224,-0.3679453761746457,-1.7827836491621636,1.9563932136160893,-0.40630570214441675,-1.7942869303459041,0.09478489180983307,0.03836032596977107,0.011503281183740555,0.10289808453951439
179,2.0470490814625473,-0.3871304242966176,-1.7944930485643587,1.9521418439650484,-0.4244979694835826,-1.8064974107716563,0.09490723749749885,0.037367545186965,0.012004362207297614,0.10270258942553746
180,2.042695700303724,-0.4062658099164191,-1.8062024479665537,1.9476952617563903,-0.44252044329485246,-1.818934186968815,0.09500043854733375,0.036254633378433376,0.012731739002261211,0.10247721182590816
181,2.0382457662463382,-0.4248185540117774,-1.8190317158495544,1.9430539116446306,-0.46036591482899825,-1.8316103559602837,0.09519185460170765,0.03554736081722082,0.012578640110729289,0.10238811567080226
182,2.0335581867967276,-0.4433126834989019,-1.831860983732555,1.9382182577609126,-0.47802724613534286,-1.8445393620273418,0.09533992903581501,0.03471456263644096,0.012678378294786796,0.10225235549257214
183,2.0286337334735487,-0.4617451544686544,-1.8446902516155557,1.933188783666595,-0.4954973729168449,-1.8577350023321744,0.09544494980695362,0.03375221844819054,0.013044750716618703,0.10207407219801214
184,2.02347321678202,-0.4801129331601399,-1.8575195194985563,1.9279659923048962,-0.5127693073557238,-1.871211429814701,0.09550722447712379,0.03265637419558387,0.013691910316144584,0.10186038047754904
185,2.0180774860805246,-0.4984129964600271,-1.870348787381557,1.9225504059505998,-0.5298361409084934,-1.884983152854841,0.09552708012992484,0.03142314444846628,0.014634365473284117,0.10162185639902425
186,2.0126341671269756,-0.5160377018907738,-1.8846415744108749,1.9169425661578283,-0.5466910470692872,-1.899065031120944,0.0956916009691473,0.03065334517851337,0.014423456710069171,0.1015113105527598
187,2.006939506570255,-0.5335828095819335,-1.8989343614401928,1.911143033705888,-0.5633272841003701,-1.9134722669486295,0.09579647286436721,0.029744474518436648,0.0145379055084367,0.10135604902621059
188,2.000994667717236,-0.5510447354139342,-1.9132271484695107,1.9051523885431907,-0.5797381977287431,-1.928220391512157,0.09584227917404542,0.02869346231480896,0.014993243042646265,0.10116251575471462
189,1.994800864981284,-0.5684199122596175,-1.9275199354988286,1.898971229729261,-0.5959172238077642,-1.9433252449633298,0.09582963525202315,0.02749731154814672,0.015805309464501205,0.10094171061647554
190,1.9883593636341774,-0.5857047907129328,-1.9418127225281465,1.892600175374829,-0.6118578909427194,-1.958802949622059,0.09575918825934848,0.026153100229786563,0.016990227093912402,0.10070985356171124
191,1.981922851477823,-0.6022496941663673,-1.9579566885134279,1.886039862580021,-0.6275538230792937,-1.9746698752097716,0.09588298889780211,0.025304128912926438,0.016713186696343696,0.10056429341254719
192,1.9752200893132872,-0.618688535317374,-1.9741006544987092,1.8792909473706498,-0.6429987420539088,-1.9909425950243342,0.09592914194263735,0.024310206736534834,0.016841940525625043,0.10038444792940995
193,1.9682528240276977,-0.635017029842669,-1.9902446204839905,1.8723541046326122,-0.6581864701049049,-2.007637831866406,0.09589871939508554,0.023169440262235996,0.01739321138241534,0.10017939481687868
194,1.9610228714435094,-0.6512309221777239,-2.006388586469272,1.865230028044401,-0.6731109323435617,-2.024772392446539,0.09579284339910843,0.021880010165837738,0.018383805977266743,0.09996483388448692
195,1.9535321158452597,-0.6673259866258602,-2.0225325524545537,1.8579194300077386,-0.6877661591839738,-2.0423630889355304,0.09561268583752103,0.02044017255811359,0.019830536480976768,0.09976390391516014
196,1.9460964995972454,-0.6826508906667939,-2.0409469327729854,1.8504230415763365,-0.7021462887308055,-2.060426646274568,0.09567345802090887,0.019495398064011682,0.01947971350158273,0.09956375019783369
197,1.9383799613197465,-0.6978362819973936,-2.0593613130914172,1.8427416123827909,-0.7162455691239705,-2.078979593845187,0.09563834893695566,0.018409287126576968,0.019618280753769923,0.09935025203606371
198,1.9303851175351794,-0.712877011557888,-2.077775693409849,1.8348759105636196,-0.7300583608392996,-2.0980381401223296,0.09550920697155973,0.017181349281411684,0.020262446712480564,0.09913513063612826
199,1.922114679133742,-0.7277679793403926,-2.096190073728281,1.8268267226824504,-0.7435791389442745,-2.1176180290088564,0.09528795645129162,0.015811159603881908,0.021427955280575617,0.09893909581246953
200,1.9135714504542056,-0.74250413611822,-2.1146044540467126,1.8185948536513634,-0.7568024953079283,-2.137734376690414,0.0949765968028422,0.014298359189708343,0.023129922643701395,0.0987926633777589
201,1.9051218585659517,-0.7564792290436386,-2.1356995629640023,1.8101811266504018,-0.7697231407640244,-2.1584014880706035,0.09494073191554997,0.013243911720385748,0.022701925106601184,0.09851152814703175
202,1.8963793624145564,-0.7702729807593602,-2.156794671881292,1.8015863830452545,-0.7823359072266527,-2.179632652163961,0.09479297936930187,0.012062926467292456,0.022837980282668813,0.09824864617925157
203,1.8873478522981875,-0.7838792532235606,-2.1778897807985818,1.7928114823031196,-0.7946357497573974,-2.201439916254256,0.09453636999506787,0.010756496533836812,0.023550135455674415,0.0980175308274363
204,1.8780313471225036,-0.7972919918202673,-2.1989848897158715,1.7838573019067592,-0.8066177485832404,-2.22383383918308,0.09417404521574446,0.009325756762973092,0.024848949467208392,0.09784268404496627
205,1.8684339926122941,-0.8105052280535863,-2.220079998633161,1.774724737266751,-0.8182771110644103,-2.246823224830935,0.0937092553455432,0.007771883010823988,0.026743226197774028,0.09776004731185158
206,1.858944594786739,-0.8230064979190002,-2.244169459827148,1.7654147016319481,-0.8296091736113709,-2.270414837697643,0.09352989315479077,0.006602675692370719,0.026245377870494746,0.09736660669557225
207,1.849156830457051,-0.835275568330651,-2.2682589210211352,1.7559281259981563,-0.8406094035501944,-2.294613103481373,0.09322870445889464,0.005333835219543448,0.026354182460237574,0.09702877957792037
208,1.8390763792091582,-0.8473053198650101,-2.2923483822151223,1.746265959015033,-0.8512734009355746,-2.319419798686549,0.09281042019412533,0.003968081070564455,0.027071416471426524,0.09675939930447121
209,1.8287090904676209,-0.8590887719690902,-2.3164378434091093,1.7364291668912253,-0.8615969003107405,-2.3448337345377843,0.09227992357639558,0.002508128341650373,0.02839589112867502,0.09658261559947091
210,1.8180609801013607,-0.8706190870110785,-2.3405273046030963,1.7264187332977474,-0.8715757724135882,-2.3708504418018905,0.09164224680361333,0.0009566854025097049,0.030323137198794203,0.09653346205202966
211,1.8074972939797702,-0.8815190760313767,-2.3676788208471597,1.7162356592696177,-0.8812060258283252,-2.3974618644663783,0.09126163471015247,-0.00031305020305150144,0.029783043619218574,0.09599902946188162
212,1.796641586551708,-0.8921282626804286,-2.394830337091223,1.7058809631057523,-0.8904838085819884,-2.424656071515499,0.0907606234459557,-0.0016444540984401623,0.02982573442427583,0.0955498269570797
213,1.7855018602055357,-0.9024388262950181,-2.4219818533352866,1.6953556802671397,-0.8994054096851778,-2.4524169971891108,0.09014617993839602,-0.003033416609840356,0.030435143853824176,0.09519366236897023
214,1.7740863266968714,-0.91244316634475,-2.44913336957935,1.6846608632732913,-0.9079672606164054,-2.4807242209956297,0.08942546342358004,-0.004475905728344554,0.03159085141627971,0.09494698064612977
215,1.7624034010952163,-0.922133908034853,-2.4762848858234134,1.6737975815969954,-0.9161659367494548,-2.509552799257385,0.08860581949822088,-0.005967971285398166,0.03326791343397151,0.09483333799073436
216,1.750734980591045,-0.9312894760214248,-2.5061297634809665,1.6627669215573662,-0.9239981587231878,-2.5388731599736905,0.08796805903367888,-0.0072913172982369545,0.03274339649272395,0.09414708031572784
217,1.7387985500857905,-0.9400927759147677,-2.5359746411385196,1.6515699862112163,-0.9314607937532426,-2.5686510721830618,0.08722856387457423,-0.008631982161525054,0.03267643104454221,0.09354722132413279
218,1.7266047407685596,-0.9485359670504647,-2.5658195187960726,1.6402078952427481,-0.9385508568851079,-2.598847699706418,0.0863968455258115,-0.009985110165356859,0.033028180910345206,0.0930321346421318
219,1.7141644130630547,-0.9566115294951832,-2.5956643964536257,1.628681784851592,-0.9452655121880633,-2.6294197471130945,0.08548262821146269,-0.011346017307119927,0.033755350659468775,0.09260364751356352
220,1.7014886469547312,-0.9643122707443085,-2.6255092741111787,1.6169928076391802,-0.951602073889516,-2.6603197029822847,0.08449583931555105,-0.012710196854792466,0.03481042887110597,0.09226517178175807
221,1.688716850113264,-0.9715586414589314,-2.6571050884259257,1.6051421324934945,-0.957558007449271,-2.691496182110619,0.08357471761976942,-0.014000634009660451,0.034391093684693175,0.0914521651068251
222,1.6757225108636764,-0.9783979272813028,-2.6887009027406727,1.593130944472173,-0.9631309305733167,-2.722894364390203,0.08259156639150333,-0.015266996707986147,0.0341934616495303,0.09068429217379194
223,1.6625186003169985,-0.9848233011512648,-2.7202967170554198,1.5809604446840095,-0.9683186141667071,-2.7544565238654024,0.08155815563298896,-0.01650468698455776,0.03415980680998265,0.08995015199547145
224,1.649118298780935,-0.9908283491807178,-2.7518925313701668,1.5686318501688397,-0.9731189832251738,-2.7861226372410264,0.08048644861209531,-0.017709365955544065,0.03423010587085962,0.08923782942600689
225,1.6355349826031185,-0.9964070770560431,-2.7834883456849138,1.5561463937758424,-0.9775301176650971,-2.817831057161089,0.07938858882727606,-0.018876959390946024,0.0343427114761754,0.08853422763750501
226,1.62172734875152,-1.001574447608307,-2.8153894230521943,1.5435053240402514,-0.9815502530915156,-2.8495192322111245,0.0782220247112686,-0.020024194516791494,0.03412980915893016,0.08766126504449734
227,1.6077619234424194,-1.0062987853333372,-2.847290500419475,1.530709905058507,-0.9851777815038595,-2.881124453092601,0.07705201838391251,-0.02112100382947768,0.033833952673126166,0.08676316438032297
228,1.593652917786953,-1.0105752827808074,-2.8791915777867554,1.5177614163618436,-0.9884112519391305,-2.912584602987957,0.07589150142510936,-0.02216403084167695,0.0333930252012018,0.08582457913556164
229,1.5794146890025307,-1.0143995882192702,-2.911092655154036,1.5046611527883416,-0.9912493710522671,-2.9438388899030694,0.07475353621418912,-0.023150217167003162,0.03274623474903349,0.08483124201403809
230,1.5650617258030413,-1.017767810064445,-2.9429937325213165,1.49141042435344,-0.9936910036334646,-2.974828539761162,0.07365130144960119,-0.024076806430980313,0.03183480723984555,0.08377148539409485
231,1.5503640509887497,-1.0207257435405457,-2.973600488050185,1.4780105561189416,-0.9957351730622453,-3.0054974311418126,0.07235349486980813,-0.024990570478300334,0.031896943091627605,0.08292750937594097
232,1.535582741220429,-1.023232513759102,-3.0042072435790534,1.4644628880605028,-0.9973810616980933,-3.0357926556293995,0.0711198531599262,-0.025851452061008806,0.03158541205034604,0.08199981305797133
233,1.5207316421562245,-1.0252857726275542,-3.034813999107922,1.450768774933639,-0.9986280112074989,-3.0656649915020315,0.06996286722258538,-0.02665776142005527,0.0308509923941096,0.0809766803816698
234,1.5058246648259397,-1.0268835968575856,-3.0654207546367904,1.4369295861382525,-0.9994755228272839,-3.095069282657533,0.06889507868768718,-0.027408074030301655,0.02964852802074258,0.0798546780297176
235,1.4908757726005706,-1.0280244897666688,-3.096027510165659,1.4229467055816887,-0.9999232575641007,-3.1239647189303588,0.0679290670188819,-0.028101232202568105,0.02793720876469985,0.07864175119439305
236,1.475476947192916,-1.0287266254427556,-3.124044859003155,1.4088215315403523,-0.9999710363300244,3.1308702891621083,0.06665541565256383,-0.02875558911273124,0.028270159014322616,0.07790398084649697
237,1.460064495805434,-1.0289971077371116,3.1311230993389354,1.3945554765198755,-0.9996188400141854,3.1030967943149705,0.06550901928555852,-0.029378267722926177,0.02802630502396486,0.0770713175925514
238,1.4446505159870013,-1.0288357243426423,3.1031057505014394,1.3801499671138728,-0.9988668094904141,3.0759271557872387,0.0645005488731285,-0.02996891485222819,0.0271785947142007,0.07613890380740794
239,1.429247106486192,-1.0282426019324804,3.0750884016639435,1.3656064438612794,-0.9977152455608932,3.0493838894183343,0.06364066262491264,-0.03052735637158721,0.025704512245609212,0.07511840903640407
240,1.413866357754721,-1.0272182060605581,3.0470710528264475,1.350926361102302,-0.9961646088358407,3.023485121228019,0.06293999665241912,-0.031053597224717455,0.023585931598428367,0.07404097006770813
241,1.3979346564617894,-1.0257078153588417,3.0223600322118838,1.3361111868329818,-0.9942155195492712,2.998244789888664,0.06182346962880758,-0.03149229580957047,0.02411524232321982,0.07345373376901405
242,1.3820451386422845,-1.0238042372483698,2.99764901159732,1.3211624025584014,-0.9918687573109126,2.9736728934044856,0.06088273608388306,-0.031935479937457156,0.023976118192834406,0.07281096535201445
243,1.366207506490885,-1.0215086340605377,2.9729379909827562,1.3060815031445296,-0.9891252607943699,2.9497757684852686,0.06012600334635532,-0.0323833732661678,0.023162222497487672,0.0721131589484541
244,1.3504314305207004,-1.018822407498612,2.9482269703681925,1.2908699966687416,-0.9859861273616705,2.9265563918596627,0.05956143385195878,-0.03283628013694162,0.021670578508529825,0.07138206825686212
245,1.3347265436584228,-1.0157471977818462,2.9235159497536287,1.2755294042690073,-0.9824526126243325,2.904014693833692,0.05919713938941551,-0.03329458515751371,0.01950125591993679,0.07066208102763244
246,1.3183664313216714,-1.012121783548406,2.9022729166185868,1.2600612599917844,-0.9785261299411385,2.8821478756489345,0.058305171329886996,-0.03359565360726746,0.020125040969652286,0.0702365874679085
247,1.3020870192335232,-1.0081496750278074,2.881029883483545,1.2444671106386092,-0.974208249852809,2.8609507235309106,0.05761990859491406,-0.03394142517499843,0.020079159952634207,0.06982296809646334
248,1.2858956534703303,-1.0038326646319824,2.859786850348503,1.2287485156114235,-0.9695006994538089,2.8404159136590224,0.057147137858906794,-0.034331965178173496,0.019370936689480533,0.0694241484404964
249,1.2697996403775857,-0.9991727004096571,2.838543817213461,1.2129070467566294,-0.9644053617015306,2.820534303571183,0.05689259362095633,-0.03476733870812654,0.018009513642277764,0.06906430070156552
250,1.2538062432729389,-0.9941718851672958,2.817300784078419,1.1969442882079129,-0.9589242746631383,2.8012952066945758,0.056861955065026004,-0.03524761050415748,0.016005577383843228,0.06878847641473115
251,1.2370587829711623,-0.9885420686782368,2.7993242077061034,1.1808618362278254,-0.9530596307003675,2.7826866477405034,0.05619694674333697,-0.03548243797786932,0.016637559965599902,0.068512105716696
252,1.2204152280038436,-0.9826121160384683,2.7813476313337877,1.1646612990481637,-0.9468137755926088,2.764695597602315,0.05575392895567988,-0.0357983404458595,0.016652033731472837,0.06831772829995716
253,1.2038809567123963,-0.9763839435038578,2.763371054961472,1.1483442967091446,-0.9401892075986283,2.747308187147715,0.05553666000325164,-0.03619473590522948,0.016062867813757098,0.06820846893141871
254,1.1874613121233675,-0.9698595636996132,2.7453944785891564,1.1319124608974056,-0.9331885764572977,2.7305098999059307,0.05554885122596187,-0.036670987242315545,0.01488457868322568,0.06820547529654238
255,1.1711616002218466,-0.9630410849699055,2.7274179022168408,1.1153674347828333,-0.9258146823277321,2.71428574412675,0.05579416543901328,-0.03722640264217336,0.01313215809009094,0.06834652534559703
256,1.1540311172774895,-0.9555104623872598,2.7123397117398653,1.0987108728542532,-0.918070474669267,2.69862040504676,0.05532024442323635,-0.03743998771799284,0.013719306693105171,0.06819311915075851
257,1.1370161254787419,-0.9477224089412626,2.69726152126289,1.081944440753977,-0.9099590510617106,2.6834983784538204,0.05507168472476476,-0.037763357879551984,0.013763142809069429,0.06817907125171073
258,1.1201204931418034,-0.9396786952265558,2.6821833307859144,1.0650698151112423,-0.9014836559663549,2.6689040868100813,0.05505067803056107,-0.03819503926020085,0.013279243975833133,0.06830648941559275
259,1.1033480614467965,-0.9313811499615094,2.667105140308939,1.0480886833745522,-0.8926476794282345,2.654821979292142,0.05525937807224435,-0.038733470533274916,0.012283161016796829,0.06859122865970453
260,1.086702643564483,-0.9228316595724675,2.6520269498319635,1.0310027436429283,-0.8834546557201532,2.6412366171483908,0.055699899921554774,-0.03937700385231424,0.010790332683572768,0.06906126673525882
261,1.0691837973054492,-0.9134970853446676,2.639442182265892,1.0138137044961069,-0.8739082619290224,2.6281327457710297,0.05537009280934235,-0.03958882341564518,0.011309436494862268,0.0690001845720839
262,1.051783808659959,-0.9039427855064388,2.6268574146998205,0.9965232848236771,-0.8640123164850744,2.615495354844479,0.05526052383628177,-0.039930469021364434,0.011362059855341666,0.06911775643843467
263,1.034505433338763,-0.8941702732131814,2.614272647133749,0.979133213653199,-0.8537707776345435,2.603309727872266,0.05537221968556405,-0.04039949557863798,0.010962919261483073,0.06941460620538413
264,1.01735140779219,-0.8841810961795372,2.6016878795676774,0.9616452299772965,-0.8431877418564168,2.591561482308587,0.0557061778148934,-0.04099335432312046,0.010126397259090592,0.0699011964622519
265,1.0003244487767606,-0.873976836434271,2.589103112001606,0.9440610825797653,-0.8322674422239013,2.5802366014347324,0.056263366196995346,-0.04170939421036979,0.008866510566873487,0.07059642307401776
266,0.9824180193796703,-0.8629368814464256,2.5786349835134583,0.9263825298606904,-0.821014246711247,2.56932145902926,0.056035489518979964,-0.04192263473517854,0.009313524484198421,0.07059904480294812
267,0.9646281366388775,-0.8517100879613972,2.5681668550253107,0.9086113396606129,-0.8094326564466194,2.558802837787985,0.05601679697826456,-0.04227743151477781,0.009364017237325939,0.07080217212777991
268,0.9469567499824236,-0.840297686219225,2.557698726537163,0.8907492890837423,-0.7975273039117043,2.5486679423582137,0.05620746089868134,-0.042770382307520616,0.009030784178949425,0.07120491082990714
269,0.9294057958534647,-0.8287009267990328,2.5472305980490155,0.8727981643202526,-0.7853029510887806,2.538904407763251,0.05660763153321213,-0.04339797571025228,0.008326190285764312,0.07181318603308388
270,0.9119771974980746,-0.8169210804819911,2.536762469560868,0.8547597604676596,-0.7727644875559871,2.5295003039093875,0.05721743703041504,-0.044156592926003935,0.007262165651480412,0.07263868700019208
271,0.8936954308287679,-0.8042837856478489,2.5280869058807323,0.836635881351318,-0.759916928531561,2.5204441367892327,0.057059549477449956,-0.04436685711628785,0.007642769091499524,0.07268164910300702
272,0.8755239864282219,-0.7914883637449229,2.5194113422005966,0.8184283393440346,-0.7467654128678123,2.5117248469228364,0.05709564708418735,-0.044722950877110645,0.007686495277760219,0.07293241707754895
273,0.8574642319689837,-0.7785357778197868,2.510735778520461,0.800138955184839,-0.7333152009956565,2.503331805511806,0.057325276784144674,-0.045220576824130276,0.007403973008655029,0.07338873716721632
274,0.8395175267172643,-0.7654270027479534,2.5020602148403253,0.7817695577969044,-0.7195716728205074,2.495254808721464,0.05774796892035994,-0.04585532992744601,0.006805406118861157,0.07405304011061542
275,0.8216852214306339,-0.7521630251605016,2.4933846511601896,0.7633219841046635,-0.7055403255703919,2.4874840704519436,0.058363237325970485,-0.04662269959010967,0.0059005807082459505,0.07493170517832683
276,0.8030514395451963,-0.738050159683873,2.486234386835045,0.7447980788501106,-0.6912267715971265,2.480010213910566,0.05825336069508569,-0.046823388086746465,0.006224172924478744,0.07499749351003432
277,0.7845190438543839,-0.723804419644316,2.4790841225099003,0.7261996944083366,-0.6766367361314569,2.4728242622546763,0.05831934944604722,-0.04716768351285905,0.006259860255223959,0.07526700962702276
278,0.7660889818466096,-0.7094265333704204,2.4719338581847556,0.7075286906022854,-0.6617760549930369,2.4659176285357978,0.05856029124432416,-0.047650478377383454,0.0060162296489578715,0.07573685245243927
279,0.747762195778368,-0.6949172359468927,2.464783593859611,0.68878693451678,-0.6466506722561834,2.4592821051422575,0.05897526126158803,-0.04826656369070925,0.005501488717353453,0.07640686480604361
280,0.7295396226260616,-0.680277269176974,2.4576333295344663,0.6699763003118093,-0.631266637872321,2.452909852907744,0.05956332231425232,-0.049010631304652996,0.004723476626722345,0.07727963882831837
281,0.7105858357764065,-0.6648255564452366,2.451793425630603,0.65109866903512,-0.6156301052500863,2.446793390027349,0.05948716674128651,-0.04919545119515023,0.005000035603254016,0.07735577406524893
282,0.6917226081349253,-0.6492634195343894,2.44595352172674,0.6321559284341076,-0.5997473287940437,2.440925580900035,0.05956667970081764,-0.049516090740345686,0.005027940826704658,0.07762288813064605
283,0.6729505830203142,-0.633591389181474,2.4401136178228766,0.6131499727670459,-0.5836246614030073,2.435299624996844,0.05980061025326833,-0.04996672777846667,0.004813992826032454,0.07807663798140764
284,0.6542704006408638,-0.6178099998713794,2.4342737139190134,0.5940827026136648,-0.5672685519289687,2.4299090458371793,0.06018769802719903,-0.05054144794241067,0.004364668081834111,0.07871497495008994
285,0.6356826980726253,-0.6019197898186145,2.42843381001515,0.5749560246850888,-0.5506855425976376,2.4247476801408347,0.06072667338753657,-0.051234247220976914,0.0036861298743153803,0.07953781806453483
286,0.6164471039600905,-0.5852803045585088,2.4237345086301185,0.5557718516331736,-0.5338822663916443,2.419809667210888,0.06067525232691695,-0.0513980381668645,0.003924841419230329,0.07961563258872975
287,0.5972899159094774,-0.568550609505194,2.419035207245087,0.5365321018592358,-0.5168654443974288,2.4150894385917674,0.06075781405024161,-0.05168516510776522,0.003945768653319526,0.07986511973725581
288,0.5782115569764961,-0.5517310741070984,2.4143359058600553,0.5172386993222217,-0.4996418831169025,2.410581708037644,0.060972857654274404,-0.05208919099019593,0.003754197822411154,0.08028117581246126
289,0.559212448476042,-0.5348220697966302,2.4096366044750237,0.49789357334630513,-0.48221847174493154,2.4062814618184905,0.06131887512973688,-0.05260359805169862,0.00335514265653325,0.08086037322079724
290,0.5402930099728923,-0.5178239699819744,2.404937303089992,0.47849865842796485,-0.4646021794137574,2.402183949384547,0.06179435154492746,-0.05322179056821702,0.0027533537054451607,0.08160074650867186
291,0.520818016338922,-0.5001606377945645,2.4012468478815427,0.4590558940425284,-0.44680005240543,2.398284674404404,0.06176212229639361,-0.05336058538913452,0.0029621734771385633,0.08167426948148639
292,0.50140834091255,-0.482425554460989,2.3975563926730934,0.4395672244502339,-0.42881921133339584,2.394579386187274,0.06184111646231616,-0.05360634312759316,0.0029770064858194445,0.08189521522308624
293,0.48206424804276765,-0.46461896152322546,2.393865937464644,0.4200345985017983,-0.41066684829434086,2.3910640714961615,0.062029649540969345,-0.0539521132288846,0.002801865968482531,0.0822578774157418
294,0.462786001185368,-0.4467411014971726,2.3901754822561947,0.40045996944354106,-0.39235022399145386,2.387734946755494,0.06232603174182694,-0.05439087750571875,0.002440535500700669,0.08275782743677786
295,0.44357386289935824,-0.4287922178693473,2.3864850270477453,0.3808452947220541,-0.373876664830236,2.3845884506541766,0.06272856817730416,-0.054915553039111276,0.0018965763935687718,0.08339177557279123
296,0.42390469160385025,-0.41027993709858557,2.383703463581865,0.36119253578846583,-0.35525355998804264,2.381621237142953,0.06271215581538442,-0.05502637711054292,0.0020822264389122047,0.08345688906176434
297,0.4042870894168807,-0.39171301696568905,2.3809219001159847,0.34150365790229065,-0.3364883584585042,2.3788301688233062,0.06278343151459004,-0.05522465850718483,0.002091731292678478,0.08364148205157038
298,0.38472120812160965,-0.37309160112459594,2.3781403366501044,0.3217806299349115,-0.31758856607203484,2.3762123107238504,0.06294057818669813,-0.0555030350525611,0.0019280259262539623,0.08393938626469694
299,0.365207199101028,-0.3544158336508826,2.375358773184224,0.3020254241726877,-0.2985617424935936,2.373764924459197,0.06318177492834032,-0.05585409115728901,0.0015938487250268807,0.0843454594857392
300,0.3457452133367862,-0.33568585904064885,2.3725772097183437,0.2822400161197344,-0.27941549819892586,2.371485462765573,0.06350519721705178,-0.05627036084172299,0.0010917469527709223,0.08485549772550531
301,0.32592895894451446,-0.3165084835087261,2.3706314513218816,0.2624263843003676,-0.260157491430468,2.3693715644070066,0.06350257464414688,-0.05635099207825811,0.001259886914874997,0.08490935525416282
302,0.30615005658007804,-0.2972925866602907,2.3686856929254194,0.2425865100612595,-0.2407954251341592,2.3674210494456176,0.06356354651881854,-0.05649716152613149,0.0012646434798018191,0.08505206070220055
303,0.28640858112589784,-0.2780382412462388,2.3667399345289573,0.22272237737329917,-0.22133704387835867,2.365631914869418,0.06368620375259867,-0.05670119736788015,0.0011080196595392167,0.08527711321881586
304,0.26670460732269735,-0.25874552016303215,2.364794176132495,0.20283597263320371,-0.2017901307561289,2.364002330571082,0.06386863468949364,-0.056955389406903256,0.000791845561413318,0.08557888699314281
305,0.24703820976921978,-0.23941449645242152,2.362848417736033,0.1829292844648735,-0.182162504272095,2.3625306356712543,0.06410892530434628,-0.05725199218032653,0.0003177820647786156,0.08595257935475302
306,0.2271232077569291,-0.21976277245368353,2.361688567735912,0.16300430352053824,-0.16246201521515416,2.3612153351802236,0.06411890423639086,-0.05730075723852937,0.0004732325556884298,0.08599322420770197
307,0.2072310121869572,-0.2000879632632973,2.360528717735791,0.14306302228168652,-0.14269654351825772,2.360055096992098,0.06416798990527067,-0.057391419745039585,0.00047362074369328155,0.08609024512360906
308,0.18736164981931738,-0.1803900953488367,2.3593688677356703,0.1231074348598263,-0.12287399510655006,2.3590487492060004,0.06425421495949109,-0.05751610024228665,0.0003201185296699549,0.08623693178107796
309,0.1675151473833066,-0.16066919520889544,2.3582090177355495,0.10313953679706928,-0.10300229873509785,2.3581952777692634,0.06437561058623734,-0.057666896473797594,1.3739966286063776e-05,0.08642737052610842
310,0.14769153157746942,-0.14092528937305135,2.3570491677354286,0.08316132486658098,-0.0830894028174964,2.3574938244380585,0.06453020671088844,-0.05783588655555495,-0.00044465670262994195,0.08665641967794543
311,0.12772692380964148,-0.12099477907501542,2.356645995261432,0.06317479687290779,-0.06314327224661277,2.356943685051464,0.06455212693673369,-0.05785150682840265,-0.00029768979003197416,0.08668253891980776
312,0.10777035309734469,-0.10105622121672414,2.356242822787435,0.04318195145219192,-0.04317188520872868,2.3565443081154838,0.06458840164515277,-0.05788433600799546,-0.00030148532804874506,0.08673147569115333
313,0.08782182268448051,-0.08110961903915102,2.3558396503134382,0.02318478787231655,-0.02318322999237945,2.356295293694157,0.06463703481216396,-0.057926389046771574,-0.00045564338071857335,0.0867964309646268
314,0.0678813358136435,-0.061154975784577195,2.3554364778394414,0.0031853058329736565,-0.0031853017931379904,2.356196392605459,0.06469602998066984,-0.05796967399143921,-0.0007599147660175554,0.0868713811815208
315,0.04794889572612075,-0.041192294696590845,2.3550333053654446,-0.016814494734297237,0.016813900484349713,2.3562475059203347,0.06476339046041799,-0.05800619518094056,-0.001214200554890077,0.08695107651021594
316,0.027984317784866,-0.02118129770341257,2.3553767672914434,-0.03681261386610762,0.03680637742582691,2.3564486847638113,0.06479693165097361,-0.05798767512923948,-0.0010719174723679004,0.08696184120257995
317,0.00801286800574958,-0.0011771589628005036,2.355720229217442,-0.05680705176720758,0.05678413230707805,2.3568001304177795,0.06481991977295716,-0.057961291269878555,-0.0010799012003372965,0.08696148269002084
318,-0.011965451255274599,0.018820119165435256,2.356063691143441,-0.07679580901047076,0.07673917429251892,2.3573021947256567,0.06483035775519616,-0.05791905512708366,-0.0012385035822157775,0.08694323507095902
319,-0.03195063764144226,0.03881053432229392,2.3564071530694397,-0.0967768867368283,0.09666352163141724,2.357955380799775,0.06482624909538603,-0.05785298730912332,-0.0015482277303351388,0.08690113763047985
320,-0.051942688795179034,0.058794084149584314,2.3567506149954385,-0.11674828685516017,0.11654920485049365,2.358760344032969,0.06480559805998114,-0.05775512070090934,-0.0020097290375304944,0.08683005538344848
321,-0.07185734544924174,0.07868660304370137,2.3578493491955683,-0.13670801224209556,0.13638826994159764,2.359717893416455,0.06485066679285381,-0.05770166689789627,-0.0018685442208865588,0.08682501254695527
322,-0.0917938466690893,0.09855722902058055,2.358948083395698,-0.1566540669417306,0.1561727815432119,2.3608289931666846,0.0648602202726413,-0.057615552522631355,-0.0018809097709864275,0.08677521470944473
323,-0.11175216838704405,0.11840593809206991,2.360046817595828,-0.1765844563652152,0.175894826114484,2.3620947646644646,0.06483228797817114,-0.0574888880224141,-0.0020479470686365353,0.08667405550529016
324,-0.1317322865090863,0.13823270629647597,2.361145551795958,-0.19649718749021736,0.19554651510054424,2.363516488710183,0.06476490098113105,-0.05731380880406828,-0.0023709369142252967,0.0865158160140459
325,-0.15173417691488336,0.15803750969859262,2.3622442859960877,-0.21639026906021674,0.21511998808781552,2.365095608099521,0.06465609214533338,-0.057082478389222896,-0.002851322103433418,0.08629571037021173
326,-0.17154895589376856,0.17761397677497384,2.364126047573047,-0.23626171178363561,0.23460741594808077,2.366833730524539,0.06471275588986705,-0.056993439173106925,-0.002707682951491819,0.08627470330639196
327,-0.19140053801215015,0.19715312252323675,2.3660078091500063,-0.25610952853275937,0.2540010039700232,2.3687326318054684,0.06470899052060922,-0.05684788144678643,-0.0027248226554621446,0.08617632933519447
328,-0.2112888529750679,0.2166548777547663,2.3678895707269656,-0.27593173454245457,0.2732929949770132,2.3707942594589726,0.06464288156738668,-0.0566381172222469,-0.002904688732006999,0.08599427699821663
329,-0.2312138303574896,0.23611917341334823,2.369771332303925,-0.29572634760863703,0.29247567242986966,2.373020736608938,0.06451251725114743,-0.05635649901652143,-0.0032494043050133037,0.08572326692220855
330,-0.25117539960456053,0.2555459405754136,2.371653093880884,-0.3154913882864973,0.3115413635133787,2.3754143662461753,0.06431598868193678,-0.05599542293796511,-0.003761272365291113,0.08535912932980579
331,-0.2708404393774755,0.2746122008335798,2.3743661554568893,-0.33522488008843665,0.3304824422053109,2.3779776358435334,0.06438444071096117,-0.05587024137173113,-0.0036114803866440504,0.08532222961914372
332,-0.2905571346508206,0.2936250385229018,2.3770792170328945,-0.35492484968172117,0.34929133232673576,2.3807132223330263,0.06436771503090055,-0.05566629380383398,-0.003634005300131804,0.08517713894394065
333,-0.31032534029594466,0.31258431369561185,2.3797922786088996,-0.37458932708580633,0.3679605105723846,2.3836239974514886,0.06426398678986167,-0.055376196876772754,-0.003831718842588927,0.08491799130897565
334,-0.330144910805044,0.33148988679819974,2.382505340184905,-0.3942163458693397,0.38648250951987934,2.3867130334610547,0.06407143506429569,-0.054992622721679596,-0.004207693276149893,0.08454017996026154
335,-0.35001570029223367,0.35034161867243996,2.38521840176091,-0.4138039433467995,0.4048499206165983,2.389983609250355,0.06378824305456582,-0.054508301944158344,-0.004765207489445089,0.08404047914690493
336,-0.36948137054971597,0.36870891968266334,2.388833983652929,-0.43335016077475924,0.42305539714299684,2.3934392168216947,0.06386879022504327,-0.0543464774603335,-0.004605233168765821,0.08398791668862743
337,-0.38901332191175864,0.3870057210688069,2.392449565544948,-0.4528530435477663,0.44109165715120235,2.3970835681686076,0.06383972163600765,-0.05408593608239548,-0.004634002623659761,0.08379900071473405
338,-0.4086112990485256,0.40523178364743156,2.3960651474369667,-0.472310641393794,0.4589514863776903,2.400920602546995,0.06369934234526836,-0.05371970273025872,-0.004855455110028384,0.0834684857953741
339,-0.4282750457670643,0.42338686915982565,2.3996807293289857,-0.49172100856927403,0.47662774112889944,2.404954494141537,0.06344596280220971,-0.05324087196907379,-0.005273764812551374,0.08299273003838825
340,-0.44800430501465477,0.4414707402751193,2.4032963112210046,-0.5110822040536624,0.49411335113860816,2.409189660127124,0.06307789903900768,-0.05264261086348887,-0.005893348906119478,0.082369881552842
341,-0.4672213215430611,0.4589576551490842,2.407912135823957,-0.5303922917435467,0.5114013223959523,2.4136307691226384,0.06317097020048562,-0.05244366724686805,-0.005718633298681386,0.08230195913327733
342,-0.4865188495998054,0.4763556816739952,2.4125279604269094,-0.549649340646248,0.5284847399429308,2.4182827500314454,0.06313049104644264,-0.052129058268935546,-0.005754789604536015,0.08207323083176102
343,-0.5058964780356349,0.4936644491709973,2.417143785029862,-0.5688514250729251,0.5453567706403021,2.42315080125933,0.06295494703729021,-0.0516923214693048,-0.006007016229468309,0.08167928561964202
344,-0.5253537939946942,0.5108835888629703,2.4217596096328142,-0.5879966248311352,0.5620106659007431,2.4282404002962408,0.06264283083644107,-0.05112707703777286,-0.00648079066342655,0.081117833484706
345,-0.5448903829233216,0.5280127338823859,2.4263754342357666,-0.6070830254168587,0.5784397643882002,2.433557313642975,0.062192642493537065,-0.05042703050581432,-0.007181879407208491,0.08038898915761365
346,-0.5638098976022049,0.5444470049198408,2.4321204867006534,-0.6261087182059404,0.5946374946823286,2.439107607057674,0.06229882060373548,-0.050190489762487855,-0.0069871203570204266,0.080305965918469
347,-0.582823515286675,0.5607723117398004,2.43786553916554,-0.645071800644958,0.6105973779069791,2.4448976560896263,0.06224828535828297,-0.049825066167178744,-0.007032116924086118,0.08004271932564501
348,-0.6019306084220689,0.5769881155167456,2.443610591630427,-0.6639703764414682,0.6263130303216559,2.4509341568591303,0.062039768019399255,-0.0493249148049103,-0.007323565228703366,0.07959594615350463
349,-0.6211305463685165,0.5930938810393642,2.4493556440953137,-0.6828025557536419,0.6417781658749337,2.4572241370319414,0.061672009385125404,-0.048684284835569525,-0.007868492936627725,0.07896524243389379
350,-0.6404226954217547,0.6090890767282157,2.4551006965602005,-0.7015664553792397,0.6569865987187891,2.463774966924827,0.061143759957485,-0.0478975219905734,-0.008674270364626313,0.07815353453897425
351,-0.6589963516196609,0.6243093606540023,2.4621411677890195,-0.7202601989439371,0.671932245682862,2.4705943706648235,0.061263847324276255,-0.047622885028859696,-0.008453202875803978,0.07805545981098133
352,-0.677676704573594,0.6393985011482803,2.4691816390178385,-0.7388819170889542,0.6866091287076386,2.477690437308543,0.06120521251536026,-0.04721062755935823,-0.008508798290704611,0.07776452302914708
353,-0.6964628283352514,0.6543557502720754,2.4762221102466575,-0.7574297476579961,0.7010113772355988,2.4850716318091606,0.06096691932274467,-0.04665562696352343,-0.008849521562503071,0.07727888981442939
354,-0.71535379171348,0.6691803666240086,2.4832625814754765,-0.7759018358834606,0.715133230559358,2.4927468056970676,0.06054804416998061,-0.045952863935349364,-0.00948422422159112,0.07660079546425136
355,-0.7343486583204332,0.6838716153770463,2.4903030527042955,-0.7942963345719204,0.7289690401258765,2.5007252073153747,0.059947676251487225,-0.04509742474883016,-0.010422154611079204,0.07573719636787966
356,-0.7525285930755707,0.6977291119734048,2.498849130815407,-0.8126114042888336,0.7425132717958018,2.509016491422985,0.060082811213262866,-0.04478415982239703,-0.010167360607578058,0.0756236761603872
357,-0.7708262897516588,0.7114307372773249,2.507395208926518,-0.8308452135424925,0.7557605080570542,2.5176307279456003,0.060018923790833734,-0.04432977077972933,-0.010235519019082151,0.07531378120890787
358,-0.7892404119763005,0.7249754905905124,2.5159412870376294,-0.8489959389671652,0.7687054501917557,2.5265784096181902,0.05975552699086473,-0.04372995960124337,-0.01063712258056082,0.07480762494208874
359,-0.807769614873958,0.7383623826718202,2.5244873651487407,-0.8670617655054355,0.78134292039565,2.5358704582208973,0.059292150631477414,-0.042980537723829815,-0.01138309307215657,0.07411113652768216
360,-0.8264125451641763,0.7515904358094972,2.533033443259852,-0.8850408865897049,0.7936678638491532,2.545518229063543,0.05862834142552864,-0.04207742803965597,-0.012484785803691167,0.07323702782954011
361,-0.844151306956744,0.7639503867589628,2.5433458912281934,-0.9029315043228463,0.8056753507392133,2.5555335133215724,0.058780197366102294,-0.041724963980250496,-0.01218762209337898,0.07310692411695462
362,-0.862016584621208,0.7761267536792825,2.553658339196535,-0.9207318296579966,0.8173605782311729,2.565928537768054,0.0587152450367886,-0.0412338245518904,-0.01227019857151923,0.07278918916907043
363,-0.8800064782631699,0.7881182416669158,2.5639707871648763,-0.9384400825774543,0.8287188723898353,2.5767159613820527,0.05843360431428435,-0.04060063072291953,-0.01274517421717647,0.07228649108985306
364,-0.8981190747358654,0.7999235754793903,2.5742832351332177,-0.9560544922706857,0.83974569004898,2.5879088682432516,0.057935417534820344,-0.03982211456958973,-0.013625633110033952,0.07160985470852983
365,-0.916352447843619,0.8115414996709187,2.584595683101559,-0.9735732973113987,0.8504366206285644,2.5995207560461813,0.05722084946777972,-0.03889512095764569,-0.014925072944622197,0.07078003850328488
366,-0.9336027841238281,0.8222845600209177,2.596989608628105,-0.9909947458336898,0.8607873878989016,2.6115655194852865,0.057391961709861716,-0.03850282787798398,-0.014575910857181462,0.07063117017878433
367,-0.950984940795297,0.8328130013543974,2.609383534154651,-1.008317095707223,0.870793851691091,2.6240574276749693,0.05733215491192589,-0.03798085033669363,-0.014673893520318337,0.0703195856798732
368,-0.9684962478297222,0.8431252064246096,2.621777459681197,-1.0255386147114476,0.8804520095530344,2.637011094678,0.05704236688172537,-0.037326803128424735,-0.01523363499680297,0.06985116667940026
369,-0.9861340153603453,0.8532195912003014,2.634171385207743,-1.042657580708813,0.8897579983503596,2.650441442122924,0.0565235653484677,-0.03653840715005818,-0.01627005691518102,0.06924365233571342
370,-1.003895534095137,0.863094605109034,2.646565310734289,-1.0596722818169868,0.8987080958116269,2.664363652799013,0.05577674772184982,-0.0356134907025929,-0.017798342064724082,0.06852844144370625
371,-1.0206099985304855,0.8721181293780971,2.661405615375738,-1.0765810165800351,0.9072987220171839,2.678793114029098,0.055971018049549626,-0.035180592639086794,-0.017387498653359756,0.06835754581142425
372,-1.0374565293813776,0.8808926213796232,2.6762459200171875,-1.0933820941385743,0.9155264408310896,2.693745349540943,0.05592556475719679,-0.034633819451466374,-0.017499429523755605,0.0680690845895923
373,-1.0544314165262167,0.8894161487019749,2.691086224658637,-1.1100738343988477,0.9233879612755189,2.709235938492216,0.05564241787263091,-0.03397181257354398,-0.018149713833579106,0.0676725559476313
374,-1.0715309215754234,0.8976868342036164,2.7059265293000863,-1.12665456820074,0.9308801388471135,2.7252804202598746,0.05512364662531666,-0.033193304643497124,-0.019353890959788345,0.06719363798539389
375,-1.0887512786947418,0.9057028564265176,2.7207668339415356,-1.1431226374846875,0.9379999767747388,2.7418941835904724,0.0543713587899457,-0.03229712034822119,-0.02112734964893681,0.06667618422376104
376,-1.1048816594236774,0.9129222248293519,2.738444965973458,-1.1594763954574863,0.9447446272181542,2.7590923387340904,0.05459473603380882,-0.031822402388802296,-0.020647372760632443,0.06647980519159649
377,-1.1211371380148178,0.9198553250283423,2.7561230980053804,-1.1757142067569655,0.9511113924071088,2.776889571263257,0.05457706874214763,-0.03125606737876652,-0.020766473257876505,0.06623325895682017
378,-1.1375126344975912,0.9264999903727328,2.7738012300373027,-1.1918344476155285,0.9570977257204172,2.7952999764232915,0.05432181311793727,-0.030597735347684396,-0.02149874638598881,0.0659490476428288
379,-1.1540030313948488,0.9328541443500281,2.791479362069225,-1.2078355060225212,0.9627012327045702,2.814336873086924,0.05383247462767238,-0.029847088354542084,-0.02285751101769895,0.06566010826755513
380,-1.170603175322119,0.9389158012349216,2.8091574941011475,-1.2237157818854385,0.9679196720314864,2.834012596709942,0.0531126065633194,-0.029003870796564857,-0.02485510260879442,0.06542132391527616
381,-1.1860999709024715,0.9442660389880935,2.830032910247632,-1.2394736871899266,0.9727509563950139,2.8543382711218332,0.05337371628745502,-0.028484917406920385,-0.02430536087420121,0.06519888555211636
382,-1.201705070313186,0.9492916324511999,2.8509083263941166,-1.2551076461585875,0.9771931533458231,2.875323559550972,0.053402575845401534,-0.027901520894623277,-0.024415233156855454,0.0650110266436439
383,-1.2174116733641929,0.9539903916355799,2.871783742540601,-1.2706160954085512,0.9812444860643621,2.896976395989684,0.05320442204435838,-0.02725409442878224,-0.025192653449082947,0.06487037826321639
384,-1.2332129356334685,0.9583602689762226,2.892659158687086,-1.2859974841078177,0.9849033340715609,2.9193026988581225,0.05278454847434921,-0.026543065095338325,-0.02664354017103676,0.06481219865998945
385,-1.2491019714496088,0.9623993602240288,2.9135345748335704,-1.3012502741303347,0.9881682338770005,2.9423060699269263,0.0521483026807259,-0.025768873652971647,-0.02877149509335597,0.06489436995402935
386,-1.2639147461763904,0.9658373446141263,2.937821564063937,-1.3163729402098099,0.9910378795642899,2.9659874825973085,0.05245819403341945,-0.02520053495016361,-0.02816591853337158,0.06465483779154368
387,-1.278806642483627,0.9689145927593766,2.9621085532943034,-1.3313639700922384,0.993511123313416,2.990344964890073,0.052557327608611315,-0.02459653055403932,-0.028236411595769617,0.0645333784987304
388,-1.2937688767012143,0.9716292896100388,2.98639554252467,-1.3462218646871233,0.9955869758598548,3.01537328382298,0.05245298798590903,-0.02395768624981598,-0.0289777412983101,0.06453678152686516
389,-1.3087926236717191,0.9739798339595857,3.0106825317550365,-1.360945138217388,0.9972646068902659,3.0410636392016177,0.05215251454566894,-0.02328477293068021,-0.03038110744658118,0.0646921719650087
390,-1.3238690219557114,0.9759648393891416,3.034969520985403,-1.3755323183679475,0.998543345374605,3.067403376135589,0.051663296412236104,-0.022578505985463404,-0.03243385515018593,0.06504490824513028
391,-1.3379494854709704,0.9774718576926428,3.062564542934131,-1.389981946432944,0.9994226798345278,3.0943757267243446,0.05203246096197356,-0.02195082214188504,-0.031811183790213526,0.06481640996382565
392,-1.3520661692193556,0.9785898008574335,3.090159564882859,-1.4042925774616108,0.9999022585479752,3.1219595922240613,0.05222640824225522,-0.021312457690541686,-0.03180002734120224,0.06475384397546638
393,-1.3662083242367307,0.9793178176403183,3.117754586831587,-1.4184627804027723,0.9999818896898556,-3.1330559296913743,0.05225445616604163,-0.02066407204953724,-0.03237479065662541,0.06485105344508717
394,-1.3803651821641945,0.9796553537024432,-3.1378356983992712,-1.432491138247941,0.9996615414087742,-3.1043304177311337,0.052125956083746594,-0.020006187706331002,-0.033505280668137516,0.06511502650568682
395,-1.3945259634475073,0.97960215203139,-3.1102406764505433,-1.4463762481730242,0.9989413418397719,-3.0750839964195906,0.05185028472551689,-0.019339189808381896,-0.035156680030952625,0.06556255363666501
396,-1.4078359054954384,0.9791847222532395,-3.079944363375316,-1.460116721678599,0.9978215790530742,-3.045356048786323,0.05228081618316072,-0.018636856799834733,-0.03458831458899292,0.06539852963379318
397,-1.421127094986356,0.9783643035458165,-3.0496480503000885,-1.4737111847287665,0.9963027009388654,-3.0151903723094278,0.05258408974241058,-0.01793839739304892,-0.034457677990660684,0.06537739798720117
398,-1.4343873333146395,0.9771416488864422,-3.019351737224861,-1.4871582778885493,0.9943853150281404,-2.9846349301467145,0.05277094457390974,-0.017243666141698255,-0.034716807078146505,0.06547803682862101
399,-1.4476044502815333,0.9755178804231386,-2.9890554241496337,-1.5004566564598378,0.992070188249698,-2.953741503402485,0.05285220617830455,-0.016552307826559365,-0.035313920747148675,0.06568415022541656
400,-1.460766315264911,0.9734944884447259,-2.9587591110744063,-1.5136049906158564,0.9893582466233818,-2.9225652469480483,0.05283867535094533,-0.01586375817865593,-0.036193864126357944,0.06598166591403047
401,-1.473289016762768,0.9711790607684803,-2.9269420748613517,-1.5266019655341467,0.9862505748896836,-2.891164155538977,0.05331294877137882,-0.015071514121203333,-0.03577791932237462,0.065950591776296
402,-1.4857317226637878,0.9684664369484351,-2.895125038648297,-1.5394462815280487,0.9827484160758617,-2.859598451199729,0.05371455886426091,-0.01428197912742657,-0.03552658744856796,0.0659648935231396
403,-1.4980818379833036,0.965359362806576,-2.8633080024352426,-1.5521366541766646,0.9788531709987472,-2.827929906773413,0.054054816193360944,-0.013493808192171275,-0.0353780956618297,0.06599708831367274
404,-1.5103268614603902,0.9618609834426494,-2.831490966222188,-1.5646718144533056,0.9745663977044351,-2.7962211238571486,0.05434495299291542,-0.01270541426178573,-0.035269842365039494,0.06602093037681694
405,-1.5224543982121204,0.9579748400505722,-2.7996739300091336,-1.57705050885239,0.9698898108450863,-2.7645347857899107,0.0545961106402697,-0.01191497079451409,-0.03513914421922282,0.06601106939398903
406,-1.534200240087769,0.9537945282856679,-2.7679019566631555,-1.5892714995147947,0.964825280993091,-2.732932907721797,0.05507125942702573,-0.011030752707423042,-0.03496904894135833,0.06616158631739573
407,-1.5458073595837791,0.9492432004766783,-2.7361299833171775,-1.6013335643516353,0.9593748338928642,-2.7014761059532435,0.05552620476785619,-0.010131633416185837,-0.034653877363933994,0.06623217215188133
408,-1.5572640407827596,0.9443254506127192,-2.7043580099711995,-1.613235497166481,0.9535406496505743,-2.6702229076755954,0.055971456383721474,-0.00921519903785506,-0.034135102295604014,0.06620369349026888
409,-1.568558719615731,0.9390462425395731,-2.6725860366252214,-1.6249761077759686,0.9473250618621301,-2.639229120063048,0.05641738816023767,-0.008278819322556918,-0.03335691656217321,0.06606167132864754
410,-1.5796799955345888,0.9334109049493153,-2.6408140632792434,-1.6365542221288205,0.940730556679773,-2.608547274546721,0.05687422659423169,-0.007319651730457677,-0.03226678873252231,0.06579818088105804
411,-1.5906753072393016,0.9273930182600403,-2.6106096154568363,-1.6479686824232516,0.9337597718176508,-2.578226158302969,0.057293375183949946,-0.006366753557610516,-0.03238345715386748,0.06611924597323059
412,-1.6014838644583838,0.9210458196235882,-2.5804051676344293,-1.6592183472227418,0.926415495496766,-2.54831044080868,0.057734482764358,-0.005369675873177826,-0.03209472682574921,0.06627348948916455
413,-1.6120958072010398,0.9143750992040728,-2.5502007198120222,-1.670302091570187,0.9187006653297247,-2.518840399062686,0.0582062843691471,-0.004325566125651936,-0.03136032074933626,0.06625822047014736
414,-1.6225014548359293,0.9073869422948964,-2.519996271989615,-1.681218807100389,0.9106183671457304,-2.4898517410274974,0.05871735226445973,-0.0032314248508340526,-0.030144530962117777,0.06608223899385764
415,-1.6326913149222186,0.9000877237675059,-2.489791824167208,-1.691967402150893,0.9021718337562933,-2.4613755232435177,0.05927608722867439,-0.002084109988787386,-0.028416300923690407,0.06576841331347828
416,-1.642954736914459,0.8922562212001007,-2.462220433276479,-1.702546801871149,0.893364443662152,-2.4334381555791036,0.059592064956689894,-0.0011082224620512227,-0.028782277697375402,0.06618807953307436
417,-1.652998360059065,0.8841447541574989,-2.43464904238575,-1.7129559483300023,0.8841997197019128,-2.4060614838033527,0.059957588270937334,-5.496554441386525e-05,-0.028587558582397143,0.0664241215085326
418,-1.66281454986222,0.8757594884370513,-2.4070776514950207,-1.723193800621481,0.8746813276429652,-2.3792629391356055,0.060379250759261094,0.0010781607940860694,-0.02781471235941524,0.06648664961166748
419,-1.6723958447097962,0.8671067979596397,-2.3795062606042916,-1.7332593349688885,0.8648130747152218,-2.353055743107651,0.06086349025909232,0.0022937232444179,-0.026450517496640735,0.06640222502808703
420,-1.6817349615391761,0.8581932599246467,-2.3519348697135625,-1.7431515448271764,0.8545989080882805,-2.327449155898217,0.06141658328800026,0.0035943518363661386,-0.024485713815345367,0.0662153022264677
421,-1.691260601116257,0.8485861214815795,-2.3274566104267103,-1.7528694409836028,0.8440429132926041,-2.3024487566599667,0.06160883986734578,0.004543208188975467,-0.025007853766743526,0.06664594991796167
422,-1.7005482444829587,0.8387487133315805,-2.302978351139858,-1.7624120516566506,0.833149312585366,-2.278056745137869,0.06186380717369189,0.005599400746214567,-0.024921606001989005,0.06692959265122428
423,-1.7095923268989077,0.828686929609485,-2.278500091853006,-1.7717784225932054,0.8219224632616022,-2.2542722549523493,0.06218609569429767,0.006764466347882747,-0.024227836900656552,0.06708097035342289
424,-1.7183874295545551,0.8184067988859323,-2.2540218325661536,-1.780967617163977,0.8103668559113548,-2.2310916701770687,0.06258018760942186,0.008039942974577441,-0.022930162389084963,0.06713205576663582
425,-1.7269282828178847,0.8079144805553163,-2.2295435732793014,-1.789978716457167,0.7984871126234903,-2.208508938179551,0.06305043363928231,0.00942736793182608,-0.021034635099750343,0.067131872623987
426,-1.7356865756890563,0.7966003115402609,-2.2081280082549988,-1.7988108193703554,0.7862879851369292,-2.186515873031657,0.0631242436812991,0.010312326403331684,-0.0216121352233416,0.06751369198241854
427,-1.744200579442859,0.7851011874606325,-2.186712443230696,-1.8074630427006113,0.7737743529400123,-2.165102445073569,0.06326246325775231,0.011326834520620221,-0.02160999815712694,0.06780433952223859
428,-1.7524663894814188,0.7734223819170464,-2.1652968782063935,-1.8159345212328108,0.7609512213187744,-2.144257053386,0.0634681317513921,0.012471160598272024,-0.02103982482039335,0.06801770227781
429,-1.7604802150307077,0.7615692509136356,-2.143881313182091,-1.8242244078261607,0.7478237193548899,-2.123966778963472,0.06374419279545296,0.013745531558745694,-0.019914534218618662,0.06818247887926109
430,-1.768238380879027,0.7495472304017404,-2.122465748157788,-1.8323318734989098,0.7343970978741133,-2.104217617273643,0.06409349261988284,0.015150132527627092,-0.01824813088414512,0.06834103154463307
431,-1.7761877054556028,0.7366299958222273,-2.1038009598767022,-1.840256107511248,0.7206767273460168,-2.084994689631238,0.06406840205564523,0.01595326847621048,-0.01880627024546433,0.0686508755776887
432,-1.7838945619519442,0.7235666473483207,-2.0851361715956163,-1.8479963174463758,0.7066680957358779,-2.0662824334160166,0.06410175549443164,0.016898551612442803,-0.018853738179599677,0.0689206757614229
433,-1.791356265575092,0.710361735783065,-2.0664713833145303,-1.855551729289751,0.6923768063095604,-2.048064771633234,0.0641954637146589,0.017984929473504607,-0.018406611681296425,0.06916153991412467
434,-1.7985702169345736,0.6970198612450192,-2.0478065950334443,-1.862921587506485,0.6778085753922868,-2.030325262666764,0.06435137057191143,0.019211285852732463,-0.01748133236668048,0.06939574468159569
435,-1.8055339029479371,0.6835456715657396,-2.0291418067523583,-1.8701051551168988,0.662969230082182,-2.0130472313250416,0.06457125216896165,0.02057644148355764,-0.016094575427316737,0.0696553796126293
436,-1.8126317844972932,0.6691597204625698,-2.012805975019559,-1.8771017137702157,0.6478647059195176,-1.996213882444517,0.0644699292729225,0.02129501454305216,-0.016592092575042017,0.06989382634298394
437,-1.8194937229751142,0.6546597441881725,-1.9964701432867598,-1.883910563816402,0.6325010445125663,-1.9798083984096402,0.06441684084128774,0.02215869967560624,-0.016661744877119578,0.07012953085281357
438,-1.826117887249348,0.6400496121114441,-1.9801343115539605,-1.8905310243761266,0.6168843911210447,-1.963814021986842,0.06441313712677865,0.023165220990399416,-0.016320289567118396,0.07037067251065479
439,-1.832502509638812,0.625333222996738,-1.9637984798211612,-1.8969624334088513,0.6010209921980904,-1.9482141258648502,0.0644599237700394,0.024312230798647638,-0.01558435395631097,0.07063312556500376
440,-1.8386458863849053,0.6105145039634665,-1.947462648088362,-1.9032041477790322,0.5849171928917617,-1.9329922702561362,0.0645582613941269,0.02559731107170482,-0.014470377832225712,0.07093929294080543
441,-1.8448551691789654,0.5948167515137449,-1.9330238153915322,-1.9092555433204328,0.5685794345070697,-1.9181322498532611,0.06440037414146738,0.026237317006675198,-0.01489156553827109,0.07111655023586543
442,-1.8508371553831333,0.5790309836881846,-1.9185849826947026,-1.9151160148985422,0.5520142519295328,-1.9036181313569873,0.0642788595154089,0.027016731758651824,-0.014966851337715248,0.07131396928011993
443,-1.856590597895252,0.5631604914447443,-1.904146149997873,-1.9207849764710867,0.5352282710113162,-1.8894342827063793,0.06419437857583477,0.027932220433428134,-0.014711867291493652,0.07153716669173958
444,-1.8621142972591,0.5472085834044134,-1.8897073173010432,-1.9262618611466333,0.5182282059209752,-1.8755653950493394,0.06414756388753329,0.02898037748343818,-0.014141922251703853,0.07179670045873258
445,-1.8674071019144505,0.5311785851614425,-1.8752684846042136,-1.9315461212412777,0.5010208564578846,-1.8619964983989576,0.0641390193268272,0.030157728703557818,-0.013271986205255937,0.07210719810530022
446,-1.8726979011353766,0.5143419445526503,-1.8623288988118465,-1.9366372283334143,0.4836131053324,-1.8487129718292505,0.06393932719803774,0.03072883922025027,-0.01361592698259595,0.07223498176062
447,-1.8777704043594066,0.49743825458779384,-1.8493893130194794,-1.9415346733165766,0.4660119154128712,-1.8357005489754596,0.06376426895717002,0.03142633917492266,-0.013688764044019752,0.07239391583988562
448,-1.8826237622945645,0.4804703454608854,-1.8364497272271123,-1.9462379664503477,0.44822432694058495,-1.8229453195202048,0.06361420415578323,0.03224601852030046,-0.013504407706907529,0.07258747624969207
449,-1.8872571623404895,0.4634410581181865,-1.8235101414347452,-1.950746637409333,0.4302574547137687,-1.810433727268505,0.0634894750688435,0.03318360340441778,-0.01307641416624028,0.07282209545780757
450,-1.8916698287244895,0.4463532437825466,-1.8105705556423781,-1.955060235330194,0.41211848524175654,-1.7981525653422639,0.0633904066057045,0.034234758540790056,-0.012417990300114257,0.07310655801688706
451,-1.8960193570711001,0.42856211905569613,-1.7987794241503599,-1.9591783288567337,0.39381467387048763,-1.7860889689586406,0.06315897178563357,0.0347474451852085,-0.012690455191719296,0.07319486537244646
452,-1.900158810431893,0.41072094639922146,-1.7869882926583416,-1.9631005061830311,0.37535334188046116,-1.7742304061965488,0.06294169575113817,0.03536760451876031,-0.012757886461792767,0.07331635684072331
453,-1.9040876133020985,0.39283220625656795,-1.7751971611663233,-1.9668263750946215,0.3567418735583286,-1.7625646671013775,0.06273876179252302,0.03609033269823936,-0.01263249406494582,0.07347274495913055
454,-1.9078052194635104,0.37489838568444916,-1.763406029674305,-1.970355563007719,0.33798771324326765,-1.7510798514294241,0.06255034354420852,0.036910672441181513,-0.012326178244880914,0.07366734614252968
455,-1.9113111120604258,0.3569219780070734,-1.7516148981822868,-1.973687717006473,0.3190983623493521,-1.7397643552903157,0.06237660494604724,0.0378236156577213,-0.011850542891971072,0.07390468261790122
456,-1.9147028339428307,0.3383692568131607,-1.740666088643645,-1.9768225038782612,0.3000813763650833,-1.7286068569072703,0.0621196699354305,0.038287880448077405,-0.012059231736374576,0.07396107254606764
457,-1.9178912263811312,0.3197805130501726,-1.729717279105003,-1.9797596101470079,0.2809443618313017,-1.7175963016812124,0.06186838376587667,0.03883615121887085,-0.012120977423790702,0.07404634795183919
458,-1.9208759071660417,0.30115797504809483,-1.7187684695663612,-1.982498742104534,0.2616949732986626,-1.706721886714927,0.06162283493849219,0.039463001749432236,-0.012046582851434229,0.07416078782839901
459,-1.9236565185082581,0.2825038751880056,-1.7078196600277193,-1.9850396258399263,0.2423409102659238,-1.6959730449273882,0.061383107331668185,0.04016296492208182,-0.011846615100331137,0.07430539621291893
460,-1.9262327270813486,0.26382044963446816,-1.6968708504890775,-1.987382007266929,0.22288991410024592,-1.6853394288655676,0.06114928018558041,0.04093053553422224,-0.011531421623509841,0.07448165472780527
461,-1.9286555099105396,0.24470530568729862,-1.6864944814140417,-1.9895256521493512,0.20334976494075557,-1.6748108943012632,0.0608701422388116,0.041355540746543046,-0.011683587112778504,0.0745114835071348
462,-1.9308798200823016,0.22556605154775,-1.6761181123390059,-1.9914703461244907,0.183728278586583,-1.6643774836832836,0.06059052604218906,0.041837772961167,-0.01174062865572223,0.07456174256045063
463,-1.9329054181094536,0.20640474790236013,-1.66574174326397,-1.993215894724571,0.16403330337065347,-1.6540294095005519,0.06031047661511746,0.04237144453170666,-0.011712333763418181,0.07463157283235983
464,-1.9347320858997672,0.18722345781169458,-1.6553653741889343,-1.9947621233961865,0.14427271702045727,-1.6437570375989194,0.06003003749641933,0.04295074079123731,-0.011608336590014812,0.07472031192871617
465,-1.9363596267794483,0.1680242464882209,-1.6449890051138985,-1.996108877517759,0.12445442350706172,-1.6335508704836228,0.05974925073831061,0.043569822981159176,-0.011438134630275654,0.07482735704419453
466,-1.9378071081604529,0.14855029669048364,-1.6349410953162113,-1.9972560224149978,0.10458634988363526,-1.6234015306300522,0.059448914254544905,0.043963946806848384,-0.011539564686159132,0.07483424067915487
467,-1.9390588472743993,0.1290627860166248,-1.6248931855185242,-1.9982034433743696,0.08467644311472142,-1.613299743817685,0.05914459609997036,0.04438634290190338,-0.011593441700839202,0.07485077537677706
468,-1.9401147177461548,0.10956368191874327,-1.6148452757208371,-1.998951045654568,0.06473266689756589,-1.6032363224955564,0.0588363279084132,0.04483101502117738,-0.011608953225280771,0.07487523745913673
469,-1.940974612975415,0.0900549530194059,-1.60479736592315,-1.999498754495988,0.04476299847674028,-1.5932021491822361,0.05852414152057284,0.04529195454266562,-0.011595216740913905,0.07490584315181091
470,-1.9416384461474654,0.07053856891289602,-1.594749456125463,-1.9998465151282017,0.024775425453357765,-1.5831881598989876,0.05820806898073627,0.045763143459538254,-0.011561296226475282,0.07494069764954649
471,-1.9421086501710754,0.05091215238978092,-1.5848012897547776,-1.999994292775436,0.0047779425901285115,-1.5731853276313745,0.057885642604360577,0.04613420979965241,-0.0116159621234031,0.07492692112725868
472,-1.9423835872913873,0.031282029442063576,-1.5748531233840923,-1.999942072660049,-0.015221451386431743,-1.5631846458120962,0.057558485368661705,0.04650348082849532,-0.011668477571996183,0.07491132314909979
473,-1.9424632302991944,0.011650142768747335,-1.564904957013407,-1.9996898600040087,-0.03521475698538918,-1.5531771118160986,0.05722662970481429,0.04686489975413652,-0.011727845197308406,0.07489157715864467
474,-1.9423475713126108,-0.007981564756617005,-1.5549567906427217,-1.9992376800283709,-0.05519397715107451,-1.5431537104581057,0.05689010871576006,0.047212412394457504,-0.011803080184616066,0.0748652726946199
475,-1.9420366217778509,-0.027611150278208055,-1.5450086242720364,-1.998585577950756,-0.0751511204618093,-1.5331053974825013,0.05654895617290512,0.047539970183601246,-0.011903226789535148,0.07482994064748379
476,-1.9415318053881285,-0.04718266822962591,-1.5349362905854713,-1.9977336189808284,-0.09507820432636097,-1.5230230830361118,0.05620181359269982,0.04789553609673505,-0.011913207549359539,0.07479672949545553
477,-1.940829887079123,-0.06674810881238526,-1.5248639568989062,-1.9966818883137751,-0.11496725817687632,-1.5128976151157174,0.05585200123465217,0.048219149364491065,-0.011966341783188783,0.07475109191859859
478,-1.9399309380611822,-0.08630548709203069,-1.514791623212341,-1.9954304911217866,-0.1348103266569955,-1.5027197629842826,0.05549955306060439,0.048504839564964805,-0.012071860228058506,0.0746903585512588
479,-1.9388350495336264,-0.10585281895203591,-1.504719289525776,-1.993979552543539,-0.15459947280389894,-1.4924802005528235,0.05514450300991269,0.048746653851863025,-0.01223908897295245,0.0746119814296033
480,-1.9375423326754955,-0.1253881212950944,-1.4946469558392108,-1.9923292176716814,-0.17432678122297965,-1.4821694897287272,0.05478688499618589,0.048938659927885236,-0.012477466110483615,0.07451363877613792
481,-1.936069045006826,-0.14469804884775034,-1.4842210187910891,-1.9904796515383252,-0.19398436125389898,-1.4717780637361624,0.054410606531499095,0.04928631240614864,-0.012442955054926763,0.07446127734749801
482,-1.9343945169689758,-0.16399156678756438,-1.4737950817429675,-1.9884310390985427,-0.21356435012673866,-1.4612962104201923,0.05403652212956689,0.04957278333917428,-0.012498871322775162,0.07438836169855591
483,-1.932518930581767,-0.18326657792498244,-1.4633691446948458,-1.9861835852118708,-0.2330589161070144,-1.450714055553347,0.053664654630103836,0.049792338182031964,-0.01265508914149871,0.07429214884078561
484,-1.9304424897198995,-0.2025209870821246,-1.4529432076467241,-1.9837375146218252,-0.25246026162825813,-1.4400215461719812,0.053295024901925725,0.04993927454613353,-0.01292166147474294,0.07417048035949908
485,-1.9281654200907896,-0.22175270132052932,-1.4425172705986025,-1.9810930719334263,-0.2717606264109441,-1.4292084339797944,0.0529276518426367,0.050007925090414795,-0.013308836618808106,0.07402198344795977
486,-1.92573477955742,-0.2405967236753119,-1.4314924089268242,-1.9782505215887396,-0.2909522905664908,-1.4182642588677388,0.05251574203131959,0.0503555668911789,-0.013228150059085397,0.07394978182535619
487,-1.9230965382105987,-0.25941280388628907,-1.4204675472550459,-1.9752101478404307,-0.31002757768512307,-1.4071783326133003,0.052113609629832025,0.050614773798834,-0.013289214641745595,0.07385314388130026
488,-1.920251016718915,-0.27819865492770773,-1.4094426855832676,-1.9719722547233407,-0.32897885790632714,-1.3959397228381787,0.05172123800442563,0.050780202978619404,-0.013502962745088887,0.07372954277733917
489,-1.9171985609451025,-0.2969519934480599,-1.3984178239114893,-1.9685371660240831,-0.347798550970695,-1.384537237321871,0.05133860507898058,0.050846557522635116,-0.013880586589618327,0.0735778191266231
490,-1.913939541904,-0.3156705400476155,-1.387392962239711,-1.964905225248665,-0.36647912925192844,-1.372959408789994,0.050965683344665,0.050808589204312915,-0.014433553449717085,0.0733985087103759
491,-1.9105677665123924,-0.33384842414747257,-1.3754976154186065,-1.9610767955881379,-0.38501312076778266,-1.3611944803206513,0.050509029075745504,0.05116469662031009,-0.014303135097955222,0.07330462381087044
492,-1.9069800025334334,-0.35198491469196796,-1.363602268597502,-1.957052259882277,-0.4033931121687696,-1.3492303915401058,0.050072257348843685,0.05140819747680164,-0.014371877057396176,0.07318869157168732
493,-1.9031767576271421,-0.37007744541108123,-1.3517069217763975,-1.9528320205812995,-0.42161175170339216,-1.337054765810933,0.04965526295415734,0.05153430629231093,-0.01465215596546443,0.07304872030715202
494,-1.8991585699435736,-0.388123456255002,-1.339811574955293,-1.9484164997056181,-0.43966175215875003,-1.3246548986519633,0.04925792976204457,0.05153829590374803,-0.01515667630332973,0.07288528264107044
495,-1.8949260080466717,-0.406120393756371,-1.3279162281341885,-1.9438061388036416,-0.4575358937753214,-1.3120177476702315,0.04888013075696995,0.0514155000189504,-0.015898480463957032,0.07270201170586679
496,-1.8906352713406729,-0.423437711222903,-1.3148428888596893,-1.9390013989076176,-0.47522702713477977,-1.2991299243311092,0.048366127566944694,0.05178931591187674,-0.015712964528580065,0.07258314399857968
497,-1.8861185125814064,-0.4406974561812577,-1.30176954958519,-1.934002760487532,-0.4927280760196602,-1.2859776879442872,0.047884247906125665,0.05203061983840246,-0.015791861640902738,0.07245322278814846
498,-1.881376503727053,-0.45789667877247076,-1.2886962103106907,-1.928810723403061,-0.5100320402437544,-1.272546942300503,0.04743421967600803,0.052135361471283614,-0.01614926801018779,0.07231113309358432
499,-1.8764100552332337,-0.47503243948144136,-1.2756228710361914,-1.9234258068535868,-0.527131998452086,-1.2588232354572375,0.0470157516203531,0.052099558970644666,-0.01679963557895392,0.07216004920278304
500,-1.8712200159144967,-0.49210180963932426,-1.2625495317616922,-1.917848549326277,-0.5440211108893698,-1.2447917632410141,0.04662853341178019,0.05191930125004551,-0.017757768520678008,0.07200814060410435
501,-1.8660397405077482,-0.508371749426177,-1.2479476414208506,-1.9120795085422362,-0.5606926221358159,-1.2304373771094976,0.04603976803448795,0.05232087270963892,-0.01751026431135294,0.07185919090847835
502,-1.8606224539135325,-0.5245643156191468,-1.233345751080009,-1.906119261400735,-0.5771398638092112,-1.2157445970978271,0.04549680748720242,0.05257554819006438,-0.017601153982181872,0.07172132444759939
503,-1.85496931115918,-0.540676055778313,-1.2187438607391674,-1.8999684039215217,-0.5933562572321769,-1.200697630660021,0.0449990927623416,0.05268020145386387,-0.018046230079146408,0.0715946114922275
504,-1.849081517559246,-0.5567035346967878,-1.2041419703983258,-1.8936275511852179,-0.6093353160635608,-1.1852803983066504,0.04454603362597176,0.052631781366773045,-0.018861572091675383,0.0714857497926368
505,-1.8429603284585245,-0.5726433351331416,-1.1895400800574842,-1.8870973372718132,-0.625070648892882,-1.16947656703277,0.044137008813288636,0.05242731375974041,-0.020063513024714208,0.07140898633883176
506,-1.8369290523730797,-0.5876887973321377,-1.1730160338243358,-1.8803784151972567,-0.6405559617968117,-1.153269592622839,0.043449362824176996,0.05286716446467399,-0.019746441201496934,0.07122293274280439
507,-1.8306499990716265,-0.6026325489908676,-1.1564919875911874,-1.8734714568481579,-0.6557850608566534,-1.136642772009011,0.042821457776531346,0.053152511865785845,-0.01984921558217634,0.07108345885631533
508,-1.8241248829736372,-0.6174705098988914,-1.139967941358039,-1.8663771529145952,-0.6707518546358369,-1.119579306941384,0.04225226994095799,0.05328134473694546,-0.02038863441665506,0.07099191802956742
509,-1.817355485683051,-0.6321986287306529,-1.1234438951248906,-1.8590962128210502,-0.6854503566164047,-1.1020623802982807,0.041740727137999256,0.05325172788575183,-0.021381514826609882,0.07095917136711509
510,-1.810343655501829,-0.6468128841516446,-1.1069198488917422,-1.8516293646554642,-0.6998746875935437,-1.0840752464144137,0.041285709153635164,0.053061803441899036,-0.022844602477328557,0.07100662382603787
511,-1.8035115457279836,-0.6604692889889643,-1.088053010827508,-1.8439773550964327,-0.7140190780271819,-1.06560133682667,0.040465809368449124,0.05354978903821761,-0.02245167400083803,0.07077527321968585
512,-1.7964230139954176,-0.6739943706862794,-1.0691861727632737,-1.836140949338534,-0.7278778703497366,-1.0466243828210473,0.039717935343116295,0.05388349966345718,-0.02256178994222635,0.07063979253437047
513,-1.7890805834458765,-0.6873833150310666,-1.0503193346990394,-1.828120931015814,-0.7414455212290605,-1.0271285560983872,0.03904034756993746,0.054062206197993845,-0.023190778600652218,0.07060228813204565
514,-1.7814868675956328,-0.7006313562684874,-1.031452496634805,-1.8199181021234212,-0.754716603785701,-1.007098628747356,0.038431234527788405,0.054085247517213664,-0.024353867887449088,0.07067732781739464
515,-1.773644569405213,-0.7137337787977444,-1.0125856585705708,-1.811533282937409,-0.7676858097635824,-0.9865201535059736,0.03788871353219592,0.053952030965838005,-0.02606550506459726,0.07089278392570075
516,-1.7660763192393891,-0.7258534568869756,-0.9909754037625902,-1.8029673119327096,-0.7803479516532316,-0.9653796649918884,0.03689099269332052,0.05449449476625601,-0.02559573877070176,0.07060975247758725
517,-1.7582479472562227,-0.7378067660376778,-0.9693651489546096,-1.7942210456992849,-0.79269796476672,-0.9436649021705272,0.03597309844306218,0.054891198729042245,-0.025700246784082337,0.07048127548695601
518,-1.7501631091875254,-0.7495881242345085,-0.947754894146629,-1.7852953588564693,-0.804730909263467,-0.9213650517940357,0.035132249668943905,0.05514278502895853,-0.02638984235259323,0.07050833629398488
519,-1.7418255805309082,-0.7611920297606309,-0.9261446393386483,-1.7761911439655085,-0.8164419721261122,-0.8984710118695688,0.03436556343460029,0.05524994236548131,-0.02767362746907953,0.07070627793105741
520,-1.7332392547866808,-0.7726130637669328,-0.9045343845306677,-1.7669093114403063,-0.8278264690856536,-0.8749756733946423,0.033670056653625435,0.055213405318720765,-0.029558711136025373,0.07110492420339593
521,-1.7250160540812014,-0.7830726520557779,-0.8798976533130498,-1.7574507894563798,-0.8388798464951001,-0.8508742176279203,0.03243473537517838,0.05580719443932214,-0.02902343568512955,0.07077298092503244
522,-1.7165376848636795,-0.7933264938931635,-0.8552609220954319,-1.7478165238580448,-0.8495976831508637,-0.8261644250538847,0.03127883899436523,0.05627118925770025,-0.029096497041547265,0.07064997274875703
523,-1.7078092929770858,-0.8033683658346287,-0.830624190877814,-1.7380074780638322,-0.8599756920611862,-0.8008469909691761,0.03019818508674632,0.05660732622655751,-0.02977719990863792,0.07073189803371799
524,-1.698836176012606,-0.8131921730882604,-0.8059874596601961,-1.7280246329701487,-0.8700097221608728,-0.7749258413027453,0.029188456957542686,0.05681754907261238,-0.031061618357450804,0.07102833263680743
525,-1.6896237800943323,-0.8227919532138527,-0.7813507284425782,-1.717868986853184,-0.8796957599716702,-0.7484084409343449,0.02824520675885167,0.05690380675781748,-0.03294228750823336,0.07156136691439328
526,-1.6808406958948077,-0.8315042257084724,-0.753681125680139,-1.7075415552690867,-0.8890299312075991,-0.721306085468987,0.026700859374279018,0.05752570549912672,-0.032375040211152006,0.07120594015369076
527,-1.6718199393157118,-0.8399701698860078,-0.7260115229176998,-1.6970433709524082,-0.8980085023246204,-0.6936341662499572,0.02522343163669638,0.05803833243861256,-0.03237735666774255,0.07108419487182939
528,-1.6625684162700607,-0.8481833045745558,-0.6983419201552605,-1.6863754837128333,-0.9066278820139979,-0.6654123974581106,0.02380706744277261,0.05844457743944209,-0.03292952269714988,0.07118215055308301
529,-1.6530932093360011,-0.8561373421425582,-0.6706723173928213,-1.6755389603301956,-0.9148846226387805,-0.6366649935694167,0.022445750994194436,0.05874728049622224,-0.034007323823404545,0.07149512414860956
530,-1.6434015723346864,-0.863826193312349,-0.643002714630382,-1.6645348844478025,-0.9227754216128066,-0.6074207853483693,0.021133312113116087,0.05894922830045757,-0.03558192928201276,0.0720257043667051
531,-1.6341534270832971,-0.8707551030325641,-0.6127609306808246,-1.6533643564640714,-0.9302971227216964,-0.5777132630548064,0.01921092938077429,0.05954201968913231,-0.035047667626018186,0.07171227874191392
532,-1.62469999987473,-0.8774012067418069,-0.5825191467312671,-1.642028493422494,-0.9374467173852932,-0.5475805367263731,0.017328493547764,0.06004551064348629,-0.034938610004894066,0.07159920744076716
533,-1.6150499358284258,-0.8837584266061749,-0.5522773627817097,-1.6305284288999269,-0.9442213458610588,-0.5170652053199697,0.015478493071501065,0.060462919254883896,-0.03521215746174,0.07166061949004829
534,-1.605212059887387,-0.8898209489748274,-0.5220355788321522,-1.6188653128932389,-0.95061829838793,-0.48621412915210704,0.013653253005851962,0.06079734941310255,-0.03582144968004519,0.07187423231228766
535,-1.5951953687478033,-0.8955832296965449,-0.4917937948825948,-1.6070403117043106,-0.9566350162701883,-0.4550781034039326,0.011844942956507287,0.06105178657364341,-0.03671569147866216,0.0722195632653156
536,-1.5855446372077147,-0.9007530734123552,-0.4600208649685929,-1.5950546078234087,-0.9622690929009017,-0.4237114343156453,0.00950997061569403,0.06151601948854646,-0.036309430652947616,0.07206271538852671
537,-1.5757345431106298,-0.9056137273921305,-0.428247935054591,-1.582909399810932,-0.9675182747245379,-0.3921714238816628,0.007174856700302268,0.061904547332407356,-0.036076511172928205,0.07200809820784429
538,-1.5657749891005526,-0.9101602851257485,-0.39647500514058914,-1.5706059021775611,-0.972380462138356,-0.3605177731102454,0.004830913077008558,0.062220177012607514,-0.03595723203034373,0.07202506982934347
539,-1.5556760286914275,-0.9143881571625645,-0.36470207522658726,-1.5581453452628062,-0.9768537103322188,-0.32881191793031006,0.0024693165713787213,0.0624655531696543,-0.0358901572962772,0.0720842995934074
540,-1.5454478561187788,-0.9182930757441593,-0.3329291453125854,-1.5455289751119743,-0.9809362300664917,-0.29711631530754834,8.111899319551696e-05,0.06264315432233236,-0.035812830005037044,0.07215767566040557
541,-1.5353814215262271,-0.9217740585513307,-0.3011283908430283,-1.5327580533515686,-0.9846263883877127,-0.265493699789787,-0.00262336817465858,0.062852329836382,-0.035634691053241296,0.07229888403634681
542,-1.5252093973143084,-0.9249332151068181,-0.2693276363734712,-1.519833857063122,-0.9879227092817555,-0.23400633231352022,-0.0053755402511863615,0.06298949417493738,-0.03532130405995096,0.07241662329812197
543,-1.5149420694620048,-0.9277673508627859,-0.23752688190391408,-1.506757678655493,-0.9908238742642128,-0.20271526353027572,-0.008184390806511788,0.06305652340142687,-0.03481161837363836,0.07249109028108382
544,-1.5045898203196038,-0.9302735999333285,-0.20572612743435698,-1.4935308257356246,-0.9933287229077735,-0.17167963311530354,-0.011058994583979187,0.06305512297444504,-0.03404649431905343,0.07250802486586023
545,-1.494163118110035,-0.9324494279924623,-0.17392537296479987,-1.4801546209777887,-0.9954362533063774,-0.1409560245718928,-0.014008497132246278,0.06298682531391508,-0.03296934839290708,0.07246072100443585
546,-1.4835688011210795,-0.9343108559072432,-0.14367581270293953,-1.466630401991313,-0.997145622475965,-0.11059789210988624,-0.016938399129766468,0.06283476656872189,-0.033077920593053284,0.07300182248125989
547,-1.472923032063637,-0.9358510076919706,-0.11342625244107919,-1.452959521186826,-0.99845614669166,-0.08065507250195922,-0.01996351087681103,0.06260513899968945,-0.032771179939119974,0.07342952696498302
548,-1.4622355514557586,-0.9370684741599359,-0.08317669217921886,-1.439143345641015,-0.9993673017612495,-0.05117339069845843,-0.023092205814743583,0.06229882760131367,-0.03200330148076043,0.07374689956572494
549,-1.4515161379801507,-0.9379621413705638,-0.052927131917358525,-1.425183256959923,-0.9998787232348542,-0.022194363718999813,-0.026332881020227683,0.06191658186429039,-0.030732768198358712,0.07397017489310735
550,-1.4407745995370118,-0.9385311916486305,-0.022677571655498188,-1.4110806511407838,-0.9999902065507035,0.006244996773392763,-0.029693948396227965,0.06145901490207295,-0.02892256842889095,0.07413134322683593
551,-1.4294706809729065,-0.9387875810246772,0.0048125137450201055,-1.396836938432427,-0.9997017071169574,0.03411228652508152,-0.03263374254047946,0.060914126092280196,-0.029299772780061413,0.07505976681783483
552,-1.4181639860744044,-0.9387331669799851,0.0323025991455384,-1.3824535431942528,-0.9990133403295429,0.061379721814441665,-0.03571044288015157,0.06028017334955782,-0.029077122668903263,0.07585785452048954
553,-1.4068630588269784,-0.9383679906329192,0.0597926845460567,-1.3679319037538011,-0.9979253815259969,0.08802407252366619,-0.03893115507317724,0.059557390893077655,-0.02823138797760949,0.07654886617360793
554,-1.395576438857734,-0.9376923279316176,0.087282769946575,-1.3532734722629136,-0.9964382658753348,0.11402652573356668,-0.04230296659482047,0.058745937943717186,-0.026743755786991688,0.0771741840332881
555,-1.3843126549823797,-0.9367066894454691,0.11477285534709329,-1.338479714552524,-0.9945525882039893,0.13937249138381436,-0.04583294042985564,0.0578458987585202,-0.024599636036721065,0.07779427051375191
556,-1.3721209676939863,-0.9353012380101068,0.138889364138824,-1.3235521099860739,-0.9922691027578862,0.16405136184929442,-0.048568857707912416,0.05696786474777937,-0.025161997710470424,0.07897719722650612
557,-1.3599667169094218,-0.9336022028306447,0.16300587293055468,-1.3084921513115828,-0.9895887229007583,0.18805623702960433,-0.05147456559783903,0.05598652007011362,-0.02505036409904965,0.0800727299056453
558,-1.347856971271216,-0.9316105720282383,0.18712238172228537,-1.293301344512367,-0.9865125207488105,0.21138362585071127,-0.054555626758849174,0.05490194872057219,-0.024261244128425896,0.08111194949590521
559,-1.3357987735386934,-0.929327503891164,0.21123889051401606,-1.2779812086564475,-0.9830417267418881,0.234033134057412,-0.057817564882245875,0.053714222850724025,-0.02279424354339593,0.08214417863784142
560,-1.3237991364920603,-0.9267543262011848,0.23535539930574675,-1.2625332757446417,-0.979177729151317,0.25600714694934407,-0.06126586074741858,0.05242340295013215,-0.020651747643597312,0.08323589100099088
561,-1.3106108251317006,-0.9235917756280559,0.256014022477482,-1.2469590905573706,-0.9749220735246148,0.2773105143849678,-0.06365173457432993,0.05133029789655885,-0.02129649190748578,0.08449783052857647
562,-1.2974906572099794,-0.9201574669099541,0.27667264564921723,-1.2312602105001726,-0.97027646206729,0.2979502440332553,-0.06623044670980671,0.050118995157335866,-0.021277598384038088,0.08573868403441952
563,-1.2844442319361156,-0.9164528656846022,0.2973312688209525,-1.2154382054479715,-0.9652427529619856,0.3179352075580311,-0.06900602648814402,0.048789887277383426,-0.02060393873707861,0.08698739611980293
564,-1.271477117048655,-0.912479552940708,0.3179898919926878,-1.1994946575880876,-0.9598229596252282,0.3372758632229733,-0.07198245946056736,0.047343406684520195,-0.019285971230285526,0.08828828525225471
565,-1.2585948464393628,-0.9082392243432571,0.33864851516442307,-1.1834311612620187,-0.954019249902089,0.35598399733641756,-0.07516368517734406,0.04578002555883187,-0.017335482171994487,0.08969899247896673
566,-1.2443913111912563,-0.9032364976567953,0.35609216951990424,-1.1672493228060146,-0.9478339451990766,0.3740724860305142,-0.07714198838524178,0.04459744754228134,-0.01798031651060994,0.09090165279650875
567,-1.230277198231523,-0.8979867830737409,0.3735358238753854,-1.1509507603904343,-0.9412695195556019,0.39155507809344553,-0.07932643784108873,0.043282736481860984,-0.01801925421806011,0.09214538805870541
568,-1.2162568021087619,-0.8924916779423986,0.3909794782308666,-1.1345371038579373,-0.9343285986543979,0.4084461989420335,-0.08171969825082459,0.04183692071199929,-0.017466720711166894,0.09345332176691123
569,-1.2023343888560343,-0.8867528542768798,0.40842313258634777,-1.1180099945604975,-0.92701395877128,0.4247607753253133,-0.08432439429553673,0.040261104494400235,-0.01633764273896554,0.09486031087174569
570,-1.1885141946928248,-0.8807720582483539,0.42586678694182895,-1.1013710851952752,-0.9193285256646756,0.4405140799735253,-0.08714310949754966,0.03855646741632168,-0.014647293031696373,0.09641092212858555
571,-1.173348457840081,-0.8738924569674542,0.44047788933191107,-1.0846220396393396,-0.9112753734053558,0.4557215951360275,-0.08872641820074145,0.03738291643790159,-0.015243705804116436,0.09747938394747091
572,-1.1582848547642286,-0.8667920097671716,0.4550889917219932,-1.0677645327832885,-0.90285772314685,0.470398893769609,-0.09052032198094007,0.036065713379678344,-0.015309902047615787,0.09863598468016509
573,-1.143326601251012,-0.859472232454632,0.4697000941120753,-1.0508002503637583,-0.894078941837027,0.48456153703014543,-0.09252635088725358,0.03460670938239496,-0.014861442918070122,0.09989801013231331
574,-1.1284768905960962,-0.8519346876596665,0.4843111965021574,-1.0337308887948575,-0.8849425408713637,0.498224986670857,-0.09474600180123871,0.03300785321169719,-0.013913790168699591,0.10129124734064576
575,-1.1137388929233614,-0.8441809845012208,0.49892229889223955,-1.0165581549985165,-0.8754521746884284,0.5114045309468265,-0.09718073792484483,0.03127119018720759,-0.012482232054586928,0.10284838003783257
576,-1.1066355107770247,-0.8403103233298743,0.5117738418861063,-0.9992837662338049,-0.865611639308158,0.5241152226565137,-0.10735174454321983,0.025301315978283667,-0.012341380770407362,0.1109813647691623
577,-1.0995824578267401,-0.8363486948893532,0.524625384879973,-0.9819094499252019,-0.8554248708134978,0.5363718280074358,-0.11767300790153823,0.019076175924144678,-0.011746443127462758,0.11978654433045104
578,-1.0925808989539156,-0.8322967534817515,0.5374769278738397,-0.9644369434898631,-0.8448959437760261,0.5481887850668954,-0.12814395546405255,0.012599190294274587,-0.010711857193055674,0.1292066438019688
579,-1.0856319905352034,-0.8281551683252426,0.5503284708677064,-0.9468679941638701,-0.8340290696261731,0.5595801706434279,-0.1387639963713333,0.005873901300930462,-0.00925169977572149,0.1391960608428865
580,-1.0787368802515127,-0.8239246234435511,0.5631800138615731,-0.9292043588275147,-0.8228285949687089,0.570559674535322,-0.14953252142399798,-0.0010960284748422477,-0.007379660673748845,0.14971852134420696
581,-1.0584143179154357,-0.8110931939755576,0.5738347161083969,-0.9114478038296094,-0.8112989998441578,0.581140580175409,-0.14696651408582628,0.00020580586860019512,-0.007305864067012169,0.14714813715559089
582,-1.0382296215780036,-0.7980459660760582,0.5844894183552206,-0.89360010481086,-0.7994448959368459,0.5913357507932551,-0.14462951676714353,0.001398929860787712,-0.006846332438034453,0.14479822648397644
583,-1.0181850826383614,-0.7847844208873181,0.5951441206020444,-0.8756630465262938,-0.7872710247302823,0.6011576203049405,-0.1425220361120676,0.0024866038429641746,-0.006013499702896108,0.14267051606718914
584,-0.9982829765847616,-0.7713100638812458,0.6057988228488681,-0.8576384226667918,-0.7747822556106337,0.6106181882251972,-0.14064455391796982,0.0034721917293879523,-0.004819365376329099,0.14076992912131805
585,-0.9785255627362467,-0.7576244246884885,0.6164535250956918,-0.8395280356797178,-0.7619835839190322,0.619729017975972,-0.1389975270565289,0.004359159230543752,-0.003275492880280173,0.13910443433131986
586,-0.9580623146092136,-0.743124811395577,0.6252585000873533,-0.8213336965886817,-0.7488801289535097,0.6285012380388306,-0.13672861802053193,0.005755317557932793,-0.003242737951477337,0.13688810764788564
587,-0.9377275267929539,-0.7284455840991492,0.6340634750790147,-0.8030572248124292,-0.7354771319213411,0.6369455454658797,-0.13467030198052465,0.0070315478221919525,-0.0028820703868649433,0.13488454036699804
588,-0.917522775784265,-0.7135878808368888,0.6428684500706762,-0.7847004479829077,-0.721779953842635,0.6450722113249574,-0.13282232780135728,0.008192073005746203,-0.0022037612542812335,0.13309296520240485
589,-0.8974496279985702,-0.6985528534832007,0.6516734250623376,-0.7662652017625027,-0.7077940734059962,0.6528910877099849,-0.13118442623606752,0.009241219922795474,-0.001217662647647333,0.1315151570537449
590,-0.8775096396484785,-0.6833416676599093,0.660478400053999,-0.747753329660472,-0.6935250847771224,0.6604116159967486,-0.12975630998800647,0.010183417117213045,6.678405725046854e-05,0.1301553165491025
591,-0.8569116652298422,-0.6673396830907351,0.6677089522850934,-0.7291666828486026,-0.6789786953612166,0.6676428360684155,-0.12774498238123955,0.011639012270481475,6.61162166779583e-05,0.128274126391762
592,-0.8364299314260856,-0.6511891833865483,0.6749395045161878,-0.7105071199760853,-0.6641607235200951,0.6745933962741206,-0.12592281145000028,0.012971540133546844,0.00034610824206715574,0.1265896326237807
593,-0.8160655090357245,-0.6348910129060972,0.6821700567472821,-0.6917765069836577,-0.6490770962449237,0.6812715639183997,-0.12428900205206683,0.014186083338826538,0.0008984928288824356,0.12509919376622042
594,-0.7958194627241572,-0.6184460237284553,0.6894006089783765,-0.6729767169170084,-0.6337338467854989,0.6876852361095336,-0.12284274580714871,0.015287823057043681,0.0017153728688429348,0.12380226264225704
595,-0.7756928509680024,-0.6018550756084742,0.6966311612094709,-0.6541096297394813,-0.6181371122370333,0.6938419508213524,-0.12158322122852117,0.016282036628559093,0.0027892103881185237,0.12270030193795958
596,-0.7467046135803254,-0.577605087575001,0.7536311614455492,-0.6351771321440697,-0.6022931310853911,0.6997488980461777,-0.11152748143625568,0.024688043510390112,0.05388226339937152,0.126297968775925
597,-0.7191449557932612,-0.5517430480357877,0.8106311616816275,-0.6161811173647562,-0.5862082407117827,0.7054129309366325,-0.10296383842850498,0.034465192675995016,0.10521823074499503,0.15119615607293646
598,-0.6931033946950124,-0.5243529600104803,0.8676311619177058,-0.5971234849871871,-0.5698888748578939,0.71084057685146,-0.09597990970782522,0.045535914847413594,0.15679058506624588,0.18939099813330323
599,-0.6686645164128728,-0.4955237898042692,0.9246311621537842,-0.5780061407587223,-0.5533415610524803,0.7160380482354703,-0.09065837565415058,0.057817771248211136,0.2085931139183138,0.23467620868443012
600,-0.6459077013672982,-0.46534917803461384,0.9816311623898625,-0.5588309963978517,-0.5365729180004349,0.7210112532766491,-0.08707670496944653,0.0712237399658211,0.2606199091132134,0.283862485561644
601,-0.6248929226500883,-0.43390627239069285,0.9362811205956407,-0.5395999694030323,-0.5195896529353996,0.7257658062944856,-0.08529295324705599,0.08568338054470676,0.2105153143011551,0.2427616673416288
602,-0.6024743016373396,-0.4034483888175921,0.890931078801419,-0.5203149828609361,-0.5023985589369582,0.7303070378230215,-0.08215931877640348,0.09895017011936608,0.16062404097839744,0.20577019310066283
603,-0.5786979371529454,-0.374038157064492,0.8455810370071972,-0.5009779652541498,-0.48500651221350166,0.7346400043601177,-0.07771997189879554,0.11096835514900966,0.11094103264707955,0.17510648931786246
604,-0.5536127199131797,-0.3457360526215432,0.8002309952129755,-0.4815908502683184,-0.467420469351827,0.7387694977612211,-0.07202186964486135,0.1216844167302838,0.06146149745175433,0.15418094127077697
605,-0.5272702319939965,-0.3186002723656983,0.7548809534187537,-0.4621555765987845,-0.44964746453460147,0.7427000542616012,-0.065114655395212,0.13104719216890315,0.01218089915715248,0.146838888673496
606,-0.5219115536849039,-0.3135590680199681,0.7547797534259304,-0.44267408775671735,-0.4316946067267801,0.7464359631158108,-0.07923746592818659,0.11813553870681204,0.008343790310119559,0.14249280806064726
607,-0.516552365233409,-0.3085184059982579,0.7546785534331071,-0.4231483318747701,-0.4135690768321209,0.7499812748470809,-0.0934040333586389,0.10505067083386299,0.004697278586026199,0.14064857381580909
608,-0.5111926666943973,-0.3034782863521915,0.7545773534402838,-0.4035802615122578,-0.39527812482090974,0.7533398091026414,-0.10761240518213955,0.09179983846871825,0.0012375443376423378,0.14145377905151693
609,-0.5058324581227601,-0.2984387091333868,0.7544761534474604,-0.38397183345991004,-0.37682906683007494,0.756515162113617,-0.12186062466285008,0.07839035769668812,-0.002039008666156583,0.14491106782911856
610,-0.5004717395733935,-0.2933996743934565,0.7543749534546371,-0.36432500854419003,-0.35822928223682704,0.7595107137603188,-0.1361467310292035,0.06482960784337055,-0.005135760305681636,0.1508813655060853
611,-0.48609795797023064,-0.27989116845988765,0.756784643332891,-0.3446417514312205,-0.3394862107070128,0.7623296342454584,-0.14145620653901014,0.05959504224712514,-0.005544990912567438,0.15359744253425633
612,-0.4717567693770022,-0.2663480654230595,0.7591943332111448,-0.3249240304303084,-0.32060734921933826,0.764974890379158,-0.14683273894669385,0.05425928379627876,-0.005780557168013178,0.15664398471006072
613,-0.4574482570672898,-0.252770443922388,0.7616040230893987,-0.3051738172971223,-0.30160024906668353,0.7674492514806304,-0.15227443977016752,0.048829805144295524,-0.005845228391231694,0.1600188163082514
614,-0.4431725041249367,-0.23915838279772417,0.7640137129676525,-0.28539308703651545,-0.2824725128356836,0.7697552949021605,-0.15777941708842125,0.04331413003795942,-0.005741581934508022,0.16371751305470628
615,-0.4289295934435656,-0.22551196108889607,0.7664234028459064,-0.2655838177050335,-0.263231791365801,0.7718954111815078,-0.16334577573853215,0.037719830276904925,-0.005472008335601464,0.1677336308644341
616,-0.4111257111947766,-0.20837122420917195,0.768222458458662,-0.2457479902131001,-0.24388578068908245,0.77387180882917,-0.1653777209816765,0.0355145564799105,-0.005649350370507955,0.1692423985845945
617,-0.3933526948802678,-0.19119848491129388,0.7700215140714176,-0.22588758812693474,-0.2244422189518554,0.7756865187570767,-0.16746510675333307,0.03324373404056152,-0.005665004685659114,0.1708268132084462
618,-0.37561060202418795,-0.17399379877655372,0.7718205696841732,-0.2060045974701957,-0.20490888331957058,0.777341398355284,-0.16960600455399225,0.030915084543016863,-0.005520828671110811,0.17248889466364634
619,-0.35789949005059873,-0.15675722148964247,0.7736196252969288,-0.1861010065253778,-0.18529358686603822,0.7788381352231183,-0.17179848352522092,0.028536365376395756,-0.005218509926189441,0.1742305252712925
620,-0.3402194162832891,-0.1394888088384701,0.7754186809096845,-0.1661788056349928,-0.16560417544830938,0.7801782505609888,-0.17404061064829632,0.02611536660983929,-0.004759569651304307,0.17605340107837678
621,-0.32106744224635997,-0.12071532382068403,0.7764503969970885,-0.14623998700252616,-0.14584852456842748,0.7813631022287947,-0.1748274552438338,0.025133200747743445,-0.0049127052317061715,0.17669309992061014
622,-0.30193484730554854,-0.10192208939828931,0.7774821130844926,-0.12628654449322554,-0.1260345362233393,0.7823938874764594,-0.175648302812323,0.024112446825049982,-0.004911774391966883,0.1773636431189266
623,-0.2828216518263157,-0.08310912557551861,0.7785138291718966,-0.10632047343471225,-0.10617013574419806,0.7832716453517061,-0.17650117839160345,0.023061010168679452,-0.004757816179809526,0.1780649122607411
624,-0.2637278761534729,-0.06427645237760533,0.7795455452593006,-0.08634377041745736,-0.08626326862634384,0.7839972587896967,-0.1773841057360155,0.021986816248738508,-0.004451713530396084,0.17879697651212795
625,-0.24465354061116026,-0.045424089850762295,0.7805772613467047,-0.06635843309511363,-0.06632189735120068,0.7845714563886423,-0.17829510751604663,0.02089780750043839,-0.003994195041937654,0.17956006604063454
626,-0.22495240200427918,-0.025911995861855535,0.780858456593981,-0.0463664599847589,-0.04635399820139721,0.7849948138749364,-0.17858594201952027,0.020442002339541677,-0.004136357280955405,0.17979967630172472
627,-0.20525675088431194,-0.006394362777897709,0.7811396518412573,-0.026369850267042503,-0.026367558070356484,0.7852677552607884,-0.17888690061726945,0.019973195292458775,-0.004128103419531071,0.180045808005868
628,-0.1855665888086088,0.013128807857836974,0.7814208470885337,-0.006370603586275981,-0.006370571267652135,0.7853905536967359,-0.17919598522233282,0.01949937912548911,-0.003969706608202284,0.18029749159829508
629,-0.16588191733408592,0.03265751450163644,0.78170204233581,0.013629280149540351,0.013628963678619457,0.7853633320208057,-0.17951119748362626,0.019028550823016983,-0.0036612896849956833,0.18055403847764542
630,-0.1462027380172254,0.052191755609350896,0.7819832375830863,0.033627800968699426,0.033623047221136695,0.7851860630054648,-0.17983053898592483,0.0185687083882142,-0.0032028254223784858,0.180815037466083
631,-0.12628013964547866,0.07197874814689098,0.7815219554896389,0.053622959035786476,0.053603681993068565,0.7848585693028844,-0.17990309868126514,0.018375066153822416,-0.0033366138132455703,0.18086984536681927
632,-0.10634841600829173,0.09175654864172347,0.7810606733961915,0.07361275485165383,0.07356287600690768,0.7843805230883966,-0.17996117085994556,0.01819367263481579,-0.0033198496922051124,0.18090896645330823
633,-0.08640757134676,0.11152515288550492,0.780599391302744,0.09359518945337977,0.09349264585116929,0.7837514454014016,-0.18000276080013977,0.018032507034335635,-0.0031520540986575973,0.18093120419279965
634,-0.06645760990391963,0.13128455667184866,0.7801381092092966,0.1135682646141561,0.11338501988364241,0.7829707051823518,-0.18002587451807572,0.017899536788206244,-0.0028325959730551853,0.18093571375816567
635,-0.0464985359247467,0.15103475579632572,0.7796768271158492,0.1335299830431127,0.13323204141994396,0.7820375180038213,-0.1800285189678594,0.017802714376381756,-0.0023606908879720834,0.18092201950673803
636,-0.02650766697956827,0.17079817461082952,0.7784619091827835,0.15347834858503784,0.15302577191607933,0.7809509444930636,-0.1799860155646061,0.017772402694750195,-0.0024890353102801077,0.18087846580824046
637,-0.006492801861875393,0.19053729158047494,0.7772469912497177,0.17341136642000265,0.17275829414376465,0.7797098884428689,-0.17990416828187805,0.017778997436710298,-0.002462897193151181,0.18079731297127422
638,0.01354602988588259,0.2102520775698239,0.776032073316652,0.19332704326283448,0.1924217153572057,0.7783130946069631,-0.1797810133769519,0.01783036221261819,-0.002281021290311047,0.18067744088735532
639,0.03360879868588098,0.22994250347935144,0.7748171553835863,0.2132233875624471,0.21200817045009426,0.7767591461756517,-0.17961458887656612,0.017934333029257177,-0.0019419907920653623,0.1805181768319707
640,0.05369547492496339,0.24960854024548876,0.7736022374505206,0.23309840970098727,0.23150982510153895,0.7750464619269026,-0.17940293477602387,0.01809871514394981,-0.0014442244763820389,0.18031933418369284
641,0.07366727116199644,0.26911463658518375,0.7716027022352365,0.2529501221928054,0.25091887890969955,0.7731732930475957,-0.17928285103080893,0.018195757675484203,-0.0015705908123592183,0.18021069065574338
642,0.09367803057456726,0.2885807596475513,0.7696031670199525,0.2727765398831953,0.2702275685118367,0.7711377196192538,-0.17909850930862803,0.018353191135714597,-0.0015345525993013531,0.18004296851895332
643,0.11372767315686336,0.3080068316043111,0.7676036318046684,0.2925756801469099,0.28942817068955534,0.7689376467622203,-0.17884800699004652,0.01857866091475574,-0.0013340149575519211,0.17981533817114762
644,0.13381611874761182,0.3273927747873127,0.7656040965893843,0.3123455630864238,0.30851300545799065,0.7665708004319635,-0.178529444338812,0.01887976932932206,-0.0009667038425791308,0.17952755415860996
645,0.15394328703039992,0.3467385116888463,0.7636045613741003,0.3320842117299144,0.32747443913769303,0.7640347228610073,-0.1781409246995145,0.019264072551153255,-0.0004301614869069992,0.1791800172534845
646,0.1738349762903316,0.36578153886904663,0.7607683112927741,0.351789652228968,0.34630488740800797,0.7613267676398998,-0.17795467593863643,0.019476651461038663,-0.000558456347125702,0.17901820721382372
647,0.19378059625778976,0.3847680717256075,0.757932061211448,0.37145991405595574,0.3649968183406966,0.7584440944306824,-0.17767931779816598,0.019771253384910925,-0.0005120332192344312,0.1787766892289082
648,0.21377998648404162,0.4036979575249892,0.7550958111301218,0.3910930302010885,0.38354275541260996,0.7553836633065133,-0.17731304371704687,0.020155202112379256,-0.00028785217639148986,0.17845512181853926
649,0.23383298608780972,0.4225710439893386,0.7522595610487957,0.4106870373691092,0.40193528049619187,0.7521422287114786,-0.1768540512812995,0.02063576349314672,0.00011733233731703319,0.17805393552637633
650,0.25393943375656625,0.44138717929771387,0.7494233109674695,0.43023997617563103,0.4201670368266409,0.7487163330352061,-0.1763005424190648,0.021220142471072956,0.0007069779322633751,0.17757442248687114
651,0.27370223579773867,0.45977685902588966,0.7456746445186381,0.4497498913430674,0.43823073194451173,0.7451022997977352,-0.17604765554532875,0.02154612708137793,0.0005723447209028398,0.17736217238659757
652,0.29353383559463064,0.4780923255642927,0.7419259780698066,0.4692148318961616,0.45611914061260495,0.7412962264412188,-0.17568099630153095,0.021973184951687763,0.0006297516285878046,0.17705092461078345
653,0.3134339544640095,0.49633332153512827,0.7381773116209752,0.48863285135707546,0.4738251077059589,0.7372939767265044,-0.17519889689306595,0.022508213829169343,0.0008833348944707886,0.17664102989640476
654,0.33340231275977944,0.514499590607098,0.7344286451721438,0.5080020079400462,0.4913415510738144,0.733091172734505,-0.1745996951802668,0.02315803953328366,0.0013374724376388203,0.1761338615502103
655,0.3534386298769112,0.5325908774990021,0.7306799787233124,0.5273203647455568,0.5086614643723737,0.7286831864746114,-0.17388173486864555,0.02392941312662844,0.0019967922487009737,0.17553193929538657
656,0.37303146329493775,0.5501488547519244,0.7259158862673087,0.5465859899540265,0.5257779198672481,0.7240651311052729,-0.17355452665908877,0.024370934884676343,0.001850755162035811,0.175267057616893
657,0.39270772187881314,0.5676132910354448,0.7211517938113051,0.5657969570189859,0.5426840712044526,0.7192318517753863,-0.17308923514017277,0.024929219830992166,0.0019199420359188313,0.17488577843899497
658,0.41246695904566544,0.5849837899673913,0.7163877013553015,0.5849513448597394,0.5593731561488667,0.7141779160993728,-0.172484385814074,0.025610633818524575,0.0022097852559287423,0.17438936626159923
659,0.43230872632929646,0.6022599572976444,0.7116236088992979,0.6040472380534647,0.5758384992890305,0.708897604283927,-0.17173851172416826,0.02642145800861384,0.0027260046153708695,0.17378043892710207
660,0.4522325733903604,0.6194414009170848,0.7068595164432943,0.6230827270267574,0.5920735147072245,0.7033848989304824,-0.170850153636397,0.027367886209860304,0.0034746175128118617,0.1730631363405756
661,0.47377941477673025,0.6378441855542686,0.7010733458823354,0.6420559082465795,0.6080717086137423,0.6976334745446516,-0.1682764934698493,0.029772476940526316,0.003439871337683753,0.1709245779649674
662,0.4954323765290069,0.6561219891281774,0.6952871753213765,0.6609648844106218,0.6238266819443293,0.6916366867923863,-0.16553250788161494,0.0322953071838481,0.0036504885289901923,0.16869298769710706
663,0.5171907337130388,0.6742741997038632,0.6895010047604176,0.6798077646370254,0.6393321329197169,0.6853875615526078,-0.1626170309239866,0.03494206678414624,0.004113443207809819,0.16637958766839286
664,0.5390537578660695,0.6923002095511906,0.6837148341994588,0.6985826646534714,0.6545818595662526,0.6788787838277314,-0.15952890678740195,0.03771834998493806,0.004836050371727407,0.16399857746202479
665,0.5610207170211261,0.7101994151651844,0.6779286636384999,0.7172877069856007,0.6695697621966022,0.672102686587147,-0.15626698996447463,0.04062965296858212,0.005825977051352904,0.16156757985904077
666,0.5820375896031167,0.7271230678507645,0.670818956915378,0.7359210211447693,0.6842898458495512,0.6650512396345386,-0.15388343154165263,0.04283322200121331,0.005767717280839357,0.15983761125802465
667,0.603174252201254,0.743896870268889,0.663709250192256,0.7544807438150888,0.6987362226879031,0.6577160386082651,-0.1513064916138348,0.04516064758098581,0.0059932115839909095,0.15801600260578655
668,0.6244296364055035,0.760519974542144,0.6565995434691341,0.7729650190397587,0.7129031143535387,0.6500882942451496,-0.14853538263425514,0.04761686018860534,0.006511249223984494,0.15611701263790123
669,0.645802667804725,0.7769915404105632,0.6494898367460121,0.7913719984066616,0.7267848542786822,0.6421588220623271,-0.14556933060193666,0.05020668613188095,0.007331014683685022,0.154158636217805
670,0.6672922660409806,0.7933107352741001,0.6423801300228902,0.8096998412331966,0.7403758899524486,0.6339180326396285,-0.14240757519221603,0.05293484532165149,0.008462097383261646,0.15216314407069023
671,0.6877459477389571,0.808615201403412,0.6337333991261338,0.827946714750356,0.7536707851417809,0.6253559227167048,-0.14020076701139883,0.05494441626163116,0.008377476409428986,0.150815536533563
672,0.7083311967733097,0.8237422401320953,0.6250866682293774,0.8461107942859937,0.7666642220658663,0.61646206735519,-0.13777959751268398,0.05707801806622903,0.008624600874187371,0.14938373866443763
673,0.7290464740778204,0.8386907204796965,0.616439937332621,0.8641902634472943,0.7793510035231799,0.607225613456968,-0.1351437893694739,0.05933971695651663,0.009214323875653019,0.14788492004969833
674,0.749890230864644,0.8534595248157671,0.6077932064358647,0.8821833143024047,0.791726054970291,0.5976352749755627,-0.1322930834377607,0.06173346984547612,0.010157931460301972,0.1463409197599387
675,0.770860908740104,0.8680475489434236,0.5991464755391083,0.9000881475612352,0.803784426551621,0.5876793302090884,-0.12922723882113119,0.06426312239180265,0.011467145330019912,0.14477887820706886
676,0.8022419660049891,0.8894771874382396,0.6561464757107118,0.9179029727553806,0.8155212950793129,0.5773456216204795,-0.11566100675039148,0.07395589235892663,0.0788008540902323,0.15829250488405736
677,0.8323512304741711,0.9126597747443481,0.7131464758823154,0.9356260084171686,0.8269319659624466,0.5666215586940145,-0.10327477794299744,0.08572780878190156,0.14652491718830085,0.19870704143225557
678,0.8610909036300516,0.9375200110258812,0.770146476053919,0.953255482257799,0.8380118750848067,0.5554941244066477,-0.0921645786277474,0.09950813594107455,0.21465235164727126,0.25391299836716
679,0.8883676355525822,0.9639771472410291,0.8271464762255225,0.9707896313445805,0.8487565906304755,0.5439498859681842,-0.08242199579199827,0.11522055661055364,0.28319659025733834,0.3166535500975234
680,0.9140928281310491,0.9919452474246542,0.8841464763971261,0.9882267022772163,0.8591618148564958,0.5319750105656659,-0.07413387414616723,0.1327834325681584,0.3521714658314602,0.38360397887193737
681,0.938182921536626,1.0213334662269147,0.8276058860375737,1.0055649513631455,0.8692233858119127,0.5195552869336455,-0.06738202982651953,0.15211008041500196,0.3080505991039282,0.3501042503536474
682,0.9638952611885035,1.0493133803491101,0.7710652956780213,1.0228026447919047,0.8789372790024944,0.5066761536623483,-0.0589073836034012,0.17037610134661574,0.264389142015673,0.3199995533885231
683,0.9911476707885317,1.0757955663550132,0.7145247053184689,1.0399380588085174,0.8882996090004824,0.4933227352482483,-0.0487903880199857,0.18749595735453073,0.22120197007022058,0.2940502466422695
684,1.0198530519953333,1.1006953875276875,0.6579841149589165,1.0569694798858615,0.8973066309987076,0.4794798869840495,-0.03711642789052827,0.20338875652897992,0.17850422797486704,0.2731453366006104
685,1.0499196627894538,1.1239332643673177,0.6014435245993641,1.0738952048960235,0.9059547423084627,0.4651322498740918,-0.023975542106569714,0.21797852205885493,0.13631127472527232,0.2582057828854638
686,1.047667038717783,1.122387382939439,0.5631996836214258,1.090713541280604,0.9142404838005289,0.4502643168426439,-0.04304650256282083,0.20814689913891016,0.11293536677878191,0.24069177400462313
687,1.0453569557465634,1.120928759868385,0.5249558426434875,1.1074228072199814,0.9221605412887859,0.4348605115707623,-0.06206585147341803,0.19876821857959914,0.09009533107272522,0.22688795322258
688,1.042992792171433,1.1195595282636672,0.4867120016655492,1.124021331801486,0.9297117468558371,0.4189052813456625,-0.08102853963005296,0.1898477814078301,0.06780672031988666,0.21726839544810383
689,1.040578005376215,1.1182816905075448,0.44846816068761086,1.1405074551864933,0.936891080120138,0.4023832053261955,-0.09992944981027829,0.18139061038740678,0.04608495536141538,0.21216095679168817
690,1.0381161267767935,1.1170971153267135,0.41022431970967255,1.1568795287764002,0.9436956694441047,0.3852791196091139,-0.11876340199960667,0.17340144588260886,0.024945200100558673,0.21164845876300734
691,1.0483906050841987,1.121565464625861,0.39054793078741024,1.1731359153774927,0.9501227930827353,0.36757826041131964,-0.12474531029329405,0.17144267154312576,0.0229696703760906,0.2132641269018317
692,1.0587510098263269,1.1258307973828472,0.3708715418651479,1.1892749893646573,0.9561698802722672,0.3492664265498517,-0.1305239795383304,0.16966091711057996,0.02160511531529624,0.2151467337356364
693,1.0691933299953778,1.129891462283521,0.3511951529428856,1.2052951368439446,0.9618345122584524,0.3303301621888942,-0.13610180684856688,0.1680569500250686,0.020864990753991397,0.21726064558114788
694,1.0797135228701744,1.13374588725044,0.3315187640206233,1.2211947558139582,0.9671144232640236,0.31075696051584134,-0.14148123294378379,0.16663146398641637,0.02076180350478196,0.21957694904137995
695,1.090307515581294,1.1373925800514961,0.311842375098361,1.236972256326048,0.9720075013949759,0.29053548859030254,-0.14666474074475389,0.1653850786565202,0.021306886508058454,0.2220737576406013
696,1.1061819566825113,1.1425098669109564,0.29037216893736884,1.2526260606433117,0.9765117894852975,0.2696558330657038,-0.14644410396080043,0.16599807742565886,0.020716335871665048,0.22232949391802337
697,1.1221625998686722,1.1472851730199543,0.2689019627763767,1.2681546033983628,0.9806254858798085,0.24810976580033245,-0.14599200352969066,0.16665968714014578,0.02079219697604423,0.22253411394066103
698,1.1382420788296177,1.1517162971913728,0.2474317566153845,1.2835563317498675,0.9843469451548001,0.22589102754483356,-0.1453142529202498,0.16736935203657266,0.021540729070550935,0.22269426376043772
699,1.1544129816966366,1.1558011968894633,0.2259615504543923,1.2988297055378224,0.9876746787761803,0.2029956269152212,-0.14441672384118576,0.16812651811328294,0.022965923539171124,0.22282313583181712
700,1.1706678544589812,1.1595379891713555,0.20449134429340013,1.3139731974375781,0.9906073556948702,0.17942215074251594,-0.14330534297859687,0.1689306334764853,0.02506919355088419,0.2229404510587336
701,1.1892823675947741,1.1633984572899934,0.1796938740628697,1.328985293112564,0.9931438028792042,0.15517208065333724,-0.13970292551778996,0.17025465441078913,0.024521793409532477,0.22159619378226286
702,1.2079868778891403,1.1667961930103776,0.1548964038323393,1.3438644913657243,0.9952830057841277,0.13025010941636972,-0.135877613476584,0.17151318722624997,0.024646294415969577,0.22019750013348763
703,1.226769884256293,1.1697291071225058,0.13009893360180888,1.3586093042896297,0.9970241087570001,0.10466444924219856,-0.1318394200333366,0.17270499836550568,0.02543448435961032,0.2187591418199366
704,1.2456198373445435,1.1721953962272897,0.10530146337127846,1.373218257415277,0.9983664153798475,0.07842712292189793,-0.1275984200707334,0.17382898084744225,0.02687434044938053,0.21730186736794738
705,1.2645251466378007,1.1741935438454354,0.08050399314074805,1.3876898898595273,0.9993093887479177,0.051554227525755024,-0.12316474322172666,0.17488415509751765,0.028949765614993024,0.2158520572202394
706,1.2845778847104004,1.1758113658216485,0.052460335516818495,1.4020227544711974,0.9998526516844362,0.024066159466105345,-0.11744486976079704,0.1759587141372123,0.02839417605071315,0.21345021842938147
707,1.3046681017936188,1.1768662732603186,0.02441667789288894,1.4162154179757676,0.9999959868914717,-0.004012210822560227,-0.11154731618214875,0.17687028636884683,0.028428888715449168,0.21103104904547468
708,1.3247799990373208,1.177357436587307,-0.0036269797310406124,1.4302664611187157,0.999739337036853,-0.03265142639572878,-0.1054864620813949,0.17761809955045393,0.029024446664688168,0.20860968691447637
709,1.3448977605421968,1.1772844695541347,-0.031670637354970166,1.4441744788074369,0.9990828047770997,-0.06181740477477093,-0.0992767182652401,0.17820166477703503,0.03014676741980076,0.20620506226736088
710,1.3650055657973108,1.1766474295417255,-0.05971429497889972,1.457938080251753,0.9980266527163616,-0.0914714824314205,-0.09293251445444217,0.17862077682536392,0.031757187452520784,0.20383903726081548
711,1.385637974339074,1.1754139133071115,-0.09030904419421948,1.4715558891029872,0.9965713033013819,-0.12157055086072027,-0.08591791476391308,0.17884261000572965,0.03126150666650079,0.20085778309565258
712,1.4062229940352373,1.1735498294453028,-0.12090379340953925,1.4850265435916035,0.9947173386525217,-0.1520672896241892,-0.07880354955636615,0.17883249079278118,0.03116349621464995,0.19789447360185003
713,1.426741358014094,1.171056922674796,-0.151498542624859,1.4983486966633788,0.9924655003309216,-0.18291049838327378,-0.07160733864928481,0.17859142234387437,0.03141195575841477,0.19495952925622814
714,1.4471738617914005,1.1679375262707412,-0.18209329184017878,1.5115210161141086,0.9898166890418857,-0.21404552605890018,-0.0643471543227081,0.17812083722885552,0.0319522342187214,0.19206388050882156
715,1.4675013812451145,1.164194559881077,-0.21268804105549854,1.5245421847228224,0.9867719642746133,-0.24541479105467268,-0.0570408034777079,0.17742259560646367,0.03272674999917413,0.18921805109086628
716,1.487848787772167,1.1598004515738785,-0.24456989204383972,1.5374109003835117,0.9833325438784152,-0.2769583822343691,-0.0495621126113448,0.17646790769546328,0.03238849019052936,0.18613527271781724
717,1.508045785515175,1.1547599731877085,-0.2764517430321809,1.550125876235334,0.9794998035755915,-0.30861472634854564,-0.04208009072015906,0.175260169612117,0.032162983316364746,0.18308828084640913
718,1.5280718469257184,1.1490782476950727,-0.3083335940205221,1.5626858407913,0.9752752764111607,-0.3403213041667633,-0.034613993865581616,0.17380297128391198,0.031987710146241244,0.18008002387506172
719,1.5479066181893089,1.1427610498104432,-0.34021544500886325,1.5750895380654217,0.9706606521396621,-0.37201539497002895,-0.027182919876112877,0.1721003976707811,0.0317999499611657,0.17711209678891168
720,1.5675299399123226,1.1358148001210338,-0.3720972959972044,1.5873357276983062,0.9656577765492774,-0.4036348275127553,-0.01980578778598363,0.17015702357175633,0.03153753151555089,0.1741846657852436
721,1.5866951551708957,1.1283350394249443,-0.4036756946784537,1.5994231850811964,0.9602686507235386,-0.43511871520880985,-0.012728029910300753,0.16806638870140567,0.031443020530356136,0.1714554673861463
722,1.6056146558813884,1.120253901581554,-0.435254093359703,1.6113507014784265,0.9544954302409214,-0.46640815416292103,-0.005736045597038109,0.1657584713406326,0.03115406080321803,0.1687582547456723
723,1.62426957717505,1.1115794443936087,-0.4668324920409523,1.6231170841482976,0.9483404243126435,-0.49744686468148896,0.0011524930267523548,0.16323902008096514,0.03061437264053668,0.16608896931868802
724,1.642641317998547,1.1023203172699292,-0.49841089072220157,1.6347211564623458,0.9418060948590116,-0.528181759882355,0.007920161536201231,0.16051422241091762,0.02977086916015348,0.16344371877038294
725,1.6607115596613042,1.092485752600979,-0.5299892894034508,1.646161758023011,0.934895055524683,-0.5585634287330091,0.014549801638293225,0.15759069707629603,0.028574139329558323,0.16081979346812875
726,1.6779948995933711,1.0823593983632855,-0.559795079596039,1.6574377447796707,0.927610070633246,-0.5885465249860494,0.020557154813700462,0.15474932773003958,0.0287514453900104,0.15873435878519934
727,1.6949687836602023,1.0717224745109488,-0.5896008697886272,1.668547989143047,0.9199540540815242,-0.6180900577424485,0.026420794517155288,0.15176842042942462,0.02848918795382127,0.15666315984566537
728,1.7116181336319336,1.0605844300293783,-0.6194066599812155,1.6794913800979598,0.9119300681740611,-0.6471575834684962,0.03212675353397376,0.14865436185531722,0.0277509234872807,0.15459741700830967
729,1.7279281595686216,1.0489551590591413,-0.6492124501738037,1.6902668233144347,0.9035413223982338,-0.6757173029780909,0.03766133625418688,0.14541383666090746,0.02650485280428716,0.15253218467940768
730,1.7438843729584328,1.0368449921068057,-0.6790182403663919,1.7008732412571288,0.8947911721405041,-0.7037420699869326,0.043011131701303995,0.14205381996630162,0.02472382962054065,0.15046764758030504
731,1.7589813149187918,1.0246611727061778,-0.7060847180480306,1.7113095732930879,0.8856831173443074,-0.7312093202389199,0.04767174162570398,0.13897805536187047,0.0251246021908893,0.14905951984709145
732,1.7737429944381946,1.0120732447786747,-0.7331511957296694,1.7215747757978035,0.8762208011101247,-0.7581009318558724,0.05216821864039112,0.13585244366854998,0.024949736126202993,0.14764788796185116
733,1.7881585978558279,0.9990904296044881,-0.7602176734113081,1.7316678222595798,0.8664080082382859,-0.7844030284895931,0.056490775596248044,0.13268242136620223,0.02418535507828501,0.14622162653768703
734,1.8022175650287504,0.9857222377382613,-0.7872841510929468,1.7415877033821823,0.8562486637151049,-0.8101057371275008,0.06062986164656814,0.1294735740231564,0.022821586034553976,0.14477641825499174
735,1.8159095970677206,0.9719784620421368,-0.8143506287745855,1.7513334271857652,0.8457468311429333,-0.8352029121201988,0.06457616988195536,0.12623163089920353,0.020852283345613287,0.14331547047273596
736,1.8288808225672841,0.9582335214696174,-0.8383106380287761,1.7609040191060688,0.8349067111147797,-0.8596918362790572,0.06797680346121537,0.12332681035483772,0.021381198250281064,0.14243420796887465
737,1.841519027577227,0.9441817651228375,-0.8622706472829668,1.7702985220918765,0.823732639534121,-0.8835729088565338,0.07122050548535053,0.12044912558871645,0.02130226157356707,0.14154200297022754
738,1.853816957078083,0.9298312594768823,-0.8862306565371574,1.7795159967007192,0.8122290858806044,-0.9068493289873355,0.07430096037736367,0.11760217359627789,0.02061867245017812,0.1406272861189299
739,1.8657675513870997,0.9151902425052403,-0.910190665791348,1.7885555211928177,0.8004006514223111,-0.9295267818372679,0.07721203019428202,0.11478959108292919,0.019336116045919893,0.13968619549350642
740,1.877363950210883,0.9002671189507571,-0.9341506750455386,1.7974161916232538,0.7882520673753163,-0.9516131333632378,0.07994775858762915,0.11201505157544078,0.017462458317699214,0.13872257686884235
741,1.8884530628040275,0.8852685148378654,-0.955093588333671,1.8060971219323696,0.7757881930112588,-0.9731181382979247,0.08235594087165787,0.10948032182660661,0.018024549964253733,0.13817860277744612
742,1.8992256521087,0.8700409784937438,-0.9760365016218033,1.814597444034368,0.7630140137137015,-0.9940531647825135,0.08462820807433213,0.10702696478004237,0.018016663160710156,0.13762741348781998
743,1.9096769933794175,0.8545911885572532,-0.9969794149099357,1.8229163079041226,0.7499346389840432,-1.0144309380104182,0.08676068547529492,0.10465654957321002,0.01745152310048248,0.13705825612213038
744,1.919802502766739,0.8389259211453655,-1.017922328198068,1.8310528816621792,0.7365553003977854,-1.0342653043291206,0.08874962110455975,0.10237062074758008,0.01634297613105251,0.13646732981658263
745,1.929597739327694,0.823052046881229,-1.0388652414862003,1.8390063516579414,0.722881349511976,-1.0535710164801917,0.09059138766975261,0.10017069736925299,0.014705774993991394,0.13585738091670904
746,1.939067920652956,0.8069603622844425,-1.0571284619284618,1.8467759225510378,0.7089182557246515,-1.0723635400346438,0.09229199810191813,0.09804210655979095,0.015235078106182076,0.13550710378879527
747,1.9482426530092822,0.7906984148707537,-1.0753916823707232,1.854360817390854,0.6946716040871542,-1.090658880591542,0.09388183561842833,0.09602681078359943,0.01526719822081879,0.1351592941305502
748,1.9571188762936003,0.7742716285842419,-1.0936549028129847,1.8617602776942273,0.6801470930701856,-1.1084734309385513,0.09535859859937301,0.0941245355140563,0.01481852812556661,0.13480459668861963
749,1.9656936299663446,0.7576854823486766,-1.1119181232552462,1.868973563521292,0.665350532284497,-1.125823837107909,0.09672006644505249,0.09233495006417958,0.013905713852662815,0.13443914286487416
750,1.973964054038903,0.7409455082400991,-1.1301813436975077,1.8759999535494778,0.6502878401571169,-1.1427268820842833,0.09796410048942517,0.09065766808298215,0.012545538386775634,0.1340640455169111
751,1.9820231351531041,0.7238542384816082,-1.1461908921004098,1.8828387451456365,0.6349650415640629,-1.1591993858163752,0.0991843900074676,0.08888919691754538,0.013008493715965352,0.13382097540579319
752,1.9898075716733188,0.7066361422330236,-1.162200440503312,1.8894892544363082,0.6193882654204694,-1.1752581201377648,0.10031831723701057,0.08724787681255419,0.013057679634452812,0.13359064255777844
753,1.9973153684471767,0.6892956324952672,-1.178209988906214,1.895950816376105,0.6035637422291092,-1.1909197372013636,0.10136455207107176,0.0857318902661579,0.012709748295149481,0.13336516459294614
754,2.0045446012251205,0.6718371536438585,-1.1942195373091162,1.902222784814218,0.5874978015882669,-1.2062007100649477,0.10232181641090254,0.08433935205559162,0.011981172755831437,0.1331406358681997
755,2.011493417153591,0.6542651802898208,-1.2102290857120184,1.9083045325590295,0.5711968696599886,-1.2211172841230187,0.10318888459456144,0.08306831062983222,0.010888198411000305,0.1329166769047486
756,2.018283364169,0.6362571276201344,-1.2244109979451205,1.9141954514408346,0.5546674665997017,-1.2356854381550875,0.10408791272816553,0.08158966102043275,0.01127444020996693,0.13273386667909381
757,2.02481724831463,0.6181545946648336,-1.2385929101782227,1.9198949523726523,0.5379162039482439,-1.2499208538459183,0.10492229594197755,0.08023839071658967,0.011327943667695628,0.13257152725326243
758,2.0310937554743766,0.599961222264426,-1.2527748224113249,1.9254024654091402,0.5209497819873273,-1.2638388927244983,0.10569129006523648,0.07901144027709872,0.011064070313173469,0.13242307254481878
759,2.037111623296637,0.5816806695293452,-1.266956734644427,1.9307174398035836,0.5037749870595203,-1.2774545795615464,0.1063941834930533,0.07790568246982488,0.010497844917119359,0.1322846264315947
760,2.0428696414481937,0.5633166131040178,-1.2811386468775292,1.935839344062973,0.4863986888537981,-1.2907825913575508,0.10703029738522063,0.0769179242502197,0.009643944480021593,0.13215467186015423
761,2.048480898380631,0.544489420313523,-1.293881456254877,1.94076766600115,0.4688278376577654,-1.3038372511423686,0.10771323237948094,0.07566158265575756,0.009955794887491543,0.13200732317357206
762,2.0538517949074278,0.5255922548321412,-1.306624265632225,1.9455019127900275,0.45106946157762406,-1.3166325258920903,0.10834988211740026,0.07452279325451716,0.010008260259865454,0.13188445299859738
763,2.0589814589185536,0.5066281851247908,-1.3193670750095727,1.9500416110088725,0.433130663727031,-1.3291820279480693,0.10893984790968103,0.07349752139775978,0.009814952938496546,0.1317805350398286
764,2.063869057474588,0.48760029052009707,-1.3321098843869206,1.954386306691646,0.415018619385944,-1.3414990193963932,0.10948275078294212,0.07258167113415309,0.009389135009472582,0.13169179002448203
765,2.0685137969419722,0.4685116607103802,-1.3448526937642684,1.9585355653724,0.39674057313061206,-1.3535964189332585,0.10997823156957232,0.07177108757976813,0.008743725168990135,0.13161593050001225
766,2.073002484081125,0.4489844778889828,-1.3564980525399875,1.9624889721287242,0.37830383593583167,-1.3654868108028255,0.110513511952401,0.07068064195315116,0.00898875826283807,0.13149063558318808
767,2.0772634709483935,0.42940634794533294,-1.3681434113157065,1.9662461316232376,0.3597157822506608,-1.3771824554492114,0.1110173393251559,0.06969056569467214,0.00903904413350487,0.13138998780929873
768,2.081296179699211,0.40977992592539886,-1.3797887700914255,1.9698066681431217,0.3409838470487362,-1.3886953015737538,0.11148951155608944,0.06879607887666267,0.008906531482328228,0.1313093216754435
769,2.0851000634464576,0.39010787342417497,-1.3914341288671446,1.9731702256376917,0.3221155228543811,-1.4000369993327406,0.11192983780876586,0.06799235056979386,0.008602870465596046,0.13124502927025544
770,2.0886746063346227,0.37039285822473517,-1.4030794876428636,1.9763364677540007,0.30311835674570226,-1.4112189144499225,0.11233813858062192,0.06727450147903291,0.008139426807058925,0.13119438325537752
771,2.092075646392087,0.35030488794060133,-1.413925874255576,1.979305077870476,0.2839999473358494,-1.422252143052719,0.11277056852161094,0.06630494060475195,0.008326268797143044,0.13108345824462103
772,2.095258608775455,0.33018121098844405,-1.4247722608682885,1.9820757591285796,0.26476794173367757,-1.4331475270714018,0.1131828496468752,0.06541326925476648,0.008375266203113352,0.13099388662360067
773,2.098223119031644,0.310024194776969,-1.4356186474810009,1.984648234462495,0.24543003248500284,-1.4439156700672382,0.1135748845691491,0.06459416229196618,0.008297022586237324,0.1309217353646557
774,2.1009688284069257,0.28983621063701065,-1.4464650340937133,1.9870222466268317,0.22599395449569257,-1.4545669533788361,0.11394658178009398,0.06384225614131808,0.008101919285122827,0.13086366288884
775,2.1034954138879507,0.26961963354256185,-1.4573114207064257,1.9891975582223522,0.20646748193779657,-1.4651115524962097,0.11429785566559847,0.06315215160476528,0.007800131789784004,0.13081680365305995
776,2.10583115096401,0.24912614807160047,-1.4676230111037678,1.9911739517197096,0.18685842513998854,-1.4755594535896255,0.1146571992443004,0.062267722931611924,0.007936442485857675,0.13071545347420296
777,2.1079554471798976,0.22860966737865146,-1.47793460150111,1.9929512294812013,0.1671746274635352,-1.4859204701354887,0.11500421769869629,0.06143503991511626,0.007985868634378779,0.13062927817188077
778,2.1098680766635423,0.20807237293913786,-1.488246191898452,1.9945292137805317,0.14742396216506348,-1.4962042595945497,0.11533886288301054,0.060648410774074374,0.007958067696097748,0.13055502235464725
779,2.111568836048964,0.1875164484415658,-1.498557782295794,1.9959077468205864,0.12761432924735241,-1.5064203401089062,0.11566108922837759,0.05990211919421337,0.007862557813112181,0.130489736227862
780,2.113057544497896,0.1669440795553373,-1.5088693726931361,1.99708669074921,0.10775365229944407,-1.516578107193738,0.1159708537486861,0.05919042725589323,0.007708734500601944,0.13043071028532774
781,2.114343056852183,0.14621209520751496,-1.5188864618199704,1.998065927672992,0.0878498753273104,-1.5266868504077726,0.11627712917919086,0.05836221988020457,0.007800388587802187,0.13033558816232924
782,2.1154208340495906,0.12546827411967965,-1.5289035509468047,1.9988453596690559,0.06791095957636362,-1.536755769993164,0.11657547438053473,0.05755731454331603,0.007852219046359243,0.13024723808371882
783,2.1162907679446237,0.10471469775246894,-1.538920640073639,1.999424908794852,0.04794488034705368,-1.5467939934810255,0.11686585914977177,0.056769817405415264,0.007873353407386485,0.1301630934517772
784,2.11695277124704,0.0839534485453773,-1.5489377292004733,1.9998045170959504,0.02795962380486148,-1.5568105922633153,0.11714825415108954,0.05599382474051582,0.007872863062841962,0.13008075888664752
785,2.1174067775306105,0.06318660970780136,-1.5589548183273076,1.9999841466118375,0.007963183785935567,-1.5668145981353296,0.11742263091877292,0.0552234259218658,0.007859779808021994,0.129997989065465
786,2.1176530420999358,0.042390858948756494,-1.5689044040665965,1.9999637793797111,-0.012036441400328576,-1.5768150198156834,0.11768926272022462,0.05442730034908507,0.007910615749086913,0.12990639485587024
787,2.117692388788568,0.021593687321140545,-1.5788539898058853,1.999743417436278,-0.03203125217051633,-1.5868208594525117,0.11794897135228988,0.05362493949165688,0.007966869646626407,0.12981165198283817
788,2.117524813701443,0.0007971536085096056,-1.5888035755451742,1.9993230828175483,-0.05201325086691355,-1.5968411291256488,0.11820173088389474,0.05281040447542316,0.008037553580474643,0.12971195115472386
789,2.117150333427395,-0.01999668346872963,-1.598753161284463,1.998702817556634,-0.07197444495646654,-1.606884867354864,0.11844751587076119,0.05197776148773692,0.008131706070400924,0.12960565708658586
790,2.1165689850375147,-0.04078576545711968,-1.6087027470237518,1.997882683679544,-0.09190685022768164,-1.6169611556237677,0.11868630135797065,0.05112108477056196,0.00825840860001592,0.12949133079383665
791,2.1157846776003226,-0.06146647706781967,-1.6188089357449655,1.9968627631989828,-0.111802493984214,-1.6270791349278113,0.11892191440133981,0.05033601691639433,0.008270199182845772,0.12940066660729022
792,2.1147914105987433,-0.08213820635069655,-1.6289151244661793,1.9956431581061487,-0.13165341823383273,-1.6372480223527806,0.11914825249259464,0.04951521188313618,0.008332897886601298,0.12929616957613044
793,2.113589285479288,-0.10279884201560655,-1.639021313187393,1.994223990360534,-0.15145168287151517,-1.6474771276873965,0.11936529511875382,0.048652840855908625,0.008455814500003545,0.1291769073828447
794,2.1121784250200215,-0.12344627390544348,-1.6491275019086067,1.9926054018777313,-0.1711893688553761,-1.6577758700698915,0.11957302314229024,0.04774309494993263,0.00864836816128478,0.12904226149071504
795,2.110558973318022,-0.14407839321165794,-1.6592336906298204,1.9907875545152398,-0.1908585813741894,-1.668153794663767,0.11977141880278208,0.04678018816253146,0.008920104033946608,0.12889199751159766
796,2.108751364021857,-0.1644645085449426,-1.669728008748029,1.9887706300562809,-0.21045145300520013,-1.6786205893521406,0.11998073396557607,0.04598694446025753,0.008892580604111577,0.1287992762926476
797,2.1067299198087692,-0.184830532041024,-1.6802223268662377,1.9865548301916196,-0.22996014686099078,-1.689186101433152,0.12017508961714962,0.045129614819966773,0.008963774566914218,0.1286821026902147
798,2.104494863299808,-0.20517422079580286,-1.6907166449844464,1.984140376499396,-0.24937685972413318,-1.699860354290574,0.12035448680041205,0.04420263892833032,0.009143709306127512,0.12854058970260665
799,2.10204644064108,-0.2254933343648982,-1.701210963102655,1.981527510422967,-0.2686938251683646,-1.7106535640039524,0.12051893021811311,0.043200490803466385,0.009442600901297338,0.12837545582532506
800,2.099384921476644,-0.245785635010387,-1.7117052812208637,1.9787164932467636,-0.2879033166650653,-1.7215761558510787,0.12066842822988044,0.0421176816546783,0.009870874630214965,0.1281881540759522
801,2.0965600998241647,-0.26569991898304995,-1.7228370401284736,1.9757076060701602,-0.30699765067375967,-1.7326387806421168,0.12085249375400453,0.041297731690709716,0.009801740513643242,0.1280894297218016
802,2.093513776760534,-0.28558152453451807,-1.7339687990360835,1.9725011497793674,-0.325969189715432,-1.7438523308090974,0.12101262698116644,0.04038766518091391,0.009883531773013932,0.1279566472988282
803,2.0902463297701943,-0.30542798804007737,-1.7451005579436933,1.9690974450173422,-0.344810345427416,-1.7552279561563868,0.12114888475285213,0.03938235738733864,0.010127398212693484,0.12779118336099082
804,2.0867581637381103,-0.3252368502296326,-1.7562323168513032,1.9654968321517237,-0.3635135815986424,-1.7667770791568955,0.12126133158638663,0.038276731369009775,0.010544762305592315,0.1275954964506208
805,2.083049710899597,-0.3450056564924472,-1.767364075758913,1.961699671240799,-0.3820714171840091,-1.7785114096548387,0.12135003965879787,0.03706576069156192,0.011147333895925593,0.12737333234952755
806,2.0792122183127435,-0.3642760574020367,-1.7794106866376285,1.9577063419974947,-0.4004764292967199,-1.7904429588085071,0.12150587631524878,0.03620037189468317,0.011032272170878654,0.12726294014245565
807,2.075142866766107,-0.3834988323983881,-1.7914572975163439,1.9535172437514072,-0.41872125617732653,-1.80258405207521,0.1216256230146997,0.035222423778938416,0.011126754558866248,0.1271110379848667
808,2.0708422468002348,-0.4026711918901044,-1.8035039083950593,1.94913279540887,-0.43679860013833777,-1.814947341005158,0.1217094513913648,0.03412740824823335,0.011443432610098725,0.12692053695769825
809,2.066310982517134,-0.4217903536020404,-1.8155505192737746,1.944553435411064,-0.45470123048319755,-1.8275458135709115,0.1217575471060699,0.032910876881157125,0.01199529429713686,0.12669614508598293
810,2.0615497314897024,-0.44085354297906354,-1.82759713015249,1.9397796216901726,-0.4724219863984661,-1.8403928027138892,0.12177010979952985,0.03156844341940257,0.01279567256139913,0.12644467365932074
811,2.056701562382125,-0.45931580645690173,-1.84087356785132,1.9348118316235898,-0.4899537798180512,-1.8535019927388603,0.12188973075853538,0.030637973361149484,0.012628424887540346,0.12631416781662697
812,2.051608714656476,-0.47771207832008467,-1.8541500055501499,1.9296505619861817,-0.5072895982583422,-1.8668874231310342,0.12195815267029442,0.029577519938257524,0.012737417580884314,0.12613826736989328
813,2.0462720859842523,-0.49603911601949435,-1.8674264432489798,1.9242963289006125,-0.5244225076230977,-1.8805634893080148,0.12197575708363972,0.02838339160360337,0.013137046059034985,0.12592173844975219
814,2.040692617006075,-0.5142936892093102,-1.8807028809478097,1.9187496677857283,-0.541345654977011,-1.894544939750472,0.12194294922034676,0.02705196576770086,0.013842058802662205,0.12567216998345054
815,2.0348712911658913,-0.5324725803163936,-1.8939793186466396,1.9130111333030182,-0.5580522712867794,-1.9088468688807356,0.12186015786287308,0.025579690970385816,0.014867550234096027,0.1254004095466524
816,2.0290101339797153,-0.5499724536545721,-1.9088444529127486,1.9070812993011486,-0.5745356741286307,-1.9234847049782011,0.12192883467856674,0.024563220474058567,0.014640252065452497,0.1252370931739892
817,2.022889495971689,-0.5673832698556599,-1.9237095871788576,1.9009607587585777,-0.5907892703612041,-1.9384741923347701,0.12192873721311148,0.0234060005055442,0.014764605155912491,0.12502980198120578
818,2.016510729607856,-0.5847011816838505,-1.9385747214449667,1.89465012372426,-0.6068065587627183,-1.9538313667637117,0.12186060588359626,0.022105377078867727,0.015256645318745043,0.12478549670734213
819,2.009875244392404,-0.6019223624322451,-1.9534398557110757,1.8881500252564394,-0.6225811326313736,-1.9695725234828305,0.12172521913596479,0.02065877019912854,0.016132667771754816,0.12451536744222726
820,2.0029845065562104,-0.6190430067684319,-1.9683049899771847,1.8814611133595462,-0.6381066823479474,-1.9857141762998443,0.12152339319666416,0.019063675579515493,0.01740918632265953,0.12423541600143308
821,1.9961010657127445,-0.6354376309836356,-1.9851596801329345,1.8745840569191952,-0.6533769978995605,-2.0022730069375108,0.12151700879354932,0.017939366915924904,0.017113326804576223,0.12402044293500951
822,1.9889422893436706,-0.651713913787176,-2.0020143702886846,1.8675195436353014,-0.6683859713635882,-2.019265803252276,0.1214227457083692,0.016672057576412214,0.01725143296359155,0.12377016045270275
823,1.98151021107019,-0.6678672315126495,-2.0188690604444344,1.8602682799533052,-0.6831275993507646,-2.036709385028378,0.12124193111688486,0.01526036783811513,0.0178403245839438,0.1234939750302277
824,1.97380694215143,-0.6838929954248161,-2.035723750600184,1.8528309909935323,-0.6975959854064473,-2.0546205159757753,0.12097595115789761,0.01370298998163122,0.01889676537559115,0.1232073067421525
825,1.9658346708846894,-0.6997866530231394,-2.052578440755934,1.8452084204786805,-0.711785342369123,-2.073015800533438,0.12062625040600894,0.011998689345983693,0.02043735977750405,0.12293228423693157
826,1.9579090684325118,-0.714944302096578,-2.071845551162248,1.8374013306594494,-0.7256899946851959,-2.091911564088844,0.12050773777306234,0.010745692588617906,0.020066012926596155,0.12263861401353392
827,1.949692910982324,-0.7299464438242517,-2.091112661568562,1.8294105022383151,-0.7393043806791324,-2.1113237152817104,0.12028240874400886,0.009357936854880733,0.020211053713148353,0.12232708419494238
828,1.9411892484544244,-0.744787509260233,-2.110379771974876,1.8212367342914608,-0.7526230547780576,-2.1312675891780724,0.1199525141629636,0.007835545517824616,0.020887817203196324,0.12200943543469098
829,1.9324012374938881,-0.7594619892517344,-2.12964688238119,1.812880844188868,-0.765640689689914,-2.1517577702945823,0.11952039330502018,0.006178700438179585,0.02211088791339222,0.1217053495915856
830,1.9233321402987889,-0.7739644364841612,-2.148913992787504,1.8043436675125866,-0.7783520785342984,-2.172807894737887,0.11898847278620228,0.004387642050137197,0.02389390195038299,0.12144310029461307
831,1.9143300801600642,-0.7877610896385354,-2.1709842562186936,1.7956260579731689,-0.7907521369251587,-2.1944304311165266,0.11870402218689535,0.0029910472866232496,0.02344617489783296,0.12103435200205573
832,1.9050257413180833,-0.8013557210685127,-2.193054519649883,1.786728887324304,-0.8028359050044701,-2.216636440398034,0.11829685399377943,0.001480183935957391,0.023581920748150687,0.12063350942205857
833,1.8954236557000292,-0.8147417091451127,-2.2151247830810727,1.777653045275642,-0.8145985494261158,-2.2394353155356597,0.11777061042438719,-0.00014315971899692137,0.02431053245458692,0.12025364511175303
834,1.8855285002586186,-0.8279125338646829,-2.2371950465122623,1.7683994394038254,-0.8260353652891601,-2.262834502486271,0.11712906085479324,-0.0018771685755227807,0.02563945597400874,0.11991714790316656
835,1.8753450946940673,-0.8408617800246407,-2.259265309943452,1.7589689950617298,-0.8371417780197469,-2.2868392051869093,0.11637609963233753,-0.003720002004893863,0.027573895243457436,0.11965598472057021
836,1.865216313748339,-0.8531724344208648,-2.284389585195702,1.7493626552859305,-0.8479133452008673,-2.311452078146046,0.11585365846240858,-0.005259089219997515,0.02706249295034402,0.11908865069029764
837,1.8547814656944972,-0.8652247520902201,-2.3095138604479524,1.739581380702398,-0.8583457583492696,-2.3366729115189178,0.1152000849920991,-0.0068789937409504676,0.02715905107096539,0.1185579781885226
838,1.8440471369669302,-0.8770111256579614,-2.3346381357002026,1.7296261494304437,-0.868434844638788,-2.3624983148415106,0.11442098753648655,-0.008576281019173404,0.027860179141308006,0.11807584243498082
839,1.8330201030310307,-0.8885241156121974,-2.359762410952453,1.7194979569848965,-0.8781765685694278,-2.3889214069446996,0.1135221460461342,-0.010347547042769523,0.029158995992246695,0.11766306310817345
840,1.821707324106549,-0.8997564549996812,-2.384886686204703,1.709197816176561,-0.8875670335815046,-2.4159315208889622,0.11250950792998782,-0.012189421418176583,0.031044834684259115,0.11734885227274645
841,1.8103923065578134,-0.910440109085364,-2.41300762593116,1.6987267570109346,-0.8966024836142181,-2.443513933963093,0.1116655495468788,-0.013837625471145865,0.030506308031932772,0.11658177243473919
842,1.7987813678025202,-0.9208013922091645,-2.441128565657617,1.6880858265852081,-0.9052793046080264,-2.471649633771164,0.11069554121731207,-0.015522087601138046,0.030521068113547045,0.11587050378626486
843,1.7868836890179567,-0.9308321113404165,-2.469249505384074,1.6772760889835565,-0.9135940259502211,-2.5003151320731636,0.10960760003440018,-0.017238085390195446,0.03106562668908941,0.11522174592847731
844,1.7747086781168273,-0.9405243348370195,-2.497370445110531,1.666298625170732,-0.921543321863127,-2.52948233822374,0.1084100529460954,-0.01898101297389243,0.03211189311320872,0.11464812302259651
845,1.7622659623080867,-0.9498703987172654,-2.525491384836988,1.655154532883968,-0.9291240127343685,-2.559118503655017,0.10711142942411866,-0.02074638598289691,0.03362711881802882,0.11416678135355801
846,1.7497198975130694,-0.9587535085554267,-2.556055909115739,1.6438449265232045,-0.9363330663886721,-2.5891862477784504,0.10587497098986498,-0.02242044216675465,0.033130338662711534,0.11318040929844485
847,1.7369082267119553,-0.9672490646597374,-2.5866204333944895,1.6323709370396566,-0.9431675993006936,-2.619643673878287,0.1045372896722987,-0.024081465359043763,0.033023240483797345,0.11224302347103639
848,1.7238429175096281,-0.9753491311832416,-2.61718495767324,1.6207337118227096,-0.949624877748395,-2.6504445810272683,0.1031092056869185,-0.025724253434846633,0.0332596233540281,0.11135280893547005
849,1.7105361744390208,-0.9830461417126909,-2.647749481951991,1.6089344145851874,-0.9557023189064935,-2.6815387748284367,0.10160175985383346,-0.027343822806197404,0.03378929287644583,0.11050935962235506
850,1.6970004275606485,-0.9903329063364622,-2.6783140062307416,1.5969742252469805,-0.9613974918795568,-2.712872476001037,0.10002620231366799,-0.028935414456905395,0.03455846977029564,0.10971229280236636
851,1.6832375986288168,-0.9972079745279087,-2.710188447104177,1.5848543398170567,-0.9667081186743309,-2.7443888216776147,0.09838325881176013,-0.03049985585357773,0.03420037457343783,0.10853189596830165
852,1.6692626586347628,-1.0036409423504997,-2.742062887977612,1.5725759702738584,-0.9716320751109048,-2.7760284500182753,0.09668668836090433,-0.03200886723959495,0.033965562040663144,0.10736173756464071
853,1.655089804635701,-1.009625274591041,-2.7739373288510474,1.5601403444441087,-0.976167391672356,-2.807730154671101,0.09494946019159234,-0.03345788291868501,0.03379282582005372,0.10619220779784035
854,1.6407334347484896,-1.0151548918025193,-2.8058117697244827,1.5475487058800246,-0.9803122542925307,-2.8394315920225517,0.09318472886846507,-0.034842637509988617,0.033619822298069035,0.10501283509312352
855,1.6262081335226704,-1.0202241764801752,-2.837686210597918,1.5348023137349744,-0.9840650050816433,-2.8710700213760587,0.09140581978769591,-0.036159171398531864,0.03338381077814079,0.10381227475284344
856,1.611346252172379,-1.024885184918659,-2.869322877312213,1.5219024426375487,-0.9874241429894152,-2.9025830564067965,0.08944380953483022,-0.03746104192924393,0.03326017909458345,0.10251714120053936
857,1.5963443734981793,-1.029073759041001,-2.900959544026508,1.5088503825641069,-0.9903883244054711,-2.9339094056196564,0.0874939909340724,-0.03868543463552998,0.03294986159314828,0.10118030777537215
858,1.5812175113082954,-1.0327857069423085,-2.9325962107408032,1.4956474387097796,-0.9929563636967662,-2.9649895801409523,0.08557007259851579,-0.039829343245542326,0.03239336940014903,0.09978949989343068
859,1.5659808044938544,-1.0360173137229256,-2.9642328774550983,1.4822949313579503,-0.9951272336818244,-2.9957665489487293,0.08368587313590403,-0.04089008004110117,0.031533671493630955,0.09833461468961231
860,1.550649501877957,-1.038765345206286,-2.9958695441693934,1.4687941957482267,-0.9969000660415961,-3.0261863244390357,0.08185530612973024,-0.04186527916468985,0.03031678026964224,0.09680960648121155
861,1.5349095343525583,-1.0410753969005508,-3.025723809999006,1.4551465819429195,-0.9982741516667748,-3.0561984648014353,0.07976295240963882,-0.04280124523377604,0.0304746548024295,0.09551324387744028
862,1.519107625989854,-1.042914583847948,-3.055578075828618,1.4413534546920337,-0.9992489409414315,-3.085756483749059,0.07775417129782025,-0.043665642906516644,0.030178407920440797,0.09414422886859675
863,1.5032578596242758,-1.0442812669448536,-3.0854323416582305,1.4274161932968048,-0.999824043962853,-3.1148181624090387,0.07584166632747102,-0.04445722298200061,0.0293858207508082,0.09269266145600419
864,1.4873743607418337,-1.0451742281882683,-3.115286607487843,1.413336191471756,-0.999999230697499,3.139839544846084,0.07403816927007778,-0.045174997490769364,0.028059154845658796,0.09115781413465533
865,1.4714712848913274,-1.0455926717613164,3.138044433862131,1.399114857205336,-0.999774431073011,3.111879164795771,0.07235642768599138,-0.04581824068830542,0.026165269066360075,0.08955101960650479
866,1.4551116483528097,-1.0455346239326082,3.1110885203189325,1.3847536126191209,-0.9991497350062423,3.084514521703087,0.07035803573368882,-0.04638488892636594,0.02657399861584553,0.08836282315232634
867,1.4387595196271474,-1.0450356616472711,3.084132606775734,1.3702538938256013,-0.9981253923672896,3.057769563448156,0.06850562580154618,-0.04691026927998154,0.026363043327577884,0.08711259486362231
868,1.4224267797995163,-1.0440961474399644,3.0571766932325355,1.3556171507845733,-0.9967018128795511,3.0316637948036833,0.06680962901494292,-0.04739433456041331,0.025512898428852182,0.08579427407338801
869,1.4061252958675594,-1.0427167639403632,3.030220779689337,1.3408448471581444,-0.9948795659558413,3.006212463340424,0.06528044870941496,-0.047837197984521906,0.024008316348913095,0.08441761515597555
870,1.3898669121190963,-1.0408985133771758,3.0032648661461385,1.325938460164364,-0.9926593804706327,2.9814267933001624,0.06392845195473229,-0.048239132906543025,0.021838072845976164,0.08301061581827832
871,1.373095939280027,-1.0385637109611106,2.9797227203128447,1.3108994804295147,-0.9900421444685181,2.957314255765872,0.06219645885051239,-0.04852156649259243,0.022408464546972873,0.08200537294465217
872,1.3563845749182701,-1.0358347673084385,2.956180574479551,1.295729411839035,-0.987028904809002,2.9338788640941087,0.06065516307923513,-0.048805862499436525,0.022301710385442153,0.08098411763178415
873,1.3397420805894873,-1.032713194818925,2.932638428646257,1.2804297713871424,-0.9836208667477723,2.9111214845518916,0.05931230920234487,-0.04909232807115271,0.021516944094365442,0.07994364003171422
874,1.3231776796810837,-1.029200723489998,2.909096282812963,1.2650020890251326,-0.9798193934546138,2.8890401533006966,0.058175590655951126,-0.04938133003538425,0.02005612951226654,0.07889970491228177
875,1.3067005523005415,-1.0252992999579715,2.8855541369796693,1.2494479075083849,-0.9756260054681576,2.867630392188506,0.05725264479215664,-0.049673294489813946,0.017923744791163543,0.0778881386894526
876,1.2896315191619516,-1.0208308974971707,2.8654411502960895,1.2337687822420895,-0.9710423800876875,2.8468855171578986,0.0558627369198621,-0.0497885174094832,0.018555633138190863,0.07709639007872718
877,1.2726558052539227,-1.016020112722238,2.8453281636125096,1.217966281125707,-0.9660703507022413,2.826796934384504,0.054689524128215705,-0.04994976201999657,0.018531229228005763,0.07635004408594585
878,1.2557802775684166,-1.0108688916850777,2.8252151769289298,1.2020419843961807,-0.9607119060572806,2.807354420475193,0.053738293172235885,-0.050156985627797024,0.017860756453736748,0.07564743208749329
879,1.2390117625702046,-1.0053793181503932,2.80510219024535,1.1859974844699102,-0.9549691894592174,2.7885463841460103,0.053014278100294465,-0.05041012869117578,0.0165558060993396,0.07500526296704249
880,1.2223570434354365,-0.9995536127527651,2.78498920356177,1.1698343857835234,-0.9488444979181241,2.7703601077480107,0.05252265765191311,-0.05070911483464102,0.014629095813759374,0.07445840676821543
881,1.2050205244475038,-0.9930952390235723,2.7680289203028647,1.153554304633417,-0.9423402812289547,2.7527819678085708,0.051466219814086944,-0.05075495779461758,0.015246952494293975,0.07387358853506837
882,1.1877960294316796,-0.9863437759751117,2.7510686370439594,1.1371588690141392,-0.9354591409916634,2.735797634409647,0.050637160417540406,-0.05088463498344831,0.01527100263431258,0.07339326681656617
883,1.1706885129159998,-0.9793011656273338,2.734108353785054,1.1206497184555895,-0.9282038295705979,2.7193922497417313,0.050038794460410374,-0.05109733605673594,0.014716104043322797,0.07301631613112308
884,1.1537028957803004,-0.9719694337470539,2.717148070526149,1.1040285038590658,-0.9205772489935901,2.703550586566602,0.04967439192123457,-0.051392184753463854,0.013597483959546963,0.07275708512927599
885,1.1368440638407533,-0.964350689265252,2.7001877872672435,1.0872968873321767,-0.9125824497911844,2.688257187608608,0.04954717650857665,-0.05176823947406761,0.011930599658635632,0.07264442529493298
886,1.1192267384921797,-0.9560265400847974,2.685989109800357,1.0704565420226324,-0.9042226297764663,2.6734964870893,0.04877019646954728,-0.05180391030833109,0.012492622711056889,0.07223740588581977
887,1.101729376899819,-0.9474530956590053,2.6717904323334705,1.0535091519509268,-0.8955011327659768,2.6592529157394935,0.04822022494889233,-0.0519519628930285,0.01253751659397695,0.07198184399488969
888,1.0843555065152315,-0.938632084386169,2.657591754866584,1.0364564118419504,-0.8864214472422383,2.6455109906809953,0.04789909467328113,-0.052210637143930705,0.012080764185588677,0.0718764131325635
889,1.0671086298942656,-0.929565284573824,2.6433930773996974,1.0193000269555008,-0.8769872049583982,2.632255391580335,0.047808602938764766,-0.05257807961542582,0.011137685819362364,0.07193166907846188
890,1.0499922239909476,-0.9202545240802433,2.629194399932811,1.0020417129157693,-0.8672021794855813,2.619471024450662,0.04795051107517834,-0.053052344594662015,0.009723375482149077,0.07216887701861809
891,1.0320709848692933,-0.9101736196239052,2.617357289956749,0.9846831955397783,-0.8570702847035119,2.607143074424953,0.04738778932951493,-0.05310333492039332,0.010214215531795912,0.07190199549481179
892,1.0142703272577154,-0.8998812906887855,2.605520179980687,0.9672262106648,-0.8465955732350124,2.5952570487522775,0.04704411659291541,-0.053285717453773085,0.010263131228409605,0.07181816241858818
893,0.9965927453049055,-0.8893789793900752,2.593683070004625,0.9496725039747743,-0.8357822348250097,2.5837988111854746,0.046920241330131174,-0.05359674456506547,0.00988425881915056,0.07191535751739388
894,0.9790407159147434,-0.8786681572647566,2.5818459600285633,0.9320238308257422,-0.8246345946646914,2.572754608838554,0.04701688508900115,-0.0540335626000652,0.009091351190009256,0.07220018031270826
895,0.9616166983992442,-0.8677503250654183,2.5700088500525013,0.9142819560703085,-0.8131571116614865,2.562111092499413,0.04733474232893575,-0.05459321340393175,0.007897757553088525,0.07268680317279982
896,0.9433772042331052,-0.8560185854065824,2.560173028293253,0.8964486538811698,-0.8013543766555692,2.5518553312912466,0.04692855035193544,-0.05466420875101319,0.008317697002006241,0.0725234351084232
897,0.9252539817747608,-0.8441080157063252,2.5503372065340044,0.8785257075736812,-0.7892311105835723,2.5419748224863588,0.04672827420107961,-0.054876905122752895,0.008362384047645666,0.07255987729195264
898,0.9072487843120486,-0.8320197682242432,2.540501384774756,0.8605149094275374,-0.7767921625902832,2.532457497190761,0.046733874884511195,-0.05522760563396001,0.00804388758399499,0.07279318383781071
899,0.88936335371476,-0.8197550124089448,2.5306655630155075,0.8424180605075443,-0.7640425080890486,2.523291722537723,0.046945293207215744,-0.05571250431989616,0.0073738404777845545,0.07322647892188808
900,0.8715994202661275,-0.8073149347849155,2.520829741256259,0.8242369704835132,-0.750987246771676,2.5144663009541306,0.04736244978261428,-0.056327688013239396,0.006363440302128431,0.07386814914972653
901,0.8530419814449448,-0.7940452270206902,2.512690529706519,0.8059734574492955,-0.7376316005686248,2.505970466995288,0.047068523995649314,-0.05641362645206549,0.006720062711231378,0.07377738436299487
902,0.8345931610717136,-0.7806249175389338,2.5045513181567793,0.7876293477409753,-0.7239809115603028,2.4977938821817167,0.04696381333073829,-0.05664400597863106,0.00675743597506262,0.07389050085652886
903,0.8162541813143479,-0.7670548953868219,2.4964121066070395,0.7692064757542365,-0.710040639840307,2.489926628215464,0.0470477055601114,-0.05701425554651496,0.006485478391575317,0.07420359400973675
904,0.7980262570642169,-0.7533360595294555,2.4882728950572996,0.7507066837609222,-0.6958163613314545,2.482359198903139,0.047319573303294726,-0.05751969819800096,0.005913696154160597,0.07471699606246715
905,0.7799105958556622,-0.7394693187903078,2.48013368350756,0.732131821724822,-0.6813137655554999,2.475082491068045,0.047778774130840196,-0.05815555323480781,0.005051192439514907,0.07543470139500402
906,0.7610494565082575,-0.72478695296546,2.4734422528686966,0.7134837471166572,-0.6665386533573856,2.4680877946939646,0.04756570939160032,-0.05824829960807443,0.005354458174732013,0.07539251514244058
907,0.7422869847147033,-0.7099787087787591,2.4667508222298333,0.6947643247283485,-0.6514969345849919,2.4613667825080277,0.047522659986354854,-0.05848177419376721,0.005384039721805678,0.07554805761073842
908,0.7236240205661176,-0.6950452492704776,2.46005939159097,0.6759754264865352,-0.6361946257252741,2.454911499179146,0.04764859407958244,-0.05885062354520354,0.005147892411824007,0.07589654277833609
909,0.7050613996981558,-0.6799872430874139,2.453367960952107,0.6571189312653843,-0.6206378474977482,2.448714350281457,0.0479424684327715,-0.05934939558966568,0.004653610670649844,0.07643616374831945
910,0.6865999532535954,-0.664805364452953,2.4466765303132436,0.6381967246987043,-0.6048328224062841,2.4427680911485643,0.0484032285548911,-0.05997254204666891,0.0039084391646793115,0.0771677019923523
911,0.667460344617395,-0.6488499219751763,2.4412340712027345,0.619210698991383,-0.5887858722501876,2.4370658157238534,0.04824964562601197,-0.06006404972498869,0.004168255478881111,0.07715628766431723
912,0.6484078558561415,-0.6327905497766481,2.4357916120922254,0.6001627527301665,-0.5725034155955617,2.431600945494345,0.048245103125974964,-0.06028713418108633,0.004190666597880366,0.07732845666337107
913,0.62944305131004,-0.6166277235405987,2.4303491529817163,0.5810547906938144,-0.5559919652079778,2.426367218580206,0.04838826061622559,-0.060635758332620915,0.003981934401510401,0.07767866345151483
914,0.6105664927220641,-0.6003619220145973,2.424906693871207,0.5618887236626036,-0.5392581254474379,2.4213586790388097,0.04867776905946053,-0.06110379656715936,0.003548014832397417,0.07820350097519856
915,0.5917787392213167,-0.5839936269963703,2.419464234760698,0.5426664682272655,-0.5223085896267315,2.4165696664309295,0.049112270994051244,-0.06168503736963871,0.002894568329768532,0.07890144183284961
916,0.5723938378115441,-0.566918617850209,2.4151146146879854,0.5233899465973252,-0.5051501373341961,2.4119948056869718,0.049003891214218886,-0.061768480516012914,0.003119809001013607,0.0789079194225451
917,0.5530833893431817,-0.5497594535360935,2.4107649946152727,0.504061086408882,-0.48778963172197237,2.4076289973029317,0.049022302934299655,-0.061969821814121084,0.0031359973123410434,0.07907768003551427
918,0.5338477591537895,-0.5325164586910835,2.40641537454256,0.48468182053184755,-0.470234016760835,2.4034674078887996,0.04916593862194191,-0.06228244193024857,0.0029479666537604032,0.07940455025225586
919,0.5146873111654278,-0.5151899595382431,2.4020657544698474,0.46525408687666003,-0.4524903144626965,2.3995054610862865,0.04943322428876773,-0.0626996450755466,0.0025602933835608965,0.07988394243146138
920,0.49560240787777254,-0.49778028388046747,2.3977161343971347,0.44577982820049183,-0.43456562207189353,2.395738828867818,0.04982257967728071,-0.06321466180857394,0.001977305529316631,0.08051268627010048
921,0.4760109114552254,-0.4797517320176391,2.39433898559252,0.426260991912989,-0.416467109226396,2.3921634232246705,0.0497499195422364,-0.06328462279124308,0.0021755623678494374,0.08052782778583638
922,0.45648041174103227,-0.4616571196907813,2.390961836787905,0.40669952988151115,-0.3982020150900286,2.388775388248735,0.04978088185952112,-0.06345510460075271,0.0021864485391702715,0.08068126830819225
923,0.4370111314829488,-0.44349665327117715,2.3875846879832903,0.38709739823596034,-0.3797776454569147,2.385571092609647,0.049913733246988445,-0.06371900781426243,0.0020135953736430956,0.08096633429898079
924,0.417603292730515,-0.4252705398811837,2.3842075391786755,0.367456557173166,-0.3612013698292525,2.382547122426782,0.050146735557349,-0.06406917005193119,0.0016604167518936563,0.08137758058576045
925,0.39825711683252313,-0.40697898739186966,2.3808303903740606,0.3477789707608671,-0.3424806184696126,2.379700274533819,0.050478146071656016,-0.06449836892225708,0.0011301158402416966,0.08191068298015457
926,0.3785015065196533,-0.3881735553079586,2.378335326505871,0.328066606741307,-0.3236228794289322,2.377027550132213,0.05043489977834631,-0.06455067587902641,0.0013077763736579762,0.08192788994679685
927,0.3587928784049191,-0.3693188903008134,2.3758402626376816,0.30832143633446063,-0.3046356955513944,2.3745261488288225,0.05047144207045845,-0.06468319474941897,0.001314113808859041,0.08205491479957516
928,0.33913135518124077,-0.35041510974714324,2.373345198769492,0.28854543404091454,-0.2855266614573912,2.3721934630521706,0.05058592114032623,-0.06488844828975204,0.0011517357173214116,0.0822847047404904
929,0.3195170592482947,-0.33146233132941844,2.3708501349013025,0.2687405774444146,-0.26630342050577305,2.370027072841291,0.050776481803880114,-0.06515891082364539,0.0008230620600113703,0.08261121107487876
930,0.2999501127117513,-0.3124606730351376,2.368355071033113,0.2489088470141234,-0.2469736617366209,2.3680247410007484,0.0510412656976279,-0.0654870112985167,0.00033033003236448977,0.08302932355956046
931,0.2800754615276945,-0.2930636122217905,2.3666771857839195,0.22905222590655416,-0.22754511679571235,2.366184408615277,0.05102323562114036,-0.06551849542607815,0.0004927771686427107,0.08304388385357085
932,0.2602333843471184,-0.2736332313442916,2.364999300534726,0.20917269976727051,-0.20802555684197999,2.36450419091746,0.05106068457984789,-0.06560767450231164,0.0004951096172662872,0.0831372696021291
933,0.24042393703138804,-0.25416958510495824,2.3633214152855326,0.1892722565323201,-0.1884227894391479,2.3629823735019793,0.05115168049906793,-0.06574679566581035,0.0003390417835533732,0.08330216388264797
934,0.22064717535000578,-0.2346727282997595,2.361643530036339,0.16935288622944283,-0.16874465543281053,2.361617408880159,0.05129428912056294,-0.06592807286694896,2.612115618028099e-05,0.0835321229865998
935,0.20090315498045414,-0.21514271581816222,2.3599656447871458,0.14941658077906955,-0.1489990258141988,2.3604079133688436,0.05148657420138458,-0.06614369000396342,-0.00044226858169782446,0.08382154050024043
936,0.18095631987011787,-0.19534576139286347,2.3590622364994474,0.12946533379513178,-0.12919379857188856,2.3593526643079974,0.05149098607498609,-0.06615196282097491,-0.00029042780855004224,0.08383011499666476
937,0.16102737762981748,-0.1755307949124712,2.358158828211749,0.10950114038569836,-0.10933689553270708,2.3584505976018466,0.051526237244119116,-0.06619389937976412,-0.00029176939009767366,0.08388486495794449
938,0.14111634452448898,-0.15569783254890052,2.3572554199240505,0.08952599695348055,-0.08943625919312186,2.3577008055788626,0.05159034757100843,-0.06626157335577866,-0.0004453856548121138,0.08397832121721775
939,0.12122323680445193,-0.1358468904887538,2.356352011636352,0.06954190099617216,-0.06949984954232696,2.357102535166389,0.05168133580827977,-0.06634704094642685,-0.0007505235300366841,0.08410382630323165
940,0.10134807070539616,-0.11597798493330756,2.3554486033486537,0.04955085090671553,-0.04953564087836742,2.3566551863762744,0.05179721979868063,-0.06644234405494015,-0.0012065830276206668,0.08425552151040558
941,0.08137713913833687,-0.09597723901236066,2.355297014876245,0.029554845773460472,-0.029551618618522946,2.356358311098441,0.0518222933648764,-0.06642562039383772,-0.0010612962221960842,0.0842557979249665
942,0.061409239683243834,-0.07597346595821573,2.355145426403836,0.009555885180257023,-0.009555776105247387,2.3562116121999095,0.05185335450298681,-0.06641768985296835,-0.0010661857960734267,0.08426871691659525
943,0.041444372798960696,-0.05596666623054079,2.3549938379314272,-0.010444030993501241,0.010443888591061618,2.3562149429274206,0.051888403792461936,-0.06641055482160241,-0.0012211049959933717,0.08428676845895729
944,0.02148253894426144,-0.03595684028907338,2.3548422494590184,-0.030442902772863486,0.030439375871184192,2.3563683066123997,0.051925441717124925,-0.06639621616025757,-0.0015260571533812772,0.08430324945311166
945,0.0015237385778503407,-0.015943988593620596,2.3546906609866096,-0.050438730287320994,0.05042268780681477,2.3566718566776563,0.051962468865171335,-0.06636667640043536,-0.001981195691046711,0.08431227101300395
946,-0.018422358628989693,0.004062190057782102,2.3552871357153395,-0.07042951397077836,0.07038583133961263,2.3571258969458246,0.052007155341788666,-0.06632364128183052,-0.0018387612304850975,0.0843027321175809
947,-0.038380385466874056,0.02405646780804957,2.3558836104440695,-0.09041325476152971,0.09032082147833986,2.3577308822501957,0.052032869294655656,-0.0662643536702903,-0.001847271806126205,0.08427215713093941
948,-0.058350334835094206,0.04403883754357585,2.3564800851727994,-0.11038795430214902,0.11021968449273731,2.3584874193492102,0.05203761946705482,-0.06618084694916146,-0.0020073341764108577,0.08421310903417664
949,-0.0783321996286998,0.06400929215499164,2.3570765599015293,-0.1303516151393278,0.1300744611029139,2.359396268146511,0.052019415510628,-0.06606516894792226,-0.002319708244981733,0.08411900608380198
950,-0.0983259727385012,0.08396782453716684,2.3576730346302592,-0.1503022409236186,0.14987720966295232,2.3604583432190505,0.0519762681851174,-0.06590938512578548,-0.0027853085887912243,0.08398414996917664
951,-0.11819773834410052,0.10378091427786745,2.35903252863338,-0.17023783660906852,0.16962000933746174,2.3616747156563527,0.052040098264968,-0.06583909505959429,-0.0026421870229724753,0.08396391735714921
952,-0.1380964213543547,0.12356697017120702,2.360392022636501,-0.1901564086527219,0.18929496326980613,2.3630466152146,0.052059987298367194,-0.06572799309859911,-0.0026545925780987467,0.08388955963665172
953,-0.15802198499204703,0.1433259556481289,2.361751516639622,-0.21005596521397318,0.2088942017407418,2.364575432789753,0.05203398022192615,-0.06556824609261291,-0.0028239161501306675,0.08375383272316687
954,-0.17797439243027935,0.16305783418960862,2.363111010642743,-0.22993451635375262,0.22840988531620351,2.366262723214435,0.05196012392347327,-0.0653520511265949,-0.003151712571691778,0.08355045395885251
955,-0.19795360679254015,0.1827625693267214,2.364470504645864,-0.24979007423350463,0.2478342079829598,2.3681102083837824,0.051836467440964484,-0.06507163865623838,-0.0036397037379183317,0.08327415539929568
956,-0.21770117695250532,0.20218595270754594,2.3666274432997927,-0.269620653313991,0.267159400270935,2.3701197807158785,0.05191947636148567,-0.06497344756338905,-0.003492337416085789,0.08324288158486062
957,-0.23749059618976393,0.22156669664149378,2.3687843819537213,-0.2894242705538291,0.28637773236087966,2.3722935069527646,0.05193367436406515,-0.06481103571938587,-0.0035091249990433226,0.08312575318294073
958,-0.25732177243636717,0.24090471096193,2.37094132060765,-0.30919894560779787,0.30548151717619876,2.3746336323082975,0.0518771731714307,-0.06457680621426876,-0.0036923117006475437,0.08291584988883952
959,-0.27719461343009666,0.26019990570101414,2.3730982592615786,-0.32894270102487083,0.3244631134576801,2.3771425849693415,0.05174808759477417,-0.06426320775666594,-0.004044325707762919,0.0826073907790538
960,-0.2971090267148937,0.2794521910901189,2.375255197915507,-0.3486535624459593,0.3433149288198954,2.379822980956867,0.0515445357310656,-0.06386273772977652,-0.004567783041359963,0.08219582152388438
961,-0.3166823111709674,0.29829318355609447,2.378265214036073,-0.3683295588013468,0.36202942278805417,2.3826776293535232,0.05164724763037942,-0.0637362392319597,-0.004412415317450069,0.08215361092588079
962,-0.33631221856361465,0.31707517485780207,2.381275230156639,-0.38796872250779796,0.38059910981409556,2.3857095379040607,0.05165650394418331,-0.06352393495629349,-0.004434307747421595,0.08199602305761954
963,-0.3559985710421407,0.33579799482682804,2.384285246277205,-0.40756908966530103,0.3990165622707952,2.388921918994649,0.05157051862316031,-0.06321856744396714,-0.004636672717444057,0.08171661027366368
964,-0.3757411902444477,0.35446147383086224,2.387295262397771,-0.4271287002534774,0.4172744134227364,2.39231819601659,0.05138751000902969,-0.06281293959187417,-0.005022933618819003,0.08131034022336657
965,-0.3955398972986504,0.37306544277523507,2.390305278518337,-0.4466455983275678,0.4353653603728932,2.3959020101191086,0.05110570102891737,-0.06229991759765813,-0.005596731600771676,0.08077373220882612
966,-0.4148886660643009,0.391137270206612,2.3942480100445493,-0.4661178322140288,0.45328216698369495,2.3996772273548608,0.05122916614972789,-0.06214489677708296,-0.005429217310311429,0.0807210756892728
967,-0.43430853661971064,0.40913267037074313,2.3981907415707617,-0.4855434547056987,0.47101766677138485,2.4036479462203655,0.05123491808598807,-0.06188499640064171,-0.005457204649603753,0.08052670795067313
968,-0.4537992070808216,0.427051363527122,2.402133473096974,-0.5049205232565162,0.48856476577251795,2.407818505591774,0.05112131617569454,-0.061513402245395976,-0.005685032494799902,0.08018483159429934
969,-0.4733603744629834,0.44489307112766097,2.4060762046231865,-0.5242471001757738,0.5059164453814522,2.4121934930541324,0.050886725712790404,-0.06102337425379123,-0.006117288430945944,0.07969148183359637
970,-0.4929917346856631,0.46265751582102166,2.410018936149399,-0.5435212528218883,0.5230657651576994,2.416777753619516,0.05052951813622525,-0.060408249336677766,-0.006758817470116973,0.07904473672924532
971,-0.5120656480331611,0.4797812283565108,2.4150019799408455,-0.5627410537956501,0.5400058656019979,2.4215763988259873,0.05067540576248897,-0.0602246372454871,-0.006574418885141764,0.07898244529147425
972,-0.5312246524279066,0.4968096825431966,2.419985023732292,-0.5819045811329816,0.5567299709000376,2.4265948162052435,0.050679928705074984,-0.059920288356841045,-0.006609792472951348,0.07875649488679615
973,-0.5504682721389064,0.5137424555530835,2.424968067523739,-0.6010099184971187,0.5732313916326847,2.431838679101828,0.050541646358212344,-0.05948893607960115,-0.006870611578089214,0.07836196038856126
974,-0.5697960293341118,0.5305791269340042,2.4299511113151855,-0.620055155370246,0.589503527451662,2.4373139568209106,0.05025912603613425,-0.05892440051765779,-0.00736284550572508,0.07779637665227446
975,-0.589207444092284,0.5473192786200597,2.434934155106632,-0.6390383872445473,0.605539869719601,2.4430269250746033,0.04983094315226333,-0.05822059109954136,-0.008092769967971147,0.0770600613105037
976,-0.6079560136206169,0.5633255907929714,2.441098237634989,-0.6579577158126543,0.6213340041134094,2.4489841766885143,0.05000170219203737,-0.058008413320438046,-0.007885939053525526,0.0769891828298748
977,-0.6268028905699689,0.5792160318816078,2.4472623201633454,-0.6768112491574763,0.6368796131899154,2.455192632520491,0.05000835858750741,-0.05766358130830762,-0.007930312357145475,0.07673861082921964
978,-0.6457473588383024,0.5949899981160568,2.453426402691702,-0.69559710194139,0.6521704789127604,2.4616595525321086,0.04984974310308765,-0.05718048079670357,-0.008233149840406462,0.07630458064808826
979,-0.6647886986155207,0.6106468901519609,2.4595904852200587,-0.7143133955947752,0.6672004851395333,2.4683925469401653,0.049524696979254546,-0.0565535949875724,-0.008802061720106558,0.07568672940106425
980,-0.683926186410817,0.6261861130932898,2.4657545677484154,-0.7329582585038568,0.6819636200681355,2.4753995873599552,0.049032072093039725,-0.055777506974845736,-0.009645019611539851,0.07488858912660191
981,-0.7022986452520076,0.6409171670709638,2.4732798351403535,-0.7515298261978846,0.6964539786414377,2.4826890178342347,0.04923118094587697,-0.055536811570473854,-0.009409182693881135,0.07481028896954503
982,-0.7207814379565713,0.6555095475828786,2.4808051025322917,-0.7700262415355653,0.7106657649092125,2.490269565621063,0.04924480357899397,-0.05515621732633391,-0.009464463088771247,0.07454418187117079
983,-0.7393735178553784,0.6699624282715427,2.48833036992423,-0.7884456548907789,0.7245932943464408,2.4981503515899917,0.049072137035400476,-0.05463086607489809,-0.009819981665761812,0.07408804357810019
984,-0.7580738320904326,0.6842749906792536,2.495855637316168,-0.8067862243375392,0.7382309961270456,2.5063409000487984,0.04871239224710666,-0.053956005447792,-0.010485262732630396,0.0734444580406883
985,-0.776881321674494,0.6984464242944459,2.503380904708106,-0.8250461158341854,0.7515734153521484,2.514851147791886,0.04816479415969144,-0.053126991057702466,-0.011470243083779863,0.0726215605153982
986,-0.7948263721413543,0.7117574876825928,2.5124938149774168,-0.8432235034067843,0.7646152152319554,2.523691452126122,0.04839713126542999,-0.052857727549362576,-0.01119763714870503,0.07253694751035478
987,-0.8128919783361362,0.7249044689937718,2.5216067252467274,-0.8613165693317297,0.7773511792204058,2.5328725975898596,0.048424590995593486,-0.05244671022663394,-0.011265872343132255,0.0722669932011757
988,-0.8310766400085425,0.7378862764427193,2.530719635516038,-0.8793235043175001,0.7897762131017095,2.542405801035813,0.04824686430895753,-0.05188993665899022,-0.01168616551977486,0.07181150260700964
989,-0.8493788470213663,0.7507018319609624,2.5398325457853486,-0.8972425076856059,0.8018853470279821,2.5523027146979134,0.04786366066423953,-0.05118351506701968,-0.012470168912564805,0.0711771546179334
990,-0.8677970794759,0.7633500712863465,2.548945456054659,-0.9150717875506427,0.8136737375071053,2.5625754268059584,0.047274708074742655,-0.05032366622075879,-0.013629970751299236,0.07037858700010785
991,-0.8852624820758141,0.7751112107136949,2.559924811033884,-0.9328095609994818,0.8251366693400644,2.5732364592495207,0.04754707892366761,-0.05002545862636942,-0.013311648215636573,0.07028848556605083
992,-0.9028559591224317,0.7866798862652332,2.570904166013109,-0.9504540542695596,0.836269557506963,2.584298761724097,0.04759809514712798,-0.04958967124172975,-0.013394595710988,0.07002948914392211
993,-0.9205753898096254,0.79805470339468,2.581883520992334,-0.9680035029262528,0.8470679490009707,2.5957757017178724,0.047428113116627424,-0.04901324560629072,-0.013892180725538328,0.0696040002009741
994,-0.9384186381481835,0.809234290924422,2.592862875971559,-0.9854561520393205,0.8575275246094671,2.6076810496170584,0.04703751389113697,-0.04829323368504512,-0.01481817364549931,0.0690242160622303
995,-0.956383553223292,0.8202173012108032,2.603842230950784,-1.0028102563583978,0.8676441006416691,2.620028958122165,0.046426703135105774,-0.04742679943086592,-0.016186727171381143,0.0683136165399809
996,-0.9733421592437369,0.8303310042859402,2.616998729247057,-1.0200640804875087,0.8774136306020465,2.632833935077795,0.046721921243771836,-0.04708262631610627,-0.01583520583073783,0.06819432065233258
997,-0.990432354652211,0.8402207226312157,2.63015522754333,-1.0372158990586215,0.8868322068088755,2.646110808726245,0.04678354440641053,-0.04661148417765981,-0.015955581182914624,0.06794049643147594
998,-1.0076511812905442,0.8498847444258795,2.6433117258396033,-1.054263996904172,0.8958960619572528,2.659874684302496,0.046612815613627845,-0.04601131753137333,-0.016562958462892574,0.06755832675138154
