timestep,px,py,theta,px_ref,py_ref,theta_ref,error_px,error_py,error_theta,error_norm
0,0.0,0.0,0.7853981633974483,0.0,0.0,0.7853981633974483,0.0,0.0,0.0,0.0
1,0.0002813238160132155,0.0002813238160132155,0.7853071762854447,0.01999966666833333,0.01999866669333308,0.7853231571470295,-0.019718342852320114,-0.019717342877319865,-1.598086158483003e-05,0.02788524538840168
2,0.0005626732277034612,0.000562622034020418,0.785216189173441,0.03999733338666616,0.03998933418663416,0.7850980633706443,-0.0394346601589627,-0.039426712152613744,0.00011812580279679796,0.05576353653350213
3,0.0008440482327415425,0.0008438946516928368,0.7851252020614374,0.05999100040499132,0.0599640064794446,0.7847226568420766,-0.05914695217224978,-0.059120111827751766,0.0004025452193607837,0.08362841392999097
4,0.001125448828798053,0.0011251416667019132,0.7850342149494338,0.07997866837326832,0.07991469396917268,0.7841965616812204,-0.07885321954447026,-0.07878955230247077,0.0008376532682133897,0.11147342933430349
5,0.0014068750135433742,0.0014063630767193,0.7849432278374302,0.09995833854135666,0.09983341664682815,0.7835192505983565,-0.09855146352781329,-0.09842705357010885,0.001423977239073726,0.1392921517858935
6,0.027472290722052744,0.027448073399031506,0.7838843652802996,0.11992801295888919,0.11971220728891936,0.7826900438339384,-0.09245572223683644,-0.09226413388988786,0.001194321446361224,0.1306221932923477
7,0.05356526640525409,0.053462169434921214,0.782825502723169,0.13988569467506554,0.1395431146442365,0.7817081077917023,-0.08632042826981146,-0.08608094520931528,0.0011173949314666753,0.12191141880991162
8,0.07968577280796894,0.07944862201764903,0.7817666401660384,0.1598293879383454,0.15931820661424598,0.7805724533623122,-0.08014361513037645,-0.07986958459659695,0.0011941868037261827,0.11315288627304676
9,0.1058337806441517,0.10540740201146911,0.7807077776089077,0.17975709839602208,0.17902957342582415,0.7792819339341677,-0.07392331775187037,-0.07362217141435504,0.0014258436747400793,0.10434037598836543
10,0.13200926059692242,0.13133848031166187,0.7796489150517771,0.1996668332936563,0.19866933079506124,0.7778352430874435,-0.06765757269673389,-0.06733085048339937,0.0018136719643336852,0.09546873821322834
11,0.15531014592325393,0.15437296912969736,0.7778511026032682,0.21955660167434962,0.21822962308086932,0.7762309119668949,-0.0642464557510957,-0.06385665395117196,0.0016201906363733087,0.09059748532997709
12,0.1786524052622891,0.17736553012338133,0.7760532901547592,0.23942441457783872,0.23770262642713458,0.7744673063284713,-0.06077200931554963,-0.06033709630375325,0.00158598382628794,0.08565230674835846
13,0.20203596316884093,0.20031608897779682,0.7742554777062503,0.2592682852393897,0.2570805518921551,0.7725426232543283,-0.05723232207054879,-0.0567644629143583,0.0017128544519219302,0.08062677477064337
14,0.2254607440642401,0.22322457151378322,0.7724576652577413,0.279086229288473,0.27635564856411376,0.7704548875304338,-0.05362548522423288,-0.053131077050330544,0.002002777727307503,0.07551566150599211
15,0.24892667223657933,0.246090903688176,0.7706598528092323,0.29887626494719843,0.29552020666133955,0.7682019476806334,-0.049949592710619106,-0.04942930297316356,0.0024579051285988918,0.0703154257755062
16,0.27286263322991566,0.26933151141085787,0.7680512205935073,0.31863641322849195,0.31456656061611776,0.765781471650788,-0.04577377999857629,-0.04523504920525989,0.002269748942719252,0.06439410199873372
17,0.2968591389109038,0.2925096000097135,0.7654425883777822,0.33836469813399206,0.33348709214081446,0.7631909421364422,-0.04150555922308824,-0.04097749213110097,0.0022516462413399996,0.05836896622839801
18,0.3209160259843263,0.3156250117588193,0.7628339561620572,0.35805914685164836,0.35227423327509,0.760427651547437,-0.03714312086732208,-0.0366492215162707,0.002406304614620214,0.05223568863728628
19,0.3450331307440726,0.338677589358765,0.7602253239463321,0.37771778995300115,0.3709204694129827,0.7574886966029721,-0.032684659208928546,-0.03224288005421766,0.0027366273433599986,0.04599325375542472
20,0.36921028907425346,0.36166717593772424,0.7576166917306071,0.39733866159012243,0.38941834230865047,0.7543709725508718,-0.02812837251586897,-0.027751166370926228,0.0032457191797352625,0.03964678131112311
21,0.3883243397882994,0.3797476423053189,0.754694980967743,0.4169197996921991,0.40776045305957015,0.7510711670052485,-0.028595459903899723,-0.02801281075425127,0.0036238139624945598,0.040193904029141074
22,0.4074911347378982,0.3977721858537384,0.7517732702048789,0.43645924616173865,0.4259394650659996,0.7475857533974175,-0.028968111423840426,-0.028167279212261198,0.004187516807461433,0.0406212062191448
23,0.42671051030785717,0.4157406527184908,0.7488515594420149,0.4559550470703768,0.44394810696551984,0.7439109840358401,-0.029244536762519646,-0.02820745424702903,0.004940575406174763,0.040930583808402955
24,0.44598230243413484,0.4336528895137764,0.7459298486791508,0.47540525285426916,0.46177917554148284,0.7400428827720981,-0.02942295042013432,-0.02812628602770645,0.0058869659070527325,0.04112729440078497
25,0.4653063466052417,0.45150874333379715,0.7430081379162867,0.4948079185090459,0.479425538604203,0.7359772372714972,-0.029501571903804147,-0.02791679527040586,0.007030900644789506,0.04122042899876204
26,0.4569760742897222,0.4438563813893999,0.7416043959566594,0.5141611037843102,0.49688013784373675,0.7317095908888981,-0.057185029494588036,-0.05302375645433682,0.009894805067761303,0.07861013620491142
27,0.4486350682435429,0.4362157205334026,0.740200653997032,0.5334628733776623,0.5141359916531132,0.7272352341528829,-0.08482780513411942,-0.07792027111971062,0.012965419844149118,0.11591129059317905
28,0.44028334490258253,0.4285867758216598,0.7387969120374047,0.5527112971282275,0.5311861979208834,0.7225491958644261,-0.112427952225645,-0.10259942209922357,0.0162477161729786,0.1530708141272667
29,0.43192092072383814,0.4209695622869398,0.7373931700777774,0.5719044502096711,0.5480239367918736,0.7176462338199793,-0.13998352948583292,-0.12705437450493373,0.01974693625779811,0.19007404899070401
30,0.4235478121853927,0.4133640949388946,0.73598942811815,0.5910404133226791,0.5646424733950353,0.712520825173375,-0.16749260113728637,-0.15127837845614067,0.02346860294477504,0.2269134075990948
31,0.41801666385562,0.4083541909019924,0.7426264880956989,0.610117272886887,0.5810351605373051,0.7071671564563529,-0.19210060903126702,-0.1726809696353127,0.035459331639346,0.2607273009576953
32,0.412518888139959,0.40330768691554736,0.7492635480732477,0.6291331212322355,0.597195441362392,0.7015791132839158,-0.2166142330922765,-0.19388775444684464,0.04768443478933193,0.2945980187030678
33,0.4070547272176482,0.3982248052800961,0.7559006080507965,0.6480860567897367,0.6131168519734339,0.6957502697783335,-0.24103132957208856,-0.21489204669333783,0.060150338272462966,0.3284703285863613
34,0.4016244217871805,0.3931057698986252,0.7625376680283453,0.6669741842816288,0.6287930240184685,0.6896738777545541,-0.2653497624944483,-0.23568725411984326,0.0728637902737912,0.3623094121651751
35,0.39622821105570105,0.3879508062667086,0.7691747280058941,0.6857956149109028,0.6442176872376911,0.6833428557202919,-0.28956740385520174,-0.25626688097098255,0.0858318722856023,0.3960922947471829
36,0.3690824062927955,0.36167181133929466,0.8171747280058942,0.7045484665501799,0.6593846719714731,0.6767497777563413,-0.3354660602573844,-0.29771286063217844,0.14042495024955293,0.46998892712807117
37,0.34322877493109843,0.33412058566720687,0.8651747280058942,0.723230863929924,0.6742879116281452,0.6698868623569647,-0.38000208899882554,-0.3401673259609383,0.19528786564892953,0.5461252125333539
38,0.31872687230132635,0.3053605950875491,0.9131747280058943,0.7418409388259654,0.6889214451105513,0.6627459613267954,-0.423114066524639,-0.3835608500230022,0.25042876667909886,0.6235856045017389
39,0.295633139949113,0.27545808989709436,0.9611747280058943,0.7603768302463229,0.7032794192004101,0.6553185488498808,-0.46474369029720985,-0.4278213293033158,0.3058561791560135,0.7018303141114955
40,0.2740007756186542,0.244481952240906,1.0091747280058943,0.778836684617301,0.7173560908995228,0.6475957108685986,-0.5048359089986468,-0.4728741386586168,0.3615790171372957,0.7805181815054609
41,0.2916787486668309,0.27257742074539865,0.9975313619014795,0.7972186559688459,0.731145829726896,0.6395681349355568,-0.505539907302015,-0.45856840898149737,0.35796322696592275,0.7707095791870039
42,0.3096826418794729,0.30046515838699994,0.9858879957970648,0.8155209061191403,0.7446431199708592,0.6312261007306176,-0.5058382642396674,-0.44417796158385925,0.3546618950664472,0.760888606129646
43,0.3280100145328228,0.328141384524323,0.97424462969265,0.8337416048584215,0.757842562895277,0.6225594714682599,-0.5057315903255988,-0.42970117837095395,0.35168515822439017,0.7510592484364732
44,0.346658382050166,0.3556023471898433,0.9626012635882353,0.8518789301319992,0.7707388788989693,0.6135576864580234,-0.5052205480818333,-0.415136531709126,0.34904357713021184,0.7412270643328158
45,0.36562521633865624,0.38284432359853937,0.9509578974838205,0.8699310682224605,0.7833269096274834,0.6042097551231719,-0.5043058518838042,-0.40048258602894404,0.34674814236064866,0.731399321976197
46,0.38419640409108374,0.408866595543735,0.9377849137673925,0.8878962139310396,0.795601620036366,0.5945042528303504,-0.5036998098399559,-0.38673502449263103,0.3432806609370421,0.7218857872097886
47,0.40310876161166165,0.43464197885299866,0.9246119300509644,0.9057725707581367,0.8075581004051143,0.5844293189362826,-0.502663809146475,-0.3729161215521157,0.34018261111468184,0.7123633536643494
48,0.42235900713372726,0.46016600085318154,0.9114389463345364,0.9235583510829657,0.8191915683009982,0.5739726575167142,-0.5011993439492384,-0.3590255674478166,0.33746628881782215,0.7028396947703277
49,0.4419438002586055,0.4854342324886037,0.8982659626181083,0.941251776342316,0.8304973704919704,0.5631215413080933,-0.4993079760837105,-0.3450631380033667,0.335144421310015,0.6933244603537124
50,0.4618597425352518,0.5104422890896058,0.8850929789016803,0.958851077208406,0.8414709848078965,0.5518628194639037,-0.4969913346731542,-0.33102869571829074,0.33323015943777656,0.6838294548263345
51,0.4812053348980343,0.5340881642409646,0.8700807876483998,0.976354493765815,0.852108021949363,0.540182929805001,-0.49514915886778066,-0.31801985770839836,0.32989785784339876,0.6746420651234282
52,0.5009037104504845,0.557440966131428,0.8550685963951193,0.9937602756874735,0.8624042272433384,0.5280679163262988,-0.49285656523698895,-0.3049632611119104,0.32700068006882055,0.6654619668250656
53,0.5209504299341113,0.5804954319349416,0.8400564051418389,1.0110666824096939,0.8723554823449863,0.5155034528098956,-0.49011625247558255,-0.2918600504100447,0.32455295233194326,0.65630088285286
54,0.5413409755870591,0.603246366058965,0.8250442138885584,1.0282719833062262,0.8819578068849474,0.5024748734859666,-0.4869310077191671,-0.2787114408259824,0.3225693404025918,0.647172969841496
55,0.562070752162238,0.6256886413153591,0.810032022635278,1.0453744578613184,0.8912073600614354,0.4889672117755554,-0.48330370569908043,-0.26551871874607635,0.32106481085972255,0.6380950358053342
56,0.5820515887236787,0.6466789597435104,0.7928194109922759,1.0623723958417668,0.900100442176505,0.4749652482411506,-0.4803208071180881,-0.25342148243299456,0.3178541627511253,0.6292549517384246
57,0.6023907458161029,0.6673222634078924,0.7756067993492739,1.0792640974679386,0.9086334961158833,0.4604535689580829,-0.47687335165183575,-0.24131123270799093,0.315153230391191,0.6204521441438563
58,0.6230821976248675,0.6876124363853651,0.7583941877062719,1.0960478735837471,0.916803108771767,0.44541663559766037,-0.4729656759588796,-0.2291906723864019,0.3129775521086115,0.6117024138157945
59,0.6441198139621417,0.7075434673736468,0.7411815760632698,1.1127220458255676,0.9246060124080204,0.4298388685756445,-0.46860223186342587,-0.2170625450343736,0.3113427074876253,0.6030244453336103
60,0.6654973620830773,0.7271094514722622,0.7239689644202678,1.1292849467900707,0.9320390859672264,0.4137047446598081,-0.46378758470699344,-0.20492963449496415,0.3102642197604597,0.5944400431382066
61,0.6859525296333526,0.7451941627136279,0.7041604880017311,1.1457349202009626,0.9390993563190677,0.3969989104388761,-0.45978239056760994,-0.19390519360543979,0.30716157756285506,0.5859584503308499
62,0.7067618914089022,0.7628701668629744,0.6843520115831945,1.1620703210746102,0.945783999449539,0.37970631302149005,-0.45530842966570795,-0.18291383258656457,0.3046456985617044,0.5775571295796699
63,0.72791728258802,0.7801305285119065,0.6645435351646578,1.178289515884539,0.9520903415905158,0.36181234924553096,-0.450372233296519,-0.1719598130786093,0.30273118591912684,0.5692552123314509
64,0.7494104025798967,0.7969684753347293,0.6447350587461211,1.1943908827247842,0.958015860289225,0.3433030345211741,-0.44498048014488756,-0.16104738495449578,0.301432024224947,0.5610749977846146
65,0.7712328182814638,0.8133774007456576,0.6249265823275845,1.210372811472079,0.963558185417193,0.3241651921901698,-0.43913999319061525,-0.1501807846715354,0.30076139013741465,0.5530421462252239
66,0.7919777762453297,0.8283422494153955,0.6021404401790098,1.2262337039468676,0.9687151001182652,0.30438666394296926,-0.43425592770153787,-0.14037285070286976,0.29775377623604055,0.5449220671079449
67,0.8130583106275113,0.8428305566592518,0.5793542980304351,1.2419719740731194,0.9734845416953194,0.283956541378582,-0.4289136634456081,-0.13065398503606762,0.29539775665185314,0.5369331700790004
68,0.8344634767136979,0.8568348003536999,0.5565681558818605,1.2575860480369372,0.9778646024353163,0.26286541820488024,-0.42312257132323927,-0.1210298020816164,0.29370273767698024,0.5290956638208804
69,0.8561821612454046,0.8703477096941389,0.5337820137332858,1.273074364443936,0.9818535303723597,0.24110566184802507,-0.4168922031985314,-0.11150582067822079,0.29267635188526075,0.521432741670212
70,0.8782030881898186,0.8833622689697924,0.5109958715847112,1.2884353744753823,0.9854497299884603,0.2186717023624417,-0.41023228628556363,-0.10208746101866784,0.29232416922226945,0.5139706200939979
71,0.8990279385289017,0.8950380733951149,0.48496126303881115,1.3036675420430732,0.9886517628517197,0.19556033550876473,-0.4046396035141715,-0.09361368945660486,0.2894009275300464,0.5062110512829948
72,0.9201496723758122,0.906167815527072,0.45892665449291115,1.3187693439429462,0.9914583481916864,0.1717710357084244,-0.39861967156713396,-0.0852905326646144,0.28715561878448675,0.49862858614604605
73,0.9415539742101781,0.9167439520431611,0.43289204594701114,1.3337392700073958,0.9938683634116449,0.14730627331565815,-0.3921852957972177,-0.0771244113684838,0.285585772631353,0.49123997658775
74,0.9632263369976249,0.9267593148340377,0.40685743740111113,1.34857582325629,0.99588084453764,0.12217182931261213,-0.38534948625866516,-0.0691215297036023,0.284685608088499,0.4840639501978035
75,0.9851520720221012,0.9362071158617925,0.3808228288552111,1.3632775200466682,0.9974949866040543,0.0963770991912814,-0.37812544802456705,-0.06128787074226183,0.2844457296639297,0.4771209811650973
76,1.0204297456801434,0.9503311368351756,0.3577163631190845,1.3778428902211026,0.998710143975583,0.06993537651704462,-0.3574131445409592,-0.04837900714040744,0.2877809866020399,0.4614136760784097
77,1.0560243293944218,0.9636363176827671,0.3346098973829579,1.3922704772547134,0.9995258306054791,0.0428641055705861,-0.3362461478602916,-0.03588951292271192,0.29174579181237176,0.44661519916919795
78,1.091916819750455,0.9761155549680324,0.31150343164683125,1.4065588384008205,0.9999417202299663,0.015185091651111312,-0.31464201865036556,-0.02382616526193393,0.29631833999571994,0.43286469556812446
79,1.1280880542858729,0.9877621862133188,0.28839696591070463,1.4207065448352156,0.99995764649874,-0.013075342784616575,-0.29261849054934275,-0.012195460285421178,0.3014723086953212,0.42030924707057793
80,1.1645187217209678,0.9985699934568534,0.265290500174578,1.4347121817990456,0.9995736030415051,-0.041886267855577024,-0.27019346007807776,-0.0010036095846517323,0.30717676803015503,0.4091003298930641
81,1.2011893440383894,1.0085331989024,0.20876534136443764,1.4485743487402851,0.998789743470524,-0.07121213282096248,-0.24738500470189573,0.009743455431876047,0.2799774741854001,0.37374009890075527
82,1.2383642708376195,1.0164087827772015,0.15224018255429728,1.4622916594537918,0.9976063813191736,-0.10101283897581732,-0.22392738861617234,0.018802401458027918,0.2532530215301146,0.33857657713902745
83,1.2759247563707932,1.0221715885529843,0.0957150237441569,1.4758627422199255,0.9960239899165367,-0.13124390617594112,-0.19993798584913236,0.026147598636447555,0.22695892992009803,0.30359389152342403
84,1.3137508233217776,1.025803208428024,0.03918986493401652,1.4892862399417186,0.994043202198076,-0.16185673736972372,-0.175535416619941,0.03176000622994801,0.20104660230374025,0.26877707636913695
85,1.3517216460428685,1.0272920421261358,-0.017335293876123856,1.5025608102805854,0.9916648104524687,-0.19279898196781758,-0.15083916423771693,0.035627231673667104,0.17546368809169371,0.23411377350211857
86,1.3681848014713016,1.0270066198971084,-0.050305943660768286,1.515685125790554,0.9888897660047016,-0.22401499487154508,-0.1475003243192523,0.03811685389240682,0.1737090512107768,0.23104993983441754
87,1.384629600609132,1.0261786501959833,-0.08327659344541272,1.5286578740510102,0.9857191788355535,-0.25544638373627454,-0.14402827344187807,0.04045947136042982,0.17216979029086182,0.22808671390989257
88,1.40103816853074,1.0248090329970745,-0.11624724323005714,1.5414777577979386,0.9821543171376185,-0.28703263284555847,-0.14043958926719857,0.042654715859456016,0.17078538961550133,0.22518959195466595
89,1.4173926696925798,1.0228992570267172,-0.14921789301470156,1.5541434950536477,0.9781966068080447,-0.3187117881210078,-0.13675082536106786,0.04470265021867259,0.16949389510630625,0.22232250370084855
90,1.4336753273197957,1.020451398145075,-0.182188542799346,1.5666538192549668,0.9738476308781951,-0.3504211845928371,-0.13297849193517108,0.04660376726687976,0.16823264179349112,0.21944797152317208
91,1.471046409195709,1.013566469719609,-0.23790458768387954,1.579007479379901,0.9691091288804564,-0.38209819537047346,-0.10796107018419199,0.04445734083915254,0.14419360768659392,0.18553663877380114
92,1.5079760984234893,1.0046111331240608,-0.2936206325684131,1.591203240072732,0.9639829961524481,-0.41368097997668896,-0.08322714164924272,0.040628136971612716,0.12006034740827587,0.15163076746057555
93,1.5443497846470988,0.9936131810189458,-0.34933667745294666,1.6032398817675544,0.9584712830789142,-0.44510920994479974,-0.058890097120455565,0.03514189794003164,0.09577253249185308,0.11779377958783453
94,1.5800545830517536,0.9806067452703267,-0.40505272233748024,1.6151162008102287,0.9525761942715953,-0.4763247508234524,-0.03506161775847505,0.028030550998731307,0.07127202848597214,0.08423022541605307
95,1.6149796846990905,0.9656321910224303,-0.4607687672220138,1.6268310095787475,0.9463000876874145,-0.5072722820789922,-0.01185132487965701,0.019332103335015782,0.0465035148569784,0.05173742373574584
96,1.629596614251268,0.9583762505711744,-0.49362126433055287,1.6383831366019965,0.9396454736853249,-0.5378998396315425,-0.008786522350728632,0.018730776885849454,0.044278575300989664,0.04887368625807488
97,1.643967323699296,0.9506441091261513,-0.5264737614390919,1.6497714266769001,0.9326150140222006,-0.5681592696408527,-0.005804102977604142,0.018029095103950676,0.04168550820176087,0.04578665171948047
98,1.6580763043244577,0.9424441111332065,-0.5593262585476309,1.660994740983941,0.9252115207881683,-0.5980065863693985,-0.0029184366594832145,0.017232590345038212,0.03868032782176767,0.04244581490482582
99,1.671908329863033,0.9337851059440588,-0.5921787556561698,1.672051957201041,0.9174379552818098,-0.6274022311885141,-0.00014362733800799,0.01634715066224901,0.035223475532344284,0.03883224423290711
100,1.6854484729383228,0.9246764382661726,-0.6250312527647088,1.682941969615793,0.9092974268256818,-0.6563112337819401,0.002506503322529774,0.015379011440490808,0.031279981017231284,0.034946155213856495
101,1.6965030148113096,0.9167002329669982,-0.653371327268995,1.6936636892360304,0.9007931915226274,-0.6847032801150899,0.002839325575279217,0.01590704144437083,0.0313319528460948,0.03525318434390394
102,1.7073271017043525,0.9084139859318167,-0.6817114017732813,1.704216043898726,0.8919286509533796,-0.7125526946185239,0.0031110578056265936,0.016485334978437072,0.03084129284524262,0.03510883499045852
103,1.7179120407275776,0.8998243518959103,-0.7100514762775675,1.7145979783772067,0.8827073508159741,-0.7398383461925445,0.0033140623503709055,0.01711700107993619,0.029786869914977032,0.03451423408630773
104,1.728249331052217,0.8909382292465026,-0.7383915507818537,1.7248084544866769,0.8731329795075166,-0.7665434890556865,0.003440876565540041,0.017805249738986006,0.028151938273832777,0.03348728383104003
105,1.7383306707376749,0.8817627544826221,-0.7667316252861399,1.734846451188034,0.8632093666488738,-0.7926555501696838,0.0034842195496409545,0.01855338783374827,0.025923924883543892,0.032068954883924805
106,1.7490936828291952,0.8713942406458671,-0.7918349487965257,1.7447109646899726,0.8529404815528762,-0.8181658750569212,0.004382718139222641,0.018453759092990962,0.02633092626039546,0.03245099568087859
107,1.759593046977751,0.8607588346385155,-0.8169382723069114,1.7544010085493633,0.8423304316366457,-0.8430694433909002,0.005192038428387669,0.018428403001869875,0.02613117108398877,0.03239446561469832
108,1.7698221470745572,0.8498632382952809,-0.8420415958172971,1.763915613769895,0.8313834607786832,-0.8673645649064725,0.005906533304662176,0.018479777516597684,0.025322969089175418,0.03190050275831662
109,1.7797745373160339,0.8387143174081927,-0.8671449193276828,1.7732538288989745,0.8201039476213741,-0.8910525650657036,0.006520708417059318,0.018610369786818626,0.023907645738020844,0.030990982988558884
110,1.7894439462655891,0.8273190974001609,-0.8922482428380685,1.7824147201228708,0.8084964038195901,-0.914137468639516,0.007029226142718281,0.01882269358057076,0.021889225801447476,0.02971265757182093
111,1.799186550363922,0.8152354394569972,-0.9142435927667015,1.7913973713600952,0.7965654722360865,-0.9366256880218409,0.007789179003826696,0.018669967220910633,0.022382095255139345,0.030169474201478277
112,1.8086610349891274,0.8029404296973027,-0.9362389426953346,1.8002008843530102,0.7843159250844199,-0.9585257217604746,0.00846015063611727,0.018624504612882786,0.022286779065139983,0.03025139404985247
113,1.8178628166137467,0.7904400161506614,-0.9582342926239676,1.808824378757652,0.7717526620201257,-0.9798478675264842,0.009038437856094816,0.018687354130535683,0.021613574902516586,0.02996760222882758
114,1.8267874436374643,0.7777402462160615,-0.9802296425526007,1.8172669922317666,0.7588807081809217,-1.0006039525927415,0.009520451405697683,0.018859538035139845,0.020374310040140786,0.029350190450471
115,1.835430598540685,0.7648472637363104,-1.0022249924812339,1.8255278805210422,0.7457052121767199,-1.0208070838766747,0.009902718019642709,0.01914205155959048,0.01858209139544087,0.028456564843900155
116,1.8442241298304212,0.7510848948843272,-1.0214002895266936,1.8336062175435337,0.7322314440302513,-1.0404714187339885,0.010617912286887465,0.01885345085407586,0.019071129207294923,0.028842687802637726
117,1.8527521631751502,0.7371564478699326,-1.0405755865721533,1.8415011954722713,0.7184647930691263,-1.0596119569697484,0.011250967702878922,0.018691654800806368,0.019036370397595093,0.02895419885540208
118,1.8610115629811719,0.7230670439149778,-1.059750883617613,1.8492120248160406,0.7044107657701763,-1.078244353954232,0.01179953816513124,0.01865627814480153,0.018493470336618856,0.028797469684296733
119,1.868999292426167,0.7088218634220824,-1.0789261806630728,1.8567379344983332,0.6900749835569364,-1.0963847542815959,0.012261357927833672,0.018746879865146004,0.0174585736185231,0.028400496398937415
120,1.8767124145757785,0.6944261440699008,-1.0981014777085325,1.8640781719344526,0.675463180551151,-1.1140496450750117,0.012634242641325955,0.01896296351874982,0.015948167366479193,0.027812984645351663
121,1.8845015666743772,0.6791939384867588,-1.114868231356851,1.871232003106772,0.6605812012792008,-1.1312557278065778,0.013269563567605225,0.01861273720755796,0.016387496449726813,0.0281258838709495
122,1.8920342412672793,0.6638332812475761,-1.1316349850051695,1.8781987126381352,0.6454349983343708,-1.1480198073479873,0.013835528629144056,0.018398282913205333,0.016384822342817795,0.028255637841108974
123,1.8993083207882713,0.6483484905010244,-1.148401738653488,1.884977603863395,0.6300306299958922,-1.16435869688339,0.014330716924876308,0.018317860505132177,0.015956958229902174,0.028205282785628304
124,1.9063217603667246,0.6327439192918694,-1.1651684923018064,1.891567998899078,0.6143742578057116,-1.1802891372852227,0.014753761467646731,0.018369661486157707,0.015120644983416254,0.027995568314909316
125,1.913072588402445,0.6170239543372539,-1.181935245950125,1.8979692387111724,0.5984721441039565,-1.1958277295646969,0.015103349691272694,0.018551810233297328,0.01389248361457196,0.02766372960774257
126,1.919844272174801,0.600496533919165,-1.196727216919845,1.9041806831810315,0.5823306495240819,-1.2109908790505335,0.015663588993769517,0.018165884395083154,0.014263662130688415,0.02790697822050424
127,1.9263707509224084,0.583870758690741,-1.2115191878895653,1.9102017111693845,0.5659562304487028,-1.2257947500135267,0.01616903975302386,0.017914528242038208,0.014275562123961416,0.028038542091641146
128,1.932650596662057,0.5671502663452608,-1.2263111588592854,1.9160317205784498,0.5493554364271267,-1.2402552295333436,0.016618876083607237,0.01779482991813408,0.013944070674058118,0.028058512452743108
129,1.9386824353734489,0.5503387152999585,-1.2411031298290056,1.9216701284121454,0.532534907555621,-1.2543878994917435,0.017012306961303514,0.01780380774433743,0.013284769662737839,0.027979979687893716
130,1.94446494729983,0.5334397838955677,-1.2558951007987258,1.927116370834386,0.5155013718214642,-1.2682080156685605,0.017348576465444188,0.017938412074103516,0.012312914869834657,0.02782746135941082
131,1.9502095049067993,0.5158043865472663,-1.2691170550501507,1.932369903225468,0.4982616424118385,-1.2817304930098559,0.017839601681331363,0.017542744135427835,0.012613437959705154,0.028019601658713485
132,1.955720392766014,0.4980945786224067,-1.2823390093015756,1.9374302002365305,0.4808226149886482,-1.2949698962289915,0.018290192529483607,0.01727196363375849,0.012630886927415874,0.028149443602043345
133,1.9609966474776848,0.4803134561058209,-1.2955609635530005,1.9422967558420892,0.4631912649303451,-1.3079404349891695,0.0186998916355956,0.017122191175475754,0.01237947143616891,0.028215362674817418
134,1.9660373466600087,0.46246412744938176,-1.3087829178044255,1.9469690833906388,0.44537464454187115,-1.3206559629989763,0.019068263269369945,0.01708948290751061,0.011873045194550791,0.028224427227987212
135,1.9708416091104188,0.4445497130285908,-1.3220048720558504,1.9514467156533182,0.4273798802338298,-1.333129980429876,0.01939489345710066,0.01716983279476103,0.011125108374025583,0.028191010743606755
136,1.9755554935443658,0.42599512886170987,-1.3340155481923948,1.9557292048706325,0.40921416967201735,-1.3453756391359823,0.01982628867373326,0.016780959189692524,0.011360090943587586,0.02835020247100381
137,1.9800461902352193,0.40738526740888786,-1.3460262243289391,1.9598161227972284,0.3908847788984522,-1.3574057502217107,0.02023006743799094,0.016500488510435674,0.01137952589277158,0.02847833139727361
138,1.9843130513792928,0.38872281322837693,-1.3580369004654835,1.9637070607447196,0.3723990394250553,-1.3692327935620554,0.020605990634573246,0.016323773803321617,0.011195893096571874,0.028573072348699137
139,1.9883554614622083,0.37001045846517255,-1.370047576602028,1.9674016296225532,0.3537643453011427,-1.380868928933525,0.020953831839655157,0.01624611316402985,0.010821352331497058,0.028637404351396917
140,1.9921728373476877,0.35125090246265916,-1.3820582527385723,1.9708994599769205,0.3349881501559047,-1.3923260084614568,0.021273377370767177,0.016262752306754447,0.01026775572288452,0.028678572226223952
141,1.9958557435680309,0.3319698372627858,-1.393170779983192,1.9742002020277007,0.3160779642170538,-1.4036155901318894,0.021655541540330114,0.015891873045731975,0.010444810148697359,0.028820273547434574
142,1.999324165440298,0.3126490369898781,-1.4042833072278118,1.9773035257034395,0.29704135130683235,-1.4147489521538088,0.022020639736858527,0.015607685683045769,0.010465644925996997,0.028948888588654163
143,2.0025776746595088,0.29329088751142535,-1.4153958344724316,1.9802091206743555,0.2778859258165868,-1.4257371079907708,0.02236855398515325,0.01540496169483857,0.010341273518339245,0.029062122947012377
144,2.0056158694595996,0.2738977793070577,-1.4265083617170513,1.9829166963833729,0.2586193496611108,-1.4365908219100985,0.02269917307622671,0.015278429645946945,0.01008246019304715,0.02916057054200117
145,2.0084383746630365,0.2544721071733533,-1.437620888961671,1.985425982075177,0.23924932921398243,-1.4473206249233783,0.023012392587859587,0.015222777959370853,0.009699735961707256,0.029247017953031022
146,2.011092566944707,0.23466002753465895,-1.448110500469333,1.9877367268232897,0.21978361222511697,-1.457936831014273,0.023355840121417115,0.01487641530954198,0.009826330544939976,0.02938298439943759
147,2.013538795997309,0.2148211969315148,-1.4586001119769951,1.9898486995551619,0.20022998472177053,-1.4684495535690345,0.023690096442147146,0.01459121220974427,0.009849441592039376,0.029515007078823787
148,2.0157767926599597,0.19495779824911386,-1.4690897234846572,1.99176168907528,0.18059626789423294,-1.4788687219418666,0.02401510358467962,0.014361530354880914,0.00977899845720942,0.029641315172292237
149,2.017806310683781,0.17507201707589792,-1.4795793349923192,1.9934755040862868,0.1608903149674558,-1.4892040981017618,0.024330806597494314,0.014181702108442135,0.009624763109442602,0.029761466517800365
150,2.0196271267589956,0.1551660414630754,-1.4900689464999812,1.994989973208109,0.1411200080598672,-1.499465293319851,0.024637153550886692,0.014046033403208175,0.009396346819869672,0.029875938864130838
151,2.0212569890954497,0.13502020945443513,-1.5001831566052775,1.9963049449950963,0.12129325503062975,-1.5096617848669232,0.024952044100353454,0.01372695442380538,0.009478628261645694,0.030014632702428365
152,2.022683012363702,0.11485892337952042,-1.5102973667105737,1.997420287951166,0.10141798631660187,-1.5198029326997817,0.025262724412535853,0.013440937062918545,0.009505565989208042,0.03015327210516731
153,2.023905050686742,0.0946842456647918,-1.52041157681587,1.998335890542952,0.08150215176026913,-1.5298979961226906,0.02556916014378996,0.013182093904522671,0.009486419306820704,0.030290950817550302
154,2.024922979054481,0.07449824010662606,-1.5305257869211661,1.9990516612109581,0.06155371742991314,-1.5399561504164885,0.025871317843523034,0.012944522676712922,0.009430363495322336,0.030427249463966285
155,2.025736693336538,0.05430297166019726,-1.5406399970264624,1.999567528378714,0.04158066243329049,-1.5499865034331373,0.026169164957824176,0.012722309226906772,0.009346506406674893,0.030562060281742538
156,2.0263485108827632,0.034020925518547455,-1.5506092437180001,1.9998834404599326,0.02159097572609596,-1.5599981121576436,0.02646507042283064,0.012429949792451496,0.009388868439643483,0.030709191700616013
157,2.0267581046540655,0.013733787984030882,-1.5605784904095379,1.9999993658636692,0.0015926529164868282,-1.56999999924253,0.026758738790396253,0.012141135067544054,0.009421508832992087,0.030857771971922292
158,2.026965433942945,-0.006556424705042974,-1.5705477371010756,1.9999152929974802,-0.018406306933053812,-1.580001169522415,0.02705014094546465,0.011849882228010838,0.009453432421339336,0.031008018616674946
159,2.0269704781439684,-0.026847696004740212,-1.5805169837926134,1.9996312302685817,-0.03839790450523538,-1.5900106265178413,0.027339247875386663,0.011550208500495165,0.009493642725227902,0.031160408260981074
160,2.0267732367558176,-0.047138009265916866,-1.5904862304841512,1.9991472060830102,-0.058374143427580086,-1.600037388938299,0.027626030672807333,0.01123613416166322,0.00955115845414789,0.03131569749263183
161,2.0263750111544616,-0.06736025835910732,-1.6005343721943313,1.998463268842781,-0.0783270334708653,-1.610090507194452,0.027911742311680587,0.010966775111757976,0.009556135000120758,0.03147467603274206
162,2.0257736130510726,-0.08757748522972084,-1.6105825139045113,1.997579486941048,-0.09824859374510869,-1.6201790799288849,0.028194126110024698,0.010671108515387856,0.009596566024373532,0.031636614602629655
163,2.024969103165391,-0.10778764865955132,-1.6206306556146914,1.996495948755265,-0.11813085589181781,-1.6303122705732334,0.02847315441012599,0.01034320723226649,0.009681614958541918,0.03180308359448734
164,2.023961562724195,-0.127988708143548,-1.6306787973248715,1.9952127626383473,-0.13796586727122728,-1.6404993239373136,0.028748800085847792,0.00997715912767927,0.009820526612442038,0.03197624045413654
165,2.0227510934531034,-0.1481786240958337,-1.6407269390350516,1.9937300569078378,-0.15774569414324865,-1.6507495828327603,0.029021036545265666,0.009567070047414944,0.010022643797708675,0.032159023308389476
166,2.021352296613764,-0.1681486469022222,-1.6510815952238198,1.9920479798330735,-0.17746242484086058,-1.6610725047296746,0.029304316780690565,0.009313777938638385,0.009990909505854795,0.0323312188793975
167,2.0197467957373947,-0.1881031153346661,-1.661436251412588,1.9901666996203604,-0.19710817293466984,-1.671477678439753,0.02958009611703427,0.009005057600003752,0.010041427027164929,0.03251005083684505
168,2.0179347629625033,-0.20803988991603056,-1.6717909076013562,1.988086404396152,-0.21667508038737962,-1.6819748408132476,0.029848358566351374,0.008635190471349058,0.010183933211891372,0.03269867763757769
169,2.015916392571523,-0.22795683306627923,-1.6821455637901244,1.985807302188237,-0.236155320696897,-1.692573893429715,0.03010909038328613,0.008198487630617757,0.010428329639590617,0.03290171093135203
170,2.0136919009699836,-0.24785180933166095,-1.6925002199788926,1.9833296209049371,-0.2555411020268312,-1.7032849192537511,0.030362280065046487,0.007689292695170269,0.010784699274858589,0.03312556431744905
171,2.0113030731396186,-0.2673829992993116,-1.7034031191346635,1.980653608312316,-0.27482467032312397,-1.714118199216562,0.030649464827302575,0.0074416710238123795,0.010715080081898476,0.03331037530542404
172,2.0087014449159697,-0.2868869837779123,-1.7143060182904344,1.977779532009403,-0.2939983124155676,-1.725084228672093,0.030921912906566762,0.007111328637655345,0.010778210381658715,0.0335097823303186
173,2.005887325559871,-0.30636144428918743,-1.7252089174462053,1.9747076794014329,-0.3130543591029702,-1.7361937336623283,0.031179646158438157,0.006692914813782758,0.010984816216123017,0.03372879527305948
174,2.0028610495914103,-0.3258040658644355,-1.7361118166019762,1.971438357671107,-0.33198518822073414,-1.7474576869099745,0.031422691920303336,0.006181122356298641,0.011345870307998274,0.03397529417308624
175,1.9996229767501628,-0.34521253731971396,-1.7470147157577471,1.9679718937478738,-0.35078322768961984,-1.7588873234378162,0.031651083002288916,0.005570690369905873,0.011872607680069036,0.03426050874607642
176,1.9963916389479024,-0.36335945649633583,-1.758740274088967,1.964308634275237,-0.36944095854447706,-1.7704941556922353,0.03208300467266545,0.00608150204814123,0.01175388160326829,0.034705296263415876
177,1.9929477453958437,-0.38146723981725206,-1.770465832420187,1.960448945576091,-0.3879509179417303,-1.7822899880233805,0.03249879981975279,0.006483678124478254,0.011824155603193498,0.035185518718284285
178,1.9892917695850718,-0.3995333976950692,-1.7821913907514069,1.9563932136160893,-0.40630570214441675,-1.7942869303459041,0.0328985559689825,0.006772304449347566,0.012095539594497273,0.03569987633705442
179,1.9854242141652554,-0.41755544626535696,-1.7939169490826268,1.9521418439650484,-0.4244979694835826,-1.8064974107716563,0.03328237020020697,0.006942523218225638,0.012580461689029487,0.03625165942530584
180,1.9813456108755392,-0.4355309077281478,-1.8056425074138467,1.9476952617563903,-0.44252044329485246,-1.818934186968815,0.03365034911914888,0.006989535566704674,0.013291679554968239,0.03684926523922552
181,1.9767879811539093,-0.45457968013367533,-1.8184645371113868,1.9430539116446306,-0.46036591482899825,-1.8316103559602837,0.03373406950927871,0.005786234695322912,0.013145818848896873,0.036664431139923855
182,1.9719864888413645,-0.47356845024681443,-1.8312865668089269,1.9382182577609126,-0.47802724613534286,-1.8445393620273418,0.033768231080451905,0.004458795888528433,0.013252795218414937,0.03654874651995056
183,1.9669419233137717,-0.4924940962721128,-1.844108596506467,1.933188783666595,-0.4954973729168449,-1.8577350023321744,0.03375313964717663,0.0030032766447321,0.0136264058257074,0.03652359569337982
184,1.961655113908767,-0.5113535067918566,-1.856930626204007,1.9279659923048962,-0.5127693073557238,-1.871211429814701,0.03368912160387083,0.0014158005638671423,0.014280803610693837,0.03661833908636831
185,1.9561269297894115,-0.5301435812775945,-1.8697526559015472,1.9225504059505998,-0.5298361409084934,-1.884983152854841,0.03357652383881171,-0.0003074403691011307,0.015230496953293926,0.036870659203805126
186,1.9508903750692435,-0.5471347308725596,-1.8840433942686012,1.9169425661578283,-0.5466910470692872,-1.899065031120944,0.033947808911415134,-0.0004436838032724211,0.015021636852342812,0.0371254651004793
187,1.9454115472495597,-0.56404931380026,-1.8983341326356553,1.911143033705888,-0.5633272841003701,-1.9134722669486295,0.034268513543671775,-0.0007220296998898812,0.015138134312974172,0.037470194259677715
188,1.9396915652260416,-0.5808838757353514,-1.9126248710027094,1.9051523885431907,-0.5797381977287431,-1.928220391512157,0.03453917668285089,-0.0011456780066082528,0.015595520509447569,0.03791421321858884
189,1.9337315971432991,-0.5976349786945147,-1.9269156093697635,1.898971229729261,-0.5959172238077642,-1.9433252449633298,0.03476036741403821,-0.001717754886750411,0.01640963559356634,0.038477395505978874
190,1.9275328601563098,-0.614299201738567,-1.9412063477368176,1.892600175374829,-0.6118578909427194,-1.958802949622059,0.034932684781480816,-0.00244131079584764,0.01759660188524137,0.03919046902439295
191,1.9212622940164301,-0.6304465155363239,-1.9573416727466089,1.886039862580021,-0.6275538230792937,-1.9746698752097716,0.03522243143640913,-0.002892692457030166,0.01732820246316269,0.0393605633413428
192,1.9147320132747474,-0.6464905541810244,-1.9734769977564002,1.8792909473706498,-0.6429987420539088,-1.9909425950243342,0.03544106590409757,-0.003491812127115579,0.017465597267934063,0.039664959249636506
193,1.9079437180445635,-0.6624271407184764,-1.9896123227661915,1.8723541046326122,-0.6581864701049049,-2.007637831866406,0.035589613411951326,-0.004240670613571473,0.018025509100214387,0.040118859011528056
194,1.9008991756114633,-0.678252126168899,-2.005747647775983,1.865230028044401,-0.6731109323435617,-2.024772392446539,0.0356691475670623,-0.005141193825337287,0.019024744670555815,0.04075120699918463
195,1.8936002199732134,-0.69396139060708,-2.0218829727857743,1.8579194300077386,-0.6877661591839738,-2.0423630889355304,0.035680789965474746,-0.0061952314231061845,0.02048011614975609,0.04160450483365553
196,1.8863863989310372,-0.7088537955697779,-2.0402824757806224,1.8504230415763365,-0.7021462887308055,-2.060426646274568,0.03596335735470069,-0.006707506838972366,0.02014417049394579,0.04176291806262969
197,1.8788998015548928,-0.7236109565206194,-2.0586819787754704,1.8427416123827909,-0.7162455691239705,-2.078979593845187,0.036158189172101896,-0.007365387396648826,0.020297615069716723,0.04211480444245956
198,1.8711429622987583,-0.7382278776860368,-2.0770814817703185,1.8348759105636196,-0.7300583608392996,-2.0980381401223296,0.03626705173513867,-0.008169516846737168,0.020956658352011104,0.04267577270948077
199,1.8631185071021799,-0.75269961076814,-2.0954809847651665,1.8268267226824504,-0.7435791389442745,-2.1176180290088564,0.03629178441972947,-0.00912047182386544,0.022137044243689896,0.04347787196385221
200,1.8548291525013052,-0.7670212566198741,-2.1138804877600146,1.8185948536513634,-0.7568024953079283,-2.137734376690414,0.03623429884994178,-0.010218761311945768,0.023853888930399414,0.04456854847312445
201,1.846628122059824,-0.7806074498724269,-2.1349546979717537,1.8101811266504018,-0.7697231407640244,-2.1584014880706035,0.0364469954094222,-0.010884309108402546,0.023446790098849757,0.04468337078915619
202,1.8381426155816813,-0.7940178088238948,-2.156028908183493,1.8015863830452545,-0.7823359072266527,-2.179632652163961,0.036556232536426814,-0.01168190159724214,0.02360374398046794,0.04505509618323365
203,1.8293764015303624,-0.8072463778547566,-2.177103118395232,1.7928114823031196,-0.7946357497573974,-2.201439916254256,0.03656491922724281,-0.012610628097359244,0.024336797859024095,0.04569793200064634
204,1.8203333730332414,-0.8202872820794671,-2.1981773286069712,1.7838573019067592,-0.8066177485832404,-2.22383383918308,0.03647607112648221,-0.013669533496226682,0.025656510576108627,0.04664350378960211
205,1.8110175461526208,-0.8331347299555287,-2.2192515388187104,1.774724737266751,-0.8182771110644103,-2.246823224830935,0.03629280888586983,-0.014857618891118474,0.027571686012224816,0.04793865544106036
206,1.8018002986376604,-0.8452983824288651,-2.2433164016710565,1.7654147016319481,-0.8296091736113709,-2.270414837697643,0.03638559700571231,-0.01568920881749425,0.02709843602658646,0.048004043349160065
207,1.7922930315526617,-0.8572367225906566,-2.2673812645234026,1.7559281259981563,-0.8406094035501944,-2.294613103481373,0.036364905554505444,-0.01662731904046222,0.02723183895797021,0.04837816808741565
208,1.7825012504578457,-0.8689428370713606,-2.2914461273757487,1.746265959015033,-0.8512734009355746,-2.319419798686549,0.03623529144281279,-0.017669436135785976,0.027973671310800086,0.04906864177768609
209,1.7724306256725593,-0.8804099469809287,-2.315510990228095,1.7364291668912253,-0.8615969003107405,-2.3448337345377843,0.036001458781333984,-0.018813046670188127,0.029322744309689508,0.05009849392197529
210,1.7620869889916517,-0.8916314118343927,-2.339575853080441,1.7264187332977474,-0.8715757724135882,-2.3708504418018905,0.035668255693904305,-0.02005563942080446,0.031274588721449614,0.05150294201809141
211,1.7517994473774052,-0.9022666942825954,-2.366703976512803,1.7162356592696177,-0.8812060258283252,-2.3974618644663783,0.035563788107787486,-0.021060668454270237,0.03075788795357548,0.0515206992545812
212,1.741227211144182,-0.9126190160630863,-2.3938320999451648,1.7058809631057523,-0.8904838085819884,-2.424656071515499,0.03534624803842967,-0.022135207481097874,0.03082397157033423,0.05185982919364677
213,1.7303780602943615,-0.9226807590063212,-2.4209602233775267,1.6953556802671397,-0.8994054096851778,-2.4524169971891108,0.0350223800272218,-0.02327534932114339,0.03145677381158407,0.05251511789404605
214,1.7192599786090057,-0.9324445187768019,-2.4480883468098886,1.6846608632732913,-0.9079672606164054,-2.4807242209956297,0.03459911533571436,-0.024477258160396476,0.0326358741857411,0.05349145009188181
215,1.7078811477726759,-0.9419031103218519,-2.4752164702422506,1.6737975815969954,-0.9161659367494548,-2.509552799257385,0.034083566175680424,-0.025737173572397132,0.03433632901513439,0.05480032004453299
216,1.6964651555828147,-0.950880334570396,-2.505047174305069,1.6627669215573662,-0.9239981587231878,-2.5388731599736905,0.03369823402544858,-0.0268821758472082,0.033825985668621605,0.05479433968183136
217,1.6847864851917658,-0.9595130682501091,-2.534877878367887,1.6515699862112163,-0.9314607937532426,-2.5686510721830618,0.03321649898054946,-0.028052274496866425,0.03377319381517463,0.055053560551972795
218,1.6728555283378745,-0.9677936299121102,-2.5647085824307054,1.6402078952427481,-0.9385508568851079,-2.598847699706418,0.032647633095126416,-0.02924277302700229,0.034139117275712394,0.055556161218964825
219,1.660682901245222,-0.9757146514719115,-2.5945392864935237,1.628681784851592,-0.9452655121880633,-2.6294197471130945,0.032001116393630014,-0.03044913928384818,0.03488046061957073,0.056283817093364115
220,1.6482794351772558,-0.9832690847655763,-2.624369990556342,1.6169928076391802,-0.951602073889516,-2.6603197029822847,0.03128662753807565,-0.031667010876060275,0.03594971242594269,0.057219179162574255
221,1.6356967369782465,-0.990427128263661,-2.65597065641833,1.6051421324934945,-0.957558007449271,-2.691496182110619,0.030554604484752,-0.032869120814389974,0.03552552569228906,0.057236578636778085
222,1.6228941595151893,-0.9971840425734808,-2.6875713222803177,1.593130944472173,-0.9631309305733167,-2.722894364390203,0.029763215043016267,-0.03405311200016414,0.03532304210988535,0.05738624147380003
223,1.6098844864047406,-1.0035330807878162,-2.7191719881423055,1.5809604446840095,-0.9683186141667071,-2.7544565238654024,0.028924041720731042,-0.035214466621109164,0.035284535723096866,0.0576338208872733
224,1.5966807080524918,-1.0094679032714726,-2.7507726540042934,1.5686318501688397,-0.9731189832251738,-2.7861226372410264,0.02804885788365219,-0.03634892004629886,0.035349983236732996,0.057944833522470734
225,1.583296008681804,-1.0149825839915263,-2.7823733198662812,1.5561463937758424,-0.9775301176650971,-2.817831057161089,0.027149614905961572,-0.03745246632642918,0.035457737294807945,0.058284131266940375
226,1.5695649801244718,-1.0201387478300343,-2.814306239139154,1.5435053240402514,-0.9815502530915156,-2.8495192322111245,0.02605965608422034,-0.038588494738518775,0.035212993071970455,0.058379212760186934
227,1.5556763284327462,-1.0248538856814378,-2.846239158412027,1.530709905058507,-0.9851777815038595,-2.881124453092601,0.024966423374239266,-0.039676104177578275,0.03488529468057422,0.05843371735361618
228,1.5416442148187375,-1.0291231898747888,-2.8781720776848996,1.5177614163618436,-0.9884112519391305,-2.912584602987957,0.023882798456893894,-0.040711937935658304,0.034412525303057606,0.058412942490026015
229,1.5274829467718736,-1.0329423073221426,-2.9101049969577724,1.5046611527883416,-0.9912493710522671,-2.9438388899030694,0.022821793983532013,-0.04169293626987558,0.03373389294529705,0.05828473855715102
230,1.5132069634706302,-1.0363073439570742,-2.942037916230645,1.49141042435344,-0.9936910036334646,-2.974828539761162,0.02179653911719015,-0.042616340323609614,0.03279062353051687,0.05802125965182936
231,1.498422770102976,-1.0392973955904783,-2.9727053925171196,1.4780105561189416,-0.9957351730622453,-3.0054974311418126,0.020412213984034366,-0.04356222252823294,0.03279203862469293,0.058220645036727706
232,1.4835538454490216,-1.0418327184373046,-3.003372868803594,1.4644628880605028,-0.9973810616980933,-3.0357926556293995,0.019090957388518737,-0.044451656739211365,0.032419786825805375,0.058236217414093586
233,1.4686141725487385,-1.0439109282282446,-3.0340403450900686,1.450768774933639,-0.9986280112074989,-3.0656649915020315,0.0178453976150994,-0.04528291702074572,0.03162464641196294,0.05804411297134636
234,1.4536178009751919,-1.045530070572429,-3.064707821376543,1.4369295861382525,-0.9994755228272839,-3.095069282657533,0.016688214836939386,-0.04605454774514517,0.030361461280989932,0.057631035159632096
235,1.4385788336220353,-1.046688622795378,-3.0953752976630176,1.4229467055816887,-0.9999232575641007,-3.1239647189303588,0.015632128040346638,-0.04676536523127728,0.02858942126734121,0.056997524689113045
236,1.4228945792957195,-1.0474140241299756,-3.1234768818982412,1.4088215315403523,-0.9999710363300244,3.1308702891621083,0.014073047755367218,-0.047442987799951264,0.028838136119237134,0.05727587502031567
237,1.4071961352383124,-1.0476984446729365,3.1316068410461213,1.3945554765198755,-0.9996188400141854,3.1030967943149705,0.012640658718436892,-0.04807960465875105,0.028510046731150762,0.057308440927931296
238,1.391495897680155,-1.0475416598324123,3.1035052568108976,1.3801499671138728,-0.9988668094904141,3.0759271557872387,0.011345930566282192,-0.048674850341998255,0.027578101023658874,0.05708347267206121
239,1.3758062642678204,-1.046943793413093,3.075403672575674,1.3656064438612794,-0.9977152455608932,3.0493838894183343,0.010199820406540994,-0.04922854785219977,0.02601978315733966,0.05660843908391212
240,1.3601396242743493,-1.045905317518444,3.0473020883404502,1.350926361102302,-0.9961646088358407,3.023485121228019,0.009213263172047403,-0.049740708682603385,0.023816967112431087,0.05591305966372834
241,1.3437196270827383,-1.0443524619754134,3.0224927386492215,1.3361111868329818,-0.9942155195492712,2.998244789888664,0.007608440249756487,-0.050136942426142195,0.02424794876055758,0.05621000247261191
242,1.3273432043017634,-1.0423927566381745,2.997683388957993,1.3211624025584014,-0.9918687573109126,2.9736728934044856,0.006180801743361997,-0.050523999327261926,0.024010495553507205,0.05627948751487436
243,1.3110204351654027,-1.040027407651005,2.972874039266764,1.3060815031445296,-0.9891252607943699,2.9497757684852686,0.0049389320208730325,-0.05090214685663508,0.02309827078149551,0.056115521179229355
244,1.2947613658853039,-1.037257870820597,2.9480646895755354,1.2908699966687416,-0.9859861273616705,2.9265563918596627,0.0038913692165623015,-0.0512717434589266,0.021508297715872704,0.05573635530183335
245,1.2785760034676206,-1.0340858507200492,2.9232553398843066,1.2755294042690073,-0.9824526126243325,2.904014693833692,0.0030465991986132757,-0.05163323809571674,0.019240646050614707,0.05518582701537597
246,1.2615573948443022,-1.030309859886506,2.9019088691391106,1.2600612599917844,-0.9785261299411385,2.8821478756489345,0.001496134852517761,-0.051783729945367396,0.019760993490176126,0.05544628003996699
247,1.2446232614803752,-1.0261714696848183,2.8805623983939146,1.2444671106386092,-0.974208249852809,2.8609507235309106,0.0001561508417660118,-0.051963219832009355,0.01961167486300397,0.055541141411815584
248,1.2277813194900875,-1.021672565791148,2.8592159276487186,1.2287485156114235,-0.9695006994538089,2.8404159136590224,-0.0009671961213360003,-0.05217186633733917,0.018800013989696218,0.055464219380345424
249,1.2110392429802725,-1.0168151981513462,2.8378694569035225,1.2129070467566294,-0.9644053617015306,2.820534303571183,-0.001867803776356869,-0.05240983644981567,0.01733515333233937,0.055233931497758855
250,1.1944046605536065,-1.0116015800468872,2.8165229861583265,1.1969442882079129,-0.9589242746631383,2.8012952066945758,-0.0025396276543063756,-0.05267730538374882,0.015227779463750757,0.05489292739972864
251,1.1768860688670673,-1.0056973708152372,2.7984440509896595,1.1808618362278254,-0.9530596307003675,2.7826866477405034,-0.003975767360758109,-0.05263774011486977,0.015757403249156088,0.05508932898179061
252,1.159477076061267,-0.9994774262159362,2.7803651158209925,1.1646612990481637,-0.9468137755926088,2.764695597602315,-0.005184222986896803,-0.05266365062332734,0.01566951821867768,0.055189401755764915
253,1.142183372073909,-0.9929437791694223,2.7622861806523256,1.1483442967091446,-0.9401892075986283,2.747308187147715,-0.006160924635235654,-0.052754571570793996,0.014977993504610598,0.05518461835877129
254,1.125010609161815,-0.9860985651263268,2.7442072454836586,1.1319124608974056,-0.9331885764572977,2.7305098999059307,-0.006901851735590547,-0.05290998866902907,0.013697345577727837,0.05508829035478011
255,1.1079644000535476,-0.9789440213695242,2.7261283103149916,1.1153674347828333,-0.9258146823277321,2.71428574412675,-0.007403034729285718,-0.05312933904179207,0.011842566188241754,0.05493430589480118
256,1.0900135809457048,-0.9710251374918619,2.7109523015620516,1.0987108728542532,-0.918070474669267,2.69862040504676,-0.008697291908548399,-0.05295466282259498,0.01233189651529143,0.0550628265970889
257,1.0721850013739807,-0.9628347541696304,2.6957762928091116,1.081944440753977,-0.9099590510617106,2.6834983784538204,-0.00975943937999646,-0.05287570310791978,0.01227791435529113,0.05515282238548239
258,1.0544827673818666,-0.954374757703979,2.6806002840561716,1.0650698151112423,-0.9014836559663549,2.6689040868100813,-0.010587047729375687,-0.05289110173762401,0.011696197246090279,0.055193797229971614
259,1.036910955914606,-0.9456470964898028,2.6654242753032316,1.0480886833745522,-0.8926476794282345,2.654821979292142,-0.011177727459946274,-0.0529994170615683,0.010602296011089418,0.055193192340556425
260,1.0194736138802443,-0.9366537805670149,2.6502482665502916,1.0310027436429283,-0.8834546557201532,2.6412366171483908,-0.011529129762684054,-0.05319912484686162,0.009011649401900801,0.05517497206614205
261,1.0011397813465082,-0.9268430487444903,2.6375719758462193,1.0138137044961069,-0.8739082619290224,2.6281327457710297,-0.012673923149598698,-0.05293478681546793,0.009439230075189542,0.055243271514396515
262,0.9829317821676566,-0.9168007063797071,2.624895685142147,0.9965232848236771,-0.8640123164850744,2.615495354844479,-0.013591502656020493,-0.05278838989463275,0.00940033029766818,0.05531463876607742
263,0.9648525421177835,-0.9065283671384419,2.6122193944380747,0.979133213653199,-0.8537707776345435,2.603309727872266,-0.014280671535415568,-0.05275758950389842,0.008909666565808827,0.05537763978428634
264,0.9469049662811682,-0.8960276816437936,2.5995431037340024,0.9616452299772965,-0.8431877418564168,2.591561482308587,-0.014740263696128353,-0.05283993978737689,0.007981621425415586,0.055435015027901526
265,0.9290919385854686,-0.8853003372109521,2.58686681302993,0.9440610825797653,-0.8322674422239013,2.5802366014347324,-0.014969143994296719,-0.05303289498705088,0.006630211595197721,0.05550245876019053
266,0.9104154441693116,-0.8737278876277269,2.5763143908826187,0.9263825298606904,-0.821014246711247,2.56932145902926,-0.015967085691378724,-0.0527136409164799,0.006992931853358808,0.05552095874580278
267,0.8918621046979978,-0.8619590037598652,2.5657619687353073,0.9086113396606129,-0.8094326564466194,2.558802837787985,-0.016749234962615156,-0.05252634731324579,0.006959130947322478,0.055569627832536314
268,0.8734339861337423,-0.849994996102948,2.555209546587996,0.8907492890837423,-0.7975273039117043,2.5486679423582137,-0.017315302949999944,-0.0524676921912437,0.006541604229782116,0.05563695737569116
269,0.8551331404950897,-0.8378371968800936,2.5446571244406844,0.8727981643202526,-0.7853029510887806,2.538904407763251,-0.017665023825162884,-0.05253424579131305,0.005752716677433156,0.05572247120127106
270,0.8369616056284157,-0.8254869598936111,2.534104702293373,0.8547597604676596,-0.7727644875559871,2.5295003039093875,-0.01779815483924385,-0.05272247233762395,0.004604398383985409,0.055835776071902765
271,0.8179797319551187,-0.8122910222303744,2.525352683066035,0.836635881351318,-0.759916928531561,2.5204441367892327,-0.018656149396199195,-0.052374093698813406,0.004908546276802372,0.0558138999498951
272,0.7991140748882102,-0.7989294623515716,2.5166006638386973,0.8184283393440346,-0.7467654128678123,2.5117248469228364,-0.019314264455824404,-0.0521640494837593,0.00487581691586092,0.05583818102884984
273,0.7803660794870578,-0.7854033037173029,2.5078486446113595,0.800138955184839,-0.7333152009956565,2.503331805511806,-0.01977287569778119,-0.052088102721646434,0.004516839099553582,0.055897575027472814
274,0.7617371817984576,-0.7717135823954974,2.4990966253840217,0.7817695577969044,-0.7195716728205074,2.495254808721464,-0.02003237599844676,-0.052141909574989986,0.0038418166625575623,0.0559895916893335
275,0.7432288087466362,-0.7578613469825526,2.490344606156684,0.7633219841046635,-0.7055403255703919,2.4874840704519436,-0.020093175358027238,-0.05232102141216066,0.002860535704740208,0.05611958340987842
276,0.7239787021791927,-0.7431893858870134,2.483126211796337,0.7447980788501106,-0.6912267715971265,2.480010213910566,-0.020819376670917933,-0.05196261428988691,0.0031159978857706605,0.056064865750568314
277,0.704835004206566,-0.7283788533787005,2.47590781743599,0.7261996944083366,-0.6766367361314569,2.4728242622546763,-0.021364690201770675,-0.051742117247243535,0.0030835551813135353,0.05606429342461509
278,0.6857987123109647,-0.7134305211602752,2.468689423075643,0.7075286906022854,-0.6617760549930369,2.4659176285357978,-0.02172997829132073,-0.05165446616723823,0.002771794539845107,0.056107563452129555
279,0.6668708183782046,-0.6983451681144518,2.461471028715296,0.68878693451678,-0.6466506722561834,2.4592821051422575,-0.02191611613857536,-0.05169449585826835,0.0021889235730383483,0.05619099959111468
280,0.6480523086460269,-0.6831235802634134,2.454252634354949,0.6699763003118093,-0.631266637872321,2.452909852907744,-0.021923991665782405,-0.0518569423910924,0.0013427814472048993,0.05631702182048807
281,0.6285722464630495,-0.6671329039881687,2.448353345703294,0.65109866903512,-0.6156301052500863,2.446793390027349,-0.022526422572070492,-0.05150279873808239,0.001559955675944913,0.05623532211574697
282,0.609186856315743,-0.651027588119517,2.442454057051639,0.6321559284341076,-0.5997473287940437,2.440925580900035,-0.02296907211836463,-0.05128025932547331,0.001528476151603897,0.05621013707341808
283,0.5898968128448723,-0.6348081931466997,2.436554768399984,0.6131499727670459,-0.5836246614030073,2.435299624996844,-0.023253159922173583,-0.05118353174369239,0.0012551434031400355,0.0562320082611869
284,0.5707027873729945,-0.6184752835290828,2.4306554797483293,0.5940827026136648,-0.5672685519289687,2.4299090458371793,-0.02337991524067029,-0.05120673160011402,0.0007464339111500351,0.05629659813355295
285,0.551605447881096,-0.6020294276765129,2.4247561910966744,0.5749560246850888,-0.5506855425976376,2.4247476801408347,-0.023350576803992773,-0.05134388507887533,8.510955839646783e-06,0.05640429101148504
286,0.5319352543347492,-0.5848871237680742,2.4200065935374475,0.5557718516331736,-0.5338822663916443,2.419809667210888,-0.023836597298424356,-0.0510048573764299,0.0001969263265593213,0.05630024535235437
287,0.5123467013934422,-0.5676515880611218,2.4152569959782206,0.5365321018592358,-0.5168654443974288,2.4150894385917674,-0.02418540046579365,-0.05078614366369305,0.00016755738645324314,0.05625116940471404
288,0.4928402309481824,-0.5503232093658075,2.4105073984189938,0.5172386993222217,-0.4996418831169025,2.410581708037644,-0.02439846837403925,-0.05068132624890498,-7.430961865040331e-05,0.05624844541199661
289,0.47341628303830835,-0.5329023785866938,2.405757800859767,0.49789357334630513,-0.48221847174493154,2.4062814618184905,-0.02447729030799678,-0.050683906841762216,-0.0005236609587235819,0.05628739090032576
290,0.45407529584156275,-0.515389488713936,2.40100820330054,0.47849865842796485,-0.4646021794137574,2.402183949384547,-0.024423362586402098,-0.05078730930017855,-0.0011757460840069456,0.0563669566752803
291,0.43425636647344573,-0.4972717799519096,2.397276779913335,0.4590558940425284,-0.44680005240543,2.398284674404404,-0.024799527569082658,-0.05047172754647955,-0.0010078944910691945,0.05624435705456043
292,0.41450517976511764,-0.4790802446759417,2.39354535652613,0.4395672244502339,-0.42881921133339584,2.394579386187274,-0.025062044685116247,-0.050261033342545836,-0.0010340296611439648,0.05617247345274546
293,0.3948220107223123,-0.4608151361759527,2.389813933138925,0.4200345985017983,-0.41066684829434086,2.3910640714961615,-0.025212587779485984,-0.05014828788161185,-0.0012501383572365299,0.05614346093631509
294,0.3752071334037193,-0.44247670876626005,2.38608250975172,0.40045996944354106,-0.39235022399145386,2.387734946755494,-0.025252836039821758,-0.05012648477480619,-0.0016524370037740432,0.056152477701206016
295,0.3556608209171681,-0.4240652177820374,2.382351086364515,0.3808452947220541,-0.373876664830236,2.3845884506541766,-0.025184473804885976,-0.05018855295180136,-0.002237364289661592,0.05619745872536773
296,0.3357359897106809,-0.40515637501619345,2.379537991454867,0.36119253578846583,-0.35525355998804264,2.381621237142953,-0.025456546077784914,-0.049902815028150804,-0.002083245688085711,0.05605949160080876
297,0.3158644296409229,-0.3861915567005752,2.3767248965452192,0.34150365790229065,-0.3364883584585042,2.3788301688233062,-0.025639228261367775,-0.04970319824207098,-0.0021052722780869892,0.055966151490825324
298,0.2960462979614399,-0.36717091291322973,2.3739118016355714,0.3217806299349115,-0.31758856607203484,2.3762123107238504,-0.025734331973471636,-0.04958234684119489,-0.002300509088279057,0.05591026115541447
299,0.2762817515029724,-0.34809459417397887,2.3710987067259235,0.3020254241726877,-0.2985617424935936,2.373764924459197,-0.02574367266971528,-0.04953285168038529,-0.0026662177332736903,0.05588692866062436
300,0.2565709466722145,-0.32896275144322806,2.3682856118162756,0.2822400161197344,-0.27941549819892586,2.371485462765573,-0.025669069447519954,-0.0495472532443022,-0.0031998509492972005,0.0558933849078255
301,0.23658430721154725,-0.3094536826675474,2.3663177175690056,0.2624263843003676,-0.260157491430468,2.3693715644070066,-0.02584207708882033,-0.0492961912370794,-0.0030538468380010286,0.055742743018775145
302,0.21663609821050903,-0.28990532009990927,2.3643498233217355,0.2425865100612595,-0.2407954251341592,2.3674210494456176,-0.025950411850750477,-0.04910989496575008,-0.0030712261238821092,0.055629471403875405
303,0.19672639692066402,-0.27031773944342996,2.3623819290744654,0.22272237737329917,-0.22133704387835867,2.365631914869418,-0.025995980452635153,-0.048980695565071286,-0.0032499857949526145,0.05554693461748701
304,0.17685528044445123,-0.250691016553102,2.3604140348271954,0.20283597263320371,-0.2017901307561289,2.364002330571082,-0.025980692188752486,-0.048900885796973104,-0.003588295743886416,0.05549025918736462
305,0.15702282573488585,-0.2310252274355004,2.3584461405799253,0.1829292844648735,-0.182162504272095,2.3625306356712543,-0.025906458729987647,-0.048862723163405425,-0.004084495091329021,0.055456229758461234
306,0.13701955437326152,-0.21111183459818317,2.3572733492743514,0.16300430352053824,-0.16246201521515416,2.3612153351802236,-0.02598474914727672,-0.04864981938302901,-0.003941985905872247,0.05529512968725491
307,0.1170396510169102,-0.19117499579833933,2.3561005579687775,0.14306302228168652,-0.14269654351825772,2.360055096992098,-0.026023371264776315,-0.0484784522800816,-0.003954539023320436,0.05516352568811659
308,0.09708314314697597,-0.17121473845788024,2.3549277666632036,0.1231074348598263,-0.12287399510655006,2.3590487492060004,-0.026024291712850325,-0.04834074335133018,-0.004120982542796803,0.05505518798471892
309,0.07715005821242382,-0.15123109003092808,2.3537549753576297,0.10313953679706928,-0.10300229873509785,2.3581952777692634,-0.025989478584645453,-0.04822879129583023,-0.004440302411633734,0.05496531262955988
310,0.05724042363000191,-0.131224078003778,2.3525821840520558,0.08316132486658098,-0.0830894028174964,2.3574938244380585,-0.025920901236579072,-0.0481346751862816,-0.00491164038600278,0.054890475380403966
311,0.03726662167729615,-0.1111054492876512,2.352174902064081,0.06317479687290779,-0.06314327224661277,2.356943685051464,-0.025908175195611644,-0.04796217704103843,-0.004768782987382814,0.05472061092187451
312,0.017301015336075993,-0.09097868727060773,2.351767620076106,0.04318195145219192,-0.04317188520872868,2.3565443081154838,-0.025880936116115926,-0.04780680206187905,-0.004776688039377586,0.054572245017551646
313,-0.002656392081791425,-0.07084379529124701,2.3513603380881314,0.02318478787231655,-0.02318322999237945,2.356295293694157,-0.025841179954107975,-0.047660565298867565,-0.004934955606025415,0.05443941451615413
314,-0.02260559726579899,-0.05070077668951703,2.3509530561001566,0.0031853058329736565,-0.0031853017931379904,2.356196392605459,-0.025790903098772647,-0.04751547489637904,-0.005243336505302398,0.05431743380339819
315,-0.04254659690680017,-0.03054963480671384,2.350545774112182,-0.016814494734297237,0.016813900484349713,2.3562475059203347,-0.025732102172502932,-0.047363535291063553,-0.005701731808152921,0.05420290862210307
316,-0.06244403966105189,-0.010426122636357074,2.3508934381925553,-0.03681261386610762,0.03680637742582691,2.3564486847638113,-0.02563142579494427,-0.047232500062183984,-0.005555246571256056,0.054025362700063355
317,-0.08234847743501021,0.009690470691834513,2.3512411022729287,-0.05680705176720758,0.05678413230707805,2.3568001304177795,-0.025541425667802632,-0.04709366161524354,-0.005559028144850764,0.05386167638859927
318,-0.10225990782281955,0.029800142746362022,2.351588766353302,-0.07679580901047076,0.07673917429251892,2.3573021947256567,-0.02546409881234879,-0.0469390315461569,-0.0057134283723545565,0.05370601711709966
319,-0.12217832841777908,0.04990289109656312,2.3519364304336756,-0.0967768867368283,0.09666352163141724,2.357955380799775,-0.02540144168095078,-0.04676063053485412,-0.006018950366099229,0.0535538754059633
320,-0.14210373681234312,0.06999871331261236,2.352284094514049,-0.11674828685516017,0.11654920485049365,2.358760344032969,-0.025355449957182946,-0.046550491537881294,-0.0064762495189198965,0.05340214333508419
321,-0.1618772617078678,0.08992749071077752,2.353394672976672,-0.13670801224209556,0.13638826994159764,2.359717893416455,-0.02516924946577223,-0.04646077923082012,-0.0063232204397829506,0.05321727390740126
322,-0.1816729068756291,0.10983429577265626,2.354505251439295,-0.1566540669417306,0.1561727815432119,2.3608289931666846,-0.0250188399338985,-0.046338485770555646,-0.006323741727389809,0.053039488351423164
323,-0.20149064789998722,0.12971910394550584,2.3556158299019176,-0.1765844563652152,0.175894826114484,2.3620947646644646,-0.024906191534772026,-0.04617572216897817,-0.006478934762546906,0.05286295763813022
324,-0.22133046033804962,0.1495818907037142,2.3567264083645405,-0.19649718749021736,0.19554651510054424,2.363516488710183,-0.024833272847832266,-0.04596462439683005,-0.006790080345642657,0.05268342554710001
325,-0.24119231971970126,0.16942263154883005,2.3578369868271634,-0.21639026906021674,0.21511998808781552,2.365095608099521,-0.024802050659484515,-0.04569735653898546,-0.007258621272357768,0.05249835896808888
326,-0.2607938097223476,0.18895983631921104,2.3597374246881895,-0.23626171178363561,0.23460741594808077,2.366833730524539,-0.024532097938712,-0.04564757962886973,-0.007096305836349348,0.05230566806543595
327,-0.2804323935493006,0.20845975441738218,2.3616378625492156,-0.25610952853275937,0.2540010039700232,2.3687326318054684,-0.02432286501654124,-0.045541249552640994,-0.007094769256252853,0.052114709288532735
328,-0.3001080002726142,0.22792231541621122,2.3635383004102417,-0.27593173454245457,0.2732929949770132,2.3707942594589726,-0.02417626573015963,-0.045370679560801985,-0.007255959048730887,0.051919546706237
329,-0.319820558830628,0.24734744902348715,2.365438738271268,-0.29572634760863703,0.29247567242986966,2.373020736608938,-0.024094211221990958,-0.045128223406382506,-0.00758199833767037,0.0517162862260886
330,-0.339569998028224,0.26673508508217414,2.367339176132294,-0.3154913882864973,0.3115413635133787,2.3754143662461753,-0.02407860974172671,-0.04480627843120455,-0.008075190113881359,0.05150330794545463
331,-0.35895088917780243,0.2856887321539976,2.3700768028646393,-0.33522488008843665,0.3304824422053109,2.3779776358435334,-0.023726009089365785,-0.04479371005131333,-0.007900832978894101,0.051301297539440245
332,-0.3783835956474975,0.30458925062142905,2.3728144295969846,-0.35492484968172117,0.34929133232673576,2.3807132223330263,-0.02345874596577635,-0.04470208170530671,-0.00789879273604166,0.05109774748226862
333,-0.3978679717970359,0.3234364988327289,2.37555205632933,-0.37458932708580633,0.3679605105723846,2.3836239974514886,-0.02327864471122959,-0.0445240117396557,-0.008071941122158588,0.050886532152075864
334,-0.4174038715989009,0.34223033553539656,2.3782896830616753,-0.3942163458693397,0.38648250951987934,2.3867130334610547,-0.02318752572956123,-0.04425217398448278,-0.008423350399379359,0.0506642781825886
335,-0.43699114863942684,0.3609706198772291,2.3810273097940207,-0.4138039433467995,0.4048499206165983,2.389983609250355,-0.023187205292627355,-0.04387930073936919,-0.00895629945633436,0.05043069325926411
336,-0.4561025556058922,0.3791556604615973,2.3846722735196604,-0.43335016077475924,0.42305539714299684,2.3934392168216947,-0.02275239483113295,-0.043899736681399515,-0.008766943302034313,0.050216706842534625
337,-0.4752801192842172,0.39727092001416153,2.3883172372453,-0.4528530435477663,0.44109165715120235,2.3970835681686076,-0.02242707573645092,-0.04382073713704082,-0.008766330923307475,0.05000079286550435
338,-0.4945235848861648,0.4153161578601872,2.39196220097094,-0.472310641393794,0.4589514863776903,2.400920602546995,-0.02221294349237085,-0.04363532851750307,-0.00895840157605532,0.04977659803786863
339,-0.5138326967479417,0.4332911342552306,2.3956071646965795,-0.49172100856927403,0.47662774112889944,2.404954494141537,-0.02211168817866771,-0.04333660687366886,-0.00934732944495753,0.04954150600442145
340,-0.5332071983335951,0.4511956103883235,2.3992521284222192,-0.5110822040536624,0.49411335113860816,2.409189660127124,-0.02212499427993264,-0.04291774075028465,-0.009937531704904856,0.0492970828688847
341,-0.5520000728582776,0.4684360173898751,2.403900949589222,-0.5303922917435467,0.5114013223959523,2.4136307691226384,-0.02160778111473083,-0.04296530500607715,-0.00972981953341634,0.04906712776513627
342,-0.570872891592174,0.48558887369770604,2.408549770756225,-0.549649340646248,0.5284847399429308,2.4182827500314454,-0.021223550945925984,-0.042895866245224734,-0.009732979275220544,0.048838768834343065
343,-0.5898252466653753,0.5026538086128739,2.4131985919232277,-0.5688514250729251,0.5453567706403021,2.42315080125933,-0.020973821592450204,-0.04270296202742818,-0.009952209336102413,0.04860545883722843
344,-0.6088567284890725,0.5196304533365493,2.4178474130902305,-0.5879966248311352,0.5620106659007431,2.4282404002962408,-0.020860103657937223,-0.042380212564193775,-0.010392987206010229,0.04836569574264828
345,-0.627966925764409,0.5365184409779864,2.4224962342572334,-0.6070830254168587,0.5784397643882002,2.433557313642975,-0.020883900347550388,-0.04192132341021382,-0.011061079385741746,0.048123612991626444
346,-0.6463922771737695,0.5526492927179287,2.4282765608347243,-0.6261087182059404,0.5946374946823286,2.439107607057674,-0.020283558967829074,-0.041988201964399896,-0.010831046222949503,0.047872157157248546
347,-0.6649105618402477,0.5686733710198373,2.4340568874122153,-0.645071800644958,0.6105973779069791,2.4448976560896263,-0.01983876119528971,-0.04192400688714182,-0.010840768677411017,0.047631093465865165
348,-0.6835211610293921,0.584590140485889,2.439837213989706,-0.6639703764414682,0.6263130303216559,2.4509341568591303,-0.01955078458792392,-0.041722889835766885,-0.011096942869424087,0.047393827185596704
349,-0.7022234529223308,0.6003990693036722,2.445617540567197,-0.6828025557536419,0.6417781658749337,2.4572241370319414,-0.01942089716868889,-0.0413790965712616,-0.011606596464744268,0.047160512734553635
350,-0.7210168126365477,0.616099629263956,2.451397867144688,-0.7015664553792397,0.6569865987187891,2.463774966924827,-0.019450357257308037,-0.040886969454833055,-0.012377099780138678,0.04693882473608468
351,-0.739026038169695,0.6309691917720898,2.4584744095039484,-0.7202601989439371,0.671932245682862,2.4705943706648235,-0.01876583922575792,-0.04096305391077226,-0.012119961160875103,0.04665856798150743
352,-0.7571400369873833,0.6457109399832027,2.4655509518632086,-0.7388819170889542,0.6866091287076386,2.477690437308543,-0.01825811989842907,-0.04089818872443585,-0.012139485445334497,0.04640461065500357
353,-0.7753579019904959,0.6603241356711906,2.472627494222469,-0.7574297476579961,0.7010113772355988,2.4850716318091606,-0.017928154332499835,-0.04068724156440817,-0.012444137586691717,0.04617062815434668
354,-0.7936787208785842,0.6748080470475052,2.479704036581729,-0.7759018358834606,0.715133230559358,2.4927468056970676,-0.017776884995123532,-0.04032518351185277,-0.013042769115338526,0.0459592416341967
355,-0.8121015761955526,0.6891619487977999,2.4867805789409894,-0.7942963345719204,0.7289690401258765,2.5007252073153747,-0.017805241623632173,-0.03980709132807658,-0.01394462837438537,0.045783007871670764
356,-0.8296469805230113,0.7026337552071744,2.495361896870978,-0.8126114042888336,0.7425132717958018,2.509016491422985,-0.01703557623417773,-0.03987951658862743,-0.013654594552007016,0.045464652790412806
357,-0.8473073432763121,0.71595450474943,2.5039432148009664,-0.8308452135424925,0.7557605080570542,2.5176307279456003,-0.016462129733819553,-0.03980600330762418,-0.0136875131446339,0.04519809322066826
358,-0.865081363971675,0.7291232165036786,2.512524532730955,-0.8489959389671652,0.7687054501917557,2.5265784096181902,-0.016085425004509823,-0.03958223368807712,-0.014053876887235361,0.04497783428395397
359,-0.8829677337557125,0.7421389207448769,2.5211058506609434,-0.8670617655054355,0.78134292039565,2.5358704582208973,-0.015905968250277014,-0.03920399965077315,-0.014764607559953902,0.04481012219349652
360,-0.9009651355018111,0.7550006590152352,2.529687168590932,-0.8850408865897049,0.7936678638491532,2.545518229063543,-0.015924248912106198,-0.038667204833918056,-0.01583106047261129,0.04471416899340037
361,-0.9180007699506784,0.7669555677681519,2.540032262317303,-0.9029315043228463,0.8056753507392133,2.5555335133215724,-0.015069265627832062,-0.03871978297106138,-0.015501251004269356,0.044346286683166806
362,-0.9351591652682506,0.7787336047222418,2.550377356043674,-0.9207318296579966,0.8173605782311729,2.565928537768054,-0.014427335610254,-0.03862697350893107,-0.015551181724379859,0.04406847340554529
363,-0.9524384851628938,0.7903335093918753,2.5607224497700454,-0.9384400825774543,0.8287188723898353,2.5767159613820527,-0.013998402585439496,-0.038385362997960026,-0.01599351161200735,0.04387691626712857
364,-0.9698368804016241,0.8017540403551414,2.5710675434964165,-0.9560544922706857,0.83974569004898,2.5879088682432516,-0.01378238813093835,-0.037991649693838614,-0.016841324746835085,0.043782986287821186
365,-0.9873524890080134,0.8129939753867051,2.5814126372227877,-0.9735732973113987,0.8504366206285644,2.5995207560461813,-0.013779191696614679,-0.03744264524185925,-0.018108118823393582,0.04381462967824698
366,-1.0038355168196647,0.8233321360012903,2.5938347769867756,-0.9909947458336898,0.8607873878989016,2.6115655194852865,-0.012840770985974803,-0.03745525189761134,-0.01773074249851092,0.04338387400608977
367,-1.0204456916766054,0.8334647497783216,2.6062569167507634,-1.008317095707223,0.870793851691091,2.6240574276749693,-0.012128595969382427,-0.03732910191276939,-0.01780051092420587,0.04309782916766477
368,-1.0371804505030822,0.8433902531787687,2.6186790565147513,-1.0255386147114476,0.8804520095530344,2.637011094678,-0.01164183579163458,-0.037061756374265675,-0.018332038163248576,0.04295543911268524
369,-1.0540372109990919,0.8531071146223006,2.631101196278739,-1.042657580708813,0.8897579983503596,2.650441442122924,-0.011379630290278886,-0.036650883728059025,-0.0193402458441847,0.04297474110340443
370,-1.0710133720388497,0.8626138347236201,2.643523336042727,-1.0596722818169868,0.8987080958116269,2.664363652799013,-0.011341090221862915,-0.03609426108800684,-0.020840316756285837,0.04319415253725865
371,-1.0869062593035501,0.8712563588523284,2.6583856693041885,-1.0765810165800351,0.9072987220171839,2.678793114029098,-0.010325242723514982,-0.03604236316485543,-0.020407444724909407,0.042686372298510675
372,-1.1029258346640505,0.8796617317883161,2.67324800256565,-1.0933820941385743,0.9155264408310896,2.693745349540943,-0.00954374052547613,-0.0358647090427735,-0.02049734697529315,0.04239695237827802
373,-1.1190685596383052,0.887828096911757,2.6881103358271115,-1.1100738343988477,0.9233879612755189,2.709235938492216,-0.008994725239457546,-0.035559864363761906,-0.021125602665104548,0.04232847887257882
374,-1.135330868542381,0.895753650396038,2.702972669088573,-1.12665456820074,0.9308801388471135,2.7252804202598746,-0.008676300341641019,-0.035126488451075466,-0.022307751171301682,0.04250628354540784
375,-1.1517091692780619,0.9034366416061972,2.7178350023500344,-1.1431226374846875,0.9379999767747388,2.7418941835904724,-0.00858653179337443,-0.0345633351685416,-0.024059181240438043,0.04297902823670889
376,-1.1669830594594617,0.9103264975314854,2.735527645256688,-1.1594763954574863,0.9447446272181542,2.7590923387340904,-0.007506664001975416,-0.0344181296866688,-0.023564693477402532,0.04238221837340329
377,-1.182376452514213,0.9169450537340589,2.7532202881633414,-1.1757142067569655,0.9511113924071088,2.776889571263257,-0.006662245757247609,-0.03416633867304997,-0.02366928309991545,0.04209464549459298
378,-1.1978845299801404,0.9232902384638748,2.770912931069995,-1.1918344476155285,0.9570977257204172,2.7952999764232915,-0.006050082364611908,-0.03380748725654237,-0.02438704535329661,0.04212217554072449
379,-1.2135024374963876,0.9293600655420247,2.7886055739766484,-1.2078355060225212,0.9627012327045702,2.814336873086924,-0.005666931473866432,-0.03334116716254554,-0.025731299110275607,0.04249526201816825
380,-1.2292252863229374,0.9351526349824504,2.806298216883302,-1.2237157818854385,0.9679196720314864,2.834012596709942,-0.005509504437498869,-0.03276703704903605,-0.027714379826639934,0.043268004406200516
381,-1.2438647641419447,0.9402537795869919,2.8271803299361693,-1.2394736871899266,0.9727509563950139,2.8543382711218332,-0.004391076952018125,-0.032497176808022,-0.027157941185663947,0.042578184868948675
382,-1.2586075651489643,0.9450481310089337,2.8480624429890367,-1.2551076461585875,0.9771931533458231,2.875323559550972,-0.003499918990376827,-0.03214502233688943,-0.027261116561935417,0.04229326625104462
383,-1.2734472607927954,0.9495335986866809,2.868944556041904,-1.2706160954085512,0.9812444860643621,2.896976395989684,-0.0028311653842441054,-0.03171088737768124,-0.028031839947780135,0.042419098606298646
384,-1.288377380271641,0.9537082267464064,2.8898266690947714,-1.2859974841078177,0.9849033340715609,2.9193026988581225,-0.0023798961638232807,-0.031195107325154514,-0.029476029763351175,0.04298412448088775
385,-1.3033914133546802,0.9575701948549041,2.9107087821476387,-1.3012502741303347,0.9881682338770005,2.9423060699269263,-0.0021411392243455563,-0.030598039022096346,-0.03159728777928761,0.0440364969563075
386,-1.3174000844066078,0.9608632955806258,2.934996296832366,-1.3163729402098099,0.9910378795642899,2.9659874825973085,-0.0010271441967979467,-0.030174583983664127,-0.03099118576494231,0.04326677869804243
387,-1.3314845972897933,0.9638152227264484,2.9592838115170936,-1.3313639700922384,0.993511123313416,2.990344964890073,-0.00012062719755490114,-0.029695900586967583,-0.031061153372979433,0.04297273916626218
388,-1.3456366441927172,0.9664242350852355,2.983571326201821,-1.3462218646871233,0.9955869758598548,3.01537328382298,0.0005852204944061246,-0.029162740774619333,-0.031801957621159005,0.04315289609113983
389,-1.3598478774686233,0.9686887937196372,3.0078588408865485,-1.360945138217388,0.9972646068902659,3.0410636392016177,0.0010972607487647057,-0.028575813170628628,-0.03320479831506917,0.04382168082876184
390,-1.3741099145594142,0.9706075628698396,3.032146355571276,-1.3755323183679475,0.998543345374605,3.067403376135589,0.0014224038085333124,-0.02793578250476536,-0.03525702056431301,0.045005429403800555
391,-1.3875142028110872,0.9720804984809877,3.059740207286857,-1.389981946432944,0.9994226798345278,3.0943757267243446,0.002467743621856755,-0.027342181353540163,-0.03463551943748744,0.04419619719452868
392,-1.4009540270447798,0.9731830443602928,3.0873340590024383,-1.4042925774616108,0.9999022585479752,3.1219595922240613,0.0033385504168310653,-0.026719214187682416,-0.034625533221622984,0.043863309001655235
393,-1.4144191545500624,0.9739143610598185,3.1149279107180194,-1.4184627804027723,0.9999818896898556,-3.1330559296913743,0.004043625852709898,-0.02606752863003703,-0.03520146677019298,0.0439887510812424
394,-1.4278993333512942,0.9742738917752579,-3.1406635447459856,-1.432491138247941,0.9996615414087742,-3.1043304177311337,0.0045918048966469005,-0.02538764963351625,-0.03633312701485192,0.04456134585939265
395,-1.4413843000131938,0.9742613627698687,-3.1130696930304045,-1.4463762481730242,0.9989413418397719,-3.0750839964195906,0.004991948159830395,-0.024679979069903157,-0.03798569661081386,0.04557339202133288
396,-1.4542297329327118,0.9738948736010582,-3.082768914148614,-1.460116721678599,0.9978215790530742,-3.045356048786323,0.005886988745887223,-0.02392670545201603,-0.03741286536229094,0.04479806206632878
397,-1.4670581661604467,0.9731393855983496,-3.0524681352668233,-1.4737111847287665,0.9963027009388654,-3.0151903723094278,0.006653018568319791,-0.023163315340515855,-0.03727776295739549,0.044389564592844925
398,-1.479857822335768,0.971995592350313,-3.0221673563850326,-1.4871582778885493,0.9943853150281404,-2.9846349301467145,0.00730045555278136,-0.02238972267782746,-0.037532426238318095,0.04430890827139556
399,-1.4926169505173053,0.9704645439357328,-2.991866577503242,-1.5004566564598378,0.992070188249698,-2.953741503402485,0.007839705942532582,-0.021605644313965167,-0.03812507410075705,0.04451725654928853
400,-1.5053238369711008,0.968547645959565,-2.9615657986214514,-1.5136049906158564,0.9893582466233818,-2.9225652469480483,0.008281153644755568,-0.020810600663816792,-0.039000551673403105,0.04497445537754388
401,-1.5176573356345444,0.9663029828314558,-2.929730450442532,-1.5266019655341467,0.9862505748896836,-2.891164155538977,0.008944629899602319,-0.019947592058227825,-0.03856629490355479,0.04433138770160809
402,-1.5299131373285397,0.9636668821737953,-2.8978951022636124,-1.5394462815280487,0.9827484160758617,-2.859598451199729,0.009533144199509014,-0.01908153390206646,-0.038296651063883136,0.04383627786540693
403,-1.54207882197708,0.9606420154210066,-2.866059754084693,-1.5521366541766646,0.9788531709987472,-2.827929906773413,0.01005783219958456,-0.018211155577740668,-0.038129847311279885,0.043436061423812275
404,-1.554142060829115,0.957231447984551,-2.8342244059057733,-1.5646718144533056,0.9745663977044351,-2.7962211238571486,0.010529753624190619,-0.01733494971988414,-0.03800328204862469,0.043076973427161595
405,-1.5660906289525536,0.9534386361464282,-2.8023890577268538,-1.57705050885239,0.9698898108450863,-2.7645347857899107,0.010959879899836489,-0.01645117469865809,-0.03785427193694302,0.04270487115377635
406,-1.577931021719641,0.949260859267181,-2.770579718657975,-1.5892714995147947,0.964825280993091,-2.732932907721797,0.011340477795153792,-0.015564421725909994,-0.03764681093617783,0.04228640483593603
407,-1.5896325548239008,0.9447086242620897,-2.7387703795890963,-1.6013335643516353,0.9593748338928642,-2.7014761059532435,0.011701009527734563,-0.014666209630774474,-0.037294273635852804,0.041747744548991175
408,-1.6011833892539877,0.9397865368491737,-2.7069610405202176,-1.613235497166481,0.9535406496505743,-2.6702229076755954,0.012052107912493337,-0.013754112801400598,-0.03673813284462213,0.04103802296647756
409,-1.6125718384677497,0.934499576944159,-2.675151701451339,-1.6249761077759686,0.9473250618621301,-2.639229120063048,0.012404269308218918,-0.012825484917971086,-0.03592258138829063,0.04010973465444879
410,-1.6237863802160721,0.9288530936220548,-2.64334236238246,-1.6365542221288205,0.940730556679773,-2.608547274546721,0.012767841912748379,-0.011877463057718196,-0.034795087835739036,0.038920303869486805
411,-1.6351016948284944,0.9226971918510884,-2.61308242642642,-1.6479686824232516,0.9337597718176508,-2.578226158302969,0.012866987594757129,-0.011062579966562347,-0.034856268123450995,0.038767247423232495
412,-1.6462255805578823,0.9162017597891385,-2.5828224904703796,-1.6592183472227418,0.926415495496766,-2.54831044080868,0.01299276666485949,-0.010213735707627514,-0.03451204966169952,0.03826504873333318
413,-1.6571478524428047,0.9093727446138943,-2.5525625545143393,-1.670302091570187,0.9187006653297247,-2.518840399062686,0.013154239127382228,-0.00932792071583044,-0.03372215545165336,0.03737951150304999
414,-1.6678585101182284,0.902216398929694,-2.522302618558299,-1.681218807100389,0.9106183671457304,-2.4898517410274974,0.01336029698216068,-0.008401968216036448,-0.03245087753080167,0.03608531637486233
415,-1.6783477469717898,0.8947392750426788,-2.492042682602259,-1.691967402150893,0.9021718337562933,-2.4613755232435177,0.01361965517910324,-0.007432558713614479,-0.030667159358741092,0.03436877360866142
416,-1.6890592768689408,0.8866039266100262,-2.4644040575438075,-1.702546801871149,0.893364443662152,-2.4334381555791036,0.013487525002208178,-0.00676051705212577,-0.030965901964703946,0.03444568196428879
417,-1.6995418945727323,0.8781756709818206,-2.4367654324853563,-1.7129559483300023,0.8841997197019128,-2.4060614838033527,0.013414053757270006,-0.006024048720092212,-0.030703948682003546,0.03404347905035678
418,-1.709787592988374,0.8694609460387176,-2.409126807426905,-1.723193800621481,0.8746813276429652,-2.3792629391356055,0.013406207633107181,-0.005220381604247648,-0.0298638682912995,0.03314859599615091
419,-1.7197885459906814,0.8604664084795174,-2.3814881823684537,-1.7332593349688885,0.8648130747152218,-2.353055743107651,0.013470788978207082,-0.004346666235704455,-0.028432439260802855,0.031760970787733205
420,-1.7295371144020228,0.8511989287364793,-2.3538495573100024,-1.7431515448271764,0.8545989080882805,-2.327449155898217,0.013614430425153534,-0.003399979351801252,-0.026400401411785346,0.029898056292966917
421,-1.7395460016343722,0.8411429907494551,-2.329300223321023,-1.7528694409836028,0.8440429132926041,-2.3024487566599667,0.013323439349230526,-0.0028999225431489695,-0.0268514666610562,0.030115192987903973
422,-1.7493050312067033,0.8308443959795301,-2.3047508893320434,-1.7624120516566506,0.833149312585366,-2.278056745137869,0.013107020449947271,-0.0023049166058358717,-0.026694144194174374,0.029827570465838605
423,-1.7588083219419988,0.82030935076704,-2.280201555343064,-1.7717784225932054,0.8219224632616022,-2.2542722549523493,0.012970100651206629,-0.0016131124945621966,-0.025929300390714616,0.029037118685821022
424,-1.7680501467815741,0.809544203946705,-2.2556522213540844,-1.780967617163977,0.8103668559113548,-2.2310916701770687,0.012917470382402874,-0.000822651964649812,-0.02456055117701572,0.027762537194103962
425,-1.77702493623643,0.7985554430215703,-2.231102887365105,-1.789978716457167,0.7984871126234903,-2.208508938179551,0.012953780220736899,6.833039808007424e-05,-0.022593949185553797,0.026044032538181244
426,-1.786238690920382,0.7866911637913914,-2.209618375855725,-1.7988108193703554,0.7862879851369292,-2.186515873031657,0.012572128449973352,0.00040317865446215517,-0.023102502824067894,0.026304877941669073
427,-1.7951954405895532,0.7746316848477758,-2.1881338643463453,-1.8074630427006113,0.7737743529400123,-2.165102445073569,0.012267602111058151,0.0008573319077634922,-0.023031419272776077,0.026108913291703832
428,-1.8038910511085255,0.762382572441971,-2.1666493528369655,-1.8159345212328108,0.7609512213187744,-2.144257053386,0.012043470124285305,0.0014313511231967002,-0.022392299450965325,0.02546584012700408
429,-1.8123215088749602,0.7499494803536744,-2.1451648413275857,-1.8242244078261607,0.7478237193548899,-2.123966778963472,0.011902898951200447,0.002125760998784476,-0.02119806236411348,0.0244040101470903
430,-1.8204829226721404,0.7373381472814373,-2.123680329818206,-1.8323318734989098,0.7343970978741133,-2.104217617273643,0.0118489508267694,0.0029410494073239812,-0.019462712544562777,0.022974868593830983
431,-1.8288282981821384,0.7238141782410641,-2.1049518116603583,-1.840256107511248,0.7206767273460168,-2.084994689631238,0.011427809329109584,0.0031374508950472446,-0.019957122029120367,0.02321045333177528
432,-1.8369189410407087,0.7101362935675148,-2.0862232935025107,-1.8479963174463758,0.7066680957358779,-2.0662824334160166,0.011077376405667083,0.0034681978316369877,-0.019940860086494094,0.02307324349157124
433,-1.8447520134780084,0.6963092907397193,-2.067494775344663,-1.855551729289751,0.6923768063095604,-2.048064771633234,0.01079971581174255,0.003932484430158811,-0.019430003711429222,0.022574838640264893
434,-1.8523247680662829,0.6823380195393733,-2.0487662571868155,-1.862921587506485,0.6778085753922868,-2.030325262666764,0.010596819440202188,0.004529444147086559,-0.018440994520051657,0.021745774886593464
435,-1.859634548683519,0.6682273803498919,-2.030037739028968,-1.8701051551168988,0.662969230082182,-2.0130472313250416,0.010470606433379714,0.005258150267709927,-0.016990507703926294,0.020638776498565253
436,-1.8670587664736045,0.6532139266753019,-2.0136443754519404,-1.8771017137702157,0.6478647059195176,-1.996213882444517,0.01004294729661126,0.005349220755784256,-0.017430493007423387,0.020815788228612915
437,-1.8742358767041658,0.638080787880853,-1.9972510118749127,-1.883910563816402,0.6325010445125663,-1.9798083984096402,0.00967468711223618,0.005579743368286705,-0.01744261346527254,0.020711780977852076
438,-1.88116395062479,0.6228320307910423,-1.980857648297885,-1.8905310243761266,0.6168843911210447,-1.963814021986842,0.009367073751336719,0.005947639669997673,-0.017043626311042948,0.020337199564777517
439,-1.8878411264101724,0.6074717533012057,-1.9644642847208573,-1.8969624334088513,0.6010209921980904,-1.9482141258648502,0.009121306998678858,0.006450761103115377,-0.016250158856007113,0.019719995512653663
440,-1.8942656096604589,0.5920040832762643,-1.9480709211438296,-1.9032041477790322,0.5849171928917617,-1.9329922702561362,0.00893853811857337,0.007086890384502609,-0.015078650887693446,0.01890733168937603
441,-1.9007326262703907,0.5756837820563535,-1.9335806882044937,-1.9092555433204328,0.5685794345070697,-1.9181322498532611,0.008522917050042045,0.007104347549283796,-0.015448438351232552,0.01902015027897374
442,-1.9069624872719102,0.5592714888697358,-1.9190904552651578,-1.9151160148985422,0.5520142519295328,-1.9036181313569873,0.008153527626632018,0.007257236940202971,-0.015472323908170438,0.0189351606247172
443,-1.9129538846236105,0.5427706496936274,-1.9046002223258218,-1.9207849764710867,0.5352282710113162,-1.8894342827063793,0.007831091847476213,0.007542378682311224,-0.01516593961944257,0.018660632364728938
444,-1.91870556035267,0.526184729096642,-1.890109989386486,-1.9262618611466333,0.5182282059209752,-1.8755653950493394,0.007556300793963411,0.007956523175666863,-0.0145445943371465,0.018219472197786905
445,-1.9242163068189804,0.5095172095113588,-1.87561975644715,-1.9315461212412777,0.5010208564578846,-1.8619964983989576,0.007329814422297298,0.008496353053474182,-0.01362325804819231,0.017649570944423383
446,-1.9297024346426457,0.49208040323524066,-1.8626344930043606,-1.9366372283334143,0.4836131053324,-1.8487129718292505,0.006934793690768659,0.008467297902840676,-0.01392152117511003,0.01770862075764264
447,-1.9349616847853583,0.4745738301969546,-1.8496492295615712,-1.9415346733165766,0.4660119154128712,-1.8357005489754596,0.006572988531218238,0.008561914784083413,-0.01394868058611154,0.01763735391420146
448,-1.9399931704602473,0.45700044226201575,-1.8366639661187818,-1.9462379664503477,0.44822432694058495,-1.8229453195202048,0.006244795990100416,0.0087761153214308,-0.013718646598577022,0.01744187322479084
449,-1.944796043284878,0.4393632025619127,-1.8236787026759924,-1.950746637409333,0.4302574547137687,-1.810433727268505,0.005950594124454867,0.009105747848143997,-0.01324497540748748,0.017139241169110257
450,-1.9493694934243029,0.4216650849944802,-1.810693439233203,-1.955060235330194,0.41211848524175654,-1.7981525653422639,0.005690741905891139,0.00954659975272365,-0.012540873890939164,0.016756957606517013
451,-1.9538599192937887,0.40330741812272247,-1.7988619382388757,-1.9591783288567337,0.39381467387048763,-1.7860889689586406,0.005318409562945048,0.009492744252234842,-0.012772969280235191,0.01677934497980761
452,-1.9581328371856443,0.3848979088909902,-1.7870304372445485,-1.9631005061830311,0.37535334188046116,-1.7742304061965488,0.004967668997386765,0.009544567010529026,-0.01280003104799965,0.0167217609573822
453,-1.9621876489649328,0.3664391343136158,-1.7751989362502212,-1.9668263750946215,0.3567418735583286,-1.7625646671013775,0.004638726129688742,0.009697260755287207,-0.012634269148843691,0.01658853227949097
454,-1.9660237870278172,0.3479336783012321,-1.763367435255894,-1.970355563007719,0.33798771324326765,-1.7510798514294241,0.004331775979901753,0.009945965057964468,-0.012287583826469772,0.016391193378360997
455,-1.9696407143810164,0.329384131299069,-1.7515359342615666,-1.973687717006473,0.3190983623493521,-1.7397643552903157,0.004047002625456653,0.01028576894971689,-0.011771578971250918,0.01614761111167252
456,-1.973127101693935,0.31030507396288576,-1.7405517648144848,-1.9768225038782612,0.3000813763650833,-1.7286068569072703,0.0036954021843262908,0.01022369759780245,-0.011944907907214475,0.016151186172757404
457,-1.9764037153046323,0.29118887327919235,-1.729567595367403,-1.9797596101470079,0.2809443618313017,-1.7175963016812124,0.0033558948423755286,0.010244511447890625,-0.011971293686190654,0.016109746041451833
458,-1.9794701598871685,0.27203783563223227,-1.7185834259203212,-1.982498742104534,0.2616949732986626,-1.706721886714927,0.003028582217365461,0.01034286233356968,-0.011861539205394234,0.016026329081221976
459,-1.9823260654726576,0.2528542716093553,-1.7075992564732394,-1.9850396258399263,0.2423409102659238,-1.6959730449273882,0.0027135603672687747,0.010513361343431504,-0.011626211545851195,0.015907953089987895
460,-1.9849710874939048,0.23364049572224335,-1.6966150870261576,-1.987382007266929,0.22288991410024592,-1.6853394288655676,0.0024109197730242116,0.010750581621997435,-0.011275658160589952,0.015764771051863295
461,-1.9874500303420939,0.21404208158340335,-1.686208209770769,-1.9895256521493512,0.20334976494075557,-1.6748108943012632,0.0020756218072572885,0.010692316642647776,-0.011397315469505731,0.01576491804561125
462,-1.9897248843440933,0.19441893113115286,-1.6758013325153802,-1.9914703461244907,0.183728278586583,-1.6643774836832836,0.0017454617803973616,0.010690652544569856,-0.011423848832096573,0.01574296702639436
463,-1.9917954031283993,0.17477316959422312,-1.6653944552599915,-1.993215894724571,0.16403330337065347,-1.6540294095005519,0.0014204915961717468,0.01073986622356965,-0.01136504575943964,0.01570117154829931
464,-1.993661362453445,0.15510692465017376,-1.6549875780046028,-1.9947621233961865,0.14427271702045727,-1.6437570375989194,0.0011007609427415854,0.010834207629716486,-0.011230540405683387,0.015643425693260393
465,-1.9953225602318854,0.1354223261949607,-1.6445807007492141,-1.996108877517759,0.12445442350706172,-1.6335508704836228,0.0007863172858735279,0.010967902687898975,-0.011029830265591345,0.015574669817785542
466,-1.9967946134173298,0.11550779978338652,-1.6345071081877467,-1.9972560224149978,0.10458634988363526,-1.6234015306300522,0.00046140899766800025,0.01092144989975126,-0.01110557755769448,0.015582837323987986
467,-1.998065984481203,0.09557945518590405,-1.6244335156262792,-1.9982034433743696,0.08467644311472142,-1.613299743817685,0.00013745889316663096,0.010903012071182633,-0.011133771808594206,0.015583819873750848
468,-1.999136544409335,0.07563931465935961,-1.6143599230648118,-1.998951045654568,0.06473266689756589,-1.6032363224955564,-0.0001854987547669218,0.010906647761793717,-0.011123600569255432,0.01557959771021703
469,-2.000006184565149,0.05568940165760798,-1.6042863305033443,-1.999498754495988,0.04476299847674028,-1.5932021491822361,-0.0005074300691609857,0.010926403180867704,-0.011084181321108222,0.015572502923588392
470,-2.0006748167006845,0.03573174062617968,-1.594212737941877,-1.9998465151282017,0.024775425453357765,-1.5831881598989876,-0.0008283015724828147,0.010956315172821918,-0.011024578042889255,0.01556496857320763
471,-2.0011438800345474,0.015704009040135126,-1.5842438034699802,-1.999994292775436,0.0047779425901285115,-1.5731853276313745,-0.0011495872591114065,0.010926066450006613,-0.011058475838605641,0.015588148280321693
472,-2.001413268224052,-0.0043274033638162485,-1.5742748689980834,-1.999942072660049,-0.015221451386431743,-1.5631846458120962,-0.0014711955640032137,0.010894048022615494,-0.011090223185987291,0.015615304960890307
473,-2.0014829544977153,-0.024360505887316808,-1.5643059345261867,-1.9996898600040087,-0.03521475698538918,-1.5531771118160986,-0.0017930944937065707,0.010854251098072372,-0.011128822710088082,0.015648662871821935
474,-2.001352931930196,-0.044393307664046824,-1.55433700005429,-1.9992376800283709,-0.05519397715107451,-1.5431537104581057,-0.0021152519018250437,0.010800669487027688,-0.01118328959618431,0.015690593301985415
475,-2.0010232134429855,-0.06442381785757442,-1.5443680655823933,-1.998585577950756,-0.0751511204618093,-1.5331053974825013,-0.0024376354922295285,0.010727302604234878,-0.01126266809989196,0.015743721945084187
476,-2.0004961077244285,-0.08436394895750968,-1.5342800702120898,-1.9977336189808284,-0.09507820432636097,-1.5230230830361118,-0.002762488743600189,0.010714255368851289,-0.011256987175978006,0.01578437114514258
477,-1.999767876288424,-0.10429774808604399,-1.5241920748417863,-1.9966818883137751,-0.11496725817687632,-1.5128976151157174,-0.003085987974648763,0.010669510090832335,-0.011294459726068906,0.01584066248178536
478,-1.9988385932447457,-0.12422318664447658,-1.5141040794714828,-1.9954304911217866,-0.1348103266569955,-1.5027197629842826,-0.003408102122959056,0.010587140012518911,-0.011384316487200286,0.015915569597282315
479,-1.9977083531635438,-0.14413823688493507,-1.5040160841011794,-1.993979552543539,-0.15459947280389894,-1.4924802005528235,-0.003728800620004691,0.010461235918963863,-0.011535883548355885,0.016013057804716593
480,-1.9963772710657204,-0.16404087211673277,-1.493928088730876,-1.9923292176716814,-0.17432678122297965,-1.4821694897287272,-0.0040480533940390195,0.010285909106246882,-0.011758599002148706,0.016138504048278327
481,-1.9948633818015833,-0.18369666764452483,-1.483491882488902,-1.9904796515383252,-0.19398436125389898,-1.4717780637361624,-0.004383730263258112,0.010287693609374149,-0.01171381875273969,0.01619466827673228
482,-1.9931444467665076,-0.20333559380864158,-1.4730556762469282,-1.9884310390985427,-0.21356435012673866,-1.4612962104201923,-0.004713407667964908,0.010228756318097082,-0.011759465826735926,0.01628277323399216
483,-1.9912206531755732,-0.22295551166662253,-1.4626194700049544,-1.9861835852118708,-0.2330589161070144,-1.450714055553347,-0.005037067963702402,0.010103404440391872,-0.01190541445160731,0.016407002414262864
484,-1.9890922105557045,-0.2425542843462667,-1.4521832637629806,-1.9837375146218252,-0.25246026162825813,-1.4400215461719812,-0.005354695933879272,0.00990597728199144,-0.012161717590999377,0.016574333447196523
485,-1.9867593507228498,-0.2621297772783666,-1.4417470575210067,-1.9810930719334263,-0.2717606264109441,-1.4292084339797944,-0.005666278789423496,0.009630849132577501,-0.01253862354121238,0.016795149616546576
486,-1.9842702300306958,-0.28131072761887815,-1.4307176937065038,-1.9782505215887396,-0.2909522905664908,-1.4182642588677388,-0.006019708441956206,0.009641562947612647,-0.012453434838765043,0.016860743313457528
487,-1.981569711343374,-0.3004630584588752,-1.4196883298920009,-1.9752101478404307,-0.31002757768512307,-1.4071783326133003,-0.0063595635029432,0.009564519226247847,-0.012509997278700613,0.01698305355024027
488,-1.978658123167189,-0.3195844400009495,-1.408658966077498,-1.9719722547233407,-0.32897885790632714,-1.3959397228381787,-0.00668586844384822,0.00939441790537765,-0.012719243239319278,0.01716784998799485
489,-1.9755358196841277,-0.33867254621253956,-1.397629602262995,-1.9685371660240831,-0.347798550970695,-1.384537237321871,-0.006998653660044596,0.009126004758155448,-0.01309236494112409,0.01742627715981548
490,-1.972203180708774,-0.35772505510888264,-1.3866002384484921,-1.964905225248665,-0.36647912925192844,-1.372959408789994,-0.00729795546010914,0.008754074143045798,-0.013640829658498221,0.01777543815977104
491,-1.9687519878015807,-0.3762491912534812,-1.3747066093101405,-1.9610767955881379,-0.38501312076778266,-1.3611944803206513,-0.007675192213442816,0.008763929514301438,-0.01351212898948928,0.017840758556561816
492,-1.9650807249805329,-0.3947309709752796,-1.362812980171789,-1.957052259882277,-0.4033931121687696,-1.3492303915401058,-0.008028465098255833,0.008662141193490014,-0.013582588631683157,0.01799932376028047
493,-1.961189911570525,-0.4131677799018479,-1.3509193510334374,-1.9528320205812995,-0.42161175170339216,-1.337054765810933,-0.008357890989225458,0.00844397180154427,-0.013864585222504333,0.01825874379482708
494,-1.9570800979533631,-0.4315570100221786,-1.3390257218950858,-1.9484164997056181,-0.43966175215875003,-1.3246548986519633,-0.008663598247744986,0.008104742136571419,-0.014370823243122555,0.018635056758263917
495,-1.952751865489911,-0.4498960600556074,-1.3271320927567343,-1.9438061388036416,-0.4575358937753214,-1.3120177476702315,-0.008945726686269362,0.007639833719713995,-0.015114345086502778,0.019152976599061605
496,-1.9483524910860148,-0.46759238263845837,-1.3140671936095105,-1.9390013989076176,-0.47522702713477977,-1.2991299243311092,-0.009351092178397247,0.007634644496321397,-0.014937269278401333,0.019205539175184982
497,-1.9437222980523405,-0.48522971918831453,-1.3010022944622868,-1.934002760487532,-0.4927280760196602,-1.2859776879442872,-0.009719537564808478,0.007498356831345643,-0.015024606517999528,0.019401895955411804
498,-1.9388620767126559,-0.5028050592029842,-1.287937395315063,-1.928810723403061,-0.5100320402437544,-1.272546942300503,-0.010051353309594946,0.007226981040770131,-0.015390453014560102,0.019751582273613885
499,-1.9337726566540672,-0.5203154027624126,-1.2748724961678393,-1.9234258068535868,-0.527131998452086,-1.2588232354572375,-0.010346849800480395,0.00681659568967341,-0.016049260710601754,0.02027565157885291
500,-1.9284549065854184,-0.537757761040735,-1.2618075970206155,-1.917848549326277,-0.5440211108893698,-1.2447917632410141,-0.010606357259141497,0.006263349848634747,-0.017015833779601364,0.0210062601347779
501,-1.9231205682144186,-0.5544686757643585,-1.2472213494388427,-1.9120795085422362,-0.5606926221358159,-1.2304373771094976,-0.011041059672182385,0.006223946371457401,-0.01678397232934503,0.021031981225545292
502,-1.917543056400323,-0.5711000076027942,-1.2326351018570698,-1.906119261400735,-0.5771398638092112,-1.2157445970978271,-0.011423794999588122,0.006039856206417005,-0.016890504759242697,0.021266690062367692
503,-1.9117235577858007,-0.5876482181595919,-1.218048854275297,-1.8999684039215217,-0.5933562572321769,-1.200697630660021,-0.011755153864279055,0.005708039072584992,-0.017351223615275968,0.021721655401334913
504,-1.9056633104973852,-0.6041097867227572,-1.2034626066935241,-1.8936275511852179,-0.6093353160635608,-1.1852803983066504,-0.012035759312167382,0.00522552934080367,-0.018182208386873677,0.02242227376819138
505,-1.8993636038820574,-0.6204812110137996,-1.1888763591117513,-1.8870973372718132,-0.625070648892882,-1.16947656703277,-0.012266266610244214,0.004589437879082392,-0.019399792078981237,0.02340675477949157
506,-1.8931046339211532,-0.6360647165114868,-1.1723754538109845,-1.8803784151972567,-0.6405559617968117,-1.153269592622839,-0.012726218723896565,0.004491245285324963,-0.019105861188145612,0.02339149116585127
507,-1.886589385757163,-0.6515428265359557,-1.1558745485102178,-1.8734714568481579,-0.6557850608566534,-1.136642772009011,-0.013117928909005094,0.004242234320697702,-0.019231776501206665,0.023663005690017107
508,-1.8798196333207962,-0.6669113268049557,-1.139373643209451,-1.8663771529145952,-0.6707518546358369,-1.119579306941384,-0.013442480406200996,0.0038405278308811797,-0.019794336268067036,0.02423356518930272
509,-1.8727972198375815,-0.682166032880089,-1.1228727379086842,-1.8590962128210502,-0.6854503566164047,-1.1020623802982807,-0.01370100701653132,0.0032843237363157085,-0.020810357610403507,0.025131163115638847
510,-1.8655240573260057,-0.6973027913061244,-1.1063718326079175,-1.8516293646554642,-0.6998746875935437,-1.0840752464144137,-0.013894692670541442,0.002571896287419273,-0.02229658619350383,0.026397251576752927
511,-1.8583445988790523,-0.7116338633843181,-1.0875354194130946,-1.8439773550964327,-0.7140190780271819,-1.06560133682667,-0.014367243782619665,0.0023852146428637866,-0.021934082586424708,0.026328898984003393
512,-1.8508964840357287,-0.7258271658817137,-1.0686990062182717,-1.836140949338534,-0.7278778703497366,-1.0466243828210473,-0.014755534697194816,0.0020507044680229125,-0.022074623397224435,0.02663118831641911
513,-1.8431823553869675,-0.7398776630149926,-1.0498625930234489,-1.828120931015814,-0.7414455212290605,-1.0271285560983872,-0.015061424371153542,0.0015678582140679076,-0.022734036925061707,0.027315583800780596
514,-1.835204949905392,-0.753780369668175,-1.031026179828626,-1.8199181021234212,-0.754716603785701,-1.007098628747356,-0.015286847781970758,0.0009362341175260802,-0.023927551081269982,0.02840936377638099
515,-1.826967097974238,-0.7675303531613394,-1.0121897666338031,-1.811533282937409,-0.7676858097635824,-0.9865201535059736,-0.015433815036829168,0.00015545660224292046,-0.02566961312782956,0.029952560015442335
516,-1.818860660424866,-0.7805004441651653,-0.9906159204002964,-1.8029673119327096,-0.7803479516532316,-0.9653796649918884,-0.0158933484921564,-0.0001524925119337217,-0.025236255408408015,0.029824325093750718
517,-1.8104763162516297,-0.7932926434746707,-0.9690420741667898,-1.7942210456992849,-0.79269796476672,-0.9436649021705272,-0.01625527055234488,-0.0005946787079506022,-0.02537717199626255,0.03014279884190439
518,-1.8018179676355381,-0.8059009974366919,-0.9474682279332831,-1.7852953588564693,-0.804730909263467,-0.9213650517940357,-0.01652260877906886,-0.001170088173224837,-0.026103176139247397,0.030915069331247803
519,-1.7928896442827724,-0.8183196379620413,-0.9258943816997764,-1.7761911439655085,-0.8164419721261122,-0.8984710118695688,-0.016698500317263942,-0.0018776658359290765,-0.027423369830207656,0.03216219449417938
520,-1.7836955015492093,-0.8305427852565912,-0.9043205354662698,-1.7669093114403063,-0.8278264690856536,-0.8749756733946423,-0.016786190108903032,-0.002716316170937594,-0.029344862071627453,0.03391571143165908
521,-1.7746402039375864,-0.8420557000577256,-0.8797229550394723,-1.7574507894563798,-0.8388798464951001,-0.8508742176279203,-0.01718941448120659,-0.003175853562625508,-0.028848737411552028,0.03373146404024938
522,-1.765304484309116,-0.853342416190943,-0.8551253746126748,-1.7478165238580448,-0.8495976831508637,-0.8261644250538847,-0.01748796045107115,-0.0037447330400792733,-0.02896094955879014,0.03403804321089091
523,-1.755693990871799,-0.8643961050749549,-0.8305277941858773,-1.7380074780638322,-0.8599756920611862,-0.8008469909691761,-0.017686512807966848,-0.00442041301376872,-0.02968080321670119,0.034832497270612266
524,-1.7458145380746646,-0.8752100791123951,-0.8059302137590798,-1.7280246329701487,-0.8700097221608728,-0.7749258413027453,-0.017789905104515835,-0.0052003569515223225,-0.031004372456334472,0.03612195381567886
525,-1.7356721030899669,-0.8857777957358867,-0.7813326333322823,-1.717868986853184,-0.8796957599716702,-0.7484084409343449,-0.01780311623678288,-0.006082035764216509,-0.032924192397937424,0.03792023934304755
526,-1.7256284588756197,-0.8957401046979947,-0.7536988419050014,-1.7075415552690867,-0.8890299312075991,-0.721306085468987,-0.018086903606532978,-0.006710173490395599,-0.03239275643601436,0.037702164127091875
527,-1.7153133878812634,-0.9054211015135233,-0.7260650504777204,-1.6970433709524082,-0.8980085023246204,-0.6936341662499572,-0.018270016928855215,-0.007412599188902913,-0.03243088422776319,0.037953951007906404
528,-1.7047347664664871,-0.9148133939878728,-0.6984312590504395,-1.6863754837128333,-0.9066278820139979,-0.6654123974581106,-0.01835928275365384,-0.008185511973874848,-0.03301886159232881,0.03865632018643816
529,-1.6939006722321397,-0.9239098103746796,-0.6707974676231585,-1.6755389603301956,-0.9148846226387805,-0.6366649935694167,-0.018361711901944133,-0.00902518773589911,-0.03413247405374176,0.03979487734203455
530,-1.6828193778524527,-0.9327034048520026,-0.6431636761958776,-1.6645348844478025,-0.9227754216128066,-0.6074207853483693,-0.018284493404650215,-0.009927983239196081,-0.03574289084750826,0.04135748779120106
531,-1.6717363120524518,-0.9410098622619771,-0.6129452778345547,-1.6533643564640714,-0.9302971227216964,-0.5777132630548064,-0.01837195558838034,-0.010712739540280736,-0.035232014779748244,0.04115320650981783
532,-1.6604073364876668,-0.9489776659043478,-0.5827268794732318,-1.642028493422494,-0.9374467173852932,-0.5475805367263731,-0.01837884306517279,-0.011530948519054673,-0.03514634274685868,0.04130387457180022
533,-1.6488427954430616,-0.9565995405201172,-0.5525084811119089,-1.6305284288999269,-0.9442213458610588,-0.5170652053199697,-0.018314366543134675,-0.012378194659058428,-0.03544327579193918,0.04177153963833862
534,-1.637053248294226,-0.9638685267118947,-0.522290082750586,-1.6188653128932389,-0.95061829838793,-0.48621412915210704,-0.018187935400987065,-0.013250228323964719,-0.03607595359847893,0.042518748486135856
535,-1.6250494598657994,-0.9707779872983983,-0.4920716843892631,-1.6070403117043106,-0.9566350162701883,-0.4550781034039326,-0.018009148161488797,-0.014142971028209939,-0.036993580985330454,0.04350721872431567
536,-1.6128843899305132,-0.9772990995433468,-0.46029939094792705,-1.5950546078234087,-0.9622690929009017,-0.4237114343156453,-0.017829782107104508,-0.015030006642445137,-0.03658795663228176,0.043387565040971125
537,-1.6005183038333073,-0.9834304734577409,-0.428527097506591,-1.582909399810932,-0.9675182747245379,-0.3921714238816628,-0.01760890402237525,-0.015912198733203042,-0.0363556736249282,0.04341666240185295
538,-1.5879636838237399,-0.9891659200713007,-0.396754804065255,-1.5706059021775611,-0.972380462138356,-0.3605177731102454,-0.017357781646178738,-0.016785457932944614,-0.036237030955009575,0.043544995052582046
539,-1.5752332024563152,-0.9944996500602743,-0.36498251062391895,-1.5581453452628062,-0.9768537103322188,-0.32881191793031006,-0.017087857193508915,-0.017645939728055504,-0.036170592693608894,0.043722829599179364
540,-1.5623397097988863,-0.9994262795911453,-0.3332102171825829,-1.5455289751119743,-0.9809362300664917,-0.29711631530754834,-0.016810734686911966,-0.018490049524653607,-0.036093901875034584,0.04390048387777193
541,-1.5490893462334412,-1.004012438169011,-0.30137981334507463,-1.5327580533515686,-0.9846263883877127,-0.265493699789787,-0.016331292881872628,-0.01938604978129832,-0.035886113555287646,0.043935671150210964
542,-1.535699739936804,-1.0081745804465951,-0.26954940950756634,-1.519833857063122,-0.9879227092817555,-0.23400633231352022,-0.015865882873681958,-0.02025187116483962,-0.03554307719404612,0.043876814622993976
543,-1.5221844557727353,-1.011908489803058,-0.23771900567005808,-1.506757678655493,-0.9908238742642128,-0.20271526353027572,-0.015426777117242274,-0.02108461553884511,-0.03500374213978236,0.04367846641577922
544,-1.50855718592787,-1.01521038345565,-0.2058886018325498,-1.4935308257356246,-0.9933287229077735,-0.17167963311530354,-0.015026360192245347,-0.021881660547876547,-0.03420896871724627,0.04329956246496177
545,-1.4948317360403114,-1.0180769162920091,-0.17405819799504155,-1.4801546209777887,-0.9954362533063774,-0.1409560245718928,-0.014677115062522672,-0.02264066298563172,-0.03310217342314875,0.04270563443298436
546,-1.4805537890799574,-1.0205875152846253,-0.1437479694964269,-1.466630401991313,-0.997145622475965,-0.11059789210988624,-0.013923387088644379,-0.02344189280866027,-0.03315007738654066,0.042922146698488664
547,-1.4662063150856244,-1.0226642595361746,-0.11343774099781226,-1.452959521186826,-0.99845614669166,-0.08065507250195922,-0.013246793898798348,-0.024208112844514518,-0.03278266849585304,0.0428510633450208
548,-1.4518024942153436,-1.0243052412671105,-0.08312751249919761,-1.439143345641015,-0.9993673017612495,-0.05117339069845843,-0.012659148574328594,-0.024937939505860984,-0.031954121800739185,0.042464347039385675
549,-1.4373555583896187,-1.0255089530066024,-0.05281728400058297,-1.425183256959923,-0.9998787232348542,-0.022194363718999813,-0.01217230142969572,-0.025630229771748225,-0.030622920281583157,0.04174729747924024
550,-1.4228787791360598,-1.0262742889773577,-0.02250705550196833,-1.4110806511407838,-0.9999902065507035,0.006244996773392763,-0.011798127995275909,-0.026284082426654254,-0.02875205227536109,0.040702939982870584
551,-1.4076835576057054,-1.0266163464320588,0.005068270655474234,-1.396836938432427,-0.9997017071169574,0.03411228652508152,-0.010846619173278338,-0.026914639315101407,-0.029044015869607285,0.04105608133743564
552,-1.392484681771431,-1.0265393137560817,0.0326435968129168,-1.3824535431942528,-0.9990133403295429,0.061379721814441665,-0.010031138577178078,-0.02752597342653873,-0.028736125001524865,0.04103739555985893
553,-1.3772937081050136,-1.0260432495212548,0.06021892297035936,-1.3679319037538011,-0.9979253815259969,0.08802407252366619,-0.009361804351212477,-0.02811786799525795,-0.027805149553306825,0.040637227058337666
554,-1.362122187069814,-1.0251285309102325,0.08779424912780193,-1.3532734722629136,-0.9964382658753348,0.11402652573356668,-0.008848714806900304,-0.02869026503489769,-0.026232276605764757,0.03986932903157366
555,-1.3469816543383757,-1.023795853429704,0.1153695752852445,-1.338479714552524,-0.9945525882039893,0.13937249138381436,-0.008501939785851675,-0.029243265225714743,-0.02400291609856986,0.038776172096001545
556,-1.3309991111066022,-1.0219437295622438,0.13958606220629693,-1.3235521099860739,-0.9922691027578862,0.16405136184929442,-0.007447001120528318,-0.029674626804357618,-0.024465299642997484,0.0391738712446026
557,-1.3150661015827885,-1.0197051455254051,0.16380254912734937,-1.3084921513115828,-0.9895887229007583,0.18805623702960433,-0.006573950271205664,-0.030116422624646866,-0.02425368790225496,0.03922317058493124
558,-1.299191969036361,-1.0170814140463136,0.1880190360484018,-1.293301344512367,-0.9865125207488105,0.21138362585071127,-0.005890624523994026,-0.03056889329750312,-0.02336458980230946,0.038923781308436545
559,-1.283386022210722,-1.0140740737062444,0.21223552296945425,-1.2779812086564475,-0.9830417267418881,0.234033134057412,-0.005404813554274579,-0.031032346964356305,-0.021797611087957747,0.03830606240289548
560,-1.267657529864515,-1.0106848880383836,0.2364520098905067,-1.2625332757446417,-0.979177729151317,0.25600714694934407,-0.005124254119873273,-0.03150715888706668,-0.01955513705883738,0.03743477563455961
561,-1.251006562926005,-1.0066726796504337,0.2572164980160452,-1.2469590905573706,-0.9749220735246148,0.2773105143849678,-0.004047472368634342,-0.031750606125818925,-0.020094016368922607,0.03779222824558349
562,-1.2344424909737421,-1.0023156122311774,0.2779809861415837,-1.2312602105001726,-0.97027646206729,0.2979502440332553,-0.0031822804735694987,-0.032039150163887364,-0.019969257891671643,0.03788674323534125
563,-1.217972455582096,-0.99761556432359,0.29874547426712217,-1.2154382054479715,-0.9652427529619856,0.3179352075580311,-0.0025342501341245605,-0.032372811361604414,-0.01918973329090895,0.037718260868875614
564,-1.2016035577817172,-0.9925745623461616,0.31950996239266066,-1.1994946575880876,-0.9598229596252282,0.3372758632229733,-0.002108900193629637,-0.03275160272093336,-0.017765900830312653,0.03731946105089199
565,-1.1853428549979372,-0.9871947797192095,0.34027445051819916,-1.1834311612620187,-0.954019249902089,0.35598399733641756,-0.001911693735918485,-0.033175529817120575,-0.0157095468182184,0.03675677097924139
566,-1.1682197500858251,-0.9811324180462216,0.3578310310125836,-1.1672493228060146,-0.9478339451990766,0.3740724860305142,-0.0009704272798105595,-0.033298472847145044,-0.01624145501793056,0.037060961727361015
567,-1.1512057129363782,-0.9747703829345182,0.3753876115069681,-1.1509507603904343,-0.9412695195556019,0.39155507809344553,-0.0002549525459438762,-0.033500863378916335,-0.01616746658647744,0.037198922346734255
568,-1.134305987711429,-0.9681106353261979,0.39294419200135255,-1.1345371038579373,-0.9343285986543979,0.4084461989420335,0.00023111614650828116,-0.03378203667180002,-0.015502006940680935,0.037169767763021305
569,-1.117525783338949,-0.9611552279259725,0.410500772495737,-1.1180099945604975,-0.92701395877128,0.4247607753253133,0.00048421122154862495,-0.03414126915469251,-0.01426000282957629,0.03700281611850314
570,-1.1008702719075225,-0.953906304568471,0.4280573529901215,-1.1013710851952752,-0.9193285256646756,0.4405140799735253,0.0005008132877526439,-0.03457777890379543,-0.012456726983403832,0.036756545743690486
571,-1.1008763462866118,-0.953909076136736,0.4440171792676976,-1.0846220396393396,-0.9112753734053558,0.4557215951360275,-0.016254306647272232,-0.04263370273138023,-0.011704415868329876,0.04710444187112367
572,-1.1008823756602262,-0.9539119442939465,0.45997700554527376,-1.0677645327832885,-0.90285772314685,0.470398893769609,-0.03311784287693764,-0.05105422114709657,-0.010421888224335207,0.06174091648103961
573,-1.1008883584926203,-0.9539149083095523,0.4759368318228499,-1.0508002503637583,-0.894078941837027,0.48456153703014543,-0.050088108128862,-0.059835966472525315,-0.008624705207295524,0.07850826070893747
574,-1.1008942932599028,-0.953917967428587,0.49189665810042604,-1.0337308887948575,-0.8849425408713637,0.498224986670857,-0.06716340446504532,-0.06897542655722333,-0.006328328570430974,0.09648098315513536
575,-1.1009001784504255,-0.9539211208718605,0.5078564843780021,-1.0165581549985165,-0.8754521746884284,0.5114045309468265,-0.084342023451909,-0.07846894618343214,-0.003548046568824348,0.11525424534287353
576,-1.1072040893446184,-0.9574295492294973,0.5234521657727099,-0.9992837662338049,-0.865611639308158,0.5241152226565137,-0.10792032311081357,-0.09181790992133931,-0.0006630568838037476,0.14169602805688217
577,-1.1134525195062865,-0.9610358607270457,0.5390478471674177,-0.9819094499252019,-0.8554248708134978,0.5363718280074358,-0.13154306958108464,-0.10561098991354789,0.002676019159981946,0.16871402260594162
578,-1.1196439491900694,-0.9647391782361672,0.5546435285621255,-0.9644369434898631,-0.8448959437760261,0.5481887850668954,-0.1552070057002063,-0.11984323446014111,0.00645474349523012,0.1961970417154179
579,-1.1257768725142827,-0.9685386010346871,0.5702392099568333,-0.9468679941638701,-0.8340290696261731,0.5595801706434279,-0.17890887835041258,-0.13450953140851407,0.010659039313405394,0.22408662590932435
580,-1.1318497978271793,-0.9724332050256691,0.5858348913515411,-0.9292043588275147,-0.8228285949687089,0.570559674535322,-0.20264543899966458,-0.14960461005696024,0.015275216816219128,0.25234905497434384
581,-1.1486414201801183,-0.9835751187992463,0.6119061484140931,-0.9114478038296094,-0.8112989998441578,0.581140580175409,-0.23719361635050884,-0.17227611895508854,0.030765568238684038,0.2947649792439891
582,-1.165136885343933,-0.9951509752604732,0.637977405476645,-0.89360010481086,-0.7994448959368459,0.5913357507932551,-0.27153678053307295,-0.19570607932362738,0.04664165468338999,0.3379475353040717
583,-1.1813249818137288,-1.007152906624472,0.664048662539197,-0.8756630465262938,-0.7872710247302823,0.6011576203049405,-0.305661935287435,-0.21988188189418967,0.06289104223425657,0.3817493207096792
584,-1.1971947069944897,-1.0195727555152063,0.690119919601749,-0.8576384226667918,-0.7747822556106337,0.6106181882251972,-0.3395562843276979,-0.24479049990457258,0.07950173137655181,0.42607673529756634
585,-1.2127352746792328,-1.0324020805098222,0.716191176664301,-0.8395280356797178,-0.7619835839190322,0.619729017975972,-0.373207238999515,-0.27041849659079,0.09646215868832897,0.47086596245521567
586,-1.1902841404895967,-1.0128617010561083,0.7239987751402763,-0.8213336965886817,-0.7488801289535097,0.6285012380388306,-0.368950443900915,-0.26398157210259854,0.0954975371014457,0.4636059534312342
587,-1.1679862524781097,-0.9931466295162087,0.7318063736162517,-0.8030572248124292,-0.7354771319213411,0.6369455454658797,-0.36492902766568047,-0.25766949759486757,0.094860828150372,0.45668954656438643
588,-1.1458429698857686,-0.9732580676870594,0.739613972092227,-0.7847004479829077,-0.721779953842635,0.6450722113249574,-0.3611425219028609,-0.2514781138444243,0.09454176076726961,0.45011477136179756
589,-1.1238556425290889,-0.9531972279412665,0.7474215705682024,-0.7662652017625027,-0.7077940734059962,0.6528910877099849,-0.3575904407665862,-0.24540315453527028,0.09453048285821741,0.4438802133153841
590,-1.1020256107178226,-0.9329653331532027,0.7552291690441777,-0.747753329660472,-0.6935250847771224,0.6604116159967486,-0.35427228105735054,-0.23944024837608036,0.09481755304742912,0.4379849883659021
591,-1.0797644945643439,-0.9120084561088116,0.7615122135853702,-0.7291666828486026,-0.6789786953612166,0.6676428360684155,-0.3505978117157412,-0.23302976074759507,0.09386937751695479,0.4313156095127654
592,-1.0576354899321319,-0.890912126052616,0.7677952581265628,-0.7105071199760853,-0.6641607235200951,0.6745933962741206,-0.34712836995604657,-0.2267514025325209,0.09320186185244217,0.4249716353258991
593,-1.035639470397255,-0.8696771757942869,0.7740783026677553,-0.6917765069836577,-0.6490770962449237,0.6812715639183997,-0.34386296341359723,-0.22060007954936323,0.09280673874935563,0.41895014436333283
594,-1.0137773042859926,-0.8483044436157382,0.7803613472089479,-0.6729767169170084,-0.6337338467854989,0.6876852361095336,-0.3408005873689841,-0.21457059683023927,0.09267611109941432,0.4132486454226325
595,-0.9920498546405572,-0.8267947732380343,0.7866443917501404,-0.6541096297394813,-0.6181371122370333,0.6938419508213524,-0.3379402249010759,-0.20865766100100103,0.09280244092878809,0.4078650611941891
596,-0.9699147302237074,-0.8046044091120182,0.7916233145656779,-0.6351771321440697,-0.6022931310853911,0.6997488980461777,-0.33473759807963777,-0.20231127802662718,0.09187441651950023,0.40177110547635325
597,-0.9478903638212876,-0.7823041114107193,0.7966022373812154,-0.6161811173647562,-0.5862082407117827,0.7054129309366325,-0.3317092464565313,-0.19609587069893664,0.0911893064445829,0.39597992916280234
598,-0.9259773014089977,-0.7598944329500701,0.8015811601967529,-0.5971234849871871,-0.5698888748578939,0.71084057685146,-0.32885381642181055,-0.19000555809217623,0.09074058334529289,0.39048789756784175
599,-0.9041760862033542,-0.7373759292575106,0.8065600830122903,-0.5780061407587223,-0.5533415610524803,0.7160380482354703,-0.32616994544463196,-0.18403436820503027,0.09052203477681997,0.38529173462730115
600,-0.8824872586482235,-0.7147491585582172,0.8115390058278278,-0.5588309963978517,-0.5365729180004349,0.7210112532766491,-0.3236562622503718,-0.17817624055778225,0.09052775255117873,0.3803885155668525
601,-0.8604322568756341,-0.6915098557323025,0.8153882813201525,-0.5395999694030323,-0.5195896529353996,0.7257658062944856,-0.32083228747260173,-0.1719202027969029,0.08962247502566689,0.3748627760185808
602,-0.8384668727543814,-0.6681858295054842,0.8192375568124772,-0.5203149828609361,-0.5023985589369582,0.7303070378230215,-0.3181518898934452,-0.16578727056852605,0.0889305189894557,0.3696142331310666
603,-0.8165914317434427,-0.6447774254676086,0.823086832304802,-0.5009779652541498,-0.48500651221350166,0.7346400043601177,-0.3156134664892929,-0.15977091325410697,0.08844682794468428,0.3646387888375508
604,-0.794806257969117,-0.62128499045874,0.8269361077971267,-0.4815908502683184,-0.467420469351827,0.7387694977612211,-0.3132154077007986,-0.15386452110691295,0.08816661003590553,0.35993267926358197
605,-0.7731116742202222,-0.5977088725640212,0.8307853832894514,-0.4621555765987845,-0.44964746453460147,0.7427000542616012,-0.3109560976214377,-0.1480614080294197,0.08808532902785016,0.35549247584942223
606,-0.7511064141192917,-0.5736096186755892,0.8336404388533821,-0.44267408775671735,-0.4316946067267801,0.7464359631158108,-0.30843232636257434,-0.14191501194880912,0.08720447573757129,0.35053529230382047
607,-0.7291700483199293,-0.5494476368527902,0.8364954944173129,-0.4231483318747701,-0.4135690768321209,0.7499812748470809,-0.3060217164451592,-0.13587856002066928,0.08651421957023198,0.34582796907881574
608,-0.7073027556328395,-0.525223124048074,0.8393505499812436,-0.4035802615122578,-0.39527812482090974,0.7533398091026414,-0.3037224941205817,-0.1299449992271643,0.08601074087860217,0.34136623120259063
609,-0.6855047143056885,-0.5009362777236019,0.8422056055451743,-0.38397183345991004,-0.37682906683007494,0.756515162113617,-0.30153288084577845,-0.124107210893527,0.0856904434315573,0.3371461554317678
610,-0.6637761020216513,-0.4765872958496365,0.845060661109105,-0.36432500854419003,-0.35822928223682704,0.7595107137603188,-0.29945109347746124,-0.11835801361280945,0.08554994734878629,0.3331641791408514
611,-0.6386369416636892,-0.44825404720553724,0.8364176851616791,-0.3446417514312205,-0.3394862107070128,0.7623296342454584,-0.29399519023246873,-0.10876783649852445,0.07408805091622073,0.32210658705614786
612,-0.6132538397227967,-0.42013913126950886,0.8277747092142532,-0.3249240304303084,-0.32060734921933826,0.764974890379158,-0.2883298092924883,-0.0995317820501706,0.06279981883509522,0.31142330004424223
613,-0.5876286923311116,-0.39224464824174693,0.8191317332668273,-0.3051738172971223,-0.30160024906668353,0.7674492514806304,-0.2824548750339893,-0.0906443991750634,0.05168248178619694,0.30111167771419184
614,-0.5617634137017046,-0.36457268185598346,0.8104887573194014,-0.28539308703651545,-0.2824725128356836,0.7697552949021605,-0.2763703266651891,-0.08210016902029987,0.04073346241724085,0.2911704143189722
615,-0.535659935985586,-0.33712529922383094,0.8018457813719755,-0.2655838177050335,-0.263231791365801,0.7718954111815078,-0.27007611828055256,-0.07389350785802995,0.029950370190467646,0.28159968899770077
616,-0.5092974135182141,-0.30988099259458485,0.7956731362742083,-0.2457479902131001,-0.24388578068908245,0.77387180882917,-0.263549423305114,-0.0659952119055024,0.021801327445038376,0.27256001980715383
617,-0.4827672249078588,-0.28279993045053214,0.7895004911764412,-0.22588758812693474,-0.2244422189518554,0.7756865187570767,-0.25687963678092407,-0.058357711498676745,0.01381397241936444,0.26378702795638986
618,-0.4560703809925521,-0.2558831446187724,0.783327846078674,-0.2060045974701957,-0.20490888331957058,0.777341398355284,-0.2500657835223564,-0.050974261299201795,0.005986447723389965,0.25527849294445903
619,-0.42920789896013095,-0.2291316606672432,0.7771552009809068,-0.1861010065253778,-0.18529358686603822,0.7788381352231183,-0.24310689243475314,-0.04383807380120497,-0.0016829342422114424,0.24703354049915194
620,-0.40218080230948083,-0.20254649786564485,0.7709825558831397,-0.1661788056349928,-0.16560417544830938,0.7801782505609888,-0.23600199667448804,-0.03694232241733547,-0.009195694677849087,0.23905279421194736
621,-0.37496560613140056,-0.17610485125807357,0.7712839335677009,-0.14623998700252616,-0.14584852456842748,0.7813631022287947,-0.2287256191288744,-0.03025632668964609,-0.010079168661093818,0.23093818175333478
622,-0.3477583801113881,-0.14965500379864508,0.771585311252262,-0.12628654449322554,-0.1260345362233393,0.7823938874764594,-0.22147183561816255,-0.02362046757530578,-0.010808576224197397,0.222989967892165
623,-0.32055912672063513,-0.12319695788975957,0.7718866889368232,-0.10632047343471225,-0.10617013574419806,0.7832716453517061,-0.2142386532859229,-0.017026822145561504,-0.011384956414882907,0.21521554420327368
624,-0.2933678484296093,-0.09673071593456187,0.7721880666213844,-0.08634377041745736,-0.08626326862634384,0.7839972587896967,-0.20702407801215192,-0.010467447308218025,-0.011809192168312332,0.2076246453328699
625,-0.26618454770805383,-0.07025628033694126,0.7724894443059456,-0.06635843309511363,-0.06632189735120068,0.7845714563886423,-0.1998261146129402,-0.003934382985740573,-0.01208201208269677,0.20022969426822992
626,-0.23898414184475705,-0.04374920773785887,0.7727368576557903,-0.0463664599847589,-0.04635399820139721,0.7849948138749364,-0.19261768185999817,0.0026047904635383423,-0.01225795621914616,0.19302490458267016
627,-0.21179029501753388,-0.01723540620660692,0.7729842710056349,-0.026369850267042503,-0.026367558070356484,0.7852677552607884,-0.18542044475049138,0.009132151863749563,-0.012283484255153465,0.18605112607715982
628,-0.1846030088910112,0.009285122633815566,0.7732316843554796,-0.006370603586275981,-0.006370571267652135,0.7853905536967359,-0.17823240530473522,0.0156556939014677,-0.012158869341256318,0.17933133902334417
629,-0.15742228512941425,0.03581237715999776,0.7734790977053243,0.013629280149540351,0.013628963678619457,0.7853633320208057,-0.1710515652789546,0.0221834134813783,-0.011884234315481357,0.17289296354488093
630,-0.13024812539656666,0.06234635574811714,0.773726511055169,0.033627800968699426,0.033623047221136695,0.7851860630054648,-0.1638759263652661,0.02872330852698044,-0.011459551950295799,0.1667683094167227
631,-0.10306628705946567,0.08890097238281386,0.7733089955970075,0.053622959035786476,0.053603681993068565,0.7848585693028844,-0.15668924609525214,0.035297290389745294,-0.011549573705876948,0.16103046669355453
632,-0.07587336412891382,0.11544423786566416,0.772891480138846,0.07361275485165383,0.07356287600690768,0.7843805230883966,-0.14948611898056766,0.041881361858756475,-0.011489042949550554,0.15566677984371985
633,-0.04866936134515844,0.1419761475696684,0.7724739646806845,0.09359518945337977,0.09349264585116929,0.7837514454014016,-0.14226455079853823,0.048483501718499106,-0.011277480720717104,0.1507217101953256
634,-0.02145428345037832,0.16849669686980648,0.772056449222523,0.1135682646141561,0.11338501988364241,0.7829707051823518,-0.13502254806453443,0.055111676986164065,-0.010914255959828756,0.14624467993477047
635,0.005771864811317147,0.19500588114303868,0.7716389337643615,0.1335299830431127,0.13323204141994396,0.7820375180038213,-0.12775811823179556,0.06177383972309472,-0.010398584239459718,0.14228940439276985
636,0.03145765662135033,0.2199943896160359,0.7704807436657694,0.15347834858503784,0.15302577191607933,0.7809509444930636,-0.1220206919636875,0.06696861769995657,-0.010470200827294218,0.1395832014581408
637,0.05717237264049124,0.2449531323060906,0.7693225535671772,0.17341136642000265,0.17275829414376465,0.7797098884428689,-0.11623899377951141,0.07219483816232594,-0.010387334875691767,0.13722789460593457
638,0.08291597837491299,0.26988207573344164,0.768164363468585,0.19332704326283448,0.1924217153572057,0.7783130946069631,-0.11041106488792149,0.07746036037623594,-0.010148731138378109,0.13525423255122274
639,0.10868843929203587,0.29478118645830076,0.7670061733699928,0.2132233875624471,0.21200817045009426,0.7767591461756517,-0.10453494827041124,0.0827730160082065,-0.0097529728056589,0.13369385949825924
640,0.13448972082057375,0.31965043108089736,0.7658479832714006,0.23309840970098727,0.23150982510153895,0.7750464619269026,-0.09860868888041352,0.08814060597935841,-0.009198478655502051,0.13257847470346923
641,0.1533768738970767,0.3378131599945494,0.7639064490674317,0.2529501221928054,0.25091887890969955,0.7731732930475957,-0.0995732482957287,0.08689428108484987,-0.009266843980164086,0.1324814034450437
642,0.17229925491277764,0.3559391846448335,0.7619649148634627,0.2727765398831953,0.2702275685118367,0.7711377196192538,-0.10047728497041764,0.08571161613299677,-0.009172804755791075,0.13238695661674743
643,0.19125679253874184,0.374028436704723,0.7600233806594938,0.2925756801469099,0.28942817068955534,0.7689376467622203,-0.10131888760816804,0.08460026601516768,-0.008914266102726498,0.1322958281131493
644,0.2102494153135097,0.3920808479858077,0.7580818464555249,0.3123455630864238,0.30851300545799065,0.7665708004319635,-0.10209614777291409,0.08356784252781707,-0.008488953976438562,0.13220919043106208
645,0.2292770516433664,0.4100963504385506,0.756140312251556,0.3320842117299144,0.32747443913769303,0.7640347228610073,-0.10280716008654803,0.08262191130085755,-0.007894410609451286,0.13212877851149046
646,0.24946984441128767,0.4291408176130682,0.7533604693755644,0.351789652228968,0.34630488740800797,0.7613267676398998,-0.10231980781768035,0.08283593020506025,-0.00796629826433537,0.13188857536883553
647,0.26971549971730824,0.448129078485494,0.7505806264995729,0.37145991405595574,0.3649968183406966,0.7584440944306824,-0.1017444143386475,0.08313226014479741,-0.00786346793110948,0.1316234502427293
648,0.2900138611126927,0.46706098632363485,0.7478007836235814,0.3910930302010885,0.38354275541260996,0.7553836633065133,-0.10107916908839581,0.0835182309110249,-0.00758287968293192,0.13133846878349698
649,0.31036477174141813,0.48593639483076717,0.7450209407475898,0.4106870373691092,0.40193528049619187,0.7521422287114786,-0.10032226562769109,0.0840011143345753,-0.007121287963888778,0.13103990587751513
650,0.33076807434138644,0.504755158146767,0.7422410978715983,0.43023997617563103,0.4201670368266409,0.7487163330352061,-0.09947190183424459,0.08458812132012605,-0.006475235163607818,0.1307353746826542
651,0.3504594263783206,0.5228162147262636,0.7385545185607667,0.4497498913430674,0.43823073194451173,0.7451022997977352,-0.0992904649647468,0.08458548278175188,-0.006547781236968531,0.13059928701744453
652,0.37021722797082945,0.5408045550066037,0.7348679392499351,0.4692148318961616,0.45611914061260495,0.7412962264412188,-0.09899760392533213,0.08468541439399879,-0.006428287191283744,0.13043568480386744
653,0.3900412105935631,0.5587199345109236,0.7311813599391035,0.48863285135707546,0.4738251077059589,0.7372939767265044,-0.09859164076351234,0.08489482680496468,-0.006112616787400937,0.13024902045956444
654,0.4099311048217152,0.5765621097539586,0.7274947806282719,0.5080020079400462,0.4913415510738144,0.733091172734505,-0.09807090311833105,0.08522055868014422,-0.0055963921062330835,0.1300452431456364
655,0.42988664033468443,0.5943308382453525,0.7238082013174403,0.5273203647455568,0.5086614643723737,0.7286831864746114,-0.09743372441087234,0.0856693738729788,-0.004874985157171108,0.12983195967343586
656,0.44139415018232603,0.6045014995592733,0.7212320206615616,0.5465859899540265,0.5257779198672481,0.7240651311052729,-0.10519183977170049,0.07872357969202526,-0.002833110443711373,0.13141823187392238
657,0.45292782327595704,0.614642481731889,0.7186558400056828,0.5657969570189859,0.5426840712044526,0.7192318517753863,-0.11286913374302887,0.07195841052743635,-0.000576011769703455,0.1338573344538716
658,0.4644875830700134,0.6247537174605114,0.7160796593498041,0.5849513448597394,0.5593731561488667,0.7141779160993728,-0.12046376178972601,0.06538056131164471,0.0019017432504313536,0.13707571750440756
659,0.4760733528458015,0.6348351396398714,0.7135034786939254,0.6040472380534647,0.5758384992890305,0.708897604283927,-0.12797388520766323,0.058996640350840845,0.004605874409998378,0.14099337908891788
660,0.4876850557120071,0.6448866813625628,0.7109272980380467,0.6230827270267574,0.5920735147072245,0.7033848989304824,-0.13539767131475028,0.052813166655338306,0.007542399107564268,0.14552885539960614
661,0.47492596778891744,0.633899290685976,0.7163415744338826,0.6420559082465795,0.6080717086137423,0.6976334745446516,-0.1671299404576621,0.02582758207223368,0.018708099889230945,0.1701454495264128
662,0.4622265553571499,0.6228429801622548,0.7217558508297185,0.6609648844106218,0.6238266819443293,0.6916366867923863,-0.19873832905347194,-0.0009837017820745197,0.03011916403733217,0.20101008717591728
663,0.4495871906913098,0.6117180738995939,0.7271701272255544,0.6798077646370254,0.6393321329197169,0.6853875615526078,-0.2302205739457156,-0.02761405902012304,0.04178256567294658,0.23560524552241113
664,0.43700824430574314,0.6005248980170251,0.7325844036213903,0.6985826646534714,0.6545818595662526,0.6788787838277314,-0.26157442034772826,-0.054056961549227456,0.053705619793658954,0.2724474739644428
665,0.4244900849436753,0.5892637806348577,0.7379986800172262,0.7172877069856007,0.6695697621966022,0.672102686587147,-0.29279762204192544,-0.08030598156174451,0.06589599343007924,0.3106795456706774
666,0.446473209805045,0.6092558133525612,0.7302882731303171,0.7359210211447693,0.6842898458495512,0.6650512396345386,-0.2894478113397243,-0.07503403249699003,0.06523703349577847,0.3060490353872159
667,0.4686098263965586,0.6290777546484239,0.7225778662434079,0.7544807438150888,0.6987362226879031,0.6577160386082651,-0.28587091741853016,-0.06965846803947928,0.06486182763514281,0.3012997515423639
668,0.4908986186945925,0.6487284261064531,0.7148674593564988,0.7729650190397587,0.7129031143535387,0.6500882942451496,-0.28206640034516617,-0.06417468824708561,0.06477916511134918,0.2964391759666958
669,0.5133382616286651,0.668206659492662,0.7071570524695896,0.7913719984066616,0.7267848542786822,0.6421588220623271,-0.2780337367779965,-0.05857819478602022,0.06499823040726249,0.29147715801963064
670,0.5359274211602126,0.6875112968245208,0.6994466455826804,0.8096998412331966,0.7403758899524486,0.6339180326396285,-0.27377242007298397,-0.052864593127927795,0.0655286129430519,0.28642625981819486
671,0.5574853124792271,0.7056488753982435,0.6902292495303262,0.827946714750356,0.7536707851417809,0.6253559227167048,-0.2704614022711289,-0.04802190974353737,0.06487332681362135,0.28224815759495897
672,0.5792094668991558,0.7235869786809066,0.6810118534779719,0.8461107942859937,0.7666642220658663,0.61646206735519,-0.2669013273868379,-0.04307724338495966,0.06454978612278184,0.27795438896876584
673,0.6010980387404348,0.7413240826550499,0.6717944574256176,0.8641902634472943,0.7793510035231799,0.607225613456968,-0.26309222470685956,-0.038026920868129976,0.06456884396864959,0.2735556634825233
674,0.6231491683546305,0.7588586803800716,0.6625770613732633,0.8821833143024047,0.791726054970291,0.5976352749755627,-0.2590341459477742,-0.03286737459021938,0.06494178639770065,0.26906577021217537
675,0.6453609822824357,0.7761892821202583,0.653359665320909,0.9000881475612352,0.803784426551621,0.5876793302090884,-0.25472716527879957,-0.027595144431362684,0.0656803351118207,0.2645020361879313
676,0.6664469717241848,0.792331012845664,0.6423691533811821,0.9179029727553806,0.8155212950793129,0.5773456216204795,-0.2514560010311958,-0.02319028223364894,0.06502353176070252,0.26076036763149446
677,0.6877090899889299,0.8082400275368714,0.6313786414414551,0.9356260084171686,0.8269319659624466,0.5666215586940145,-0.2479169184282387,-0.01869193842557515,0.06475708274744052,0.25691568027471257
678,0.7091447688224967,0.8239144045418193,0.6203881295017281,0.953255482257799,0.8380118750848067,0.5554941244066477,-0.24411071343530233,-0.014097470542987378,0.06489400509508036,0.25298223452820356
679,0.7307514190063059,0.8393522505503646,0.6093976175620011,0.9707896313445805,0.8487565906304755,0.5439498859681842,-0.2400382123382746,-0.009404340080110929,0.0654477315938169,0.2489782933624401
680,0.7525264306701257,0.8545517008229756,0.5984071056222741,0.9882267022772163,0.8591618148564958,0.5319750105656659,-0.23570027160709062,-0.004610114033520185,0.06643209505660819,0.24492671238692723
681,0.7839233247884713,0.8759581319361819,0.6554071057841738,1.0055649513631455,0.8692233858119127,0.5195552869336455,-0.22164162657467423,0.006734746124269164,0.13585181885052833,0.26005015693327793
682,0.8140497224958995,0.8991184517624907,0.7124071059460736,1.0228026447919047,0.8789372790024944,0.5066761536623483,-0.20875292229600528,0.020181172759996313,0.2057309522837253,0.293786124636034
683,0.8428077696240236,0.9239574327935162,0.7694071061079734,1.0399380588085174,0.8882996090004824,0.4933227352482483,-0.19713028918449382,0.03565782379303373,0.27608437085972504,0.3411076239907683
684,0.8701040565719521,0.9503943950270898,0.8264071062698731,1.0569694798858615,0.8973066309987076,0.4794798869840495,-0.18686542331390943,0.05308776402838222,0.34692721928582365,0.3976122389982654
685,0.8958499217119235,0.9783434680256252,0.8834071064317729,1.0738952048960235,0.9059547423084627,0.4651322498740918,-0.17804528318410007,0.07238872571716248,0.4182748565576811,0.4603195695420842
686,0.9199617377840981,1.007713867898273,0.8269429786842531,1.090713541280604,0.9142404838005289,0.4502643168426439,-0.17075180349650587,0.0934733840977442,0.37667866184160925,0.42400503088852515
687,0.9456926203954348,1.0356767315395246,0.7704788509367334,1.1074228072199814,0.9221605412887859,0.4348605115707623,-0.16173018682454665,0.11351619025073867,0.33561833936597113,0.38946405289592106
688,0.9729605561976378,1.0621429314946473,0.7140147231892137,1.124021331801486,0.9297117468558371,0.4189052813456625,-0.15106077560384823,0.1324311846388102,0.29510944184355115,0.3569971418038065
689,1.0016786327147522,1.0870281107010498,0.6575505954416939,1.1405074551864933,0.936891080120138,0.4023832053261955,-0.1388288224717411,0.15013703058091177,0.25516739011549844,0.3269938330900123
690,1.0317553153637107,1.1102529513638282,0.6010864676941742,1.1568795287764002,0.9436956694441047,0.3852791196091139,-0.12512421341268953,0.16655728191972352,0.2158073480850603,0.2999503432739108
691,1.0543970743153688,1.125779152131333,0.5456360662809152,1.1731359153774927,0.9501227930827353,0.36757826041131964,-0.11873884106212396,0.17565635904859767,0.17805780586959558,0.2768729872740943
692,1.0778645262851432,1.1400266381111186,0.4901856648676562,1.1892749893646573,0.9561698802722672,0.3492664265498517,-0.11141046307951408,0.18385675783885136,0.1409192383178045,0.25704830366037423
693,1.1020855332817772,1.1529516131117468,0.43473526345439717,1.2052951368439446,0.9618345122584524,0.3303301621888942,-0.10320960356216746,0.19111710085329436,0.10440510126550295,0.24099459262873096
694,1.1269856409165626,1.1645143462866479,0.37928486204113815,1.2211947558139582,0.9671144232640236,0.31075696051584134,-0.09420911489739558,0.1973999230226242,0.06852790152529681,0.2292120420626923
695,1.152488307273097,1.174679294265125,0.32383446062787913,1.236972256326048,0.9720075013949759,0.29053548859030254,-0.08448394905295098,0.20267179287014903,0.03329897203757659,0.22208605271727785
696,1.1704377187465929,1.1807040213623572,0.2991649142153431,1.2526260606433117,0.9765117894852975,0.2696558330657038,-0.08218834189671886,0.2041922318770597,0.029509081149639294,0.22208146472176118
697,1.1885302808219311,1.1862841563419986,0.27449536780280703,1.2681546033983628,0.9806254858798085,0.24810976580033245,-0.0796243225764317,0.2056586704621901,0.026385602002474584,0.22210745479399008
698,1.2067549831681288,1.191416303381346,0.24982582139027099,1.2835563317498675,0.9843469451548001,0.22589102754483356,-0.0768013485817387,0.20706935822654593,0.023934793845437424,0.22214643957702973
699,1.2251007350394936,1.1960973392832912,0.22515627497773494,1.2988297055378224,0.9876746787761803,0.2029956269152212,-0.07372897049832883,0.2084226605071109,0.02216064806251375,0.22218699517783763
700,1.2435563720249603,1.2003244153769599,0.2004867285651989,1.3139731974375781,0.9906073556948702,0.17942215074251594,-0.07041682541261785,0.20971705968208965,0.02106457782268295,0.22222396554318824
701,1.2632500245073948,1.2043264966993863,0.17551065578573716,1.328985293112564,0.9931438028792042,0.15517208065333724,-0.06573526860516932,0.21118269382018207,0.020338575132399922,0.2221101378734406
702,1.2830374806999645,1.2078355108682586,0.15053458300627542,1.3438644913657243,0.9952830057841277,0.13025010941636972,-0.060827010665759795,0.21255250508413093,0.020284473589905705,0.22201340615578047
703,1.3029063977458093,1.2108492690595467,0.1255585102268137,1.3586093042896297,0.9970241087570001,0.10466444924219856,-0.055702906543820374,0.2138251603025466,0.02089406098461513,0.22194723418026222
704,1.3228443819750868,1.2133658913759255,0.10058243744735196,1.373218257415277,0.9983664153798475,0.07842712292189793,-0.05037387544019012,0.21499947599607805,0.022155314525454023,0.2219305295969298
705,1.3428389966357948,1.215383808019402,0.07560636466789022,1.3876898898595273,0.9993093887479177,0.051554227525755024,-0.04485089322373259,0.21607441927148419,0.0240521371421352,0.2219870775238502
706,1.3624678135354515,1.216870705783857,0.047634598573355294,1.4020227544711974,0.9998526516844362,0.024066159466105345,-0.03955494093574585,0.21701805409942088,0.02356843910724995,0.22184882348004836
707,1.3821305376823405,1.2178080408176288,0.019662832478820363,1.4162154179757676,0.9999959868914717,-0.004012210822560227,-0.034084880293427045,0.2178120539261571,0.02367504330138059,0.22173041644183747
708,1.4018117855768328,1.2181950797791399,-0.008308933615714567,1.4302664611187157,0.999739337036853,-0.03265142639572878,-0.028454675541882857,0.21845574274228685,0.024342492780014213,0.2216419117676598
709,1.4214961592268995,1.2180315198612268,-0.0362806997102495,1.4441744788074369,0.9990828047770997,-0.06181740477477093,-0.022678319580537343,0.21894871508412717,0.02553670506452143,0.22159641089498636
710,1.4411682581950183,1.2173174890280474,-0.06425246580478443,1.457938080251753,0.9980266527163616,-0.0914714824314205,-0.016769822056734718,0.21929083631168578,0.027219016626636075,0.2216090537144505
711,1.4609498177976648,1.2160447230769749,-0.0947859840511663,1.4715558891029872,0.9965713033013819,-0.12157055086072027,-0.010606071305322429,0.21947341977559298,0.026784566809553975,0.22135601133852834
712,1.4806833010006624,1.2141686436126997,-0.12531950229754815,1.4850265435916035,0.9947173386525217,-0.1520672896241892,-0.004343242590941099,0.21945130496017806,0.026747787326641043,0.22111802986595203
713,1.5003503117910315,1.2116909995602252,-0.15585302054393002,1.4983486966633788,0.9924655003309216,-0.18291049838327378,0.002001615127652734,0.21922549922930357,0.027057477839343758,0.2208980151166669
714,1.5199325161229253,1.2086141006370845,-0.1863865387903119,1.5115210161141086,0.9898166890418857,-0.21404552605890018,0.008411500008816741,0.21879741159519883,0.027658987268588286,0.22069907165613792
715,1.5394116590090536,1.2049408152001686,-0.21692005703669376,1.5245421847228224,0.9867719642746133,-0.24541479105467268,0.014869474286231199,0.21816885092555527,0.028494734017978918,0.22052369180312897
716,1.5588908492757272,1.2006478416565372,-0.24878529208713374,1.5374109003835117,0.9833325438784152,-0.2769583822343691,0.021479948892215495,0.21731529777812197,0.028173090147235347,0.22018412717825567
717,1.578223377398652,1.1957364435187445,-0.2806505271375737,1.550125876235334,0.9794998035755915,-0.30861472634854564,0.028097501163317995,0.216236639943153,0.02796419921097193,0.21984028398598462
718,1.5973896149211078,1.1902116073651199,-0.3125157621880137,1.5626858407913,0.9752752764111607,-0.3403213041667633,0.03470377412980774,0.21493633095395914,0.027805541978749626,0.21948832877293173
719,1.616370102222433,1.184078942602081,-0.34438099723845367,1.5750895380654217,0.9706606521396621,-0.37201539497002895,0.04128056415701131,0.2134182904624189,0.027634397731575278,0.21912350768233294
720,1.63514556827552,1.1773446757688637,-0.37624623228889365,1.5873357276983062,0.9656577765492774,-0.4036348275127553,0.047809840577213825,0.21168689921958628,0.027388595223861667,0.21874016390585066
721,1.6538055816027442,1.1699727275808314,-0.40785846045557744,1.5994231850811964,0.9602686507235386,-0.43511871520880985,0.05438239652154775,0.20970407685729275,0.027260254753232405,0.2183491845444066
722,1.6722232670277577,1.1620146762462107,-0.43947068862226124,1.6113507014784265,0.9544954302409214,-0.46640815416292103,0.06087256554933118,0.20751924600528926,0.02693746554065979,0.21793424179994206
723,1.6903802206829996,1.15347847384581,-0.47108291678894504,1.6231170841482976,0.9483404243126435,-0.49744686468148896,0.06726313653470206,0.2051380495331664,0.026363947892543926,0.21748794599066534
724,1.7082582992370652,1.1443726501777458,-0.5026951449556288,1.6347211564623458,0.9418060948590116,-0.528181759882355,0.07353714277471934,0.20256655531873424,0.025486614926726214,0.21700342910099488
725,1.7258396380244243,1.1347063042340444,-0.5343073731223127,1.646161758023011,0.934895055524683,-0.5585634287330091,0.07967788000141329,0.1998112487093614,0.024256055610696436,0.21647506994132856
726,1.7431425493469337,1.1244678640082113,-0.5641918931193697,1.6574377447796707,0.927610070633246,-0.5885465249860494,0.08570480456726304,0.19685779337496534,0.024354631866679743,0.21608205023031132
727,1.7601318094324736,1.1137169831029803,-0.5940764131164267,1.668547989143047,0.9199540540815242,-0.6180900577424485,0.09158382028942658,0.1937629290214561,0.024013644626021846,0.2156578863153506
728,1.7767922465647785,1.1024632622492763,-0.6239609331134837,1.6794913800979598,0.9119300681740611,-0.6471575834684962,0.09730086646681868,0.19053319407521518,0.023196650355012505,0.2151939619213095
729,1.7931089826724227,1.090716751223185,-0.6538454531105407,1.6902668233144347,0.9035413223982338,-0.6757173029780909,0.10284215935798802,0.1871754288249512,0.021871849867550197,0.21468471933010702
730,1.8090674466152057,1.0784879398713212,-0.6837299731075976,1.7008732412571288,0.8947911721405041,-0.7037420699869326,0.10819420535807689,0.1836967677308171,0.020012096879334917,0.21412840206129446
731,1.8246519532631527,1.0657889171825945,-0.7109070660577957,1.7113095732930879,0.8856831173443074,-0.7312093202389199,0.1133423799700648,0.18010579983828712,0.02030225418112419,0.2137680419461774
732,1.8398856249135076,1.0526710944685205,-0.7380841590079938,1.7215747757978035,0.8762208011101247,-0.7581009318558724,0.11831084911570411,0.1764502933583958,0.020016772847878506,0.21338424084263208
733,1.854757210754492,1.0391441598829265,-0.765261251958192,1.7316678222595798,0.8664080082382859,-0.7844030284895931,0.12308938849491224,0.17273615164464062,0.019141776531401145,0.21296756385381746
734,1.8692557273924115,1.0252181037287715,-0.79243834490839,1.7415877033821823,0.8562486637151049,-0.8101057371275008,0.12766802401022925,0.16896944001366665,0.017667392219110734,0.21251337078177568
735,1.8833704669634295,1.0109032110798186,-0.8196154378585881,1.7513334271857652,0.8457468311429333,-0.8352029121201988,0.13203703977766423,0.16515637993688537,0.015587474261610668,0.2120221192728761
736,1.897103295460396,0.9961968925252743,-0.8437032469014498,1.7609040191060688,0.8349067111147797,-0.8596918362790572,0.13619927635432716,0.16129018141049467,0.015988589377607387,0.21170829102602098
737,1.9104779313642175,0.9811640784708454,-0.8677910559443115,1.7702985220918765,0.823732639534121,-0.8835729088565338,0.14017940927234096,0.1574314389367244,0.01578185291222234,0.2113858832348392
738,1.9234866147848346,0.9658134908724181,-0.8918788649871732,1.7795159967007192,0.8122290858806044,-0.9068493289873355,0.14397061808411538,0.1535844049918137,0.014970464000162331,0.21104459983755047
739,1.936121798155802,0.950154036056338,-0.9159666740300348,1.7885555211928177,0.8004006514223111,-0.9295267818372679,0.1475662769629844,0.14975338463402688,0.013560107807233046,0.2106792795454902
740,1.9483761506133457,0.9341947995520086,-0.9400544830728965,1.7974161916232538,0.7882520673753163,-0.9516131333632378,0.15095995899009185,0.1459427321766923,0.01155865029034131,0.21028978265722365
741,1.9602963004711833,0.9178714521771509,-0.9611302775164856,1.8060971219323696,0.7757881930112588,-0.9731181382979247,0.1541991785388137,0.14208325916589215,0.011987860781439097,0.2100208275466083
742,1.971869800981038,0.9013005219648192,-0.9822060719600747,1.814597444034368,0.7630140137137015,-0.9940531647825135,0.15727235694667008,0.13828650825111777,0.011847092822438787,0.20975725549356034
743,1.983091511510291,0.8844893692693249,-1.0032818664036638,1.8229163079041226,0.7499346389840432,-1.0144309380104182,0.16017520360616833,0.13455473028528164,0.01114907160675438,0.20948836027358395
744,1.9939564476818181,0.8674454611452409,-1.0243576608472529,1.8310528816621792,0.7365553003977854,-1.0342653043291206,0.16290356601963896,0.13089016074745552,0.009907643481867678,0.20920795252994906
745,2.0044597835879143,0.8501763680307405,-1.045433455290842,1.8390063516579414,0.722881349511976,-1.0535710164801917,0.16545343192997297,0.12729501851876446,0.008137561189349718,0.20891404878372638
746,2.0146882683607,0.8325320690440959,-1.0638262445336013,1.8467759225510378,0.7089182557246515,-1.0723635400346438,0.16791234580966208,0.12361381331944443,0.008537295501042541,0.2086811350677155
747,2.0245905134859545,0.8147026347020707,-1.0822190337763606,1.854360817390854,0.6946716040871542,-1.090658880591542,0.17022969609510064,0.12003103061491649,0.008439846815181395,0.20846301532255804
748,2.0341631691811086,0.7966940964377014,-1.10061182301912,1.8617602776942273,0.6801470930701856,-1.1084734309385513,0.17240289148688137,0.11654700336751578,0.007861607919431357,0.2082492877924532
749,2.0434029971588052,0.7785125462722234,-1.1190046122618793,1.868973563521292,0.665350532284497,-1.125823837107909,0.17442943363751318,0.1131620139877264,0.006819224846029703,0.2080330996653242
750,2.052306871722365,0.7601641347542307,-1.1373974015046386,1.8759999535494778,0.6502878401571169,-1.1427268820842833,0.17630691817288735,0.10987629459711379,0.005329480579644663,0.20781081028970014
751,2.0609810849633847,0.7414188588378114,-1.153527737743989,1.8828387451456365,0.6349650415640629,-1.1591993858163752,0.17814233981774819,0.10645381727374859,0.005671648072386182,0.20760365131603956
752,2.0693518152753265,0.7225361096052948,-1.1696580739833393,1.8894892544363082,0.6193882654204694,-1.1752581201377648,0.1798625608390183,0.10314784418482537,0.005600046154425442,0.20741595663901624
753,2.0774168847439514,0.703520800010139,-1.1857884102226897,1.895950816376105,0.6035637422291092,-1.1909197372013636,0.1814660683678464,0.0999570577810297,0.005131326978673911,0.2072382153119595
754,2.0851741949825016,0.6843778774956362,-1.20191874646204,1.902222784814218,0.5874978015882669,-1.2062007100649477,0.18295141016828365,0.09688007590736925,0.004281963602907668,0.20706352359282842
755,2.092621727677664,0.6651123227076771,-1.2180490827013903,1.9083045325590295,0.5711968696599886,-1.2211172841230187,0.18431719511863465,0.09391545304768845,0.003068201421628336,0.2068872992658493
756,2.099863807496164,0.6454405054047136,-1.2323393866609034,1.9141954514408346,0.5546674665997017,-1.2356854381550875,0.1856683560553296,0.09077303880501197,0.003346051494184099,0.20669707079391955
757,2.1068240411837245,0.6256672086863299,-1.2466296906204164,1.9198949523726523,0.5379162039482439,-1.2499208538459183,0.18692908881107217,0.08775100473808595,0.0032911632255019363,0.2065273706598188
758,2.1135010073958123,0.6057964704438453,-1.2609199945799294,1.9254024654091402,0.5209497819873273,-1.2638388927244983,0.18809854198667209,0.084846688456518,0.0029188981445689155,0.20636991545748046
759,2.1198933426337505,0.5858323484670463,-1.2752102985394425,1.9307174398035836,0.5037749870595203,-1.2774545795615464,0.18917590283016694,0.08205736140752606,0.0022442810221039444,0.20621825712113923
760,2.125999741523158,0.5657789196155473,-1.2895006024989555,1.935839344062973,0.4863986888537981,-1.2907825913575508,0.1901603974601851,0.07938023076174916,0.0012819888585953176,0.20606756487481886
761,2.1319074222701597,0.5453341262677665,-1.3023369206796112,1.94076766600115,0.4688278376577654,-1.3038372511423686,0.1911397562690098,0.07650628861000103,0.0015003304627574376,0.20588800260080897
762,2.1375521876507855,0.5248151864647541,-1.3151732388602668,1.9455019127900275,0.45106946157762406,-1.3166325258920903,0.19205027486075799,0.07374572488713005,0.0014592870318235196,0.20572765864574996
763,2.142933107583806,0.5042254810876396,-1.3280095570409225,1.9500416110088725,0.433130663727031,-1.3291820279480693,0.19289149657493354,0.07109481736060863,0.0011724709071467831,0.20557961278902148
764,2.1480492954614907,0.4835684026775114,-1.3408458752215782,1.954386306691646,0.415018619385944,-1.3414990193963932,0.19366298876984467,0.06854978329156741,0.0006531441748149902,0.2054381965601892
765,2.1528999082956917,0.4628473548764315,-1.3536821934022338,1.9585355653724,0.39674057313061206,-1.3535964189332585,0.19436434292329174,0.06610678174581947,-8.577446897528596e-05,0.20529883523793283
766,2.1575477602768642,0.44177737489290275,-1.3654044376787997,1.9624889721287242,0.37830383593583167,-1.3654868108028255,0.19505878814814004,0.06347353895707109,8.237312402581409e-05,0.20512637023768387
767,2.1619483111328317,0.4206543605078952,-1.3771266819553656,1.9662461316232376,0.3597157822506608,-1.3771824554492114,0.19570217950959412,0.060938578257234366,5.577349384577879e-05,0.20497037955641564
768,2.166100956186377,0.3994812142229317,-1.3888489262319315,1.9698066681431217,0.3409838470487362,-1.3886953015737538,0.19629428804325522,0.058497367174195514,-0.00015362465817769788,0.20482532334957193
769,2.1700051248248786,0.37826084542813143,-1.4005711705084973,1.9731702256376917,0.3221155228543811,-1.4000369993327406,0.19683489918718688,0.05614532257375032,-0.0005341711757567147,0.20468649228462904
770,2.173660280578721,0.356996170002432,-1.4122934147850632,1.9763364677540007,0.30311835674570226,-1.4112189144499225,0.19732381282472033,0.053877813256729745,-0.0010745003351406712,0.204549897139995
771,2.1771042270278076,0.33545046443433174,-1.4231988825397832,1.979305077870476,0.2839999473358494,-1.422252143052719,0.19779914915733166,0.05145051709848236,-0.000946739487064141,0.20438335409891367
772,2.1803130073460135,0.31386848295808784,-1.4341043502945032,1.9820757591285796,0.26476794173367757,-1.4331475270714018,0.19823724821743394,0.049100541224410266,-0.0009568232231014218,0.2042297364245246
773,2.183286239919358,0.2922527922766351,-1.4450098180492232,1.984648234462495,0.24543003248500284,-1.4439156700672382,0.19863800545686305,0.04682275979163225,-0.0010941479819850386,0.20408484805637125
774,2.186023571147094,0.27060596310187834,-1.4559152858039432,1.9870222466268317,0.22599395449569257,-1.4545669533788361,0.19900132452026242,0.04461200860618578,-0.0013483324251071238,0.20394503296973374
775,2.1885246754837615,0.24893056984896264,-1.4668207535586633,1.9891975582223522,0.20646748193779657,-1.4651115524962097,0.19932711726140928,0.04246308791116607,-0.0017092010624535359,0.20380710213083084
776,2.190806616883056,0.22706281667884123,-1.4771728987908508,1.9911739517197096,0.18685842513998854,-1.4755594535896255,0.19963266516334643,0.04020439153885269,-0.0016134452012253053,0.20364723740981
777,2.1928620618957715,0.20517261268118803,-1.4875250440230383,1.9929512294812013,0.1671746274635352,-1.4859204701354887,0.1999108324145702,0.037997985217652824,-0.001604573887549643,0.2034963450645931
778,2.1946907902481825,0.18326230374059438,-1.4978771892552258,1.9945292137805317,0.14742396216506348,-1.4962042595945497,0.20016157646765076,0.035838341575530896,-0.0016729296606761146,0.20335152351174848
779,2.1962926059628707,0.16133423789621706,-1.5082293344874134,1.9959077468205864,0.12761432924735241,-1.5064203401089062,0.20038485914228432,0.03371990864886465,-0.0018089943785071227,0.20321022728549462
780,2.1976673373797273,0.13939076509014836,-1.518581479719601,1.99708669074921,0.10775365229944407,-1.516578107193738,0.20058064663051733,0.03163711279070429,-0.002003372525862801,0.20307022482364467
781,2.1988187913057566,0.11735857764481541,-1.5286202678799126,1.998065927672992,0.0878498753273104,-1.5266868504077726,0.20075286363276468,0.02950870231750502,-0.001933417472139931,0.20291922992249925
782,2.1997490144645186,0.09531594135409562,-1.5386590560402242,1.9988453596690559,0.06791095957636362,-1.536755769993164,0.2009036547954628,0.027404981777732,-0.0019032860470602486,0.20277310974137877
783,2.200457913111453,0.0732650775959924,-1.548697844200536,1.999424908794852,0.04794488034705368,-1.5467939934810255,0.20103300431660087,0.025320197248938726,-0.0019038507195103804,0.20263021951536697
784,2.2009454158062898,0.051208208577643924,-1.5587366323608476,1.9998045170959504,0.02795962380486148,-1.5568105922633153,0.20114089871033936,0.023248584772782445,-0.0019260400975322778,0.2024891786204822
785,2.201211473420253,0.029147557111376957,-1.5687754205211593,1.9999841466118375,0.007963183785935567,-1.5668145981353296,0.20122732680841549,0.02118437332544139,-0.001960822385829619,0.20234885606813124
786,2.2012560079644548,0.007110669922023364,-1.5787278581227187,1.9999637793797111,-0.012036441400328576,-1.5768150198156834,0.2012922285847436,0.019147111322351938,-0.0019128383070352584,0.20220987144793914
787,2.2010812231790333,-0.014925569108280991,-1.588680295724278,1.999743417436278,-0.03203125217051633,-1.5868208594525117,0.20133780574275528,0.017105683062235342,-0.0018594362717663238,0.2020717048910655
788,2.200687136376456,-0.03695897728572731,-1.5986327333258374,1.9993230828175483,-0.05201325086691355,-1.5968411291256488,0.20136405355890785,0.015054273581186245,-0.0017916042001886456,0.2019339571848728
789,2.2000737865910986,-0.05898737219690332,-1.6085851709273968,1.998702817556634,-0.07197444495646654,-1.606884867354864,0.20137096903446472,0.01298707275956322,-0.001700303572532924,0.20179648723647373
790,2.199241234575377,-0.08100857192496178,-1.6185376085289562,1.997882683679544,-0.09190685022768164,-1.6169611556237677,0.2013585508958331,0.01089827830271986,-0.0015764529051884857,0.20165942500313647
791,2.198195749459901,-0.10289090638419066,-1.6286281008182555,1.9968627631989828,-0.111802493984214,-1.6270791349278113,0.2013329862609181,0.008911587600023349,-0.001548965890444176,0.20153606884531042
792,2.1969295177884045,-0.12476157756425137,-1.6387185931075547,1.9956431581061487,-0.13165341823383273,-1.6372480223527806,0.20128635968225583,0.006891840669581359,-0.001470570754774192,0.20140967861623274
793,2.1954426684850143,-0.14661835865528228,-1.648809085396854,1.994223990360534,-0.15145168287151517,-1.6474771276873965,0.20121867812448024,0.004833324216232893,-0.0013319577094574875,0.20128112569359846
794,2.1937353529365202,-0.16845902426167136,-1.6588995776861533,1.9926054018777313,-0.1711893688553761,-1.6577758700698915,0.20112995105878895,0.0027303445937047477,-0.0011237076162617932,0.20115162120479677
795,2.1918077449769604,-0.19028135062863966,-1.6689900699754525,1.9907875545152398,-0.1908585813741894,-1.668153794663767,0.2010201904617206,0.000577230745549745,-0.0008362753116855082,0.20102275872397374
796,2.1896826775543374,-0.21185332644943966,-1.679450692645674,1.9887706300562809,-0.21045145300520013,-1.6786205893521406,0.20091204749805658,-0.001401873444239532,-0.0008301032935333907,0.20091865306758588
797,2.187332074214067,-0.23340189290525248,-1.6899113153158956,1.9865548301916196,-0.22996014686099078,-1.689186101433152,0.20077724402244734,-0.003441746044261701,-0.0007252138827436028,0.2008080508053855
798,2.1847561921676957,-0.2549246920737402,-1.700371937986117,1.984140376499396,-0.24937685972413318,-1.699860354290574,0.20061581566829978,-0.0055478323496070125,-0.0005115836955431607,0.20069316295757095
799,2.181955313277585,-0.276419368852115,-1.7108325606563386,1.981527510422967,-0.2686938251683646,-1.7106535640039524,0.20042780285461803,-0.007725543683750391,-0.00017899665238618745,0.20057671904321484
800,2.178929744026067,-0.2978835712148431,-1.7212931833265601,1.9787164932467636,-0.2879033166650653,-1.7215761558510787,0.20021325077930352,-0.0099802545497778,0.0002829725245185877,0.2004620446417333
801,2.175728202965499,-0.31899586329786656,-1.7323740219680295,1.9757076060701602,-0.30699765067375967,-1.7326387806421168,0.2000205968953388,-0.011998212624106885,0.0002647586740873731,0.20038030438567658
802,2.172292921338978,-0.3400713842239999,-1.7434548606094988,1.9725011497793674,-0.325969189715432,-1.7438523308090974,0.1997917715596107,-0.014102194508567922,0.00039747019959857077,0.20028924548124075
803,2.168624320943191,-0.36110754626220043,-1.7545356992509682,1.9690974450173422,-0.344810345427416,-1.7552279561563868,0.19952687592584883,-0.01629720083478442,0.0006922569054186312,0.20019253780149118
804,2.1647228522225737,-0.3821017665140564,-1.7656165378924376,1.9654968321517237,-0.3635135815986424,-1.7667770791568955,0.19922602007085,-0.01858818491541403,0.0011605412644579705,0.2000946639662009
805,2.160588994214003,-0.40305146723092516,-1.776697376533907,1.961699671240799,-0.3820714171840091,-1.7785114096548387,0.19888932297320383,-0.020980050046916054,0.0018140331209317573,0.2000010400194817
806,2.1563047190776925,-0.42356403399214815,-1.7886768416861405,1.9577063419974947,-0.4004764292967199,-1.7904429588085071,0.19859837708019779,-0.023087604695428254,0.0017661171223666283,0.19994367216581452
807,2.1517750276492977,-0.4440238068193514,-1.800656306838374,1.9535172437514072,-0.41872125617732653,-1.80258405207521,0.1982577838978905,-0.025302550642024857,0.0019277452368360315,0.19987517141154135
808,2.147000569966124,-0.4644278496150529,-1.8126357719906077,1.94913279540887,-0.43679860013833777,-1.814947341005158,0.1978677745572539,-0.027629249476715134,0.0023115690145503187,0.1998008383020348
809,2.1419820311908704,-0.48477323427935737,-1.8246152371428412,1.944553435411064,-0.45470123048319755,-1.8275458135709115,0.19742859577980632,-0.03007200379615982,0.002930576428070264,0.19972722428878634
810,2.136720131513306,-0.5050570411301555,-1.8365947022950748,1.9397796216901726,-0.4724219863984661,-1.8403928027138892,0.19694050982313338,-0.03263505473168937,0.003798100418814343,0.19966230684214648
811,2.1313340859186907,-0.5248412288903288,-1.849789038317416,1.9348118316235898,-0.4899537798180512,-1.8535019927388603,0.19652225429510084,-0.03488744907227759,0.003712954421444259,0.19962944814464312
812,2.1256874774997394,-0.5445526313224263,-1.8629833743397572,1.9296505619861817,-0.5072895982583422,-1.8668874231310342,0.19603691551355773,-0.03726303306408407,0.003904048791276926,0.19958518851400137
813,2.1197812892630914,-0.5641878169082655,-1.8761777103620985,1.9242963289006125,-0.5244225076230977,-1.8805634893080148,0.19548496036247887,-0.03976530928516775,0.004385778945916297,0.19953667484306595
814,2.1136165494051116,-0.5837433673981008,-1.8893720463844397,1.9187496677857283,-0.541345654977011,-1.894544939750472,0.19486688161938326,-0.042397712421089806,0.005172893366032216,0.19949292317368178
815,2.107194331132893,-0.6032158784056995,-1.9025663824067809,1.9130111333030182,-0.5580522712867794,-1.9088468688807356,0.1941831978298747,-0.04516360711892009,0.006280486473954738,0.19946506019295196
816,2.100669737235854,-0.622154984492393,-1.9173361202784571,1.9070812993011486,-0.5745356741286307,-1.9234847049782011,0.19358843793470548,-0.047619310363762324,0.0061485846997439975,0.19945397242303692
817,2.0938661395177545,-0.6409956618415379,-1.9321058581501334,1.9009607587585777,-0.5907892703612041,-1.9384741923347701,0.19290538075917674,-0.05020639148033379,0.006368334184636781,0.1994335060906434
818,2.0867850221235047,-0.6597338005253337,-1.9468755960218096,1.89465012372426,-0.6068065587627183,-1.9538313667637117,0.1921348983992448,-0.05292724176261543,0.006955770741902123,0.19941287533682567
819,2.0794279297364886,-0.6783653129838868,-1.9616453338934858,1.8881500252564394,-0.6225811326313736,-1.9695725234828305,0.19127790448004922,-0.0557841803525132,0.007927189589344685,0.19940399157154795
820,2.071796467241603,-0.6968861349168753,-1.976415071765162,1.8814611133595462,-0.6381066823479474,-1.9857141762998443,0.1903353538820569,-0.058779452568927915,0.00929910453468219,0.19942177495664218
821,2.0640723641769814,-0.7148729171132373,-1.9931633731208647,1.8745840569191952,-0.6533769978995605,-2.0022730069375108,0.1894883072577862,-0.06149591921367681,0.00910963381664609,0.1994255552722109
822,2.0560481104488977,-0.7327278171140663,-2.0099116744765673,1.8675195436353014,-0.6683859713635882,-2.019265803252276,0.1885285668135963,-0.06434184575047808,0.009354128775708848,0.1994251572508331
823,2.0477259568528314,-0.7504458266370276,-2.02665997583227,1.8602682799533052,-0.6831275993507646,-2.036709385028378,0.1874576768995262,-0.06731822728626302,0.010049409196108083,0.19943198083237038
824,2.039108237744889,-0.7680219757974343,-2.043408277187973,1.8528309909935323,-0.6975959854064473,-2.0546205159757753,0.18627724675135648,-0.07042599039098696,0.01121223878780242,0.19946114177566476
825,2.0301973703870186,-0.785451334502295,-2.0601565785436757,1.8452084204786805,-0.711785342369123,-2.073015800533438,0.18498894990833814,-0.07366599213317193,0.012859221989762304,0.19953182597103694
826,2.0211817388561193,-0.8023799784951028,-2.079309700272163,1.8374013306594494,-0.7256899946851959,-2.091911564088844,0.18378040819666985,-0.07668998380990688,0.012601863816680936,0.19953796386991762
827,2.0118435443756115,-0.8191328505826102,-2.0984628220006507,1.8294105022383151,-0.7393043806791324,-2.1113237152817104,0.1824330421372964,-0.0798284699034778,0.01286089328105966,0.19954899660631178
828,2.0021862124833856,-0.8357038052943813,-2.117615943729138,1.8212367342914608,-0.7526230547780576,-2.1312675891780724,0.18094947819192475,-0.08308075051632369,0.013651645448934158,0.19957828586233742
829,1.9922132857867818,-0.8520867638928867,-2.1367690654576257,1.812880844188868,-0.765640689689914,-2.1517577702945823,0.17933244159791384,-0.08644607420297279,0.014988704836956579,0.19964395715188693
830,1.981928422663054,-0.868275716603373,-2.155922187186113,1.8043436675125866,-0.7783520785342984,-2.172807894737887,0.17758475515046745,-0.08992363806907455,0.016885707551773876,0.19976919949019525
831,1.9714942966963958,-0.8840248815779375,-2.1778760595140643,1.7956260579731689,-0.7907521369251587,-2.1944304311165266,0.17586823872322688,-0.0932727446527788,0.016554371602462314,0.199758578053171
832,1.960716957725976,-0.8995412003037438,-2.1998299318420154,1.786728887324304,-0.8028359050044701,-2.216636440398034,0.17398807040167208,-0.09670529529927374,0.016806508556018507,0.1997654162032569
833,1.9496015999242857,-0.914817194642069,-2.2217838041699665,1.777653045275642,-0.8145985494261158,-2.2394353155356597,0.17194855464864367,-0.10021864521595325,0.017651511365693207,0.1998040493788149
834,1.9381535803730572,-0.9298455022792858,-2.2437376764979176,1.7683994394038254,-0.8260353652891601,-2.262834502486271,0.1697541409692318,-0.10381013699012565,0.019096825988353494,0.19989422623212488
835,1.9263784164814015,-0.9446188802751535,-2.2656915488258687,1.7589689950617298,-0.8371417780197469,-2.2868392051869093,0.16740942141967174,-0.10747710225540663,0.021147656361040656,0.2000611537976652
836,1.9143709418111294,-0.9590232525088518,-2.2907049645545627,1.7493626552859305,-0.8479133452008673,-2.311452078146046,0.16500828652519894,-0.11110990730798453,0.0207471135914834,0.20000897191463432
837,1.902006958328788,-0.9731228021418206,-2.315718380283257,1.739581380702398,-0.8583457583492696,-2.3366729115189178,0.16242557762638987,-0.11477704379255094,0.020954531235660934,0.19998732566922797
838,1.8892942014165415,-0.986908707955161,-2.340731796011951,1.7296261494304437,-0.868434844638788,-2.3624983148415106,0.1596680519860978,-0.118473863316373,0.02176651882955971,0.20000931092351537
839,1.876240624662586,-1.0003723449575743,-2.365745211740645,1.7194979569848965,-0.8781765685694278,-2.3889214069446996,0.15674266767768952,-0.1221957763881465,0.02317619520405456,0.2000929975335393
840,1.8628543948850793,-1.0135052897814878,-2.390758627469339,1.709197816176561,-0.8875670335815046,-2.4159315208889622,0.15365657870851823,-0.12593825619998322,0.025172893419623144,0.20026098750933835
841,1.8491222937235872,-1.026319475859389,-2.4187856497281763,1.6987267570109346,-0.8966024836142181,-2.443513933963093,0.1503955367126526,-0.12971699224517086,0.024728284234916575,0.20014195857296735
842,1.835036489126175,-1.0387438098854869,-2.4468126719870136,1.6880858265852081,-0.9052793046080264,-2.471649633771164,0.1469506625409669,-0.13346450527746045,0.024836961784150624,0.20006035604500397
843,1.8206080449649633,-1.0507685330105874,-2.474839694245851,1.6772760889835565,-0.9135940259502211,-2.5003151320731636,0.1433319559814068,-0.13717450706036627,0.025475437827312764,0.20002473078398
844,1.8058482942426208,-1.062384200264897,-2.502866716504688,1.666298625170732,-0.921543321863127,-2.52948233822374,0.13954966907188893,-0.14084087840177006,0.026615621719051852,0.20004663078029472
845,1.7907688301907156,-1.0735816879766935,-2.5308937387635253,1.655154532883968,-0.9291240127343685,-2.559118503655017,0.13561429730674757,-0.144457675242325,0.028224764891491727,0.20013968852678857
846,1.775232285953619,-1.084456642771988,-2.561395697260774,1.6438449265232045,-0.9363330663886721,-2.5891862477784504,0.13138735943041446,-0.14812357638331586,0.027790550517676316,0.19993885764592245
847,1.759371312532285,-1.0948527175484937,-2.591897655758023,1.6323709370396566,-0.9431675993006936,-2.619643673878287,0.12700037549262833,-0.15168511824780007,0.027746018120264004,0.19976814559545697
848,1.7432006653481313,-1.1047602408654777,-2.6223996142552717,1.6207337118227096,-0.949624877748395,-2.6504445810272683,0.1224669535254217,-0.15513536311708276,0.028044966771996638,0.19962879490822288
849,1.7267353879112537,-1.1141699957803313,-2.6529015727525205,1.6089344145851874,-0.9557023189064935,-2.6815387748284367,0.11780097332606632,-0.15846767687383778,0.028637202075916246,0.19952233777974965
850,1.7099907978254891,-1.1230732284230667,-2.6834035312497693,1.5969742252469805,-0.9613974918795568,-2.712872476001037,0.11301657257850861,-0.16167573654350986,0.029468944751267934,0.19944976352212854
851,1.6927332141035083,-1.1315845892524459,-2.7152611930416066,1.5848543398170567,-0.9667081186743309,-2.7443888216776147,0.1078788742864516,-0.16487647057811494,0.02912762863600804,0.19917459882616867
852,1.675213280902168,-1.1395419380389225,-2.747118854833444,1.5725759702738584,-0.9716320751109048,-2.7760284500182753,0.10263731062830961,-0.16790986292801768,0.02890959518483127,0.19890677287430064
853,1.6574487778838385,-1.1469371994677584,-2.7789765166252813,1.5601403444441087,-0.976167391672356,-2.807730154671101,0.09730843343972984,-0.1707698077954024,0.028753638045819763,0.19864045452486012
854,1.639457732906401,-1.1537628686443955,-2.8108341784171187,1.5475487058800246,-0.9803122542925307,-2.8394315920225517,0.09190902702637649,-0.17345061435186482,0.028597413605432997,0.1983688406300111
855,1.6212584037281312,-1.1600120187106078,-2.842691840208956,1.5348023137349744,-0.9840650050816433,-2.8710700213760587,0.08645608999315679,-0.17594701362896448,0.028378181167102667,0.1980841444139554
856,1.6025814281244748,-1.165766998009083,-2.874366666657354,1.5219024426375487,-0.9874241429894152,-2.9025830564067965,0.08067898548692609,-0.17834285501966785,0.028216389749442516,0.1977661176396461
857,1.583731563501571,-1.170927599536392,-2.906041493105752,1.5088503825641069,-0.9903883244054711,-2.9339094056196564,0.0748811809374641,-0.18053927513092083,0.027867912513904525,0.19742908010541457
858,1.5647277202462457,-1.1754886461216059,-2.93771631955415,1.4956474387097796,-0.9929563636967662,-2.9649895801409523,0.06908028153646617,-0.18253228242483965,0.02727326058680246,0.19706331512337472
859,1.5455889632183442,-1.1794455620737592,-2.9693911460025477,1.4822949313579503,-0.9951272336818244,-2.9957665489487293,0.06329403186039384,-0.18431832839193474,0.02637540294618157,0.19665971252626982
860,1.526334492624658,-1.1827943777722318,-3.0010659724509456,1.4687941957482267,-0.9969000660415961,-3.0261863244390357,0.05754029687643136,-0.18589431173063575,0.02512035198809004,0.1962106342236327
861,1.506702919542778,-1.1855714419491916,-3.031012762515642,1.4551465819429195,-0.9982741516667748,-3.0561984648014353,0.05155633759985845,-0.18729729028241682,0.025185702285793532,0.19588938330975242
862,1.4869969969728267,-1.187759446240604,-3.060959552580338,1.4413534546920337,-0.9992489409414315,-3.085756483749059,0.04564354228079304,-0.18851050529917257,0.02479693116872106,0.19553626608758337
863,1.4672343960671603,-1.1893564285684668,-3.090906342645034,1.4274161932968048,-0.999824043962853,-3.1148181624090387,0.039818202770355526,-0.18953238460561384,0.023911819764004694,0.1951404345864222
864,1.4474328388040478,-1.1903609568497133,-3.12085313270973,1.413336191471756,-0.999999230697499,3.139839544846084,0.034096647332291896,-0.19036172615221436,0.02249262962377152,0.19469485491492963
865,1.4276100820956072,-1.1907721302804233,3.13238538440516,1.399114857205336,-0.999774431073011,3.111879164795771,0.02849522489027123,-0.19099769920741227,0.02050621960938903,0.19419733259429894
866,1.407499389953889,-1.1905869604918398,3.1052924985206007,1.3847536126191209,-0.9991497350062423,3.084514521703087,0.022745777334768125,-0.1914372254855975,0.02077797681751381,0.19390024757285768
867,1.3874010944009627,-1.1898570686253318,3.0781996126360416,1.3702538938256013,-0.9981253923672896,3.057769563448156,0.017147200575361454,-0.19173167625804222,0.02043004918788549,0.19357801806535213
868,1.3673299471751021,-1.188582990406616,3.0511067267514824,1.3556171507845733,-0.9967018128795511,3.0316637948036833,0.011712796390528801,-0.19188117752706502,0.019442931947799114,0.19321905571445527
869,1.347300680088264,-1.1867656609830721,3.0240138408669233,1.3408448471581444,-0.9948795659558413,3.006212463340424,0.006455832930119643,-0.19188609502723086,0.01780137752649935,0.19281815341264433
870,1.3273279942132388,-1.1844064142373638,2.996920954982364,1.325938460164364,-0.9926593804706327,2.9814267933001624,0.0013895340488747632,-0.19174703376673108,0.015494161682201746,0.19237703815540746
871,1.3070866638267824,-1.1814574640795026,2.973211706959659,1.3108994804295147,-0.9900421444685181,2.957314255765872,-0.0038128166027322496,-0.19141531961098446,0.01589745119378705,0.19211218364976293
872,1.2869209331280427,-1.178029480965025,2.9495024589369536,1.295729411839035,-0.987028904809002,2.9338788640941087,-0.008808478710992329,-0.19100057615602295,0.015623594842844923,0.191840835342604
873,1.266842137316794,-1.1741243917704722,2.9257932109142484,1.2804297713871424,-0.9836208667477723,2.9111214845518916,-0.013587634070348464,-0.19050352502269996,0.014671726362356807,0.19155019290033629
874,1.2468615627265263,-1.1697443915547203,2.902083962891543,1.2650020890251326,-0.9798193934546138,2.8890401533006966,-0.018140526298606297,-0.18992499810010655,0.0130438095908465,0.19123473681932934
875,1.2269904404803746,-1.1648919423251318,2.878374714868838,1.2494479075083849,-0.9756260054681576,2.867630392188506,-0.022457467028010214,-0.18926593685697424,0.010744322680332097,0.19089623660387184
876,1.2068001156698491,-1.1594512520687112,2.8580780913501713,1.2337687822420895,-0.9710423800876875,2.8468855171578986,-0.026968666572240396,-0.18840887198102374,0.011192574192272708,0.19065803349163127
877,1.1867243695083933,-1.1536019151420478,2.8377814678315048,1.217966281125707,-0.9660703507022413,2.826796934384504,-0.03124191161731371,-0.18753156443980645,0.0109845334470009,0.19043320266643
878,1.166771471974476,-1.1473463411138844,2.817484844312838,1.2020419843961807,-0.9607119060572806,2.807354420475193,-0.03527051242170476,-0.18663443505660382,0.010130423837645175,0.19020790436392918
879,1.1469496424404515,-1.1406871068977817,2.7971882207941716,1.1859974844699102,-0.9549691894592174,2.7885463841460103,-0.03904784202945866,-0.18571791743856436,0.008641836648161316,0.18997515670615583
880,1.1272670462866818,-1.1336269556905876,2.776891597275505,1.1698343857835234,-0.9488444979181241,2.7703601077480107,-0.04256733949684155,-0.1847824577724635,0.006531489527494383,0.1897345394168373
881,1.1071816498005334,-1.1259587630033583,2.7597417326760962,1.153554304633417,-0.9423402812289547,2.7527819678085708,-0.04637265483288355,-0.18361848177440354,0.006959764867525475,0.1895114991033472
882,1.0872307089987683,-1.1179472530196704,2.7425918680766874,1.1371588690141392,-0.9354591409916634,2.735797634409647,-0.049928160015370926,-0.18248811202800697,0.006794233667040572,0.18931691367965317
883,1.0674200916654957,-1.1095947820099088,2.7254420034772786,1.1206497184555895,-0.9282038295705979,2.7193922497417313,-0.0532296267900938,-0.18139095243931092,0.006049753735547281,0.1891366445597304
884,1.0477556243141983,-1.1009038065247272,2.70829213887787,1.1040285038590658,-0.9205772489935901,2.703550586566602,-0.05627287954486748,-0.18032655753113713,0.004741552311267938,0.18896239478166593
885,1.0282430904740933,-1.091876882672549,2.691142274278461,1.0872968873321767,-0.9125824497911844,2.688257187608608,-0.05905379685808332,-0.17929443288136448,0.0028850866698530986,0.18879133536976334
886,1.0082479932586448,-1.0822070405446766,2.6767557577432037,1.0704565420226324,-0.9042226297764663,2.6734964870893,-0.062208548763987626,-0.17798441076821037,0.0032592706539036342,0.1885708802042984
887,0.9883940757636072,-1.0722505492182377,2.6623692412079465,1.0535091519509268,-0.8955011327659768,2.6592529157394935,-0.0651150761873196,-0.17674941645226094,0.003116325468452974,0.18838800611376655
888,0.9686854471202998,-1.0620094693711992,2.6479827246726892,1.0364564118419504,-0.8864214472422383,2.6455109906809953,-0.06777096472165056,-0.17558802212896096,0.0024717339916939807,0.18822902710100103
889,0.9491261863898571,-1.051485920582327,2.633596208137432,1.0193000269555008,-0.8769872049583982,2.632255391580335,-0.07017384056564369,-0.17449871562392882,0.0013408165570969466,0.18808500057998495
890,0.9297203417189921,-1.0406820808925006,2.6192096916021748,1.0020417129157693,-0.8672021794855813,2.619471024450662,-0.07232137119677717,-0.17347990140691927,-0.0002613328484870614,0.1879513905742497
891,0.9097769340105558,-1.029200056376661,2.6071921400591473,0.9846831955397783,-0.8570702847035119,2.607143074424953,-0.07490626152922253,-0.17212977167314913,4.906563419426746e-05,0.18772215830841918
892,0.8899729489137724,-1.0174791958155232,2.59517458851612,0.9672262106648,-0.8465955732350124,2.5952570487522775,-0.07725326175102754,-0.1708836225805107,-8.246023615754439e-05,0.18753475869049382
893,0.8703112465163467,-1.0055211919335068,2.5831570369730925,0.9496725039747743,-0.8357822348250097,2.5837988111854746,-0.07936125745842759,-0.16973895710849707,-0.0006417742123820958,0.18737645161493136
894,0.8507946663575436,-0.9933277717032241,2.571139485430065,0.9320238308257422,-0.8246345946646914,2.572754608838554,-0.08122916446819861,-0.1686931770385327,-0.0016151234084889055,0.18723828070984855
895,0.8314260270181023,-0.980900696096071,2.5591219338870377,0.9142819560703085,-0.8131571116614865,2.562111092499413,-0.08285592905220618,-0.16774358443458448,-0.0029891586123751424,0.18711480477844808
896,0.8114960541916232,-0.9677727144380548,2.5491174238900163,0.8964486538811698,-0.8013543766555692,2.5518553312912466,-0.0849525996895466,-0.1664183377824856,-0.002737907401230366,0.18686760950265174
897,0.7916984155873008,-0.9544460034796056,2.539112913892995,0.8785257075736812,-0.7892311105835723,2.5419748224863588,-0.0868272919863804,-0.1652148928960333,-0.002861908593363882,0.186663145771019
898,0.7720350927386164,-0.9409218970830333,2.5291084038959735,0.8605149094275374,-0.7767921625902832,2.532457497190761,-0.08847981668892102,-0.16412973449275015,-0.0033490932947874974,0.1864898499432688
899,0.7525080537354696,-0.9272017488678358,2.519103893898952,0.8424180605075443,-0.7640425080890486,2.523291722537723,-0.08991000677207472,-0.16315924077878718,-0.004187828638770874,0.1863391667845826
900,0.7331192530271938,-0.913286932075216,2.5090993839019307,0.8242369704835132,-0.750987246771676,2.5144663009541306,-0.09111771745631936,-0.16229968530354,-0.005366917052199938,0.1862053438618853
901,0.7131749220808062,-0.8986689260877926,2.500806710941506,0.8059734574492955,-0.7376316005686248,2.505970466995288,-0.09279853536848925,-0.16103732551916783,-0.005163756053781832,0.18593346324286586
902,0.6933524978542142,-0.8838860328077747,2.4925140379810813,0.7876293477409753,-0.7239809115603028,2.4977938821817167,-0.0942768498867611,-0.15990512124747192,-0.005279844200635431,0.18570312054600097
903,0.6736533434964961,-0.8689392688256218,2.4842213650206566,0.7692064757542365,-0.710040639840307,2.489926628215464,-0.09555313225774043,-0.15889862898531482,-0.005705263194807575,0.1855039767924127
904,0.6540788136797044,-0.853829662000859,2.475928692060232,0.7507066837609222,-0.6958163613314545,2.482359198903139,-0.09662787008121776,-0.15801330066940444,-0.0064305068429071355,0.18532808714042506
905,0.6346302545057074,-0.8385582513913927,2.4676360190998072,0.732131821724822,-0.6813137655554999,2.475082491068045,-0.09750156721911463,-0.1572444858358928,-0.007446471968237667,0.18516974342681247
906,0.6146567491675673,-0.8226051222309084,2.4608091381174435,0.7134837471166572,-0.6665386533573856,2.4680877946939646,-0.09882699794908989,-0.15606646887352282,-0.007278656576521048,0.18486886452790968
907,0.5947926185413436,-0.8065160091426077,2.45398225713508,0.6947643247283485,-0.6514969345849919,2.4613667825080277,-0.0999717061870049,-0.15501907455761577,-0.00738452537294787,0.1846071145151892
908,0.5750387884171504,-0.7902916619776729,2.447155376152716,0.6759754264865352,-0.6361946257252741,2.454911499179146,-0.1009366380693848,-0.1540970362523988,-0.0077561230264300285,0.18437532082934582
909,0.5553961794444229,-0.7739328368900227,2.4403284951703523,0.6571189312653843,-0.6206378474977482,2.448714350281457,-0.10172275182096147,-0.15329498939227448,-0.008385855111104679,0.18416621453662696
910,0.5358657070890096,-0.7574402963010701,2.4335016141879886,0.6381967246987043,-0.6048328224062841,2.4427680911485643,-0.10233101760969465,-0.15260747389478602,-0.009266476960575698,0.18397430757810807
911,0.5158604016820861,-0.7403114573754668,2.4279438875273356,0.619210698991383,-0.5887858722501876,2.4370658157238534,-0.1033502973092969,-0.15152558512527914,-0.009121928196517803,0.18364230578900034
912,0.4959506021542435,-0.7230716995429257,2.4223861608666826,0.6001627527301665,-0.5725034155955617,2.431600945494345,-0.10421215057592298,-0.150568283947364,-0.009214784627662453,0.18334637360538952
913,0.4761369234842699,-0.7057215553093299,2.4168284342060296,0.5810547906938144,-0.5559919652079778,2.426367218580206,-0.10491786720954449,-0.14972959010135212,-0.009538784374176323,0.183078391458565
914,0.4564199776819487,-0.6882615605902048,2.4112707075453765,0.5618887236626036,-0.5392581254474379,2.4213586790388097,-0.10546874598065487,-0.14900343514276693,-0.010087971493433212,0.1828317456896613
915,0.43680037376915476,-0.6706922546941648,2.4057129808847235,0.5426664682272655,-0.5223085896267315,2.4165696664309295,-0.10586609445811074,-0.14838366506743328,-0.010856685546206002,0.18260123119986635
916,0.4167709692431409,-0.6525543824250662,2.4012698638981904,0.5233899465973252,-0.5051501373341961,2.4119948056869718,-0.1066189773541843,-0.14740424509087013,-0.010724941788781361,0.18223787251620924
917,0.39682235084315354,-0.6343276964934843,2.3968267469116573,0.504061086408882,-0.48778963172197237,2.4076289973029317,-0.1072387355657285,-0.14653806477151193,-0.01080225039127436,0.18190722758107183
918,0.37695491237997697,-0.6160125567170935,2.392383629925124,0.48468182053184755,-0.470234016760835,2.4034674078887996,-0.10772690815187058,-0.14577853995625856,-0.011083777963675434,0.18160209135824423
919,0.3571690460618015,-0.5976093246597584,2.387940512938591,0.46525408687666003,-0.4524903144626965,2.3995054610862865,-0.10808504081485854,-0.14511901019706186,-0.011564948147695375,0.18131643939307726
920,0.3374651424864809,-0.5791183636243955,2.383497395952058,0.44577982820049183,-0.43456562207189353,2.395738828867818,-0.10831468571401093,-0.14455274155250197,-0.012241432915760075,0.18104535042773245
921,0.3174277147009341,-0.5601462737545245,2.3800495410798965,0.426260991912989,-0.416467109226396,2.3921634232246705,-0.10883327721205488,-0.1436791645281285,-0.012113882144773935,0.18065196010238715
922,0.297455818897658,-0.541105210645692,2.376601686207735,0.40669952988151115,-0.3982020150900286,2.388775388248735,-0.10924371098385316,-0.14290319555566333,-0.012173702040999768,0.18028785513984805
923,0.2775496924963874,-0.5219954006521808,2.3731538313355736,0.38709739823596034,-0.3797776454569147,2.385571092609647,-0.10954770573957295,-0.14221775519526603,-0.01241726127407361,0.17994659792041998
924,0.2577095721350108,-0.5028170709455158,2.369705976463412,0.367456557173166,-0.3612013698292525,2.382547122426782,-0.10974698503815522,-0.14161570111626326,-0.012841145963369716,0.17962266715887623
925,0.23793569366675718,-0.4835704495117628,2.3662581215912506,0.3477789707608671,-0.3424806184696126,2.379700274533819,-0.10984327709410993,-0.14108983104215023,-0.013442152942568342,0.17931139791437495
926,0.21791302308950866,-0.463946778571736,2.3637156157053214,0.328066606741307,-0.3236228794289322,2.377027550132213,-0.11015358365179834,-0.1403238991428038,-0.013311934426891714,0.1788905147294271
927,0.19794031047397626,-0.44427226335573083,2.361173109819392,0.30832143633446063,-0.3046356955513944,2.3745261488288225,-0.11038112586048437,-0.13963656780433642,-0.0133530390094303,0.17849556763457883
928,0.1780176849304192,-0.4245470310463593,2.358630603933463,0.28854543404091454,-0.2855266614573912,2.3721934630521706,-0.11052774911049534,-0.13902036958896813,-0.013562859118707582,0.17812073891481534
929,0.1581452752453172,-0.40477120915408565,2.356088098047534,0.2687405774444146,-0.26630342050577305,2.370027072841291,-0.11059530219909738,-0.1384677886483126,-0.013938974793757275,0.17776091915818967
930,0.138323209880538,-0.3849449255164019,2.3535455921616046,0.2489088470141234,-0.2469736617366209,2.3680247410007484,-0.11058563713358541,-0.13797126377978103,-0.014479148839143807,0.17741166399179345
931,0.11834348292224131,-0.3648590686638222,2.351843486589128,0.22905222590655416,-0.22754511679571235,2.366184408615277,-0.11070874298431285,-0.13731395186810982,-0.014340922026149006,0.17696668950784017
932,0.09839797313857286,-0.3447392333190685,2.350141381016651,0.20917269976727051,-0.20802555684197999,2.36450419091746,-0.11077472662869765,-0.13671367647708854,-0.014362809900808848,0.1765444978009553
933,0.07848673831491924,-0.32458547777257707,2.348439275444174,0.1892722565323201,-0.1884227894391479,2.3629823735019793,-0.11078551821740086,-0.13616268833342918,-0.014543098057805182,0.17613974691137593
934,0.058609836137366915,-0.3043978604130562,2.3467371698716972,0.16935288622944283,-0.16874465543281053,2.361617408880159,-0.11074305009207591,-0.1356532049802457,-0.014880239008461693,0.17574765056198485
935,0.03876732419253506,-0.2841764397273176,2.3450350642992204,0.14941658077906955,-0.1489990258141988,2.3604079133688436,-0.11064925658653449,-0.1351774139131188,-0.015372849069623218,0.17536395212217593
936,0.01886318561387357,-0.2638230313874196,2.344130142481093,0.12946533379513178,-0.12919379857188856,2.3593526643079974,-0.11060214818125821,-0.13462923281553102,-0.015222521826904423,0.17489880125826487
937,-0.0010225265744368758,-0.24345161969424348,2.3432252206629656,0.10950114038569836,-0.10933689553270708,2.3584505976018466,-0.11052366696013524,-0.1341147241615364,-0.015225376938881041,0.1744535820732005
938,-0.02088979608831586,-0.223062221329601,2.342320298844838,0.08952599695348055,-0.08943625919312186,2.3577008055788626,-0.11041579304179641,-0.13362596213647915,-0.015380506734024468,0.1740232889510595
939,-0.040738606658785356,-0.2026548529900328,2.3414153770267108,0.06954190099617216,-0.06949984954232696,2.357102535166389,-0.11028050765495752,-0.13315500344770584,-0.015687158139678026,0.173603376241054
940,-0.060568942031983056,-0.18222953138679493,2.3405104552085834,0.04955085090671553,-0.04953564087836742,2.3566551863762744,-0.11011979293869859,-0.1326938905084275,-0.016144731167690995,0.1731897506193753
941,-0.08036104074739515,-0.16180664775854509,2.340379124638007,0.029554845773460472,-0.029551618618522946,2.356358311098441,-0.10991588652085563,-0.13225502914002213,-0.015979186460433947,0.1727085094673422
942,-0.10015045714317097,-0.1413811649988096,2.3402477940674307,0.009555885180257023,-0.009555776105247387,2.3562116121999095,-0.10970634232342799,-0.1318253888935622,-0.015963818132478824,0.172244762452421
943,-0.11993719087798822,-0.12095308345988144,2.3401164634968543,-0.010444030993501241,0.010443888591061618,2.3562149429274206,-0.10949315988448698,-0.13139697205094306,-0.016098479430566304,0.1717937058382015
944,-0.1397212416105709,-0.10052240349409843,2.339985132926278,-0.030442902772863486,0.030439375871184192,2.3563683066123997,-0.1092783388377074,-0.1309617793652826,-0.016383173686121744,0.17135095965205266
945,-0.15950260899968924,-0.08008912545384317,2.3398538023557016,-0.050438730287320994,0.05042268780681477,2.3566718566776563,-0.10906387871236825,-0.13051181326065794,-0.016818054321954712,0.17091257996867065
946,-0.17914282285280786,-0.059796320520792104,2.340491007492755,-0.07042951397077836,0.07038583133961263,2.3571258969458246,-0.1087133088820295,-0.13018215186040472,-0.01663488945306968,0.17041917655651573
947,-0.19879596339733832,-0.03951603455180175,2.3411282126298083,-0.09041325476152971,0.09032082147833986,2.3577308822501957,-0.10838270863580861,-0.1298368560301416,-0.016602669620387367,0.16994137034150936
948,-0.21846202265350864,-0.019248275781284175,2.3417654177668616,-0.11038795430214902,0.11021968449273731,2.3584874193492102,-0.10807406835135962,-0.1294679602740215,-0.0167220015823486,0.16947442970681456
949,-0.23814099263630145,0.0010069475614349586,2.342402622903915,-0.1303516151393278,0.1300744611029139,2.359396268146511,-0.10778937749697365,-0.12906751354147894,-0.016993645242596056,0.16901407317615935
950,-0.2578328653554572,0.021249627252119766,2.3430398280409683,-0.1503022409236186,0.14987720966295232,2.3604583432190505,-0.10753062443183858,-0.12862758241083255,-0.017418515178082128,0.1685565033410628
951,-0.27727817844916924,0.041213383240323476,2.3444589190974106,-0.17023783660906852,0.16962000933746174,2.3616747156563527,-0.10704034184010072,-0.12840662609713827,-0.01721579655894212,0.1680543961283214
952,-0.2967518023412771,0.06114952446619151,2.3458780101538528,-0.1901564086527219,0.18929496326980613,2.3630466152146,-0.10659539368855522,-0.12814543880361462,-0.017168605060747133,0.1675666805827487
953,-0.3162536978154253,0.08105801078194214,2.347297101210295,-0.21005596521397318,0.2088942017407418,2.364575432789753,-0.1061977326014521,-0.12783619095879967,-0.017278331579457795,0.16708857193331297
954,-0.3357838255983243,0.10093880209548556,2.3487161922667372,-0.22993451635375262,0.22840988531620351,2.366262723214435,-0.1058493092445717,-0.12747108322071796,-0.017546530947697647,0.16661582779950615
955,-0.35534214635983014,0.12079185837050475,2.3501352833231794,-0.24979007423350463,0.2478342079829598,2.3681102083837824,-0.1055520721263255,-0.12704234961245503,-0.017974925060602942,0.16614480568512688
956,-0.3745464385427514,0.14023029772328957,2.352368824078421,-0.269620653313991,0.267159400270935,2.3701197807158785,-0.1049257852287604,-0.12692910254764542,-0.017750956637457627,0.16563669261660455
957,-0.39379409933383897,0.15962579505617927,2.3546023648336623,-0.2894242705538291,0.28637773236087966,2.3722935069527646,-0.10436982878000989,-0.12675193730470039,-0.017691142119102388,0.1651426391927341
958,-0.4130850327122446,0.17897825361081302,2.3568359055889037,-0.30919894560779787,0.30548151717619876,2.3746336323082975,-0.10388608710444674,-0.12650326356538574,-0.017797726719393836,0.16465768692333915
959,-0.43241914244124596,0.19828757684353765,2.359069446344145,-0.32894270102487083,0.3244631134576801,2.3771425849693415,-0.10347644141637513,-0.12617553661414244,-0.01807313862519644,0.16417758162376764
960,-0.4517963320687266,0.21755366842588925,2.3613029870993865,-0.3486535624459593,0.3433149288198954,2.379822980956867,-0.1031427696227673,-0.12576126039400615,-0.01851999385748071,0.1636988567883887
961,-0.4707103113356497,0.23627538418867228,2.364404534082467,-0.3683295588013468,0.36202942278805417,2.3826776293535232,-0.1023807525343029,-0.1257540385993819,-0.01827309527105614,0.1631864048391596
962,-0.4896822658181945,0.2549383474025964,2.3675060810655477,-0.38796872250779796,0.38059910981409556,2.3857095379040607,-0.10171354331039656,-0.12566076241149915,-0.018203456838512988,0.162688776329121
963,-0.5087120130140137,0.2735423785376824,2.3706076280486283,-0.40756908966530103,0.3990165622707952,2.388921918994649,-0.10114292334871267,-0.1254741837331128,-0.018314290946020773,0.16220072435063296
964,-0.527799369864818,0.2920872986308532,2.373709175031709,-0.4271287002534774,0.4172744134227364,2.39231819601659,-0.10067066961134064,-0.12518711479188321,-0.01860902098488104,0.16171794301167572
965,-0.5469441527581371,0.3105729292876556,2.3768107220147896,-0.4466455983275678,0.4353653603728932,2.3959020101191086,-0.10029855443056934,-0.12479243108523758,-0.019091288104319037,0.16123717982682456
966,-0.5655151648012616,0.328393576142531,2.380857649217373,-0.4661178322140288,0.45328216698369495,2.3996772273548608,-0.09939733258723282,-0.12488859084116394,-0.018819578137487802,0.16072077142989838
967,-0.5841581434337755,0.34613892173904415,2.3849045764199563,-0.4855434547056987,0.47101766677138485,2.4036479462203655,-0.09861468872807677,-0.1248787450323407,-0.018743369800409138,0.1602213210071079
968,-0.6028727833284797,0.36380867545106854,2.3889515036225397,-0.5049205232565162,0.48856476577251795,2.407818505591774,-0.09795226007196356,-0.12475609032144941,-0.0188670019692343,0.159733187186653
969,-0.6216587779845361,0.3814025478904912,2.392998430825123,-0.5242471001757738,0.5059164453814522,2.4121934930541324,-0.09741167780876225,-0.12451389749096098,-0.019195062229009352,0.15925198917402314
970,-0.6405158197324867,0.3989202509119521,2.3970453580277065,-0.5435212528218883,0.5230657651576994,2.416777753619516,-0.09699456691059838,-0.12414551424574732,-0.019732395591809393,0.1587747528837858
971,-0.6586875408434584,0.4156648174088179,2.4021428211309725,-0.5627410537956501,0.5400058656019979,2.4215763988259873,-0.09594648704780828,-0.12434104819318004,-0.019433577695014748,0.15825324194032214
972,-0.676944380307012,0.4323165370829214,2.4072402842342386,-0.5819045811329816,0.5567299709000376,2.4265948162052435,-0.09503979917403038,-0.12441343381711623,-0.019354531971004896,0.15775253991306332
973,-0.695285863736083,0.4488749772547493,2.4123377473375047,-0.6010099184971187,0.5732313916326847,2.431838679101828,-0.09427594523896432,-0.12435641437793538,-0.019500931764323326,0.15726651896482532
974,-0.7137115145442121,0.46533970766856975,2.417435210440771,-0.620055155370246,0.589503527451662,2.4373139568209106,-0.09365635917396609,-0.12416381978309227,-0.019878746380139756,0.1567907277695243
975,-0.7322208539579284,0.4817103005036122,2.422532673544037,-0.6390383872445473,0.605539869719601,2.4430269250746033,-0.09318246671338104,-0.12382956921598887,-0.020494251530566387,0.15632257885796877
976,-0.7499328783154087,0.497215515394318,2.4288187737411326,-0.6579577158126543,0.6213340041134094,2.4489841766885143,-0.09197516250275439,-0.12411848871909142,-0.020165402947381672,0.15579304617135378
977,-0.7677420194207042,0.5126090851147765,2.4351048739382284,-0.6768112491574763,0.6368796131899154,2.455192632520491,-0.09093077026322793,-0.12427052807513883,-0.020087758582262527,0.15529033187419322
978,-0.7856475735469296,0.527890401389226,2.441390974135324,-0.69559710194139,0.6521704789127604,2.4616595525321086,-0.09005047160553958,-0.12428007752353432,-0.02026857839678442,0.15480775295786187
979,-0.8036488331574464,0.5430588603775913,2.44767707433242,-0.7143133955947752,0.6672004851395333,2.4683925469401653,-0.08933543756267115,-0.12414162476194202,-0.020715472607745422,0.15434083778576227
980,-0.821745086933821,0.5581138626993445,2.4539631745295156,-0.7329582585038568,0.6819636200681355,2.4753995873599552,-0.08878682842996422,-0.123849757368791,-0.021436412830439622,0.15388756641781473
981,-0.8389324442936241,0.5722308466164148,2.461615226757913,-0.7515298261978846,0.6964539786414377,2.4826890178342347,-0.08740261809573957,-0.12422313202502289,-0.02107379107632168,0.153345064643191
982,-0.8562273213064926,0.5862158999605446,2.4692672789863104,-0.7700262415355653,0.7106657649092125,2.490269565621063,-0.08620107977092728,-0.12444986494866794,-0.021002286634752565,0.1528381205174408
983,-0.8736287052948114,0.6000682038562682,2.4769193312147078,-0.7884456548907789,0.7245932943464408,2.4981503515899917,-0.08518305040403251,-0.12452509049017257,-0.021231020375283904,0.15235946463511
984,-0.891135577344597,0.6137869472010807,2.484571383443105,-0.8067862243375392,0.7382309961270456,2.5063409000487984,-0.08434935300705781,-0.12444404892596483,-0.021769516605693262,0.15190472842885022
985,-0.9087469123651581,0.6273713267129304,2.4922234356715025,-0.8250461158341854,0.7515734153521484,2.514851147791886,-0.08370079653097273,-0.124202088639218,-0.022627712120383503,0.15147275503557203
986,-0.9253396177956065,0.6399686672727392,2.501464831912638,-0.8432235034067843,0.7646152152319554,2.523691452126122,-0.08211611438882216,-0.12464654795921626,-0.022226620213483983,0.15091004209986086
987,-0.9420480300529672,0.6524121323255091,2.510706228153773,-0.8613165693317297,0.7773511792204058,2.5328725975898596,-0.08073146072123749,-0.12493904689489665,-0.02216636943608652,0.15039508676538263
988,-0.9588707221921057,0.6647006591645245,2.5199476243949084,-0.8793235043175001,0.7897762131017095,2.542405801035813,-0.07954721787460561,-0.12507555393718506,-0.022458176640904437,0.14992005790526405
989,-0.9758062575080655,0.6768331983152261,2.5291890206360437,-0.8972425076856059,0.8018853470279821,2.5523027146979134,-0.07856374982245962,-0.12505214871275594,-0.023113694061869694,0.14948092031101815
990,-0.9928531896587675,0.6888087136248399,2.538430416877179,-0.9150717875506427,0.8136737375071053,2.5625754268059584,-0.07778140210812479,-0.12486502388226539,-0.024145009928779437,0.14907783942452804
991,-1.0087760725965509,0.6997762232474999,2.549536640013404,-0.9328095609994818,0.8251366693400644,2.5732364592495207,-0.07596651159706913,-0.12536044609256447,-0.02369981923611686,0.14848512976247494
992,-1.0248197786200237,0.7105662170105139,2.5606428631496287,-0.9504540542695596,0.836269557506963,2.584298761724097,-0.07436572435046407,-0.12570334049644905,-0.02365589857446837,0.14795672444164526
993,-1.0409823287873907,0.7211773640013364,2.5717490862858536,-0.9680035029262528,0.8470679490009707,2.5957757017178724,-0.07297882586113791,-0.12589058499963435,-0.024026615432018783,0.14748432684437549
994,-1.0572617294977975,0.731608355367621,2.5828553094220785,-0.9854561520393205,0.8575275246094671,2.6076810496170584,-0.07180557745847704,-0.1259191692418461,-0.02482574019497985,0.1470645963953618
995,-1.0736559727372343,0.7418579044786637,2.5939615325583034,-1.0028102563583978,0.8676441006416691,2.620028958122165,-0.07084571637883652,-0.12578619616300535,-0.026067425563861768,0.14669967058557454
996,-1.0888179870700472,0.7511044679905242,2.6072347767828905,-1.0200640804875087,0.8774136306020465,2.632833935077795,-0.06875390658253844,-0.12630916261152225,-0.025599158294904445,0.1460699186533352
997,-1.10410139410008,0.7601489737792138,2.6205080210074776,-1.0372158990586215,0.8868322068088755,2.646110808726245,-0.06688549504145835,-0.12668323302966178,-0.025602787718767228,0.14552598983260961
998,-1.11950350125131,0.7689898284160305,2.6337812652320647,-1.054263996904172,0.8958960619572528,2.659874684302496,-0.06523950434713788,-0.12690623354122232,-0.026093419070431167,0.14505947593268295
