timestep,px,py,theta,px_ref,py_ref,theta_ref,error_px,error_py,error_theta,error_norm
0,0.0,0.0,0.7853981633974483,0.0,0.0,0.7853981633974483,0.0,0.0,0.0,0.0
1,0.017388284720573775,0.017388284720573775,0.7764557333576243,0.01999966666833333,0.01999866669333308,0.7853231571470295,-0.0026113819477595543,-0.0026103819727593056,-0.008867423789405193,0.009605447120342728
2,0.03493136564806156,0.03462038275357872,0.7675133033178003,0.03999733338666616,0.03998933418663416,0.7850980633706443,-0.005065967738604599,-0.0053689514330554425,-0.01758476005284393,0.019071273023455626
3,0.05262783992329424,0.05169491610806624,0.7585708732779763,0.05999100040499132,0.0599640064794446,0.7847226568420766,-0.007363160481697079,-0.008269090371378365,-0.026151783564100306,0.02839911568047137
4,0.07047629242077015,0.06861051939298707,0.7496284432381524,0.07997866837326832,0.07991469396917268,0.7841965616812204,-0.009502375952498171,-0.011304174576185613,-0.03456811844306806,0.03759034881835335
5,0.08847529586181778,0.08536583992637688,0.7406860131983284,0.09995833854135666,0.09983341664682815,0.7835192505983565,-0.011483042679538882,-0.014467576720451278,-0.04283323740002809,0.04664608527528779
6,0.10931397903489692,0.10441965418148308,0.7383895792612628,0.11992801295888919,0.11971220728891936,0.7826900438339384,-0.010614033923992267,-0.015292553107436282,-0.04430046457267556,0.04805258638240297
7,0.1301963630476959,0.12342556357824853,0.7360931453241972,0.13988569467506554,0.1395431146442365,0.7817081077917023,-0.009689331627369624,-0.01611755106598796,-0.04561496246750507,0.04933947102130069
8,0.15112233777473846,0.14238346788698572,0.7337967113871317,0.1598293879383454,0.15931820661424598,0.7805724533623122,-0.008707050163606928,-0.016934738727260257,-0.04677574197518053,0.050503149759602135
9,0.17209179286066806,0.16129326713116707,0.7315002774500661,0.17975709839602208,0.17902957342582415,0.7792819339341677,-0.007665305535354022,-0.017736306294657084,-0.0477816564841016,0.05154047114931051
10,0.19310461772082985,0.1801548615879522,0.7292038435130005,0.1996668332936563,0.19866933079506124,0.7778352430874435,-0.006562215572826463,-0.018514469207109058,-0.04863139957444296,0.05244865363204633
11,0.21372395979021847,0.19857792968539456,0.7279187816762073,0.21955660167434962,0.21822962308086932,0.7762309119668949,-0.005832641884131157,-0.019651693395474762,-0.048312130290687594,0.052481146118226504
12,0.23436695960959705,0.21697448544875947,0.726633719839414,0.23942441457783872,0.23770262642713458,0.7744673063284713,-0.00505745496824167,-0.02072814097837511,-0.04783358648905722,0.05237638471278161
13,0.25503358308945223,0.2353444984982746,0.7253486580026208,0.2592682852393897,0.2570805518921551,0.7725426232543283,-0.004234702149937486,-0.021736053393880517,-0.04719396525170749,0.05213117182281331
14,0.27572379610125897,0.2536879384979999,0.7240635961658276,0.279086229288473,0.27635564856411376,0.7704548875304338,-0.00336243318721402,-0.022667710066113844,-0.04639129136460618,0.051742467577954386
15,0.2964375644775368,0.2720047751558776,0.7227785343290344,0.29887626494719843,0.29552020666133955,0.7682019476806334,-0.0024387004696616588,-0.023515431505461926,-0.04542341335159905,0.05120751174758471
16,0.31681197405369843,0.2899749196108236,0.7211422320662588,0.31863641322849195,0.31456656061611776,0.765781471650788,-0.001824439174793524,-0.02459164100529415,-0.0446392395845292,0.05099744205664422
17,0.3372157609286895,0.3079117013307631,0.7195059298034833,0.33836469813399206,0.33348709214081446,0.7631909421364422,-0.0011489372053025693,-0.025575390810051335,-0.04368501233295896,0.0506339903061112
18,0.3576488704716869,0.32581507229024115,0.7178696275407077,0.35805914685164836,0.35227423327509,0.760427651547437,-0.0004102763799614384,-0.02645916098484885,-0.042558024006729256,0.05011427874455988
19,0.37811124797335666,0.3436849845532595,0.7162333252779322,0.37771778995300115,0.3709204694129827,0.7574886966029721,0.00039345802035550825,-0.027235484859723158,-0.04125537132503998,0.04943614171762318
20,0.39860283864600016,0.36152139027340513,0.7145970230151566,0.39733866159012243,0.38941834230865047,0.7543709725508718,0.0012641770558777243,-0.027896952035245337,-0.039773949535715225,0.0485984067450262
21,0.41860735745341837,0.378876384306787,0.712226330037172,0.4169197996921991,0.40776045305957015,0.7510711670052485,0.0016875577612192605,-0.028884068752783154,-0.0388448369680765,0.04843612946953336
22,0.4386529633702617,0.39618390504320916,0.7098556370591873,0.43645924616173865,0.4259394650659996,0.7475857533974175,0.0021937172085230716,-0.02975556002279045,-0.0377301163382302,0.048101636420783446
23,0.4587395437365654,0.41344385521124544,0.7074849440812027,0.4559550470703768,0.44394810696551984,0.7439109840358401,0.002784496666188574,-0.030504251754274403,-0.036426039954637446,0.04759326825874655
24,0.4788669856620806,0.43065613780682477,0.705114251103218,0.47540525285426916,0.46177917554148284,0.7400428827720981,0.003461732807811424,-0.031123037734658077,-0.03492863166888005,0.04691094096397896
25,0.49903517602690917,0.44782065609377664,0.7027435581252334,0.4948079185090459,0.479425538604203,0.7359772372714972,0.004227257517863292,-0.03160488251042637,-0.03323367914626385,0.0460566578706814
26,0.5129226085455805,0.45958316186880277,0.7008677208046843,0.5141611037843102,0.49688013784373675,0.7317095908888981,-0.0012384952387297643,-0.03729697597493398,-0.030841870084213796,0.04841300690540385
27,0.5268320811653247,0.47131959640015686,0.6989918834841352,0.5334628733776623,0.5141359916531132,0.7272352341528829,-0.006630792212337644,-0.04281639525295633,-0.028243350668747724,0.051719415743204517
28,0.5407635449419815,0.48302991839008824,0.6971160461635861,0.5527112971282275,0.5311861979208834,0.7225491958644261,-0.011947752186245997,-0.048156279530795154,-0.025433149700839985,0.05575501003728152
29,0.5547169508540093,0.4947140866327302,0.695240208843037,0.5719044502096711,0.5480239367918736,0.7176462338199793,-0.017187499355661773,-0.05330985015914336,-0.022406024976942218,0.06032727586555313
30,0.5686922498026569,0.5063720600142448,0.693364371522488,0.5910404133226791,0.5646424733950353,0.712520825173375,-0.022348163520022224,-0.05827041338079042,-0.01915645365088703,0.06528285536620189
31,0.5379282485535467,0.4808069292007128,0.7160187028913454,0.610117272886887,0.5810351605373051,0.7071671564563529,-0.07218902433334029,-0.10022823133659231,0.00885154643499253,0.1238357923435381
32,0.5077512527044726,0.45455148009213286,0.7386730342602028,0.6291331212322355,0.597195441362392,0.7015791132839158,-0.12138186852776289,-0.14264396127025913,0.037093920976287054,0.19093668235191824
33,0.4781767489925554,0.4276191869004632,0.7613273656290602,0.6480860567897367,0.6131168519734339,0.6957502697783335,-0.16990930779718133,-0.18549766507297072,0.06557709585072669,0.25995944322885584
34,0.44921991495789043,0.40002387119186633,0.7839816969979176,0.6669741842816288,0.6287930240184685,0.6896738777545541,-0.21775426932373837,-0.22876915282660215,0.09430781924336351,0.32961524822761973
35,0.4208956111544833,0.3717796947935261,0.8066360283667751,0.6857956149109028,0.6442176872376911,0.6833428557202919,-0.2649000037564195,-0.272437992444165,0.1232931726464832,0.3994942779795394
36,0.4297307025332505,0.3809982650578605,0.8666360283667751,0.7045484665501799,0.6593846719714731,0.6767497777563413,-0.27481776401692937,-0.2783864069136126,0.18988625061043385,0.43483397193000534
37,0.43799711311085104,0.39073003434983256,0.9266360283667752,0.723230863929924,0.6742879116281452,0.6698868623569647,-0.28523375081907293,-0.2835578772783126,0.25674916600981046,0.4771619186603566
38,0.4456650927358577,0.40093997880904086,0.9866360283667752,0.7418409388259654,0.6889214451105513,0.6627459613267954,-0.29617584609010766,-0.28798146630151045,0.3238900670399798,0.5249364078319599
39,0.4527070449620448,0.4115913536608492,1.0466360283667753,0.7603768302463229,0.7032794192004101,0.6553185488498808,-0.3076697852842781,-0.29168806553956095,0.39131747951689444,0.576950599384852
40,0.45909762636579377,0.4226458254578956,1.1066360283667753,0.778836684617301,0.7173560908995228,0.6475957108685986,-0.3197390582515073,-0.2947102654416272,0.45904031749817675,0.6323015253951726
41,0.4770045102491036,0.45841373689039716,1.1666360242718041,0.7972186559688459,0.731145829726896,0.6395681349355568,-0.32021414571974227,-0.27273209283649885,0.5270678893362474,0.6743296327104183
42,0.49273438428768784,0.4951910538314669,1.226636020176833,0.8155209061191403,0.7446431199708592,0.6312261007306176,-0.32278652183145246,-0.2494520661393923,0.5954099194462154,0.7217551137000743
43,0.506230637928958,0.5328454176729145,1.2866360160818617,0.8337416048584215,0.757842562895277,0.6225594714682599,-0.3275109669294636,-0.22499714522236247,0.6640765446136019,0.7738764797583825
44,0.5174446992406384,0.5712413133852362,1.3466360119868905,0.8518789301319992,0.7707388788989693,0.6135576864580234,-0.3344342308913608,-0.1994975655137331,0.7330783255288671,0.8300899739172917
45,0.5263362097172474,0.6102405572253156,1.4066360078919193,0.8699310682224605,0.7833269096274834,0.6042097551231719,-0.3435948585052131,-0.17308635240216785,0.8024262527687475,0.8898899950620855
46,0.5328731695707212,0.6497027943118527,1.4039055707470707,0.8878962139310396,0.795601620036366,0.5945042528303504,-0.3550230443603184,-0.1458988257245133,0.8094013179167203,0.8958003811229286
47,0.5395178540808306,0.6891470355615094,1.401175133602222,0.9057725707581367,0.8075581004051143,0.5844293189362826,-0.366254716677306,-0.11841106484360497,0.8167458146659394,0.9029049914249556
48,0.5462702137095765,0.728572986906329,1.3984446964573733,0.9235583510829657,0.8191915683009982,0.5739726575167142,-0.3772881373733892,-0.09061858139466916,0.8244720389406591,0.9112146886939605
49,0.5531301981162111,0.7679803544147116,1.3957142593125247,0.941251776342316,0.8304973704919704,0.5631215413080933,-0.38812157822610494,-0.06251701607725879,0.8325927180044314,0.9207374060273283
50,0.5600977561576136,0.807368844293605,1.392983822167676,0.958851077208406,0.8414709848078965,0.5518628194639037,-0.3987533210507924,-0.0341021405142915,0.8411210027037723,0.9314782381924401
51,0.5671728358886714,0.846738162890695,1.332983822167676,0.976354493765815,0.852108021949363,0.540182929805001,-0.40918165787714356,-0.005369859058667936,0.7928008923626749,0.8921836803374356
52,0.5765959263717452,0.8856123878443556,1.272983822167676,0.9937602756874735,0.8624042272433384,0.5280679163262988,-0.4171643493157283,0.023208160601017158,0.7449159058413771,0.8540868924377525
53,0.5883331146568124,0.9238516139238787,1.2129838221676759,1.0110666824096939,0.8723554823449863,0.5155034528098956,-0.4227335677528815,0.051496131578892435,0.6974803693577802,0.81721134751797
54,0.602342159540689,0.9613182212087868,1.1529838221676758,1.0282719833062262,0.8819578068849474,0.5024748734859666,-0.4259298237655371,0.07936041432383945,0.6505089486817092,0.7815856846498505
55,0.6185726435897463,0.9978773703719348,1.0929838221676758,1.0453744578613184,0.8912073600614354,0.4889672117755554,-0.42680181427157216,0.10667001031049939,0.6040166103921203,0.7472445017494167
56,0.6369661439769009,1.0333974674637112,1.0329838326159666,1.0623723958417668,0.900100442176505,0.4749652482411506,-0.4254062518648659,0.13329702528720622,0.558018584374816,0.7142291765139572
57,0.6574564729678862,1.067750699796967,0.9729838430642574,1.0792640974679386,0.9086334961158833,0.4604535689580829,-0.4218076245000524,0.15911720368108373,0.5125302741061746,0.682588630486192
58,0.6799698875309099,1.1008134328753878,0.9129838535125483,1.0960478735837471,0.916803108771767,0.44541663559766037,-0.4160779860528372,0.18401032410362084,0.4675672179148879,0.652380098656583
59,0.7044253637133255,1.1324666766047875,0.8529838639608391,1.1127220458255676,0.9246060124080204,0.4298388685756445,-0.408296682112242,0.20786066419676708,0.4231449953851946,0.623669723061592
60,0.7307348882402652,1.162596513528804,0.79298387440913,1.1292849467900707,0.9320390859672264,0.4137047446598081,-0.3985500585498055,0.2305574275615777,0.3792791297493219,0.5965329285439895
61,0.7588037914603933,1.1910945252492573,0.732983874743143,1.1457349202009626,0.9390993563190677,0.3969989104388761,-0.38693112874056923,0.2519951689301896,0.3359849643042669,0.571054428046176
62,0.7885310407606313,1.21785813205106,0.672983875077156,1.1620703210746102,0.945783999449539,0.37970631302149005,-0.37353928031397887,0.272074132601521,0.2932775620556659,0.5473277409136781
63,0.819809650146266,1.2427910138520248,0.6129838754111689,1.178289515884539,0.9520903415905158,0.36181234924553096,-0.35847986573827306,0.2907006722615091,0.251171526165638,0.5254539280939856
64,0.8525270504016067,1.2658034392029485,0.5529838757451819,1.1943908827247842,0.958015860289225,0.3433030345211741,-0.3418638323231775,0.30778757891372344,0.20968084122400782,0.5055394433282815
65,0.8865654942175972,1.2868125882239263,0.49298387607919497,1.210372811472079,0.963558185417193,0.3241651921901698,-0.32380731725448186,0.32325440280673334,0.16881868388902516,0.48769287022828733
66,0.9218024792702605,1.3057428502986377,0.4389390263982672,1.2262337039468676,0.9687151001182652,0.30438666394296926,-0.3044312246766071,0.33702775018037245,0.13455236245529795,0.473677541363367
67,0.9580106011442773,1.3227420222836261,0.38489417671733944,1.2419719740731194,0.9734845416953194,0.283956541378582,-0.28396137292884216,0.34925748058830675,0.10093763533875744,0.461306032141684
68,0.9950841272392547,1.3377604643034862,0.3308493270364117,1.2575860480369372,0.9778646024353163,0.26286541820488024,-0.26250192079768253,0.3598958618681699,0.06798390883153144,0.4506152479358856
69,1.0329147978577304,1.3507543204815133,0.2768044773554839,1.273074364443936,0.9818535303723597,0.24110566184802507,-0.24015956658620552,0.36890079010915366,0.03569881550745885,0.44163199136234177
70,1.0713921423380943,1.3616856470047802,0.22275962767455615,1.2884353744753823,0.9854497299884603,0.2186717023624417,-0.21704323213728793,0.37623591701632,0.004087925312114438,0.43437074142150656
71,1.1033408032463112,1.3689226207017102,0.1932387173453937,1.3036675420430732,0.9886517628517197,0.19556033550876473,-0.200326738796762,0.3802708578499905,-0.0023216181633710364,0.42981637651188936
72,1.135489154811746,1.3752134246045098,0.16371780701623123,1.3187693439429462,0.9914583481916864,0.1717710357084244,-0.18328018913120014,0.38375507641282336,-0.00805322869219316,0.42535213752013656
73,1.167809182290291,1.3805525767754439,0.13419689668706877,1.3337392700073958,0.9938683634116449,0.14730627331565815,-0.16593008771710482,0.386684213363799,-0.013109376628589381,0.42098614066282075
74,1.200272721335866,1.384935424565946,0.1046759863579063,1.34857582325629,0.99588084453764,0.12217182931261213,-0.14830310192042417,0.38905458002830595,-0.017495842954705826,0.4167293855740401
75,1.2328514825434185,1.3883581486710335,0.07515507602874383,1.3632775200466682,0.9974949866040543,0.0963770991912814,-0.13042603750324977,0.39086316206697913,-0.021222023162537573,0.41259585187797027
76,1.2562585941616884,1.3901206315099106,0.0488342164763016,1.3778428902211026,0.998710143975583,0.06993537651704462,-0.12158429605941423,0.3914104875343276,-0.02110116004074302,0.4104024485248454
77,1.279703982876189,1.3912664797081684,0.022513356923859376,1.3922704772547134,0.9995258306054791,0.0428641055705861,-0.1125664943785245,0.39174064910268935,-0.020350748646726723,0.4081006062070345
78,1.3031714069489315,1.3917948994821576,-0.0038075026285828498,1.4065588384008205,0.9999417202299663,0.015185091651111312,-0.103387431451889,0.3918531792521913,-0.01899259427969416,0.40570752237263497
79,1.3266446093769848,1.3917055247703205,-0.030128362181025076,1.4207065448352156,0.99995764649874,-0.013075342784616575,-0.09406193545823083,0.39174787827158053,-0.0170530193964085,0.40324292095828257
80,1.3501073291544752,1.3909984174867787,-0.0564492217334673,1.4347121817990456,0.9995736030415051,-0.041886267855577024,-0.0846048526445704,0.39142481444527355,-0.014562953877890278,0.4007286439477167
81,1.3749087745165365,1.38959690623652,-0.08422297827665565,1.4485743487402851,0.998789743470524,-0.07121213282096248,-0.07366557422374864,0.39080716276599614,-0.01301084545569317,0.39790217063292627
82,1.399661734576685,1.3875071947510262,-0.11199673481984398,1.4622916594537918,0.9976063813191736,-0.10101283897581732,-0.06262992487710672,0.3899008134318527,-0.010983895844026662,0.39505163937496174
83,1.4243471165855237,1.3847308948915695,-0.13977049136303232,1.4758627422199255,0.9960239899165367,-0.13124390617594112,-0.05151562563440182,0.3887069049750328,-0.008526585187091207,0.392198445069235
84,1.4489458799187667,1.3812701481069847,-0.16754424790622066,1.4892862399417186,0.994043202198076,-0.16185673736972372,-0.04034036002295194,0.3872269459089087,-0.005687510536496937,0.38936409703621244
85,1.4734390507638817,1.3771276237818995,-0.195318004449409,1.5025608102805854,0.9916648104524687,-0.19279898196781758,-0.029121759516703705,0.3854628133294308,-0.0025190224815914153,0.3865695316646814
86,1.498291025809021,1.3722109031569603,-0.22479115652958065,1.515685125790554,0.9888897660047016,-0.22401499487154508,-0.017394099981532962,0.3833211371522587,-0.0007761616580355679,0.38371636833576395
87,1.5229873173183155,1.3665639578733686,-0.2542643086097523,1.5286578740510102,0.9857191788355535,-0.25544638373627454,-0.005670556732694676,0.3808447790378151,0.0011820751265222418,0.3808888266090588
88,1.5475064739987798,1.3601916928893325,-0.28373746068992395,1.5414777577979386,0.9821543171376185,-0.28703263284555847,0.006028716200841222,0.37803737575171403,0.003295172155634518,0.37809980302006
89,1.5718271984174166,1.3530996431785183,-0.3132106127700956,1.5541434950536477,0.9781966068080447,-0.3187117881210078,0.0176837033637689,0.3749030363704736,0.005501175350912213,0.37536017766233526
90,1.5959283655002474,1.3452939689223504,-0.34268376485026725,1.5666538192549668,0.9738476308781951,-0.3504211845928371,0.029274546245280586,0.3714463380441553,0.007737419742569862,0.37267847907888735
91,1.6200767033313477,1.3366788238940095,-0.3728051206061661,1.579007479379901,0.9691091288804564,-0.38209819537047346,0.04106922395144674,0.3675696950135531,0.009293074764307352,0.3699736789109538
92,1.643954626535125,1.3273403161256985,-0.40292647636206497,1.591203240072732,0.9639829961524481,-0.41368097997668896,0.05275138646239297,0.3633573199732504,0.01075450361462399,0.3673239851954195
93,1.667540472403584,1.3172869177682478,-0.4330478321179638,1.6032398817675544,0.9584712830789142,-0.44510920994479974,0.06430059063602966,0.35881563468933364,0.012061377826835917,0.3647310001751061
94,1.6908128432093128,1.3065277495408725,-0.4631691878738627,1.6151162008102287,0.9525761942715953,-0.4763247508234524,0.07569664239908414,0.35395155526927713,0.013155562949589694,0.36219435940466493
95,1.7137506256180892,1.2950725724566052,-0.49329054362976155,1.6268310095787475,0.9463000876874145,-0.5072722820789922,0.08691961603934173,0.34877248476919076,0.013981738449230674,0.3597120442723105
96,1.7362580395269822,1.2829720846812982,-0.5227096361949415,1.6383831366019965,0.9396454736853249,-0.5378998396315425,0.09787490292498569,0.3433266109959733,0.015190203436601046,0.3573281415184103
97,1.7583997802239058,1.2702147807272182,-0.5521287287601214,1.6497714266769001,0.9326150140222006,-0.5681592696408527,0.10862835354700562,0.33759976670501757,0.016030540880731303,0.355008027957882
98,1.7801566857906193,1.256811701027847,-0.5815478213253014,1.660994740983941,0.9252115207881683,-0.5980065863693985,0.1191619448066783,0.33160018023967874,0.016458765044097157,0.35274514819040964
99,1.8015099273531268,1.2427744448842917,-0.6109669138904813,1.672051957201041,0.9174379552818098,-0.6274022311885141,0.1294579701520857,0.32533648960248185,0.016435317298032825,0.3505329045288774
100,1.822441025376572,1.2281151604270095,-0.6403860064556612,1.682941969615793,0.9092974268256818,-0.6563112337819401,0.13949905576077892,0.3188177336013277,0.01592522732627888,0.3483652489589479
101,1.8425957046540333,1.2130970224515576,-0.6679499651006044,1.6936636892360304,0.9007931915226274,-0.6847032801150899,0.14893201541800294,0.3123038309289302,0.016753315014485404,0.34640309120059637
102,1.8623288210206428,1.1975291168927198,-0.6955139237455477,1.704216043898726,0.8919286509533796,-0.7125526946185239,0.15811277712191685,0.3056004659393402,0.017038770872976228,0.34450198081347594
103,1.8816253827599658,1.18142327105751,-0.7230778823904909,1.7145979783772067,0.8827073508159741,-0.7398383461925445,0.1670274043827591,0.29871592024153604,0.01676046380205365,0.3426518173998927
104,1.9004707298164705,1.1647917209389271,-0.7506418410354341,1.7248084544866769,0.8731329795075166,-0.7665434890556865,0.17566227532979362,0.2916587414314106,0.0159016480202524,0.34084442028168016
105,1.9188505449331188,1.1476471019199792,-0.7782057996803773,1.734846451188034,0.8632093666488738,-0.7926555501696838,0.18400409374508486,0.2844377352711054,0.014449750489306523,0.3390739256420473
106,1.9363320918256244,1.1304152308605133,-0.803197129729633,1.7447109646899726,0.8529404815528762,-0.8181658750569212,0.19162112713565183,0.27747474930763716,0.014968745327288202,0.3375425250316572
107,1.9533775772568827,1.1127518991142744,-0.8281884597788887,1.7544010085493633,0.8423304316366457,-0.8430694433909002,0.19897656870751934,0.27042146747762874,0.014880983612011511,0.3360667919337365
108,1.969976355740479,1.0946681380337515,-0.8531797898281444,1.763915613769895,0.8313834607786832,-0.8673645649064725,0.206060741970584,0.2632846772550683,0.01418477507832816,0.33463571014282956
109,1.9861180607737074,1.076175241543878,-0.8781711198774,1.7732538288989745,0.8201039476213741,-0.8910525650657036,0.2128642318747329,0.25607129392250383,0.012881445188303586,0.33324108452125867
110,2.0017926113118047,1.0572847590885894,-0.9031624499266557,1.7824147201228708,0.8084964038195901,-0.914137468639516,0.21937789118893392,0.24878835526899934,0.010975018712860218,0.33187762186641206
111,2.0166318712971454,1.0384630066444411,-0.9253195992550334,1.7913973713600952,0.7965654722360865,-0.9366256880218409,0.22523449993705014,0.2418975344083546,0.011306088766807498,0.33071562520984255
112,2.031050486586694,1.0193171053829875,-0.947476748583411,1.8002008843530102,0.7843159250844199,-0.9585257217604746,0.2308496022336839,0.23500118029856754,0.011048973177063548,0.32960457126902437
113,2.045041378805633,0.9998564543944061,-0.9696338979117887,1.808824378757652,0.7717526620201257,-0.9798478675264842,0.23621700004798107,0.22810379237428036,0.010213969614695562,0.3285333109176094
114,2.0585976795566046,0.9800906072855533,-0.9917910472401663,1.8172669922317666,0.7588807081809217,-1.0006039525927415,0.24133068732483798,0.22120989910463162,0.008812905352575173,0.32749349216024654
115,2.0717127337915393,0.9600292674899149,-1.013948196568544,1.8255278805210422,0.7457052121767199,-1.0208070838766747,0.2461848532704971,0.21432405531319498,0.006858887308130779,0.32647944345826013
116,2.084139139328882,0.9400693319470153,-1.033355273760855,1.8336062175435337,0.7322314440302513,-1.0404714187339885,0.2505329217853485,0.20783788791676394,0.00711614497313362,0.3255978686528576
117,2.096175865137743,0.9198720100142066,-1.0527623509531658,1.8415011954722713,0.7184647930691263,-1.0596119569697484,0.2546746696654716,0.20140721694508035,0.006849606016582577,0.32476294663856303
118,2.107818377912454,0.8994449084639157,-1.0721694281454768,1.8492120248160406,0.7044107657701763,-1.078244353954232,0.25860635309641355,0.19503414269373942,0.006074925808755127,0.32396368222640437
119,2.1190622928169742,0.8787957206088177,-1.0915765053377877,1.8567379344983332,0.6900749835569364,-1.0963847542815959,0.262324358318641,0.1887207370518813,0.004808248943808158,0.323191436796518
120,2.1299033751363172,0.8579322234043593,-1.1109835825300987,1.8640781719344526,0.675463180551151,-1.1140496450750117,0.26582520320186465,0.1824690428532083,0.0030660625449130396,0.3224397478547084
121,2.1402090902599196,0.8371216597642019,-1.1279283836450853,1.871232003106772,0.6605812012792008,-1.1312557278065778,0.2689770871531476,0.1765404584850011,0.003327344161492496,0.3217549970313676
122,2.1501607119107904,0.816139463745963,-1.144873184760072,1.8781987126381352,0.6454349983343708,-1.1480198073479873,0.2719619992726552,0.17070446541159223,0.0031466225879153153,0.3211125111133915
123,2.1597553827851454,0.7949916597454838,-1.1618179858750586,1.884977603863395,0.6300306299958922,-1.16435869688339,0.2747777789217505,0.1649610297495916,0.002540711008331531,0.32050183203476995
124,2.1689903480666985,0.7736843197078724,-1.1787627869900452,1.891567998899078,0.6143742578057116,-1.1802891372852227,0.27742234916762065,0.1593100619021608,0.0015263502951774477,0.31991434070103064
125,2.177862956217622,0.7522235613841308,-1.1957075881050319,1.8979692387111724,0.5984721441039565,-1.1958277295646969,0.27989371750644976,0.15375141728017427,0.00012014145966499079,0.3193430848620538
126,2.1863198662031844,0.7307445528910554,-1.2105670264178199,1.9041806831810315,0.5823306495240819,-1.2109908790505335,0.2821391830221529,0.14841390336697358,0.00042385263271360607,0.31879364008725697
127,2.1944566882943826,0.7091422553603368,-1.225426464730608,1.9102017111693845,0.5659562304487028,-1.2257947500135267,0.28425497712499803,0.143186024911634,0.0003682852829187677,0.31828173900551987
128,2.2022716258903037,0.6874214385543012,-1.240285903043396,1.9160317205784498,0.5493554364271267,-1.2402552295333436,0.28623990531185384,0.13806600212717446,-3.067351005237029e-05,0.31779790005156455
129,2.2097629534617598,0.6655868984041938,-1.255145341356184,1.9216701284121454,0.532534907555621,-1.2543878994917435,0.2880928250496144,0.13305199084857278,-0.000757441864440489,0.31733402249367215
130,2.2169290169322813,0.6436434559512431,-1.270004779668972,1.927116370834386,0.5155013718214642,-1.2682080156685605,0.28981264609789537,0.1281420841297789,-0.0017967640004115104,0.31688324651874616
131,2.223760644757492,0.6216204217691547,-1.2831731027661673,1.932369903225468,0.4982616424118385,-1.2817304930098559,0.2913907415320238,0.12335877935731615,-0.001442609756311386,0.31643014050184715
132,2.230301682224613,0.5995093385260989,-1.2963414258633625,1.9374302002365305,0.4808226149886482,-1.2949698962289915,0.29287148198808266,0.11868672353745069,-0.0013715296343710381,0.31600969035693993
133,2.2365509951031783,0.5773140403331611,-1.3095097489605578,1.9422967558420892,0.4631912649303451,-1.3079404349891695,0.2942542392610892,0.11412277540281601,-0.0015693139713883753,0.31561373217131206
134,2.242507499748415,0.5550383759044868,-1.3226780720577531,1.9469690833906388,0.44537464454187115,-1.3206559629989763,0.2955384163577761,0.10966373136261565,-0.0020221090587768664,0.31523511613505206
135,2.248170163289149,0.5326862078899055,-1.3358463951549484,1.9514467156533182,0.4273798802338298,-1.333129980429876,0.2967234476358307,0.10530632765607573,-0.002716414725072447,0.31486760063598307
136,2.2535473858122566,0.5102222177558392,-1.3476989556729453,1.9557292048706325,0.40921416967201735,-1.3453756391359823,0.29781818094162404,0.10100804808382186,-0.0023233165369629383,0.31448957451211723
137,2.258657981066591,0.4876960731466785,-1.3595515161909422,1.9598161227972284,0.3908847788984522,-1.3574057502217107,0.2988418582693626,0.09681129424822632,-0.002145765969231439,0.3141392800327542
138,2.263501231107829,0.4651109385700483,-1.371404076708939,1.9637070607447196,0.3723990394250553,-1.3692327935620554,0.2997941703631095,0.092711899144993,-0.00217128314688364,0.31381006245383597
139,2.268076455548716,0.4424699868205754,-1.383256637226936,1.9674016296225532,0.3537643453011427,-1.380868928933525,0.3006748259261627,0.08870564151943272,-0.0023877082934109506,0.3134960014641283
140,2.272383011654648,0.4197763985341693,-1.3951091977449328,1.9708994599769205,0.3349881501559047,-1.3923260084614568,0.30148355167772745,0.0847882483782646,-0.002783189283475984,0.3131918344048243
141,2.2764315754707667,0.39696981280270105,-1.405987602219045,1.9742002020277007,0.3160779642170538,-1.4036155901318894,0.30223137344306594,0.08089184858564724,-0.0023720120871555395,0.3128784439718193
142,2.2802318053654087,0.37412053547391305,-1.416866006693157,1.9773035257034395,0.29704135130683235,-1.4147489521538088,0.3029282796619692,0.0770791841670807,-0.0021170545393482954,0.31258794789746064
143,2.283783251625004,0.3512312704973962,-1.4277444111672692,1.9802091206743555,0.2778859258165868,-1.4257371079907708,0.30357413095064856,0.07334534468080944,-0.002007303176498443,0.3123152603297358
144,2.28708549397667,0.32830472655482046,-1.4386228156413814,1.9829166963833729,0.2586193496611108,-1.4365908219100985,0.3041687975932972,0.06968537689370968,-0.002031993731282933,0.3120558254234241
145,2.2901381416379443,0.30534361673939314,-1.4495012201154935,1.985425982075177,0.23924932921398243,-1.4473206249233783,0.3047121595627673,0.06609428752541072,-0.00218059519211522,0.3118055644536975
146,2.2929470138292762,0.2822999544050927,-1.4597127558734473,1.9877367268232897,0.21978361222511697,-1.457936831014273,0.3052102870059865,0.06251634217997573,-0.001775924859174216,0.31155218863449813
147,2.2955204324812457,0.2592288111042896,-1.469924291631401,1.9898486995551619,0.20022998472177053,-1.4684495535690345,0.30567173292608385,0.05899882638251905,-0.0014747380623665318,0.31131695211938326
148,2.297858129251764,0.2361325925702177,-1.4801358273893548,1.99176168907528,0.18059626789423294,-1.4788687219418666,0.3060964401764841,0.055536324675984766,-0.0012671054474882038,0.31109631885229266
149,2.2999598603785376,0.2130137071508198,-1.4903473631473085,1.9934755040862868,0.1608903149674558,-1.4892040981017618,0.3064843562922508,0.05212339218336401,-0.0011432650455467375,0.31088714305924664
150,2.3018254067044848,0.189874565557618,-1.5005588989052623,1.994989973208109,0.1411200080598672,-1.499465293319851,0.3068354334963759,0.04875455749775079,-0.0010936055854113835,0.31068663649871847
151,2.3034553293197217,0.16670684024156515,-1.5103807049224007,1.9963049449950963,0.12129325503062975,-1.5096617848669232,0.3071503843246255,0.0454135852109354,-0.0007189200554775788,0.3104903688659637
152,2.3048576280726025,0.14352422386076366,-1.5202025109395392,1.997420287951166,0.10141798631660187,-1.5198029326997817,0.30743734012143653,0.04210623754416179,-0.00039957823975744766,0.3103076102899169
153,2.3060321676874365,0.12032895277493835,-1.5300243169566776,1.998335890542952,0.08150215176026913,-1.5298979961226906,0.30769627714448444,0.03882680101466922,-0.00012632083398700367,0.31013631745179604
154,2.306978834859795,0.09712326456457673,-1.539846122973816,1.9990516612109581,0.06155371742991314,-1.5399561504164885,0.3079271736488369,0.03556954713466359,0.00011002744267241127,0.30997475552174275
155,2.3076975382674436,0.07390939781507608,-1.5496679289909545,1.999567528378714,0.04158066243329049,-1.5499865034331373,0.30813000988872963,0.03232873538178559,0.00031857444218275077,0.3098214834627988
156,2.3081871920038446,0.05073769891017772,-1.5593544838137614,1.9998834404599326,0.02159097572609596,-1.5599981121576436,0.308303751543912,0.029146723184081763,0.0006436283438822077,0.3096791064083348
157,2.308452372346745,0.027562344105847795,-1.5690410386365683,1.9999993658636692,0.0015926529164868282,-1.56999999924253,0.3084530064830757,0.025969691189360967,0.0009589606059616784,0.3095457989932393
158,2.308493054414642,0.0043855079134294955,-1.5787275934593752,1.9999152929974802,-0.018406306933053812,-1.580001169522415,0.30857776141716187,0.022791814846483308,0.001273576063039794,0.3094209489695415
159,2.3083092343903937,-0.01879063501673739,-1.588414148282182,1.9996312302685817,-0.03839790450523538,-1.5900106265178413,0.308678004121812,0.01960726948849799,0.0015964782356592266,0.30930422562289206
160,2.3079009295215775,-0.04196391009936091,-1.598100703104989,1.9991472060830102,-0.058374143427580086,-1.600037388938299,0.30875372343856733,0.016410233328219177,0.0019366858333100812,0.3091955825154733
161,2.307271373123217,-0.0650151577306092,-1.6078926324650649,1.998463268842781,-0.0783270334708653,-1.610090507194452,0.3088081042804358,0.013311875740256093,0.0021978747293871503,0.30910270454709166
162,2.306416134324672,-0.08805913579893132,-1.6176845618251408,1.997579486941048,-0.09824859374510869,-1.6201790799288849,0.30883664738362393,0.010189457946177372,0.0024945181037441255,0.30901476087877044
163,2.305335295127192,-0.11109363482202793,-1.6274764911852166,1.996495948755265,-0.11813085589181781,-1.6303122705732334,0.308839346371927,0.0070372210697898785,0.0028357793880167126,0.30893252660178355
164,2.304028959162844,-0.1341164462264611,-1.6372684205452925,1.9952127626383473,-0.13796586727122728,-1.6404993239373136,0.30881619652449666,0.0038494210447661825,0.003230903392021034,0.3088570867164375
165,2.302497251684576,-0.15712536255941484,-1.6470603499053684,1.9937300569078378,-0.15774569414324865,-1.6507495828327603,0.3087671947767383,0.0006203315838338164,0.0036892329273918723,0.30878985705680606
166,2.3007546262805283,-0.17993094684045147,-1.6571940071435804,1.9920479798330735,-0.17746242484086058,-1.6610725047296746,0.3087066464474548,-0.0024685219995908836,0.003878497586094154,0.308740878254276
167,2.2987809903328373,-0.202717701300977,-1.6673276643817925,1.9901666996203604,-0.19710817293466984,-1.671477678439753,0.3086142907124769,-0.005609528366307154,0.004150014057960449,0.3086931645779331
168,2.296576546514436,-0.22548328596620815,-1.6774613216200045,1.988086404396152,-0.21667508038737962,-1.6819748408132476,0.30849014211828396,-0.008808205578828526,0.004513519193243054,0.3086488686601422
169,2.294141521199946,-0.24822536303529075,-1.6875949788582165,1.985807302188237,-0.236155320696897,-1.692573893429715,0.3083342190117091,-0.01207004233839376,0.004978914571498461,0.3086105411775844
170,2.291476164442435,-0.27094159712136867,-1.6977286360964285,1.9833296209049371,-0.2555411020268312,-1.7032849192537511,0.30814654353749793,-0.015400495094537447,0.005556283157322595,0.3085811721829255
171,2.2886126922353247,-0.29337936024468925,-1.7084463942118306,1.980653608312316,-0.27482467032312397,-1.714118199216562,0.30795908392300864,-0.01855468992156528,0.005671805004731301,0.3085696732681224
172,2.28550890657687,-0.3157851452486901,-1.7191641523272327,1.977779532009403,-0.2939983124155676,-1.725084228672093,0.3077293745674672,-0.021786832833122494,0.005920076344860359,0.30855644760807044
173,2.282165163996569,-0.33815637839788915,-1.7298819104426348,1.9747076794014329,-0.3130543591029702,-1.7361937336623283,0.30745748459513633,-0.025102019294918954,0.00631182321969348,0.3085450620551359
174,2.278581848587589,-0.3604904899257495,-1.740599668558037,1.971438357671107,-0.33198518822073414,-1.7474576869099745,0.3071434909164821,-0.028505301705015362,0.006858018351937556,0.30853963870688084
175,2.274759371962645,-0.3827849143298667,-1.751317426673439,1.9679718937478738,-0.35078322768961984,-1.7588873234378162,0.30678747821477126,-0.032001686640246885,0.0075698967643771375,0.3085449206748065
176,2.2707524591932087,-0.4047396461394332,-1.7628781133631766,1.964308634275237,-0.36944095854447706,-1.7704941556922353,0.30644382491797173,-0.035298687594956135,0.00761604232905877,0.3085641250648572
177,2.2664920080594775,-0.4266465892148362,-1.774438800052914,1.960448945576091,-0.3879509179417303,-1.7822899880233805,0.30604306248338653,-0.038695671273105914,0.007851187970466356,0.3085795719454447
178,2.261978587962174,-0.4485028157372056,-1.7859994867426516,1.9563932136160893,-0.40630570214441675,-1.7942869303459041,0.3055853743460848,-0.042197113592788826,0.008287443603252509,0.3085963368727448
179,2.257212802110815,-0.4703054046658362,-1.7975601734323892,1.9521418439650484,-0.4244979694835826,-1.8064974107716563,0.3050709581457667,-0.04580743518225361,0.008937237339267101,0.30862029232247656
180,2.2521952874430915,-0.49205144212857965,-1.8091208601221267,1.9476952617563903,-0.44252044329485246,-1.818934186968815,0.3045000256867012,-0.04953099883372719,0.00981332684668823,0.3086582039610616
181,2.247004421473237,-0.5134181633532089,-1.8218099475706775,1.9430539116446306,-0.46036591482899825,-1.8316103559602837,0.3039505098286066,-0.05305224852421064,0.009800408389606163,0.3087013143851959
182,2.241542856477656,-0.5347172988569577,-1.8344990350192283,1.9382182577609126,-0.47802724613534286,-1.8445393620273418,0.3033245987167432,-0.05669005272161487,0.010040327008113525,0.3087399916283646
183,2.235811471827186,-0.5559454192494084,-1.847188122467779,1.933188783666595,-0.4954973729168449,-1.8577350023321744,0.3026226881605911,-0.06044804633256351,0.010546879864395287,0.30878098123077485
184,2.229811190336541,-0.5770991065743416,-1.8598772099163299,1.9279659923048962,-0.5127693073557238,-1.871211429814701,0.3018451980316448,-0.06432979921861781,0.011334219898371023,0.3088321731668758
185,2.2235429781157223,-0.5981749548600642,-1.8725662973648807,1.9225504059505998,-0.5298361409084934,-1.884983152854841,0.30099257216512254,-0.06833881395157082,0.01241685548996041,0.3089027359722514
186,2.21710401496249,-0.6188606154420948,-1.8867037929227743,1.9169425661578283,-0.5466910470692872,-1.899065031120944,0.30016144880466156,-0.07216956837280764,0.0123612381981697,0.308963010985818
187,2.2103732615794276,-0.6394531810690404,-1.900841288480668,1.911143033705888,-0.5633272841003701,-1.9134722669486295,0.2992302278735397,-0.07612589696867023,0.012630978467961462,0.30902010141670916
188,2.203352063211601,-0.6599485359984699,-1.9149787840385617,1.9051523885431907,-0.5797381977287431,-1.928220391512157,0.29819967466841035,-0.08021033826972679,0.013241607473595263,0.3090826499598037
189,2.1960418231539935,-0.6803425839170125,-1.9291162795964554,1.898971229729261,-0.5959172238077642,-1.9433252449633298,0.29707059342473263,-0.08442536010924828,0.014208965366874438,0.30916091862345096
190,2.1884440024710363,-0.7006312487590688,-1.943253775154349,1.892600175374829,-0.6118578909427194,-1.958802949622059,0.2958438270962074,-0.08877335781634943,0.01554917446770987,0.3092669654449817
191,2.1806604725737864,-0.7205536168943605,-1.9591952564028863,1.886039862580021,-0.6275538230792937,-1.9746698752097716,0.2946206099937654,-0.09299979381506673,0.015474618806885276,0.30933756530683715
192,2.1725603530664555,-0.7403493778988388,-1.9751367376514235,1.8792909473706498,-0.6429987420539088,-1.9909425950243342,0.2932694056958056,-0.09735063584492998,0.015805857372910737,0.30940897812422313
193,2.164145702395498,-0.7600135011659777,-1.9910782188999607,1.8723541046326122,-0.6581864701049049,-2.007637831866406,0.291791597762886,-0.10182703106107271,0.016559612966445147,0.30949200565011203
194,2.1554186589377404,-0.7795409895417489,-2.007019700148498,1.865230028044401,-0.6731109323435617,-2.024772392446539,0.29018863089333946,-0.10643005719818721,0.017752692298040884,0.30959967160639745
195,2.1463814404569637,-0.7989268805945268,-2.022961181397035,1.8579194300077386,-0.6877661591839738,-2.0423630889355304,0.28846201044922504,-0.111160721410553,0.019401907538495244,0.3097474317456978
196,2.1371136056716384,-0.818007183231383,-2.0410842154977566,1.8504230415763365,-0.7021462887308055,-2.060426646274568,0.2866905640953019,-0.11586089450057746,0.019342430776811526,0.30982149061049996
197,2.1275015187820205,-0.8369164004533766,-2.059207249598478,1.8427416123827909,-0.7162455691239705,-2.078979593845187,0.28475990639922966,-0.12067083132940604,0.01977234424670904,0.3099041778086226
198,2.1175483367374763,-0.8556483218046492,-2.0773302836991996,1.8348759105636196,-0.7300583608392996,-2.0980381401223296,0.2826724261738567,-0.12558996096534958,0.02070785642313,0.3100086355763875
199,2.1072573285150877,-0.8741967950595787,-2.095453317799921,1.8268267226824504,-0.7435791389442745,-2.1176180290088564,0.28043060583263735,-0.13061765611530418,0.022164711208935373,0.31015088457022233
200,2.0966318740460044,-0.8925557282433871,-2.1135763519006425,1.8185948536513634,-0.7568024953079283,-2.137734376690414,0.27803702039464095,-0.13575323293545882,0.02415802478977147,0.3103500203384916
201,2.085686562425531,-0.9107006913569186,-2.134239111105187,1.8101811266504018,-0.7697231407640244,-2.1584014880706035,0.2755054357751292,-0.14097755059289419,0.024162376965416676,0.31042186677718886
202,2.0743686889450883,-0.9286156368701313,-2.154901870309731,1.8015863830452545,-0.7823359072266527,-2.179632652163961,0.27278230589983377,-0.14627972964347857,0.024730781854229722,0.31051498721916976
203,2.0626830855945135,-0.9462929162760161,-2.1755646295142754,1.7928114823031196,-0.7946357497573974,-2.201439916254256,0.2698716032913939,-0.1516571665186187,0.02587528673998074,0.31064466659416473
204,2.0506347413601844,-0.9637249825354071,-2.1962273887188197,1.7838573019067592,-0.8066177485832404,-2.22383383918308,0.26677743945342525,-0.15710723395216664,0.027606450464260135,0.3108295373169391
205,2.0382288000950517,-0.9809043932990729,-2.216890147923364,1.774724737266751,-0.8182771110644103,-2.246823224830935,0.26350406282830074,-0.1626272822346626,0.029933076907571188,0.3110916475047317
206,2.0253589671306726,-0.9979718014304706,-2.2403469152945013,1.7654147016319481,-0.8296091736113709,-2.270414837697643,0.2599442654987245,-0.16836262781909972,0.03006792240314171,0.3111608516016522
207,2.0120923651131872,-1.0147326573681719,-2.2638036826656385,1.7559281259981563,-0.8406094035501944,-2.294613103481373,0.25616423911503095,-0.17412325381797744,0.030809420815734345,0.3112687670366938
208,1.9984362932568118,-1.031177739377947,-2.2872604500367757,1.746265959015033,-0.8512734009355746,-2.319419798686549,0.2521703342417789,-0.17990433844237252,0.0321593486497731,0.31143164927087275
209,1.9843982650600065,-1.0472979994627107,-2.310717217407913,1.7364291668912253,-0.8615969003107405,-2.3448337345377843,0.2479690981687812,-0.1857010991519702,0.034116517129871404,0.311668908641785
210,1.9699860041715884,-1.0630845683406809,-2.33417398477905,1.7264187332977474,-0.8715757724135882,-2.3708504418018905,0.243567270873841,-0.1915087959270927,0.03667645702284039,0.3120028795670388
211,1.9549186418051383,-1.0788305661663011,-2.3604418477381026,1.7162356592696177,-0.8812060258283252,-2.3974618644663783,0.23868298253552056,-0.19762454033797594,0.037020016728275706,0.3120825319277093
212,1.9394429112354585,-1.0941753900343367,-2.386709710697155,1.7058809631057523,-0.8904838085819884,-2.424656071515499,0.2335619481297062,-0.20369158145234834,0.037946360818343905,0.31222006704896177
213,1.9235694901123193,-1.10910845261553,-2.4129775736562076,1.6953556802671397,-0.8994054096851778,-2.4524169971891108,0.22821380984517958,-0.20970304293035213,0.039439423532903195,0.31242979586926184
214,1.9073093304764428,-1.1236194506798316,-2.43924543661526,1.6846608632732913,-0.9079672606164054,-2.4807242209956297,0.22264846720315146,-0.21565219006342617,0.04147878438036967,0.3127278314776894
215,1.8906736512030229,-1.1376983722052278,-2.4655132995743125,1.6737975815969954,-0.9161659367494548,-2.509552799257385,0.21687606960602746,-0.22153243545577306,0.044039499683072414,0.31313148525668905
216,1.8731914825783416,-1.1517225215380174,-2.4942183528617843,1.6627669215573662,-0.9239981587231878,-2.5388731599736905,0.2104245610209754,-0.22772436281482955,0.04465480711190617,0.3132585722665732
217,1.8553140072664303,-1.1652391357887155,-2.522923406149256,1.6515699862112163,-0.9314607937532426,-2.5686510721830618,0.20374402105521394,-0.23377834203547287,0.045727666033805736,0.3134564702817622
218,1.8370559549394476,-1.1782370783011034,-2.551628459436728,1.6402078952427481,-0.9385508568851079,-2.598847699706418,0.1968480596966995,-0.2396862214159955,0.047219240269690044,0.31373284812827573
219,1.8184323688359014,-1.1907056397647997,-2.5803335127241995,1.628681784851592,-0.9452655121880633,-2.6294197471130945,0.18975058398430944,-0.2454401275767364,0.04908623438889492,0.3140948881369333
220,1.7994585933661706,-1.2026345470389137,-2.6090385660116713,1.6169928076391802,-0.951602073889516,-2.6603197029822847,0.18246578572699046,-0.2510324731493977,0.05128113697061343,0.31454859806629226
221,1.7795410788154022,-1.2143729952807116,-2.6393229357688686,1.6051421324934945,-0.957558007449271,-2.691496182110619,0.17439894632190778,-0.25681498783144063,0.05217324634175036,0.3147871949220483
222,1.7592772600016298,-1.2255029638380812,-2.669607305526066,1.593130944472173,-0.9631309305733167,-2.722894364390203,0.1661463155294567,-0.26237203326476455,0.053287058864137204,0.3150923557401711
223,1.7386857203251087,-1.2360142457178376,-2.699891675283263,1.5809604446840095,-0.9683186141667071,-2.7544565238654024,0.15772527564109917,-0.2676956315511305,0.05456484858213928,0.31546083184511375
224,1.7177853437300357,-1.2458972013076173,-2.7301760450404604,1.5686318501688397,-0.9731189832251738,-2.7861226372410264,0.149153493561196,-0.2727782180824435,0.05594659220056597,0.3158872300055817
225,1.6965952973865934,-1.2551427672161057,-2.7604604147976577,1.5561463937758424,-0.9775301176650971,-2.817831057161089,0.14044890361075102,-0.2776126495510086,0.05737064236343148,0.3163638227126893
226,1.6745547194960086,-1.2639750038309088,-2.791052610110023,1.5435053240402514,-0.9815502530915156,-2.8495192322111245,0.13104939545575722,-0.2824247507393932,0.05846662210110143,0.31679019836390276
227,1.6522542991316822,-1.2721289433048764,-2.8216448054223884,1.530709905058507,-0.9851777815038595,-2.881124453092601,0.1215443940731753,-0.2869511618010169,0.05947964767021263,0.3172567374801382
228,1.629714905237209,-1.2795969551045845,-2.8522370007347537,1.5177614163618436,-0.9884112519391305,-2.912584602987957,0.11195348887536549,-0.291185703165454,0.06034760225320346,0.317749162858122
229,1.6069576303898665,-1.2863720505941927,-2.882829196047119,1.5046611527883416,-0.9912493710522671,-2.9438388899030694,0.10229647760152494,-0.2951226795419256,0.06100969385595034,0.3182517055006653
230,1.5840037710619816,-1.2924478895754754,-2.9134213913594844,1.49141042435344,-0.9936910036334646,-2.974828539761162,0.09259334670854158,-0.2987568859420108,0.0614071484016776,0.3187476158770156
231,1.5616554921017844,-1.2976374994416309,-2.8534213913594844,1.4780105561189416,-0.9957351730622453,-3.0054974311418126,0.08364493598284284,-0.3019023263793855,0.1520760397823282,0.34823643098437473
232,1.539658617776733,-1.3041578631564539,-2.7934213913594843,1.4644628880605028,-0.9973810616980933,-3.0357926556293995,0.07519572971623023,-0.3067768014583606,0.24237126426991518,0.39813343670731277
233,1.5180923130806239,-1.3119855144517192,-2.7334213913594843,1.450768774933639,-0.9986280112074989,-3.0656649915020315,0.06732353814698477,-0.3133575032442203,0.3322436001425473,0.46163967925619315
234,1.4970341934215488,-1.3210922822356126,-2.673421391359484,1.4369295861382525,-0.9994755228272839,-3.095069282657533,0.06010460728329625,-0.3216167594083287,0.4216478912980488,0.53370108486407
235,1.4765600452902399,-1.3314453919782412,-2.613421391359484,1.4229467055816887,-0.9999232575641007,-3.1239647189303588,0.0536133397085512,-0.33152213441414047,0.5105433275708746,0.6110939413284616
236,1.4561670550692223,-1.3433439492311439,-2.553421391359484,1.4088215315403523,-0.9999710363300244,3.1308702891621083,0.047345523528870004,-0.3433729129011195,0.5988936266579934,0.6919683027162347
237,1.4365242463839183,-1.3564439409031896,-2.493421391359484,1.3945554765198755,-0.9996188400141854,3.1030967943149705,0.04196876986404274,-0.3568251008890042,0.6866671215051312,0.7749821069060185
238,1.4177023121339072,-1.3706982211706524,-2.433421391359484,1.3801499671138728,-0.9988668094904141,3.0759271557872387,0.03755234502003435,-0.37183141168023837,0.7738367600328635,0.8593556356403221
239,1.399768990957239,-1.386055490017345,-2.373421391359484,1.3656064438612794,-0.9977152455608932,3.0493838894183343,0.03416254709595967,-0.38834024445645177,0.860380026401768,0.9445787499831274
240,1.3827888234444872,-1.402460477859279,-2.313421391359484,1.350926361102302,-0.9961646088358407,3.023485121228019,0.03186246234218526,-0.4062958690234384,0.9462787945920832,1.0303082581376624
241,1.3629288946983347,-1.4240963957675363,-2.253421391359484,1.3361111868329818,-0.9942155195492712,2.998244789888664,0.02681770786535287,-0.4298808762182651,1.031519125931439,1.1178320376316355
242,1.34440207942249,-1.446884261601568,-2.1934213913594838,1.3211624025584014,-0.9918687573109126,2.9736728934044856,0.023239676864088565,-0.4550155042906554,1.1160910224156169,1.2055033645918884
243,1.3272750541453866,-1.4707420636523136,-2.1334213913594837,1.3060815031445296,-0.9891252607943699,2.9497757684852686,0.02119355100085696,-0.4816168028579437,1.1999881473348335,1.293203566784139
244,1.3116094576630544,-1.495583939595725,-2.0734213913594837,1.2908699966687416,-0.9859861273616705,2.9265563918596627,0.020739460994312786,-0.5095978122340546,1.2832075239604404,1.3808481469824092
245,1.2974616692060155,-1.5213204855044127,-2.0134213913594836,1.2755294042690073,-0.9824526126243325,2.904014693833692,0.021932264937008172,-0.5388678728800802,1.3657492219864107,1.468376840604637
246,1.2803292295962367,-1.5574655308261365,-1.9534213913594836,1.2600612599917844,-0.9785261299411385,2.8821478756489345,0.02026796960445232,-0.578939400884998,1.4476160401711677,1.559222184375857
247,1.26539502085922,-1.594572864302033,-1.8934213913594835,1.2444671106386092,-0.974208249852809,2.8609507235309106,0.0209279102206108,-0.620364614449224,1.528813192289192,1.650018184507191
248,1.2527127900194084,-1.6325089396027004,-1.8334213913594835,1.2287485156114235,-0.9695006994538089,2.8404159136590224,0.023964274407984876,-0.6630082401488915,1.6093480021610809,1.7407340994572071
249,1.2423281794126595,-1.6711372278231016,-1.7734213913594834,1.2129070467566294,-0.9644053617015306,2.820534303571183,0.02942113265603008,-0.706731866121571,1.6892296122489192,1.8313471043297815
250,1.2342785624231238,-1.7103187088391882,-1.7134213913594833,1.1969442882079129,-0.9589242746631383,2.8012952066945758,0.03733427421521096,-0.7513944341760499,1.7684687091255267,1.9218400086630596
251,1.228592881951572,-1.7499125598463259,-1.6534213913594833,1.1808618362278254,-0.9530596307003675,2.7826866477405034,0.047731045723746535,-0.7968529291459584,1.8470772680796,2.012199611785763
252,1.225291638573308,-1.7897760994804008,-1.5934213913594832,1.1646612990481637,-0.9468137755926088,2.764695597602315,0.06063033952514418,-0.842962323887792,1.9250683182177877,2.1024151700772857
253,1.2243867131995785,-1.8297658620461874,-1.5334213913594832,1.1483442967091446,-0.9401892075986283,2.747308187147715,0.07604241649043386,-0.8895766544475591,2.0024557286723876,2.1924775981835434
254,1.225881362584527,-1.86973792758221,-1.4734213913594831,1.1319124608974056,-0.9331885764572977,2.7305098999059307,0.09396890168712146,-0.9365493511249122,2.079254015914172,2.2823786066890808
255,1.2297702076043955,-1.9095484398171894,-1.413421391359483,1.1153674347828333,-0.9258146823277321,2.71428574412675,0.1144027728215622,-0.9837337574894572,2.1554781716933533,2.372110083596482
256,1.2360392526165607,-1.9490541238972738,-1.3534213994128446,1.0987108728542532,-0.918070474669267,2.69862040504676,0.1373283797623075,-1.030983649228007,2.2311435027199815,2.46166360386492
257,1.2446659355141816,-1.9881128020902683,-1.293421407466206,1.081944440753977,-0.9099590510617106,2.6834983784538204,0.16272149476020448,-1.0781537510285577,2.3062655212595597,2.5510300763151683
258,1.255619209562858,-2.026583905370712,-1.2334214155195675,1.0650698151112423,-0.9014836559663549,2.6689040868100813,0.19054939445161567,-1.1251002494043574,2.3808598048499374,2.6401994343772035
259,1.2688596548147104,-2.0643289793477586,-1.173421423572929,1.0480886833745522,-0.8926476794282345,2.654821979292142,0.22077097144015823,-1.171681299919524,2.454941904314515,2.729160428404881
260,1.284339619977585,-2.1012121825513335,-1.1134214316262905,1.0310027436429283,-0.8834546557201532,2.6412366171483908,0.2533368763346566,-1.2177575268311802,2.528527258404905,2.817900470840235
261,1.3020033939082023,-2.1371007753146065,-1.0534214507298068,1.0138137044961069,-0.8739082619290224,2.6281327457710297,0.28818968941209544,-1.2631925133855841,2.60163111067875,2.906405522119784
262,1.3217874057279027,-2.171865597711937,-0.9934214698333231,0.9965232848236771,-0.8640123164850744,2.615495354844479,0.3252641209042255,-1.3078532812268628,2.6742684825017844,2.9946600591829897
263,1.34362045440363,-2.2053815340038465,-0.9334214889368395,0.979133213653199,-0.8537707776345435,2.603309727872266,0.36448724075043104,-1.3516107563693032,2.746454090370481,3.08264702097334
264,1.3674239645870356,-2.2375279630893377,-0.8734215080403559,0.9616452299772965,-0.8431877418564168,2.591561482308587,0.4057787346097391,-1.394340221232921,2.8182023168306434,3.170347825176121
265,1.3931122694007003,-2.268189192611329,-0.8134215271438723,0.9440610825797653,-0.8322674422239013,2.5802366014347324,0.44905118682093503,-1.4359217503874278,2.8895271786009813,3.257742401954877
266,1.4205929187461883,-2.297254875323943,-0.7534215396859408,0.9263825298606904,-0.821014246711247,2.56932145902926,0.49421038888549795,-1.476240628612696,2.9604423084643856,3.3448092567133187
267,1.4497670122039126,-2.3246204060317504,-0.6934215522280094,0.9086113396606129,-0.8094326564466194,2.558802837787985,0.5411556725432997,-1.515187749585131,3.030960917163592,3.4315255295264535
268,1.480529554585548,-2.3501872984165924,-0.6334215647700779,0.8907492890837423,-0.7975273039117043,2.5486679423582137,0.5897802655018056,-1.552659994504888,3.1010958000512945,3.5178671068144514
269,1.5127698340043507,-2.37386353931327,-0.5734215773121465,0.8727981643202526,-0.7853029510887806,2.538904407763251,0.6399716696840981,-1.5885605882244895,-3.1123259850753975,3.552416292867987
270,1.546371820318231,-2.39556391985744,-0.513421589854215,0.8547597604676596,-0.7727644875559871,2.5295003039093875,0.6916120598505715,-1.622799432301453,-3.0429218937636024,3.517268669060488
271,1.5812145827127921,-2.4152103421453828,-0.4534216003763702,0.836635881351318,-0.759916928531561,2.5204441367892327,0.7445787013614742,-1.6552934136138218,-2.9738657371656028,3.484002174276295
272,1.6171727249568824,-2.43273210022937,-0.39342161089852534,0.8184283393440346,-0.7467654128678123,2.5117248469228364,0.7987443856128478,-1.6859666873615575,-2.9051464578213615,3.4525863067898754
273,1.6541168366139325,-2.448066134723638,-0.3334216214206805,0.800138955184839,-0.7333152009956565,2.503331805511806,0.8539778814290935,-1.7147509337279814,-2.8367534269324866,3.4229839310029364
274,1.69191395882345,-2.461157259682128,-0.27342163194283564,0.7817695577969044,-0.7195716728205074,2.495254808721464,0.9101444010265456,-1.7415855868616203,-2.7686764406643,3.3951513103503417
275,1.7304280628091704,-2.471958361208227,-0.2134216424649908,0.7633219841046635,-0.7055403255703919,2.4874840704519436,0.9671060787045069,-1.7664180356378352,-2.7009057129169345,3.3690382179727747
276,1.7695205394355875,-2.480430567013862,-0.15342164891649007,0.7447980788501106,-0.6912267715971265,2.480010213910566,1.024722460585477,-1.7892037954167357,-2.6334318628270563,3.344588123957087
277,1.809050698075869,-2.486543386156794,-0.09342165536798935,0.7261996944083366,-0.6766367361314569,2.4728242622546763,1.0828510036675323,-1.809906650025337,-2.5662459176226657,3.32173847370089
278,1.848876272876943,-2.49027481909389,-0.03342166181948864,0.7075286906022854,-0.6617760549930369,2.4659176285357978,1.1413475822746575,-1.828498764100853,-2.4993392903552865,3.3004210219601102
279,1.8888539348067996,-2.491611436698928,0.02657833172901207,0.68878693451678,-0.6466506722561834,2.4592821051422575,1.2000670002900198,-1.8449607644427446,-2.4327037734132455,3.2805622500872142
280,1.9288398074841167,-2.4905484285929376,0.08657832527751277,0.6699763003118093,-0.631266637872321,2.452909852907744,1.2588635071723073,-1.8592817907206167,-2.3663315276302312,3.2620838440561655
281,1.968689982530793,-2.4870896206687516,0.14657832527751277,0.65109866903512,-0.6156301052500863,2.446793390027349,1.3175913134956732,-1.8714595154186653,-2.3002150647498363,3.2449032237267743
282,2.008261044798121,-2.4812474605765913,0.20657832527751277,0.6321559284341076,-0.5997473287940437,2.440925580900035,1.3761051163640132,-1.8815001317825475,-2.2343472556225223,3.2289341423895372
283,2.0474105811935566,-2.4730429737840125,0.2665783252775128,0.6131499727670459,-0.5836246614030073,2.435299624996844,1.4342606084265106,-1.889418312381005,-2.1687212997193313,3.214087293136416
284,2.0859976956625026,-2.4625056875836857,0.3265783252775128,0.5940827026136648,-0.5672685519289687,2.4299090458371793,1.4919149930488378,-1.895237135654717,-2.1033307205596663,3.200270967730491
285,2.1238835162619543,-2.4496735248270287,0.3865783252775128,0.5749560246850888,-0.5506855425976376,2.4247476801408347,1.5489274915768654,-1.8989879822293911,-2.0381693548633217,3.1873917314817493
286,2.1609316937113694,-2.434592667946899,0.4465783252085023,0.5557718516331736,-0.5338822663916443,2.419809667210888,1.6051598420781958,-1.9007104015552547,-1.973231342002386,3.1753551105760396
287,2.1970088958465075,-2.4173173913163297,0.5065783251394919,0.5365321018592358,-0.5168654443974288,2.4150894385917674,1.6604767939872715,-1.900451946918901,-1.9085111134522754,3.164066285034012
288,2.231985283698683,-2.3979098672759873,0.5665783250704814,0.5172386993222217,-0.4996418831169025,2.410581708037644,1.7147465843764613,-1.8982679841590848,-1.8440033829671627,3.153430776901322
289,2.2657349800418847,-2.376439941954646,0.626578325001471,0.49789357334630513,-0.48221847174493154,2.4062814618184905,1.7678414066955797,-1.8942214702097142,-1.7797031368170195,3.143355129893407
290,2.298136522414854,-2.352984883898547,0.6865783249324606,0.47849865842796485,-0.4646021794137574,2.402183949384547,1.819637863986889,-1.8883827044847896,-1.7156056244520863,3.1337475733223457
291,2.3290733022665906,-2.3276291043391995,0.7465783249324607,0.4590558940425284,-0.44680005240543,2.398284674404404,1.8700174082240621,-1.8808290519337694,-1.6517063494719435,3.1245186660580306
292,2.3584339784886623,-2.3004638582250982,0.8065783249324607,0.4395672244502339,-0.42881921133339584,2.394579386187274,1.9188667540384285,-1.8716446468917023,-1.5880010612548132,3.1155819158768323
293,2.3861128843523955,-2.2715869111073084,0.8665783249324608,0.4200345985017983,-0.41066684829434086,2.3910640714961615,1.9660782858505972,-1.8609200628129674,-1.5244857465637007,3.106854373437694
294,2.412010405686312,-2.241102188812093,0.9265783249324608,0.40045996944354106,-0.39235022399145386,2.387734946755494,2.011550436242771,-1.8487519648206394,-1.4611566218230332,3.098257196953467
295,2.4360333393795766,-2.2091194034201664,0.9865783249324609,0.3808452947220541,-0.373876664830236,2.3845884506541766,2.0551880446575224,-1.8352427385899304,-1.3980101257217157,3.0897161876247994
296,2.4580952292139555,-2.175753657814599,1.046578324932461,0.36119253578846583,-0.35525355998804264,2.381621237142953,2.0969026934254895,-1.8205000978265564,-1.3350429122104919,3.0811622951939817
297,2.47811667577294,-2.1411250332308036,1.106578324932461,0.34150365790229065,-0.3364883584585042,2.3788301688233062,2.136613017870649,-1.8046366747722993,-1.2722518438908452,3.072532094275209
298,2.496025623469485,-2.105358155322855,1.166578324932461,0.3217806299349115,-0.31758856607203484,2.3762123107238504,2.1742449935345736,-1.78776958925082,-1.2096339857913894,3.06376823140096
299,2.5117576194312257,-2.068581746227628,1.226578324932461,0.3020254241726877,-0.2985617424935936,2.373764924459197,2.209732195258538,-1.7700200037340346,-1.147186599526736,3.054819844526755
300,2.5252560454612167,-2.0309281613041104,1.2865783249324612,0.2822400161197344,-0.27941549819892586,2.371485462765573,2.2430160293414825,-1.7515126631051845,-1.0849071378331117,3.045642955866935
301,2.5364723195239676,-1.9925329205961628,1.3465783062872976,0.2624263843003676,-0.260157491430468,2.3693715644070066,2.2740459352236,-1.7323754291656948,-1.022793258119709,3.036200848418815
302,2.545366078614013,-1.953534198025799,1.406578287642134,0.2425865100612595,-0.2407954251341592,2.3674210494456176,2.3027795685527535,-1.71273877289164,-0.9608427618034836,3.0264643824800768
303,2.5519053148226236,-1.9140723467935017,1.4665782689969704,0.22272237737329917,-0.22133704387835867,2.365631914869418,2.3291829374493243,-1.692735302915143,-0.8990536458724476,3.0164123425017384
304,2.5560664939755977,-1.8742893868617818,1.5265782503518068,0.20283597263320371,-0.2017901307561289,2.364002330571082,2.353230521342394,-1.6724992561056529,-0.837424080219275,3.006031726110431
305,2.557834640330824,-1.8343284938369948,1.5865782317066432,0.1829292844648735,-0.182162504272095,2.3625306356712543,2.3749053558659505,-1.6521659895649,-0.7759524039646111,2.9953180197792353
306,2.5572033903401947,-1.7943334751671045,1.6465782317066433,0.16300430352053824,-0.16246201521515416,2.3612153351802236,2.3941990868196563,-1.6318714599519504,-0.7146371034735803,2.9842754428495533
307,2.5541750147000473,-1.7544482782146296,1.7065782317066434,0.14306302228168652,-0.14269654351825772,2.360055096992098,2.411111992418361,-1.611751734696372,-0.6534768652854546,2.972917204993053
308,2.5487604122924337,-1.7148164466177551,1.7665782317066434,0.1231074348598263,-0.12287399510655006,2.3590487492060004,2.425652977432607,-1.591942451511205,-0.592470517499357,2.96126568378407
309,2.540979069838952,-1.6755806121729877,1.8265782317066435,0.10313953679706928,-0.10300229873509785,2.3581952777692634,2.437839533041883,-1.57257831343789,-0.53161704606262,2.9493526110693122
310,2.5308589917695934,-1.636881981514712,1.8865782317066435,0.08316132486658098,-0.0830894028174964,2.3574938244380585,2.4476976669030126,-1.5537925786972155,-0.47091559273141503,2.9372192192028455
311,2.518436599417452,-1.598859827863854,1.9465782288611138,0.06317479687290779,-0.06314327224661277,2.356943685051464,2.4552618025445443,-1.5357165556172412,-0.41036545619035003,2.9249163519433306
312,2.503756600102254,-1.5616509899337898,2.006578226015584,0.04318195145219192,-0.04317188520872868,2.3565443081154838,2.4605746486500624,-1.5184791047250612,-0.34996608209989954,2.9125045324748173
313,2.4868718259640277,-1.5253893793476467,2.0665782231700547,0.02318478787231655,-0.02318322999237945,2.356295293694157,2.4636870380917113,-1.5022061493552672,-0.2897170705241021,2.9000539853207834
314,2.4678430439505403,-1.4902054987333204,2.126578220324525,0.0031853058329736565,-0.0031853017931379904,2.356196392605459,2.4646577381175665,-1.4870201969401824,-0.22961817228093384,2.8876446002256673
315,2.4467387371219282,-1.4562259720549837,2.1865782174789956,-0.016814494734297237,0.016813900484349713,2.3562475059203347,2.4635532318562254,-1.4730398725393334,-0.1696692884413391,2.875365830589238
316,2.4236348581856557,-1.4235730889035978,2.246578216172506,-0.03681261386610762,0.03680637742582691,2.3564486847638113,2.4604474720517633,-1.4603794663294247,-0.10987046859130523,2.863316515558662
317,2.3986145561007826,-1.3923643644249895,2.3065782148660166,-0.05680705176720758,0.05678413230707805,2.3568001304177795,2.45542160786799,-1.4491484967320676,-0.05022191555176292,2.8516046147331724
318,2.37176787693221,-1.3627121163210136,2.366578213559527,-0.07679580901047076,0.07673917429251892,2.3573021947256567,2.448563685942681,-1.4394512906135326,0.009276018833870303,2.840346842674602
319,2.3431914397298046,-1.3347230606596134,2.4265782122530375,-0.0967768867368283,0.09666352163141724,2.357955380799775,2.4399683264666328,-1.4313865822910308,0.06862283145326264,2.8296681917001933
320,2.312988088804168,-1.3084979278122313,2.486578210946548,-0.11674828685516017,0.11654920485049365,2.358760344032969,2.429736375659328,-1.425047132662725,0.127817866913579,2.8197013303920544
321,2.2812665516128905,-1.2841311214526705,2.546578210946548,-0.13670801224209556,0.13638826994159764,2.359717893416455,2.417974563854986,-1.4205193913942682,0.18686031753009313,2.810585901737269
322,2.2481409647265544,-1.261710312649736,2.606578210946548,-0.1566540669417306,0.1561727815432119,2.3608289931666846,2.404795031668285,-1.417883094192948,0.24574921777986347,2.802467536149893
323,2.21373054448661,-1.2413161921035505,2.666578210946548,-0.1765844563652152,0.175894826114484,2.3620947646644646,2.390315000851825,-1.4172110182180344,0.30448344628208357,2.7954969222869255
324,2.178159131247126,-1.223022156625073,2.726578210946548,-0.19649718749021736,0.19554651510054424,2.363516488710183,2.3746563187373435,-1.4185686717256172,0.363061722236365,2.789828583026887
325,2.141554743683248,-1.2068940449868382,2.7865782109465482,-0.21639026906021674,0.21511998808781552,2.365095608099521,2.357945012743465,-1.4220140330746536,0.4214826028470271,2.7856195321482304
326,2.1040490925838493,-1.1929898915290953,2.846578210325051,-0.23626171178363561,0.23460741594808077,2.366833730524539,2.3403108043674847,-1.4275973074771762,0.4797444798005124,2.783027757542912
327,2.0657771826650047,-1.1813597471219888,2.906578209703554,-0.25610952853275937,0.2540010039700232,2.3687326318054684,2.321886711197764,-1.4353607510920119,0.5378455778980857,2.7822106769755446
328,2.0268767514708665,-1.1720454677254684,2.966578209082057,-0.27593173454245457,0.2732929949770132,2.3707942594589726,2.302808486013321,-1.4453384627024817,0.5957839496230846,2.7833233210769133
329,1.9874877985434103,-1.1650805746864528,3.02657820846056,-0.29572634760863703,0.29247567242986966,2.373020736608938,2.2832141461520474,-1.4575562471163224,0.6535574718516219,2.7865165385674144
330,1.9477520815752738,-1.1604901340981812,3.086578207839063,-0.3154913882864973,0.3115413635133787,2.3754143662461753,2.263243469861771,-1.4720314976115598,0.7111638415928878,2.7919351252172095
331,1.9078125980945684,-1.1582906661410464,-3.136607118516892,-0.33522488008843665,0.3304824422053109,2.3779776358435334,2.243037478183005,-1.4887731083463573,0.7686005528191604,2.799715933173001
332,1.867813095204738,-1.1584900867178416,-3.076607137693261,-0.35492484968172117,0.34929133232673576,2.3807132223330263,2.2227379448864593,-1.5077814190445773,0.8258649471532991,2.80998606583568
333,1.8278975278299163,-1.1610876781302977,-3.0166071568696298,-0.37458932708580633,0.3679605105723846,2.3836239974514886,2.2024868549157226,-1.5290481887026823,0.8829541528584679,2.8228610921371105
334,1.7882095488172154,-1.1660740918603654,-2.9566071760459987,-0.3942163458693397,0.38648250951987934,2.3867130334610547,2.182425894686555,-1.5525566013802448,0.9398650976725325,2.838443444585568
335,1.748891991941933,-1.173431382214765,-2.8966071952223675,-0.4138039433467995,0.4048499206165983,2.389983609250355,2.1626959352887325,-1.5782813028313634,0.9965945027068637,2.856820992328188
336,1.7100863578605323,-1.1831330709100611,-2.8366071952583085,-0.43335016077475924,0.42305539714299684,2.3934392168216947,2.1434365186352915,-1.606188468053058,1.0531388950995826,2.8780658499585403
337,1.6719323050913049,-1.1951442430961137,-2.7766071952942495,-0.4528530435477663,0.44109165715120235,2.3970835681686076,2.124785348639071,-1.636235900247316,1.1094945437167292,2.90223342300143
338,1.6345671470226226,-1.2094216715236141,-2.7166071953301905,-0.472310641393794,0.4589514863776903,2.400920602546995,2.1068777884164165,-1.6683731579013044,1.1656575093024006,2.9293617800335103
339,1.5981253578738435,-1.2259139728680575,-2.6566071953661314,-0.49172100856927403,0.47662774112889944,2.404954494141537,2.0898463664431173,-1.702541713996957,1.2216236176719182,2.9594713018525827
340,1.5627380887333362,-1.244561792654223,-2.5966071954020724,-0.5110822040536624,0.49411335113860816,2.409189660127124,2.0738202927869986,-1.7386751437928312,1.2773884516503902,2.992564639039223
341,1.5285326955561893,-1.2652980188681897,-2.536607200190681,-0.5303922917435467,0.5114013223959523,2.4136307691226384,2.058924987299736,-1.776699341264142,1.3329473378662673,3.0286269592177284
342,1.495632280712178,-1.2880480233317488,-2.4766072049792895,-0.549649340646248,0.5284847399429308,2.4182827500314454,2.045281621358426,-1.8165327632746795,1.3882953521688517,3.0676264726283953
343,1.464155250147662,-1.3127299306089535,-2.416607209767898,-0.5688514250729251,0.5453567706403021,2.42315080125933,2.0330066752205873,-1.8580867012492557,1.4434272961523575,3.109515185704761
344,1.4342148871634828,-1.3392549125010416,-2.3566072145565067,-0.5879966248311352,0.5620106659007431,2.4282404002962408,2.022211511994618,-1.9012655784017847,1.4983376923268388,3.154229864658939
345,1.4059189447174771,-1.3675275077319773,-2.2966072193451152,-0.6070830254168587,0.5784397643882002,2.433557313642975,2.0130019701343356,-1.9459672721201775,1.5530207741914959,3.201693158470673
346,1.3793692576302496,-1.397445965505905,-2.236607219345115,-0.6261087182059404,0.5946374946823286,2.439107607057674,2.00547797583619,-1.9920834601882338,1.6074704807767972,3.251814842589955
347,1.354661376240479,-1.428902611818394,-2.176607219345115,-0.645071800644958,0.6105973779069791,2.4448976560896263,1.999733176885437,-2.039499989725373,1.6616804317448448,3.304493129675087
348,1.3318842222398588,-1.461784236711821,-2.116607219345115,-0.6639703764414682,0.6263130303216559,2.4509341568591303,1.995854598681327,-2.088097267033477,1.7156439309753413,3.3596160306741303
349,1.3111197687864165,-1.4959725018444632,-2.056607219345115,-0.6828025557536419,0.6417781658749337,2.4572241370319414,1.9939223245400584,-2.1377506677193967,1.7693539508025298,3.4170627089438197
350,1.2924427454896656,-1.5313443663807387,-1.996607219345115,-0.7015664553792397,0.6569865987187891,2.463774966924827,1.9940092008689052,-2.188330965099528,1.8228031209096445,3.476704808228795
351,1.2759203694647099,-1.5677725298053469,-1.936607219345115,-0.7202601989439371,0.671932245682862,2.4705943706648235,1.996180568408647,-2.239704775488209,1.8759837171696478,3.5384077280780697
352,1.2616121034232142,-1.605125890067655,-1.8766072193451149,-0.7388819170889542,0.6866091287076386,2.477690437308543,2.0004940205121686,-2.2917350187752934,1.9288876505259278,3.6020318281127626
353,1.2495694416718546,-1.643270015407507,-1.8166072193451148,-0.7574297476579961,0.7010113772355988,2.4850716318091606,2.006999189329851,-2.344281392643106,1.9815064560253113,3.667433548018746
354,1.239835724788422,-1.6820676281643918,-1.7566072193451148,-0.7759018358834606,0.715133230559358,2.4927468056970676,2.015737560671883,-2.3972008587237497,2.0338312821374043,3.734466435084133
355,1.232445983642544,-1.7213790988287783,-1.6966072193451147,-0.7942963345719204,0.7289690401258765,2.5007252073153747,2.0267423182144646,-2.450348138954655,2.085852880519097,3.8029820753836976
356,1.2274268133223831,-1.7610629485575686,-1.6422701012637506,-0.8126114042888336,0.7425132717958018,2.509016491422985,2.0400382176112166,-2.5035762203533705,2.1318987144928503,3.8697082511850276
357,1.2245702958806801,-1.8009608220360542,-1.5879329831823865,-0.8308452135424925,0.7557605080570542,2.5176307279456003,2.0554155094231725,-2.5567213300931084,2.1776215960515994,3.9374601828743243
358,1.2238848631742616,-1.840954948879942,-1.5335958651010224,-0.8489959389671652,0.7687054501917557,2.5265784096181902,2.0728808021414267,-2.609660399071698,2.2230110324603736,4.006112862714938
359,1.225372538460665,-1.880927274584637,-1.4792587470196583,-0.8670617655054355,0.78134292039565,2.5358704582208973,2.0924343039661006,-2.662270194980287,2.268056101939031,4.075541974883506
360,1.2290289304258952,-1.9207598089980609,-1.4249216289382942,-0.8850408865897049,0.7936678638491532,2.545518229063543,2.1140698170156003,-2.714427672847214,2.312745449177749,4.14562423466328
361,1.2348432458911167,-1.960334972863969,-1.4849216285469002,-0.9029315043228463,0.8056753507392133,2.5555335133215724,2.1377747502139632,-2.766010323603182,2.242730165311114,4.153400123673154
362,1.2382740133609722,-2.00018757245183,-1.5449216281555063,-0.9207318296579966,0.8173605782311729,2.565928537768054,2.159005843018969,-2.817548150683003,2.172335141256026,4.161601107451686
363,1.2393088857775154,-2.040174181440641,-1.6049216277641123,-0.9384400825774543,0.8287188723898353,2.5767159613820527,2.17774896835497,-2.8688930538304764,2.101547718033421,4.1700888161596
364,1.2379441387176233,-2.0801508912202755,-1.6649216273727183,-0.9560544922706857,0.83974569004898,2.5879088682432516,2.1939986309883093,-2.9198965812692554,2.0303548115636163,4.178727880459074
365,1.2341846837968977,-2.1199738288070686,-1.7249216269813243,-0.9735732973113987,0.8504366206285644,2.5995207560461813,2.2077579811082964,-2.970410449435633,1.9587429241520802,4.187386701055877
366,1.2280440508970754,-2.1594996752496156,-1.7849216241114745,-0.9909947458336898,0.8607873878989016,2.6115655194852865,2.219038796730765,-3.0202870631485172,1.8866981635828255,4.195938165140833
367,1.219544339820915,-2.198586179583362,-1.8449216212416246,-1.008317095707223,0.870793851691091,2.6240574276749693,2.227861435528138,-3.069380031274453,1.8142062582629919,4.204260303527895
368,1.2087161403467785,-2.237092672614519,-1.9049216183717748,-1.0255386147114476,0.8804520095530344,2.637011094678,2.234254755058226,-3.117544682167553,1.7412525941298114,4.212236906012681
369,1.1955984222959941,-2.2748805725634487,-1.964921615501925,-1.042657580708813,0.8897579983503596,2.650441442122924,2.238256003004807,-3.1646385709138083,1.667822249554737,4.219758082593393
370,1.1802383952835942,-2.311813883809376,-2.024921612632075,-1.0596722818169868,0.8987080958116269,2.664363652799013,2.239910677100581,-3.210521979621003,1.5939000417484985,4.226720781658591
371,1.1626913383179531,-2.347759687345318,-2.0849216107786757,-1.0765810165800351,0.9072987220171839,2.678793114029098,2.239272354897988,-3.2550584093625017,1.519470582371813,4.233029267376409
372,1.1430204022489903,-2.382588616042175,-2.1449216089252765,-1.0933820941385743,0.9155264408310896,2.693745349540943,2.236402496387565,-3.298115056873265,1.4445183487133662,4.238595559143649
373,1.1212963812001198,-2.41617532337511,-2.2049216070718773,-1.1100738343988477,0.9233879612755189,2.709235938492216,2.231370215598967,-3.3395632846506293,1.3690277616154933,4.243339838302208
374,1.0975974581831613,-2.448398933474481,-2.264921605218478,-1.12665456820074,0.9308801388471135,2.7252804202598746,2.224252026383901,-3.3792790723215944,1.2929832817012334,4.247190823622418
375,1.0720089237239427,-2.4791434761484155,-2.324921603365079,-1.1431226374846875,0.9379999767747388,2.7418941835904724,2.21513156120863,-3.4171434529231544,1.2163695202240348,4.250086119250787
376,1.0446228696650794,-2.5082983034448287,-2.3849216014640806,-1.1594763954574863,0.9447446272181542,2.7590923387340904,2.204099265122566,-3.453042930662983,1.1391713669814152,4.251972536936915
377,1.0155378555161199,-2.5357584903260846,-2.444921599563082,-1.1757142067569655,0.9511113924071088,2.776889571263257,2.1912520622730853,-3.4868698827331936,1.0613741363532476,4.252806395410852
378,0.9848585559133234,-2.5614252097791144,-2.5049215976620838,-1.1918344476155285,0.9570977257204172,2.7952999764232915,2.176693003528852,-3.5185229354995315,0.9829637330942109,4.2525537950537675
379,0.9526953831985979,-2.5852060893364692,-2.5649215957610854,-1.2078355060225212,0.9627012327045702,2.814336873086924,2.160530889221119,-3.5479073220410395,0.9039268383315768,4.25119087058287
380,0.9191640900543253,-2.6070155435174325,-2.624921593860087,-1.2237157818854385,0.9679196720314864,2.834012596709942,2.1428798719397637,-3.574935215548919,0.8242511166095579,4.24870401936502
381,0.8843853529088119,-2.6267750818489435,-2.684921592208406,-1.2394736871899266,0.9727509563950139,2.8543382711218332,2.1238590400987385,-3.5995260382439573,0.7439254438493474,4.245090103662326
382,0.8484843376564875,-2.644413591320085,-2.744921590556725,-1.2551076461585875,0.9771931533458231,2.875323559550972,2.103591983815075,-3.6216067446659084,0.6629401570718887,4.240356624063493
383,0.8115902491767051,-2.6598675923475588,-2.804921588905044,-1.2706160954085512,0.9812444860643621,2.896976395989684,2.0822063445852566,-3.641112078411921,0.581287322284858,4.2345218596716885
384,0.7738358663398494,-2.6730814672190455,-2.864921587253363,-1.2859974841078177,0.9849033340715609,2.9193026988581225,2.059833350447667,-3.657984801290606,0.4989610210681006,4.227614970480976
385,0.7353570641468138,-2.684007660256898,-2.924921585601682,-1.3012502741303347,0.9881682338770005,2.9423060699269263,2.0366073382771486,-3.672175894133898,0.4159576516509773,4.2196760557831245
386,0.6962923337937857,-2.692606846971101,-2.984921585601682,-1.3163729402098099,0.9910378795642899,2.9659874825973085,2.0126652740035955,-3.6836447265353907,0.33227623898059555,4.21075616433712
387,0.6567822571751215,-2.6988480820482152,-3.0449215856016822,-1.3313639700922384,0.993511123313416,2.990344964890073,1.98814622726736,-3.6923592053616314,0.24791875668783092,4.200917237025011
388,0.6169690279008858,-2.7027089037816885,-3.1049215856016823,-1.3462218646871233,0.9955869758598548,3.01537328382298,1.9631908925880093,-3.6982958796415435,0.16289043775492384,4.190231997017124
389,0.5769959306033376,-2.704175417382467,3.118263721577904,-1.360945138217388,0.9972646068902659,3.0410636392016177,1.9379410688207257,-3.701440024272733,0.07720008237628617,4.178783757533889
390,0.5370068252669834,-2.7032423449852327,3.058263721577904,-1.3755323183679475,0.998543345374605,3.067403376135589,1.9125391436349308,-3.701785690359838,-0.009139654557685173,4.166666150122197
391,0.49714562041560206,-2.6999130438852723,2.9982637215779038,-1.389981946432944,0.9994226798345278,3.0943757267243446,1.8871275668485459,-3.6993357237198,-0.0961120051464408,4.153982759699717
392,0.4575557824432155,-2.694199496183698,2.9382637215779037,-1.4042925774616108,0.9999022585479752,3.1219595922240613,1.8618483599048263,-3.694101754731673,-0.18369587064615756,4.140846684252433
393,0.41837979201462977,-2.6861222644823446,2.8782637215779037,-1.4184627804027723,0.9999818896898556,-3.1330559296913743,1.836842572417402,-3.6861041541722,-0.2718656559103083,4.127379968710668
394,0.37975864039039503,-2.6757104180929736,2.8182637215779036,-1.432491138247941,0.9996615414087742,-3.1043304177311337,1.812249778638336,-3.6753719595017476,-0.3605911678705489,4.11371295683263
395,0.3418313220105198,-2.663001428419142,2.7582637215779036,-1.4463762481730242,0.9989413418397719,-3.0750839964195906,1.788207570183544,-3.661942770258914,-0.44983758918209205,4.099983539400423
396,0.30473434059293814,-2.648041036651699,2.6982637215779035,-1.460116721678599,0.9978215790530742,-3.045356048786323,1.7648510622715372,-3.6458626157047735,-0.5395655368153598,4.086336311797338
397,0.2686011987408199,-2.6308830818777036,2.6382637215779035,-1.4737111847287665,0.9963027009388654,-3.0151903723094278,1.7423123834695864,-3.627185782816569,-0.6297312132922546,4.072921622822204
398,0.233561936745722,-2.6115893142059745,2.5782637215779034,-1.4871582778885493,0.9943853150281404,-2.9846349301467145,1.7207202146342713,-3.605974629234115,-0.7202866554549683,4.059894573724498
399,0.19974265811296468,-2.5902291703653613,2.5182637215779033,-1.5004566564598378,0.992070188249698,-2.953741503402485,1.7001993145728025,-3.5822993586150593,-0.8111800821991979,4.0474139311126045
400,0.16726507572518762,-2.5668795238075024,2.4582637215779033,-1.5136049906158564,0.9893582466233818,-2.9225652469480483,1.680870066341044,-3.5562377704308843,-0.9023563386536342,4.035640992663862
401,0.13624606752733417,-2.5416244029322916,2.398263721838609,-1.5266019655341467,0.9862505748896836,-2.891164155538977,1.662848033061481,-3.527874977821975,-0.9937574298020007,4.024738410069096
402,0.10679727502072542,-2.5145547036376428,2.3382637220993145,-1.5394462815280487,0.9827484160758617,-2.859598451199729,1.646243556548774,-3.4973031197135045,-1.085323133880543,4.014869021969764
403,0.07902468205658479,-2.485767847608403,2.27826372236002,-1.5521366541766646,0.9788531709987472,-2.827929906773413,1.6311613362332493,-3.46462101860715,-1.1769916780461536,4.006194642998089
404,0.05302823997791357,-2.4553674364393037,2.218263722620726,-1.5646718144533056,0.9745663977044351,-2.7962211238571486,1.6177000544312192,-3.4299338341437386,-1.2687004607017123,3.998874895729482
405,0.02890150790259364,-2.423462878781099,2.1582637228814314,-1.57705050885239,0.9698898108450863,-2.7645347857899107,1.6059520167549837,-3.393352689626185,-1.3603867985082445,3.9930660648013547
406,0.006731316011597793,-2.390168996587572,2.0982637241298825,-1.5892714995147947,0.964825280993091,-2.732932907721797,1.5960028155263926,-3.354994277580663,-1.4519886753279065,3.9889199920589604
407,-0.013402546980033552,-2.3556056119003888,2.0382637253783336,-1.6013335643516353,0.9593748338928642,-2.7014761059532435,1.5879310173716017,-3.314980445793253,-1.5434454758480092,3.9865830241998137
408,-0.031427620910507895,-2.3198971155752712,1.9782637266267846,-1.613235497166481,0.9535406496505743,-2.6702229076755954,1.581807876255973,-3.2734377652258457,-1.6346986728772066,3.9861950167169082
409,-0.04727903498111827,-2.283172019633095,1.9182637278752357,-1.6249761077759686,0.9473250618621301,-2.639229120063048,1.5776970727948503,-3.2304970814952254,-1.7256924592413023,3.9878884025179167
410,-0.060899741221056805,-2.2455624947554087,1.8582637291236868,-1.6365542221288205,0.940730556679773,-2.608547274546721,1.5756544809077637,-3.1862930514351815,-1.8163743035091784,3.99178732690975
411,-0.07224071826118277,-2.207203899812386,1.7982637307113443,-1.6479686824232516,0.9337597718176508,-2.578226158302969,1.5757279641620687,-3.140963671630037,-1.906695418165273,3.998006856071463
412,-0.08126115269219387,-2.1682342792227094,1.7382637322990018,-1.6592183472227418,0.926415495496766,-2.54831044080868,1.577957194530548,-3.0946497747194757,-1.9966111340719044,4.006652238046361
413,-0.08792858069275623,-2.128793881530941,1.6782637338866593,-1.670302091570187,0.9187006653297247,-2.518840399062686,1.5823735108774306,-3.0474945468606656,-2.086081174230241,4.017818264500011
414,-0.09221900672329551,-2.089024649570743,1.6182637354743168,-1.681218807100389,0.9106183671457304,-2.4898517410274974,1.5889998003770935,-2.9996430167164734,-2.1750698306777725,4.031588689543985
415,-0.09411698988402281,-2.049069709623984,1.5582637370619743,-1.691967402150893,0.9021718337562933,-2.4613755232435177,1.5978504122668702,-2.951241543380277,-2.2635460468740938,4.04803573275661
416,-0.0946182802925793,-2.089066563727566,1.4982637382213895,-1.702546801871149,0.893364443662152,-2.4334381555791036,1.6079285215785697,-2.982431007389718,-2.351483413379093,4.124294253292614
417,-0.09751704022143466,-2.1289613857115253,1.4382637393808047,-1.7129559483300023,0.8841997197019128,-2.4060614838033527,1.6154389081085676,-3.013161105413438,-2.438860083995429,4.199621557035053
418,-0.10280283726553315,-2.1686105973035046,1.3782637405402198,-1.723193800621481,0.8746813276429652,-2.3792629391356055,1.620390963355948,-3.0432919249464696,-2.525658627503761,4.2739026798997415
419,-0.11045664826422678,-2.207871504163296,1.318263741699635,-1.7332593349688885,0.8648130747152218,-2.353055743107651,1.6228026867046617,-3.0726845788785178,-2.6118658223723004,4.3470360195574935
420,-0.12045092776410853,-2.2466028094283548,1.2582637428590502,-1.7431515448271764,0.8545989080882805,-2.327449155898217,1.6227006170630678,-3.101201717516635,-2.697472408422319,4.418932764768513
421,-0.1327497085739542,-2.2846651266278024,1.1982637436647432,-1.7528694409836028,0.8440429132926041,-2.3024487566599667,1.6201197324096486,-3.1287080399204066,-2.7824728068548765,4.489516328881382
422,-0.1473087272240401,-2.3219214680470355,1.1382637444704362,-1.7624120516566506,0.833149312585366,-2.278056745137869,1.6151033244326105,-3.1550707806324017,-2.866864817571281,4.558721779361145
423,-0.16407558697048605,-2.358237751092565,1.0782637452761292,-1.7717784225932054,0.8219224632616022,-2.2542722549523493,1.6077028356227194,-3.180160214354167,-2.9506493069511075,4.626495296576181
424,-0.18298994522586062,-2.3934832763658154,1.0182637460818222,-1.780967617163977,0.8103668559113548,-2.2310916701770687,1.5979776719381165,-3.20385013227717,-3.0338298909206953,4.692793636752961
425,-0.20398373072732787,-2.4275311980398087,0.9582637468875151,-1.789978716457167,0.7984871126234903,-2.208508938179551,1.5859949857298392,-3.226018310663299,-3.11641262211252,4.757583616370532
426,-0.22698138851967875,-2.4602589803671515,0.8982637468875152,-1.7988108193703554,0.7862879851369292,-2.186515873031657,1.5718294308506766,-3.2465469655040806,3.084779619919172,4.746217468930474
427,-0.25190015189678305,-2.491548838656314,0.8382637468875151,-1.8074630427006113,0.7737743529400123,-2.165102445073569,1.5555628908038281,-3.2653231915963263,3.003366191961084,4.701310448783148
428,-0.27865034021951846,-2.5212881632064477,0.7782637468875151,-1.8159345212328108,0.7609512213187744,-2.144257053386,1.5372841810132925,-3.282239384525222,2.9225208002735155,4.655906556037563
429,-0.30713568169665983,-2.5493699245637886,0.718263746887515,-1.8242244078261607,0.7478237193548899,-2.123966778963472,1.5170887261295007,-3.2971936439186784,2.8422305258509875,4.609915236804918
430,-0.33725365985936684,-2.5756930587121136,0.658263746887515,-1.8323318734989098,0.7343970978741133,-2.104217617273643,1.4950782136395429,-3.310090156586227,2.7624813641611583,4.563250924173065
431,-0.3688958825097671,-2.600162830794062,0.5982637468875149,-1.840256107511248,0.7206767273460168,-2.084994689631238,1.4713602250014808,-3.320839558140079,2.683258436518753,4.515833491147948
432,-0.4019484718158191,-2.6226911760543214,0.5382637468875149,-1.8479963174463758,0.7066680957358779,-2.0662824334160166,1.4460478456305568,-3.3293592717901994,2.6045461803035312,4.467588649130743
433,-0.4362924741485341,-2.643197016777649,0.4782637468875149,-1.855551729289751,0.6923768063095604,-2.048064771633234,1.4192592551412169,-3.335573823087209,2.526328518520749,4.41844829618497
434,-0.4718042881865862,-2.6616065540810903,0.4182637468875149,-1.862921587506485,0.6778085753922868,-2.030325262666764,1.3911172993198988,-3.339415129473377,2.448589009554279,4.368350819832673
435,-0.5083561097475955,-2.6778535335102682,0.3582637468875149,-1.8701051551168988,0.662969230082182,-2.0130472313250416,1.3617490453693033,-3.3408227635924503,2.3713109782125565,4.317241359443909
436,-0.5458163917451728,-2.69187948348387,0.2982637468875149,-1.8771017137702157,0.6478647059195176,-1.996213882444517,1.331285322025043,-3.3397441894033877,2.294477629332032,4.265072033482923
437,-0.5840503176163769,-2.703633925728199,0.2382637468875149,-1.883910563816402,0.6325010445125663,-1.9798083984096402,1.299860246200025,-3.3361349702407654,2.218072145297155,4.211802136978619
438,-0.6229202865157567,-2.71307455694445,0.1782637468875149,-1.8905310243761266,0.6168843911210447,-1.963814021986842,1.26761073786037,-3.3299589480654945,2.142077768874357,4.157398314624918
439,-0.6622864085298035,-2.7201674010549026,0.1182637468875149,-1.8969624334088513,0.6010209921980904,-1.9482141258648502,1.2346760248790478,-3.321188393252993,2.066477872752365,4.101834714912909
440,-0.702007008129577,-2.724886931480112,0.0582637468875149,-1.9032041477790322,0.5849171928917617,-1.9329922702561362,1.2011971396494552,-3.3098041243718734,1.991256017143651,4.045093130673495
441,-0.7419391299207492,-2.727216162766192,-0.0017362531124850977,-1.9092555433204328,0.5685794345070697,-1.9181322498532611,1.1673164133996836,-3.2957955972732615,1.916395996740776,3.987163132394032
442,-0.7819390654933862,-2.7271467126837674,-0.061736253112485096,-1.9151160148985422,0.5520142519295328,-1.9036181313569873,1.133176949405156,-3.2791609646133004,1.8418818782445023,3.928042194772391
443,-0.8218628582741734,-2.7246788311781374,-0.1217362531124851,-1.9207849764710867,0.5352282710113162,-1.8894342827063793,1.0989221181969133,-3.2599071021894535,1.7676980295938942,3.8677358312839525
444,-0.8615668257216222,-2.7198213999577305,-0.1817362531124851,-1.9262618611466333,0.5182282059209752,-1.8755653950493394,1.064695035425011,-3.2380496058787056,1.6938291419368543,3.806257733084354
445,-0.9009080764280616,-2.7125919005295436,-0.2417362531124851,-1.9315461212412777,0.5010208564578846,-1.8619964983989576,1.030638044813216,-3.213612756987428,1.6202602452864725,3.7436299221136333
446,-0.9397450283900316,-2.703016350294511,-0.3017362531124851,-1.9366372283334143,0.4836131053324,-1.8487129718292505,0.9968921999433827,-3.1866294556269112,1.5469767187167656,3.6798829212393036
447,-0.97793790645157,-2.6911292116406353,-0.3617362531124851,-1.9415346733165766,0.4660119154128712,-1.8357005489754596,0.9635967668650066,-3.1571411270535066,1.4739642958629746,3.615055956790187
448,-1.0153492574950138,-2.6769732654305014,-0.4217362531124851,-1.9462379664503477,0.44822432694058495,-1.8229453195202048,0.9308887089553339,-3.1251975923710864,1.4012090664077197,3.5491971807164724
449,-1.051844441056018,-2.6605994577838783,-0.4817362531124851,-1.950746637409333,0.4302574547137687,-1.810433727268505,0.898902196353315,-3.090856912497647,1.3286974741560198,3.482363937036433
450,-1.0872921138838312,-2.642066716726703,-0.5417362531124851,-1.955060235330194,0.41211848524175654,-1.7981525653422639,0.8677681214463628,-3.0541852019684597,1.2564163122297787,3.4146230699974405
451,-1.1215647018241461,-2.621441740601889,-0.601736253112485,-1.9591783288567337,0.39381467387048763,-1.7860889689586406,0.8376136270325876,-3.015256414472377,1.1843527158461555,3.346051283040902
452,-1.1545388614091585,-2.5987987566126285,-0.6617362531124851,-1.9631005061830311,0.37535334188046116,-1.7742304061965488,0.8085616447738726,-2.97415209849309,1.1124941530840637,3.27673555219467
453,-1.1860959212721816,-2.574219255049795,-0.7217362531124851,-1.9668263750946215,0.3567418735583286,-1.7625646671013775,0.78073045382244,-2.9309611286081236,1.0408284139888924,3.2067736069614003
454,-1.2161223100752434,-2.5477916955763376,-0.7817362531124852,-1.970355563007719,0.33798771324326765,-1.7510798514294241,0.7542332529324756,-2.885779408819605,0.969343598316939,3.1362744790267265
455,-1.2445099652432619,-2.5196111888680215,-0.8417362531124852,-1.973687717006473,0.3190983623493521,-1.7397643552903157,0.7291777517632112,-2.8387095512173737,0.8980281021778305,3.065359127759798
456,-1.2711567225031848,-2.4897791536117615,-0.9017362531124853,-1.9768225038782612,0.3000813763650833,-1.7286068569072703,0.7056657813750764,-2.7898605299768446,0.826870603794785,2.9941611458213684
457,-1.2959666816321609,-2.4584029535866065,-0.9617362531124853,-1.9797596101470079,0.2809443618313017,-1.7175963016812124,0.683792928514847,-2.739347315417908,0.755860048568727,2.9228275516349798
458,-1.3188505535688664,-2.4255955092304173,-1.0217362531124854,-1.982498742104534,0.2616949732986626,-1.706721886714927,0.6636481885356675,-2.6872904825290798,0.6849856336024416,2.85151966044069
459,-1.3397259810859452,-2.3914748919150877,-1.0817362531124854,-1.9850396258399263,0.2423409102659238,-1.6959730449273882,0.6453136447539811,-2.6338158021810116,0.6142367918149028,2.780414036855507
460,-1.3585178351870926,-2.356163899017108,-1.1417362531124855,-1.987382007266929,0.22288991410024592,-1.6853394288655676,0.6288641720798365,-2.579053813117354,0.5436031757530821,2.7097035134068927
461,-1.3751584854903114,-2.319789611979614,-1.2017362531124856,-1.9895256521493512,0.20334976494075557,-1.6748108943012632,0.6143671666590398,-2.5231393769203696,0.4730746411887776,2.6395982548430847
462,-1.3895880436242558,-2.2824829389564254,-1.2617362531124856,-1.9914703461244907,0.183728278586583,-1.6643774836832836,0.6018823025002349,-2.4662112175430084,0.40264123057079804,2.5703268345005306
463,-1.4017545787616965,-2.244378143684053,-1.3217362531124857,-1.993215894724571,0.16403330337065347,-1.6540294095005519,0.5914613159628745,-2.4084114470547062,0.3322931563880662,2.50213727208701
464,-1.41161430451442,-2.2056123622772366,-1.3817362531124857,-1.9947621233961865,0.14427271702045727,-1.6437570375989194,0.5831478188817665,-2.3498850792976937,0.26202078448643373,2.435297960430176
465,-1.4191317365169427,-2.1663251096870204,-1.4417362531124858,-1.996108877517759,0.12445442350706172,-1.6335508704836228,0.5769771410008162,-2.2907795331940823,0.19181461737113703,2.3700983815815766
466,-1.4242798138155217,-2.126657826266994,-1.501736245375556,-1.9972560224149978,0.10458634988363526,-1.6234015306300522,0.5729762085994761,-2.2312441761506294,0.12166528525449616,2.30684952930684
467,-1.4270400184233103,-2.086753223220228,-1.5617362376386263,-1.9982034433743696,0.08467644311472142,-1.613299743817685,0.5711634249510593,-2.1714296663349493,0.051563506179058693,2.2458836232117663
468,-1.4274024165869446,-2.0467549139888637,-1.6217362299016966,-1.998951045654568,0.06473266689756589,-1.6032363224955564,0.5715486290676235,-2.1114875808864295,-0.01849990740614027,2.187553401908338
469,-1.4253657040647147,-2.0068068492560305,-1.681736222164767,-1.999498754495988,0.04476299847674028,-1.5932021491822361,0.5741330504312732,-2.051569847732771,-0.0885340729825308,2.132230260033531
470,-1.4209372108204257,-1.9670527988789666,-1.7417362144278372,-1.9998465151282017,0.024775425453357765,-1.5831881598989876,0.578909304307776,-1.9918282243323244,-0.15854805452884957,2.0803012145975055
471,-1.4141328662949315,-1.9276357861106406,-1.7640944602127373,-1.999994292775436,0.0047779425901285115,-1.5731853276313745,0.5858614264805044,-1.932413728700769,-0.19090913258136277,2.0282758014658535
472,-1.4064490005782795,-1.8883807455725332,-1.7864527059976374,-1.999942072660049,-0.015221451386431743,-1.5631846458120962,0.5934930720817695,-1.8731592941861015,-0.22326806018554124,1.9775763941511448
473,-1.397889454606966,-1.8493072996947382,-1.8088109517825375,-1.9996898600040087,-0.03521475698538918,-1.5531771118160986,0.6018004053970427,-1.814092542709349,-0.25563383996643885,1.9283267725117814
474,-1.3884585070440663,-1.8104349801335666,-1.8311691975674376,-1.9992376800283709,-0.05519397715107451,-1.5431537104581057,0.6107791729843046,-1.755241002982492,-0.2880154871093319,1.8806581554118764
475,-1.3781608721404568,-1.7717832180082513,-1.8535274433523377,-1.998585577950756,-0.0751511204618093,-1.5331053974825013,0.6204247058102992,-1.696632097546442,-0.32042204586983636,1.8347091261243693
476,-1.3670017319160566,-1.733371453073061,-1.8129996173304281,-1.9977336189808284,-0.09507820432636097,-1.5230230830361118,0.6307318870647718,-1.6382932487467001,-0.28997653429431636,1.7793015125859495
477,-1.3574080741086048,-1.6945390976737595,-1.7724717913085186,-1.9966818883137751,-0.11496725817687632,-1.5128976151157174,0.6392738142051704,-1.5795718394968832,-0.2595741761928012,1.723687024551199
478,-1.3493956541892551,-1.6553499254061528,-1.731943965286609,-1.9954304911217866,-0.1348103266569955,-1.5027197629842826,0.6460348369325315,-1.5205395987491572,-0.22922420230232654,1.6679164897607517
479,-1.3429776307939982,-1.6158682958592092,-1.6914161392646996,-1.993979552543539,-0.15459947280389894,-1.4924802005528235,0.6510019217495409,-1.4612688230553104,-0.1989359387118761,1.6120439147449497
480,-1.3381645441134993,-1.5761590489186017,-1.65088831324279,-1.9923292176716814,-0.17432678122297965,-1.4821694897287272,0.6541646735581821,-1.401832267695622,-0.16871882351406287,1.5561269769180477
481,-1.3349642886783328,-1.5362872748779388,-1.6267449882063871,-1.9904796515383252,-0.19398436125389898,-1.4717780637361624,0.6555153628599923,-1.3423029136240399,-0.15496692447022475,1.501829634329012
482,-1.3327275095954776,-1.496349863603114,-1.6026016631699842,-1.9884310390985427,-0.21356435012673866,-1.4612962104201923,0.6557035295030651,-1.2827855134763755,-0.1413054527497919,1.4475679684092382
483,-1.3314555106204509,-1.456370093486122,-1.5784583381335813,-1.9861835852118708,-0.2330589161070144,-1.450714055553347,0.6547280745914199,-1.2233111773791074,-0.12774428258023418,1.3933691865728854
484,-1.3311490331656228,-1.416371267608733,-1.5543150130971783,-1.9837375146218252,-0.25246026162825813,-1.4400215461719812,0.6525884814562024,-1.163911005980475,-0.11429346692519715,1.3392623165584756
485,-1.3318082558680686,-1.3763767001597833,-1.5301716880607754,-1.9810930719334263,-0.2717606264109441,-1.4292084339797944,0.6492848160653577,-1.104616073748839,-0.10096325408098106,1.2852785773644353
486,-1.3334327944854452,-1.3364097028459914,-1.5152683905514717,-1.9782505215887396,-0.2909522905664908,-1.4182642588677388,0.6448177271032944,-1.0454574122795006,-0.0970041316837329,1.2321448387428011
487,-1.3356527706967596,-1.2964713540365926,-1.500365093042168,-1.9752101478404307,-0.31002757768512307,-1.4071783326133003,0.6395573771436711,-0.9864437763514695,-0.09318676042886764,1.1793170629142389
488,-1.3384676914360476,-1.2565705242052279,-1.4854617955328642,-1.9719722547233407,-0.32897885790632714,-1.3959397228381787,0.6335045632872931,-0.9275916662989008,-0.08952207269468548,1.126840065223343
489,-1.341876931497687,-1.2167160754924164,-1.4705584980235604,-1.9685371660240831,-0.347798550970695,-1.384537237321871,0.6266602345263961,-0.8689175245217214,-0.08602126070168947,1.0747652633251328
490,-1.3458797336752584,-1.1769168597372381,-1.4556552005142567,-1.964905225248665,-0.36647912925192844,-1.372959408789994,0.6190254915734066,-0.8104377304853096,-0.08269579172426278,1.0231522214122295
491,-1.3504751626665512,-1.137182116529512,-1.4420853957548465,-1.9610767955881379,-0.38501312076778266,-1.3611944803206513,0.6106016329215866,-0.7521689957617292,-0.08089091543419524,0.9721809978144493
492,-1.3556093447239637,-1.097513388795952,-1.4285155909954363,-1.957052259882277,-0.4033931121687696,-1.3492303915401058,0.6014429151583134,-0.6941202766271825,-0.07928519945533052,0.9218582762397906
493,-1.3612813344557664,-1.057917981008176,-1.4149457862360262,-1.9528320205812995,-0.42161175170339216,-1.337054765810933,0.5915506861255331,-0.6363062293047839,-0.0778910204250931,0.8722871332138996
494,-1.3674900874400588,-1.0184031841369026,-1.401375981476616,-1.9484164997056181,-0.43966175215875003,-1.3246548986519633,0.5809264122655593,-0.5787414319781525,-0.07672108282465273,0.8235916865204774
495,-1.374234460417086,-0.9789762743094167,-1.3878061767172059,-1.9438061388036416,-0.4575358937753214,-1.3120177476702315,0.5695716783865556,-0.5214403805340952,-0.07578842904697436,0.7759225819945108
496,-1.3815132847765073,-0.9396441155084471,-1.3739498978561064,-1.9390013989076176,-0.47522702713477977,-1.2991299243311092,0.5574881141311103,-0.4644170883736673,-0.07481997352499725,0.7294342038931393
497,-1.3893363903139677,-0.9004165866575271,-1.360093618995007,-1.934002760487532,-0.4927280760196602,-1.2859776879442872,0.5446663701735643,-0.40768851063786693,-0.07411593105071979,0.6843716444591224
498,-1.397702275044899,-0.8613012191829811,-1.3462373401339076,-1.928810723403061,-0.5100320402437544,-1.272546942300503,0.5311084483581618,-0.3512691789392267,-0.0736903978334047,0.6410120862533703
499,-1.4066093327747147,-0.8223055229768902,-1.3323810612728082,-1.9234258068535868,-0.527131998452086,-1.2588232354572375,0.5168164740788721,-0.29517352452480417,-0.07355782581557069,0.5996977832195367
500,-1.416055853407188,-0.7834369849552427,-1.3185247824117088,-1.917848549326277,-0.5440211108893698,-1.2447917632410141,0.5017926959190888,-0.23941587406587295,-0.07373301917069464,0.5608497379410096
501,-1.4260400232727803,-0.7447030676204959,-1.303888223506048,-1.9120795085422362,-0.5606926221358159,-1.2304373771094976,0.48603948526945584,-0.18401044548467993,-0.07345084639655042,0.524870700387093
502,-1.4365900347295786,-0.7061194278458268,-1.2892516646003873,-1.906119261400735,-0.5771398638092112,-1.2157445970978271,0.4695292266711564,-0.1289795640366156,-0.0735070675025602,0.4924395512246305
503,-1.4477036277010398,-0.6676943312127057,-1.2746151056947266,-1.8999684039215217,-0.5933562572321769,-1.200697630660021,0.4522647762204819,-0.07433807398052883,-0.07391747503470558,0.46425571635511764
504,-1.4593784213773524,-0.6294360093386934,-1.2599785467890658,-1.8936275511852179,-0.6093353160635608,-1.1852803983066504,0.43424912980786545,-0.02010069327513253,-0.0746981484824154,0.44108520491593267
505,-1.471611914725466,-0.5913526581140223,-1.245341987883405,-1.8870973372718132,-0.625070648892882,-1.16947656703277,0.4154854225463471,0.03371799077885973,-0.07586542085063508,0.42369871528188974
506,-1.4752370275050548,-0.580610111255164,-1.2293672118077472,-1.8803784151972567,-0.6405559617968117,-1.153269592622839,0.40514138769220187,0.059945850541647694,-0.07609761918490832,0.41656199618296424
507,-1.4790332802236206,-0.5699268429829413,-1.2133924357320893,-1.8734714568481579,-0.6557850608566534,-1.136642772009011,0.3944381766245373,0.08585821787371217,-0.07674966372307823,0.41090585252213807
508,-1.4829997041228586,-0.559305579539685,-1.1974176596564314,-1.8663771529145952,-0.6707518546358369,-1.119579306941384,0.3833774487917365,0.1114462750961519,-0.07783835271504747,0.40676448914360736
509,-1.4871352870188137,-0.5487490313448352,-1.1814428835807735,-1.8590962128210502,-0.6854503566164047,-1.1020623802982807,0.3719609258022365,0.13670132527156953,-0.0793805032824928,0.40415770060218104
510,-1.4914389735601767,-0.5382598923032745,-1.1654681075051156,-1.8516293646554642,-0.6998746875935437,-1.0840752464144137,0.3601903910952875,0.16161479529026912,-0.08139286109070198,0.403089639820502
511,-1.4869261310694584,-0.5487771783489874,-1.1471452534530369,-1.8439773550964327,-0.7140190780271819,-1.06560133682667,0.3570512240269743,0.16524189967819447,-0.08154391662636695,0.4017958092454263
512,-1.4822213501844237,-0.5592100154481274,-1.128822399400958,-1.836140949338534,-0.7278778703497366,-1.0466243828210473,0.3539195991541102,0.16866785490160918,-0.08219801657991077,0.4005801316493213
513,-1.4773262103827636,-0.5695549011137876,-1.1104995453488793,-1.828120931015814,-0.7414455212290605,-1.0271285560983872,0.3507947206330504,0.1718906201152729,-0.08337098925049213,0.399442164970398
514,-1.4722423550490051,-0.5798083623859042,-1.0921766912968005,-1.8199181021234212,-0.754716603785701,-1.007098628747356,0.34767574707441606,0.17490824139979688,-0.0850780625494445,0.39838372800666716
515,-1.4669714909227987,-0.5899669569971902,-1.0738538372447217,-1.811533282937409,-0.7676858097635824,-0.9865201535059736,0.34456179201461024,0.1777188527663922,-0.08733368373874817,0.39740909836125016
516,-1.4631533750430994,-0.5970070468430326,-1.052517114601385,-1.8029673119327096,-0.7803479516532316,-0.9653796649918884,0.33981393688961026,0.18334090481019893,-0.08713744960949654,0.39582866774083714
517,-1.4591859271928287,-0.6039640743306691,-1.0311803919580482,-1.7942210456992849,-0.79269796476672,-0.9436649021705272,0.3350351185064562,0.18873389043605093,-0.087515489787521,0.39437035003219006
518,-1.455070953506844,-0.6108348723536065,-1.0098436693147115,-1.7852953588564693,-0.804730909263467,-0.9213650517940357,0.33022440534962527,0.19389603690986057,-0.08847861752067576,0.3930296385468069
519,-1.4508103272794368,-0.6176163130603204,-0.9885069466713748,-1.7761911439655085,-0.8164419721261122,-0.8984710118695688,0.32538081668607166,0.19882565906579186,-0.09003593480180605,0.3918045279547909
520,-1.4464059881115379,-0.6243053092781738,-0.9671702240280382,-1.7669093114403063,-0.8278264690856536,-0.8749756733946423,0.3205033233287684,0.20352115980747976,-0.09219455063339588,0.3906956333524353
521,-1.442643546635789,-0.6297622881431252,-0.9428829925950789,-1.7574507894563798,-0.8388798464951001,-0.8508742176279203,0.3148072428205908,0.20911755835197487,-0.09200877496715865,0.38897219439742897
522,-1.4387496929011554,-0.6351262873306943,-0.9185957611621196,-1.7478165238580448,-0.8495976831508637,-0.8261644250538847,0.30906683095688936,0.21447139582016939,-0.09243133610823495,0.3873807397348759
523,-1.4347267236607217,-0.6403941429362976,-0.8943085297291603,-1.7380074780638322,-0.8599756920611862,-0.8008469909691761,0.3032807544031104,0.2195815491248886,-0.0934615387599842,0.3859149283647753
524,-1.4305770118251417,-0.645562747764741,-0.870021298296201,-1.7280246329701487,-0.8700097221608728,-0.7749258413027453,0.297447621145007,0.22444697439613182,-0.09509545699345567,0.3845707705757104
525,-1.4263030050629995,-0.65062905316297,-0.8457340668632417,-1.717868986853184,-0.8796957599716702,-0.7484084409343449,0.29156598179018456,0.22906670680870012,-0.09732562592889682,0.3833465212675195
526,-1.4229004428145828,-0.6544691381255725,-0.818586209435888,-1.7075415552690867,-0.8890299312075991,-0.721306085468987,0.28464111245450385,0.2345607930820266,-0.097280123966901,0.38144822855745764
527,-1.4193948970697796,-0.658215447163205,-0.7914383520085343,-1.6970433709524082,-0.8980085023246204,-0.6936341662499572,0.2776484738826286,0.23979305516141536,-0.09780418575857708,0.3796775514892822
528,-1.4157889512787338,-0.6618652193925906,-0.7642904945811806,-1.6863754837128333,-0.9066278820139979,-0.6654123974581106,0.27058653243409947,0.24476266262140733,-0.09887809712306994,0.37802474871218433
529,-1.412085262882498,-0.6654157650743053,-0.7371426371538269,-1.6755389603301956,-0.9148846226387805,-0.6366649935694167,0.26345369744769753,0.24946885756447512,-0.10047764358441014,0.3764814981558364
530,-1.408286561354603,-0.6688644675950111,-0.7099947797264732,-1.6645348844478025,-0.9227754216128066,-0.6074207853483693,0.25624832309319956,0.2539109540177955,-0.10257399437810388,0.37504053111761554
531,-1.4053497784411768,-0.6713886900356878,-0.6804816547025616,-1.6533643564640714,-0.9302971227216964,-0.5777132630548064,0.24801457802289462,0.2589084326860086,-0.1027683916477552,0.3729693683798528
532,-1.4023397875618577,-0.6738251521669396,-0.65096852967865,-1.642028493422494,-0.9374467173852932,-0.5475805367263731,0.2396887058606363,0.26362156521835356,-0.10338799295227696,0.370993372517652
533,-1.399259210302296,-0.6761717319244758,-0.6214554046547385,-1.6305284288999269,-0.9442213458610588,-0.5170652053199697,0.23126921859763083,0.268049613936583,-0.10439019933476879,0.36909803673206215
534,-1.396110729726149,-0.6784263855280771,-0.5919422796308269,-1.6188653128932389,-0.95061829838793,-0.48621412915210704,0.22275458316708985,0.2721919128598529,-0.10572815047871986,0.3672689526108905
535,-1.392897088038237,-0.6805871492616494,-0.5624291546069153,-1.6070403117043106,-0.9566350162701883,-0.4550781034039326,0.21414322366607363,0.2760478670085389,-0.10735105120298272,0.36549144082515456
536,-1.3903000323392187,-0.6822241739105064,-0.5315315177187359,-1.5950546078234087,-0.9622690929009017,-0.4237114343156453,0.20475457548418996,0.2800449189903953,-0.10782008340309057,0.36328330985485324
537,-1.3876536440536145,-0.6837801871002273,-0.5006338808305564,-1.582909399810932,-0.9675182747245379,-0.3921714238816628,0.19525575575731757,0.28373808762431063,-0.10846245694889356,0.3611041637705841
538,-1.3849604493919756,-0.6852537034792635,-0.4697362439423769,-1.5706059021775611,-0.972380462138356,-0.3605177731102454,0.18564545278558553,0.28712675865909254,-0.10921847083213149,0.35893548730788793
539,-1.382223019245659,-0.6866433164465339,-0.4388386070541974,-1.5581453452628062,-0.9768537103322188,-0.32881191793031006,0.1759223260171472,0.2902103938856849,-0.11002668912388736,0.35675847548465106
540,-1.3794439667326857,-0.6879476994941486,-0.40794097016601794,-1.5455289751119743,-0.9809362300664917,-0.29711631530754834,0.16608500837928863,0.2929885305723431,-0.1108246548584696,0.3545541047284435
541,-1.3767287543503988,-0.6891211746451615,-0.3770105533167333,-1.5327580533515686,-0.9846263883877127,-0.265493699789787,0.1560292990011698,0.2955052137425511,-0.11151685352694629,0.3522846606316796
542,-1.3739785503852606,-0.6902101192539948,-0.3460801364674486,-1.519833857063122,-0.9879227092817555,-0.23400633231352022,0.1458553066778614,0.29771259002776074,-0.1120738041539284,0.34995298873514946
543,-1.371195985722035,-0.6912134916205357,-0.31514971961816396,-1.506757678655493,-0.9908238742642128,-0.20271526353027572,0.135561692933458,0.2996103826436771,-0.11243445608788824,0.34754116431676846
544,-1.3683837222021966,-0.6921303319043124,-0.2842193027688793,-1.4935308257356246,-0.9933287229077735,-0.17167963311530354,0.12514710353342795,0.30119839100346113,-0.11253966965357576,0.34503252819352603
545,-1.3655444500775742,-0.6929597630426908,-0.25328888591959464,-1.4801546209777887,-0.9954362533063774,-0.1409560245718928,0.11461017090021453,0.3024764902636866,-0.11233286134770185,0.34241231019718976
546,-1.3620028185852586,-0.6938765079725537,-0.22374618836152715,-1.466630401991313,-0.997145622475965,-0.11059789210988624,0.10462758340605438,0.3032691145034113,-0.11314829625164091,0.34017881175305903
547,-1.358435653318319,-0.6946882387481998,-0.19420349080345967,-1.452959521186826,-0.99845614669166,-0.08065507250195922,0.09452386786850697,0.3037679079434602,-0.11354841830150045,0.3377912769624787
548,-1.35484606736865,-0.6953942469660904,-0.16466079324539218,-1.439143345641015,-0.9993673017612495,-0.05117339069845843,0.084297278272365,0.3039730547951591,-0.11348740254693375,0.3352387801291478
549,-1.351237193394844,-0.6959939164875563,-0.1351180956873247,-1.425183256959923,-0.9998787232348542,-0.022194363718999813,0.07394606356507905,0.3038848067472979,-0.11292373196832488,0.3325143084594517
550,-1.3476121808882966,-0.6964867239765064,-0.10557539812925722,-1.4110806511407838,-0.9999902065507035,0.006244996773392763,0.06346847025248725,0.3035034825741971,-0.11182039490264999,0.3296155508574215
551,-1.3425337731639646,-0.6970248798391548,-0.07856949713208262,-1.396836938432427,-0.9997017071169574,0.03411228652508152,0.05430316526846246,0.30267682727780254,-0.11268178365716414,0.327504625764722
552,-1.337442685598481,-0.6974257091639737,-0.05156359613490803,-1.3824535431942528,-0.9990133403295429,0.061379721814441665,0.04501085759577195,0.3015876311655692,-0.1129433179493497,0.32517267665499533
553,-1.3323426309914932,-0.6976889196364119,-0.02455769513773344,-1.3679319037538011,-0.9979253815259969,0.08802407252366619,0.035589272762307944,0.30023646188958497,-0.11258176766139963,0.3226192551499236
554,-1.3272373286820827,-0.6978143193038194,0.002448205859441152,-1.3532734722629136,-0.9964382658753348,0.11402652573356668,0.02603614358083095,0.29862394657151536,-0.11157831987412553,0.31984975176548375
555,-1.3221305018363456,-0.6978018167154335,0.029454106856615744,-1.338479714552524,-0.9945525882039893,0.13937249138381436,0.016349212716178396,0.2967507714885558,-0.10991838452719861,0.3168759511110949
556,-1.3150410246931392,-0.6975929420919355,0.053246450066211516,-1.3235521099860739,-0.9922691027578862,0.16405136184929442,0.00851108529293465,0.2946761606659507,-0.11080491178308291,0.31493524209422097
557,-1.3079585231931554,-0.6972154672250699,0.07703879327580729,-1.3084921513115828,-0.9895887229007583,0.18805623702960433,0.0005336281184273872,0.2923732556756884,-0.11101744375379705,0.312741551781975
558,-1.300887006378524,-0.6966696057840671,0.10083113648540307,-1.293301344512367,-0.9865125207488105,0.21138362585071127,-0.007585661866157167,0.28984291496474335,-0.1105524893653082,0.3103035780104279
559,-1.2938304770735058,-0.6959556667531912,0.12462347969499885,-1.2779812086564475,-0.9830417267418881,0.234033134057412,-0.01584926841705836,0.28708605998869685,-0.10940965436241315,0.30763627487162876
560,-1.2867929296186986,-0.6950740542568399,0.14841582290459462,-1.2625332757446417,-0.979177729151317,0.25600714694934407,-0.02425965387405693,0.2841036748944771,-0.10759132404474944,0.30476108987916756
561,-1.2775286501150553,-0.6936889032655614,0.16879250647745708,-1.2469590905573706,-0.9749220735246148,0.2773105143849678,-0.0305695595576847,0.28123317025905337,-0.1085180079075107,0.30298968970201456
562,-1.2682945166823527,-0.6921152775993671,0.18916919005031957,-1.2312602105001726,-0.97027646206729,0.2979502440332553,-0.037034306182180066,0.27816118446792293,-0.10878105398293575,0.3009626257272349
563,-1.2590943632853935,-0.690353830619556,0.20954587362318206,-1.2154382054479715,-0.9652427529619856,0.3179352075580311,-0.04365615783742194,0.27488892234242956,-0.10838933393484906,0.29869386912782186
564,-1.2499320097806446,-0.688405293669873,0.22992255719604454,-1.1994946575880876,-0.9598229596252282,0.3372758632229733,-0.05043735219255696,0.2714176659553552,-0.10735330602692877,0.2962029847988711
565,-1.2408112603302515,-0.6862704757728578,0.250299240768907,-1.1834311612620187,-0.954019249902089,0.35598399733641756,-0.057380099068232715,0.26774877412923115,-0.10568475656751053,0.2935151607456082
566,-1.2294467664680875,-0.6833650213543662,0.267408024205162,-1.1672493228060146,-0.9478339451990766,0.3740724860305142,-0.062197443662072915,0.26446892384471044,-0.10666446182535216,0.29187264533383045
567,-1.2181336421839446,-0.6802655689748909,0.284516807641417,-1.1509507603904343,-0.9412695195556019,0.39155507809344553,-0.06718288179351029,0.261003950580711,-0.10703827045202852,0.2899892983649235
568,-1.2068751988669826,-0.6769730258544672,0.301625591077672,-1.1345371038579373,-0.9343285986543979,0.4084461989420335,-0.07233809500904531,0.2573555727999307,-0.10682060786436148,0.2878807619574983
569,-1.1956747319010597,-0.6734883557314331,0.318734374513927,-1.1180099945604975,-0.92701395877128,0.4247607753253133,-0.07766473734056212,0.25352560303984695,-0.10602640081138631,0.28556722587144573
570,-1.1845355197001632,-0.6698125785803403,0.335843157950182,-1.1013710851952752,-0.9193285256646756,0.4405140799735253,-0.08316443450488809,0.24951594708433533,-0.10467092202334333,0.28307337022957046
571,-1.1712729909317119,-0.6651830710119839,0.35002153218162924,-1.0846220396393396,-0.9112753734053558,0.4557215951360275,-0.08665095129237232,0.24609230239337188,-0.10570006295439827,0.2815001100634023
572,-1.158077431891088,-0.6603659939662145,0.3641999064130765,-1.0677645327832885,-0.90285772314685,0.470398893769609,-0.0903128991077995,0.24249172918063544,-0.10619898735653249,0.27970856865999505
573,-1.1449514951882096,-0.6553623157859653,0.3783782806445237,-1.0508002503637583,-0.894078941837027,0.48456153703014543,-0.09415124482445125,0.2387166260510617,-0.1061832563856217,0.2777138246322117
574,-1.1318978194373088,-0.6501730423252761,0.39255665487597097,-1.0337308887948575,-0.8849425408713637,0.498224986670857,-0.0981669306424513,0.23476949854608764,-0.10566833179488605,0.2755344988629471
575,-1.1189190287265092,-0.6447992167470933,0.4067350291074182,-1.0165581549985165,-0.8754521746884284,0.5114045309468265,-0.10236087372799263,0.2306529579413351,-0.10466950183940826,0.27319267942746056
576,-1.1039964744987922,-0.6383712525935754,0.4183983176719983,-0.9992837662338049,-0.865611639308158,0.5241152226565137,-0.10471270826498735,0.22724038671458258,-0.10571690498451536,0.2716229162384618
577,-1.0891499047353232,-0.6317696835303516,0.4300616062365784,-0.9819094499252019,-0.8554248708134978,0.5363718280074358,-0.10724045481012134,0.22365518728314626,-0.10631022177085736,0.2698592618375545
578,-1.0743813390262422,-0.6249954075738658,0.4417248948011585,-0.9644369434898631,-0.8448959437760261,0.5481887850668954,-0.10994439553637914,0.2199005362021602,-0.10646389026573688,0.2679152400711319
579,-1.0596927863507384,-0.6180493462340121,0.4533881833657386,-0.9468679941638701,-0.8340290696261731,0.5595801706434279,-0.11282479218686825,0.21597972339216098,-0.1061919872776893,0.2658070969905606
580,-1.0450862448037672,-0.61093244438878,0.4650514719303187,-0.9292043588275147,-0.8228285949687089,0.570559674535322,-0.11588188597625249,0.21189615057992883,-0.10550820260500327,0.2635537344545576
581,-1.0287344930798266,-0.602727853829599,0.47461253075558746,-0.9114478038296094,-0.8112989998441578,0.581140580175409,-0.11728668925021712,0.20857114601455873,-0.10652804941982158,0.2619280735971143
582,-1.012461932116274,-0.594367300595951,0.4841735895808562,-0.89360010481086,-0.7994448959368459,0.5913357507932551,-0.11886182730541395,0.20507759534089487,-0.10716216121239885,0.2601320489614804
583,-0.9962700494391574,-0.5858515489523385,0.49373464840612497,-0.8756630465262938,-0.7872710247302823,0.6011576203049405,-0.12060700291286364,0.20141947577794383,-0.1074229718988155,0.2581773600954563
584,-0.9801603251994685,-0.5771813773504395,0.5032957072313937,-0.8576384226667918,-0.7747822556106337,0.6106181882251972,-0.1225219025326767,0.19760087826019423,-0.10732248099380348,0.25607779797571706
585,-0.9641342320378373,-0.5683575783579469,0.5128567660566624,-0.8395280356797178,-0.7619835839190322,0.619729017975972,-0.12460619635811954,0.19362600556108533,-0.1068722519193096,0.25384919229866393
586,-0.9465607089722881,-0.5584616581880331,0.5206888342019063,-0.8213336965886817,-0.7488801289535097,0.6285012380388306,-0.12522701238360634,0.1904184707654767,-0.10781240383692436,0.2521200370067454
587,-0.9290652296240351,-0.5484284059077624,0.5285209023471501,-0.8030572248124292,-0.7354771319213411,0.6369455454658797,-0.1260080048116059,0.1870487260135787,-0.10842464311872957,0.2502421755326795
588,-0.9116488671828902,-0.5382584369666411,0.5363529704923939,-0.7847004479829077,-0.721779953842635,0.6450722113249574,-0.12694841919998245,0.18352151687599394,-0.10871924083256346,0.24822554586715917
589,-0.8943126899855561,-0.5279523752005089,0.5441850386376378,-0.7662652017625027,-0.7077940734059962,0.6528910877099849,-0.12804748822305345,0.17984169820548734,-0.10870604907234716,0.24608169529362836
590,-0.8770577614500948,-0.5175108527932724,0.5520171067828816,-0.747753329660472,-0.6935250847771224,0.6604116159967486,-0.1293044317896228,0.17601423198385002,-0.10839450921386695,0.24382373873152072
591,-0.8584460332885844,-0.5060481874527456,0.5584390667605703,-0.7291666828486026,-0.6789786953612166,0.6676428360684155,-0.12927935043998173,0.17293050790847098,-0.10920376930784514,0.24195779434997833
592,-0.8399083011862706,-0.4944662355287512,0.564861026738259,-0.7105071199760853,-0.6641607235200951,0.6745933962741206,-0.1294011812101853,0.16969448799134396,-0.10973236953586163,0.23996265933930322
593,-0.8214453296657012,-0.482765474677528,0.5712829867159477,-0.6917765069836577,-0.6490770962449237,0.6812715639183997,-0.1296688226820435,0.1663116215673957,-0.10998857720245203,0.23784668624797703
594,-0.8030578801661907,-0.4709463874551648,0.5777049466936364,-0.6729767169170084,-0.6337338467854989,0.6876852361095336,-0.13008116324918229,0.16278745933033412,-0.10998028941589721,0.23561946016297147
595,-0.784746711012418,-0.4590094612976989,0.584126906671325,-0.6541096297394813,-0.6181371122370333,0.6938419508213524,-0.13063708127293672,0.1591276509393344,-0.10971504415002731,0.23329176412772262
596,-0.7652609962157552,-0.44612778967166794,0.589400755860739,-0.6351771321440697,-0.6022931310853911,0.6997488980461777,-0.13008386407168548,0.15616534141372312,-0.11034814218543865,0.2312707029315716
597,-0.7458434880798259,-0.43314353294250185,0.594674605050153,-0.6161811173647562,-0.5862082407117827,0.7054129309366325,-0.1296623707150697,0.15306470776928083,-0.11073832588647947,0.229137757613379
598,-0.726494726671955,-0.4200570522467968,0.599948454239567,-0.5971234849871871,-0.5698888748578939,0.71084057685146,-0.12937124168476788,0.14983182261109707,-0.11089212261189296,0.2268998812238406
599,-0.7072152501473856,-0.4068687115643473,0.605222303428981,-0.5780061407587223,-0.5533415610524803,0.7160380482354703,-0.12920910938866337,0.14647284948813305,-0.11081574480648937,0.22456495470843582
600,-0.6880055947343113,-0.39357887770802247,0.610496152618395,-0.5588309963978517,-0.5365729180004349,0.7210112532766491,-0.1291745983364596,0.14299404029241247,-0.1105151006582541,0.2221417562909724
601,-0.6678003276863375,-0.37944210833996406,0.6148275899846597,-0.5395999694030323,-0.5195896529353996,0.7257658062944856,-0.12820035828330512,0.14014754459543555,-0.11093821630982592,0.21996352869988045
602,-0.647656482516719,-0.3652179540091065,0.6191590273509244,-0.5203149828609361,-0.5023985589369582,0.7303070378230215,-0.1273414996557829,0.13718060492785167,-0.1111480104720971,0.21768843822045417
603,-0.6275744371505879,-0.35090668157936555,0.6234904647171892,-0.5009779652541498,-0.48500651221350166,0.7346400043601177,-0.12659647189643808,0.1340998306341361,-0.11114953964292851,0.21532220376813108
604,-0.60755456835363,-0.3365085595491076,0.6278219020834539,-0.4815908502683184,-0.467420469351827,0.7387694977612211,-0.1259637180853116,0.13091190980271944,-0.11094759567776724,0.21287121784954519
605,-0.5875972517250165,-0.322023858046112,0.6321533394497186,-0.4621555765987845,-0.44964746453460147,0.7427000542616012,-0.12544167512623206,0.12762360648848947,-0.11054671481188261,0.21034251816336055
606,-0.5668105778598486,-0.30679932409006516,0.635702313494032,-0.44267408775671735,-0.4316946067267801,0.7464359631158108,-0.12413649010313121,0.12489528263671495,-0.1107336496217789,0.20801596323020163
607,-0.5460780662632986,-0.29150111480091623,0.6392512875383453,-0.4231483318747701,-0.4135690768321209,0.7499812748470809,-0.1229297343885285,0.12206796203120468,-0.11072998730873562,0.20560505110691846
608,-0.5253999780655703,-0.2761294228627251,0.6428002615826586,-0.4035802615122578,-0.39527812482090974,0.7533398091026414,-0.12181971655331247,0.11914870195818461,-0.11053954751998285,0.20311437193210194
609,-0.5047765737113934,-0.26068444188508066,0.6463492356269719,-0.38397183345991004,-0.37682906683007494,0.756515162113617,-0.12080474025148336,0.11614462494499428,-0.11016592648664514,0.2005489728956562
610,-0.4842081129567436,-0.24516636640066206,0.6498982096712852,-0.36432500854419003,-0.35822928223682704,0.7595107137603188,-0.11988310441255356,0.11306291583616498,-0.10961250408903356,0.19791433175400752
611,-0.46298090717328144,-0.2290327603489461,0.6527769558060086,-0.3446417514312205,-0.3394862107070128,0.7623296342454584,-0.11833915574206094,0.1104534503580667,-0.10955267843944982,0.19546332093516458
612,-0.4418002338385003,-0.2128381134960287,0.6556557019407321,-0.3249240304303084,-0.32060734921933826,0.764974890379158,-0.11687620340819194,0.10776923572330954,-0.10931918843842592,0.1929376584607976
613,-0.42066626848031674,-0.19658256004975955,0.6585344480754556,-0.3051738172971223,-0.30160024906668353,0.7674492514806304,-0.11549245118319446,0.10501768901692399,-0.10891480340517479,0.1903408933664697
614,-0.3995791862395702,-0.18026623472273173,0.6614131942101791,-0.28539308703651545,-0.2824725128356836,0.7697552949021605,-0.11418609920305478,0.10220627811295185,-0.10834210069198147,0.18767684811735139
615,-0.3785391618685717,-0.1638892727311655,0.6642919403449026,-0.2655838177050335,-0.263231791365801,0.7718954111815078,-0.11295534416353825,0.0993425186346355,-0.10760347083660526,0.18494959507893072
616,-0.3570047526624694,-0.14702772087749638,0.6665739809219489,-0.2457479902131001,-0.24388578068908245,0.77387180882917,-0.1112567624493693,0.09685805981158607,-0.10729782790722109,0.182407167662863
617,-0.3355088782409375,-0.13011707057587968,0.6688560214989951,-0.22588758812693474,-0.2244422189518554,0.7756865187570767,-0.10962129011400276,0.09432514837597572,-0.10683049725808158,0.17979659620475905
618,-0.31405165054819034,-0.11315740989202626,0.6711380620760414,-0.2060045974701957,-0.20490888331957058,0.777341398355284,-0.10804705307799464,0.09175147342754432,-0.10620333627924261,0.17712043132232447
619,-0.2926331813271814,-0.09614882714687868,0.6734201026530877,-0.1861010065253778,-0.18529358686603822,0.7788381352231183,-0.1065321748018036,0.08914475971915954,-0.10541803257003057,0.1743813466065816
620,-0.2712535821190214,-0.07909141091615128,0.675702143230134,-0.1661788056349928,-0.16560417544830938,0.7801782505609888,-0.1050747764840286,0.0865127645321581,-0.10447610733085477,0.17158212052301222
621,-0.24954051920189477,-0.06168670641838285,0.677426977920979,-0.14623998700252616,-0.14584852456842748,0.7813631022287947,-0.1033005321993686,0.08416181815004463,-0.10393612430781574,0.16898795673989225
622,-0.22785750880675154,-0.044244576384988105,0.6791518126118239,-0.12628654449322554,-0.1260345362233393,0.7823938874764594,-0.101570964313526,0.08178995983835119,-0.10324207486463555,0.16632854338415184
623,-0.20620461544171795,-0.0267650727072453,0.6808766473026688,-0.10632047343471225,-0.10617013574419806,0.7832716453517061,-0.0998841420070057,0.07940506303695276,-0.10239499804903729,0.16360544454828047
624,-0.18458190352532042,-0.009248247387621308,0.6826014819935138,-0.08634377041745736,-0.08626326862634384,0.7839972587896967,-0.09823813310786306,0.07701502123872253,-0.10139577679618295,0.16082023456337965
625,-0.16298943738629396,0.008305847460383112,0.6843263166843587,-0.06635843309511363,-0.06632189735120068,0.7845714563886423,-0.09663100429118032,0.0746277448115838,-0.10024513970428361,0.15797448946053386
626,-0.14122003098803756,0.026066243087461312,0.6855036172244502,-0.0463664599847589,-0.04635399820139721,0.7849948138749364,-0.09485357100327867,0.07242024128885852,-0.09949119665048622,0.15537177829759252
627,-0.11947154899490983,0.04385225553425174,0.6866809177645417,-0.026369850267042503,-0.026367558070356484,0.7852677552607884,-0.09310169872786733,0.07021981360460822,-0.09858683749624675,0.15270269498666963
628,-0.09774402155109849,0.06166386014869371,0.6878582183046331,-0.006370603586275981,-0.006370571267652135,0.7853905536967359,-0.09137341796482251,0.06803443141634585,-0.09753233539210282,0.14996780259694828
629,-0.07603747877174749,0.07950103224325485,0.6890355188447246,0.013629280149540351,0.013628963678619457,0.7853633320208057,-0.08966675892128784,0.06587206856463539,-0.09632781317608108,0.14716760738599494
630,-0.054351950742915295,0.09736374709496533,0.690212819384816,0.033627800968699426,0.033623047221136695,0.7851860630054648,-0.08797975171161472,0.06374069987382863,-0.09497324362064874,0.14430256593515572
631,-0.03264065743471756,0.1152906307512042,0.6908260065292947,0.053622959035786476,0.053603681993068565,0.7848585693028844,-0.08626361647050404,0.061686948758135636,-0.09403256277358973,0.14173501344208553
632,-0.010940360742135977,0.13323082412231504,0.6914391936737734,0.07361275485165383,0.07356287600690768,0.7843805230883966,-0.08455311559378981,0.05966794811540736,-0.09294132941462319,0.13909559339633024
633,0.010748931175551254,0.15118432046281272,0.692052380818252,0.09359518945337977,0.09349264585116929,0.7837514454014016,-0.08284625827782852,0.05769167461164343,-0.09169906458314958,0.13638383436301038
634,0.032427210163203726,0.16915111302221023,0.6926655679627307,0.1135682646141561,0.11338501988364241,0.7829707051823518,-0.08114105445095238,0.05576609313856781,-0.09030513721962108,0.13359919786288552
635,0.05409446806982188,0.18713119504502118,0.6932787551072094,0.1335299830431127,0.13323204141994396,0.7820375180038213,-0.07943551497329082,0.05389915362507722,-0.08875876289661189,0.13074110979913148
636,0.07564268088290006,0.20503481335666418,0.6932876609921338,0.15347834858503784,0.15302577191607933,0.7809509444930636,-0.07783566770213778,0.05200904144058485,-0.08766328350092978,0.1282504691311906
637,0.0971907342475593,0.2229386235735008,0.6932965668770582,0.17341136642000265,0.17275829414376465,0.7797098884428689,-0.07622063217244336,0.05018032942973616,-0.08641332156581072,0.12567781178266896
638,0.11873862816209048,0.24084262569411102,0.6933054727619826,0.19332704326283448,0.1924217153572057,0.7783130946069631,-0.074588415100744,0.04842091033690532,-0.08500762184498045,0.12302159158795954
639,0.14028636262478456,0.25874681971707475,0.693314378646907,0.2132233875624471,0.21200817045009426,0.7767591461756517,-0.07293702493766255,0.046738649266980486,-0.08344476752874463,0.12028025677552098
640,0.16183393763393247,0.27665120564097195,0.6933232845318315,0.23309840970098727,0.23150982510153895,0.7750464619269026,-0.0712644720670548,0.04514138053943301,-0.08172317739507118,0.11745231772744294
641,0.18312496940762124,0.2943427443027327,0.6926657074184157,0.2529501221928054,0.25091887890969955,0.7731732930475957,-0.06982515278518414,0.04342386539303317,-0.08050758562918003,0.1150767369670618
642,0.20442763012819423,0.3120202786453088,0.692008130305,0.2727765398831953,0.2702275685118367,0.7711377196192538,-0.06834890975500105,0.04179271013347208,-0.07912958931425385,0.11260415618457506
643,0.2257419105842181,0.3296838010247992,0.6913505531915842,0.2925756801469099,0.28942817068955534,0.7689376467622203,-0.06683376956269177,0.040255630335243875,-0.07758709357063609,0.11003192998573383
644,0.24706780155923508,0.34733330380336186,0.6906929760781685,0.3123455630864238,0.30851300545799065,0.7665708004319635,-0.06527776152718873,0.03882029834537121,-0.07587782435379498,0.10735756117893847
645,0.2684052938317668,0.36496877934921684,0.6900353989647527,0.3320842117299144,0.32747443913769303,0.7640347228610073,-0.06367891789814761,0.03749434021152381,-0.07399932389625452,0.10457882228099197
646,0.28935635695610645,0.3822616950660317,0.6886270056008258,0.351789652228968,0.34630488740800797,0.7613267676398998,-0.062433295272861566,0.035956807658023726,-0.07269976203907402,0.10235264420679331
647,0.3103317545211666,0.39952508630346223,0.6872186122368988,0.37145991405595574,0.3649968183406966,0.7584440944306824,-0.06112815953478912,0.034528267962765646,-0.07122548219378355,0.10000961198982904
648,0.3313314449207456,0.416758918818337,0.6858102188729719,0.3910930302010885,0.38354275541260996,0.7553836633065133,-0.059761585280342866,0.03321616340572703,-0.06957344443354141,0.09754601353701096
649,0.3523553865004553,0.4339631584261162,0.6844018255090449,0.4106870373691092,0.40193528049619187,0.7521422287114786,-0.05833165086865394,0.03202787792992434,-0.06774040320243369,0.09495856298293988
650,0.3734035375578034,0.4511377710009599,0.682993432145118,0.43023997617563103,0.4201670368266409,0.7487163330352061,-0.05683643861782761,0.030970734174319003,-0.06572290089008814,0.09224460326470468
651,0.3939455470192377,0.4678512499025513,0.680727818772833,0.4497498913430674,0.43823073194451173,0.7451022997977352,-0.055804344323829747,0.02962051795803955,-0.06437448102490229,0.09019741535510092
652,0.4145253700084889,0.4845181456974701,0.6784622054005479,0.4692148318961616,0.45611914061260495,0.7412962264412188,-0.05468946188767271,0.028399005084865148,-0.06283402104067093,0.08800883439469517
653,0.4351429008892894,0.501138372834511,0.6761965920282629,0.48863285135707546,0.4738251077059589,0.7372939767265044,-0.05348995046778604,0.02731326512855209,-0.06109738469824155,0.08567426492240073
654,0.45579803383181705,0.5177118460020189,0.6739309786559778,0.5080020079400462,0.4913415510738144,0.733091172734505,-0.05220397410822919,0.02637029492820453,-0.05916019407852713,0.08318999898246272
655,0.4764906628132381,0.534238480128327,0.6716653652836928,0.5273203647455568,0.5086614643723737,0.7286831864746114,-0.05082970193231867,0.02557701575595328,-0.05701782119091858,0.08055354906438454
656,0.4965658702865343,0.5501976360537504,0.6684101426256649,0.5465859899540265,0.5257779198672481,0.7240651311052729,-0.0500201196674922,0.024419716186502294,-0.055654988479608036,0.0787134845680514
657,0.5166929219109345,0.5660913582690339,0.665154919967637,0.5657969570189859,0.5426840712044526,0.7192318517753863,-0.04910403510805139,0.023407287064581284,-0.05407693180774931,0.07670346736201973
658,0.5368716044108366,0.5819194783569032,0.6618996973096091,0.5849513448597394,0.5593731561488667,0.7141779160993728,-0.04807974044890284,0.02254632220803643,-0.052278218789763686,0.07451852284212873
659,0.5571017039635339,0.5976818285952346,0.6586444746515812,0.6040472380534647,0.5758384992890305,0.708897604283927,-0.04694553408993085,0.02184332930620403,-0.05025312963234585,0.07215532720467345
660,0.5773830062014804,0.6133782419588324,0.6553892519935532,0.6230827270267574,0.5920735147072245,0.7033848989304824,-0.04569972082527696,0.021304727251607924,-0.04799564693692915,0.06961277190047825
661,0.5456705790533601,0.5889995284933235,0.6622212928603134,0.6420559082465795,0.6080717086137423,0.6976334745446516,-0.0963853291932194,-0.01907218012041878,-0.03541218168433824,0.10444090362437292
662,0.5141254470903509,0.5644047250727925,0.6690533337270735,0.6609648844106218,0.6238266819443293,0.6916366867923863,-0.14683943732027094,-0.05942195687153684,-0.022583353065312783,0.16000874084452116
663,0.4827490827319861,0.5395949796990617,0.6758853745938337,0.6798077646370254,0.6393321329197169,0.6853875615526078,-0.19705868190503933,-0.09973715322065524,-0.00950218695877414,0.22106540978568184
664,0.45154295052030075,0.5145714504067128,0.6827174154605938,0.6985826646534714,0.6545818595662526,0.6788787838277314,-0.24703971413317066,-0.14001040915953977,0.003838631632862466,0.2839828694214375
665,0.4205085070514721,0.4893353052090345,0.689549456327354,0.7172877069856007,0.6695697621966022,0.672102686587147,-0.29677919993412866,-0.18023445698756774,0.01744676974020698,0.34765894605707004
666,0.4513698015506096,0.5147828787727531,0.749549417628373,0.7359210211447693,0.6842898458495512,0.6650512396345386,-0.28455121959415974,-0.16950696707679813,0.08449817799383441,0.34182151855080184
667,0.4806496249713251,0.5420352261743088,0.8095493789293922,0.7544807438150888,0.6987362226879031,0.6577160386082651,-0.2738311188437637,-0.15670099651359437,0.15183334032112705,0.3501314712913596
668,0.5082426017036092,0.5709942685185401,0.8695493402304113,0.7729650190397587,0.7129031143535387,0.6500882942451496,-0.26472241733614943,-0.14190884583499863,0.21946104598526173,0.3719935879440142
669,0.5340494269561263,0.6015557846594223,0.9295493015314304,0.7913719984066616,0.7267848542786822,0.6421588220623271,-0.2573225714505353,-0.12522906961925995,0.28739047946910334,0.40557430064675254
670,0.5579772241457661,0.6336097862831639,0.9895492628324496,0.8096998412331966,0.7403758899524486,0.6339180326396285,-0.2517226170874305,-0.10676610366928474,0.35563123019282106,0.4485943030562525
671,0.5799398857596222,0.6670409238039078,1.0064650825574162,0.827946714750356,0.7536707851417809,0.6253559227167048,-0.24800682899073379,-0.0866298613378731,0.38110915984071136,0.4628782904997285
672,0.6013339170699694,0.7008387770698701,1.0233809022823828,0.8461107942859937,0.7666642220658663,0.61646206735519,-0.24477687721602426,-0.06582544499599619,0.4069188349271927,0.47940760011398803
673,0.6221531964286144,0.7349936752263913,1.0402967220073494,0.8641902634472943,0.7793510035231799,0.607225613456968,-0.24203706701867989,-0.04435732829678862,0.43307110855038133,0.4980964760422324
674,0.6423917666458149,0.7694958452546531,1.057212541732316,0.8821833143024047,0.791726054970291,0.5976352749755627,-0.23979154765658983,-0.02223020971563794,0.45957726675675326,0.5188501061685848
675,0.6620438366948581,0.804335414768112,1.0741283614572825,0.9000881475612352,0.803784426551621,0.5876793302090884,-0.23804431086637712,0.0005509882164910218,0.48644903124819416,0.5415699931921724
676,0.6811037865789362,0.8395024207597575,1.0141283614572825,0.9179029727553806,0.8155212950793129,0.5773456216204795,-0.23679918617644435,0.023981125680444526,0.43678273983680294,0.49742146192345976
677,0.7022381934195067,0.8734632341701758,0.9541283614572824,0.9356260084171686,0.8269319659624466,0.5666215586940145,-0.23338781499766192,0.04653126820772924,0.3875068027632679,0.45474889037601035
678,0.7253709961743638,0.9060956327443669,0.8941283614572824,0.953255482257799,0.8380118750848067,0.5554941244066477,-0.22788448608343514,0.0680837576595602,0.33863423705063467,0.41381141061771426
679,0.7504189417340195,0.9372821750862252,0.8341283614572823,0.9707896313445805,0.8487565906304755,0.5439498859681842,-0.22037068961056105,0.08852558445574976,0.29017847548909814,0.37497142235088193
680,0.777291884542994,0.9669106233207444,0.7741283614572823,0.9882267022772163,0.8591618148564958,0.5319750105656659,-0.2109348177342223,0.10774880846424861,0.24215335089161638,0.3387352187270659
681,0.8058931110264709,0.9948743470291646,0.7169558198341386,1.0055649513631455,0.8692233858119127,0.5195552869336455,-0.19967184033667462,0.12565096121725183,0.1974005329004931,0.3076101075511864
682,0.836045492157639,1.021158066555152,0.6597832782109949,1.0228026447919047,0.8789372790024944,0.5066761536623483,-0.18675715263426573,0.14222078755265766,0.1531071245486466,0.28026198111715295
683,0.8676504957066408,1.045675891717013,0.6026107365878512,1.0399380588085174,0.8882996090004824,0.4933227352482483,-0.17228756310187665,0.1573762827165306,0.10928800133960292,0.25767065412666135
684,0.90060484255065,1.068347702938985,0.5454381949647076,1.0569694798858615,0.8973066309987076,0.4794798869840495,-0.15636463733521155,0.1710410719402774,0.0659583079806581,0.240946978588906
685,0.9348008441703448,1.0890994130667269,0.48826565334156385,1.0738952048960235,0.9059547423084627,0.4651322498740918,-0.1390943607256787,0.18314467075826413,0.023133403467472058,0.23113711508285953
686,0.9533112274512758,1.0989314332310693,0.4639570396259649,1.090713541280604,0.9142404838005289,0.4502643168426439,-0.1374023138293281,0.18469094943054043,0.01369272278332101,0.23060276083435882
687,0.9720551212710166,1.1083106311814963,0.43964842591036596,1.1074228072199814,0.9221605412887859,0.4348605115707623,-0.13536768594896487,0.18615008989271042,0.004787914339603683,0.2302155305142664
688,0.9910214502450171,1.117231464941241,0.415339812194767,1.124021331801486,0.9297117468558371,0.4189052813456625,-0.1329998815564689,0.1875197180854038,-0.003565469150895506,0.22992460880716978
689,1.0101990075563316,1.1256886633715875,0.39103119847916806,1.1405074551864933,0.936891080120138,0.4023832053261955,-0.1303084476301617,0.18879758325144946,-0.011352006847027418,0.22968170807625396
690,1.0295764615774983,1.1336772292864798,0.3667225847635691,1.1568795287764002,0.9436956694441047,0.3852791196091139,-0.12730306719890194,0.1899815598423752,-0.01855653484554476,0.22944151538870214
691,1.048726379572519,1.141032664388755,0.34809907246287186,1.1731359153774927,0.9501227930827353,0.36757826041131964,-0.12440953580497371,0.19090987130601966,-0.019479187948447774,0.22870013188544727
692,1.068009952848365,1.148030205848073,0.3294755601621746,1.1892749893646573,0.9561698802722672,0.3492664265498517,-0.12126503651629217,0.19186032557580568,-0.019790866387677075,0.2278316747156258
693,1.0874204933761489,1.154667426740816,0.31085204786147735,1.2052951368439446,0.9618345122584524,0.3303301621888942,-0.11787464346779575,0.1928329144823635,-0.019478114327416862,0.2268443550502732
694,1.106951269091542,1.1609420251116134,0.2922285355607801,1.2211947558139582,0.9671144232640236,0.31075696051584134,-0.11424348672241624,0.19382760184758974,-0.01852842495506124,0.22575211190108058
695,1.1265955062296245,1.1668518247717183,0.27360502326008285,1.236972256326048,0.9720075013949759,0.29053548859030254,-0.11037675009642345,0.1948443233767424,-0.01693046533021969,0.22457510541083278
696,1.1458336056439467,1.172250866152015,0.2536617372951223,1.2526260606433117,0.9765117894852975,0.2696558330657038,-0.10679245499936507,0.19573907666671753,-0.015994095770581473,0.22354915718617474
697,1.165175546844326,1.1772651883896232,0.23371845133016178,1.2681546033983628,0.9806254858798085,0.24810976580033245,-0.10297905655403694,0.19663970250981477,-0.014391314470170669,0.22243868508891915
698,1.1846136371254266,1.1818927971809188,0.21377516536520125,1.2835563317498675,0.9843469451548001,0.22589102754483356,-0.09894269462444094,0.19754585202611863,-0.012115862179632314,0.22127090768699437
699,1.2041401455413592,1.1861318520265192,0.19383187940024071,1.2988297055378224,0.9876746787761803,0.2029956269152212,-0.09468955999646322,0.19845717325033885,-0.009163747514980475,0.2200802959270937
700,1.2237473059804436,1.1899806669632889,0.17388859343528018,1.3139731974375781,0.9906073556948702,0.17942215074251594,-0.09022589145713455,0.19937331126841862,-0.005533557307235759,0.21890876864995798
701,1.2431258151313385,1.1933847480336117,0.15094283821139984,1.328985293112564,0.9931438028792042,0.15517208065333724,-0.08585947798122562,0.2002409451544075,-0.0042292424419373975,0.21791322256157766
702,1.262577325396084,1.1963433174962312,0.1279970829875195,1.3438644913657243,0.9952830057841277,0.13025010941636972,-0.08128716596964036,0.2010603117121036,-0.0022530264288502244,0.21688229163588532
703,1.2820915958544226,1.1988548177099394,0.10505132776363915,1.3586093042896297,0.9970241087570001,0.10466444924219856,-0.07651770843520711,0.2018307089529393,0.0003868785214405923,0.2158488926439323
704,1.3016583525438226,1.2009179264085952,0.08210557253975881,1.373218257415277,0.9983664153798475,0.07842712292189793,-0.07155990487145436,0.2025515110287477,0.003678449617860874,0.21485219476847714
705,1.3212672938685603,1.202531557397277,0.05915981731587846,1.3876898898595273,0.9993093887479177,0.051554227525755024,-0.066422595990967,0.20322216864935927,0.007605589790123435,0.2139370376647846
706,1.3408357257101058,1.2036905747078168,0.03304402590542784,1.4020227544711974,0.9998526516844362,0.024066159466105345,-0.06118702876109161,0.20383792302338066,0.008977866439322496,0.21301256638259308
707,1.3604277499712394,1.2043382098014395,0.006928234494977224,1.4162154179757676,0.9999959868914717,-0.004012210822560227,-0.05578766800452817,0.20434222290996773,0.010940445317537451,0.2121030440821546
708,1.3800300049737484,1.2044740209937328,-0.019187556915473393,1.4302664611187157,0.999739337036853,-0.03265142639572878,-0.0502364561449673,0.20473468395687977,0.013463869480255387,0.21123746855685904
709,1.3996291220620973,1.2040979156620344,-0.04530334832592401,1.4441744788074369,0.9990828047770997,-0.06181740477477093,-0.04454535674533955,0.20501511088493474,0.016514056448846917,0.21044761476226656
710,1.4192117347207949,1.2032101503086001,-0.07141913973637462,1.457938080251753,0.9980266527163616,-0.0914714824314205,-0.038726345530958106,0.20518349759223853,0.020052342695045883,0.20976676087961807
711,1.4388861742553067,1.201802624829386,-0.10013694129868722,1.4715558891029872,0.9965713033013819,-0.12157055086072027,-0.03266971484768044,0.20523132152800416,0.02143360956203305,0.20891769964083332
712,1.458512085991253,1.199830750719652,-0.12885474286099982,1.4850265435916035,0.9947173386525217,-0.1520672896241892,-0.026514457600350427,0.2051134120671303,0.023212546763189373,0.20811859743640027
713,1.4780732853135803,1.1972961540961269,-0.15757254442331242,1.4983486966633788,0.9924655003309216,-0.18291049838327378,-0.02027541134979849,0.20483065376520526,0.025337953959961357,0.20738539229695532
714,1.4975536409726788,1.1942009251277275,-0.18629034598562502,1.5115210161141086,0.9898166890418857,-0.21404552605890018,-0.013967375141429761,0.20438423608584178,0.027755180073275154,0.20673256528576833
715,1.5169370883871072,1.1905476163118882,-0.21500814754793762,1.5245421847228224,0.9867719642746133,-0.24541479105467268,-0.007605096335715267,0.20377565203727488,0.030406643506735054,0.206172058783041
716,1.5364117490432192,1.1862946669029426,-0.24522667044544808,1.5374109003835117,0.9833325438784152,-0.2769583822343691,-0.0009991513402924923,0.20296212302452743,0.03173171178892101,0.20543009326551787
717,1.55574902035344,1.181455253237975,-0.2754451933429585,1.550125876235334,0.9794998035755915,-0.30861472634854564,0.005623144118106049,0.20195544966238343,0.033169533005587115,0.20473847053721295
718,1.574931245655672,1.176033794135466,-0.305663716240469,1.5626858407913,0.9752752764111607,-0.3403213041667633,0.01224540486437209,0.2007585177243052,0.03465758792629431,0.20409576374834776
719,1.5939409098587212,1.1700352398735552,-0.3358822391379795,1.5750895380654217,0.9706606521396621,-0.37201539497002895,0.018851371793299432,0.19937458773389305,0.03613315583204946,0.20349743340625256
720,1.612760655435145,1.163465067669994,-0.36610076203548997,1.5873357276983062,0.9656577765492774,-0.4036348275127553,0.025424927736838798,0.1978072911207166,0.037534065477265344,0.20293584563154693
721,1.6315393131822091,1.1562656292063083,-0.3964230564457819,1.5994231850811964,0.9602686507235386,-0.43511871520880985,0.03211612810101272,0.19599697848276965,0.03869565876302794,0.2023452872336804
722,1.6500910686103873,1.1485001754844175,-0.42674535085607385,1.6113507014784265,0.9544954302409214,-0.46640815416292103,0.03874036713196083,0.1940047452434961,0.03966280330684718,0.20177164119040758
723,1.6683988657720197,1.1401758458379956,-0.4570676452663658,1.6231170841482976,0.9483404243126435,-0.49744686468148896,0.045281781623722095,0.19183542152535205,0.04037921941512318,0.201200770523879
724,1.686445873007624,1.1313002934150858,-0.4873899396766577,1.6347211564623458,0.9418060948590116,-0.528181759882355,0.051724716545278104,0.1894941985560742,0.04079182020569733,0.2006177215098212
725,1.7042154984204374,1.121881678142018,-0.5177122340869497,1.646161758023011,0.934895055524683,-0.5585634287330091,0.05805374039742639,0.186986622617335,0.04085119464605946,0.20000763464422971
726,1.7217633234084344,1.1118876997454488,-0.5467859558349106,1.6574377447796707,0.927610070633246,-0.5885465249860494,0.06432557862876376,0.1842776291122028,0.04176056915113879,0.19959952352890747
727,1.7390132112803751,1.1013878362031955,-0.5758596775828716,1.668547989143047,0.9199540540815242,-0.6180900577424485,0.07046522213732809,0.18143378212167127,0.04223038015957692,0.19916568437926113
728,1.7559505820557373,1.0903909622283618,-0.6049333993308326,1.6794913800979598,0.9119300681740611,-0.6471575834684962,0.07645920195777745,0.17846089405430077,0.0422241841376636,0.19868865593377968
729,1.7725611199002478,1.078906372618082,-0.6340071210787935,1.6902668233144347,0.9035413223982338,-0.6757173029780909,0.08229429658581311,0.17536505021984827,0.041710181899297316,0.19815395873723077
730,1.7888307852259375,1.0669437743973562,-0.6630808428267545,1.7008732412571288,0.8947911721405041,-0.7037420699869326,0.08795754396880873,0.17215260225685214,0.04066122716017806,0.1975509640548546
731,1.80475411764538,1.0545068028329536,-0.6899004849064453,1.7113095732930879,0.8856831173443074,-0.7312093202389199,0.09344454435229221,0.16882368548864624,0.04130883533247465,0.19733154721864002
732,1.8203382084956794,1.0416472970336066,-0.7167201269861361,1.7215747757978035,0.8762208011101247,-0.7581009318558724,0.09876343269787591,0.1654264959234819,0.041380804869736276,0.19705966660749438
733,1.8355718489181345,1.0283745061999812,-0.7435397690658269,1.7316678222595798,0.8664080082382859,-0.7844030284895931,0.1039040266585547,0.16196649796169527,0.04086325942376623,0.19672061200741398
734,1.8504440821155448,1.0146979767880406,-0.7703594111455176,1.7415877033821823,0.8562486637151049,-0.8101057371275008,0.10885637873336251,0.15844931307293575,0.03974632598198313,0.19630503415168074
735,1.8649442112328876,1.0006275456427554,-0.7971790532252084,1.7513334271857652,0.8457468311429333,-0.8352029121201988,0.11361078404712233,0.1548807144998221,0.03802385889499038,0.19580924345148626
736,1.8790653253699245,0.9861697307140255,-0.8212153898770008,1.7609040191060688,0.8349067111147797,-0.8596918362790572,0.11816130626385579,0.15126301959924582,0.038476446402056386,0.19576269390257395
737,1.8928348810529152,0.9713767048816391,-0.8452517265287932,1.7702985220918765,0.823732639534121,-0.8835729088565338,0.12253635896103865,0.14764406534751806,0.03832118232774062,0.19565899497535666
738,1.906244923366311,0.9562570143379288,-0.8692880631805856,1.7795159967007192,0.8122290858806044,-0.9068493289873355,0.12672892666559177,0.14402792845732437,0.0375612658067499,0.19548686328888293
739,1.9192877050917878,0.9408193939952012,-0.893324399832378,1.7885555211928177,0.8004006514223111,-0.9295267818372679,0.13073218389897012,0.1404187425728901,0.0362023820048899,0.19524072227784267
740,1.9319556911839506,0.9250727624394239,-0.9173607364841704,1.7974161916232538,0.7882520673753163,-0.9516131333632378,0.13453949956069677,0.13682069506410766,0.03425239687906745,0.19492051259892942
741,1.9442802203438698,0.9089757266819025,-0.9385141797204075,1.8060971219323696,0.7757881930112588,-0.9731181382979247,0.13818309841150023,0.13318753367064373,0.03460395857751719,0.1950151834117173
742,1.9562615098510694,0.8926216054601037,-0.9596676229566447,1.814597444034368,0.7630140137137015,-0.9940531647825135,0.14166406581670143,0.12960759174640224,0.03438554182586884,0.19506204363914412
743,1.9678941986598828,0.8760177164496963,-0.9808210661928818,1.8229163079041226,0.7499346389840432,-1.0144309380104182,0.14497789075576017,0.12608307746565306,0.033609871817536385,0.19505167190975378
744,1.97917308170654,0.8591714890853145,-1.001974509429119,1.8310528816621792,0.7365553003977854,-1.0342653043291206,0.14812020004436088,0.1226161886875291,0.03229079490000153,0.19497953437402396
745,1.9900931122381817,0.8420904612362466,-1.023127952665356,1.8390063516579414,0.722881349511976,-1.0535710164801917,0.1510867605802404,0.11920911172427062,0.030443063814835636,0.19484558418181994
746,2.0007280634588134,0.8246533052358918,-1.0415925854124906,1.8467759225510378,0.7089182557246515,-1.0723635400346438,0.15395214090777554,0.11573504951124025,0.03077095462215329,0.19504541784880625
747,2.011039249390239,0.8070227623760278,-1.060057218159625,1.854360817390854,0.6946716040871542,-1.090658880591542,0.15667843199938503,0.11235115828887354,0.030601662431916976,0.19521110513040602
748,2.021023154609155,0.7892048434900965,-1.0785218509067596,1.8617602776942273,0.6801470930701856,-1.1084734309385513,0.15926287691492758,0.10905775041991084,0.02995158003179177,0.19533395515442714
749,2.0306763752730452,0.7712056232942056,-1.096986483653894,1.868973563521292,0.665350532284497,-1.125823837107909,0.16170281175175316,0.10585509100970858,0.028837353454014947,0.19540903913414137
750,2.0399956202806635,0.7530312383160582,-1.1154511164010286,1.8759999535494778,0.6502878401571169,-1.1427268820842833,0.1639956667311857,0.10274339815894129,0.027275765683254738,0.19543477675547075
751,2.0490803034430725,0.7344783719348412,-1.131576065588809,1.8828387451456365,0.6349650415640629,-1.1591993858163752,0.16624155829743592,0.09951333037077836,0.027623320227566195,0.19570949503546864
752,2.0578646544953494,0.7157814337975148,-1.1477010147765894,1.8894892544363082,0.6193882654204694,-1.1752581201377648,0.16837540005904117,0.09639316837704537,0.027557105361175394,0.19596252782278173
753,2.0663463894328498,0.6969452852641593,-1.1638259639643698,1.895950816376105,0.6035637422291092,-1.1909197372013636,0.1703955730567448,0.09338154303505009,0.0270937732369938,0.19618571926916853
754,2.074523302933647,0.6779748238907208,-1.1799509131521502,1.902222784814218,0.5874978015882669,-1.2062007100649477,0.17230051811942926,0.09047702230245391,0.026249796912797496,0.19637365390221168
755,2.0823932689319347,0.6588749821556056,-1.1960758623399306,1.9083045325590295,0.5711968696599886,-1.2211172841230187,0.17408873637290512,0.08767811249561697,0.025041421783088103,0.19652331247876786
756,2.090059998663206,0.6393818309820993,-1.2102650667724022,1.9141954514408346,0.5546674665997017,-1.2356854381550875,0.17586454722237144,0.08471436438239766,0.02542037138268527,0.19685288360518624
757,2.097449373596665,0.6197818609428799,-1.2244542712048738,1.9198949523726523,0.5379162039482439,-1.2499208538459183,0.17755442122401255,0.081865656994636,0.02546658264104451,0.1971702440095123
758,2.104559906028388,0.6000790181027478,-1.2386434756373454,1.9254024654091402,0.5209497819873273,-1.2638388927244983,0.17915744061924777,0.07912923611542044,0.025195417087152894,0.19746805711214369
759,2.1113901643938533,0.5802772692378995,-1.252832680069817,1.9307174398035836,0.5037749870595203,-1.2774545795615464,0.18067272459026973,0.07650228217837918,0.024621899491729327,0.19774091767753235
760,2.117938773556157,0.5603806010372956,-1.2670218845022887,1.935839344062973,0.4863986888537981,-1.2907825913575508,0.18209942949318392,0.07398191218349748,0.023760706855262104,0.19798509222244864
761,2.1242970601100617,0.5400974789238832,-1.2796762207612298,1.94076766600115,0.4688278376577654,-1.3038372511423686,0.18352939410891178,0.07126964126611773,0.024161030381138815,0.19835865410226922
762,2.1303981749899856,0.5197355230308178,-1.2923305570201709,1.9455019127900275,0.45106946157762406,-1.3166325258920903,0.18489626219995814,0.06866606145319376,0.024301968871919488,0.19872654946448698
763,2.136241141223858,0.4992979939199151,-1.304984893279112,1.9500416110088725,0.433130663727031,-1.3291820279480693,0.18619953021498548,0.06616733019288407,0.024197134668957343,0.19908260085533114
764,2.141825023176974,0.47878816425453674,-1.317639229538053,1.954386306691646,0.415018619385944,-1.3414990193963932,0.18743871648532795,0.06376954486859276,0.02385978985834014,0.19942195682145628
765,2.1471489267018176,0.4582093182755387,-1.330293565796994,1.9585355653724,0.39674057313061206,-1.3535964189332585,0.18861336132941764,0.06146874514492662,0.023302853136264456,0.19974090634109906
766,2.1522824614788436,0.4372774432155769,-1.3417840925849167,1.9624889721287242,0.37830383593583167,-1.3654868108028255,0.18979348935011942,0.05897360727974521,0.023702718217908814,0.20015312589664216
767,2.157175144385198,0.41628796426038,-1.3532746193728393,1.9662461316232376,0.3597157822506608,-1.3771824554492114,0.1909290127619605,0.056572182009719196,0.023907836076372035,0.2005639157910823
768,2.161826329436272,0.395243652666663,-1.364765146160762,1.9698066681431217,0.3409838470487362,-1.3886953015737538,0.1920196612931504,0.054259805617926815,0.023930155412991816,0.2009684780430039
769,2.1662354025326,0.37414728693073535,-1.3762556729486846,1.9731702256376917,0.3221155228543811,-1.4000369993327406,0.19306517689490832,0.05203176407635424,0.023781326384056056,0.2013629024595758
770,2.1704017815409404,0.35300165242165416,-1.3877461997366072,1.9763364677540007,0.30311835674570226,-1.4112189144499225,0.1940653137869397,0.0498832956759519,0.023472714713315357,0.2017440396609786
771,2.1743708351818656,0.33156149535741836,-1.3984050808459718,1.979305077870476,0.2839999473358494,-1.422252143052719,0.19506575731138964,0.04756154802156898,0.02384706220674726,0.20219157475415844
772,2.1781111396014747,0.3100802513386867,-1.4090639619553365,1.9820757591285796,0.26476794173367757,-1.4331475270714018,0.19603538047289515,0.04531230960500915,0.024083565116065353,0.20264030672004207
773,2.1816222698612737,0.2885603608640034,-1.419722843064701,1.984648234462495,0.24543003248500284,-1.4439156700672382,0.19697403539877878,0.04313032837900055,0.02419282700253711,0.20308689944389438
774,2.1849038270593977,0.26700426882256223,-1.4303817241740657,1.9870222466268317,0.22599395449569257,-1.4545669533788361,0.19788158043256598,0.04101031432686966,0.024185229204770398,0.20352860012137364
775,2.187955438375932,0.24541442421644152,-1.4410406052834304,1.9891975582223522,0.20646748193779657,-1.4651115524962097,0.19875788015357987,0.03894694227864495,0.02407094721277936,0.20396315779012966
776,2.190800582429115,0.22361069485845833,-1.4511653723247064,1.9911739517197096,0.18685842513998854,-1.4755594535896255,0.19962663070940545,0.03675226971846979,0.024394081264919043,0.2044421488309296
777,2.1934248267456726,0.20177927712239374,-1.4612901393659825,1.9929512294812013,0.1671746274635352,-1.4859204701354887,0.20047359726447134,0.03460464965885854,0.02463033076950616,0.20492388384955293
778,2.195827902314236,0.17992240894757705,-1.4714149064072586,1.9945292137805317,0.14742396216506348,-1.4962042595945497,0.20129868853370447,0.03249844678251357,0.02478935318729114,0.20540648256593436
779,2.1980095627954523,0.1580423308822629,-1.4815396734485347,1.9959077468205864,0.12761432924735241,-1.5064203401089062,0.20210181597486598,0.030428001634910495,0.024880666660371586,0.20588845251081286
780,2.1999695845472353,0.13614128585395255,-1.4916644404898107,1.99708669074921,0.10775365229944407,-1.516578107193738,0.20288289379802538,0.028387633554508476,0.024913666703927362,0.20636864375025651
781,2.201715530657375,0.11412360901247828,-1.501529645151259,1.998065927672992,0.0878498753273104,-1.5266868504077726,0.20364960298438306,0.026273733685167888,0.02515720525651366,0.20687279872852865
782,2.203244186443473,0.0920897797310589,-1.5113948498127072,1.9988453596690559,0.06791095957636362,-1.536755769993164,0.204398826774417,0.024178820154695288,0.02536092018045677,0.2073805005376126
783,2.2045554031344947,0.0700419423744316,-1.5212600544741555,1.999424908794852,0.04794488034705368,-1.5467939934810255,0.2051304943396428,0.022097062027377927,0.025533939006870066,0.20789127422639597
784,2.2056490531209,0.04798224267062013,-1.5311252591356037,1.9998045170959504,0.02795962380486148,-1.5568105922633153,0.20584453602494945,0.02002261886575865,0.025685333127711596,0.20840492944134423
785,2.20652502996706,0.025912827502109305,-1.540990463797052,1.9999841466118375,0.007963183785935567,-1.5668145981353296,0.20654088335522247,0.01794964371617374,0.025824134338277682,0.20892154537293323
786,2.207183481691194,0.003828020716275495,-1.5508301931378636,1.9999637793797111,-0.012036441400328576,-1.5768150198156834,0.207219702311483,0.01586446211660407,0.02598482667781976,0.20944425845982298
787,2.207624596525159,-0.018262195831868226,-1.5606699224786753,1.999743417436278,-0.03203125217051633,-1.5868208594525117,0.20788117908888104,0.013769056338648108,0.026150936973836414,0.2099715291091863
788,2.2078483317604403,-0.04035568337877037,-1.570509651819487,1.9993230828175483,-0.05201325086691355,-1.5968411291256488,0.20852524894289193,0.01165756748814318,0.02633147730616181,0.21050421616575898
789,2.207854665735106,-0.062450302844183014,-1.5803493811602987,1.998702817556634,-0.07197444495646654,-1.606884867354864,0.209151848178472,0.009524142112283529,0.02653548619456525,0.2110434479130483
790,2.2076435978359035,-0.08454391503826646,-1.5901891105011103,1.997882683679544,-0.09190685022768164,-1.6169611556237677,0.20976091415635945,0.007362935189415179,0.026772045122657406,0.2115906338247625
791,2.207207645569446,-0.10702122519166657,-1.5916136294600849,1.9968627631989828,-0.111802493984214,-1.6270791349278113,0.210344882370463,0.004781268792547436,0.03546550546772642,0.2133673643010848
792,2.2067396744016863,-0.12949789151692304,-1.5930381484190594,1.9956431581061487,-0.13165341823383273,-1.6372480223527806,0.2110965162955376,0.0021555267169096892,0.04420987393372111,0.21568703818443752
793,2.206239685282257,-0.15197386840317262,-1.594462667378034,1.994223990360534,-0.15145168287151517,-1.6474771276873965,0.21201569492172267,-0.0005221855316574486,0.05301446030936252,0.21854395569945062
794,2.2057076792257626,-0.17444911024095106,-1.5958871863370085,1.9926054018777313,-0.1711893688553761,-1.6577758700698915,0.21310227734803133,-0.0032597413855749435,0.06188868373288292,0.22193110574907454
795,2.205143657311779,-0.19692357142228573,-1.597311705295983,1.9907875545152398,-0.1908585813741894,-1.668153794663767,0.21435610279653905,-0.006064990048096325,0.07084208936778391,0.22584048471520116
796,2.204428823900814,-0.22387645381196647,-1.5964429255890755,1.9887706300562809,-0.21045145300520013,-1.6786205893521406,0.215658193844533,-0.01342500080676634,0.08217766376306512,0.23117494596193428
797,2.203737406873936,-0.25082994706260725,-1.595574145882168,1.9865548301916196,-0.22996014686099078,-1.689186101433152,0.21718257668231655,-0.020869800201616467,0.093611955550984,0.23741739278516455
798,2.2030694067530123,-0.2777840308303008,-1.5947053661752604,1.984140376499396,-0.24937685972413318,-1.699860354290574,0.21892903025361643,-0.02840717110616761,0.10515498811531354,0.24452905590865007
799,2.2024248240422346,-0.3047386847706941,-1.5938365864683528,1.981527510422967,-0.2686938251683646,-1.7106535640039524,0.22089731361926757,-0.036044859602329504,0.11681697753559961,0.2524699215916888
800,2.2018036592281196,-0.33169388853900383,-1.5929678067614452,1.9787164932467636,-0.2879033166650653,-1.7215761558510787,0.22308716598135603,-0.04379057187393853,0.12860834908963348,0.2612003163593044
801,2.201318150785623,-0.3535881818425821,-1.6098911158451878,1.9757076060701602,-0.30699765067375967,-1.7326387806421168,0.22561054471546305,-0.04659053116882245,0.122747664796929,0.2610321526067243
802,2.200462205659127,-0.37547112395856086,-1.6268144249289305,1.9725011497793674,-0.325969189715432,-1.7438523308090974,0.22796105587975957,-0.049501934243128876,0.11703790588016694,0.26098765469738355
803,2.199236068984087,-0.39733644779711785,-1.643737734012673,1.9690974450173422,-0.344810345427416,-1.7552279561563868,0.23013862396674467,-0.052526102369701844,0.11149022214371374,0.26106100303399155
804,2.1976400919156918,-0.41917789131415684,-1.6606610430964157,1.9654968321517237,-0.3635135815986424,-1.7667770791568955,0.2321432597639681,-0.05566430971551445,0.10611603606047981,0.2612462852159528
805,2.195674731528296,-0.4409891993047039,-1.6775843521801583,1.961699671240799,-0.3820714171840091,-1.7785114096548387,0.23397506028749704,-0.05891778212069482,0.10092705747468034,0.2615375782121127
806,2.193685295825454,-0.4595480933625767,-1.697836192826652,1.9577063419974947,-0.4004764292967199,-1.7904429588085071,0.23597895382795908,-0.05907166406585679,0.09260676598185502,0.2602912623406048
807,2.19132044200554,-0.47806289472466335,-1.7180880334731459,1.9535172437514072,-0.41872125617732653,-1.80258405207521,0.23780319825413265,-0.05934163854733682,0.08449601860206424,0.2592515541418749
808,2.188581139949573,-0.49652601004449126,-1.7383398741196396,1.94913279540887,-0.43679860013833777,-1.814947341005158,0.23944834454070296,-0.059727409906153495,0.07660746688551834,0.2584019682200518
809,2.185468513108418,-0.5149298671732241,-1.7585917147661334,1.944553435411064,-0.45470123048319755,-1.8275458135709115,0.2409150776973541,-0.06022863669002654,0.0689540988047781,0.2577251075883769
810,2.1819838380420333,-0.5332669182651746,-1.7788435554126272,1.9397796216901726,-0.4724219863984661,-1.8403928027138892,0.24220421635186073,-0.060844931866708474,0.06154924730126199,0.25720283434642643
811,2.178275714948424,-0.5508324861065066,-1.7979921513559747,1.9348118316235898,-0.4899537798180512,-1.8535019927388603,0.24346388332483437,-0.060878706288455375,0.055509841382885616,0.2570257221628172
812,2.174231936254145,-0.568323832662375,-1.8171407472993222,1.9296505619861817,-0.5072895982583422,-1.8668874231310342,0.24458137426796345,-0.06103423440403277,0.049746675831711995,0.25694349216198775
813,2.169853984641075,-0.5857345445989792,-1.8362893432426697,1.9242963289006125,-0.5244225076230977,-1.8805634893080148,0.24555765574046262,-0.0613120369758815,0.04427414606534508,0.25693954187843276
814,2.1651434653181085,-0.6030582381478086,-1.8554379391860172,1.9187496677857283,-0.541345654977011,-1.894544939750472,0.24639379753238022,-0.06171258317079753,0.03910700056445471,0.25699747834791775
815,2.1601021054325917,-0.6202885614462987,-1.8745865351293647,1.9130111333030182,-0.5580522712867794,-1.9088468688807356,0.24709097212957354,-0.06223629015951937,0.03426033375137094,0.2571012928585014
816,2.153806143352895,-0.6403717573146701,-1.8908486360191175,1.9070812993011486,-0.5745356741286307,-1.9234847049782011,0.24672484405174666,-0.0658360831860394,0.032636068959083664,0.2574347519639489
817,2.147184433194496,-0.660349916623638,-1.9071107369088702,1.9009607587585777,-0.5907892703612041,-1.9384741923347701,0.2462236744359183,-0.06956064626243386,0.03136345542589991,0.2577759641576866
818,2.14023872606929,-0.6802177561470286,-1.923372837798623,1.89465012372426,-0.6068065587627183,-1.9538313667637117,0.24558860234503022,-0.07341119738431034,0.030458528965088716,0.258129206967946
819,2.1329708587702023,-0.6999700218327466,-1.9396349386883758,1.8881500252564394,-0.6225811326313736,-1.9695725234828305,0.24482083351376294,-0.07738888920137299,0.02993758479445474,0.2585005603040759
820,2.125382753285447,-0.719601490192209,-1.9558970395781285,1.8814611133595462,-0.6381066823479474,-1.9857141762998443,0.24392163992590077,-0.08149480784426155,0.02981713672171571,0.25889811079263475
821,2.1176580470372888,-0.7386588740828107,-1.9730151848337145,1.8745840569191952,-0.6533769978995605,-2.0022730069375108,0.2430739901180936,-0.08528187618325023,0.02925782210379624,0.25925659727675915
822,2.1096082614168647,-0.7575812396547817,-1.9901333300893005,1.8675195436353014,-0.6683859713635882,-2.019265803252276,0.24208871778156338,-0.08919526829119351,0.029132473162975625,0.25963713939891364
823,2.101235755202475,-0.7763630422057647,-2.0072514753448867,1.8602682799533052,-0.6831275993507646,-2.036709385028378,0.24096747524916995,-0.09323544285500007,0.02945790968349149,0.26004988055226647
824,2.0925429817372168,-0.7949987782217045,-2.024369620600473,1.8528309909935323,-0.6975959854064473,-2.0546205159757753,0.23971199074368443,-0.09740279281525721,0.030250895375302456,0.2605076951368609
825,2.0835324882100936,-0.8134829869895088,-2.041487765856059,1.8452084204786805,-0.711785342369123,-2.073015800533438,0.23832406773141313,-0.10169764462038577,0.03152803467737897,0.261026414663343
826,2.074292209720883,-0.8316426249021707,-2.0606610884821346,1.8374013306594494,-0.7256899946851959,-2.091911564088844,0.2368908790614337,-0.10595263021697476,0.03125047560670957,0.26138064323518556
827,2.0647054703540855,-0.8496217690417075,-2.07983441110821,1.8294105022383151,-0.7393043806791324,-2.1113237152817104,0.23529496811577033,-0.1103173883625751,0.031489304173500265,0.26177323100934485
828,2.0547757942433975,-0.8674138101841394,-2.0990077337342856,1.8212367342914608,-0.7526230547780576,-2.1312675891780724,0.2335390599519367,-0.11479075540608186,0.032259855443786734,0.2622176735523127
829,2.044506831587792,-0.8850122078854911,-2.118181056360361,1.812880844188868,-0.765640689689914,-2.1517577702945823,0.23162598739892415,-0.11937151819557712,0.033576713934221125,0.26273095195173346
830,2.0339023573096853,-0.9024104928860917,-2.1373543789864367,1.8043436675125866,-0.7783520785342984,-2.172807894737887,0.2295586897970987,-0.12405841435179321,0.03545351575145039,0.26333369327144623
831,2.0229915563278182,-0.9195625182875807,-2.159105996761799,1.7956260579731689,-0.7907521369251587,-2.1944304311165266,0.22736549835464936,-0.12881038136242207,0.03532443435472743,0.2636948991756802
832,2.011710281491947,-0.9364731773970528,-2.1808576145371616,1.786728887324304,-0.8028359050044701,-2.216636440398034,0.22498139416764307,-0.13363727239258272,0.03577882586087222,0.2641129922478793
833,2.0000638701336335,-0.9531344695411869,-2.202609232312524,1.777653045275642,-0.8145985494261158,-2.2394353155356597,0.22241082485799146,-0.1385359201150711,0.03682608322313552,0.264603357086978
834,1.988057832335722,-0.9695385120257196,-2.2243608500878866,1.7683994394038254,-0.8260353652891601,-2.262834502486271,0.2196583929318967,-0.1435031467365595,0.038473652398384406,0.2651851893254783
835,1.9756978483254395,-0.9856775438648603,-2.246112467863249,1.7589689950617298,-0.8371417780197469,-2.2868392051869093,0.21672885326370972,-0.1485357658451134,0.04072673732366017,0.265881433547413
836,1.9628907979854473,-1.0016674934365568,-2.2706735257631188,1.7493626552859305,-0.8479133452008673,-2.311452078146046,0.2135281426995168,-0.15375414823568956,0.04077855238292738,0.266265837385938
837,1.9496949197564384,-1.0173380972373571,-2.2952345836629884,1.739581380702398,-0.8583457583492696,-2.3366729115189178,0.2101135390540403,-0.1589923388880875,0.04143832785592938,0.2667271979652875
838,1.93611817359327,-1.0326799025202236,-2.319795641562858,1.7296261494304437,-0.868434844638788,-2.3624983148415106,0.2064920241628263,-0.16424505788143562,0.042702673278652625,0.26728058924373976
839,1.9221687491961421,-1.047683654874395,-2.3443566994627276,1.7194979569848965,-0.8781765685694278,-2.3889214069446996,0.20267079221124562,-0.16950708630496725,0.044564707481971944,0.26794423949039703
840,1.9078550610704448,-1.0623403038077894,-2.3689177573625972,1.709197816176561,-0.8875670335815046,-2.4159315208889622,0.1986572448938837,-0.17477327022628486,0.04701376352636499,0.2687390758623156
841,1.8929133613326432,-1.0769065458584655,-2.396195189562715,1.6987267570109346,-0.8966024836142181,-2.443513933963093,0.19418660432170864,-0.18030406224424733,0.04731874440037798,0.2691784830394167
842,1.87757993958905,-1.0910598485177956,-2.4234726217628326,1.6880858265852081,-0.9052793046080264,-2.471649633771164,0.1894941130038419,-0.18578054390976917,0.04817701200833158,0.26970994391118286
843,1.8618662040921015,-1.1047896815563083,-2.4507500539629503,1.6772760889835565,-0.9135940259502211,-2.5003151320731636,0.18459011510854495,-0.1911956556060872,0.04956507811021327,0.2703441996538837
844,1.845783846052296,-1.118085829811085,-2.478027486163068,1.666298625170732,-0.921543321863127,-2.52948233822374,0.17948522088156404,-0.1965425079479579,0.05145485206067191,0.2710931643290966
845,1.8293448309397913,-1.1309384007859655,-2.5053049183631857,1.655154532883968,-0.9291240127343685,-2.559118503655017,0.1741902980558232,-0.20181438805159702,0.053813585291831334,0.27196913266651845
846,1.8121095675349879,-1.1436716334221422,-2.5347630728213386,1.6438449265232045,-0.9363330663886721,-2.5891862477784504,0.1682646410117834,-0.2073385670334701,0.0544231749571118,0.2725145001036266
847,1.7945067385369635,-1.1558916959942513,-2.5642212272794915,1.6323709370396566,-0.9431675993006936,-2.619643673878287,0.1621358014973069,-0.21272409669355774,0.05542244659879536,0.2731505208273646
848,1.7765516182744676,-1.1675879849082298,-2.5936793817376445,1.6207337118227096,-0.949624877748395,-2.6504445810272683,0.15581790645175797,-0.2179631071598348,0.05676519928962387,0.2738784838284474
849,1.7582597867664647,-1.1787503510589517,-2.6231375361957974,1.6089344145851874,-0.9557023189064935,-2.6815387748284367,0.14932537218127728,-0.22304803215245816,0.05840123863263935,0.2746983729438299
850,1.739647116203039,-1.1893691086368106,-2.6525956906539503,1.5969742252469805,-0.9613974918795568,-2.712872476001037,0.1426728909560584,-0.22797161675725375,0.060276785347086914,0.27560824137252193
851,1.7201717462258361,-1.199731961397723,-2.6832141404458945,1.5848543398170567,-0.9667081186743309,-2.7443888216776147,0.13531740640877943,-0.23302384272339216,0.06117468123172021,0.27632092461226593
852,1.7003882596,-1.2094937445349705,-2.7138325902378386,1.5725759702738584,-0.9716320751109048,-2.7760284500182753,0.12781228932614153,-0.23786166942406572,0.062195859780436624,0.2770965175851558
853,1.6803152016869678,-1.218645307194612,-2.744451040029783,1.5601403444441087,-0.976167391672356,-2.807730154671101,0.12017485724285915,-0.24247791552225595,0.0632791146413183,0.2779240582949756
854,1.6599713892970012,-1.2271780705532858,-2.775069489821727,1.5475487058800246,-0.9803122542925307,-2.8394315920225517,0.11242268341697659,-0.2468658162607551,0.06436210220082472,0.27879037139842555
855,1.6393758930500024,-1.2350840358601378,-2.805687939613671,1.5348023137349744,-0.9840650050816433,-2.8710700213760587,0.10457357931502798,-0.2510190307784945,0.06538208176238758,0.2796801814918511
856,1.6191829629088097,-1.242134110466138,-2.745687939613671,1.5219024426375487,-0.9874241429894152,-2.9025830564067965,0.097280520271261,-0.2547099674767229,0.1568951167931254,0.3145739099635711
857,1.599449119858352,-1.2503823477382565,-2.685687939613671,1.5088503825641069,-0.9903883244054711,-2.9339094056196564,0.09059873729424517,-0.25999402333278543,0.24822146600598538,0.3707005793821223
858,1.580245384423618,-1.2597990629293407,-2.625687939613671,1.4956474387097796,-0.9929563636967662,-2.9649895801409523,0.08459794571383839,-0.26684269923257453,0.3393016405272813,0.43987207437757647
859,1.5616408693146266,-1.270350366033535,-2.565687939613671,1.4822949313579503,-0.9951272336818244,-2.9957665489487293,0.07934593795667633,-0.2752231323517105,0.43007860933505837,0.5167312267120012
860,1.5437025306953054,-1.281998283753704,-2.505687939613671,1.4687941957482267,-0.9969000660415961,-3.0261863244390357,0.07490833494707871,-0.28509821771210797,0.5204983848253648,0.5981729022556754
861,1.5258563363048072,-1.2951723024709327,-2.445687939613671,1.4551465819429195,-0.9982741516667748,-3.0561984648014353,0.07070975436188776,-0.29689815080415793,0.6105105251877645,0.682547787834586
862,1.5088322223721435,-1.3093927443836522,-2.3856879396136708,1.4413534546920337,-0.9992489409414315,-3.085756483749059,0.06747876768010985,-0.3101438034422207,0.7000685441353882,0.7686602171239741
863,1.492691457323635,-1.3246084312572108,-2.3256879396136707,1.4274161932968048,-0.999824043962853,-3.1148181624090387,0.06527526402683015,-0.3247843872943579,0.789130222795368,0.8558459364003611
864,1.4774921304835218,-1.3407646030498341,-2.2656879396136707,1.413336191471756,-0.999999230697499,3.139839544846084,0.06415593901176586,-0.34076537235233517,0.8776578227198311,0.943673819328597
865,1.463288943015125,-1.3578031149896403,-2.2056879396136706,1.399114857205336,-0.999774431073011,3.111879164795771,0.064174085809789,-0.35802868391662934,0.9656182027701448,1.031853364251743
866,1.44669917690892,-1.380324169139405,-2.1456879396136705,1.3847536126191209,-0.9991497350062423,3.084514521703087,0.06194556428979903,-0.38117443413316277,1.0529828458628288,1.121563228647097
867,1.4314897160612676,-1.403799486393895,-2.0856879396136705,1.3702538938256013,-0.9981253923672896,3.057769563448156,0.06123582223566637,-0.40567409402660537,1.1397278041177596,1.2113219076563733
868,1.417715298106973,-1.4281445809612945,-2.0256879396136704,1.3556171507845733,-0.9967018128795511,3.0316637948036833,0.0620981473223996,-0.4314427680817434,1.225833572762232,1.301025361067927
869,1.405425496076085,-1.4532718367907083,-1.9656879396136704,1.3408448471581444,-0.9948795659558413,3.006212463340424,0.06458064891794058,-0.458392270834867,1.3112849042254915,1.3905977974329835
870,1.3946645399845217,-1.4790908228953303,-1.9056879396136703,1.325938460164364,-0.9926593804706327,2.9814267933001624,0.06872607982015766,-0.4864314424246976,1.396070574265753,1.4799837399638984
871,1.381517867745659,-1.5168686604332826,-1.8456879396136703,1.3108994804295147,-0.9900421444685181,2.957314255765872,0.07061838731614434,-0.5268265159647645,1.4801831118000441,1.5727285776664601
872,1.3706601629133803,-1.5553668454005654,-1.7856879396136702,1.295729411839035,-0.987028904809002,2.9338788640941087,0.07493075107434533,-0.5683379405915634,1.5636185034718073,1.6653904817104723
873,1.3621305015001677,-1.594446825904347,-1.7256879396136702,1.2804297713871424,-0.9836208667477723,2.9111214845518916,0.08170073011302526,-0.6108259591565747,1.6463758830140245,1.757935411171514
874,1.3559595810761795,-1.6339679562161284,-1.6656879396136701,1.2650020890251326,-0.9798193934546138,2.8890401533006966,0.09095749205104697,-0.6541485627615147,1.7284572142652195,1.8503372527916782
875,1.352169610291148,-1.6737880029444863,-1.60568793961367,1.2494479075083849,-0.9756260054681576,2.867630392188506,0.10272170278276316,-0.6981619974763287,1.8098669753774104,1.9425757106235275
876,1.350774228947222,-1.7137636569216887,-1.54568793961367,1.2337687822420895,-0.9710423800876875,2.8468855171578986,0.11700544670513247,-0.7427212768340012,1.8906118504080176,2.0346346941217295
877,1.3517784589104085,-1.7537510489619437,-1.48568793961367,1.217966281125707,-0.9660703507022413,2.826796934384504,0.13381217778470145,-0.7876806982597023,1.9707004331814124,2.126501064818869
878,1.3551786860372783,-1.7936062676351074,-1.42568793961367,1.2020419843961807,-0.9607119060572806,2.807354420475193,0.1531367016410976,-0.8328943615778268,2.0501429470907233,2.2181636482558016
879,1.3609626731819795,-1.8331858771924279,-1.3656879396136699,1.1859974844699102,-0.9549691894592174,2.7885463841460103,0.17496518871206934,-0.8782166877332105,2.128950983419906,2.3096124475068813
880,1.3691096042367474,-1.8723474337803478,-1.3056879396136698,1.1698343857835234,-0.9488444979181241,2.7703601077480107,0.19927521845322405,-0.9235029358622238,2.2071372598179053,2.400838013884364
881,1.3795901590474149,-1.9109499980845568,-1.2456879479263765,1.153554304633417,-0.9423402812289547,2.7527819678085708,0.22603585441399798,-0.968609716855602,2.2847153914446388,2.491830935471302
882,1.3923666186192143,-1.9488546426655335,-1.1856879562390832,1.1371588690141392,-0.9354591409916634,2.735797634409647,0.2552077496050751,-1.01339550167387,2.361699716530856,2.58258145841196
883,1.4073930015073448,-1.985924951772679,-1.1256879645517899,1.1206497184555895,-0.9282038295705979,2.7193922497417313,0.28674328305175534,-1.057721122202081,2.4381050928860653,2.673079147104458
884,1.4246152289749356,-2.022027512361293,-1.0656879728644966,1.1040285038590658,-0.9205772489935901,2.703550586566602,0.32058672511586983,-1.101450263367703,2.513946747748488,2.7633126463555477
885,1.4439713196180466,-2.0570323942353355,-1.0056879811772033,1.0872968873321767,-0.9125824497911844,2.688257187608608,0.3566744322858699,-1.1444499444441512,2.589240138393775,2.8532694966045677
886,1.4653916124317286,-2.090813617655693,-0.945687993272351,1.0704565420226324,-0.9042226297764663,2.6734964870893,0.39493507040909615,-1.1865909878792267,2.664000826817935,2.9429359978840655
887,1.4887990173916599,-2.1232496068196105,-0.8856880053674987,1.0535091519509268,-0.8955011327659768,2.6592529157394935,0.4352898654407331,-1.2277484740536337,2.7382443860725942,3.0322971325967574
888,1.5141092931509024,-2.1542236272398125,-0.8256880174626464,1.0364564118419504,-0.8864214472422383,2.6455109906809953,0.477652881308952,-1.2678021799975743,2.8119862990359445,3.1213365067860295
889,1.5412313500852544,-2.183624205935644,-0.7656880295577941,1.0193000269555008,-0.8769872049583982,2.632255391580335,0.5219313231297535,-1.3066370009772459,2.885241886041457,3.2100363392576803
890,1.5700675781174005,-2.2113455326152613,-0.7056880416529419,1.0020417129157693,-0.8672021794855813,2.619471024450662,0.5680258652016312,-1.34414335312968,2.9580262410759826,3.298377476911166
891,1.6005141980076427,-2.2372878404782695,-0.6456880533131779,0.9846831955397783,-0.8570702847035119,2.607143074424953,0.6158310024678644,-1.3802175557747576,3.0303541794414555,3.3863394362833326
892,1.6324616348574126,-2.2613577652544286,-0.585688064973414,0.9672262106648,-0.8465955732350124,2.5952570487522775,0.6652354241926126,-1.414762192019416,3.102240193453895,3.473900465967493
893,1.6657949124378177,-2.283468681240603,-0.52568807663365,0.9496725039747743,-0.8357822348250097,2.5837988111854746,0.7161224084630434,-1.4476864464155934,-3.1094868878191244,3.50393151425044
894,1.7003940669918014,-2.303541013047086,-0.4656880882938861,0.9320238308257422,-0.8246345946646914,2.572754608838554,0.7683702361660592,-1.4789064183823948,-3.03844269713244,3.4655001136799846
895,1.7361345789739555,-2.3215025219829606,-0.40568809995412214,0.9142819560703085,-0.8131571116614865,2.562111092499413,0.821852622903647,-1.508345410321474,-2.967799192453535,3.429049381000413
896,1.7728878211862449,-2.337288566037276,-0.3456881094008451,0.8964486538811698,-0.8013543766555692,2.5518553312912466,0.8764391673050751,-1.535934189381707,-2.897543440692092,3.394554085413255
897,1.8105215217268404,-2.3508423324370917,-0.28568811884756806,0.8785257075736812,-0.7892311105835723,2.5419748224863588,0.9319958141531592,-1.5616112218535194,-2.827662941333927,3.3619820813935175
898,1.848900239955952,-2.3621150422750348,-0.22568812829429102,0.8605149094275374,-0.7767921625902832,2.532457497190761,0.9883853305284146,-1.5853228796847516,-2.758145625485052,3.331294265872957
899,1.887885853975477,-2.3710661259815256,-0.16568813774101399,0.8424180605075443,-0.7640425080890486,2.523291722537723,1.0454677934679326,-1.607023617892477,-2.688979860278737,3.302444625520251
900,1.9273380577185242,-2.377663369331372,-0.10568814718773695,0.8242369704835132,-0.750987246771676,2.5144663009541306,1.1031010872350109,-1.6266761225596957,-2.6201544481418675,3.275380366992897
901,1.9671148658995823,-2.3818830293801563,-0.04568815278014185,0.8059734574492955,-0.7376316005686248,2.505970466995288,1.1611414084502867,-1.6442514288115315,-2.55165861977543,3.2500421294870825
902,2.0070731250151033,-2.3837099197591582,0.014311841627453248,0.7876293477409753,-0.7239809115603028,2.4977938821817167,1.219443777274128,-1.6597290081988554,-2.4834820405542635,3.226364293185895
903,2.0470690285088122,-2.383137465637043,0.07431183603504835,0.7692064757542365,-0.710040639840307,2.489926628215464,1.2778625527545757,-1.6730968257967362,-2.4156147921804156,3.2042753496577645
904,2.0869586343453492,-2.380167727230091,0.13431183044264344,0.7507066837609222,-0.6958163613314545,2.482359198903139,1.336251950584427,-1.6843513658986364,-2.3480473684604957,3.183698359420934
905,2.1265983830460606,-2.3748113923876417,0.19431182485023854,0.732131821724822,-0.6813137655554999,2.475082491068045,1.3944665613212386,-1.6934976268321418,-2.280770666217806,3.1645514744760894
906,2.1658456083466566,-2.3670877393084226,0.2543118248502385,0.7134837471166572,-0.6665386533573856,2.4680877946939646,1.4523618612299996,-1.700549085951037,-2.2137759698437263,3.14674851463251
907,2.204559068649383,-2.357024563762249,0.3143118248502385,0.6947643247283485,-0.6514969345849919,2.4613667825080277,1.5097947439210344,-1.705527629177257,-2.1470549576577893,3.130199618852042
908,2.2425994373026694,-2.3446580823141607,0.3743118248502385,0.6759754264865352,-0.6361946257252741,2.454911499179146,1.5666240108161342,-1.7084634565888868,-2.0805996743289077,3.1148119009954414
909,2.2798298100580334,-2.3300328009431746,0.4343118248502385,0.6571189312653843,-0.6206378474977482,2.448714350281457,1.622710878792649,-1.7093949534454262,-2.0144025254312186,3.1004901608423747
910,2.316116197777533,-2.313201354868817,0.4943118248502385,0.6381967246987043,-0.6048328224062841,2.4427680911485643,1.6779194730788287,-1.7083685324625328,-1.9484562662983258,3.0871376099102767
911,2.3513280084091233,-2.2942243192509792,0.5543118248502386,0.619210698991383,-0.5887858722501876,2.4370658157238534,1.7321173094177402,-1.7054384470007915,-1.8827539908736148,3.074656608508265
912,2.385338517706924,-2.2731699908100187,0.6143118248502386,0.6001627527301665,-0.5725034155955617,2.431600945494345,1.7851757649767575,-1.700666575214457,-1.8172891206441064,3.062949405380939
913,2.418025324564406,-2.250114142392376,0.6743118248502387,0.5810547906938144,-0.5559919652079778,2.426367218580206,1.8369705338705917,-1.6941221771843984,-1.7520553937299672,3.0519188711751633
914,2.449270791774398,-2.2251397501550265,0.7343118248502387,0.5618887236626036,-0.5392581254474379,2.4213586790388097,1.8873820681117943,-1.6858816247075885,-1.687046854188571,3.041469219272851
915,2.4789624693959986,-2.1983366949409175,0.7943118248502388,0.5426664682272655,-0.5223085896267315,2.4165696664309295,1.9362960011687331,-1.676028105314186,-1.6222578415806908,3.0315067076480515
916,2.5069935039309312,-2.1698014342464464,0.8543118248502388,0.5233899465973252,-0.5051501373341961,2.4119948056869718,1.983603557333606,-1.6646512969122504,-1.557682980836733,3.0219403173733568
917,2.5332630091814674,-2.1396366684775554,0.9143118248502389,0.504061086408882,-0.48778963172197237,2.4076289973029317,2.0292019227725855,-1.651847036755583,-1.4933171724526928,3.012682401741721
918,2.5576764432963666,-2.1079509582169744,0.9743118248502389,0.48468182053184755,-0.470234016760835,2.4034674078887996,2.072994622764519,-1.6377169414561394,-1.4291555830385607,3.003649308237123
919,2.5801459442761603,-2.074858337805181,1.034311824850239,0.46525408687666003,-0.4524903144626965,2.3995054610862865,2.1148918573995004,-1.6223680233424846,-1.3651936362360475,2.9947619665139182
920,2.60059064618147,-2.0404779049399155,1.094311824850239,0.44577982820049183,-0.43456562207189353,2.395738828867818,2.1548108179809784,-1.605912282868022,-1.301427004017579,2.985946444318854
921,2.618936969154802,-2.0049333940065104,1.154311824850239,0.426260991912989,-0.416467109226396,2.3921634232246705,2.1926759772418127,-1.5884662847801143,-1.2378515983744314,2.9771344710399985
922,2.635118887368688,-1.9683527249714057,1.2143118248502391,0.40669952988151115,-0.3982020150900286,2.388775388248735,2.228419357487177,-1.5701507098813772,-1.1744635633984957,2.9682639280082976
923,2.649078163391933,-1.9308675487407458,1.2743118248502392,0.38709739823596034,-0.3797776454569147,2.385571092609647,2.2619807651559727,-1.551089903283831,-1.111259267759408,2.9592793092551806
924,2.6607645589050626,-1.8926127714698286,1.3343118248502392,0.367456557173166,-0.3612013698292525,2.382547122426782,2.2933080017318965,-1.5314114016405762,-1.0482352975765425,2.9501321514413013
925,2.670136015504022,-1.8537260690466275,1.3943118248502393,0.3477789707608671,-0.3424806184696126,2.379700274533819,2.3223570447431547,-1.511245450577015,-0.9853884496835796,2.9407814355928754
926,2.6771588061510676,-1.8143473911247363,1.4543118248502394,0.328066606741307,-0.3236228794289322,2.377027550132213,2.3490921994097604,-1.490724511695804,-0.9227157252819738,2.9311939616444898
927,2.6818076562687403,-1.7746184588973068,1.5143118248502394,0.30832143633446063,-0.3046356955513944,2.3745261488288225,2.3734862199342794,-1.4699827633459124,-0.8602143239785831,2.921344697896832
928,2.684065835016772,-1.7346822536182596,1.5743118248502395,0.28854543404091454,-0.2855266614573912,2.3721934630521706,2.3955204009758577,-1.4491555921608683,-0.7978816382019311,2.911217104642395
929,2.6839252153902105,-1.6946825025006726,1.6343118248502395,0.2687405774444146,-0.26630342050577305,2.370027072841291,2.4151846379457957,-1.4283790819948996,-0.7357152479910516,2.9008034341155366
930,2.68138630346786,-1.654763161454022,1.6943118248502396,0.2489088470141234,-0.2469736617366209,2.3680247410007484,2.4324774564537366,-1.407789499717401,-0.6737129161505089,2.8901050058878885
931,2.6764582363804985,-1.6150678953032267,1.7543118233979158,0.22905222590655416,-0.22754511679571235,2.366184408615277,2.4474060104739443,-1.3875227785075144,-0.611872585217361,2.8791324564044944
932,2.6691587500135054,-1.5757395658347877,1.814311821945592,0.20917269976727051,-0.20802555684197999,2.36450419091746,2.459986050246235,-1.3677140089928077,-0.5501923689718677,2.8679059644061073
933,2.6595141146340313,-1.5369197125584422,1.8743118204932683,0.1892722565323201,-0.1884227894391479,2.3629823735019793,2.470241858101711,-1.3484969231192943,-0.488670553008711,2.8564554431248945
934,2.6475590405128058,-1.4987480450188126,1.9343118190409445,0.16935288622944283,-0.16874465543281053,2.361617408880159,2.478206154283363,-1.3300033895860022,-0.4273055898392144,2.844820702003209
935,2.633336553004652,-1.4613619399919393,1.9943118175886207,0.14941658077906955,-0.1489990258141988,2.3604079133688436,2.4839199722255825,-1.3123629141777404,-0.36609609578022284,2.833051569999345
936,2.6168978452999228,-1.424895963928001,2.0543118175886206,0.12946533379513178,-0.12919379857188856,2.3593526643079974,2.487432511504791,-1.2957021653561125,-0.3050408467193768,2.8212079892781436
937,2.5983020723682473,-1.3894813377070336,2.1143118175886206,0.10950114038569836,-0.10933689553270708,2.3584505976018466,2.488800931982549,-1.2801444421743267,-0.24413878001322598,2.8093600010987143
938,2.5776161589111553,-1.3552455157402257,2.1743118175886207,0.08952599695348055,-0.08943625919312186,2.3577008055788626,2.4880901619576745,-1.2658092565471037,-0.18338898799024195,2.797587755354063
939,2.554914551878986,-1.3223117100164068,2.2343118175886207,0.06954190099617216,-0.06949984954232696,2.357102535166389,2.4853726508828142,-1.2528118604740799,-0.12279071757776805,2.7859813947375986
940,2.5302789525422624,-1.2907984466719404,2.294311817588621,0.04955085090671553,-0.04953564087836742,2.3566551863762744,2.4807281016355467,-1.241262805793573,-0.062343368787653564,2.774640870981798
941,2.503798010909154,-1.26081912635308,2.354311817588621,0.029554845773460472,-0.029551618618522946,2.356358311098441,2.4742431651356935,-1.231267507734557,-0.002046493509820113,2.763675651005242
942,2.4755670405151435,-1.2324816559795724,2.414311817588621,0.009555885180257023,-0.009555776105247387,2.3562116121999095,2.4660111553348867,-1.222925879874325,0.05810020538871141,2.7532043803119133
943,2.4456876423678593,-1.205888019843967,2.474311817588621,-0.010444030993501241,0.010443888591061618,2.3562149429274206,2.4561316733613605,-1.2163319084350286,0.11809687466120034,2.743354330043937
944,2.4142673500347533,-1.1811339263186709,2.534311817588621,-0.030442902772863486,0.030439375871184192,2.3563683066123997,2.444710252807617,-1.2115733021898552,0.1779435109762213,2.734260773931495
945,2.3814192426383816,-1.158308463409162,2.594311817588621,-0.050438730287320994,0.05042268780681477,2.3566718566776563,2.4318579729257026,-1.2087311512159769,0.23763996091096473,2.726066203785956
946,2.3472615559439056,-1.1374937891326466,2.654311817588621,-0.07042951397077836,0.07038583133961263,2.3571258969458246,2.417691069914684,-1.2078796204722593,0.2971859206427965,2.718919410082933
947,2.311917203379358,-1.118764801777524,2.714311817588621,-0.09041325476152971,0.09032082147833986,2.3577308822501957,2.4023304581408875,-1.2090856232558638,0.3565809353384255,2.712974315750566
948,2.2755133864466504,-1.1021889054733933,2.774311817588621,-0.11038795430214902,0.11021968449273731,2.3584874193492102,2.3859013407487994,-1.2124085899661305,0.415824398239411,2.708388769542096
949,2.238181119575336,-1.0878257555471296,2.8343118175886213,-0.1303516151393278,0.1300744611029139,2.359396268146511,2.3685327347146634,-1.2179002166500434,0.47491554944211023,2.7053230920230296
950,2.200054758612141,-1.0757270438281266,2.8943118175886213,-0.1503022409236186,0.14987720966295232,2.3604583432190505,2.3503569995357596,-1.225604253491079,0.5338534743695709,2.7039384873806998
951,2.161271496955928,-1.0659363074815085,2.9543118171923335,-0.17023783660906852,0.16962000933746174,2.3616747156563527,2.3315093335649966,-1.2355563168189703,0.5926371015359808,2.7043952962998814
952,2.1219709324554725,-1.058488788911624,3.0143118167960457,-0.1901564086527219,0.18929496326980613,2.3630466152146,2.3121273411081944,-1.2477837521814301,0.6512652015814457,2.7068512143261474
953,2.0822945047015913,-1.0534112911426154,3.074311816399758,-0.21005596521397318,0.2088942017407418,2.364575432789753,2.2923504699155646,-1.2623054928833572,0.709736383610005,2.711459306075865
954,2.0423850059869126,-1.0507220876831707,3.13431181600347,-0.22993451635375262,0.22840988531620351,2.366262723214435,2.2723195223406654,-1.2791319729993742,0.7680490927890351,2.7183660579277844
955,2.0023860674078255,-1.0504308567616245,-3.088873491572404,-0.24979007423350463,0.2478342079829598,2.3681102083837824,2.25217614164133,-1.2982650647445844,0.8262016072233997,2.7277094139759863
956,1.9624416423140243,-1.052538646475456,-3.02887349223438,-0.269620653313991,0.267159400270935,2.3701197807158785,2.2320622956280154,-1.319698046746391,0.8841920342293275,2.7396168672909433
957,1.9226954871310697,-1.057037871044704,-2.9688734928963556,-0.2894242705538291,0.28637773236087966,2.3722935069527646,2.2121197576848988,-1.3434156034055835,0.942018307330466,2.7542036593467882
958,1.8832906450937683,-1.0639123381198554,-2.9088734935583314,-0.30919894560779787,0.30548151717619876,2.3746336323082975,2.192489590701566,-1.369393855296054,0.9996781813129569,2.771571143313931
959,1.844368931078203,-1.0731373070435195,-2.848873494220307,-0.32894270102487083,0.3244631134576801,2.3771425849693415,2.173311632103074,-1.3976004205011996,1.057169227989938,2.791805358944011
960,1.8060704212213325,-1.0846795778900742,-2.788873494882283,-0.3486535624459593,0.3433149288198954,2.379822980956867,2.154723983667292,-1.4279945067099695,1.1144888313404362,2.814975863514191
961,1.7685329474343936,-1.0984976114515703,-2.7288734949775204,-0.3683295588013468,0.36202942278805417,2.3826776293535232,2.1368625062357403,-1.4605270342396244,1.1716341828485426,2.8411348519069017
962,1.7318916054849542,-1.114541677331391,-2.668873495072758,-0.38796872250779796,0.38059910981409556,2.3857095379040607,2.119860327992752,-1.4951407871454865,1.2286022742027676,2.8703165908588857
963,1.6962782646357133,-1.132754034218064,-2.6088734951679955,-0.40756908966530103,0.3990165622707952,2.388921918994649,2.1038473543010143,-1.531770596488859,1.2853898930169416,2.9025371707417147
964,1.661821094455528,-1.1530691372939905,-2.548873495263233,-0.4271287002534774,0.4172744134227364,2.39231819601659,2.0889497947090057,-1.570343550716727,1.3419936158997636,2.937794577094889
965,1.6286441035473753,-1.1754138741260078,-2.4888734953584706,-0.4466455983275678,0.4353653603728932,2.3959020101191086,2.075289701874943,-1.6107792344989011,1.398409801702007,2.976069062118234
966,1.5968666931501212,-1.1997078278685438,-2.428873501643354,-0.4661178322140288,0.45328216698369495,2.3996772273548608,2.06298452536415,-1.6529899948522386,1.4546345781813717,3.0173237862407887
967,1.5666032275690824,-1.2258635662642627,-2.368873507928237,-0.4855434547056987,0.47101766677138485,2.4036479462203655,2.052146682274781,-1.6968812330356475,1.5106638530309837,3.0615057082184887
968,1.5379626225769194,-1.2537869569194624,-2.3088735142131203,-0.5049205232565162,0.48856476577251795,2.407818505591774,2.0428831458334358,-1.7423517226919802,1.5664932873746924,3.108546652776502
969,1.5110479534018746,-1.283377505802474,-2.2488735204980035,-0.5242471001757738,0.5059164453814522,2.4121934930541324,2.0352950535776486,-1.789293951183926,1.6221182936274499,3.1583645383935433
970,1.485956083768337,-1.3145287189135801,-2.1888735267828867,-0.5435212528218883,0.5230657651576994,2.416777753619516,2.0294773365902254,-1.8375944840712797,1.6775340267771837,3.2108647057479422
971,1.4627773172921072,-1.3471284855483339,-2.128873528959708,-0.5627410537956501,0.5400058656019979,2.4215763988259873,2.0255183710877573,-1.8871343511503318,1.7327353793938904,3.2659413077869104
972,1.4415950726243558,-1.381059481861963,-2.0688735311365294,-0.5819045811329816,0.5567299709000376,2.4265948162052435,2.0234996537573373,-1.9377894527620008,1.7877169598378133,3.323478710701104
973,1.4224855829662775,-1.4161995929176754,-2.0088735333133507,-0.6010099184971187,0.5732313916326847,2.431838679101828,2.023495501463396,-1.98943098455036,1.842473094764408,3.3833528919789537
974,1.4055176218398802,-1.4524223522716102,-1.948873535490172,-0.620055155370246,0.589503527451662,2.4373139568209106,2.025572777210126,-2.041925879723272,1.896997814868504,3.4454327861205307
975,1.39075225557759,-1.4895973971154355,-1.8888735376669934,-0.6390383872445473,0.605539869719601,2.4430269250746033,2.029790642822137,-2.0951372668350365,1.951284844437989,3.509581565472254
976,1.3782426235494145,-1.5275909374416494,-1.8288735376669933,-0.6579577158126543,0.6213340041134094,2.4489841766885143,2.0362003393620687,-2.148924941555059,2.005327592824079,3.575657838915412
977,1.3680337470027972,-1.5662662375653191,-1.7688735376669933,-0.6768112491574763,0.6368796131899154,2.455192632520491,2.0448449961602737,-2.2031458507552344,2.059119136992102,3.643516751484589
978,1.3601623668690421,-1.6054841081703115,-1.7088735376669932,-0.69559710194139,0.6521704789127604,2.4616595525321086,2.0557594688104324,-2.257654587083072,2.112652216980484,3.7130109908393134
979,1.3546568116165605,-1.6451034072726665,-1.6488735376669932,-0.7143133955947752,0.6672004851395333,2.4683925469401653,2.068970207211336,-2.3123038924121997,2.1659192225724277,3.7839916870814445
980,1.3515368952989748,-1.6849815481793244,-1.5888735376669931,-0.7329582585038568,0.6819636200681355,2.4753995873599552,2.0844951538028313,-2.36694516824746,2.2189121821526374,3.856309213201512
981,1.350813846248086,-1.7249750125266037,-1.528873538455542,-0.7515298261978846,0.6964539786414377,2.4826890178342347,2.1023436724459708,-2.4214289911680416,2.2716227508898097,3.92981388855794
982,1.3524902666188308,-1.7649398671512315,-1.468873539244091,-0.7700262415355653,0.7106657649092125,2.490269565621063,2.122516508154396,-2.475605632060444,2.3240422023144323,4.004356593888191
983,1.3565601231083495,-1.8047322817372027,-1.40887354003264,-0.7884456548907789,0.7245932943464408,2.4981503515899917,2.1450057779991285,-2.5293255760836435,2.376161415556955,4.0797892997386676
984,1.3630087686285826,-1.8442090465664216,-1.348873540821189,-0.8067862243375392,0.7382309961270456,2.5063409000487984,2.1697949929661218,-2.582440042693467,2.427970866309599,4.155965521182252
985,1.3718129950199682,-1.8832280879190266,-1.2888735416097379,-0.8250461158341854,0.7515734153521484,2.514851147791886,2.1968591108541538,-2.634801503271175,2.4794606177779626,4.23274070428308
986,1.382941113998421,-1.9216489704868613,-1.348873541609738,-0.8432235034067843,0.7646152152319554,2.523691452126122,2.226164617405205,-2.6862641857188168,2.4106203134437267,4.2406266606304746
987,1.3917453383199319,-1.960668002809389,-1.408873541609738,-0.8613165693317297,0.7773511792204058,2.5328725975898596,2.2530619076516616,-2.7380191820297948,2.3414391679799884,4.249161608861784
988,1.3981939822843652,-2.000144758505747,-1.468873541609738,-0.8793235043175001,0.7897762131017095,2.542405801035813,2.277517486601865,-2.7899209716074562,2.271905964534035,4.2582040394135285
989,1.4022638377371486,-2.039937163885208,-1.528873541609738,-0.8972425076856059,0.8018853470279821,2.5523027146979134,2.2995063454227544,-2.8418225109131905,2.2020090508719345,4.267613909000483
990,1.4039402575935684,-2.0799020092590483,-1.5888735416097381,-0.9150717875506427,0.8136737375071053,2.5625754268059584,2.319012045144211,-2.8935757467661536,2.13173633876389,4.277253474579653
991,1.4032172083828327,-2.1198954737231186,-1.6488735416097382,-0.9328095609994818,0.8251366693400644,2.5732364592495207,2.3360267693823147,-2.945032143063183,2.061075306320327,4.286988081307146
992,1.4000972919080177,-2.1597736146174755,-1.7088735416097383,-0.9504540542695596,0.836269557506963,2.584298761724097,2.3505513461775775,-2.9960431721244385,1.9900130038457506,4.296686871966106
993,1.3945917364993272,-2.1993929136981234,-1.7688735416097383,-0.9680035029262528,0.8470679490009707,2.5957757017178724,2.36259523942558,-3.046460862699094,1.9185360638519757,4.306223482544113
994,1.386720356210946,-2.238610784272081,-1.8288735416097384,-0.9854561520393205,0.8575275246094671,2.6076810496170584,2.3721765082502664,-3.096138308881548,1.8466307159527897,4.3154766614035385
995,1.3765114795118418,-2.2772860843554996,-1.8888735416097384,-1.0028102563583978,0.8676441006416691,2.620028958122165,2.3793217358702394,-3.1449301849971687,1.7742828074476824,4.3243308467432655
996,1.3640018473338675,-2.3152796246323915,-1.948873540466079,-1.0200640804875087,0.8774136306020465,2.632833935077795,2.3840659278213763,-3.192693255234438,1.701477831635712,4.332676699427968
997,1.3492364808865978,-2.3524546694027455,-2.0088735393224195,-1.0372158990586215,0.8868322068088755,2.646110808726245,2.3864523799452195,-3.239286876211621,1.6282009591309219,4.340411592402027
998,1.3322685195425352,-2.3886774286547188,-2.06887353817876,-1.054263996904172,0.8958960619572528,2.659874684302496,2.3865325164467075,-3.2845734906119715,1.5544370846983302,4.347440064862747
