timestep,px,py,theta,px_ref,py_ref,theta_ref,error_px,error_py,error_theta,error_norm
0,0.0,0.0,0.7853981633974483,0.0,0.0,0.7853981633974483,0.0,0.0,0.0,0.0
1,0.0,0.0,0.7853231571470295,0.01999966666833333,0.01999866669333308,0.7853231571470295,-0.01999966666833333,-0.01999866669333308,0.0,0.028283092765033196
2,0.0,0.0,0.7852481508966107,0.03999733338666616,0.03998933418663416,0.7850980633706443,-0.03999733338666616,-0.03998933418663416,0.00015008752596645802,0.05655931446720228
3,0.0,0.0,0.7851731446461919,0.05999100040499132,0.0599640064794446,0.7847226568420766,-0.05999100040499132,-0.0599640064794446,0.0004504878041152738,0.08482219722407691
4,0.0,0.0,0.7850981383957731,0.07997866837326832,0.07991469396917268,0.7841965616812204,-0.07997866837326832,-0.07991469396917268,0.0009015767145527098,0.11306528444894118
5,0.0,0.0,0.7850231321453544,0.09995833854135666,0.09983341664682815,0.7835192505983565,-0.09995833854135666,-0.09983341664682815,0.0015038815469978761,0.14128213681508026
6,0.01439507418364375,0.014384281025519188,0.7838555033891987,0.11992801295888919,0.11971220728891936,0.7826900438339384,-0.10553293877524544,-0.10532792626340018,0.001165459555260373,0.14910577290454893
7,0.028806934050822314,0.02875174414684043,0.7826878746330431,0.13988569467506554,0.1395431146442365,0.7817081077917023,-0.11107876062424323,-0.11079137049739607,0.0009797668413408234,0.15688906520714757
8,0.043235559953029155,0.043102369775985805,0.7815202458768875,0.1598293879383454,0.15931820661424598,0.7805724533623122,-0.11659382798531623,-0.11621583683826017,0.0009477925145753296,0.16462423809068125
9,0.05768093221889965,0.057436138347932875,0.7803526171207319,0.17975709839602208,0.17902957342582415,0.7792819339341677,-0.12207616617712243,-0.12159343507789128,0.0010706831865642252,0.17230409213083642
10,0.07214303115423791,0.07175303032064141,0.7791849883645763,0.1996668332936563,0.19866933079506124,0.7778352430874435,-0.12752380213941839,-0.12691630047441982,0.00134974527713283,0.17992189764039251
11,0.0949126479734217,0.09424144743490863,0.7773006163771472,0.21955660167434962,0.21822962308086932,0.7762309119668949,-0.12464395370092793,-0.1239881756459607,0.0010697044102523368,0.17581333044379194
12,0.11772460088495475,0.11668691821989602,0.7754162443897181,0.23942441457783872,0.23770262642713458,0.7744673063284713,-0.12169981369288398,-0.12101570820723856,0.0009489380612468512,0.17162909651112848
13,0.14057880888686042,0.13908936297495245,0.773531872402289,0.2592682852393897,0.2570805518921551,0.7725426232543283,-0.1186894763525293,-0.11799118891720267,0.0009892491479607246,0.1673621554378688
14,0.16347519082712025,0.16144870215220603,0.77164750041486,0.279086229288473,0.27635564856411376,0.7704548875304338,-0.11561103846135273,-0.11490694641190774,0.0011926128844261807,0.16300595349039715
15,0.1864136654039622,0.18376485635684664,0.7697631284274309,0.29887626494719843,0.29552020666133955,0.7682019476806334,-0.11246259954323623,-0.1117553503044929,0.0015611807467974526,0.15855450767173546
16,0.21263875965739612,0.2091824495854434,0.7670377388018568,0.31863641322849195,0.31456656061611776,0.765781471650788,-0.10599765357109583,-0.10538411103067435,0.0012562671510687462,0.1494753880324731
17,0.23893302927332205,0.23452847490502549,0.7643123491762827,0.33836469813399206,0.33348709214081446,0.7631909421364422,-0.09943166886067001,-0.09895861723578897,0.0011214070398404274,0.14028799753145785
18,0.26529627894463625,0.25980274405180503,0.7615869595507085,0.35805914685164836,0.35227423327509,0.760427651547437,-0.0927628679070121,-0.09247148922328496,0.0011593080032715752,0.13098576249559465
19,0.2917283128518688,0.2850050692949807,0.7588615699251344,0.37771778995300115,0.3709204694129827,0.7574886966029721,-0.08598947710113236,-0.08591540011800197,0.0013728733221622935,0.12156286822348855
20,0.3182289346646381,0.310135263438132,0.7561361802995603,0.39733866159012243,0.38941834230865047,0.7543709725508718,-0.07910972692548435,-0.07928307887051844,0.001765207748688491,0.11201460372562848
21,0.3407329822497608,0.3313593730831817,0.7528088318606689,0.4169197996921991,0.40776045305957015,0.7510711670052485,-0.07618681744243833,-0.07640107997638845,0.0017376648554204843,0.10791003499543354
22,0.36330752513884246,0.3525084865702187,0.7494814834217776,0.43645924616173865,0.4259394650659996,0.7475857533974175,-0.07315172102289619,-0.0734309784957809,0.0018957300243600539,0.10366714370418782
23,0.3859523134037591,0.37358236975238646,0.7461541349828862,0.4559550470703768,0.44394810696551984,0.7439109840358401,-0.07000273366661774,-0.07036573721313338,0.0022431509470460798,0.0992811735452316
24,0.4086670963386835,0.3945807893157208,0.7428267865439948,0.47540525285426916,0.46177917554148284,0.7400428827720981,-0.06673815651558568,-0.06719838622576202,0.002783903771896745,0.09474890377548795
25,0.43145162246286084,0.4155035127817335,0.7394994381051034,0.4948079185090459,0.479425538604203,0.7359772372714972,-0.06335629604618503,-0.06392202582246953,0.003522200833606215,0.09006914861734044
26,0.43318749497858217,0.4170869271832228,0.7368499434905135,0.5141611037843102,0.49688013784373675,0.7317095908888981,-0.08097360880572807,-0.07979321066051392,0.005140352601615383,0.11379852817767534
27,0.4349275566445704,0.4186657368475709,0.7342004488759235,0.5334628733776623,0.5141359916531132,0.7272352341528829,-0.0985353167330919,-0.09547025480554228,0.006965214723040569,0.13737646236697162
28,0.43667179524591,0.42023993069182186,0.7315509542613335,0.5527112971282275,0.5311861979208834,0.7225491958644261,-0.11603950188231754,-0.11094626722906153,0.009001758396907422,0.16079574578761405
29,0.43842019853836406,0.42180949766542203,0.7289014596467436,0.5719044502096711,0.5480239367918736,0.7176462338199793,-0.133484251671307,-0.12621443912645153,0.011255225826764303,0.1840511075670696
30,0.4401727542484604,0.4233744267502975,0.7262519650321536,0.5910404133226791,0.5646424733950353,0.712520825173375,-0.15086765907421867,-0.14126804664473774,0.013731139858778607,0.2071382527665419
31,0.41959730756781555,0.4050995143711873,0.7270977309383889,0.610117272886887,0.5810351605373051,0.7071671564563529,-0.19051996531907145,-0.1759356461661178,0.019930574482036056,0.2600931305825926
32,0.39903732454217117,0.3868072065190482,0.7279434968446242,0.6291331212322355,0.597195441362392,0.7015791132839158,-0.23009579669006436,-0.2103882348433438,0.02636438356070847,0.31289353738207754
33,0.3784928198784928,0.3684975162787325,0.7287892627508595,0.6480860567897367,0.6131168519734339,0.6957502697783335,-0.2695932369112439,-0.2446193356947014,0.03303899297252599,0.3655279850307466
34,0.357963808272674,0.35017045674752645,0.7296350286570948,0.6669741842816288,0.6287930240184685,0.6896738777545541,-0.3090103760089548,-0.27862256727094203,0.03996115090254071,0.41798904418094723
35,0.3374503044095258,0.33182604103514085,0.7304807945633301,0.6857956149109028,0.6442176872376911,0.6833428557202919,-0.348345310501377,-0.3123916462025503,0.047137938843038296,0.4702711784107231
36,0.3093082461233604,0.30661684241602344,0.7784807945633302,0.7045484665501799,0.6593846719714731,0.6767497777563413,-0.3952402204268195,-0.35276782955544966,0.10173101680698893,0.5394526607524404
37,0.28240817819553976,0.28008637907520184,0.8264807945633302,0.723230863929924,0.6742879116281452,0.6698868623569647,-0.4408226857343842,-0.3942015325529433,0.15659393220636553,0.6117525219637567
38,0.25681206648375426,0.2522957654648866,0.8744807945633303,0.7418409388259654,0.6889214451105513,0.6627459613267954,-0.4850288723422111,-0.43662567964566473,0.21173483323653486,0.6860952053012022
39,0.23257887310735662,0.22330901886610183,0.9224807945633303,0.7603768302463229,0.7032794192004101,0.6553185488498808,-0.5277979571389663,-0.4799704003343083,0.2671622457134495,0.761786016077872
40,0.20976442062472003,0.1931929119211868,0.9704807945633304,0.778836684617301,0.7173560908995228,0.6475957108685986,-0.569072263992581,-0.524163178978336,0.3228850836947318,0.8383585492585323
41,0.23123074389139714,0.22454891455071255,1.0244807945633303,0.7972186559688459,0.731145829726896,0.6395681349355568,-0.5659879120774487,-0.5065969151761834,0.38491265962777355,0.8515518226306261
42,0.25097337550836885,0.25701782941291357,1.0784807945633303,0.8155209061191403,0.7446431199708592,0.6312261007306176,-0.5645475306107715,-0.4876252905579456,0.44725469383271277,0.8697868126534424
43,0.26893475994987226,0.2905050001568989,1.1324807945633304,0.8337416048584215,0.757842562895277,0.6225594714682599,-0.5648068449085493,-0.46733756273837807,0.5099213230950705,0.8929898797572259
44,0.2850625345448604,0.3249128019190802,1.1864807945633304,0.8518789301319992,0.7707388788989693,0.6135576864580234,-0.5668163955871388,-0.44582607697988913,0.572923108105307,0.9210225865974835
45,0.29930968212945114,0.36014092592810454,1.2404807945633305,0.8699310682224605,0.7833269096274834,0.6042097551231719,-0.5706213860930094,-0.4231859836993789,0.6362710394401586,0.9536959571564609
46,0.3101088894612482,0.3916367478503163,1.2244125818761074,0.8878962139310396,0.795601620036366,0.5945042528303504,-0.5777873244697913,-0.4039648721860497,0.629908329045757,0.9454154183635197
47,0.3214127625014575,0.4229549874534876,1.2083443691888842,0.9057725707581367,0.8075581004051143,0.5844293189362826,-0.5843598082566792,-0.38460311295162675,0.6239150502526016,0.9373718205331175
48,0.3332183827946156,0.4540875589348894,1.192276156501661,0.9235583510829657,0.8191915683009982,0.5739726575167142,-0.5903399682883501,-0.36510400936610876,0.6183034989849469,0.9295705635781105
49,0.3455227023431978,0.48502642442794186,1.176207943814438,0.941251776342316,0.8304973704919704,0.5631215413080933,-0.5957290739991182,-0.3454709460640285,0.6130864025063446,0.9220185687503226
50,0.3583225443945564,0.5157635960774462,1.1601397311272148,0.958851077208406,0.8414709848078965,0.5518628194639037,-0.6005285328138497,-0.32570738873045035,0.6082769116633111,0.9147243426627605
51,0.3713456200432519,0.5456733687646657,1.142377072351679,0.976354493765815,0.852108021949363,0.540182929805001,-0.6050088737225631,-0.3064346531846973,0.602194142546678,0.90695960178665
52,0.3848978904266885,0.5753471108442723,1.1246144135761433,0.9937602756874735,0.8624042272433384,0.5280679163262988,-0.6088623852607851,-0.28705711639906617,0.5965464972498445,0.8994347756462713
53,0.3989750797527228,0.6047754601393274,1.1068517548006076,1.0110666824096939,0.8723554823449863,0.5155034528098956,-0.6120916026569712,-0.2675800222056589,0.591348301990712,0.8921591856804808
54,0.413572746615316,0.6339491318952366,1.0890890960250719,1.0282719833062262,0.8819578068849474,0.5024748734859666,-0.6146992366909101,-0.2480086749897108,0.5866142225391052,0.8851438869153977
55,0.42868628539581405,0.6628589217091244,1.0713264372495361,1.0453744578613184,0.8912073600614354,0.4889672117755554,-0.6166881724655044,-0.228348438352311,0.5823592254739807,0.8784017183791466
56,0.44384416249268255,0.6906402228567933,1.0515008814603914,1.0623723958417668,0.900100442176505,0.4749652482411506,-0.6185282333490842,-0.2094602193197117,0.5765356332192408,0.8711165796257766
57,0.4595498044207486,0.7181155707739465,1.0316753256712468,1.0792640974679386,0.9086334961158833,0.4604535689580829,-0.61971429304719,-0.1905179253419368,0.5712217567131639,0.8640816976571412
58,0.4757970382378334,0.7452741665556547,1.011849769882102,1.0960478735837471,0.916803108771767,0.44541663559766037,-0.6202508353459137,-0.17152894221611226,0.5664331342844418,0.8573096129056168
59,0.4925794781345968,0.7721053357931807,0.9920242140929575,1.1127220458255676,0.9246060124080204,0.4298388685756445,-0.6201425676909708,-0.15250067661483968,0.5621853455173129,0.8508146821398621
60,0.5098905279444141,0.7985985327694474,0.9721986583038129,1.1292849467900707,0.9320390859672264,0.4137047446598081,-0.6193944188456566,-0.13344055319777903,0.5584939136440048,0.8446130942107605
61,0.5270291606620362,0.8237255417432725,0.9499078849464409,1.1457349202009626,0.9390993563190677,0.3969989104388761,-0.6187057595389264,-0.11537381457579521,0.5529089745075648,0.8377447511428625
62,0.5447235897259267,0.8484643066983624,0.9276171115890688,1.1620703210746102,0.945783999449539,0.37970631302149005,-0.6173467313486835,-0.09731969275117658,0.5479107985675787,0.8311403927683029
63,0.5629650235173934,0.8728025359813602,0.9053263382316967,1.178289515884539,0.9520903415905158,0.36181234924553096,-0.6153244923671456,-0.0792878056091556,0.5435139889861658,0.8248140658650619
64,0.5817443986340676,0.8967281369482633,0.8830355648743247,1.1943908827247842,0.958015860289225,0.3433030345211741,-0.6126464840907166,-0.061287723340961775,0.5397325303531506,0.8187814750117699
65,0.6010523843931277,0.9202292219727503,0.8607447915169526,1.210372811472079,0.963558185417193,0.3241651921901698,-0.6093204270789514,-0.0433289634444427,0.5365795993267828,0.8130599291211789
66,0.6199455479515512,0.9422077722639884,0.8356004672764842,1.2262337039468676,0.9687151001182652,0.30438666394296926,-0.6062881559953164,-0.026507327854276785,0.531213803333515,0.806520967726341
67,0.639385316909616,0.9637043693204271,0.8104561430360158,1.2419719740731194,0.9734845416953194,0.283956541378582,-0.6025866571635035,-0.00978017237489226,0.5264996016574337,0.8002550604079955
68,0.6593594013728393,0.984705422913184,0.7853118187955473,1.2575860480369372,0.9778646024353163,0.26286541820488024,-0.5982266466640979,0.006840820477867715,0.522446400590667,0.7942746118905762
69,0.6798551736504822,1.0051976560978038,0.7601674945550789,1.273074364443936,0.9818535303723597,0.24110566184802507,-0.5932191907934538,0.023344125725444087,0.5190618327070539,0.7885931414263828
70,0.7008596762388224,1.025168113607992,0.7350231703146105,1.2884353744753823,0.9854497299884603,0.2186717023624417,-0.5875756982365599,0.03971838361953173,0.5163514679521688,0.7832251206466049
71,0.7212013739603312,1.043557101282738,0.7067482887814115,1.3036675420430732,0.9886517628517197,0.19556033550876473,-0.582466168082742,0.0549053384310183,0.5111879532726468,0.7769134808460305
72,0.7420548181165555,1.0613636562757296,0.6784734072482125,1.3187693439429462,0.9914583481916864,0.1717710357084244,-0.5767145258263907,0.06990530808404316,0.506702371539788,0.7708655458129705
73,0.763403338137576,1.078573543747973,0.6501985257150135,1.3337392700073958,0.9938683634116449,0.14730627331565815,-0.5703359318698198,0.08470518033632823,0.5028922523993553,0.7650873546732572
74,0.7852298676820721,1.0951730058458373,0.6219236441818145,1.34857582325629,0.99588084453764,0.12217182931261213,-0.563345955574218,0.09929216130819729,0.49975181486920234,0.7595850679312642
75,0.8075169582804225,1.1111487726992975,0.5936487626486154,1.3632775200466682,0.9974949866040543,0.0963770991912814,-0.5557605617662458,0.11365378609524313,0.49727166345733403,0.7543646945517403
76,0.8289169807958398,1.125590644908581,0.5622343233398053,1.3778428902211026,0.998710143975583,0.06993537651704462,-0.5489259094252629,0.12688050093299807,0.49229894682276065,0.748182176076228
77,0.8507600533925078,1.1393532324598497,0.5308198840309951,1.3922704772547134,0.9995258306054791,0.0428641055705861,-0.5415104238622056,0.1398274018543706,0.487955778460409,0.7422170054597732
78,0.8730246216356669,1.1524229546265738,0.499405444722185,1.4065588384008205,0.9999417202299663,0.015185091651111312,-0.5335342167651537,0.15248123439660755,0.4842203530710737,0.7364636023800459
79,0.895688715164621,1.1647869143919751,0.4679910054133749,1.4207065448352156,0.99995764649874,-0.013075342784616575,-0.5250178296705946,0.16482926789323515,0.4810663481979915,0.7309153442053277
80,0.9187299693727795,1.1764329111756198,0.4365765661045648,1.4347121817990456,0.9995736030415051,-0.041886267855577024,-0.5159822124262661,0.17685930813411466,0.47846283396014183,0.7255642920480255
81,0.9531657429352703,1.1925008172349583,0.3800514073116808,1.4485743487402851,0.998789743470524,-0.07121213282096248,-0.4954086058050148,0.1937110737644343,0.45126354013264325,0.6975617889891076
82,0.9884542757505875,1.2065976096971163,0.3235262485187968,1.4622916594537918,0.9976063813191736,-0.10101283897581732,-0.4738373837032043,0.2089912283779427,0.4245390874946141,0.6696511304734568
83,1.02448284767162,1.2186782599821737,0.2670010897259128,1.4758627422199255,0.9960239899165367,-0.13124390617594112,-0.4513798945483056,0.22265427006563698,0.3982449959018539,0.6418082345543479
84,1.0611363746865614,1.2287041795581435,0.2104759309330288,1.4892862399417186,0.994043202198076,-0.16185673736972372,-0.4281498652551572,0.23466097736006752,0.3723326683027525,0.6140111540509984
85,1.0982977765252042,1.236643343202117,0.1539507721401448,1.5025608102805854,0.9916648104524687,-0.19279898196781758,-0.4042630337553812,0.24497853274964843,0.3467497541079624,0.586240969178381
86,1.1358483492637992,1.242470391082776,0.09716614810114585,1.515685125790554,0.9888897660047016,-0.22401499487154508,-0.37983677652675474,0.25358062507807433,0.32118114297269096,0.5583336250114862
87,1.1736691064072027,1.2461568974369956,0.0403815240621469,1.5286578740510102,0.9857191788355535,-0.25544638373627454,-0.3549887676438075,0.26043771860144216,0.29582790779842144,0.5304328246403917
88,1.2116381279349522,1.2476909783427161,-0.016403099976852048,1.5414777577979386,0.9821543171376185,-0.28703263284555847,-0.3298396298629864,0.26553666120509767,0.2706295328687064,0.5025378034863018
89,1.249633015877487,1.247067688495043,-0.073187724015851,1.5541434950536477,0.9781966068080447,-0.3187117881210078,-0.3045104791761606,0.26887108168699825,0.24552406410515681,0.47465814703883946
90,1.2875312888815693,1.2442890371480662,-0.12997234805484995,1.5666538192549668,0.9738476308781951,-0.3504211845928371,-0.2791225303733975,0.270441406269871,0.22044883653798716,0.44681722294269927
91,1.3252107770445014,1.2393639816377746,-0.18697234805485025,1.579007479379901,0.9691091288804564,-0.38209819537047346,-0.2537967023353995,0.2702548527573182,0.1951258473156232,0.4189564987511747
92,1.3625484952753362,1.232300356696231,-0.24397234805485055,1.591203240072732,0.9639829961524481,-0.41368097997668896,-0.2286547447973959,0.26831736054378286,0.1697086319218384,0.39125211569565554
93,1.3994231661687337,1.2231211058279072,-0.30097234805485085,1.6032398817675544,0.9584712830789142,-0.44510920994479974,-0.20381671559882064,0.26464982274899307,0.1441368618899489,0.363807939982137
94,1.4357150163528707,1.2118560443450672,-0.3579723480548511,1.6151162008102287,0.9525761942715953,-0.4763247508234524,-0.17940118445735798,0.2592798500734719,0.11835240276860126,0.336776063401077
95,1.4713061655277753,1.1985417625240418,-0.4149723480548514,1.6268310095787475,0.9463000876874145,-0.5072722820789922,-0.15552484405097222,0.2522416748366273,0.09229993402414083,0.3103757681622823
96,1.5060381779851328,1.1832403763597512,-0.4637043489361919,1.6383831366019965,0.9396454736853249,-0.5378998396315425,-0.13234495861686368,0.2435949026744263,0.07419549069535064,0.2869819428462119
97,1.5399835856114563,1.1662652649029879,-0.5124363498175324,1.6497714266769001,0.9326150140222006,-0.5681592696408527,-0.10978784106544381,0.23365025088078728,0.05572291982332034,0.2641038689154367
98,1.5730617905364754,1.1476567328054466,-0.5611683506988728,1.660994740983941,0.9252115207881683,-0.5980065863693985,-0.08793295044746552,0.2224452120172783,0.03683823567052569,0.24201473453309721
99,1.6051942539222228,1.127458963011472,-0.6099003515802133,1.672051957201041,0.9174379552818098,-0.6274022311885141,-0.06685770327881824,0.21002100772966215,0.017501879608300852,0.22109973307384334
100,1.6363046824407783,1.1057199118528165,-0.6586323524615537,1.682941969615793,0.9092974268256818,-0.6563112337819401,-0.0466372871750147,0.19642248502713466,-0.0023211186796135985,0.20189654967632453
101,1.6640668630681663,1.0842343216139019,-0.6869472972549895,1.6936636892360304,0.9007931915226274,-0.6847032801150899,-0.029596826167864076,0.1834411300912745,-0.0022440171398996345,0.18582695160094195
102,1.6912096334542914,1.0619713641089263,-0.7152622420484253,1.704216043898726,0.8919286509533796,-0.7125526946185239,-0.013006410444434513,0.17004271315554675,-0.002709547429901371,0.1705609353199716
103,1.717711233714183,1.0389488871620998,-0.743577186841861,1.7145979783772067,0.8827073508159741,-0.7398383461925445,0.0031132553369763727,0.1562415363461257,-0.0037388406493165105,0.15631727021667155
104,1.7435504179777628,1.0151853474911032,-0.7718921316352968,1.7248084544866769,0.8731329795075166,-0.7665434890556865,0.018741963491085922,0.14205236798358667,-0.005348642579610319,0.1433832083010069
105,1.768706471422287,0.9906997959106612,-0.8002070764287326,1.734846451188034,0.8632093666488738,-0.7926555501696838,0.03386002023425316,0.12749042926178733,-0.0075515262590487575,0.1321262126622115
106,1.786029320075644,0.972856131348606,-0.8246114870585018,1.7447109646899726,0.8529404815528762,-0.8181658750569212,0.041318355385671524,0.11991564979572988,-0.0064456120015806695,0.12699809239427065
107,1.802911589561867,0.9545950681959635,-0.8490158976882711,1.7544010085493633,0.8423304316366457,-0.8430694433909002,0.04851058101250372,0.11226463655931784,-0.005946454297370951,0.12244176334354685
108,1.8193432257179636,0.9359274817503644,-0.8734203083180404,1.763915613769895,0.8313834607786832,-0.8673645649064725,0.055427611948068556,0.10454402097168125,-0.006055743411567893,0.11848352001632864
109,1.8353144427536834,0.9168644894126388,-0.8978247189478097,1.7732538288989745,0.8201039476213741,-0.8910525650657036,0.062060613854708846,0.0967605417912647,-0.006772153882106058,0.11515200522772187
110,1.8508157290794032,0.8974174440658951,-0.922229129577579,1.7824147201228708,0.8084964038195901,-0.914137468639516,0.06840100895653234,0.08892104024630498,-0.008091660938063017,0.11247721725528767
111,1.8633096843815982,0.880933479601454,-0.9435038019550006,1.7913973713600952,0.7965654722360865,-0.9366256880218409,0.07191231302150292,0.08436800736536743,-0.006878113933159735,0.11107047259367737
112,1.8754501478457661,0.8641874606586304,-0.9647784743324223,1.8002008843530102,0.7843159250844199,-0.9585257217604746,0.07524926349275596,0.07987153557421045,-0.006252752571947684,0.10991365140832406
113,1.887231624763537,0.8471869663953968,-0.9860531467098439,1.808824378757652,0.7717526620201257,-0.9798478675264842,0.07840724600588511,0.0754343043752711,-0.006205279183359669,0.10897952097780512
114,1.8986487829019176,0.829939691143885,-1.0073278190872654,1.8172669922317666,0.7588807081809217,-1.0006039525927415,0.08138179067015106,0.07105898296296331,-0.006723866494523945,0.10824779578840013
115,1.9096964549166322,0.8124534409279726,-1.028602491464687,1.8255278805210422,0.7457052121767199,-1.0208070838766747,0.08416857439559,0.06674822875125264,-0.0077954075880122264,0.10770535426188782
116,1.9196343539282386,0.795956693735819,-1.0471160599042222,1.8336062175435337,0.7322314440302513,-1.0404714187339885,0.08602813638470486,0.0637252497055677,-0.006644641170233667,0.10726555344631146
117,1.9292651536584313,0.779278798147837,-1.0656296283437574,1.8415011954722713,0.7184647930691263,-1.0596119569697484,0.08776395818616001,0.06081400507871071,-0.006017671374008993,0.10694422817048642
118,1.9385855532235412,0.7624254703864299,-1.0841431967832926,1.8492120248160406,0.7044107657701763,-1.078244353954232,0.08937352840750057,0.05801470461625369,-0.005898842829060724,0.10671518110578006
119,1.9475923581272048,0.7454024868020505,-1.1026567652228279,1.8567379344983332,0.6900749835569364,-1.0963847542815959,0.09085442362887153,0.05532750324511404,-0.006272010941231976,0.10655982840413872
120,1.956282481355254,0.7282156818933995,-1.121170333662363,1.8640781719344526,0.675463180551151,-1.1140496450750117,0.09220430942080138,0.052752501342248515,-0.007120688587351376,0.10646673320614683
121,1.9645494710252962,0.7110853572540481,-1.1373650169285159,1.871232003106772,0.6605812012792008,-1.1312557278065778,0.09331746791852424,0.050504155974847253,-0.0061092891219380885,0.10628331479132523
122,1.9725379685810307,0.6938234035043656,-1.1535597001946687,1.8781987126381352,0.6454349983343708,-1.1480198073479873,0.0943392559428955,0.048388405169994764,-0.005539892846681438,0.10616978562428875
123,1.9802458789428388,0.6764343477994549,-1.1697543834608215,1.884977603863395,0.6300306299958922,-1.16435869688339,0.0952682750794438,0.04640371780356267,-0.005395686577431391,0.10610590321111792
124,1.9876711806184704,0.6589227506284365,-1.1859490667269743,1.891567998899078,0.6143742578057116,-1.1802891372852227,0.09610318171939247,0.04454849282272488,-0.005659929441751643,0.10607744600362769
125,1.994811926233204,0.6412932046184051,-1.2021437499931271,1.8979692387111724,0.5984721441039565,-1.1958277295646969,0.09684268752203162,0.04282106051444856,-0.006316020428430269,0.10607564029561299
126,2.0017515488315403,0.6233295134128326,-1.2164608979049047,1.9041806831810315,0.5823306495240819,-1.2109908790505335,0.09757086565050876,0.040998863888750736,-0.005470018854371261,0.10597594901780837
127,2.008433280159929,0.6052683110721321,-1.2307780458166824,1.9102017111693845,0.5659562304487028,-1.2257947500135267,0.09823156899054464,0.03931208062342928,-0.004983295803155707,0.10592315170135792
128,2.014855750615639,0.5871132997314019,-1.24509519372846,1.9160317205784498,0.5493554364271267,-1.2402552295333436,0.09882403003718898,0.03775786330427522,-0.004839964195116453,0.1059021737619468
129,2.021017643738511,0.568868200754449,-1.2594123416402376,1.9216701284121454,0.532534907555621,-1.2543878994917435,0.09934751532636565,0.03633329319882794,-0.005024442148494179,0.10590222856530461
130,2.026917696480805,0.5505367539709937,-1.2737294895520153,1.927116370834386,0.5155013718214642,-1.2682080156685605,0.09980132564641919,0.035035382149529504,-0.005521473883454808,0.10591633149326808
131,2.0326706493255,0.5317439509215208,-1.286569018328692,1.932369903225468,0.4982616424118385,-1.2817304930098559,0.10030074610003203,0.03348230850968231,-0.004838525318836107,0.10585233100230554
132,2.0381818438735064,0.5128788337063117,-1.2994085471053687,1.9374302002365305,0.4808226149886482,-1.2949698962289915,0.10075164363697597,0.03205621871766351,-0.0044386508763771815,0.10582153124780064
133,2.0434503715976,0.49394451226322805,-1.3122480758820454,1.9422967558420892,0.4631912649303451,-1.3079404349891695,0.10115361575551063,0.030753247332882927,-0.004307640892875941,0.1058129102330757
134,2.0484753639744806,0.4749441079385342,-1.325087604658722,1.9469690833906388,0.44537464454187115,-1.3206559629989763,0.10150628058384181,0.029569463396663054,-0.004431641659745855,0.1058183236085916
135,2.0532559926279523,0.455880752972339,-1.3379271334353988,1.9514467156533182,0.4273798802338298,-1.333129980429876,0.10180927697463416,0.02850087273850921,-0.004797153005522858,0.10583213737760788
136,2.057886561544755,0.43635664838421656,-1.3496381352240636,1.9557292048706325,0.40921416967201735,-1.3453756391359823,0.10215735667412251,0.027142478712199214,-0.004262496088081269,0.10578756328693359
137,2.062288171332169,0.4167796552611513,-1.3613491370127284,1.9598161227972284,0.3908847788984522,-1.3574057502217107,0.10247204853494063,0.025894876362699104,-0.003943386791017689,0.1057667984396345
138,2.0664602183270384,0.39715245850935293,-1.3730601388013932,1.9637070607447196,0.3723990394250553,-1.3692327935620554,0.10275315758231884,0.024753419084297623,-0.0038273452393378093,0.10576195781603516
139,2.070402130349825,0.3774777499202578,-1.384771140590058,1.9674016296225532,0.3537643453011427,-1.380868928933525,0.10300050072727163,0.023713404619115086,-0.003902211656533039,0.1057669890112739
140,2.07411336678308,0.35775822780136046,-1.3964821423787228,1.9708994599769205,0.3349881501559047,-1.3923260084614568,0.1032139068061595,0.022770077645455744,-0.004156133917265992,0.10577740989128497
141,2.0776554572030332,0.33764430786433747,-1.4073675145731617,1.9742002020277007,0.3160779642170538,-1.4036155901318894,0.1034552551753325,0.02156634364728366,-0.0037519244412722585,0.10574579868117176
142,2.0809783945906277,0.3174930233669605,-1.4182528867676005,1.9773035257034395,0.29704135130683235,-1.4147489521538088,0.10367486888718824,0.020451672060128157,-0.003503934613791726,0.1057309173638838
143,2.084081785210488,0.2973067620381096,-1.4291382589620394,1.9802091206743555,0.2778859258165868,-1.4257371079907708,0.10387266453613253,0.019420836221522797,-0.003401150971268585,0.10572732449706886
144,2.0869652613413696,0.27708791575107494,-1.4400236311564782,1.9829166963833729,0.2586193496611108,-1.4365908219100985,0.10404856495799675,0.018468566089964167,-0.0034328092463797866,0.10573067663909029
145,2.089628481319731,0.2568388802401437,-1.450909003350917,1.985425982075177,0.23924932921398243,-1.4473206249233783,0.10420249924455405,0.01758955102616125,-0.0035883784275387853,0.10573755063293476
146,2.0921028783304885,0.2362985032128833,-1.4612351424537828,1.9877367268232897,0.21978361222511697,-1.457936831014273,0.10436615150719875,0.016514890987766317,-0.00329831143950976,0.10571619584109793
147,2.094365044399956,0.21573367076369948,-1.4715612815566486,1.9898486995551619,0.20022998472177053,-1.4684495535690345,0.1045163448447941,0.015503686041928949,-0.0031117279876140547,0.10570578731399488
148,2.096414738317434,0.19514657568368624,-1.4818874206595143,1.99176168907528,0.18059626789423294,-1.4788687219418666,0.10465304924215402,0.014550307789453293,-0.0030186987176477054,0.10570281318109025
149,2.0982517415277475,0.1745394131377618,-1.49221355976238,1.9934755040862868,0.1608903149674558,-1.4892040981017618,0.1047762374414607,0.013649098170306018,-0.003009461660618218,0.10570437395273069
150,2.0998758581545482,0.1539143804306022,-1.5025396988652457,1.994989973208109,0.1411200080598672,-1.499465293319851,0.10488588494643936,0.012794372370734997,-0.0030744055453948427,0.10570807346090598
151,2.101297243874551,0.1331225880344223,-1.5125474457894619,1.9963049449950963,0.12129325503062975,-1.5096617848669232,0.10499229887945472,0.011829333003792561,-0.002885660922538724,0.10569599321765812
152,2.102510482892645,0.11231761219940037,-1.522555192713678,1.997420287951166,0.10141798631660187,-1.5198029326997817,0.10509019494147909,0.010899625882798497,-0.0027522600138962794,0.10568976228758933
153,2.1035154536978924,0.09150153663046873,-1.5325629396378941,1.998335890542952,0.08150215176026913,-1.5298979961226906,0.10517956315494037,0.009999384870199593,-0.0026649435152035217,0.10568741707121852
154,2.1043120556382835,0.07067644614424423,-1.5425706865621103,1.9990516612109581,0.06155371742991314,-1.5399561504164885,0.10526039442732538,0.009122728714331091,-0.002614536145621793,0.10568732475300979
155,2.104900208930818,0.049844426460225286,-1.5525784334863264,1.999567528378714,0.04158066243329049,-1.5499865034331373,0.10533268055210421,0.008263764026934795,-0.00259193005318914,0.1056881331540354
156,2.1052803155250537,0.028982269927204738,-1.5624939301102116,1.9998834404599326,0.02159097572609596,-1.5599981121576436,0.10539687506512108,0.007391294201108779,-0.0024958179525680357,0.10568520052832585
157,2.1054535481808943,0.008117370054974732,-1.572409426734097,1.9999993658636692,0.0015926529164868282,-1.56999999924253,0.10545418231722503,0.006524717138487904,-0.002409427491566918,0.10568330919671722
158,2.1054198898667518,-0.012748221797381682,-1.5823249233579821,1.9999152929974802,-0.018406306933053812,-1.580001169522415,0.1055045968692716,0.00565808513567213,-0.002323753835567155,0.10568175679765332
159,2.1051793438917863,-0.033612454202748554,-1.5922404199818674,1.9996312302685817,-0.03839790450523538,-1.5900106265178413,0.1055481136232046,0.004785450302486824,-0.0022297934640260753,0.10568006814393476
160,2.1047319339055797,-0.054473275867665684,-1.6021559166057526,1.9991472060830102,-0.058374143427580086,-1.600037388938299,0.10558472782256945,0.003900867559914402,-0.0021185276674535736,0.10567799996481685
161,2.104081027024171,-0.07522270208424953,-1.6122011148924,1.998463268842781,-0.0783270334708653,-1.610090507194452,0.10561775818139019,0.003104331386615769,-0.0021106076979480193,0.10568444720712306
162,2.1032217243873386,-0.09596454306001767,-1.6222463131790474,1.997579486941048,-0.09824859374510869,-1.6201790799288849,0.10564223744629064,0.0022840506850910214,-0.002067233250162559,0.10568714526138501
163,2.1021541127031522,-0.1166967058361853,-1.6322915114656948,1.996495948755265,-0.11813085589181781,-1.6303122705732334,0.1056581639478873,0.0014341500556325076,-0.001979240892461487,0.1056864314362591
164,2.10087829969914,-0.13741709843054786,-1.6423367097523422,1.9952127626383473,-0.13796586727122728,-1.6404993239373136,0.10566553706079262,0.00054876884067942,-0.0018373858150286804,0.10568293550152508
165,2.0993944141114174,-0.1581236300485729,-1.6523819080389897,1.9937300569078378,-0.15774569414324865,-1.6507495828327603,0.10566435720357958,-0.0003779359053242559,-0.001632325206229357,0.10567764051289699
166,2.097721878292918,-0.1785785098249728,-1.6627848889726604,1.9920479798330735,-0.17746242484086058,-1.6610725047296746,0.10567389845984443,-0.0011160849841122256,-0.0017123842429858094,0.10569366452720284
167,2.0958366450899875,-0.19901488373282905,-1.6731878699063312,1.9901666996203604,-0.19710817293466984,-1.671477678439753,0.10566994546962705,-0.0019067107981592113,-0.001710191466578248,0.1057009823817836
168,2.0937389185245174,-0.2194305401265789,-1.683590850840002,1.988086404396152,-0.21667508038737962,-1.6819748408132476,0.10565251412836552,-0.002755459739199273,-0.0016160100267543775,0.10570079369818086
169,2.0914289256146503,-0.23982326960273048,-1.6939938317736727,1.985807302188237,-0.236155320696897,-1.692573893429715,0.10562162342641335,-0.0036679489058334958,-0.0014199383439577051,0.1056948315165293
170,2.0889069163502128,-0.26019086523896673,-1.7043968127073434,1.9833296209049371,-0.2555411020268312,-1.7032849192537511,0.10557729544527561,-0.004649763212135505,-0.0011118934535923053,0.10568548584607104
171,2.086221197193645,-0.28017373339615903,-1.7154021383783904,1.980653608312316,-0.27482467032312397,-1.714118199216562,0.105567588881329,-0.005349063073035065,-0.0012839391618284512,0.10571081684363187
172,2.0833157271461884,-0.3001258348137796,-1.7264074640494373,1.977779532009403,-0.2939983124155676,-1.725084228672093,0.10553619513678547,-0.00612752239821196,-0.0013232353773442451,0.10572221132077264
173,2.0801908581066675,-0.32004475297369805,-1.7374127897204843,1.9747076794014329,-0.3130543591029702,-1.7361937336623283,0.1054831787052346,-0.006990393870727862,-0.0012190560581559762,0.10572158102252016
174,2.0768469685466298,-0.3399280753768065,-1.7484181153915312,1.971438357671107,-0.33198518822073414,-1.7474576869099745,0.10540861087552278,-0.007942887156072387,-0.0009604284815567521,0.10571181166714373
175,2.0732844634645047,-0.35977339383521173,-1.7594234410625782,1.9679718937478738,-0.35078322768961984,-1.7588873234378162,0.10531256971663083,-0.008990166145591894,-0.0005361176247620225,0.10569696234875038
176,2.069592390678656,-0.3791140934249727,-1.771302551265728,1.964308634275237,-0.36944095854447706,-1.7704941556922353,0.10528375640341925,-0.009673134880495649,-0.0008083955734927706,0.10573028139674095
177,2.065670833491555,-0.39840957090819856,-1.783181661468878,1.960448945576091,-0.3879509179417303,-1.7822899880233805,0.10522188791546383,-0.010458652966468251,-0.000891673445497565,0.1057441449911098
178,2.0615203452804085,-0.41765710346919244,-1.795060771672028,1.9563932136160893,-0.40630570214441675,-1.7942869303459041,0.1051271316643192,-0.01135140132477569,-0.000773841326123792,0.10574103722964533
179,2.0571415117272487,-0.4368539750578422,-1.8069398818751778,1.9521418439650484,-0.4244979694835826,-1.8064974107716563,0.10499966776220027,-0.012356005574259588,-0.00044247110352158003,0.10572510054192913
180,2.0525349507362836,-0.4559974767728865,-1.8188189920783278,1.9476952617563903,-0.44252044329485246,-1.818934186968815,0.10483968897989326,-0.013477033478034028,0.00011519489048716913,0.10570243179147581
181,2.047840317085176,-0.4745359950031406,-1.8318800576547216,1.9430539116446306,-0.46036591482899825,-1.8316103559602837,0.10478640544054563,-0.014170080174142341,-0.00026970169443796266,0.10574050631756979
182,2.0429039579424635,-0.4930116168250368,-1.8449411232311155,1.9382182577609126,-0.47802724613534286,-1.8445393620273418,0.10468570018155088,-0.014984370689693938,-0.0004017612037736651,0.10575343303899207
183,2.037726715396759,-0.51142119050056,-1.8580021888075093,1.933188783666595,-0.4954973729168449,-1.8577350023321744,0.10453793173016379,-0.015923817583715083,-0.0002671864753349684,0.10574411816017201
184,2.032309472628737,-0.529761575558783,-1.8710632543839032,1.9279659923048962,-0.5127693073557238,-1.871211429814701,0.104343480323841,-0.016992268203059213,0.00014817543079770346,0.10571812058835886
185,2.0266531537604733,-0.5480296433315961,-1.884124319960297,1.9225504059505998,-0.5298361409084934,-1.884983152854841,0.1041027478098735,-0.018193502423102692,0.000858832894544026,0.1056840727164047
186,2.0209542937262914,-0.5656186679878753,-1.8987196738812997,1.9169425661578283,-0.5466910470692872,-1.899065031120944,0.10401172756846311,-0.01892762091858813,0.0003453572396443505,0.10572045013637114
187,2.0149993317537804,-0.5831226453060263,-1.9133150278023023,1.911143033705888,-0.5633272841003701,-1.9134722669486295,0.10385629804789254,-0.01979536120565617,0.0001572391463271483,0.10572611642174426
188,2.008789536372361,-0.6005378465787449,-1.927910381723305,1.9051523885431907,-0.5797381977287431,-1.928220391512157,0.10363714782917022,-0.02079964885000174,0.0003100097888519837,0.10570420951181576
189,2.002326230396213,-0.617860562009851,-1.9425057356443076,1.898971229729261,-0.5959172238077642,-1.9433252449633298,0.10335500066695191,-0.021943338202086715,0.0008195093190221936,0.10566190349336298
190,1.9956107906424878,-0.6350871015045517,-1.9571010895653103,1.892600175374829,-0.6118578909427194,-1.958802949622059,0.10301061526765887,-0.02322921056183236,0.0017018600567486608,0.10561098147825507
191,1.9888967977274505,-0.6515938688463914,-1.9736278353493248,1.886039862580021,-0.6275538230792937,-1.9746698752097716,0.10285693514742955,-0.024040045767097618,0.0010420398604467085,0.10563407951734818
192,1.9819109309700134,-0.6679874265624006,-1.9901545811333394,1.8792909473706498,-0.6429987420539088,-1.9909425950243342,0.10261998359936353,-0.024988684508491787,0.0007880138909948098,0.10562157143922343
193,1.9746550983997706,-0.684263297127547,-2.006681326917354,1.8723541046326122,-0.6581864701049049,-2.007637831866406,0.1023009937671584,-0.026076827022642024,0.0009565049490518618,0.10557655580210284
194,1.9671312817812987,-0.7004170351603493,-2.023208072701369,1.865230028044401,-0.6731109323435617,-2.024772392446539,0.10190125373689773,-0.02730610281678758,0.0015643197451700175,0.10550798955746299
195,1.959341536072883,-0.7164442286370317,-2.0397348184853836,1.8579194300077386,-0.6877661591839738,-2.0423630889355304,0.10142210606514435,-0.028678069453057953,0.002628270450146797,0.1054314140652724
196,1.9515867934261368,-0.7317507129765921,-2.0586197958235464,1.8504230415763365,-0.7021462887308055,-2.060426646274568,0.10116375184980031,-0.029604424245786576,0.001806850451021802,0.1054219679753933
197,1.9435443881449972,-0.7469080284924864,-2.077504773161709,1.8427416123827909,-0.7162455691239705,-2.078979593845187,0.10080277576220631,-0.03066245936851586,0.0014748206834780397,0.10537343646261114
198,1.9352171884066924,-0.7619107696044581,-2.096389750499872,1.8348759105636196,-0.7300583608392996,-2.0980381401223296,0.10034127784307278,-0.03185240876515849,0.0016483896224577244,0.10528848546574739
199,1.9266081639552017,-0.7767535858583942,-2.1152747278380346,1.8268267226824504,-0.7435791389442745,-2.1176180290088564,0.09978144127275135,-0.03317444691411964,0.002343301170821821,0.10517780664618578
200,1.9177203850421507,-0.7914311838344663,-2.1341597051761974,1.8185948536513634,-0.7568024953079283,-2.137734376690414,0.09912553139078728,-0.034628688526538,0.003574671514216643,0.10506091242231094
201,1.9088776135781444,-0.8054307776145153,-2.1558136147499956,1.8101811266504018,-0.7697231407640244,-2.1584014880706035,0.09869648692774269,-0.03570763685049094,0.0025878733206079474,0.10498918491753394
202,1.8997337929367484,-0.8192356237653787,-2.1774675243237938,1.8015863830452545,-0.7823359072266527,-2.179632652163961,0.09814740989149384,-0.036899716538726035,0.0021651278401670915,0.104877027644816
203,1.8902932104129533,-0.8328392495608218,-2.199121433897592,1.7928114823031196,-0.7946357497573974,-2.201439916254256,0.09748172810983369,-0.03820349980342441,0.0023184823566642088,0.10472616708802034
204,1.880560292445526,-0.8462352766214977,-2.22077534347139,1.7838573019067592,-0.8066177485832404,-2.22383383918308,0.09670299053876685,-0.039617528038257244,0.0030584957116897016,0.10454841607131767
205,1.87053960254157,-0.8594174239056005,-2.2424292530451884,1.774724737266751,-0.8182771110644103,-2.246823224830935,0.09581486527481897,-0.04114031284119024,0.004393971785746853,0.10436628160644917
206,1.8605334529374238,-0.872005113868024,-2.26714941519884,1.7654147016319481,-0.8296091736113709,-2.270414837697643,0.09511875130547565,-0.042395940256653164,0.0032654224988029057,0.1041904774163854
207,1.850219222442599,-0.8843416294940133,-2.2918695773524917,1.7559281259981563,-0.8406094035501944,-2.294613103481373,0.09429109644444278,-0.04373222594381887,0.0027435261288810686,0.10397521526939142
208,1.839603213622291,-0.8964194324903282,-2.3165897395061434,1.746265959015033,-0.8512734009355746,-2.319419798686549,0.09333725460725817,-0.04514603155475361,0.002830059180405353,0.10372085854700366
209,1.82869191344494,-0.9082311426514517,-2.341309901659795,1.7364291668912253,-0.8615969003107405,-2.3448337345377843,0.09226274655371469,-0.04663424234071112,0.003523832877989186,0.10343879522925219
210,1.8174919893183343,-0.9197695423693036,-2.366030063813447,1.7264187332977474,-0.8715757724135882,-2.3708504418018905,0.09107325602058691,-0.04819376995571545,0.004820377988443703,0.10315141040571023
211,1.8062194426244327,-0.9308224978618022,-2.3938380866929823,1.7162356592696177,-0.8812060258283252,-2.3974618644663783,0.08998378335481494,-0.049616472033476966,0.003623777773396064,0.10282026711327893
212,1.7946439328739436,-0.9415577532430999,-2.4216461095725177,1.7058809631057523,-0.8904838085819884,-2.424656071515499,0.08876296976819131,-0.05107394466111148,0.0030099619429813096,0.1024522937576964
213,1.7827744106712762,-0.9519670076239732,-2.449454132452053,1.6953556802671397,-0.8994054096851778,-2.4524169971891108,0.0874187304041365,-0.052561597938795446,0.0029628647370576466,0.10204672738897992
214,1.7706200539619419,-0.9620422121910083,-2.4772621553315886,1.6846608632732913,-0.9079672606164054,-2.4807242209956297,0.08595919068865054,-0.05407495157460285,0.0034620656640411696,0.10161234546208232
215,1.758190260935834,-0.9717755764302354,-2.505070178211124,1.6737975815969954,-0.9161659367494548,-2.509552799257385,0.08439267933883854,-0.05560963968078059,0.0044826210462609595,0.10116644820719295
216,1.7455402112764236,-0.981125892069046,-2.535511206573168,1.6627669215573662,-0.9239981587231878,-2.5388731599736905,0.0827732897190574,-0.05712773334585819,0.003361953400522477,0.1006295092843932
217,1.7326114330218778,-0.9900868547280309,-2.565952234935212,1.6515699862112163,-0.9314607937532426,-2.5686510721830618,0.0810414468106615,-0.058626060974788285,0.0026988372478498057,0.10006005621163348
218,1.7194159057797007,-0.9986501613167206,-2.596393263297256,1.6402078952427481,-0.9385508568851079,-2.598847699706418,0.07920801053695259,-0.06009930443161271,0.0024544364091618753,0.09945782817090003
219,1.7059658563229136,-1.0068078772066569,-2.6268342916593,1.628681784851592,-0.9452655121880633,-2.6294197471130945,0.07728407147132166,-0.06154236501859356,0.0025854554537945162,0.09882800703833766
220,1.6922737472609162,-1.0145524435834983,-2.657275320021344,1.6169928076391802,-0.951602073889516,-2.6603197029822847,0.07528093962173599,-0.06295036969398227,0.0030443829609407835,0.09817961694034749
221,1.6781782915649104,-1.0219682139997301,-2.6892888421401526,1.6051421324934945,-0.957558007449271,-2.691496182110619,0.07303615907141592,-0.06441020655045915,0.0022073399704662933,0.0974054802848546
222,1.6638526938448945,-1.0289290165474683,-2.7213023642589613,1.593130944472173,-0.9631309305733167,-2.722894364390203,0.07072174937272147,-0.0657980859741516,0.001592000131241722,0.096609980936846
223,1.649311634659285,-1.0354277179488962,-2.75331588637777,1.5809604446840095,-0.9683186141667071,-2.7544565238654024,0.06835118997527556,-0.06710910378218915,0.0011406374876323788,0.0957957099006163
224,1.6345700153666836,-1.0414576584773192,-2.7853294084965787,1.5686318501688397,-0.9731189832251738,-2.7861226372410264,0.0659381651978439,-0.06833867525214543,0.0007932287444476493,0.09496654872489241
225,1.6196429428552914,-1.0470126587819062,-2.8173429306153874,1.5561463937758424,-0.9775301176650971,-2.817831057161089,0.06349654907944902,-0.06948254111680907,0.0004881265457017392,0.09412690121624401
226,1.6041505477624758,-1.0522198465561836,-2.8493739545997365,1.5435053240402514,-0.9815502530915156,-2.8495192322111245,0.06064522372222436,-0.07066959346466806,0.0001452776113879395,0.09312387291325715
227,1.5884993364473,-1.056928210878981,-2.8814049785840856,1.530709905058507,-0.9851777815038595,-2.881124453092601,0.057789431388793,-0.07175042937512155,-0.0002805254914846067,0.092129372028174
228,1.5727053654683545,-1.061132921445085,-2.9134360025684347,1.5177614163618436,-0.9884112519391305,-2.912584602987957,0.0549439491065109,-0.0727216695059546,-0.0008513995804775298,0.09114825089050138
229,1.5567848378411948,-1.0648296646470565,-2.945467026552784,1.5046611527883416,-0.9912493710522671,-2.9438388899030694,0.05212368505285325,-0.07358029359478946,-0.0016281366497143956,0.09018641237977368
230,1.5407540864156872,-1.0680146480005552,-2.977498050537133,1.49141042435344,-0.9936910036334646,-2.974828539761162,0.04934366206224716,-0.0743236443670906,-0.0026695107759708847,0.08925204415307267
231,1.5240723832408976,-1.0707768628373908,-3.0079041877882617,1.4780105561189416,-0.9957351730622453,-3.0054974311418126,0.046061827121955945,-0.07504168977514547,-0.002406756646449182,0.08808370791285614
232,1.5073144155236842,-1.0730306528909368,-3.0383103250393906,1.4644628880605028,-0.9973810616980933,-3.0357926556293995,0.04285152746318133,-0.07564959119284353,-0.002517669409991097,0.08697961090295897
233,1.4904956753676382,-1.074773934618035,-3.0687164622905194,1.450768774933639,-0.9986280112074989,-3.0656649915020315,0.03972690043399907,-0.07614592341053605,-0.0030514707884878867,0.0859403266465115
234,1.473631711058158,-1.0760050964210526,-3.0991225995416483,1.4369295861382525,-0.9994755228272839,-3.095069282657533,0.03670212491990554,-0.07652957359376866,-0.0040533168841152545,0.08497206003059746
235,1.4567381126886516,-1.0767230001377428,-3.129528736792777,1.4229467055816887,-0.9999232575641007,-3.1239647189303588,0.033791407106962934,-0.07679974257364208,-0.005564017862418336,0.08408934503502515
236,1.439189656978212,-1.0769347135182363,3.126120505231819,1.4088215315403523,-0.9999710363300244,3.1308702891621083,0.030368125437859828,-0.07696367718821195,-0.004749783930289464,0.08287455035368411
237,1.4216420247563049,-1.07666319228257,3.0985844400768285,1.3945554765198755,-0.9996188400141854,3.1030967943149705,0.02708654823642931,-0.07704435226838457,-0.004512354238142002,0.08179165392990795
238,1.40410852040913,-1.0759086422946085,3.0710483749218382,1.3801499671138728,-0.9988668094904141,3.0759271557872387,0.02395855329525709,-0.07704183280419441,-0.0048787808654005005,0.0808285765095719
239,1.3866024376113166,-1.0746716356443249,3.043512309766848,1.3656064438612794,-0.9977152455608932,3.0493838894183343,0.020995993750037245,-0.07695639008343169,-0.005871579651486325,0.07998495593440466
240,1.369137049246833,-1.0729531102140502,3.0159762446118576,1.350926361102302,-0.9961646088358407,3.023485121228019,0.018210688144531195,-0.07678850137820947,-0.007508876616161508,0.07927475218911369
241,1.3510467774898705,-1.0706686466953712,2.9919162802732093,1.3361111868329818,-0.9942155195492712,2.998244789888664,0.014935590656888653,-0.07645312714609998,-0.006328509615454614,0.07815499058051745
242,1.3330167003536133,-1.0679496350606856,2.967856315934561,1.3211624025584014,-0.9918687573109126,2.9736728934044856,0.011854297795211854,-0.07608087774977301,-0.005816577469924589,0.07721824207308209
243,1.3150572546195962,-1.064797649220643,2.9437963515959127,1.3060815031445296,-0.9891252607943699,2.9497757684852686,0.008975751475066573,-0.07567238842627311,-0.005979416889355882,0.07643708465800894
244,1.2971788361840866,-1.061214513714726,2.9197363872572644,1.2908699966687416,-0.9859861273616705,2.9265563918596627,0.006308839515344999,-0.07522838635305551,-0.0068200046023982885,0.0757998946707164
245,1.2793917940403794,-1.0572023026551085,2.895676422918616,1.2755294042690073,-0.9824526126243325,2.904014693833692,0.003862389771372099,-0.07474969003077603,-0.008338270915075885,0.07531242245669899
246,1.260992301913243,-1.0525840963812234,2.8751394505238923,1.2600612599917844,-0.9785261299411385,2.8821478756489345,0.0009310419214585419,-0.07405796644008489,-0.007008425125042184,0.07439467222209918
247,1.24269152710908,-1.0475890206768903,2.8546024781291686,1.2444671106386092,-0.974208249852809,2.8609507235309106,-0.0017755835295292233,-0.07338077082408134,-0.006348245401742059,0.07367625427020175
248,1.224497188023794,-1.0422191822273323,2.834065505734445,1.2287485156114235,-0.9695006994538089,2.8404159136590224,-0.004251327587629472,-0.07271848277352344,-0.006350407924577528,0.07311893875015625
249,1.2064169581637683,-1.0364768457748643,2.813528533339721,1.2129070467566294,-0.9644053617015306,2.820534303571183,-0.006490088592861154,-0.07207148407333375,-0.007005770231462094,0.07270145035012732
250,1.1884584629095443,-1.0303644331637323,2.7929915609449973,1.1969442882079129,-0.9589242746631383,2.8012952066945758,-0.00848582529836861,-0.07144015850059393,-0.008303645749578425,0.07241999730957539
251,1.169866863136576,-1.0236074278312721,2.7756944322533315,1.1808618362278254,-0.9530596307003675,2.7826866477405034,-0.010994973091249305,-0.07054779713090464,-0.006992215487171993,0.07174100773420751
252,1.1513949154735972,-1.0165298680316457,2.7583973035616656,1.1646612990481637,-0.9468137755926088,2.764695597602315,-0.013266383574566554,-0.06971609243903687,-0.006298294040649299,0.0712460454056107
253,1.1330481464170465,-1.0091338712518523,2.7411001748699997,1.1483442967091446,-0.9401892075986283,2.747308187147715,-0.015296150292098076,-0.06894466365322394,-0.00620801227771528,0.07089342900759488
254,1.1148320450120268,-1.0014216502498865,2.723803046178334,1.1319124608974056,-0.9331885764572977,2.7305098999059307,-0.017080415885378786,-0.0682330737925888,-0.00670685372759694,0.07065744725735391
255,1.0967520612100747,-0.9933955123927181,2.706505917486668,1.1153674347828333,-0.9258146823277321,2.71428574412675,-0.018615373572758553,-0.06758083006498594,-0.007779826640081922,0.07052819597916561
256,1.0780009106437034,-0.9846801253879116,2.692038182979477,1.0987108728542532,-0.918070474669267,2.69862040504676,-0.02070996221054977,-0.06660965071864466,-0.0065822220672830944,0.07006478252992203
257,1.0593778100013769,-0.975694373295179,2.677570448472286,1.081944440753977,-0.9099590510617106,2.6834983784538204,-0.022566630752600236,-0.06573532223346845,-0.005927929981534241,0.06975332082795849
258,1.0408866573157767,-0.9664401369374833,2.6631027139650953,1.0650698151112423,-0.9014836559663549,2.6689040868100813,-0.02418315779546565,-0.06495648097112838,-0.005801372844985941,0.06955447841799617
259,1.022531323001335,-0.9569193533346827,2.6486349794579045,1.0480886833745522,-0.8926476794282345,2.654821979292142,-0.025557360373217097,-0.06427167390644817,-0.00618699983423765,0.06944282326441051
260,1.004315649044111,-0.9471340152980902,2.6341672449507136,1.0310027436429283,-0.8834546557201532,2.6412366171483908,-0.02668709459881735,-0.06367935957793691,-0.007069372197677115,0.06940632447876563
261,0.9853963764450238,-0.9366152131515886,2.622110410973188,1.0138137044961069,-0.8739082619290224,2.6281327457710297,-0.0284173280510831,-0.0627069512225662,-0.006022334797841644,0.06910842771767757
262,0.9666052993290339,-0.9258690745382661,2.6100535769956625,0.9965232848236771,-0.8640123164850744,2.615495354844479,-0.029917985494643196,-0.061856758053191685,-0.005441777848816276,0.06892718853300664
263,0.9479451492701726,-0.9148971615757698,2.597996743018137,0.979133213653199,-0.8537707776345435,2.603309727872266,-0.03118806438302646,-0.06112638394122638,-0.005312984854128899,0.06882846781492542
264,0.9294186388101957,-0.9037010692015446,2.5859399090406114,0.9616452299772965,-0.8431877418564168,2.591561482308587,-0.032226591167100804,-0.06051332734512782,-0.0056215732679754105,0.06878966528946968
265,0.9110284610642743,-0.892282424940984,2.573883075063086,0.9440610825797653,-0.8322674422239013,2.5802366014347324,-0.03303262151549102,-0.06001498271708272,-0.006353526371646545,0.06879912450077127
266,0.8919230797792097,-0.8800981234805602,2.563863063483597,0.9263825298606904,-0.821014246711247,2.56932145902926,-0.03445945008148066,-0.05908387676931315,-0.005458395545662853,0.06861597682713809
267,0.872940742381098,-0.8677230007324647,2.553843051904108,0.9086113396606129,-0.8094326564466194,2.558802837787985,-0.03567059727951494,-0.05829034428584523,-0.004959785883876577,0.06851828386097837
268,0.8540833546926662,-0.8551582991564477,2.5438230403246194,0.8907492890837423,-0.7975273039117043,2.5486679423582137,-0.03666593439107613,-0.057630995244743355,-0.004844902033594334,0.06847770026355628
269,0.8353528099917165,-0.8424052802459345,2.5338030287451305,0.8727981643202526,-0.7853029510887806,2.538904407763251,-0.03744535432853613,-0.057102329157153964,-0.005101379018120689,0.06847521174737686
270,0.8167509888210415,-0.8294652244013715,2.5237830171656417,0.8547597604676596,-0.7727644875559871,2.5295003039093875,-0.03800877164661809,-0.05670073684538435,-0.005717286743745831,0.06850056677579024
271,0.7974482136344342,-0.8157485286151728,2.5154856367514915,0.836635881351318,-0.759916928531561,2.5204441367892327,-0.039187667716883756,-0.055831600083611765,-0.004958500037741231,0.0683917216599314
272,0.7782599142455141,-0.8018721443686555,2.5071882563373413,0.8184283393440346,-0.7467654128678123,2.5117248469228364,-0.04016842509852048,-0.05510673150084322,-0.004536590585495048,0.0683435065367726
273,0.7591874116943731,-0.7878370269971283,2.498890875923191,0.800138955184839,-0.7333152009956565,2.503331805511806,-0.040951543490465925,-0.05452182600147182,-0.00444092958861475,0.06833286383869276
274,0.7402320190489393,-0.7736441427640607,2.490593495509041,0.7817695577969044,-0.7195716728205074,2.495254808721464,-0.041537538747965064,-0.0540724699435533,-0.004661313212423135,0.06834418023430733
275,0.7213950413145774,-0.7592944687945595,2.482296115094891,0.7633219841046635,-0.7055403255703919,2.4874840704519436,-0.04192694279008602,-0.053754143224167605,-0.005187955357052854,0.06836878912394341
276,0.7018956205917287,-0.7441828400132181,2.475466034291765,0.7447980788501106,-0.6912267715971265,2.480010213910566,-0.042902458258381904,-0.05295606841609157,-0.0045441796188012695,0.06830531220271159
277,0.6824998675342961,-0.7289383821256177,2.468635953488639,0.7261996944083366,-0.6766367361314569,2.4728242622546763,-0.043699826874040504,-0.05230164599416076,-0.004188308766037263,0.06828381193840374
278,0.6632086869507158,-0.7135618062830116,2.461805872685513,0.7075286906022854,-0.6617760549930369,2.4659176285357978,-0.04432000365156963,-0.051785751289974646,-0.00411175585028456,0.06828567416753388
279,0.6440229787711361,-0.6980538297999324,2.4549757918823873,0.68878693451678,-0.6466506722561834,2.4592821051422575,-0.044763955745643846,-0.05140315754374891,-0.004306313259870187,0.06829817474396783
280,0.6249436380054368,-0.6824151761207292,2.4481457110792615,0.6699763003118093,-0.631266637872321,2.452909852907744,-0.045032662306372484,-0.05114853824840826,-0.004764141828482504,0.06831405921704961
281,0.6052602883090562,-0.6660554074371783,2.4425795389834177,0.65109866903512,-0.6156301052500863,2.446793390027349,-0.04583838072606383,-0.05042530218709196,-0.004213851043931349,0.06827609236671035
282,0.5856683043470607,-0.6495863318382804,2.437013366887574,0.6321559284341076,-0.5997473287940437,2.440925580900035,-0.046487624087046875,-0.04983900304423672,-0.003912214012461224,0.06826661582487677
283,0.5661682931220555,-0.6330084595720947,2.43144719479173,0.6131499727670459,-0.5836246614030073,2.435299624996844,-0.04698167964499034,-0.049383798169087445,-0.0038524302051139436,0.06827063030582725
284,0.5467608587871285,-0.6163223042574395,2.4258810226958865,0.5940827026136648,-0.5672685519289687,2.4299090458371793,-0.04732184382653626,-0.04905375232847076,-0.0040280231412928025,0.06827775985687308
285,0.5274466026271329,-0.5995283828679793,2.4203148506000427,0.5749560246850888,-0.5506855425976376,2.4247476801408347,-0.04750942205795583,-0.04884284027034169,-0.004432829540792049,0.06828190249028517
286,0.507601994133927,-0.5820783997036324,2.4158530575988206,0.5557718516331736,-0.5338822663916443,2.419809667210888,-0.048169857499246516,-0.04819613331198813,-0.003956609612067563,0.06825582171029042
287,0.48783544112405164,-0.5645400479911026,2.4113912645975986,0.5365321018592358,-0.5168654443974288,2.4150894385917674,-0.048696660735184194,-0.047674603593673814,-0.0036981739941688296,0.06824887607472165
288,0.4681473371014211,-0.5469136768762449,2.4069294715963765,0.5172386993222217,-0.4996418831169025,2.410581708037644,-0.04909136222080057,-0.04727179375934243,-0.0036522364412676644,0.06824897919341046
289,0.4485380740082215,-0.5291996372571661,2.4024676785951544,0.49789357334630513,-0.48221847174493154,2.4062814618184905,-0.04935549933808364,-0.04698116551223458,-0.0038137832233360314,0.06824763856921465
290,0.4290080422171082,-0.5113982817772394,2.3980058855939324,0.47849865842796485,-0.4646021794137574,2.402183949384547,-0.04949061621085665,-0.04679610236348203,-0.0041780637906145834,0.06823966959461512
291,0.4090325018364985,-0.49302701008457017,2.3945254272624927,0.4590558940425284,-0.44680005240543,2.398284674404404,-0.050023392206029915,-0.046226957679140146,-0.003759247141911448,0.06821585829659609
292,0.3891210227600522,-0.47458632576723836,2.391044968931053,0.4395672244502339,-0.42881921133339584,2.394579386187274,-0.05044620169018166,-0.045767114433842515,-0.0035344172562208342,0.06820513275339324
293,0.36927384618702375,-0.4560764522079114,2.3875645105996135,0.4200345985017983,-0.41066684829434086,2.3910640714961615,-0.05076075231477456,-0.04540960391357052,-0.003499560896548015,0.06819774944686882
294,0.3494912125377339,-0.4374976136273857,2.384084052268174,0.40045996944354106,-0.39235022399145386,2.387734946755494,-0.050968756905807155,-0.045147389635931845,-0.0036508944873201443,0.0681867289288719
295,0.3297733614506579,-0.4188500350818711,2.3806035939367343,0.3808452947220541,-0.373876664830236,2.3845884506541766,-0.0510719332713962,-0.04497337025163506,-0.003984856717442309,0.06816762782235526
296,0.3097029094840853,-0.39973622581115864,2.3780118340855525,0.36119253578846583,-0.35525355998804264,2.381621237142953,-0.05148962630438053,-0.044482665823116,-0.0036094030574003177,0.06813895336829395
297,0.2896820632742978,-0.3805704630028667,2.3754200742343707,0.34150365790229065,-0.3364883584585042,2.3788301688233062,-0.05182159462799285,-0.044082104544362455,-0.003410094588935486,0.06812002903664682
298,0.26971095730563127,-0.36135287539755157,2.372828314383189,0.3217806299349115,-0.31758856607203484,2.3762123107238504,-0.05206967262928025,-0.043764309325516726,-0.0033839963406614437,0.06810298825817805
299,0.24978972572830554,-0.3420835920838881,2.370236554532007,0.3020254241726877,-0.2985617424935936,2.373764924459197,-0.05223569844438214,-0.04352184959029454,-0.003528369927189967,0.06808207530676298
300,0.22991850235752348,-0.32276274249780224,2.3676447946808254,0.2822400161197344,-0.27941549819892586,2.371485462765573,-0.05232151376221095,-0.043347244298876375,-0.0038406680847473673,0.06805347251987144
301,0.2097933509172181,-0.3030932715160821,2.3658748079868355,0.2624263843003676,-0.260157491430468,2.3693715644070066,-0.05263303338314948,-0.042935780085614106,-0.00349675642017111,0.06801429790958628
302,0.18970304568521124,-0.28338821011346904,2.3641048212928455,0.2425865100612595,-0.2407954251341592,2.3674210494456176,-0.05288346437604827,-0.04259278497930985,-0.003316228152772105,0.06798384738941837
303,0.1696476496014574,-0.26364762002300557,2.3623348345988555,0.22272237737329917,-0.22133704387835867,2.365631914869418,-0.05307472777184177,-0.042310576144646894,-0.0032970802705625246,0.06795573794800265
304,0.1496272254965459,-0.24387156308904037,2.3605648479048655,0.20283597263320371,-0.2017901307561289,2.364002330571082,-0.053208747136657825,-0.04208143233291148,-0.0034374826662162405,0.06792520891482584
305,0.129641836091504,-0.22406010126703454,2.3587948612108756,0.1829292844648735,-0.182162504272095,2.3625306356712543,-0.05328744837336949,-0.04189759699493956,-0.00373577446037876,0.06788900351981685
306,0.10950529813514229,-0.20402801686753727,2.3578020151279633,0.16300430352053824,-0.16246201521515416,2.3612153351802236,-0.053499005385395954,-0.04156600165238311,-0.00341332005226036,0.0678345547960013
307,0.08938865887676996,-0.18397594986173732,2.356809169045051,0.14306302228168652,-0.14269654351825772,2.360055096992098,-0.05367436340491656,-0.0412794063434796,-0.0032459279470469227,0.06778984233076936
308,0.06929193814622865,-0.16390392001582463,2.3558163229621387,0.1231074348598263,-0.12287399510655006,2.3590487492060004,-0.053815496713597644,-0.04102992490927457,-0.0032324262438616636,0.0677496199547566
309,0.04921515575372544,-0.14381194711566742,2.3548234768792264,0.10313953679706928,-0.10300229873509785,2.3581952777692634,-0.053924381043343836,-0.040809648380569566,-0.003371800890036969,0.0677099351136561
310,0.02915833148981332,-0.12370005096679262,2.353830630796314,0.08316132486658098,-0.0830894028174964,2.3574938244380585,-0.05400299337676766,-0.04061064814929623,-0.003663193641744389,0.06766806502637758
311,0.009056047445594021,-0.10350250361001913,2.3535903093696304,0.06317479687290779,-0.06314327224661277,2.356943685051464,-0.054118749427313775,-0.040359231363406356,-0.0033533756818333593,0.06759402136494655
312,-0.011041382114778151,-0.08330012582695952,2.3533499879429467,0.04318195145219192,-0.04317188520872868,2.3565443081154838,-0.05422333356697007,-0.04012824061823084,-0.0031943201725370685,0.06753257939390596
313,-0.031133956030588456,-0.06309291878438976,2.353109666516263,0.02318478787231655,-0.02318322999237945,2.356295293694157,-0.054318743902905,-0.03990968879201031,-0.003185627177893835,0.06747931104554217
314,-0.05122167314140259,-0.04288088364936472,2.3528693450895792,0.0031853058329736565,-0.0031853017931379904,2.356196392605459,-0.05440697897437625,-0.039695581856226736,-0.0033270475158797552,0.06743091149610494
315,-0.07130453228706675,-0.022664021589218118,2.3526290236628955,-0.016814494734297237,0.016813900484349713,2.3562475059203347,-0.054490037552769516,-0.03947792207356783,-0.003618482257439215,0.06738519078845387
316,-0.09132513510631021,-0.002500141734859275,2.3531353777888855,-0.03681261386610762,0.03680637742582691,2.3564486847638113,-0.054512521240202595,-0.039306519160686185,-0.0033133069749258226,0.06728740910157725
317,-0.11135594542229141,0.01765359802013654,2.3536417319148755,-0.05680705176720758,0.05678413230707805,2.3568001304177795,-0.05454889365508383,-0.03913053428694151,-0.003158398502904003,0.06720681508357836
318,-0.13139695809922083,0.03779719250846139,2.3541480860408655,-0.07679580901047076,0.07673917429251892,2.3573021947256567,-0.05460114908875008,-0.03894198178405753,-0.003154108684791268,0.06713949529656339
319,-0.15144816799869318,0.057930636565408526,2.3546544401668554,-0.0967768867368283,0.09666352163141724,2.357955380799775,-0.05467128126186488,-0.038732885066008714,-0.0033009406329194135,0.06708264745381355
320,-0.17150956997968858,0.07805392502887372,2.3551607942928454,-0.11674828685516017,0.11654920485049365,2.358760344032969,-0.05476128312452841,-0.03849527982161993,-0.0035995497401235532,0.06703462878483928
321,-0.1913996491717514,0.09798516737238183,2.3564264472884204,-0.13670801224209556,0.13638826994159764,2.359717893416455,-0.05469163692965584,-0.03840310256921581,-0.0032914461280344476,0.06690894599828005
322,-0.21131493846292387,0.11789121982059696,2.3576921002839955,-0.1566540669417306,0.1561727815432119,2.3608289931666846,-0.05466087152119328,-0.038281561722614946,-0.0031368928826891462,0.0668066534136851
323,-0.23125540595135635,0.13777205048646574,2.3589577532795705,-0.1765844563652152,0.175894826114484,2.3620947646644646,-0.05467094958614116,-0.038122775628018274,-0.003137011384894084,0.06672405556217013
324,-0.25122101969486677,0.15762762752333698,2.3602234062751455,-0.19649718749021736,0.19554651510054424,2.363516488710183,-0.05472383220464941,-0.037918887577207266,-0.0032930824350376753,0.06665871464541948
325,-0.2712117477109919,0.17745791912501271,2.3614890592707205,-0.21639026906021674,0.21511998808781552,2.365095608099521,-0.054821478650775135,-0.0376620689628028,-0.0036065488288006264,0.06660955753096422
326,-0.29092129289601787,0.19695985447772443,2.3635457478758686,-0.23626171178363561,0.23460741594808077,2.366833730524539,-0.054659581112382255,-0.03764756147035633,-0.0032879826486702513,0.06645163295166877
327,-0.310670905775627,0.21642121221575253,2.3656024364810166,-0.25610952853275937,0.2540010039700232,2.3687326318054684,-0.05456137724286764,-0.03757979175427065,-0.003130195324451801,0.06632482761155194
328,-0.3304605028096179,0.23584191001820518,2.3676591250861647,-0.27593173454245457,0.2732929949770132,2.3707942594589726,-0.05452876826716335,-0.03745108495880803,-0.0031351343728078795,0.06622536825765048
329,-0.3502900002886575,0.2552218657361807,2.369715813691313,-0.29572634760863703,0.29247567242986966,2.373020736608938,-0.05456365268002045,-0.03725380669368894,-0.003304922917625408,0.06615104551288732
330,-0.3701593143346351,0.2745609973931152,2.371772502296461,-0.3154913882864973,0.3115413635133787,2.3754143662461753,-0.054667926048137805,-0.03698036612026351,-0.003641863949714441,0.06610138266195063
331,-0.3896372983254434,0.29344138585242807,2.3746726842031634,-0.33522488008843665,0.3304824422053109,2.3779776358435334,-0.054412418237006765,-0.03704105635288285,-0.003304951640370035,0.06590655369143172
332,-0.40916995688535207,0.3122652052922433,2.377572866109866,-0.35492484968172117,0.34929133232673576,2.3807132223330263,-0.054245107203630905,-0.037026127034492484,-0.0031403562231604454,0.06575201575553503
333,-0.42875712572420904,0.33103229738448947,2.3804730480165683,-0.37458932708580633,0.3679605105723846,2.3836239974514886,-0.05416779863840271,-0.03692821318789513,-0.003150949434920225,0.06563361806972551
334,-0.4483986400933736,0.3497425042782318,2.383373229923271,-0.3942163458693397,0.38648250951987934,2.3867130334610547,-0.05418229422403392,-0.036740005241647555,-0.0033398035377838475,0.06554924317036058
335,-0.46809433478710205,0.36839566860099954,2.3862734118299733,-0.4138039433467995,0.4048499206165983,2.389983609250355,-0.054290391440302566,-0.036454252015598765,-0.0037101974203817,0.06549904318122725
336,-0.48728878708409035,0.38646881357521307,2.3900929151770107,-0.43335016077475924,0.42305539714299684,2.3934392168216947,-0.053938626309331106,-0.03658658356778377,-0.003346301644683969,0.06526217311733731
337,-0.5065521296409773,0.40446851362205627,2.393912418524048,-0.4528530435477663,0.44109165715120235,2.3970835681686076,-0.053699086093211,-0.036623143529146085,-0.0031711496445594456,0.06507612987317785
338,-0.5258840814327932,0.42239450615131957,2.3977319218710855,-0.472310641393794,0.4589514863776903,2.400920602546995,-0.05357344003899922,-0.03655698022637072,-0.0031886806759096054,0.0649360759927517
339,-0.5452843604336566,0.44024652964808203,2.401551425218123,-0.49172100856927403,0.47662774112889944,2.404954494141537,-0.05356335186438255,-0.03638121148081741,-0.003403068923414132,0.06483984955146889
340,-0.5647526836208884,0.45802432367652635,2.4053709285651603,-0.5110822040536624,0.49411335113860816,2.409189660127124,-0.053670479567225926,-0.03608902746208181,-0.003818731561963773,0.06478827819040454
341,-0.5836106989243963,0.47511317380058415,2.4102127446830175,-0.5303922917435467,0.5114013223959523,2.4136307691226384,-0.05321840718084958,-0.03628814859536811,-0.0034180244396209147,0.06450357728386903
342,-0.6025512339290623,0.4921105169308171,2.4150545608008747,-0.549649340646248,0.5284847399429308,2.4182827500314454,-0.05290189328281425,-0.03637422301211368,-0.003228189230570777,0.06428153403855279
343,-0.6215738446093193,0.5090159545961727,2.419896376918732,-0.5688514250729251,0.5453567706403021,2.42315080125933,-0.05272241953639423,-0.03634081604412942,-0.0032544243405983053,0.06411629832042316
344,-0.6406780850154893,0.5258290904801508,2.424738193036589,-0.5879966248311352,0.5620106659007431,2.4282404002962408,-0.052681460184354045,-0.036181575420592305,-0.0035022072596517795,0.06400553181375222
345,-0.6598635072842371,0.5425495304300949,2.429580009154446,-0.6070830254168587,0.5784397643882002,2.433557313642975,-0.05278048186737849,-0.03589023395810531,-0.003977304488528954,0.06395081790497036
346,-0.6783312022289468,0.5584877846001053,2.4355793104550743,-0.6261087182059404,0.5946374946823286,2.439107607057674,-0.052222484023006444,-0.03614971008222334,-0.0035282966025995677,0.06361162042801519
347,-0.6968941826489562,0.5743149593475155,2.4415786117557023,-0.645071800644958,0.6105973779069791,2.4448976560896263,-0.051822382003998246,-0.03628241855946357,-0.0033190443339239373,0.06334815883972462
348,-0.7155517804346042,0.5900304850284367,2.4475779130563304,-0.6639703764414682,0.6263130303216559,2.4509341568591303,-0.051581403993136044,-0.03628254529321917,-0.003356243802799863,0.06315321609642255
349,-0.7343033240708082,0.6056337960173982,2.4535772143569585,-0.6828025557536419,0.6417781658749337,2.4572241370319414,-0.05150076831716632,-0.03614436985753555,-0.0036469226749829,0.06302415929351277
350,-0.7531481386612326,0.6211243307277056,2.4595765156575866,-0.7015664553792397,0.6569865987187891,2.463774966924827,-0.051581683281992974,-0.035862267991083496,-0.004198451267240166,0.06296347598974754
351,-0.7711705804085617,0.6357585783448537,2.4669068576158804,-0.7202601989439371,0.671932245682862,2.4705943706648235,-0.050910381464624566,-0.03617366733800831,-0.003687513048943103,0.06256196050349287
352,-0.789299811028528,0.6502603233082692,2.474237199574174,-0.7388819170889542,0.6866091287076386,2.477690437308543,-0.050417893939573744,-0.036348805399369355,-0.003453237734369008,0.06225049826397697
353,-0.8075348563709888,0.6646287863859359,2.481567541532468,-0.7574297476579961,0.7010113772355988,2.4850716318091606,-0.050105108712992674,-0.03638259084966289,-0.0035040902766927395,0.06202010548799478
354,-0.8258747365999874,0.6788631955075628,2.4888978834907616,-0.7759018358834606,0.715133230559358,2.4927468056970676,-0.049972900716526825,-0.03627003505179516,-0.00384892220630606,0.061867765846460726
355,-0.844318466246404,0.6929627858060703,2.4962282254490553,-0.7942963345719204,0.7289690401258765,2.5007252073153747,-0.05002213167448366,-0.0360062543198062,-0.004496981866319416,0.061797142760065774
356,-0.8618396258738135,0.7061547387172882,2.5051085444324914,-0.8126114042888336,0.7425132717958018,2.509016491422985,-0.04922822158497986,-0.036358533078513666,-0.0039079469904934605,0.06132399838335524
357,-0.8794772418560131,0.7191905800313503,2.5139888634159275,-0.8308452135424925,0.7557605080570542,2.5176307279456003,-0.04863202831352054,-0.03656992802570391,-0.0036418645296727448,0.06095651721468933
358,-0.8972299232985962,0.7320692817477157,2.5228691823993636,-0.8489959389671652,0.7687054501917557,2.5265784096181902,-0.048233984331431,-0.03663616844404005,-0.003709227218826605,0.06068347756437242
359,-0.9150962702331462,0.744789828257801,2.5317495013827997,-0.8670617655054355,0.78134292039565,2.5358704582208973,-0.04803450472771076,-0.036553092137848964,-0.004120956838097545,0.060501441921131154
360,-0.9330748737276371,0.757351216425071,2.540629820366236,-0.8850408865897049,0.7936678638491532,2.545518229063543,-0.048033987137932166,-0.03631664742408225,-0.004888408697307334,0.06041572096800669
361,-0.9500377239801314,0.768980119130808,2.551331032518052,-0.9029315043228463,0.8056753507392133,2.5555335133215724,-0.04710621965728512,-0.036695231608405265,-0.00420248080352037,0.05985980953944689
362,-0.9671240439633466,0.7804268364008041,2.5620322446698682,-0.9207318296579966,0.8173605782311729,2.565928537768054,-0.04639221430535001,-0.036933741830368794,-0.0038962930981858435,0.05942659281544607
363,-0.9843318770399349,0.7916900574159632,2.5727334568216844,-0.9384400825774543,0.8287188723898353,2.5767159613820527,-0.045891794462480595,-0.037028814973872115,-0.003982504560368305,0.05910203279016023
364,-1.001659252657495,0.8027684923702347,2.5834346689735006,-0.9560544922706857,0.83974569004898,2.5879088682432516,-0.04560476038680927,-0.0369771976787453,-0.004474199269751011,0.05888230444893215
365,-1.01910418657423,0.8136608726183162,2.594135881125317,-0.9735732973113987,0.8504366206285644,2.5995207560461813,-0.04553088926283133,-0.03677574801024819,-0.00538487492086448,0.05877511715590908
366,-1.0354512019028985,0.8236262000385517,2.606984202157329,-0.9909947458336898,0.8607873878989016,2.6115655194852865,-0.04445645606920867,-0.03716118786034994,-0.004581317327957635,0.058123307182963574
367,-1.0519249021759511,0.8333806790129431,2.619832523189341,-1.008317095707223,0.870793851691091,2.6240574276749693,-0.043607806468728194,-0.03741317267814792,-0.0042249044856284,0.05761281188044591
368,-1.0685225679630102,0.8429226993005609,2.632680844221353,-1.0255386147114476,0.8804520095530344,2.637011094678,-0.04298395325156257,-0.037529310252473524,-0.004330250456646922,0.05722604681590562
369,-1.0852414593698325,0.8522506857325354,2.645529165253365,-1.042657580708813,0.8897579983503596,2.650441442122924,-0.042583878661019536,-0.03750731261782425,-0.0049122768695588626,0.05695889470197641
370,-1.1020788164906035,0.8613630984720817,2.658377486285377,-1.0596722818169868,0.8987080958116269,2.664363652799013,-0.04240653467361666,-0.037344997339545216,-0.0059861665136358155,0.056822506094366045
371,-1.1177533973986606,0.8695876185129107,2.673748396606351,-1.0765810165800351,0.9072987220171839,2.678793114029098,-0.04117238081862551,-0.0377111035042732,-0.005044717422746814,0.056060159147645075
372,-1.1335525400486568,0.877570243899981,2.689119306927325,-1.0933820941385743,0.9155264408310896,2.693745349540943,-0.04017044591008245,-0.03795619693110863,-0.004626042613617987,0.05545933537602997
373,-1.1494725117314784,0.8853090886563635,2.704490217248299,-1.1100738343988477,0.9233879612755189,2.709235938492216,-0.039398677332630694,-0.038078872619155435,-0.004745721243916812,0.054997983468774346
374,-1.165509551190916,0.8928023244007979,2.7198611275692732,-1.12665456820074,0.9308801388471135,2.7252804202598746,-0.03885498299017587,-0.03807781444631564,-0.005419292690601374,0.05467173300199387
375,-1.1816598695123004,0.900048180779666,2.7352320378902473,-1.1431226374846875,0.9379999767747388,2.7418941835904724,-0.038537232027612944,-0.03795179599507281,-0.006662145700225164,0.05449624993458477
376,-1.1966096523645016,0.9064812388722284,2.753523536282294,-1.1594763954574863,0.9447446272181542,2.7590923387340904,-0.0371332569070153,-0.0382633883459258,-0.005568802451796362,0.053609488124590994
377,-1.2116745980555814,0.9126397821313984,2.771815034674341,-1.1757142067569655,0.9511113924071088,2.776889571263257,-0.035960391298615946,-0.038471610275710444,-0.00507453658891599,0.05290524984486861
378,-1.2268496663129127,0.9185217500959139,2.7901065330663877,-1.1918344476155285,0.9570977257204172,2.7952999764232915,-0.03501521869738422,-0.03857597562450332,-0.00519344335690386,0.05235592888784697
379,-1.2421297800202074,0.9241251748381942,2.8083980314584345,-1.2078355060225212,0.9627012327045702,2.814336873086924,-0.03429427399768614,-0.03857605786637597,-0.005938841628489566,0.05195651363810547
380,-1.2575098269161642,0.9294481816227492,2.8266895298504813,-1.2237157818854385,0.9679196720314864,2.834012596709942,-0.033794045030725695,-0.03847149040873721,-0.007323066859460603,0.05172736569782387
381,-1.2716933645588218,0.9340683595809953,2.8482567117420547,-1.2394736871899266,0.9727509563950139,2.8543382711218332,-0.032219677368895194,-0.03868259681401853,-0.006081559379778501,0.05070933119773308
382,-1.2859732401341115,0.9383815878361185,2.869823893633628,-1.2551076461585875,0.9771931533458231,2.875323559550972,-0.03086559397552402,-0.03881156550970466,-0.0054996659173438545,0.04989257293403893
383,-1.3003428117105487,0.9423858601965104,2.8913910755252017,-1.2706160954085512,0.9812444860643621,2.896976395989684,-0.029726716301997413,-0.038858625867851715,-0.005585320464482457,0.04924293117928785
384,-1.3147953956367686,0.9460793141737674,2.912958257416775,-1.2859974841078177,0.9849033340715609,2.9193026988581225,-0.028797911528950948,-0.038824019897793494,-0.0063444414413473815,0.048753216987766426
385,-1.3293242696502625,0.9494602318489814,2.9345254393083486,-1.3012502741303347,0.9881682338770005,2.9423060699269263,-0.02807399551992784,-0.03870800202801905,-0.0077806306185777,0.048445813630042425
386,-1.3427225374487393,0.9522749175686976,2.9595561291117667,-1.3163729402098099,0.9910378795642899,2.9659874825973085,-0.02634959723892938,-0.03876296199559226,-0.006431353485541802,0.0473099440390867
387,-1.3561870543900396,0.9547533887179968,2.9845868189151847,-1.3313639700922384,0.993511123313416,2.990344964890073,-0.024823084297801223,-0.0387577345954192,-0.005758145974888329,0.04638430499741074
388,-1.3697093849176698,0.9568940925279611,3.009617508718603,-1.3462218646871233,0.9955869758598548,3.01537328382298,-0.023487520230546455,-0.03869288333189369,-0.005755775104377303,0.045628190564255725
389,-1.3832810572547667,0.9586956878418299,3.034648198522021,-1.360945138217388,0.9972646068902659,3.0410636392016177,-0.022335919037378638,-0.03856891904843596,-0.006415440679596873,0.04502902036378946
390,-1.3968935687116895,0.9601570459552378,3.059678888325439,-1.3755323183679475,0.998543345374605,3.067403376135589,-0.021361250343741922,-0.03838629941936722,-0.007724487810150116,0.04460357285342156
391,-1.409525321127401,0.9611940808504026,3.0880078095421952,-1.389981946432944,0.9994226798345278,3.0943757267243446,-0.019543374694457105,-0.03822859898412523,-0.006367917182149352,0.04340414316601262
392,-1.422181379366535,0.9618729035910872,3.1163367307589516,-1.4042925774616108,0.9999022585479752,3.1219595922240613,-0.017888801904924145,-0.03802935495688797,-0.0056228614651097075,0.04240115143585624
393,-1.4348515872700474,0.9621929694396186,-3.1385196552038783,-1.4184627804027723,0.9999818896898556,-3.1330559296913743,-0.016388806867275063,-0.037788920250236946,-0.00546372551250407,0.041550544890381375
394,-1.4475257773241546,0.9621540215514404,-3.110190733987122,-1.432491138247941,0.9996615414087742,-3.1043304177311337,-0.015034639076213496,-0.037507519857333804,-0.005860316255988263,0.04083133263341396
395,-1.4601937788195003,0.9617560911812244,-3.0818618127703656,-1.4463762481730242,0.9989413418397719,-3.0750839964195906,-0.013817530646476062,-0.0371852506585475,-0.006777816350775012,0.040244326484489036
396,-1.4721265774822538,0.9610424862215942,-3.05094327995763,-1.460116721678599,0.9978215790530742,-3.045356048786323,-0.012009855803654768,-0.036779092831480065,-0.0055872311713072165,0.0390916290028036
397,-1.4840316128828608,0.9599603364747865,-3.0200247471448947,-1.4737111847287665,0.9963027009388654,-3.0151903723094278,-0.010320428154094285,-0.0363423644640789,-0.0048343748354668925,0.03808739781310299
398,-1.4958975052418035,0.9585106763455815,-2.989106214332159,-1.4871582778885493,0.9943853150281404,-2.9846349301467145,-0.008739227353254275,-0.03587463868255891,-0.004471284185444624,0.03719349644229522
399,-1.5077129121955961,0.9566948915344068,-2.9581876815194237,-1.5004566564598378,0.992070188249698,-2.953741503402485,-0.007256255735758277,-0.03537529671529116,-0.004446178116938704,0.03638452095115668
400,-1.5194665396387173,0.9545147177127751,-2.927269148706688,-1.5136049906158564,0.9893582466233818,-2.9225652469480483,-0.005861549022860846,-0.034843528910606714,-0.0047039017586398835,0.03564485875475764
401,-1.5308064298841815,0.9520464027888212,-2.895062583071951,-1.5266019655341467,0.9862505748896836,-2.891164155538977,-0.004204464350034742,-0.03420417210086235,-0.0038984275329738693,0.03468141644751512
402,-1.542060957210156,0.9492142121151766,-2.8628560174372137,-1.5394462815280487,0.9827484160758617,-2.859598451199729,-0.0026146756821072703,-0.03353420396068507,-0.0032575662374845216,0.033793358844468664
403,-1.5532184487223673,0.9460210831641437,-2.8306494518024765,-1.5521366541766646,0.9788531709987472,-2.827929906773413,-0.0010817945457026745,-0.03283208783460356,-0.0027195450290635748,0.0329622844503129
404,-1.564267332169488,0.9424703277635379,-2.7984428861677393,-1.5646718144533056,0.9745663977044351,-2.7962211238571486,0.00040448228381761986,-0.0320960699408972,-0.0022217623105906803,0.03217541824644472
405,-1.5751961479455672,0.9385656286617486,-2.766236320533002,-1.57705050885239,0.9698898108450863,-2.7645347857899107,0.001854360906822894,-0.03132418218333766,-0.0017015347430913152,0.03142512154804859
406,-1.5860449223190227,0.9342907973779377,-2.7343953599416544,-1.5892714995147947,0.964825280993091,-2.732932907721797,0.003226577195772018,-0.030534483615153207,-0.001462452219857191,0.030739294990934665
407,-1.5967521059239695,0.9296727558925078,-2.7025543993503067,-1.6013335643516353,0.9593748338928642,-2.7014761059532435,0.004581458427665774,-0.029702078000356402,-0.0010782933970632236,0.03007267722557863
408,-1.6073068442339944,0.9247161857963542,-2.670713438758959,-1.613235497166481,0.9535406496505743,-2.6702229076755954,0.005928652932486678,-0.028824463854220106,-0.0004905310833636101,0.029431942899184726
409,-1.617698437265797,0.9194261118675149,-2.6388724781676114,-1.6249761077759686,0.9473250618621301,-2.639229120063048,0.0072776705101715855,-0.027898949994615174,0.00035664189543682667,0.028834754937370977
410,-1.627916350426416,0.9138078969772458,-2.6070315175762637,-1.6365542221288205,0.940730556679773,-2.608547274546721,0.008637871702404487,-0.026922659702527163,0.0015157569704573604,0.028315012841225593
411,-1.6383173152319883,0.9076498971626821,-2.577082168424555,-1.6479686824232516,0.9337597718176508,-2.578226158302969,0.00965136719126325,-0.026109874654968723,0.001143989878413798,0.027860063819034657
412,-1.6485292152263629,0.9011832033313789,-2.5471328192728464,-1.6592183472227418,0.926415495496766,-2.54831044080868,0.010689131996378887,-0.025232292165387138,0.0011776215358336728,0.02742832301175424
413,-1.6585428913924691,0.8944136154382147,-2.5171834701211377,-1.670302091570187,0.9187006653297247,-2.518840399062686,0.01175920017771781,-0.024287049891509982,0.0016569289415482302,0.027034884774484867
414,-1.668349362499489,0.8873472051026832,-2.487234120969429,-1.681218807100389,0.9106183671457304,-2.4898517410274974,0.012869444600900115,-0.023271162043047244,0.002617620058068315,0.0267211811478797
415,-1.6779398331580901,0.8799903101632791,-2.4572847718177204,-1.691967402150893,0.9021718337562933,-2.4613755232435177,0.014027568992802886,-0.022181523593014174,0.00409075142579729,0.02656175686928393
416,-1.6878557118446607,0.8719008245226988,-2.4302097836032424,-1.702546801871149,0.893364443662152,-2.4334381555791036,0.014691090026488274,-0.02146361913945316,0.003228371975861233,0.026209491760513202
417,-1.6975489603410094,0.8635458642209397,-2.4031347953887643,-1.7129559483300023,0.8841997197019128,-2.4060614838033527,0.01540698798899287,-0.020653855480973093,0.0029266884145884298,0.025933039355192807
418,-1.7070124733970489,0.8549315535291832,-2.376059807174286,-1.723193800621481,0.8746813276429652,-2.3792629391356055,0.016181327224432218,-0.019749774113782093,0.003203131961319272,0.025732255685252187
419,-1.7162393141611136,0.8460642068250933,-2.348984818959808,-1.7332593349688885,0.8648130747152218,-2.353055743107651,0.01702002080777487,-0.01874886789012853,0.004070924147842714,0.025647096889825
420,-1.7252227192647442,0.8369503239643142,-2.32190983074533,-1.7431515448271764,0.8545989080882805,-2.327449155898217,0.017928825562432138,-0.017648584123966304,0.00553932515288702,0.025760423730564728
421,-1.7345599524590651,0.8269498439700014,-2.2980487698939527,-1.7528694409836028,0.8440429132926041,-2.3024487566599667,0.01830948852453762,-0.017093069322602683,0.004399986766014052,0.025431678521847013
422,-1.7436559282825108,0.8167294355798699,-2.2741877090425753,-1.7624120516566506,0.833149312585366,-2.278056745137869,0.018756123374139788,-0.016419877005496075,0.0038690360952937652,0.025226453678792383
423,-1.7525054681849077,0.8062949175096539,-2.250326648191198,-1.7717784225932054,0.8219224632616022,-2.2542722549523493,0.019272954408297682,-0.015627545751948357,0.00394560676115141,0.02512438597393385
424,-1.7611035339177725,0.7956522303726985,-2.2264655873398205,-1.780967617163977,0.8103668559113548,-2.2310916701770687,0.019864083246204478,-0.014714625538656323,0.004626082837248191,0.02514960537209482
425,-1.7694452304027037,0.7848074332978305,-2.202604526488443,-1.789978716457167,0.7984871126234903,-2.208508938179551,0.020533486054463257,-0.013679679325659722,0.0059044116911080025,0.025369662067513076
426,-1.7780953634087213,0.7729885007914615,-2.1818216292869472,-1.7988108193703554,0.7862879851369292,-2.186515873031657,0.020715455961634044,-0.013299484345467683,0.004694243744709947,0.025060772611563434
427,-1.7864980143839972,0.7609923587783143,-2.1610387320854514,-1.8074630427006113,0.7737743529400123,-2.165102445073569,0.020965028316614065,-0.012781994161698007,0.004063712988117807,0.024888261295556765
428,-1.7946495541120766,0.7488241885513063,-2.1402558348839555,-1.8159345212328108,0.7609512213187744,-2.144257053386,0.021284967120734244,-0.012127032767468071,0.004001218502044601,0.024821855260537762
429,-1.8025464618347848,0.7364892457046234,-2.1194729376824597,-1.8242244078261607,0.7478237193548899,-2.123966778963472,0.021677945991375847,-0.011334473650266519,0.0044938412810124895,0.02487163534616343
430,-1.810185326772889,0.7239928578637589,-2.098690040480964,-1.8323318734989098,0.7343970978741133,-2.104217617273643,0.0221465467260209,-0.010404240010354449,0.005527576792679234,0.025085291452958115
431,-1.818053165611458,0.7104995314980507,-2.0806067928540215,-1.840256107511248,0.7206767273460168,-2.084994689631238,0.022202941899789996,-0.01017719584796617,0.004387896777216405,0.024815309437136102
432,-1.8256757282144358,0.6968661429330277,-2.062523545227079,-1.8479963174463758,0.7066680957358779,-2.0662824334160166,0.022320589231940025,-0.009801952802850122,0.003758888188937437,0.024666094600224654
433,-1.8330505220424678,0.6830971502176825,-2.044440297600137,-1.855551729289751,0.6923768063095604,-2.048064771633234,0.022501207247283217,-0.009279656091877975,0.0036244740330970693,0.02460798969410776
434,-1.840175135575334,0.6691970557428772,-2.0263570499731944,-1.862921587506485,0.6778085753922868,-2.030325262666764,0.0227464519311511,-0.008611519649409538,0.003968212693569395,0.02464358046448891
435,-1.8470472391005033,0.6551704047690857,-2.008273802346252,-1.8701051551168988,0.662969230082182,-2.0130472313250416,0.023057916016395508,-0.00779882531309628,0.004773428978789518,0.02480473324788814
436,-1.8540601232951908,0.6401760801903623,-1.9924376739612604,-1.8771017137702157,0.6478647059195176,-1.996213882444517,0.023041590475024964,-0.007688625729155296,0.00377620848325666,0.02458230273450414
437,-1.8608346860279414,0.625072583440264,-1.9766015455762687,-1.883910563816402,0.6325010445125663,-1.9798083984096402,0.02307587778846054,-0.007428461072302328,0.0032068528333715207,0.024453263068670007
438,-1.8673692283893506,0.6098637021392886,-1.960765417191277,-1.8905310243761266,0.6168843911210447,-1.963814021986842,0.023161795986776035,-0.007020688981756007,0.003048604795565124,0.024393705300981387
439,-1.8736621116617753,0.594553250336032,-1.9449292888062852,-1.8969624334088513,0.6010209921980904,-1.9482141258648502,0.02330032174707597,-0.0064677418620583405,0.003284837058564971,0.024403418465715105
440,-1.8797117577302884,0.5791450675507087,-1.9290931604212935,-1.9032041477790322,0.5849171928917617,-1.9329922702561362,0.023492390048743816,-0.0057721253410529805,0.003899109834842651,0.024503323828805556
441,-1.8858180305498637,0.5628381751791726,-1.9150648076860037,-1.9092555433204328,0.5685794345070697,-1.9181322498532611,0.023437512770569047,-0.005741259327897152,0.003067442167257406,0.024324643162649314
442,-1.8916949512030974,0.546447229196724,-1.901036454950714,-1.9151160148985422,0.5520142519295328,-1.9036181313569873,0.023421063695444833,-0.005567022732808846,0.002581676406273381,0.024211629846014146
443,-1.8973413631622338,0.5299754552014413,-1.8870081022154241,-1.9207849764710867,0.5352282710113162,-1.8894342827063793,0.023443613308852917,-0.005252815809874911,0.00242618049095511,0.024147079133555443
444,-1.9027561552616585,0.5134260946976648,-1.8729797494801343,-1.9262618611466333,0.5182282059209752,-1.8755653950493394,0.023505705884974804,-0.0048021112233104235,0.0025856455692050417,0.024130148038533306
445,-1.9079382619165661,0.4968024044580966,-1.8589513967448446,-1.9315461212412777,0.5010208564578846,-1.8619964983989576,0.023607859324711544,-0.004218451999788042,0.0030451016541130915,0.024174345973650826
446,-1.9131025438685958,0.47937932546530804,-1.8463375239963649,-1.9366372283334143,0.4836131053324,-1.8487129718292505,0.023534684464818545,-0.004233779867091947,0.00237544783288568,0.024030168897207646
447,-1.91804664830882,0.46189249267737403,-1.8337236512478852,-1.9415346733165766,0.4660119154128712,-1.8357005489754596,0.023488025007756486,-0.004119422735497147,0.001976897727574478,0.023928332308458394
448,-1.9227697885922712,0.4443446883836212,-1.8211097784994055,-1.9462379664503477,0.44822432694058495,-1.8229453195202048,0.023468177858076533,-0.0038796385569637715,0.0018355410207993028,0.02385741348407305
449,-1.927271213231075,0.4267387045744107,-1.8084959057509258,-1.950746637409333,0.4302574547137687,-1.810433727268505,0.023475424178257986,-0.0035187501393579845,0.0019378215175791524,0.023816639039259176
450,-1.931550206014018,0.40907734249691136,-1.795882033002446,-1.955060235330194,0.41211848524175654,-1.7981525653422639,0.023510029316176073,-0.003041142744845182,0.002270532339817777,0.023814393646451323
451,-1.935748983525929,0.3907393122331842,-1.7843407440569639,-1.9591783288567337,0.39381467387048763,-1.7860889689586406,0.023429345330804763,-0.003075361637303431,0.0017482249016766982,0.023694901606403498
452,-1.9397358415920862,0.3723540450524163,-1.7727994551114816,-1.9631005061830311,0.37535334188046116,-1.7742304061965488,0.023364664590944884,-0.0029992968280448395,0.0014309510850671892,0.02359980834494061
453,-1.9435102491635057,0.3539239898698425,-1.7612581661659994,-1.9668263750946215,0.3567418735583286,-1.7625646671013775,0.023316125931115872,-0.002817883688486067,0.0013065009353780965,0.023522099005225568
454,-1.947071703489582,0.3354516015664537,-1.7497168772205172,-1.970355563007719,0.33798771324326765,-1.7510798514294241,0.02328385951813705,-0.0025361116768139458,0.001362974208906964,0.02346119509299897
455,-1.9504197301850548,0.316939340662007,-1.738175588275035,-1.973687717006473,0.3190983623493521,-1.7397643552903157,0.023267986821418285,-0.0021590216873451085,0.0015887670152807676,0.02342188647391507
456,-1.9536381469603852,0.29789095356629147,-1.727410142584491,-1.9768225038782612,0.3000813763650833,-1.7286068569072703,0.023184356917876014,-0.0021904227987918357,0.0011967143227793464,0.023318329333450922
457,-1.956651316822788,0.2788090232428609,-1.716644696893947,-1.9797596101470079,0.2809443618313017,-1.7175963016812124,0.02310829332421993,-0.0021353385884408382,0.0009516047872653033,0.023226244701126744
458,-1.9594588905648538,0.25969576116725446,-1.7058792512034031,-1.982498742104534,0.2616949732986626,-1.706721886714927,0.023039851539680134,-0.0019992121314081346,0.0008426355115238593,0.023141772678905815
459,-1.9620605428064692,0.2405533824461642,-1.6951138055128592,-1.9850396258399263,0.2423409102659238,-1.6959730449273882,0.02297908303345708,-0.0017875278197596045,0.0008592394145290339,0.023064513980060576
460,-1.9644559720325259,0.2213841055607179,-1.6843483598223152,-1.987382007266929,0.22288991410024592,-1.6853394288655676,0.022926035234403175,-0.0015058085395280307,0.0009910690432524127,0.02299679909846813
461,-1.9666857196097765,0.20183222465553002,-1.6740969528652554,-1.9895256521493512,0.20334976494075557,-1.6748108943012632,0.022839932539574725,-0.0015175402852255493,0.0007139414360077811,0.022901422648029
462,-1.9687149192471656,0.18225851345860763,-1.6638455459081956,-1.9914703461244907,0.183728278586583,-1.6643774836832836,0.022755426877325124,-0.0014697651279753643,0.0005319377750880872,0.022809046882701363
463,-1.9705433576952425,0.16266502897956464,-1.6535941389511357,-1.993215894724571,0.16403330337065347,-1.6540294095005519,0.022672537029328588,-0.0013682743910888306,0.00043527054941616683,0.022717957007767544
464,-1.9721708428026348,0.1430538303059975,-1.6433427319940759,-1.9947621233961865,0.14427271702045727,-1.6437570375989194,0.022591280593551755,-0.0012188867144597715,0.0004143056048435678,0.02262793169543959
465,-1.9735972035362424,0.12342697838709497,-1.633091325037016,-1.996108877517759,0.12445442350706172,-1.6335508704836228,0.022511673981516545,-0.0010274451199667467,0.0004595454466067572,0.022539793498213986
466,-1.9748351991668986,0.10357957755388042,-1.623116038642736,-1.9972560224149978,0.10458634988363526,-1.6234015306300522,0.02242082324809913,-0.0010067723297548375,0.00028549198731631087,0.02244523137152487
467,-1.9758751529797856,0.08372081502740682,-1.6131407522484558,-1.9982034433743696,0.08467644311472142,-1.613299743817685,0.02232829039458406,-0.0009556280873146,0.00015899156922927205,0.02234929652819581
468,-1.9767169614937645,0.06385266686403732,-1.6031654658541756,-1.998951045654568,0.06473266689756589,-1.6032363224955564,0.022234084160803524,-0.0008800000335285746,7.085664138073433e-05,0.02225160486779172
469,-1.9773605409442474,0.043977110054057716,-1.5931901794598955,-1.999498754495988,0.04476299847674028,-1.5932021491822361,0.022138213551740504,-0.000785888422682561,1.1969722340632316e-05,0.022152161590906345
470,-1.9778058272915304,0.024096122324954977,-1.5832148930656154,-1.9998465151282017,0.024775425453357765,-1.5831881598989876,0.022040687836671236,-0.0006793031284027876,-2.6733166627712635e-05,0.022051169758451436
471,-1.9780534066184061,0.004160922555907581,-1.573290860683321,-1.999994292775436,0.0047779425901285115,-1.5731853276313745,0.021940886157029826,-0.0006170200342209302,-0.00010553305194638263,0.021949814038014676
472,-1.9781031394330955,-0.015775752492908024,-1.5633668283010265,-1.999942072660049,-0.015221451386431743,-1.5631846458120962,0.021838933226953516,-0.000554301106476281,-0.00018218248893031586,0.02184672617733028
473,-1.9779550208376315,-0.03571193934587972,-1.553442795918732,-1.9996898600040087,-0.03521475698538918,-1.5531771118160986,0.021734839166377196,-0.000497182360490539,-0.00026568410263339004,0.021742148282316978
474,-1.9776090654195648,-0.055645674575475645,-1.5435187635364376,-1.9992376800283709,-0.05519397715107451,-1.5431537104581057,0.02162861460880605,-0.0004516974244011332,-0.0003650530783319006,0.02163641061288745
475,-1.9770653072505258,-0.07557499499561358,-1.5335947311541431,-1.998585577950756,-0.0751511204618093,-1.5331053974825013,0.021520270700230215,-0.0004238745338042832,-0.0004893336716418339,0.02153000622558659
476,-1.976327738744879,-0.09539210785767262,-1.5234996563300303,-1.9977336189808284,-0.09507820432636097,-1.5230230830361118,0.02140588023594936,-0.0003139035313116517,-0.0004765732939184808,0.02141348561554736
477,-1.9753901559827123,-0.11520076525922801,-1.5134045815059174,-1.9966818883137751,-0.11496725817687632,-1.5128976151157174,0.02129173233106285,-0.00023350708235168882,-0.000506966390199981,0.021299047071076393
478,-1.9742526545127757,-0.13499894850653632,-1.5033095066818045,-1.9954304911217866,-0.1348103266569955,-1.5027197629842826,0.021177836609010958,-0.0001886218495408265,-0.0005897436975219605,0.02118688602104745
479,-1.9729153502574688,-0.15478463997327171,-1.4932144318576916,-1.993979552543539,-0.15459947280389894,-1.4924802005528235,0.02106420228607031,-0.00018516716937277966,-0.0007342313048681604,0.021077808245596876
480,-1.9713783795010271,-0.17455582330614158,-1.4831193570335788,-1.9923292176716814,-0.17432678122297965,-1.4821694897287272,0.02095083817065424,-0.00022904208316193442,-0.0009498673048515816,0.020973610281151595
481,-1.9696645696370447,-0.19405257508569046,-1.4726231901850184,-1.9904796515383252,-0.19398436125389898,-1.4717780637361624,0.020815081901280452,-6.821383179148044e-05,-0.0008451264488560373,0.020832343276703576
482,-1.967746216774832,-0.21353026479723647,-1.462127023336458,-1.9884310390985427,-0.21356435012673866,-1.4612962104201923,0.020684822323710605,3.408532950219256e-05,-0.000830812916265744,0.020701528602376153
483,-1.9656235322564597,-0.23298674661278287,-1.4516308564878977,-1.9861835852118708,-0.2330589161070144,-1.450714055553347,0.02056005295541108,7.216949423152763e-05,-0.000916800934550599,0.020580610047294477
484,-1.9632967499349123,-0.2524198770407752,-1.4411346896393373,-1.9837375146218252,-0.25246026162825813,-1.4400215461719812,0.020440764686912916,4.038458748295559e-05,-0.001113143467356137,0.020471091330937143
485,-1.9607661261483242,-0.27182751516224635,-1.430638522790777,-1.9810930719334263,-0.2717606264109441,-1.4292084339797944,0.02032694578510208,-6.688875130222982e-05,-0.0014300888109826104,0.020377299945351632
486,-1.958088420135885,-0.2908071875347414,-1.419493085743167,-1.9782505215887396,-0.2909522905664908,-1.4182642588677388,0.020162101452854575,0.0001451030317494162,-0.001228826875428135,0.020200034786474946
487,-1.955199348070975,-0.3097558374987906,-1.4083476486955568,-1.9752101478404307,-0.31002757768512307,-1.4071783326133003,0.020010799769455634,0.00027174018633246977,-0.0011693160822565662,0.020046776554906217
488,-1.9520992688326273,-0.32867111126292814,-1.3972022116479468,-1.9719722547233407,-0.32897885790632714,-1.3959397228381787,0.0198729858907134,0.0003077466433989984,-0.001262488809768092,0.01991542503196472
489,-1.9487885675110759,-0.3475506591816624,-1.3860567746003367,-1.9685371660240831,-0.347798550970695,-1.384537237321871,0.019748598513007254,0.0002478917890326171,-0.0015195372784657657,0.019808523092539464
490,-1.945267655359921,-0.3663921360473477,-1.3749113375527267,-1.964905225248665,-0.36647912925192844,-1.372959408789994,0.019637569888743878,8.69932045807209e-05,-0.0019519287627327575,0.019734531786888863
491,-1.941641649369594,-0.38466566069233815,-1.362839951500629,-1.9610767955881379,-0.38501312076778266,-1.3611944803206513,0.01943514621854381,0.00034746007544450563,-0.0016454711799778199,0.01950777312879005
492,-1.9377953261505803,-0.40289408410435695,-1.3507685654485315,-1.957052259882277,-0.4033931121687696,-1.3492303915401058,0.01925693373169679,0.0004990280644126543,-0.0015381739084256996,0.0193247122806161
493,-1.9337292461759898,-0.4210747500996717,-1.338697179396434,-1.9528320205812995,-0.42161175170339216,-1.337054765810933,0.019102774405309608,0.0005370016037204439,-0.0016424135855008792,0.019180768573975028
494,-1.9294440019411385,-0.43920500945359797,-1.3266257933443364,-1.9484164997056181,-0.43966175215875003,-1.3246548986519633,0.018972497764479623,0.00045674270515205784,-0.001970894692373104,0.019080060566212007
495,-1.9249402178772108,-0.45728222028653537,-1.3145544072922388,-1.9438061388036416,-0.4575358937753214,-1.3120177476702315,0.0188659209264308,0.00025367348878602147,-0.002536659622007331,0.019037383346436423
496,-1.9203844847391567,-0.4746704143968639,-1.3012422686924474,-1.9390013989076176,-0.47522702713477977,-1.2991299243311092,0.018616914168460896,0.0005566127379158514,-0.0021123443613382253,0.018744634154784875
497,-1.9155976880494332,-0.49199642306288044,-1.287930130092656,-1.934002760487532,-0.4927280760196602,-1.2859776879442872,0.018405072438098857,0.0007316529567797381,-0.0019524421483687604,0.018522797786607658
498,-1.910580676078278,-0.5092571759353629,-1.2746179914928646,-1.928810723403061,-0.5100320402437544,-1.272546942300503,0.01823004732478295,0.0007748643083914653,-0.0020710491923616736,0.018363667523602873
499,-1.905334337892475,-0.5264496142290958,-1.2613058528930732,-1.9234258068535868,-0.527131998452086,-1.2588232354572375,0.0180914689611118,0.0006823842229902732,-0.0024826174358356656,0.018273759512792462
500,-1.8998596031978023,-0.5435706912649184,-1.2479937142932818,-1.917848549326277,-0.5440211108893698,-1.2447917632410141,0.01798894612847457,0.0004504196244513592,-0.0032019510522676153,0.01827724134524597
501,-1.8943951895063822,-0.5599066243847993,-1.2330812173538734,-1.9120795085422362,-0.5606926221358159,-1.2304373771094976,0.01768431903585399,0.0007859977510166205,-0.0026438402443758058,0.017898123462090992
502,-1.8886877828752018,-0.5761592560927584,-1.2181687204144651,-1.906119261400735,-0.5771398638092112,-1.2157445970978271,0.017431478525533173,0.0009806077164528082,-0.002424123316637994,0.017626525719323105
503,-1.8827386525084662,-0.5923249721538485,-1.2032562234750568,-1.8999684039215217,-0.5933562572321769,-1.200697630660021,0.017229751413055494,0.0010312850783283922,-0.0025585928150357873,0.01744919138131115
504,-1.8765491213645284,-0.6084001776612884,-1.1883437265356485,-1.8936275511852179,-0.6093353160635608,-1.1852803983066504,0.01707842982068941,0.0009351384022724396,-0.003063328228998019,0.017376168415683423
505,-1.8701205658616924,-0.624381297835893,-1.1734312295962401,-1.8870973372718132,-0.625070648892882,-1.16947656703277,0.016976771410120772,0.0006893510569889738,-0.003954662563470102,0.017444922710696593
506,-1.8637700361455278,-0.6395127475648493,-1.156515228983181,-1.8803784151972567,-0.6405559617968117,-1.153269592622839,0.01660837905172885,0.0010432142319624083,-0.003245636360342141,0.01695466620264904
507,-1.857164463607466,-0.6545346119637921,-1.139599228370122,-1.8734714568481579,-0.6557850608566534,-1.136642772009011,0.016306993240691847,0.0012504488928613,-0.0029564563611108596,0.016619936377759707
508,-1.8503057383941284,-0.6694425926125503,-1.1226832277570629,-1.8663771529145952,-0.6707518546358369,-1.119579306941384,0.016071414520466787,0.001309262023286517,-0.0031039208156788956,0.016420683791008698
509,-1.8431958230903196,-0.6842324236781334,-1.1057672271440038,-1.8590962128210502,-0.6854503566164047,-1.1020623802982807,0.015900389730730602,0.0012179329382713266,-0.003704846845723031,0.016371672009343252
510,-1.8358367521574448,-0.6988998731353752,-1.0888512265309447,-1.8516293646554642,-0.6998746875935437,-1.0840752464144137,0.015792612498019443,0.0009748144581684937,-0.00477598011653102,0.01652776024795719
511,-1.8286224351530231,-0.7126917197879347,-1.0695040165962888,-1.8439773550964327,-0.7140190780271819,-1.06560133682667,0.01535491994340954,0.0013273582392472338,-0.0039026797696188886,0.01589862748000613
512,-1.8211426512120725,-0.7263414170785233,-1.050156806661633,-1.836140949338534,-0.7278778703497366,-1.0466243828210473,0.014998298126461362,0.0015364532712133228,-0.003532423840585608,0.01548507841550614
513,-1.8134002000390876,-0.7398438558864554,-1.030809596726977,-1.828120931015814,-0.7414455212290605,-1.0271285560983872,0.014720730976726326,0.0016016653426050853,-0.003681040628589871,0.015258286681937181
514,-1.8053979796556587,-0.7531939822103162,-1.0114623867923211,-1.8199181021234212,-0.754716603785701,-1.007098628747356,0.014520122467762464,0.0015226215753848527,-0.004363758044965138,0.015237936776862073
515,-1.7971389853157331,-0.7663867990596885,-0.9921151768576653,-1.811533282937409,-0.7676858097635824,-0.9865201535059736,0.014394297621675767,0.0012990107038938215,-0.005595023351691708,0.015497984357205516
516,-1.7890799652764782,-0.7787229442798727,-0.9699375171753032,-1.8029673119327096,-0.7803479516532316,-0.9653796649918884,0.01388734665623148,0.001625007373358911,-0.004557852183414757,0.014706225302220592
517,-1.7807493626609878,-0.7908773403137926,-0.9477598574929411,-1.7942210456992849,-0.79269796476672,-0.9436649021705272,0.013471683038297044,0.0018206244529274107,-0.004094955322413885,0.014197520078362393
518,-1.7721512746964652,-0.8028440092839328,-0.925582197810579,-1.7852953588564693,-0.804730909263467,-0.9213650517940357,0.013144084160004121,0.0018868999795341734,-0.004217146016543327,0.013932396077591412
519,-1.7632899301670126,-0.8146170656422846,-0.903404538128217,-1.7761911439655085,-0.8164419721261122,-0.8984710118695688,0.012901213798495847,0.0018249064838276041,-0.00493352625864818,0.01393238251319518
520,-1.7541696873337953,-0.8261907190650261,-0.8812268784458549,-1.7669093114403063,-0.8278264690856536,-0.8749756733946423,0.012739624106510972,0.0016357500206275466,-0.006251205051212572,0.014284651381727314
521,-1.7452771760319667,-0.8369745854308283,-0.8559557588946429,-1.7574507894563798,-0.8388798464951001,-0.8508742176279203,0.012173613424413032,0.0019052610642718015,-0.005081541266722667,0.013328501235153363
522,-1.736115012718485,-0.8475303087345966,-0.830684639343431,-1.7478165238580448,-0.8495976831508637,-0.8261644250538847,0.01170151113955975,0.0020673744162671426,-0.004520214289546298,0.012713447099417819
523,-1.726689048309583,-0.8578511481389637,-0.805413519792219,-1.7380074780638322,-0.8599756920611862,-0.8008469909691761,0.011318429754249237,0.0021245439222224993,-0.00456652882304287,0.012388451253930344
524,-1.7170053021836849,-0.867930512802363,-0.780142400241007,-1.7280246329701487,-0.8700097221608728,-0.7749258413027453,0.011019330786463888,0.0020792093585098037,-0.005216558938261673,0.012367750389395128
525,-1.707069958337459,-0.8777619660879098,-0.754871280689795,-1.717868986853184,-0.8796957599716702,-0.7484084409343449,0.010799028515725118,0.0019337938837603597,-0.006462839755450145,0.0127329051426978
526,-1.6973414921423706,-0.8869138936168677,-0.7265523462917864,-1.7075415552690867,-0.8890299312075991,-0.721306085468987,0.010200063126716064,0.0021160375907314233,-0.005246260822799442,0.011663711051600231
527,-1.6873577884213464,-0.8957866886677567,-0.6982334118937779,-1.6970433709524082,-0.8980085023246204,-0.6936341662499572,0.009685582531061776,0.0022218136568636915,-0.0045992456438206375,0.010949887003254333
528,-1.6771268531907788,-0.9043732360712362,-0.6699144774957693,-1.6863754837128333,-0.9066278820139979,-0.6654123974581106,0.00924863052205449,0.0022546459427617016,-0.004502080037658618,0.010530399779978628
529,-1.6666568907240968,-0.9126666502023731,-0.6415955430977607,-1.6755389603301956,-0.9148846226387805,-0.6366649935694167,0.00888206960609872,0.0022179724364073117,-0.0049305495283439305,0.010398119102400096
530,-1.6559562969726906,-0.9206602805022831,-0.6132766086997521,-1.6645348844478025,-0.9227754216128066,-0.6074207853483693,0.008578587475111865,0.0021151411105234663,-0.005855823351382794,0.010599842079397818
531,-1.6453714553323047,-0.9281099689578864,-0.58246308787323,-1.6533643564640714,-0.9302971227216964,-0.5777132630548064,0.007992901131766761,0.002187153763809957,-0.004749824818423565,0.009551489197735548
532,-1.6345621234986936,-0.9352300164260202,-0.5516495670467079,-1.642028493422494,-0.9374467173852932,-0.5475805367263731,0.007466369923800453,0.0022167009592729547,-0.004069030320334788,0.008787346057239208
533,-1.6235385638292672,-0.9420136631482627,-0.5208360462201858,-1.6305284288999269,-0.9442213458610588,-0.5170652053199697,0.006989865070659684,0.002207682712796033,-0.003770840900216066,0.008243258928430496
534,-1.612311242068902,-0.9484544687443688,-0.49002252539366364,-1.6188653128932389,-0.95061829838793,-0.48621412915210704,0.0065540708243367884,0.0021638296435612103,-0.0038083962415565997,0.0078830124336753
535,-1.600890817413785,-0.9545463183267529,-0.45920900456714153,-1.6070403117043106,-0.9566350162701883,-0.4550781034039326,0.006149494290525581,0.002088697943435469,-0.004130901163208911,0.007696965866386509
536,-1.5894143270902603,-0.9602210295712054,-0.42706197438991983,-1.5950546078234087,-0.9622690929009017,-0.4237114343156453,0.005640280733148373,0.0020480633296963147,-0.003350540074274544,0.006872659524557518
537,-1.5777613726450446,-0.9655239373161693,-0.3949149442126981,-1.582909399810932,-0.9675182747245379,-0.3921714238816628,0.00514802716588747,0.0019943374083686294,-0.0027435203310353096,0.00616493870252884
538,-1.5659439955718446,-0.9704495618414124,-0.3627679140354764,-1.5706059021775611,-0.972380462138356,-0.3605177731102454,0.004661906605716526,0.0019309002969436495,-0.0022501409252310145,0.00552493288109095
539,-1.5539744072692652,-0.9749928132895084,-0.3306208838582547,-1.5581453452628062,-0.9768537103322188,-0.32881191793031006,0.004170937993541068,0.0018608970427104188,-0.0018089659279446613,0.0049124351678162086
540,-1.541864976422252,-0.9791489969254028,-0.298473853681033,-1.5455289751119743,-0.9809362300664917,-0.29711631530754834,0.0036639986897222254,0.001787233141088862,-0.001357538373484679,0.00429674285178622
541,-1.5294624365634613,-0.9829648225621084,-0.26659842168450437,-1.5327580533515686,-0.9846263883877127,-0.265493699789787,0.003295616788107303,0.0016615658256042831,-0.0011047218947173865,0.0038525707613928013
542,-1.516944586434561,-0.9863834404683713,-0.2347229896879757,-1.519833857063122,-0.9879227092817555,-0.23400633231352022,0.002889270628561036,0.0015392688133841759,-0.0007166573744554761,0.0033512432077191937
543,-1.5043241436347574,-0.9894013774749234,-0.20284755769144702,-1.506757678655493,-0.9908238742642128,-0.20271526353027572,0.002433535020735622,0.001422496789289407,-0.00013229416117130355,0.00282189502954405
544,-1.4916139299930133,-0.9920155674871171,-0.17097212569491835,-1.4935308257356246,-0.9933287229077735,-0.17167963311530354,0.0019168957426112243,0.0013131554206564644,0.000707507420385195,0.002428874882891378
545,-1.4788268585416193,-0.9942233545999462,-0.13909669369838967,-1.4801546209777887,-0.9954362533063774,-0.1409560245718928,0.0013277624361693885,0.0012128987064312646,0.0018593308735031233,0.0025867330082803273
546,-1.465488050622886,-0.9960907979388988,-0.1090993312213834,-1.466630401991313,-0.997145622475965,-0.11059789210988624,0.001142351368426997,0.00105482453706629,0.0014985608885028368,0.0021594689600673953
547,-1.4520992336884642,-0.9975573320890634,-0.07910196874437714,-1.452959521186826,-0.99845614669166,-0.08065507250195922,0.0008602874983618669,0.0008988146025966648,0.0015531037575820805,0.001989998379771777
548,-1.4386724546514889,-0.998621637500729,-0.04910460626737087,-1.439143345641015,-0.9993673017612495,-0.05117339069845843,0.0004708909895261293,0.0007456642605205843,0.0020687844310875586,0.002248915857862379
549,-1.4252197945824188,-0.9992827565392587,-0.019107243790364607,-1.425183256959923,-0.9998787232348542,-0.022194363718999813,-3.65376224957803e-05,0.0005959666955954734,0.003087119928635206,0.0031443315273509682
550,-1.4117533578387995,-0.9995400943467447,0.010890118686641657,-1.4110806511407838,-0.9999902065507035,0.006244996773392763,-0.0006727066980156682,0.0004501122039587413,0.004645121913248894,0.004715113242187595
551,-1.3975064265048482,-0.9993849374399543,0.037864677779548404,-1.396836938432427,-0.9997017071169574,0.03411228652508152,-0.000669488072421176,0.00031676967700311476,0.003752391254466886,0.003824787240355004
552,-1.383268862863032,-0.9988455788901179,0.06483923687245516,-1.3824535431942528,-0.9990133403295429,0.061379721814441665,-0.0008153196687792352,0.0001677614394249849,0.003459515058013493,0.0035582487967367217
553,-1.369051025918621,-0.9979224111251962,0.0918137959653619,-1.3679319037538011,-0.9979253815259969,0.08802407252366619,-0.001119122164819908,2.9704008006614657e-06,0.0037897234416957165,0.003951511990062809
554,-1.3548632603240813,-0.9966161058261017,0.11878835505826865,-1.3532734722629136,-0.9964382658753348,0.11402652573356668,-0.0015897880611677184,-0.0001778399507669226,0.004761829324701969,0.0050233526299784895
555,-1.3407158888524842,-0.9949276134379962,0.1457629141511754,-1.338479714552524,-0.9945525882039893,0.13937249138381436,-0.0022361742999601475,-0.00037502523400689824,0.0063904227673610425,0.006780753835050388
556,-1.325622002054968,-0.9927117690175781,0.16921567576019708,-1.3235521099860739,-0.9922691027578862,0.16405136184929442,-0.0020698920688941858,-0.0004426662596919151,0.0051643139109026626,0.005581267308119495
557,-1.3105842290348686,-0.9901425730834974,0.19266843736921876,-1.3084921513115828,-0.9895887229007583,0.18805623702960433,-0.00209207772328579,-0.000553850182739124,0.004612200339614431,0.00509469637936632
558,-1.2956108406698486,-0.9872214387110303,0.21612119897824045,-1.293301344512367,-0.9865125207488105,0.21138362585071127,-0.002309496157481661,-0.0007089179622198349,0.004737573127529177,0.005317982353982295
559,-1.2807100724255716,-0.9839499725439929,0.23957396058726213,-1.2779812086564475,-0.9830417267418881,0.234033134057412,-0.002728863769124068,-0.0009082458021048012,0.005540826529850135,0.006242785158995149
560,-1.2658901198261396,-0.9803299739110761,0.2630267221962838,-1.2625332757446417,-0.979177729151317,0.25600714694934407,-0.003356844081497945,-0.001152244759759169,0.0070195752469397465,0.007865780750906387
561,-1.2500268003273283,-0.9760585359349176,0.28298390340426954,-1.2469590905573706,-0.9749220735246148,0.2773105143849678,-0.0030677097699576272,-0.001136462410302852,0.0056733890193017555,0.00654902534787113
562,-1.2342518800202162,-0.9714713824373983,0.3029410846122553,-1.2312602105001726,-0.97027646206729,0.2979502440332553,-0.002991669520043594,-0.0011949203701082656,0.0049908405789999555,0.005940236602446922
563,-1.2185716416747936,-0.9665703403710333,0.322898265820241,-1.2154382054479715,-0.9652427529619856,0.3179352075580311,-0.0031334362268220506,-0.0013275874090477036,0.004963058262209885,0.0060177120428209765
564,-1.2029923303515107,-0.9613573617025785,0.34285544702822673,-1.1994946575880876,-0.9598229596252282,0.3372758632229733,-0.0034976727634230542,-0.0015344020773502276,0.005579583805253419,0.0067616462444300045
565,-1.1875201509140205,-0.9558345226356089,0.36281262823621246,-1.1834311612620187,-0.954019249902089,0.35598399733641756,-0.004088989652001773,-0.0018152727335198904,0.0068286308997949074,0.008163654294301796
566,-1.1722393300018898,-0.9500336574034729,0.3796235093348178,-1.1672493228060146,-0.9478339451990766,0.3740724860305142,-0.004990007195875279,-0.002199712204396298,0.005551023304303626,0.007781565737175201
567,-1.1570581813252092,-0.9439767398667612,0.39643439043342316,-1.1509507603904343,-0.9412695195556019,0.39155507809344553,-0.006107420934774899,-0.0027072203111593307,0.004879312339977626,0.008272685247169643
568,-1.1419809950624435,-0.937665481704724,0.4132452715320285,-1.1345371038579373,-0.9343285986543979,0.4084461989420335,-0.007443891204506281,-0.0033368830503260893,0.004799072589995013,0.009464533928309463
569,-1.127012032012377,-0.9311016664730347,0.43005615263063385,-1.1180099945604975,-0.92701395877128,0.4247607753253133,-0.009002037451879552,-0.004087707701754706,0.005295377305320537,0.011215482751345597
570,-1.1121555223900148,-0.9242871490997597,0.4468670337292392,-1.1013710851952752,-0.9193285256646756,0.4405140799735253,-0.010784437194739649,-0.004958623435084131,0.006352953755713875,0.013462988278999895
571,-1.110571893633022,-0.9235282791522669,0.46152177869537,-1.0846220396393396,-0.9112753734053558,0.4557215951360275,-0.025949853993682437,-0.01225290574691107,0.0058001835593424755,0.029277478560459907
572,-1.1089995555717542,-0.922746283846481,0.47617652366150076,-1.0677645327832885,-0.90285772314685,0.470398893769609,-0.04123502278846569,-0.019888560699631075,0.005777629891891789,0.04614393739415695
573,-1.1074388458779272,-0.9219413311219208,0.49083126862763155,-1.0508002503637583,-0.894078941837027,0.48456153703014543,-0.05663859551416883,-0.027862389284893818,0.006269731597486117,0.0634314809285193
574,-1.1058900997259755,-0.9211135938483869,0.5054860135937623,-1.0337308887948575,-0.8849425408713637,0.498224986670857,-0.07215921093111799,-0.036171052977023166,0.0072610269229053115,0.08104331747678738
575,-1.1043536497210706,-0.9202632497888379,0.5201407585598932,-1.0165581549985165,-0.8754521746884284,0.5114045309468265,-0.0877954947225541,-0.04481107510040949,0.008736227613066694,0.09895657137421382
576,-1.0856912133230117,-0.9095743627008662,0.5327640879934497,-0.9992837662338049,-0.865611639308158,0.5241152226565137,-0.08640744708920678,-0.043962723392708236,0.008648865336935985,0.0973332976539596
577,-1.067165189579882,-0.8986507514042303,0.5453874174270061,-0.9819094499252019,-0.8554248708134978,0.5363718280074358,-0.08525573965468003,-0.04322588059073251,0.009015589419570369,0.09601197190711748
578,-1.0487785305455744,-0.8874941565363008,0.5580107468605626,-0.9644369434898631,-0.8448959437760261,0.5481887850668954,-0.08434158705571126,-0.042598212760274756,0.009821961793667233,0.09499779982148017
579,-1.0305341660667269,-0.8761063558595251,0.5706340762941191,-0.9468679941638701,-0.8340290696261731,0.5595801706434279,-0.08366617190285675,-0.04207728623335205,0.011053905650691198,0.09430119388309034
580,-1.012435003315863,-0.864489163978148,0.5832574057276756,-0.9292043588275147,-0.8228285949687089,0.570559674535322,-0.08323064448834816,-0.04166056900943915,0.012697731192353623,0.09393708303736768
581,-1.0441525807448266,-0.8854175017231837,0.6243871695999293,-0.9114478038296094,-0.8112989998441578,0.581140580175409,-0.1327047769152172,-0.07411850187902591,0.04324658942452031,0.1580328372008861
582,-1.0749827993969383,-0.9076323088705702,0.6655169334721831,-0.89360010481086,-0.7994448959368459,0.5913357507932551,-0.18138269458607825,-0.10818741293372436,0.07418118267892804,0.2238460320761644
583,-1.1048735124541573,-0.9310960108731013,0.7066466973444369,-0.8756630465262938,-0.7872710247302823,0.6011576203049405,-0.22921046592786354,-0.14382498614281902,0.10548907703949639,0.29043245291202424
584,-1.1337741621960704,-0.9557689207790661,0.7477764612166906,-0.8576384226667918,-0.7747822556106337,0.6106181882251972,-0.2761357395292786,-0.18098666516843231,0.1371582729914934,0.35751854702124314
585,-1.1616358655141807,-0.9816093063595135,0.7889062250889444,-0.8395280356797178,-0.7619835839190322,0.619729017975972,-0.32210782983446296,-0.21962572244048129,0.16917720711297235,0.4249821636312708
586,-1.1884114965142532,-1.008573460614904,0.8459062256194185,-0.8213336965886817,-0.7488801289535097,0.6285012380388306,-0.36707779992557144,-0.2596933316613942,0.2174049875805879,0.4994513653325099
587,-1.2136075175965724,-1.037019208131534,0.9029062261498927,-0.8030572248124292,-0.7354771319213411,0.6369455454658797,-0.4105502927841431,-0.3015420762101928,0.265960680684013,0.5746427153459817
588,-1.2371420890488207,-1.066854153694071,0.9599062266803668,-0.7847004479829077,-0.721779953842635,0.6450722113249574,-0.452441641065913,-0.34507419985143595,0.31483401535540945,0.650307695785876
589,-1.2589387677472657,-1.0979813898045465,1.016906227210841,-0.7662652017625027,-0.7077940734059962,0.6528910877099849,-0.492673565984763,-0.3901873163985503,0.36401513950085596,0.7262784633212475
590,-1.2789267554532355,-1.1302998114495857,1.073906227741315,-0.747753329660472,-0.6935250847771224,0.6604116159967486,-0.5311734257927635,-0.4367747266724633,0.41349461174456636,0.8024307845976593
591,-1.2626659253123762,-1.1003132889047962,1.0770025016955362,-0.7291666828486026,-0.6789786953612166,0.6676428360684155,-0.5334992424637736,-0.4213345935435796,0.4093596656271208,0.7935487491441857
592,-1.2464980194574131,-1.070276562194582,1.0800987756497575,-0.7105071199760853,-0.6641607235200951,0.6745933962741206,-0.5359908994813278,-0.40611583867448686,0.4055053793756369,0.7852712470552223
593,-1.2304231928885194,-1.040189919278181,1.0831950496039788,-0.6917765069836577,-0.6490770962449237,0.6812715639183997,-0.5386466859048618,-0.39111282303325723,0.4019234856855791,0.7775937119878097
594,-1.214441599713526,-1.0100536485933724,1.0862913235582001,-0.6729767169170084,-0.6337338467854989,0.6876852361095336,-0.5414648827965176,-0.3763198018078735,0.39860608744866655,0.7705112753786915
595,-1.1985533931464445,-0.9798680390537129,1.0893875975124214,-0.6541096297394813,-0.6181371122370333,0.6938419508213524,-0.5444437634069632,-0.3617309268166796,0.39554564669106906,0.7640187390009799
596,-1.182128415722775,-0.948426820857631,1.091339088270336,-0.6351771321440697,-0.6022931310853911,0.6997488980461777,-0.5469512835787053,-0.3461336897722399,0.3915901902241583,0.756509824710513
597,-1.1657648267826317,-0.9169536093592836,1.0932905790282506,-0.6161811173647562,-0.5862082407117827,0.7054129309366325,-0.5495837094178755,-0.3307453686475009,0.38787764809161807,0.7495891023943506
598,-1.1494626886437154,-0.8854485244185731,1.0952420697861651,-0.5971234849871871,-0.5698888748578939,0.71084057685146,-0.5523392036565282,-0.3155596495606793,0.38440149293470516,0.743250291689964
599,-1.1332220633897028,-0.8539116860167862,1.0971935605440797,-0.5780061407587223,-0.5533415610524803,0.7160380482354703,-0.5552159226309805,-0.3005701249643059,0.38115551230860933,0.7374867085766821
600,-1.1170430128700102,-0.8223432142561368,1.0991450513019942,-0.5588309963978517,-0.5365729180004349,0.7210112532766491,-0.5582120164721585,-0.28577029625570183,0.3781337980253452,0.7322912581514663
601,-1.1003544605929811,-0.7896234495142933,1.1001182663395774,-0.5395999694030323,-0.5195896529353996,0.7257658062944856,-0.5607544911899488,-0.2700337965788937,0.3743524600450918,0.7262944409991872
602,-1.083697759581258,-0.7568874587202029,1.1010914813771606,-0.5203149828609361,-0.5023985589369582,0.7303070378230215,-0.5633827767203219,-0.25448889978324474,0.3707844435541391,0.7208646591418801
603,-1.0670729256111926,-0.7241352728796752,1.1020646964147438,-0.5009779652541498,-0.48500651221350166,0.7346400043601177,-0.5660949603570428,-0.2391287606661735,0.36742469205462613,0.7159936959574565
604,-1.0504799744289535,-0.6913669230138589,1.103037911452327,-0.4815908502683184,-0.467420469351827,0.7387694977612211,-0.5688891241606351,-0.22394645366203192,0.36426841369110585,0.711672907246784
605,-1.033918921750512,-0.6585824401592126,1.1040111264899102,-0.4621555765987845,-0.44964746453460147,0.7427000542616012,-0.5717633451517276,-0.20893497562461116,0.36131107222830894,0.7078932389937911
606,-1.016885495208509,-0.6247811412009823,1.1041339246218365,-0.44267408775671735,-0.4316946067267801,0.7464359631158108,-0.5742114074517916,-0.19308653447420215,0.3576979615060256,0.7035261060604581
607,-0.9998562195312909,-0.5909777508246489,1.1042567227537627,-0.4231483318747701,-0.4135690768321209,0.7499812748470809,-0.5767078876565208,-0.17740867399252797,0.35427544790668186,0.6996977335124884
608,-0.9828310949756489,-0.5571722695399466,1.104379520885689,-0.4035802615122578,-0.39527812482090974,0.7533398091026414,-0.5792508334633911,-0.16189414471903685,0.3510397117830476,0.6963979619521203
609,-0.9658101217983113,-0.5233646978566412,1.1045023190176153,-0.38397183345991004,-0.37682906683007494,0.756515162113617,-0.5818382883384012,-0.14653563102656625,0.3479871569039983,0.6936162817488084
610,-0.9487933002559438,-0.4895550362845299,1.1046251171495416,-0.36432500854419003,-0.35822928223682704,0.7595107137603188,-0.5844682917117537,-0.13132575404770286,0.34511440338922283,0.6913418757166042
611,-0.9313505000382631,-0.4548884243443942,1.103992893600789,-0.3446417514312205,-0.3394862107070128,0.7623296342454584,-0.5867087486070426,-0.1154022136373814,0.3416632593553306,0.6886788869986923
612,-0.9138857862596197,-0.4202328470808145,1.1033606700520364,-0.3249240304303084,-0.32060734921933826,0.764974890379158,-0.5889617558293113,-0.09962549786147623,0.3383857796728784,0.6865173891013352
613,-0.896399165900775,-0.38558831834585383,1.1027284465032838,-0.3051738172971223,-0.30160024906668353,0.7674492514806304,-0.5912253486036527,-0.0839880692791703,0.33527919502265346,0.68484563751826
614,-0.8788906459512464,-0.3509548519871591,1.1020962229545312,-0.28539308703651545,-0.2824725128356836,0.7697552949021605,-0.593497558914731,-0.0684823391514755,0.3323409280523707,0.6836517210335342
615,-0.8613602334093052,-0.3163324618479554,1.1014639994057787,-0.2655838177050335,-0.263231791365801,0.7718954111815078,-0.5957764157042718,-0.05310067048215439,0.3295685882242708,0.6829236216878302
616,-0.8442134869485748,-0.28252086732862836,1.0446256871258,-0.2457479902131001,-0.24388578068908245,0.77387180882917,-0.5984654967354747,-0.0386350866395459,0.27075387829663,0.6579979356465717
617,-0.8251736707388811,-0.24973794133308852,0.9877873748458212,-0.22588758812693474,-0.2244422189518554,0.7756865187570767,-0.5992860826119464,-0.02529572238123312,0.21210085608874452,0.6362157303436778
618,-0.804302278133658,-0.21808956366777063,0.9309490625658425,-0.2060045974701957,-0.20490888331957058,0.777341398355284,-0.5982976806634622,-0.013180680348200052,0.1536076642105585,0.6178423419659285
619,-0.7816667179727802,-0.18767794986101513,0.8741107502858638,-0.1861010065253778,-0.18529358686603822,0.7788381352231183,-0.5955657114474024,-0.0023843629949769074,0.09527261506274554,0.6031426639026927
620,-0.7573400968706088,-0.1586013210351119,0.8172724380058851,-0.1661788056349928,-0.16560417544830938,0.7801782505609888,-0.591161291235616,0.007002854413197479,0.03709418744489634,0.5923653357240701
621,-0.7313775968472545,-0.13092865996198141,0.8090253096253244,-0.14623998700252616,-0.14584852456842748,0.7813631022287947,-0.5851376098447283,0.014919864606446065,0.027662207396529692,0.5859810769408214
622,-0.7051877623388156,-0.10347105360688161,0.8007781812447636,-0.12628654449322554,-0.1260345362233393,0.7823938874764594,-0.5789012178455901,0.022563482616457686,0.018384293768304194,0.5796323947367417
623,-0.678772374640104,-0.07623036949179782,0.7925310528642029,-0.10632047343471225,-0.10617013574419806,0.7832716453517061,-0.5724519012053917,0.029939766252400246,0.009259407512496765,0.5733090836751136
624,-0.6521332303868727,-0.049208460384805364,0.7842839244836421,-0.08634377041745736,-0.08626326862634384,0.7839972587896967,-0.5657894599694153,0.03705480824153848,0.0002866656939454204,0.5670016349213817
625,-0.6252721414336192,-0.022407164174054077,0.7760367961030814,-0.06635843309511363,-0.06632189735120068,0.7845714563886423,-0.5589137083385056,0.04391473317714661,-0.008534660285560935,0.5607012373670225
626,-0.5981659364254955,0.004196230852871425,0.7757400107198165,-0.0463664599847589,-0.04635399820139721,0.7849948138749364,-0.5517994764407367,0.05055022905426863,-0.00925480315511995,0.5541873683504074
627,-0.5710518371124771,0.030791579982838525,0.7754432253365515,-0.026369850267042503,-0.026367558070356484,0.7852677552607884,-0.5446819868454346,0.05715913805319501,-0.00982452992423688,0.5477610384511722
628,-0.543929845882816,0.0573788808732873,0.7751464399532866,-0.006370603586275981,-0.006370571267652135,0.7853905536967359,-0.5375592422965401,0.06374945214093944,-0.010244113743449357,0.5414230079088705
629,-0.5167999651254597,0.08395813118236672,0.7748496545700216,0.013629280149540351,0.013628963678619457,0.7853633320208057,-0.530429245275,0.07032916750374726,-0.01051367745078402,0.5351746569656634
630,-0.48966219723005044,0.1105293285689349,0.7745528691867567,0.033627800968699426,0.033623047221136695,0.7851860630054648,-0.5232899981987499,0.0769062813477982,-0.010633193818708087,0.5290180177804727
631,-0.46250231179463935,0.13710639806757122,0.773901727349789,0.053622959035786476,0.053603681993068565,0.7848585693028844,-0.5161252708304258,0.08350271607450266,-0.01095684195309543,0.5229512894784604
632,-0.4353251266762978,0.1636657769956146,0.7732505855128213,0.07361275485165383,0.07356287600690768,0.7843805230883966,-0.5089378815279516,0.09010290098870692,-0.011129937575575233,0.5169721225860986
633,-0.408130653397763,0.19020745409226877,0.7725994436758536,0.09359518945337977,0.09349264585116929,0.7837514454014016,-0.5017258428511427,0.09671480824109949,-0.011152001725547978,0.5110840857043867
634,-0.3809189034891021,0.21673141810424282,0.771948301838886,0.1135682646141561,0.11338501988364241,0.7829707051823518,-0.4944871681032582,0.1033463982206004,-0.011022403343465825,0.5052915305241291
635,-0.3536898884877073,0.2432376577857559,0.7712971600019183,0.1335299830431127,0.13323204141994396,0.7820375180038213,-0.48721987153082,0.11000561636581194,-0.010740358001902983,0.4995996338434807
636,-0.326443619938291,0.26972616189854204,0.7699200704682226,0.15347834858503784,0.15302577191607933,0.7809509444930636,-0.47992196852332886,0.11670038998246271,-0.011030874024840931,0.49403011757899723
637,-0.2991609001932019,0.2961771203558631,0.768542980934527,0.17341136642000265,0.17275829414376465,0.7797098884428689,-0.47257226661320456,0.12341882621209843,-0.011166907508341928,0.48855035938868546
638,-0.2718417809907154,0.3225904829967752,0.7671658914008314,0.19332704326283448,0.1924217153572057,0.7783130946069631,-0.4651688242535499,0.13016876763956947,-0.011147203206131717,0.4831668482683316
639,-0.24448631413813388,0.3489661997316303,0.7657888018671357,0.2132233875624471,0.21200817045009426,0.7767591461756517,-0.457709701700581,0.13695802928153603,-0.010970344308515956,0.4778870381897424
640,-0.21709455151168866,0.37530422054217105,0.7644117123334401,0.23309840970098727,0.23150982510153895,0.7750464619269026,-0.45019296121267594,0.1437943954406321,-0.010634749593462556,0.47271939708932026
641,-0.18966654505644132,0.4016044954816258,0.7622556050920872,0.2529501221928054,0.25091887890969955,0.7731732930475957,-0.4426166672492467,0.15068561657192625,-0.010917687955508515,0.4676909931555084
642,-0.16218189618549544,0.42784557161125153,0.7600994978507344,0.2727765398831953,0.2702275685118367,0.7711377196192538,-0.4349584360686907,0.15761800309941482,-0.01103822176851943,0.4627678881990187
643,-0.13464073266939425,0.4540273269416219,0.7579433906093815,0.2925756801469099,0.28942817068955534,0.7689376467622203,-0.4272164128163041,0.16459915625206656,-0.010994256152838777,0.45796028134203653
644,-0.10704318254140602,0.4801496397590808,0.7557872833680287,0.3123455630864238,0.30851300545799065,0.7665708004319635,-0.4193887456278298,0.17163663430109016,-0.010783517063934767,0.45327953674720284
645,-0.07938937409692894,0.5062123886263084,0.7536311761266759,0.3320842117299144,0.32747443913769303,0.7640347228610073,-0.41147358582684335,0.17873794948861532,-0.010403546734331415,0.44873823127214024
646,-0.051679435892894636,0.5322154523828851,0.7506360103841093,0.351789652228968,0.34630488740800797,0.7613267676398998,-0.40346908812186266,0.18591056497487718,-0.010690757255790495,0.44436959339030796
647,-0.0238917386126257,0.5581354037690304,0.7476408446415428,0.37145991405595574,0.3649968183406966,0.7584440944306824,-0.39535165266858147,0.1931385854283338,-0.010803249789139602,0.44013878794653283
648,0.003973468460136603,0.583972010256572,0.7446456788989763,0.3910930302010885,0.38354275541260996,0.7553836633065133,-0.38711956174095186,0.200429254843962,-0.010737984407537038,0.4360604838654255
649,0.03191593534630979,0.6097250400650258,0.7416505131564097,0.4106870373691092,0.40193528049619187,0.7521422287114786,-0.3787711020227994,0.20778975956883394,-0.010491715555068892,0.4321506774315276
650,0.05993541137371275,0.6353942621636752,0.7386553474138432,0.43023997617563103,0.4201670368266409,0.7487163330352061,-0.3703045648019183,0.2152272253370343,-0.010060985621362928,0.4284267179706349
651,0.0843093232826097,0.6575898001131402,0.7347501364865804,0.4497498913430674,0.43823073194451173,0.7451022997977352,-0.3654405680604577,0.21935906816862843,-0.01035216331115485,0.42634771825046724
652,0.10876972736949016,0.6796899837891942,0.7308449255593176,0.4692148318961616,0.45611914061260495,0.7412962264412188,-0.36044510452667144,0.22357084317658926,-0.010451300881901271,0.4242803613014138
653,0.13331625059721902,0.7016944761496049,0.7269397146320548,0.48863285135707546,0.4738251077059589,0.7372939767265044,-0.35531660075985644,0.22786936844364597,-0.010354262094449673,0.4222339950714128
654,0.1579485186152881,0.7236029416114946,0.7230345037047919,0.5080020079400462,0.4913415510738144,0.733091172734505,-0.3500534893247581,0.23226139053768025,-0.010056669029713028,0.42021891379959153
655,0.18266615576552514,0.7454150460564588,0.7191292927775291,0.5273203647455568,0.5086614643723737,0.7286831864746114,-0.34465420898003163,0.2367535816840851,-0.00955389369708226,0.41824640953948333
656,0.20455792936394934,0.764581919463211,0.7142019342413601,0.5465859899540265,0.5257779198672481,0.7240651311052729,-0.3420280605900772,0.23880399959596288,-0.009863196863912793,0.4172623001259692
657,0.22654387888436986,0.7836406920144706,0.7092745757051911,0.5657969570189859,0.5426840712044526,0.7192318517753863,-0.339253078134616,0.240956620810018,-0.009957276070195142,0.41623537990268533
658,0.24862347053402917,0.8025909009858625,0.7043472171690222,0.5849513448597394,0.5593731561488667,0.7141779160993728,-0.33632787432571026,0.24321774483699576,-0.009830698930350601,0.41517219691774154
659,0.27079616824665004,0.8214320862888063,0.6994198586328532,0.6040472380534647,0.5758384992890305,0.708897604283927,-0.3332510698068147,0.24559358699977574,-0.009477745651073843,0.4140800806189901
660,0.29306143369545046,0.8401637904816869,0.6944925000966842,0.6230827270267574,0.5920735147072245,0.7033848989304824,-0.3300212933313069,0.2480902757744624,-0.00889239883379822,0.41296720661928676
661,0.31395439517816975,0.8575658925425396,0.6883969132035856,0.6420559082465795,0.6080717086137423,0.6976334745446516,-0.3281015130684098,0.2494941839287973,-0.009236561341065985,0.4122902675997624
662,0.3349530438791157,0.8748403172330752,0.6823013263104871,0.6609648844106218,0.6238266819443293,0.6916366867923863,-0.32601184053150617,0.2510136352887459,-0.009335360481899202,0.41155645326363033
663,0.35605659957114216,0.8919864227036554,0.6762057394173886,0.6798077646370254,0.6393321329197169,0.6853875615526078,-0.32375116506588325,0.25265428978393845,-0.00918182213521923,0.41077160671773055
664,0.3772642781291723,0.9090035718724789,0.6701101525242901,0.6985826646534714,0.6545818595662526,0.6788787838277314,-0.3213183865242991,0.25442171230622634,-0.008768631303441299,0.40994243755233095
665,0.39857529155933313,0.9258911324492534,0.6640145656311915,0.7172877069856007,0.6695697621966022,0.672102686587147,-0.3187124154262676,0.2563213702526511,-0.008088120955955458,0.4090766019899459
666,0.41907226683157905,0.941931199242325,0.6565662678345165,0.7359210211447693,0.6842898458495512,0.6650512396345386,-0.31684875431319026,0.25764135339277383,-0.008484971800022056,0.4084656593085002
667,0.4396881436391724,0.9578181549447683,0.6491179700378416,0.7544807438150888,0.6987362226879031,0.6577160386082651,-0.31479260017591637,0.25908193225686516,-0.008598068570423556,0.40778886145971044
668,0.46042177827751546,0.973551118197791,0.6416696722411666,0.7729650190397587,0.7129031143535387,0.6500882942451496,-0.3125432407622432,0.26064800384425235,-0.008418622003983023,0.40705224781421473
669,0.4812720205091729,0.9891292161856222,0.6342213744444916,0.7913719984066616,0.7267848542786822,0.6421588220623271,-0.3100999778974887,0.26234436190694,-0.007937447617835547,0.4062629242141945
670,0.5022377136276835,1.0045515846839332,0.6267730766478166,0.8096998412331966,0.7403758899524486,0.6339180326396285,-0.30746212760551306,0.2641756947314846,-0.007144955991811974,0.40542916519991046
671,0.5226182515454386,1.01931084274388,0.6177420644951328,0.827946714750356,0.7536707851417809,0.6253559227167048,-0.30532846320491736,0.2656400576020991,-0.007613858221572012,0.40478152314914434
672,0.543131247585917,1.033885444547719,0.608711052342449,0.8461107942859937,0.7666642220658663,0.61646206735519,-0.30297954670007665,0.26722122248185276,-0.007751015012741003,0.4040592353814073
673,0.563775028737343,1.0482742014109503,0.5996800401897653,0.8641902634472943,0.7793510035231799,0.607225613456968,-0.30041523470995135,0.2689231978877704,-0.007545573267202732,0.40326906065795676
674,0.5845479113212866,1.0624759398063315,0.5906490280370815,0.8821833143024047,0.791726054970291,0.5976352749755627,-0.2976354029811181,0.27074988483604046,-0.006986246938481155,0.40241911099343575
675,0.6054482011299825,1.0764895014595899,0.5816180158843978,0.9000881475612352,0.803784426551621,0.5876793302090884,-0.2946399464312527,0.2727050749079689,-0.006061314324690592,0.4015189851612438
676,0.6258902007709151,1.0899297778488835,0.570721635667872,0.9179029727553806,0.8155212950793129,0.5773456216204795,-0.2920127719844655,0.2744084827695705,-0.006623985952607492,0.40076845136294037
677,0.646477434337019,1.103146516963929,0.5598252554513463,0.9356260084171686,0.8269319659624466,0.5666215586940145,-0.2891485740801496,0.2762145510014824,-0.006796303242668222,0.39993445189843374
678,0.6672074575075544,1.116138149582255,0.5489288752348206,0.953255482257799,0.8380118750848067,0.5554941244066477,-0.2860480247502446,0.2781262744974484,-0.006565249171827103,0.399024810664744
679,0.6880778090083821,1.1289031332082684,0.5380324950182949,0.9707896313445805,0.8487565906304755,0.5439498859681842,-0.2827118223361984,0.2801465425777929,-0.005917390949889301,0.39804908657425553
680,0.7090860109041904,1.141439952256394,0.5271361148017691,0.9882267022772163,0.8591618148564958,0.5319750105656659,-0.2791406913730259,0.28227813739989827,-0.004838895763896733,0.3970187493637808
681,0.729758114813998,1.1534726959413022,0.5140364273227858,1.0055649513631455,0.8692233858119127,0.5195552869336455,-0.2758068365491475,0.2842493101293895,-0.005518859610859739,0.3961029401654151
682,0.7505860657376223,1.1652336168647532,0.5009367398438024,1.0228026447919047,0.8789372790024944,0.5066761536623483,-0.2722165790542824,0.28629633786225883,-0.005739413818545924,0.39509543132810027
683,0.7715662896120539,1.176720696860266,0.48783705236481906,1.0399380588085174,0.8882996090004824,0.4933227352482483,-0.26837176919646355,0.2884210878597835,-0.005485682883429266,0.39400535927898034
684,0.7926951862443423,1.1879319647522861,0.47473736488583573,1.0569694798858615,0.8973066309987076,0.4794798869840495,-0.2642742936415192,0.2906253337535786,-0.004742522098213742,0.39284408919437097
685,0.8139691299293876,1.1988654966944399,0.4616376774068524,1.0738952048960235,0.9059547423084627,0.4651322498740918,-0.2599260749666359,0.29291075438597713,-0.0034945724672393874,0.39162544161386176
686,0.835070663582058,1.2093633008761397,0.44594985767047624,1.090713541280604,0.9142404838005289,0.4502643168426439,-0.255642877698546,0.29512281707561083,-0.004314459172167662,0.3904732675031499
687,0.8563342815677143,1.2195287898113638,0.43026203793410006,1.1074228072199814,0.9221605412887859,0.4348605115707623,-0.25108852565226714,0.2973682485225779,-0.004598473636662215,0.3892229038782301
688,0.8777547508538196,1.229359461746441,0.4145742181977239,1.124021331801486,0.9297117468558371,0.4189052813456625,-0.2462665809476664,0.2996477148906038,-0.00433106314793863,0.387884957221604
689,0.8993267998063172,1.238852897327048,0.3988863984613477,1.1405074551864933,0.936891080120138,0.4023832053261955,-0.24118065538017608,0.30196181720691007,-0.003496806864847768,0.3864728648155788
690,0.9210451194869946,1.2480067601936193,0.38319857872497154,1.1568795287764002,0.9436956694441047,0.3852791196091139,-0.23583440928940558,0.3043110907495147,-0.0020805408841423345,0.38500316519271993
691,0.942816738130973,1.2567834728744907,0.36452267065173477,1.1731359153774927,0.9501227930827353,0.36757826041131964,-0.23031917724651974,0.3066606797917554,-0.0030555897595848647,0.38353230967759966
692,0.9647484635797084,1.2651520738748183,0.345846762578498,1.1892749893646573,0.9561698802722672,0.3492664265498517,-0.2245265257849488,0.3089821936025511,-0.0034196639713536814,0.3819605357182606
693,0.9868326464990564,1.2731096443989276,0.32717085450526123,1.2052951368439446,0.9618345122584524,0.3303301621888942,-0.21846249034488818,0.3112751321404752,-0.0031593076836329836,0.3802999458346011
694,1.0090615843808466,1.280653409010109,0.30849494643202446,1.2211947558139582,0.9671144232640236,0.31075696051584134,-0.2121331714331116,0.3135389857460853,-0.0022620140838168767,0.3785661034914103
695,1.0314275242293587,1.2877807365986325,0.2898190383587877,1.236972256326048,0.9720075013949759,0.29053548859030254,-0.20554473209668922,0.3157732352036565,-0.0007164502315148424,0.3767782985584729
696,1.0541282072404194,1.2945504371476781,0.2678139615515064,1.2526260606433117,0.9765117894852975,0.2696558330657038,-0.19849785340289228,0.31803864766238066,-0.0018418715141974018,0.3749044834396447
697,1.076972350130794,1.3008190087789637,0.24580888474422508,1.2681546033983628,0.9806254858798085,0.24810976580033245,-0.19118225326756888,0.32019352289915526,-0.0023008810561073734,0.37293409622166634
698,1.0999488916781737,1.3065834162258696,0.22380380793694377,1.2835563317498675,0.9843469451548001,0.22589102754483356,-0.18360744007169383,0.32223647107106945,-0.0020872196078897953,0.3708805627472386
699,1.1230467065523082,1.3118408683400231,0.20179873112966246,1.2988297055378224,0.9876746787761803,0.2029956269152212,-0.1757829989855142,0.3241661895638428,-0.0011968957855587326,0.36876118796343527
700,1.1462546107019336,1.316588819442784,0.17979365432238115,1.3139731974375781,0.9906073556948702,0.17942215074251594,-0.16771858673564455,0.3259814637479137,0.00037150357986520666,0.36659729548749287
701,1.1700831583942257,1.320919809503445,0.15431276575523123,1.328985293112564,0.9931438028792042,0.15517208065333724,-0.15890213471833836,0.32777600662424067,-0.0008593148981060061,0.3642632802777042
702,1.194014316390215,1.324642286770048,0.1288318771880813,1.3438644913657243,0.9952830057841277,0.13025010941636972,-0.14985017497550923,0.3293592809859204,-0.0014182322282884074,0.361848894283797
703,1.2180325476116498,1.3277538344593944,0.10335098862093138,1.3586093042896297,0.9970241087570001,0.10466444924219856,-0.14057675667797986,0.33072972570239434,-0.001313460621267179,0.35936847546784706
704,1.2421222584488094,1.3302524324285412,0.07787010005378145,1.373218257415277,0.9983664153798475,0.07842712292189793,-0.1310959989664675,0.3318860170486937,-0.0005570228681164857,0.3568400195212659
705,1.2662678088845074,1.3321364584863613,0.05238921148663152,1.3876898898595273,0.9993093887479177,0.051554227525755024,-0.12142208097501994,0.33282706973844356,0.0008349839608764939,0.3542850226825825
706,1.2912083991698073,1.3334442730532095,0.023673327647576636,1.4020227544711974,0.9998526516844362,0.024066159466105345,-0.11081435530139006,0.3335916213687733,-0.0003928318185287098,0.35151578272553763
707,1.3161762570216502,1.3340354557750638,-0.005042556191478247,1.4162154179757676,0.9999959868914717,-0.004012210822560227,-0.10003916095411736,0.33403946888359204,-0.0010303453689180196,0.34869938644628456
708,1.3411507953096395,1.3339095191949764,-0.03375844003053313,1.4302664611187157,0.999739337036853,-0.03265142639572878,-0.08911566580907615,0.33417018215812333,-0.0011070136348043519,0.34585045614452486
709,1.3661114213950565,1.3330665671533655,-0.06247432386958801,1.4441744788074369,0.9990828047770997,-0.06181740477477093,-0.0780630574123804,0.3339837623762658,-0.0006569190948170836,0.3429860434569776
710,1.3910375541104236,1.3315072947023936,-0.09119020770864289,1.457938080251753,0.9980266527163616,-0.0914714824314205,-0.06690052614132935,0.333480641986032,0.00028127472277761356,0.34012512123169086
711,1.4166624884501788,1.3291640528175532,-0.12233371952776798,1.4715558891029872,0.9965713033013819,-0.12157055086072027,-0.054893400652808344,0.33259274951617135,-0.0007631686670477034,0.33709316945374435
712,1.442202031762608,1.326024025773054,-0.15347723134689306,1.4850265435916035,0.9947173386525217,-0.1520672896241892,-0.04282451182899538,0.33130668712053235,-0.0014099417227038669,0.3340659331327208
713,1.4676314147786642,1.3220902588925236,-0.18462074316601815,1.4983486966633788,0.9924655003309216,-0.18291049838327378,-0.030717281884714565,0.329624758561602,-0.001710244782744369,0.33105733310167945
714,1.4929259750671544,1.3173665673001809,-0.21576425498514323,1.5115210161141086,0.9898166890418857,-0.21404552605890018,-0.018595041046954197,0.3275498782582952,-0.0017187289262430572,0.3280817768905853
715,1.5180611809533517,1.3118575322207766,-0.24690776680426832,1.5245421847228224,0.9867719642746133,-0.24541479105467268,-0.0064810037694706946,0.3250855679461633,-0.001492975749595643,0.32515359274245814
716,1.5434394750069877,1.3054609163486246,-0.2790959461490185,1.5374109003835117,0.9833325438784152,-0.2769583822343691,0.006028574623476057,0.3221283724702094,-0.0021375639146494207,0.3221918702291943
717,1.5685987633715797,1.298250873860817,-0.31128412549376866,1.550125876235334,0.9794998035755915,-0.30861472634854564,0.01847288713624562,0.3187510702852254,-0.002669399145223017,0.31929706866634666
718,1.5935129812901228,1.2902348742852163,-0.3434723048385188,1.5626858407913,0.9752752764111607,-0.3403213041667633,0.030827140498822736,0.3149595978740556,-0.0031510006717554995,0.31648031485315853
719,1.6181563178960057,1.2814212221127153,-0.375660484183269,1.5750895380654217,0.9706606521396621,-0.37201539497002895,0.043066779830583934,0.3107605699730531,-0.003645089213240027,0.31375175864100796
720,1.642503242952796,1.2718190481938718,-0.40784866352801913,1.5873357276983062,0.9656577765492774,-0.4036348275127553,0.05516751525448971,0.3061612716445944,-0.004213836015263817,0.31112045160733653
721,1.66640889389839,1.2614899935778328,-0.43941512270800237,1.5994231850811964,0.9602686507235386,-0.43511871520880985,0.06698570881719368,0.30122134285429414,-0.004296407499192523,0.3086095294933149
722,1.6899766380084107,1.2504115932439264,-0.4709815818879856,1.6113507014784265,0.9544954302409214,-0.46640815416292103,0.07862593652998418,0.29591616300300494,-0.004573427725064583,0.3062177814281765
723,1.7131829933581748,1.2385948852516733,-0.5025480410679688,1.6231170841482976,0.9483404243126435,-0.49744686468148896,0.09006590920987723,0.29025446093902973,-0.005101176386479833,0.303949900637152
724,1.7360048380958013,1.2260516432797837,-0.534114500247952,1.6347211564623458,0.9418060948590116,-0.528181759882355,0.10128368163345547,0.2842455484207721,-0.005932740365596989,0.3018097304105655
725,1.7584194334798666,1.2127943648953512,-0.5656809594279353,1.646161758023011,0.934895055524683,-0.5585634287330091,0.11225767545685561,0.2778993093706682,-0.007117530694926155,0.29980071896322114
726,1.77980330932335,1.1992179162234122,-0.5951689994879662,1.6574377447796707,0.927610070633246,-0.5885465249860494,0.12236556454367942,0.27160784559016626,-0.006622474501916775,0.29797317050491895
727,1.8007776038791068,1.1850168925800382,-0.6246570395479971,1.668547989143047,0.9199540540815242,-0.6180900577424485,0.13222961473605976,0.265062838498514,-0.0065669818055485996,0.29628719954829386
728,1.8213240803860566,1.17020364149256,-0.654145079608028,1.6794913800979598,0.9119300681740611,-0.6471575834684962,0.1418327002880968,0.258273573318499,-0.006987496139531868,0.29473815268475023
729,1.8414248740629982,1.154791042808745,-0.683633119668059,1.6902668233144347,0.9035413223982338,-0.6757173029780909,0.15115805074856348,0.2512497204105111,-0.007915816689968103,0.29332207292724227
730,1.8610625076417053,1.1387924974980066,-0.7131211597280899,1.7008732412571288,0.8947911721405041,-0.7037420699869326,0.16018926638457653,0.24400132535750252,-0.00937908974115731,0.29203632507860955
731,1.8794282284035664,1.1229066941114443,-0.7396564993429132,1.7113095732930879,0.8856831173443074,-0.7312093202389199,0.16811865511047852,0.2372235767671369,-0.008447179103993285,0.2908784323478877
732,1.8973659979493518,1.1065391997381,-0.7661918389577366,1.7215747757978035,0.8762208011101247,-0.7581009318558724,0.1757912221515483,0.23031839862797532,-0.00809090710186422,0.2898526889815255
733,1.9148631866016588,1.0897015384514264,-0.7927271785725599,1.7316678222595798,0.8664080082382859,-0.7844030284895931,0.18319536434207895,0.22329353021314047,-0.00832415008296683,0.2889460739066677
734,1.9319074748885725,1.0724055653613762,-0.8192625181873833,1.7415877033821823,0.8562486637151049,-0.8101057371275008,0.19031977150639023,0.21615690164627133,-0.00915678105988249,0.2881479970344042
735,1.948486862217596,1.0546634582674208,-0.8457978578022066,1.7513334271857652,0.8457468311429333,-0.8352029121201988,0.1971534350318307,0.20891662712448755,-0.010594945682007806,0.2874506686510351
736,1.963894281152746,1.037272622252959,-0.8691328523214455,1.7609040191060688,0.8349067111147797,-0.8596918362790572,0.20299026204667725,0.20236591113817926,-0.00944101604238834,0.28678588051101256
737,1.9788917272043094,1.0195270214613381,-0.8924678468406845,1.7702985220918765,0.823732639534121,-0.8835729088565338,0.20859320511243284,0.1957943819272171,-0.008894937984150642,0.28622663246993685
738,1.9934710343039892,1.0014363183235837,-0.9158028413599234,1.7795159967007192,0.8122290858806044,-0.9068493289873355,0.21395503760326995,0.18920723244297932,-0.008953512372587902,0.28575566540027575
739,2.0076242640590025,0.9830103631780036,-0.9391378358791623,1.7885555211928177,0.8004006514223111,-0.9295267818372679,0.21906874286618483,0.18260971175569252,-0.00961105404189444,0.2853590602876732
740,2.021343710074514,0.9642591889067055,-0.9624728303984013,1.7974161916232538,0.7882520673753163,-0.9516131333632378,0.22392751845126035,0.1760071215313892,-0.01085969703516343,0.2850262678582455
741,2.0341558821920516,0.9458621644927857,-0.9827944926987989,1.8060971219323696,0.7757881930112588,-0.9731181382979247,0.22805876025968197,0.17007397148152692,-0.00967635440087422,0.284656961518902
742,2.0465915764935616,0.9272085919423291,-1.0031161549991967,1.814597444034368,0.7630140137137015,-0.9940531647825135,0.23199413245919365,0.1641945782286276,-0.00906299021668322,0.2843646862865333
743,2.0586456575876166,0.9083061743553191,-1.0234378172995944,1.8229163079041226,0.7499346389840432,-1.0144309380104182,0.23572934968349402,0.1583715353712759,-0.009006879289176206,0.28413199994472305
744,2.0703131476721564,0.8891627175937274,-1.043759479599992,1.8310528816621792,0.7365553003977854,-1.0342653043291206,0.23926026600997718,0.15260741719594206,-0.009494175270871485,0.2839447799105583
745,2.081589228590099,0.8697861270580379,-1.0640811419003897,1.8390063516579414,0.722881349511976,-1.0535710164801917,0.24258287693215763,0.1469047775460619,-0.010510125420198024,0.28379205165558913
746,2.0922254835028338,0.8506235694428439,-1.081784827775608,1.8467759225510378,0.7089182557246515,-1.0723635400346438,0.24544956095179593,0.1417053137181924,-0.009421287740964068,0.2835747583444245
747,2.102520841469315,0.8312757236385607,-1.0994885136508261,1.854360817390854,0.6946716040871542,-1.090658880591542,0.24816002407846094,0.1366041195514065,-0.008829633059284081,0.2834114419867322
748,2.112472075797644,0.8117486534981893,-1.1171921995260443,1.8617602776942273,0.6801470930701856,-1.1084734309385513,0.2507117981034168,0.13160156042800364,-0.008718768587492987,0.2832867687362334
749,2.122076067648507,0.7920484790458433,-1.1348958854012625,1.868973563521292,0.665350532284497,-1.125823837107909,0.253102504127215,0.12669794676134627,-0.009072048293353507,0.28318818719933353
750,2.1313298070126554,0.7721813745586584,-1.1525995712764807,1.8759999535494778,0.6502878401571169,-1.1427268820842833,0.2553298534631776,0.12189353440154149,-0.009872689192197415,0.283105700737928
751,2.1401407894636066,0.7523551910405746,-1.168135424284891,1.8828387451456365,0.6349650415640629,-1.1591993858163752,0.2573020443179701,0.11739014947651172,-0.008936038468515761,0.28295696137016174
752,2.148642704332181,0.732394519503494,-1.1836712772933011,1.8894892544363082,0.6193882654204694,-1.1752581201377648,0.25915344989587297,0.11300625408302456,-0.008413157155536366,0.28284572697520743
753,2.156833499614281,0.712304177612664,-1.1992071303017113,1.895950816376105,0.6035637422291092,-1.1909197372013636,0.26088268323817587,0.10874043538355471,-0.008287393100347762,0.2827595048541342
754,2.1647111983969696,0.6920890143302927,-1.2147429833101215,1.902222784814218,0.5874978015882669,-1.2062007100649477,0.26248841358275166,0.10459121274202576,-0.00854227324517387,0.2826879188791636
755,2.1722738993356163,0.671753908745214,-1.2302788363185317,1.9083045325590295,0.5711968696599886,-1.2211172841230187,0.2639693667765868,0.1005570390852254,-0.009161552195513067,0.2826225021909099
756,2.179513746106888,0.6513207902856686,-1.2440761730103518,1.9141954514408346,0.5546674665997017,-1.2356854381550875,0.2653182946660533,0.09665332368596691,-0.008390734855264315,0.2824996759209793
757,2.186470990106582,0.6307897292516638,-1.2578735097021718,1.9198949523726523,0.5379162039482439,-1.2499208538459183,0.2665760377339297,0.09287352530341986,-0.007952655856253488,0.28240311671682106
758,2.1931443069295207,0.6101646340074232,-1.2716708463939919,1.9254024654091402,0.5209497819873273,-1.2638388927244983,0.2677418415203805,0.08921485202009583,-0.007831953669493519,0.2823230826906883
759,2.199532426219891,0.5894494308178498,-1.285468183085812,1.9307174398035836,0.5037749870595203,-1.2774545795615464,0.2688149864163074,0.08567444375832955,-0.0080136035242655,0.2822513508855942
760,2.2056341319130754,0.5686480631011088,-1.299265519777632,1.935839344062973,0.4863986888537981,-1.2907825913575508,0.26979478785010236,0.08224937424731071,-0.008482928420081137,0.28218105391704834
761,2.211475100876875,0.5476680907316223,-1.3117061697516303,1.94076766600115,0.4688278376577654,-1.3038372511423686,0.270707434875725,0.07884025307385684,-0.007868918609261755,0.2820642137560592
762,2.217054620083623,0.5266170782979646,-1.3241468197256288,1.9455019127900275,0.45106946157762406,-1.3166325258920903,0.2715527072935957,0.0755476167203405,-0.00751429383353841,0.2819659196470763
763,2.2223718260035437,0.505498283818505,-1.3365874696996272,1.9500416110088725,0.433130663727031,-1.3291820279480693,0.27233021499467114,0.07236762009147402,-0.007405441751557884,0.2818788019775227
764,2.2274258957045032,0.4843149758020896,-1.3490281196736256,1.954386306691646,0.415018619385944,-1.3414990193963932,0.2730395890128572,0.06929635641614562,-0.0075291002772324145,0.28179653924746495
765,2.2322160469793766,0.46307043274218085,-1.361468769647624,1.9585355653724,0.39674057313061206,-1.3535964189332585,0.27368048160697667,0.06632985961156879,-0.007872350714365428,0.28171373802938166
766,2.236771956772602,0.44162475691250686,-1.372884389626616,1.9624889721287242,0.37830383593583167,-1.3654868108028255,0.2742829846438779,0.06332092097667519,-0.0073975788237905515,0.28159442265595797
767,2.2410827593459666,0.4201284710238017,-1.3843000096056082,1.9662461316232376,0.3597157822506608,-1.3771824554492114,0.274836627722729,0.06041268877314088,-0.00711755415639681,0.28148805388501225
768,2.2451478929373865,0.39858437636379385,-1.3957156295846003,1.9698066681431217,0.3409838470487362,-1.3886953015737538,0.2753412247942648,0.05760052931505766,-0.0070203280108465105,0.2813892251916561
769,2.2489668277991233,0.3769952804504101,-1.4071312495635924,1.9731702256376917,0.3221155228543811,-1.4000369993327406,0.27579660216143154,0.05487975759602898,-0.007094250230851751,0.28129323124442185
770,2.2525390662668165,0.355363996665914,-1.4185468695425845,1.9763364677540007,0.30311835674570226,-1.4112189144499225,0.2762025985128158,0.05224563992021175,-0.007327955092661931,0.2811959836870794
771,2.255885025581129,0.3335572438746592,-1.429226095069251,1.979305077870476,0.2839999473358494,-1.422252143052719,0.276579947710653,0.0495572965388098,-0.006973952016531948,0.28107121717207534
772,2.2589979192962524,0.3117160029815625,-1.4399053205959176,1.9820757591285796,0.26476794173367757,-1.4331475270714018,0.2769221601676728,0.04694806124788492,-0.006757793524515776,0.28095492702600067
773,2.2618773924029267,0.2898427648660051,-1.4505845461225841,1.984648234462495,0.24543003248500284,-1.4439156700672382,0.2772291579404318,0.04441273238100224,-0.00666887605534594,0.2808433205859612
774,2.2645231165122923,0.2679400240564841,-1.4612637716492507,1.9870222466268317,0.22599395449569257,-1.4545669533788361,0.27750086988546063,0.04194606956079153,-0.006696818270414573,0.2807330634494859
775,2.266934789893341,0.24601027844612475,-1.4719429971759173,1.9891975582223522,0.20646748193779657,-1.4651115524962097,0.27773723167098874,0.039542796508328176,-0.006831444679707532,0.28062122380243343
776,2.2691209665241905,0.22396700581405507,-1.482141833003055,1.9911739517197096,0.18685842513998854,-1.4755594535896255,0.2779470148044809,0.03710858067406653,-0.006582379413429429,0.2804904945218436
777,2.2710822176358025,0.2019025835313343,-1.4923406688301926,1.9929512294812013,0.1671746274635352,-1.4859204701354887,0.27813098815460124,0.034727956067799104,-0.006420198694703894,0.28036422106927517
778,2.2728183392279555,0.17981930663658238,-1.5025395046573302,1.9945292137805317,0.14742396216506348,-1.4962042595945497,0.2782891254474238,0.0323953444715189,-0.006335245062780492,0.2802399525687332
779,2.274329150717353,0.15771947212958826,-1.5127383404844679,1.9959077468205864,0.12761432924735241,-1.5064203401089062,0.27842140389676673,0.03010514288223584,-0.006318000375561628,0.28011553849180154
780,2.2756144949564083,0.13560537873238676,-1.5229371763116055,1.99708669074921,0.10775365229944407,-1.516578107193738,0.27852780420719836,0.02785172643294269,-0.006359069117867433,0.2799890964695317
781,2.276674932728602,0.11346482683789652,-1.532889965743119,1.998065927672992,0.0878498753273104,-1.5266868504077726,0.27860900505561026,0.025614951510586126,-0.006203115335346343,0.2798527864410686
782,2.2775149613659513,0.09131481739433772,-1.5428427551746324,1.9988453596690559,0.06791095957636362,-1.536755769993164,0.2786696016968955,0.023403857817974105,-0.006086985181468441,0.27971689055055243
783,2.2781344976575717,0.06915754451962057,-1.5527955446061459,1.999424908794852,0.04794488034705368,-1.5467939934810255,0.2787095888627198,0.02121266417256689,-0.006001551125120352,0.27958009704060094
784,2.2785334802339325,0.04699520305115043,-1.5627483340376593,1.9998045170959504,0.02795962380486148,-1.5568105922633153,0.2787289631379821,0.01903557924628895,-0.00593774177434403,0.27944130859018523
785,2.278711869572937,0.024829988328413356,-1.5727011234691728,1.9999841466118375,0.007963183785935567,-1.5668145981353296,0.2787277229610996,0.01686680454247779,-0.005886525333843151,0.2792996309039087
786,2.27866979395638,0.0027407195690792724,-1.5826312610796558,1.9999637793797111,-0.012036441400328576,-1.5768150198156834,0.2787060145766689,0.014777160969407848,-0.005816241263972399,0.27915808372670653
787,2.2784083745407036,-0.019347042304155165,-1.5925613986901388,1.999743417436278,-0.03203125217051633,-1.5868208594525117,0.2786649571044255,0.012684209866361169,-0.005740539237627074,0.27901254683021687
788,2.277927637103646,-0.04143111928727159,-1.6024915363006218,1.9993230828175483,-0.05201325086691355,-1.5968411291256488,0.27860455428609754,0.010582131579641961,-0.0056504071749730045,0.27886270148402226
789,2.277227629049198,-0.06350933373960695,-1.6124216739111048,1.998702817556634,-0.07197444495646654,-1.606884867354864,0.27852481149256403,0.008465111216859597,-0.005536806556240892,0.27870842282163516
790,2.27630841940293,-0.08557950859858371,-1.6223518115215878,1.997882683679544,-0.09190685022768164,-1.6169611556237677,0.2784257357233859,0.006327341629097927,-0.0053906558978200625,0.27854978861275187
791,2.2751791203766984,-0.10746463504012513,-1.6324821413811559,1.9968627631989828,-0.111802493984214,-1.6270791349278113,0.27831635717771563,0.0043378589440888765,-0.005403006453344572,0.2784025936869617
792,2.2738281795384387,-0.12933719855024955,-1.642612471240724,1.9956431581061487,-0.13165341823383273,-1.6372480223527806,0.27818502143229007,0.0023162196835831705,-0.005364448887943407,0.2782463806319458
793,2.272255735525355,-0.1511949545073148,-1.652742801100292,1.994223990360534,-0.15145168287151517,-1.6474771276873965,0.2780317451648211,0.0002567283642003759,-0.005265673412895522,0.2780817227818834
794,2.270461949705906,-0.17303565980926983,-1.6628731309598601,1.9926054018777313,-0.1711893688553761,-1.6577758700698915,0.2778565478281747,-0.0018462909538937144,-0.005097260889968647,0.2779094313438419
795,2.268447006163245,-0.194857073103848,-1.6730034608194282,1.9907875545152398,-0.1908585813741894,-1.668153794663767,0.2776594516480053,-0.003998491729658604,-0.004849666155661181,0.2777305857974676
796,2.2662389488584855,-0.21638554360477405,-1.6835665725662947,1.9887706300562809,-0.21045145300520013,-1.6786205893521406,0.2774683188022047,-0.005934090599573921,-0.0049459832141540705,0.2775758348994389
797,2.263803611328692,-0.23788948952840222,-1.6941296843131612,1.9865548301916196,-0.22996014686099078,-1.689186101433152,0.2772487811370723,-0.007929342667411438,-0.00494358288000929,0.2774062005954823
798,2.2611412653046674,-0.259366511501169,-1.7046927960600278,1.984140376499396,-0.24937685972413318,-1.699860354290574,0.2770008888052715,-0.00998965177703584,-0.004832441769453855,0.27722308351757435
799,2.258252207846435,-0.2808142131536393,-1.7152559078068943,1.981527510422967,-0.2686938251683646,-1.7106535640039524,0.27672469742346784,-0.012120387985274705,-0.004602343802941888,0.27702823599319965
800,2.2551367613100917,-0.30223020138788925,-1.7258190195537608,1.9787164932467636,-0.2879033166650653,-1.7215761558510787,0.2764202680633281,-0.014326884722823952,-0.00424286370268212,0.27682381782365256
801,2.2518512097055123,-0.32325415462389384,-1.7370676268967709,1.9757076060701602,-0.30699765067375967,-1.7326387806421168,0.2761436036353522,-0.01625650395013417,-0.004428846254654006,0.27665714960677695
802,2.2483293807535296,-0.3442398206807299,-1.7483162342397809,1.9725011497793674,-0.325969189715432,-1.7438523308090974,0.2758282309741622,-0.018270630965297907,-0.00446390343068348,0.27646872407569784
803,2.244571720070573,-0.3651845442455761,-1.759564841582791,1.9690974450173422,-0.344810345427416,-1.7552279561563868,0.27547427505323085,-0.020374198818160105,-0.004336885426404091,0.2762607333096522
804,2.240578703112821,-0.3860856751860579,-1.770813448925801,1.9654968321517237,-0.3635135815986424,-1.7667770791568955,0.2750818709610974,-0.02257209358741552,-0.004036369768905423,0.2760359169044641
805,2.236350835116042,-0.40694056888556823,-1.782062056268811,1.961699671240799,-0.3820714171840091,-1.7785114096548387,0.2746511638752429,-0.024869151701559122,-0.003550646613972308,0.2757976497647469
806,2.2319799762188004,-0.42732076069905955,-1.7942793213301298,1.9577063419974947,-0.4004764292967199,-1.7904429588085071,0.2742736342213057,-0.02684433140233966,-0.0038363625216226716,0.2756108891803779
807,2.2273604595068015,-0.44764603292852445,-1.8064965863914486,1.9535172437514072,-0.41872125617732653,-1.80258405207521,0.2738432157553943,-0.028924776751197923,-0.003912534316238503,0.27539436713581816
808,2.2224929744877655,-0.46791335182974453,-1.8187138514527674,1.94913279540887,-0.43679860013833777,-1.814947341005158,0.27336017907889554,-0.03111475169140676,-0.00376651044760945,0.2751510528415541
809,2.21737824768109,-0.48811969230859836,-1.8309311165140862,1.944553435411064,-0.45470123048319755,-1.8275458135709115,0.27282481227002586,-0.033418461825400814,-0.0033853029431747395,0.27488476141279217
810,2.2120170425094092,-0.508262038372586,-1.843148381575405,1.9397796216901726,-0.4724219863984661,-1.8403928027138892,0.27223742081923663,-0.03584005197411988,-0.002755578861515895,0.2746002837483599
811,2.206540337310209,-0.5278712831366208,-1.8566572619011728,1.9348118316235898,-0.4899537798180512,-1.8535019927388603,0.2717285056866192,-0.03791750331856958,-0.0031552691623124574,0.2743794336025997
812,2.200799240940983,-0.5474047567789107,-1.8701661422269404,1.9296505619861817,-0.5072895982583422,-1.8668874231310342,0.27114867895480144,-0.04011515852056846,-0.0032787190959062684,0.27411964913331943
813,2.1947948010776006,-0.5668588946930356,-1.8836750225527081,1.9242963289006125,-0.5244225076230977,-1.8805634893080148,0.2704984721769881,-0.04243638706993791,-0.0031115332446933763,0.27382467390059506
814,2.188528113452714,-0.5862301467503206,-1.8971839028784758,1.9187496677857283,-0.541345654977011,-1.894544939750472,0.26977844566698583,-0.044884491773309554,-0.002638963128003935,0.2734995273755223
815,2.182000321655802,-0.6055149779476876,-1.9106927832042435,1.9130111333030182,-0.5580522712867794,-1.9088468688807356,0.26898918835278374,-0.04746270666090824,-0.0018459143235078912,0.2731506898654267
816,2.1753785895259474,-0.6242405165782805,-1.9258618448454872,1.9070812993011486,-0.5745356741286307,-1.9234847049782011,0.26829729022479887,-0.04970484244964979,-0.002377139867286049,0.272872970627109
817,2.168473581256609,-0.6428634592621246,-1.9410309064867308,1.9009607587585777,-0.5907892703612041,-1.9384741923347701,0.26751282249803143,-0.052074188900920526,-0.0025567141519606817,0.2725460844294169
818,2.1612868856627006,-0.6613795209342478,-1.9561999681279745,1.89465012372426,-0.6068065587627183,-1.9538313667637117,0.26663676193844066,-0.054572962171529515,-0.002368601364262757,0.2721745419572056
819,2.153820156374267,-0.679784441122573,-1.9713690297692181,1.8881500252564394,-0.6225811326313736,-1.9695725234828305,0.26567013111782756,-0.05720330849119937,-0.0017965062863876113,0.27176472270208296
820,2.1460751114559917,-0.6980739849282364,-1.9865380914104618,1.8814611133595462,-0.6381066823479474,-1.9857141762998443,0.2646139980964455,-0.05996730258028893,-0.0008239151106175235,0.271325126376919
821,2.1382417956632622,-0.7158175036561104,-2.0037781410008626,1.8745840569191952,-0.6533769978995605,-2.0022730069375108,0.26365773874406706,-0.06244050575654991,-0.0015051340633518429,0.2709547663122336
822,2.130103759958244,-0.7334233455280258,-2.0210181905912634,1.8675195436353014,-0.6683859713635882,-2.019265803252276,0.2625842163229426,-0.06503737416443756,-0.0017523873389873046,0.27052430863329974
823,2.1216634230623845,-0.7508862778774176,-2.0382582401816642,1.8602682799533052,-0.6831275993507646,-2.036709385028378,0.2613951431090793,-0.06775867852665296,-0.0015488551532860662,0.2700389940526742
824,2.112923293544657,-0.7682011105121384,-2.055498289772065,1.8528309909935323,-0.6975959854064473,-2.0546205159757753,0.2600923025511246,-0.07060512510569106,-0.000877773796289727,0.26950669755012296
825,2.1038859690759844,-0.7853626972570456,-2.072738339362466,1.8452084204786805,-0.711785342369123,-2.073015800533438,0.25867754859730385,-0.0735773548879225,0.0002774611709721597,0.26893824251176174
826,2.094735545199011,-0.8020353968618843,-2.0924790768302386,1.8374013306594494,-0.7256899946851959,-2.091911564088844,0.2573342145395614,-0.07634540217668839,-0.0005675127413944381,0.268421013478686
827,2.0852577941999124,-0.8185242235405952,-2.1122198142980113,1.8294105022383151,-0.7393043806791324,-2.1113237152817104,0.2558472919615973,-0.07921984286146277,-0.0008960990163009441,0.2678328271525443
828,2.075456409407184,-0.8348227518602428,-2.131960551765784,1.8212367342914608,-0.7526230547780576,-2.1312675891780724,0.2542196751157233,-0.08219969708218522,-0.0006929625877116763,0.2671795531351433
829,2.065335210264252,-0.850924630544129,-2.1517012892335567,1.812880844188868,-0.765640689689914,-2.1517577702945823,0.25245436607538396,-0.08528394085421509,5.648106102551509e-05,0.26647056255477736
830,2.0548981408410967,-0.8668235849467845,-2.1714420267013295,1.8043436675125866,-0.7783520785342984,-2.172807894737887,0.2505544733285101,-0.08847150641248602,0.0013658680365575826,0.2657190568011917
831,2.0442737664202335,-0.8823316930024108,-2.194071277858553,1.7956260579731689,-0.7907521369251587,-2.1944304311165266,0.24864770844706463,-0.0915795560772521,0.00035915325797342135,0.26497665368546286
832,2.033301205242631,-0.8975954293897912,-2.216700529015777,1.786728887324304,-0.8028359050044701,-2.216636440398034,0.24657231791832723,-0.09475952438532109,-6.408861774298558e-05,0.2641538936542481
833,2.021986075930649,-0.9126069781424279,-2.2393297801730006,1.777653045275642,-0.8145985494261158,-2.2394353155356597,0.2443330306550069,-0.0980084287163121,0.0001055353626591149,0.2632570855764641
834,2.0103341725224815,-0.9273586524293148,-2.2619590313302242,1.7683994394038254,-0.8260353652891601,-2.262834502486271,0.2419347331186561,-0.1013232871401547,0.0008754711560468031,0.2622967595221616
835,1.9983514615052562,-0.9418428984910654,-2.284588282487448,1.7589689950617298,-0.8371417780197469,-2.2868392051869093,0.23938246644352645,-0.10470112047131852,0.0022509226994613662,0.2612878805485141
836,1.9860396785120207,-0.9560573797826374,-2.310333308326049,1.7493626552859305,-0.8479133452008673,-2.311452078146046,0.2366770232260902,-0.10814403458177013,0.0011187698199970342,0.2602160586602919
837,1.9733660636938668,-0.9699502184523277,-2.3360783341646503,1.739581380702398,-0.8583457583492696,-2.3366729115189178,0.2337846829914687,-0.11160446010305802,0.0005945773542674893,0.2590582695814723
838,1.9603390167392796,-0.9835122067469676,-2.3618233600032514,1.7296261494304437,-0.868434844638788,-2.3624983148415106,0.2307128673088359,-0.11507736210817965,0.0006749548382591897,0.25782102702393245
839,1.9469671715808716,-0.9967343561910079,-2.3875683858418526,1.7194979569848965,-0.8781765685694278,-2.3889214069446996,0.22746921459597513,-0.11855778762158009,0.001353021102846963,0.2565151521075085
840,1.9332593906730742,-1.0096079035438084,-2.4133134116804538,1.709197816176561,-0.8875670335815046,-2.4159315208889622,0.2240615744965131,-0.12204086996230379,0.002618109208508468,0.25515567327190686
841,1.9190104309759781,-1.0223154594638697,-2.442059197305872,1.6987267570109346,-0.8966024836142181,-2.443513933963093,0.22028367396504356,-0.12571297584965158,0.0014547366572208453,0.25363510319207505
842,1.904402119602247,-1.0346082243570525,-2.4708049829312904,1.6880858265852081,-0.9052793046080264,-2.471649633771164,0.2163162930170388,-0.12932891974902605,0.0008446508398738395,0.2520305964424254
843,1.8894465268633323,-1.046476041162964,-2.4995507685567087,1.6772760889835565,-0.9135940259502211,-2.5003151320731636,0.21217043787977574,-0.132882015212743,0.0007643635164549245,0.2503487745699602
844,1.87415601001653,-1.057909103940217,-2.528296554182127,1.666298625170732,-0.921543321863127,-2.52948233822374,0.20785738484579808,-0.13636578207709005,0.0011857840416129584,0.24859952743362962
845,1.8585432030546318,-1.0688979659687192,-2.5570423398075453,1.655154532883968,-0.9291240127343685,-2.559118503655017,0.20338867017066375,-0.1397739532343507,0.002076163847471779,0.24679550160582558
846,1.8421450164935311,-1.0797485059216836,-2.588137756928627,1.6438449265232045,-0.9363330663886721,-2.5891862477784504,0.19830008997032667,-0.1434154395330115,0.0010484908498233914,0.2447284481047283
847,1.8254174095069262,-1.0900839741870898,-2.619233174049709,1.6323709370396566,-0.9431675993006936,-2.619643673878287,0.19304647246726958,-0.1469163748863962,0.00041049982857810363,0.24259334337925606
848,1.8083765551323934,-1.0998943779478685,-2.6503285911707906,1.6207337118227096,-0.949624877748395,-2.6504445810272683,0.18764284330968373,-0.1502695001994735,0.00011598985647776061,0.2403971147688526
849,1.791038929269824,-1.1091702320440209,-2.6814240082918723,1.6089344145851874,-0.9557023189064935,-2.6815387748284367,0.18210451468463673,-0.1534679131375274,0.0001147665365643924,0.23814799558819014
850,1.7734212947517498,-1.1179025681433181,-2.712519425412954,1.5969742252469805,-0.9613974918795568,-2.712872476001037,0.1764470695047693,-0.1565050762637613,0.00035305058808310363,0.23585489581067504
851,1.7548382071644824,-1.1264043269417718,-2.744710543614231,1.5848543398170567,-0.9667081186743309,-2.7443888216776147,0.16998386734742565,-0.1596962082674409,-0.00032172193661628157,0.23323271125292344
852,1.7359911134191022,-1.1343035740132332,-2.776901661815508,1.5725759702738584,-0.9716320751109048,-2.7760284500182753,0.16341514314524375,-0.16267149890232846,-0.0008732117972325426,0.23058032887294092
853,1.716899542470943,-1.1415921243268792,-2.8090927800167846,1.5601403444441087,-0.976167391672356,-2.807730154671101,0.15675919802683436,-0.16542473265452318,-0.0013626253456835435,0.22790490360602036
854,1.6975832765973862,-1.1482624256428025,-2.8412838982180615,1.5475487058800246,-0.9803122542925307,-2.8394315920225517,0.1500345707173616,-0.1679501713502718,-0.0018523061955098008,0.22521337328225105
855,1.6780623308998877,-1.1543075663374804,-2.8734750164193383,1.5348023137349744,-0.9840650050816433,-2.8710700213760587,0.1432600171649132,-0.17024256125583714,-0.002404995043279623,0.22251235062844688
856,1.6575768684026075,-1.1599355916568832,-2.905121824708534,1.5219024426375487,-0.9874241429894152,-2.9025830564067965,0.13567442576505884,-0.17251144866746804,-0.002538768301737715,0.21948620702111746
857,1.6369235840444178,-1.1649126076246163,-2.93676863299773,1.5088503825641069,-0.9903883244054711,-2.9339094056196564,0.12807320148031098,-0.17452428321914526,-0.0028592273780736477,0.2164939850244627
858,1.6161231607861901,-1.169233630073284,-2.968415441286926,1.4956474387097796,-0.9929563636967662,-2.9649895801409523,0.12047572207641055,-0.17627726637651775,-0.003425861145973652,0.2135411219779502
859,1.5951964289391183,-1.1728943317716,-3.0000622495761218,1.4822949313579503,-0.9951272336818244,-2.9957665489487293,0.11290149758116796,-0.17776709808977564,-0.004295700627392485,0.2106331938779132
860,1.5741643453044765,-1.1758910467578383,-3.0317090578653176,1.4687941957482267,-0.9969000660415961,-3.0261863244390357,0.10537014955624979,-0.1789909807162422,-0.005522733426281956,0.20777665937194775
861,1.5523864213212015,-1.178293761596199,-3.061255433967008,1.4551465819429195,-0.9982741516667748,-3.0561984648014353,0.09723983937828207,-0.18001960992942423,-0.0050569691655728555,0.20466611653763722
862,1.530547021395658,-1.1800520626250195,-3.0908018100686987,1.4413534546920337,-0.9992489409414315,-3.085756483749059,0.08919356670362433,-0.18080312168358803,-0.00504532631963972,0.20166982042317552
863,1.5086652096823905,-1.1811644149796667,-3.1203481861703892,1.4274161932968048,-0.999824043962853,-3.1148181624090387,0.08124901638558568,-0.18134037101681377,-0.005530023761350478,0.1987871071949636
864,1.4867600873582463,-1.1816298476601468,3.1332907449075065,1.413336191471756,-0.999999230697499,3.139839544846084,0.07342389588649034,-0.18163061696264782,-0.006548799938577599,0.19601947935350145
865,1.4648507759484837,-1.1814479543787146,3.103744368805816,1.399114857205336,-0.999774431073011,3.111879164795771,0.06573591874314766,-0.18167352330570363,-0.008134795989954924,0.19337180505211182
866,1.4425270908656065,-1.1806026375129821,3.0773383584764877,1.3847536126191209,-0.9991497350062423,3.084514521703087,0.0577734782464856,-0.18145290250673984,-0.007176163226599197,0.1905634485820205
867,1.4202335070827818,-1.179168204384131,3.0509323481471595,1.3702538938256013,-0.9981253923672896,3.057769563448156,0.04997961325718059,-0.18104281201684136,-0.006837215300996569,0.18793937596303464
868,1.3979855685085016,-1.1771456551318207,3.0245263378178313,1.3556171507845733,-0.9967018128795511,3.0316637948036833,0.0423684177239283,-0.18044384225226962,-0.007137456985851998,0.1854885611551724
869,1.3757987872257356,-1.1745363999519534,2.998120327488503,1.3408448471581444,-0.9948795659558413,3.006212463340424,0.034953940067591116,-0.1796568339961121,-0.008092135851920812,0.18320436291311754
870,1.3536886326763349,-1.1713422581134338,2.971714317159175,1.325938460164364,-0.9926593804706327,2.9814267933001624,0.027750172511970872,-0.1786828776428011,-0.00971247614098747,0.1810855461651913
871,1.331439091281762,-1.1675257592067552,2.9488464494767976,1.3108994804295147,-0.9900421444685181,2.957314255765872,0.020539610852247314,-0.17748361473823704,-0.008467806289074176,0.17886870284614353
872,1.3092826347998803,-1.163201502930819,2.9259785817944204,1.295729411839035,-0.987028904809002,2.9338788640941087,0.013553222960845268,-0.17617259812181696,-0.00790028229968831,0.17686969396149352
873,1.2872308492092253,-1.1583717505109452,2.903110714112043,1.2804297713871424,-0.9836208667477723,2.9111214845518916,0.006801077822082835,-0.17475088376317294,-0.008010770439848436,0.17506655442600097
874,1.265295265754188,-1.1530390275047704,2.880242846429666,1.2650020890251326,-0.9798193934546138,2.8890401533006966,0.00029317672905548875,-0.1732196340501566,-0.008797306871030752,0.17344313241304113
875,1.2434873549151353,-1.1472061224815921,2.8573749787472886,1.2494479075083849,-0.9756260054681576,2.867630392188506,-0.005960552593249568,-0.17158011701343456,-0.010255413441217165,0.17198964575349032
876,1.2216575465316604,-1.1408290608571359,2.837955395264971,1.2337687822420895,-0.9710423800876875,2.8468855171578986,-0.012111235710429158,-0.16978668076944836,-0.008930121892927634,0.17045218119508676
877,1.1999556863469072,-1.1340293025126968,2.8185358117826533,1.217966281125707,-0.9660703507022413,2.826796934384504,-0.01801059477879985,-0.1679589518104555,-0.008261122601850523,0.1691237332966484
878,1.1783899583140207,-1.1268094116940681,2.7991162283003357,1.2020419843961807,-0.9607119060572806,2.807354420475193,-0.023652026082159994,-0.1660975056367875,-0.008238192174857328,0.16797519914220585
879,1.1569684950495718,-1.1191721110825164,2.779696644818018,1.1859974844699102,-0.9549691894592174,2.7885463841460103,-0.02902898942033838,-0.16420292162329897,-0.008849739327992268,0.16698383030271763
880,1.1356993747666795,-1.111120280768035,2.7602770613357004,1.1698343857835234,-0.9488444979181241,2.7703601077480107,-0.03413501101684391,-0.16227578284991084,-0.010083046412310281,0.16613336962098937
881,1.114377864716647,-1.1025716559842285,2.7439623310816357,1.153554304633417,-0.9423402812289547,2.7527819678085708,-0.03917643991677,-0.16023137475527371,-0.008819636726935087,0.1651867818335122
882,1.0931986545017602,-1.0936763296168828,2.727647600827571,1.1371588690141392,-0.9354591409916634,2.735797634409647,-0.04396021451237897,-0.15821718862521938,-0.008150033582075888,0.16441290181683307
883,1.0721673812763282,-1.0844366692862655,2.7113328705735062,1.1206497184555895,-0.9282038295705979,2.7193922497417313,-0.048482337179261314,-0.1562328397156676,-0.008059379168225078,0.16378092323760507
884,1.0512896428190817,-1.0748551342621282,2.6950181403194415,1.1040285038590658,-0.9205772489935901,2.703550586566602,-0.05273886103998415,-0.15427788526853814,-0.008532446247160319,0.16326621201487973
885,1.0305709960432439,-1.0649342748091362,2.678703410065377,1.0872968873321767,-0.9125824497911844,2.688257187608608,-0.056725891288932795,-0.15235182501795175,-0.009553777543231057,0.1628501765248351
886,1.0096901019092344,-1.0545136144296885,2.6650722096591957,1.0704565420226324,-0.9042226297764663,2.6734964870893,-0.060766440113398046,-0.15029098465322221,-0.008424277430104432,0.16232962995802594
887,0.9889531893918515,-1.0438092993266137,2.6514410092530145,1.0535091519509268,-0.8955011327659768,2.6592529157394935,-0.06455596255907525,-0.14830816656063694,-0.007811906486479003,0.16193767459569083
888,0.9683641115493619,-1.0328233184338844,2.6378098088468334,1.0364564118419504,-0.8864214472422383,2.6455109906809953,-0.0680923002925885,-0.14640187119164616,-0.007701181834161908,0.16164583956661002
889,0.9479266939713521,-1.0215577130208777,2.624178608440652,1.0193000269555008,-0.8769872049583982,2.632255391580335,-0.07137333298414872,-0.1445705080624795,-0.008076783139682853,0.16143115835734775
890,0.9276447340679081,-1.0100145763130932,2.610547408034471,1.0020417129157693,-0.8672021794855813,2.619471024450662,-0.07439697884786112,-0.1428123968275119,-0.008923616416190772,0.16127591909287367
891,0.9070782225921532,-0.9979354126766163,2.599193842486037,0.9846831955397783,-0.8570702847035119,2.607143074424953,-0.07760497294762514,-0.14086512797310446,-0.007949231938916057,0.16102393112049962
892,0.886650175279107,-0.9856235293351008,2.587840276937603,0.9672262106648,-0.8465955732350124,2.5952570487522775,-0.08057603538569302,-0.13902795610008833,-0.007416771814674483,0.1608610535835057
893,0.8663632253462722,-0.9730805133157455,2.576486711389169,0.9496725039747743,-0.8357822348250097,2.5837988111854746,-0.08330927862850213,-0.13729827849073584,-0.007312099796305649,0.16076293100572714
894,0.846219987823408,-0.9603079814392292,2.565133145840735,0.9320238308257422,-0.8246345946646914,2.572754608838554,-0.08580384300233423,-0.13567338677453789,-0.007621462997819073,0.16070984428798907
895,0.826223059215447,-0.9473075801112989,2.553779580292301,0.9142819560703085,-0.8131571116614865,2.562111092499413,-0.08805889685486146,-0.13415046844981238,-0.008331512207111924,0.16068643874408473
896,0.8058463501517255,-0.9337286851458882,2.5443501311004306,0.8964486538811698,-0.8013543766555692,2.5518553312912466,-0.09060230372944433,-0.13237430849031906,-0.007505200190816019,0.16058662154512393
897,0.7855985865765721,-0.9199582555609441,2.5349206819085603,0.8785257075736812,-0.7892311105835723,2.5419748224863588,-0.09292712099710909,-0.1307271449773718,-0.007054140577798407,0.1605453118282732
898,0.7654815687966662,-0.9059975157384218,2.52549123271669,0.8605149094275374,-0.7767921625902832,2.532457497190761,-0.09503334063087121,-0.12920535314813864,-0.0069662644740708934,0.16054248021729672
899,0.7454970854935744,-0.8918477069814932,2.51606178352482,0.8424180605075443,-0.7640425080890486,2.523291722537723,-0.0969209750139699,-0.12780519889244457,-0.0072299390129031416,0.16056187679435674
900,0.7256469135647123,-0.8775100874041776,2.5066323343329495,0.8242369704835132,-0.750987246771676,2.5144663009541306,-0.09859005691880085,-0.12652284063250152,-0.007833966621181077,0.16059078291730056
901,0.7053628659966604,-0.8625660256144284,2.498834032433586,0.8059734574492955,-0.7376316005686248,2.505970466995288,-0.10061059145263507,-0.12493442504580365,-0.0071364345617017655,0.1605678372907477
902,0.685195972321832,-0.8474642386993976,2.4910357305342226,0.7876293477409753,-0.7239809115603028,2.4977938821817167,-0.10243337541914321,-0.12348332713909482,-0.006758151647494159,0.16058144691959397
903,0.6651474589536528,-0.8322056450471382,2.483237428634859,0.7692064757542365,-0.710040639840307,2.489926628215464,-0.10405901680058371,-0.12216500520683127,-0.0066891995806050986,0.16061541914062435
904,0.6452185451064625,-0.8167911725816239,2.4754391267354956,0.7507066837609222,-0.6958163613314545,2.482359198903139,-0.10548813865445972,-0.1209748112501694,-0.006920072167643454,0.1606565895088092
905,0.6254104427213708,-0.8012217587063183,2.467640824836132,0.732131821724822,-0.6813137655554999,2.475082491068045,-0.10672137900345124,-0.11990799315081835,-0.00744166623191278,0.16069461084355685
906,0.6051546810656891,-0.7850433467638044,2.461237424317413,0.7134837471166572,-0.6665386533573856,2.4680877946939646,-0.10832906605096804,-0.11850469340641878,-0.006850370376551673,0.16070306930833725
907,0.5850029308309903,-0.7687355616379274,2.4548340237986936,0.6947643247283485,-0.6514969345849919,2.4613667825080277,-0.10976139389735817,-0.11723862705293553,-0.006532758709334008,0.1607331210420015
908,0.5649560183075114,-0.752299072003293,2.4484306232799744,0.6759754264865352,-0.6361946257252741,2.454911499179146,-0.11101940817902378,-0.11610444627801897,-0.006480875899171679,0.16077174251206755
909,0.5450147654867872,-0.735734551811829,2.442027222761255,0.6571189312653843,-0.6206378474977482,2.448714350281457,-0.11210416577859716,-0.11509670431408081,-0.006687127520201841,0.16080831136278242
910,0.5251799900279457,-0.7190426802651511,2.435623822242536,0.6381967246987043,-0.6048328224062841,2.4427680911485643,-0.11301673467075857,-0.11420985785886695,-0.007144268906028373,0.16083443202867
911,0.5049172731965856,-0.7017678332131392,2.43042816058783,0.619210698991383,-0.5887858722501876,2.4370658157238534,-0.1142934257947974,-0.11298196096295154,-0.006637655136023213,0.16084765820070102
912,0.4847445837162196,-0.6843879415797884,2.4252324989331244,0.6001627527301665,-0.5725034155955617,2.431600945494345,-0.11541816901394691,-0.11188452598422671,-0.006368446561220598,0.1608728006993421
913,0.46466246614535844,-0.6669034745324804,2.4200368372784187,0.5810547906938144,-0.5559919652079778,2.426367218580206,-0.11639232454845594,-0.11091150932450267,-0.006330381301787202,0.16089937800332962
914,0.44467146259753887,-0.6493149040615935,2.414841175623713,0.5618887236626036,-0.5392581254474379,2.4213586790388097,-0.11721726106506469,-0.11005677861415564,-0.006517503415096826,0.1609187952393585
915,0.4247721127266892,-0.6316227049677612,2.409645513969007,0.5426664682272655,-0.5223085896267315,2.4165696664309295,-0.11789435550057631,-0.10931411534102964,-0.0069241524619223505,0.16092420190575482
916,0.40449022081438485,-0.6134008404695875,2.4055115611288485,0.5233899465973252,-0.5051501373341961,2.4119948056869718,-0.11889972578294034,-0.10825070313539142,-0.0064832445581233245,0.1609266664681944
917,0.3842838303201404,-0.5950952875272068,2.4013776082886897,0.504061086408882,-0.48778963172197237,2.4076289973029317,-0.11977725608874162,-0.10730565580523438,-0.006251389014241937,0.1609353121864397
918,0.3641532865619098,-0.57670635897413,2.397243655448531,0.48468182053184755,-0.470234016760835,2.4034674078887996,-0.12052853396993773,-0.10647234221329505,-0.006223752440268626,0.16094167344651664
919,0.344098933561461,-0.5582343690687196,2.3931097026083723,0.46525408687666003,-0.4524903144626965,2.3995054610862865,-0.12115515331519905,-0.1057440546060231,-0.006395758477914182,0.16093875228129115
920,0.32412111403849675,-0.539679633488818,2.3889757497682136,0.44577982820049183,-0.43456562207189353,2.395738828867818,-0.12165871416199509,-0.10511401141692445,-0.0067630790996044965,0.16092090406971635
921,0.30382505902292534,-0.5206724498531682,2.3857916532333014,0.426260991912989,-0.416467109226396,2.3921634232246705,-0.12243593289006366,-0.10420534062677217,-0.006371769991369014,0.16090341864181973
922,0.2835896274980352,-0.5016007380800762,2.3826075566983893,0.40669952988151115,-0.3982020150900286,2.388775388248735,-0.12310990238347597,-0.1033987229900476,-0.006167831550345504,0.16088935989329753
923,0.26341502461998345,-0.4824646915273705,2.379423460163477,0.38709739823596034,-0.3797776454569147,2.385571092609647,-0.12368237361597689,-0.10268704607045576,-0.006147632446170004,0.16087185073421392
924,0.24330145492821836,-0.4632645042051352,2.376239363628565,0.367456557173166,-0.3612013698292525,2.382547122426782,-0.12415510224494763,-0.10206313437588271,-0.006307758798216767,0.16084514488519502
925,0.22324912234340552,-0.4440003707737434,2.373055267093653,0.3477789707608671,-0.3424806184696126,2.379700274533819,-0.12452984841746159,-0.1015197523041308,-0.006645007440166051,0.16080453780490117
926,0.20295654524040782,-0.424380807148485,2.370737756742575,0.328066606741307,-0.3236228794289322,2.377027550132213,-0.12511006150089918,-0.10075792771955278,-0.0062897933896381986,0.16076146611667155
927,0.18270949113270685,-0.4047142679947218,2.368420246391497,0.30832143633446063,-0.3046356955513944,2.3745261488288225,-0.12561194520175378,-0.10007857244332741,-0.006105902437325561,0.16072138465131783
928,0.16250806876423007,-0.3850008589385216,2.366102736040419,0.28854543404091454,-0.2855266614573912,2.3721934630521706,-0.12603736527668447,-0.0994741974811304,-0.006090727011751618,0.16067865560159195
929,0.14235238663382369,-0.3652406858576833,2.363785225689341,0.2687405774444146,-0.26630342050577305,2.370027072841291,-0.1263881908105909,-0.09893726535191028,-0.006241847151950086,0.160628509012432
930,0.1222425529946698,-0.34543385488116857,2.361467715338263,0.2489088470141234,-0.2469736617366209,2.3680247410007484,-0.12666629401945362,-0.09846019314454768,-0.006557025662485394,0.16056697748984003
931,0.10198034756256699,-0.32538422480410856,2.3599578625535633,0.22905222590655416,-0.22754511679571235,2.366184408615277,-0.12707187834398717,-0.09783910800839621,-0.006226546061713467,0.1604946204631368
932,0.08174843720418556,-0.305304024644496,2.3584480097688636,0.20917269976727051,-0.20802555684197999,2.36450419091746,-0.12742426256308495,-0.09727846780251603,-0.006056181148596185,0.16042668206335184
933,0.06154686804130109,-0.2851933001782596,2.356938156984164,0.1892722565323201,-0.1884227894391479,2.3629823735019793,-0.127725388491019,-0.09677051073911172,-0.006044216517815393,0.1603584708308373
934,0.04137568612652169,-0.26505209725091283,2.355428304199464,0.16935288622944283,-0.16874465543281053,2.361617408880159,-0.12797720010292113,-0.0963074418181023,-0.006189104680694779,0.16028596979298865
935,0.021234937443183038,-0.24488046177744968,2.3539184514147644,0.14941658077906955,-0.1489990258141988,2.3604079133688436,-0.12818164333588652,-0.09588143596325088,-0.006489461954079179,0.1602057944242868
936,0.0010368800286572992,-0.2245902513361185,2.3531786595403363,0.12946533379513178,-0.12919379857188856,2.3593526643079974,-0.1284284537664745,-0.09539645276422995,-0.0061740047676610565,0.16010143432123441
937,-0.019146161327305157,-0.20428510408973066,2.3524388676659083,0.10950114038569836,-0.10933689553270708,2.3584505976018466,-0.1286473017130035,-0.09494820855702359,-0.006011729935938348,0.16000447319699304
938,-0.0393141755786874,-0.18396503115113064,2.35169907579148,0.08952599695348055,-0.08943625919312186,2.3577008055788626,-0.12884017253216795,-0.09452877195800878,-0.006001729787382448,0.15991091128015245
939,-0.05946715168769674,-0.16363004364133163,2.350959283917052,0.06954190099617216,-0.06949984954232696,2.357102535166389,-0.12900905268386892,-0.09413019409900467,-0.006143251249336679,0.15981729772279982
940,-0.07960507862477073,-0.14328015268950947,2.350219492042624,0.04955085090671553,-0.04953564087836742,2.3566551863762744,-0.12915592953148625,-0.09374451181114205,-0.006435694333650321,0.15972071183602887
941,-0.09969994208229103,-0.12294370937397366,2.3502315844327097,0.029554845773460472,-0.029551618618522946,2.356358311098441,-0.1292547878557515,-0.09339209075545071,-0.006126726665731219,0.15958201521144622
942,-0.11979505145454766,-0.10260750905485234,2.3502436768227954,0.009555885180257023,-0.009555776105247387,2.3562116121999095,-0.12935093663480468,-0.09305173294960496,-0.005967935377114042,0.15945502834934766
943,-0.1398904067386022,-0.08227155173511921,2.350255769212881,-0.010444030993501241,0.010443888591061618,2.3562149429274206,-0.12944637574510096,-0.09271544032618083,-0.005959173714539467,0.15933621314622587
944,-0.15998600793151618,-0.0619358374177479,2.350267861602967,-0.030442902772863486,0.030439375871184192,2.3563683066123997,-0.1295431051586527,-0.09237521328893208,-0.006100445009432853,0.15922252213061616
945,-0.1800818550303511,-0.041600366105712015,2.3502799539930526,-0.050438730287320994,0.05042268780681477,2.3566718566776563,-0.1296431247430301,-0.09202305391252678,-0.006391902684603767,0.15911140331369755
946,-0.20003026715943736,-0.021414576016806693,2.3510442579410835,-0.07042951397077836,0.07038583133961263,2.3571258969458246,-0.129600753188659,-0.09180040735641931,-0.006081639004741124,0.15893601338543828
947,-0.21999410153954346,-0.0012440384724347435,2.3518085618891145,-0.09041325476152971,0.09032082147833986,2.3577308822501957,-0.12958084677801374,-0.09156485995077461,-0.005922320361081201,0.158777811132322
948,-0.23997334650858598,0.018911234744572604,2.3525728658371454,-0.11038795430214902,0.11021968449273731,2.3584874193492102,-0.12958539220643694,-0.09130844974816471,-0.005914553512064824,0.15863350469543402
949,-0.25996799039547924,0.03905123186030094,2.3533371697851764,-0.1303516151393278,0.1300744611029139,2.359396268146511,-0.12961637525615144,-0.09102322924261297,-0.006059098361334669,0.15850030179545105
950,-0.2799780215201422,0.059175941109759544,2.3541014737332073,-0.1503022409236186,0.14987720966295232,2.3604583432190505,-0.12967578059652357,-0.09070126855319277,-0.006356869485843131,0.15837593876639267
951,-0.2997331599217018,0.07901394873863887,2.3556368462146335,-0.17023783660906852,0.16962000933746174,2.3616747156563527,-0.12949532331263328,-0.09060606059882287,-0.006037869441719135,0.15816116098611643
952,-0.3195187337572266,0.09882160150082266,2.3571722186960598,-0.1901564086527219,0.18929496326980613,2.3630466152146,-0.1293623251045047,-0.09047336176898348,-0.005874396518540159,0.1579700885632529
953,-0.33933469638483416,0.1185988527023803,2.358707591177486,-0.21005596521397318,0.2088942017407418,2.364575432789753,-0.12927873117086097,-0.0902953490383615,-0.005867841612266833,0.15779946754122434
954,-0.35918100109100437,0.13834565572104884,2.360242963658912,-0.22993451635375262,0.22840988531620351,2.366262723214435,-0.12924648473725175,-0.09006422959515467,-0.006019759555522697,0.15764661992764606
955,-0.3790576010906898,0.15806196400634293,2.3617783361403384,-0.24979007423350463,0.2478342079829598,2.3681102083837824,-0.12926752685718518,-0.08977224397661687,-0.006331872243444003,0.15750949779133197
956,-0.3985694041930194,0.17735707303747159,2.3641231289725053,-0.269620653313991,0.267159400270935,2.3701197807158785,-0.1289487508790284,-0.0898023272334634,-0.00599665174337316,0.1572520211696469
957,-0.4181263966487996,0.1966063779317211,2.3664679218046722,-0.2894242705538291,0.28637773236087966,2.3722935069527646,-0.1287021260949705,-0.08977135442915857,-0.005825585148092394,0.15702570101651822
958,-0.4377284709326903,0.2158097728554332,2.368812714636839,-0.30919894560779787,0.30548151717619876,2.3746336323082975,-0.12852952532489242,-0.08967174432076555,-0.005820917671458314,0.15682711402148802
959,-0.45737551927148923,0.23496715222736506,2.371157507469006,-0.32894270102487083,0.3244631134576801,2.3771425849693415,-0.1284328182466184,-0.08949596123031503,-0.0059850775003353895,0.15665355735505015
960,-0.4770674336447244,0.2540784107192696,2.373502300301173,-0.3486535624459593,0.3433149288198954,2.379822980956867,-0.12841387119876513,-0.08923651810062577,-0.006320680655694133,0.15650312930714075
961,-0.4962826561109477,0.27263973853177387,2.376716311806692,-0.3683295588013468,0.36202942278805417,2.3826776293535232,-0.12795309730960086,-0.0893896842562803,-0.0059613175468311574,0.15619874541574216
962,-0.5155574355503219,0.291139212636547,2.379930323312211,-0.38796872250779796,0.38059910981409556,2.3857095379040607,-0.1275887130425239,-0.08945989717754854,-0.005779214591849602,0.15593380717523608
963,-0.5348915728570532,0.3095766419365918,2.38314433481773,-0.40756908966530103,0.3990165622707952,2.388921918994649,-0.1273224831917522,-0.0894399203342034,-0.005777584176918982,0.15570451038561492
964,-0.5542848683121897,0.3279518359758251,2.386358346323249,-0.4271287002534774,0.4172744134227364,2.39231819601659,-0.12715616805871233,-0.0893225774469113,-0.005959849693340846,0.15550798605056323
965,-0.5737371215856836,0.3462646049410455,2.389572357828768,-0.4466455983275678,0.4353653603728932,2.3959020101191086,-0.1270915232581158,-0.0891007554318477,-0.006329652290340437,0.15534241018057734
966,-0.592599137496282,0.36390770522431004,2.3937398579753735,-0.4661178322140288,0.45328216698369495,2.3996772273548608,-0.1264813052822532,-0.0893744617593849,-0.005937369379487301,0.15498570048824103
967,-0.611534517019008,0.38147204506807675,2.3979073581219787,-0.4855434547056987,0.47101766677138485,2.4036479462203655,-0.12599106231330925,-0.0895456217033081,-0.005740588098386734,0.1546774725058031
968,-0.6305429312835775,0.3989573194143233,2.402074858268584,-0.5049205232565162,0.48856476577251795,2.407818505591774,-0.12562240802706137,-0.08960744635819468,-0.005743647323189993,0.154413319781447
969,-0.6496240501512371,0.4163632245782394,2.4062423584151893,-0.5242471001757738,0.5059164453814522,2.4121934930541324,-0.12537694997546334,-0.08955322080321282,-0.005951134638943145,0.1541900611092351
970,-0.6687775422204975,0.43368945825350136,2.4104098585617946,-0.5435212528218883,0.5230657651576994,2.416777753619516,-0.1252562893986091,-0.08937630690419807,-0.0063678950577212845,0.1540058841642347
971,-0.6872258901765138,0.4502385461333327,2.4156437892576004,-0.5627410537956501,0.5400058656019979,2.4215763988259873,-0.12448483638086372,-0.08976731946866523,-0.005932609568386926,0.15358984989136076
972,-0.705760601829382,0.46669085040676694,2.420877719953406,-0.5819045811329816,0.5567299709000376,2.4265948162052435,-0.12385602069640045,-0.09003912049327067,-0.005717096251837361,0.15323198840810515
973,-0.7243811694398044,0.48304592037990746,2.426111650649212,-0.6010099184971187,0.5732313916326847,2.431838679101828,-0.12337125094268564,-0.0901854712527772,-0.005727028452616079,0.1529270533265638
974,-0.7430870829165477,0.4993033080224909,2.4313455813450178,-0.620055155370246,0.589503527451662,2.4373139568209106,-0.12303192754630166,-0.09020021942917111,-0.005968375475892795,0.15267139970095997
975,-0.761877829830417,0.5154625679801605,2.4365795120408236,-0.6390383872445473,0.605539869719601,2.4430269250746033,-0.12283944258586965,-0.09007730173944051,-0.006447413033779714,0.15246316957971695
976,-0.7798474796355227,0.530752844263486,2.443026918836251,-0.6579577158126543,0.6213340041134094,2.4489841766885143,-0.12188976382286842,-0.09058115984992343,-0.005957257852263531,0.1519787813007802
977,-0.7979153378994639,0.5459269459071647,2.449474325631678,-0.6768112491574763,0.6368796131899154,2.455192632520491,-0.12110408874198764,-0.09095266728275064,-0.0057183068888129185,0.15156281545797637
978,-0.8160806535610595,0.5609842421403252,2.455921732427105,-0.69559710194139,0.6521704789127604,2.4616595525321086,-0.1204835516196695,-0.0911862367724352,-0.005737820105003344,0.15120892356989238
979,-0.8343426715079307,0.5759241070475697,2.4623691392225324,-0.7143133955947752,0.6672004851395333,2.4683925469401653,-0.12002927591315549,-0.09127637809196365,-0.006023407717632878,0.15091284144948153
980,-0.85270063260789,0.5907459195949927,2.4688165460179596,-0.7329582585038568,0.6819636200681355,2.4753995873599552,-0.11974237410403321,-0.09121770047314282,-0.00658304134199561,0.15067263012567567
981,-0.8701209575486777,0.6046261335571188,2.4766651169712124,-0.7515298261978846,0.6964539786414377,2.4826890178342347,-0.11859113135079313,-0.09182784508431885,-0.006023900863022291,0.15010828408018742
982,-0.8876496846713178,0.6183691967577686,2.484513687924465,-0.7700262415355653,0.7106657649092125,2.490269565621063,-0.11762344313575246,-0.09229656815144394,-0.0057558776965978,0.1496230630474524
983,-0.9052857342106053,0.6319742626276873,2.492362258877718,-0.7884456548907789,0.7245932943464408,2.4981503515899917,-0.11684007931982643,-0.09261903171875352,-0.005788092712273762,0.14920921951819424
984,-0.9230280197903012,0.6454404930982215,2.5002108298309706,-0.8067862243375392,0.7382309961270456,2.5063409000487984,-0.11624179545276203,-0.09279050302882408,-0.006130070217827743,0.14886171510263974
985,-0.9408754484900531,0.6587670586529435,2.5080594007842234,-0.8250461158341854,0.7515734153521484,2.514851147791886,-0.1158293326558677,-0.0928063566992049,-0.006791747007662607,0.14857853806892773
986,-0.9576689358974559,0.6711025517319816,2.517544520539141,-0.8432235034067843,0.7646152152319554,2.523691452126122,-0.11444543249067163,-0.09351266349997378,-0.006146931586980653,0.14791943760294396
987,-0.9745786697511885,0.6832782040677512,2.527029640294059,-0.8613165693317297,0.7773511792204058,2.5328725975898596,-0.11326210041945872,-0.09407297515265456,-0.005842957295800755,0.1473504943848512
988,-0.9916031287362306,0.6952929202555026,2.5365147600489766,-0.8793235043175001,0.7897762131017095,2.542405801035813,-0.11227962441873052,-0.09448329284620693,-0.005891040986836238,0.14686221791387283
989,-1.0087407812161069,0.7071456193694001,2.5459998798038943,-0.8972425076856059,0.8018853470279821,2.5523027146979134,-0.11149827353050101,-0.09473972765858196,-0.00630283489401906,0.14644864876401548
990,-1.0259900853706827,0.7188352350597694,2.555484999558812,-0.9150717875506427,0.8136737375071053,2.5625754268059584,-0.11091829782004003,-0.09483850244733583,-0.007090427247146369,0.14610778383198994
991,-1.042070970691875,0.7295118649722862,2.5668956826422966,-0.9328095609994818,0.8251366693400644,2.5732364592495207,-0.10926140969239317,-0.0956248043677782,-0.006340776607224097,0.1453353511927761
992,-1.0582726341257491,0.7400043099198494,2.578306365725781,-0.9504540542695596,0.836269557506963,2.584298761724097,-0.10781857985618948,-0.09626524758711352,-0.005992395998315914,0.14466427639543358
993,-1.0745929661788562,0.7503112037622497,2.589717048809266,-0.9680035029262528,0.8470679490009707,2.5957757017178724,-0.10658946325260343,-0.09675674523872102,-0.006058652908606632,0.14408292300177641
994,-1.091029841906823,0.7604312045184533,2.6011277318927504,-0.9854561520393205,0.8575275246094671,2.6076810496170584,-0.10557368986750248,-0.09709632009101388,-0.006553317724308005,0.1435842795735381
995,-1.1075811211910245,0.7703629945413317,2.612538414976235,-1.0028102563583978,0.8676441006416691,2.620028958122165,-0.10477086483262665,-0.09728110610033736,-0.0074905431459302285,0.14316653225702808
996,-1.1228255450806466,0.7792756054386989,2.6262145030209023,-1.0200640804875087,0.8774136306020465,2.632833935077795,-0.10276146459313784,-0.09813802516334758,-0.006619432056892638,0.14224910357905382
997,-1.138190429220912,0.7879789052778732,2.6398905910655697,-1.0372158990586215,0.8868322068088755,2.646110808726245,-0.10097453016229041,-0.09885330153100236,-0.006220217660675154,0.1414444133673039
998,-1.1536728998796035,0.7964712662591968,2.653566679110237,-1.054263996904172,0.8958960619572528,2.659874684302496,-0.09940890297543148,-0.09942479569805596,-0.006308005192258825,0.1407380933503239
