timestep,px,py,theta,px_ref,py_ref,theta_ref,error_px,error_py,error_theta,error_norm
0,0.0,0.0,0.7853981633974483,0.0,0.0,0.7853981633974483,0.0,0.0,0.0,0.0
1,0.0,0.0,0.7853231571470295,0.01999966666833333,0.01999866669333308,0.7853231571470295,-0.01999966666833333,-0.01999866669333308,0.0,0.028283092765033196
2,0.003152236918704261,0.0031517640792258833,0.785098205553372,0.03999733338666616,0.03998933418663416,0.7850980633706443,-0.0368450964679619,-0.03683757010740828,1.421827277026111e-07,0.052101513463352046
3,0.00915171112025365,0.00914764018125136,0.7847232375787335,0.05999100040499132,0.0599640064794446,0.7847226568420766,-0.050839289284737674,-0.05081636629819324,5.807366568744143e-07,0.07188140523853612
4,0.017724857983582625,0.017709222371789197,0.784198098658155,0.07997866837326832,0.07991469396917268,0.7841965616812204,-0.06225381038968569,-0.06220547159738349,1.5369769346129658e-06,0.0880060089258121
5,0.028624479352952446,0.028582714582743293,0.7835225486898411,0.09995833854135666,0.09983341664682815,0.7835192505983565,-0.07133385918840421,-0.07125070206408486,3.2980914845825993e-06,0.10082252735482022
6,0.04162548708742083,0.04153504379963167,0.7826962516260365,0.11992801295888919,0.11971220728891936,0.7826900438339384,-0.07830252587146835,-0.07817716348928769,6.2077920981451484e-06,0.11064788514752312
7,0.056521332247099015,0.056350611148755524,0.7817187573073631,0.13988569467506554,0.1395431146442365,0.7817081077917023,-0.08336436242796652,-0.08319250349548096,1.0649515660765552e-05,0.11777355252466129
8,0.07312101338602614,0.07282858561099465,0.7805894768383135,0.1598293879383454,0.15931820661424598,0.7805724533623122,-0.08670837455231925,-0.08648962100325133,1.7023476001298832e-05,0.12246957601212667
9,0.09124657416847842,0.09078065902160551,0.7793076532566559,0.17975709839602208,0.17902957342582415,0.7792819339341677,-0.08851052422754366,-0.08824891440421864,2.5719322488182428e-05,0.12498793723412371
10,0.11073101458703598,0.11002919295018179,0.7778723295316055,0.1996668332936563,0.19866933079506124,0.7778352430874435,-0.08893581870662033,-0.08864013784487945,3.708644416200446e-05,0.12556534259731228
11,0.13141655186185555,0.1304056982798109,0.7762823160527274,0.21955660167434962,0.21822962308086932,0.7762309119668949,-0.08814004981249407,-0.08782392480105841,5.14040858324849e-05,0.124425531105119
12,0.15315317700301606,0.15174959706294036,0.7745361597569212,0.23942441457783872,0.23770262642713458,0.7744673063284713,-0.08627123757482266,-0.08595302936419422,6.885342844997755e-05,0.1217811743676671
13,0.17579746132921545,0.17390722372955253,0.7726321168967974,0.2592682852393897,0.2570805518921551,0.7725426232543283,-0.08347082391017427,-0.08317332816260259,8.94936424691295e-05,0.11783543173001636
14,0.19921157421814437,0.19673102913523813,0.7705681311943782,0.279086229288473,0.27635564856411376,0.7704548875304338,-0.07987465507032862,-0.07962461942887564,0.00011324366394438456,0.11278321402551301
15,0.22282360939405527,0.2196529141801249,0.7685227436376182,0.29887626494719843,0.29552020666133955,0.7682019476806334,-0.07605265555314317,-0.07586729248121465,0.00032079595698475405,0.10742418440538064
16,0.24584651318522532,0.2419115995999404,0.7668370454308153,0.31863641322849195,0.31456656061611776,0.765781471650788,-0.07278990004326663,-0.07265496101617736,0.0010555737800272968,0.10285050872298145
17,0.2682971288210754,0.2635438931805841,0.7655557060029106,0.33836469813399206,0.33348709214081446,0.7631909421364422,-0.07006756931291663,-0.06994319896023038,0.0023647638664683335,0.09903084094540904
18,0.29016556391763015,0.28456125694205003,0.7647323620868972,0.35805914685164836,0.35227423327509,0.760427651547437,-0.0678935829340182,-0.06771297633303996,0.004304710539460244,0.09598497955579184
19,0.3114178492242714,0.3049528162940682,0.7644356385547435,0.37771778995300115,0.3709204694129827,0.7574886966029721,-0.06629994072872974,-0.0659676531189145,0.006946941951771368,0.09378525151180109
20,0.3319977232498076,0.3246874721772273,0.7647581910958281,0.39733866159012243,0.38941834230865047,0.7543709725508718,-0.06534093834031485,-0.06473087013142315,0.010387218544956278,0.09256034831538114
21,0.35182760684396636,0.3437152213978061,0.7658306946118029,0.4169197996921991,0.40776045305957015,0.7510711670052485,-0.06509219284823275,-0.06404523166176407,0.014759527606554412,0.09250204821283252
22,0.37080888175187454,0.36196783044271286,0.7678439285896904,0.43645924616173865,0.4259394650659996,0.7475857533974175,-0.0656503644098641,-0.06397163462328675,0.02025817519227291,0.093876163351748
23,0.38842623428873463,0.37897727363280226,0.7710827931572082,0.4559550470703768,0.44394810696551984,0.7439109840358401,-0.06752881278164219,-0.06497083333271758,0.027171809121368073,0.09756872936845036
24,0.404119777425607,0.39422781054488737,0.7759713598491957,0.47540525285426916,0.46177917554148284,0.7400428827720981,-0.07128547542866215,-0.06755136499659548,0.035928477077097676,0.10457371268666515
25,0.4174726872915495,0.4073313136156268,0.783178056379854,0.4948079185090459,0.479425538604203,0.7359772372714972,-0.07733523121749636,-0.0720942249885762,0.04720081910835683,0.11578528658109756
26,0.4280276542827905,0.41783951803537644,0.7938085078891225,0.5141611037843102,0.49688013784373675,0.7317095908888981,-0.08613344950151974,-0.0790406198083603,0.06209891700022441,0.13237320799663868
27,0.4354887999864792,0.4254272328242704,0.8112888375605615,0.5334628733776623,0.5141359916531132,0.7272352341528829,-0.09797407339118308,-0.08870875882884277,0.08405360340767853,0.156630684080834
28,0.44002835728487866,0.4302081576217865,0.8416733045792089,0.5527112971282275,0.5311861979208834,0.7225491958644261,-0.11268293984334887,-0.1009780402990969,0.11912410871478274,0.1925735257803554
29,0.44097437826752367,0.43126712909724646,0.8948356764598904,0.5719044502096711,0.5480239367918736,0.7176462338199793,-0.1309300719421474,-0.1167568076946271,0.1771894426399111,0.24934100036868861
30,0.45852875068463783,0.4531553118884248,0.887938373386887,0.5910404133226791,0.5646424733950353,0.712520825173375,-0.13251166263804126,-0.11148716150661048,0.17541754821351196,0.24649552559253263
31,0.4761338550306312,0.4747991791398098,0.8808305291877297,0.610117272886887,0.5810351605373051,0.7071671564563529,-0.13398341785625578,-0.1062359813974953,0.17366337273137689,0.24371419128226848
32,0.4937870414505842,0.49618975715843294,0.8735058522879788,0.6291331212322355,0.597195441362392,0.7015791132839158,-0.1353460797816513,-0.10100568420395906,0.17192673900406308,0.2409969152050338
33,0.5114856214378496,0.517318173927151,0.865957741392356,0.6480860567897367,0.6131168519734339,0.6957502697783335,-0.13660043535188715,-0.09579867804628295,0.1702074716140225,0.23834355256012013
34,0.5292268680012143,0.5381756625354737,0.8581792746524364,0.6669741842816288,0.6287930240184685,0.6896738777545541,-0.13774731628041448,-0.09061736148299482,0.16850539689788224,0.23575389313500025
35,0.5470080158021869,0.5587535645750699,0.8501631986491953,0.6857956149109028,0.6442176872376911,0.6833428557202919,-0.13878759910871585,-0.08546412266262127,0.16682034292890346,0.23322765861657607
36,0.5648262612583387,0.5790433335026502,0.8419019172559555,0.7045484665501799,0.6593846719714731,0.6767497777563413,-0.1397222052918412,-0.08034133846882285,0.16515213949961427,0.2307645000858612
37,0.5826787626085458,0.5990365379734238,0.8333874804615828,0.723230863929924,0.6742879116281452,0.6698868623569647,-0.1405521013213782,-0.07525137365472134,0.16350061810461813,0.22836399572474123
38,0.6005626399359073,0.6187248651488821,0.8246115732503674,0.7418409388259654,0.6889214451105513,0.6627459613267954,-0.14127829889005805,-0.07019657996166917,0.16186561192357196,0.226025648763533
39,0.6184749751440602,0.6381001239832823,0.8155655046542171,0.7603768302463229,0.7032794192004101,0.6553185488498808,-0.1419018551022626,-0.06517929521712784,0.16024695580433623,0.22374888569783297
40,0.6364128118825833,0.6571542484938834,0.8062401971148915,0.778836684617301,0.7173560908995228,0.6475957108685986,-0.1424238727347178,-0.060201842405639416,0.1586444862462929,0.22153305480252547
41,0.6543731554171819,0.6758793010207467,0.7966261763193867,0.7972186559688459,0.731145829726896,0.6395681349355568,-0.142845500551664,-0.05526652870614934,0.15705804138382995,0.2193774249698631
42,0.672352972440391,0.6942674754827468,0.7867135617006092,0.8155209061191403,0.7446431199708592,0.6312261007306176,-0.14316793367874925,-0.05037564448811238,0.15548746096999166,0.21728118489719744
43,0.6903491908186269,0.7123111006373541,0.7764920578285516,0.8337416048584215,0.757842562895277,0.6225594714682599,-0.14339241403979464,-0.04553146225792282,0.15393258636029172,0.21524344264825632
44,0.7083586992715811,0.7300026433527599,0.7659509469547122,0.8518789301319992,0.7707388788989693,0.6135576864580234,-0.1435202308604181,-0.04073623554620942,0.15239326049668878,0.2132632256098449
45,0.726378346980195,0.7473347119020097,0.7550790830148938,0.8699310682224605,0.7833269096274834,0.6042097551231719,-0.14355272124226548,-0.035992197725473685,0.15086932789172192,0.2113394808635364
46,0.7444049431197957,0.7643000592900105,0.743864887443155,0.8878962139310396,0.795601620036366,0.5945042528303504,-0.1434912708112439,-0.03130156074635548,0.1493606346128047,0.20947107598931952
47,0.7624352563154447,0.780891586625565,0.7322963472029592,0.9057725707581367,0.8075581004051143,0.5844293189362826,-0.14333731444269193,-0.026666513779549317,0.14786702826667664,0.20765680031536693
48,0.7804660140171644,0.7971023465519791,0.7203610155007241,0.9235583510829657,0.8191915683009982,0.5739726575167142,-0.14309233706580127,-0.02208922174901906,0.14638835798400984,0.2058953666251012
49,0.7984939017935011,0.8129255467512717,0.7080460157122631,0.941251776342316,0.8304973704919704,0.5631215413080933,-0.14275787454881494,-0.017571823740698655,0.14492447440416978,0.20418541332963583
50,0.8165155625428878,0.8283545535385836,0.6953380491240317,0.958851077208406,0.8414709848078965,0.5518628194639037,-0.1423355146655182,-0.013116431269312945,0.14347522966012805,0.20252550711050457
51,0.8345275956235219,0.8433828955650243,0.6822234071685278,0.976354493765815,0.852108021949363,0.540182929805001,-0.1418268981422931,-0.008725126384338644,0.14204047736352676,0.2009141460344334
52,0.8525265559040114,0.8580042676488915,0.6686879889161903,0.9937602756874735,0.8624042272433384,0.5280679163262988,-0.1412337197834621,-0.004399959594446945,0.1406200725898915,0.19934976313879235
53,0.8705089527389269,0.8722125347569166,0.6547173246738882,1.0110666824096939,0.8723554823449863,0.5155034528098956,-0.14055772967076696,-0.0001429475880696529,0.1392138718639926,0.1978307304833541
54,0.8884712488756531,0.8860017361588987,0.6402966066313193,1.0282719833062262,0.8819578068849474,0.5024748734859666,-0.13980073443057306,0.004043929273951252,0.13782173314535262,0.19635536366111603
55,0.9064098593016421,0.8993660897807314,0.6254107275894545,1.0453744578613184,0.8912073600614354,0.4889672117755554,-0.13896459855967636,0.008158729719295987,0.13644351581389907,0.19492192675823378
56,0.9243211500443638,0.9122999967823443,0.6100443288969107,1.0623723958417668,0.900100442176505,0.4749652482411506,-0.13805124579740302,0.012199554605839324,0.13507908065576013,0.19352863775059545
57,0.9422014369399957,0.9247980463883777,0.5941818588072855,1.0792640974679386,0.9086334961158833,0.4604535689580829,-0.13706266052794291,0.016164550272494416,0.13372828984920254,0.1921736743222194
58,0.9600469843912403,0.9368550210003996,0.5778076425483708,1.0960478735837471,0.916803108771767,0.44541663559766037,-0.13600088919250686,0.020051912228632673,0.13239100695071043,0.19085518008846492
59,0.9778540041396525,0.9484659016200088,0.5609059654568479,1.1127220458255676,0.9246060124080204,0.4298388685756445,-0.13486804168591504,0.02385988921198834,0.13106709688120338,0.18957127120497144
60,0.9956186540835349,0.9596258736121119,0.5434611705721994,1.1292849467900707,0.9320390859672264,0.4137047446598081,-0.13366629270653585,0.027586787644885535,0.12975642591239134,0.18832004334119942
61,1.013337037178832,0.9703303328368253,0.5254577720921435,1.1457349202009626,0.9390993563190677,0.3969989104388761,-0.13239788302213062,0.031230976517757636,0.12845886165326742,0.18709957899537832
62,1.0310052004675192,0.9805748921766191,0.5068805860582248,1.1620703210746102,0.945783999449539,0.37970631302149005,-0.13106512060709097,0.034790892727080136,0.1271742730367348,0.18590795512543423
63,1.0486191342856959,0.9903553884822663,0.4877148795518984,1.178289515884539,0.9520903415905158,0.36181234924553096,-0.12967038159884314,0.03826504689175059,0.12590253030636744,0.18474325106797065
64,1.0661747717118568,0.999667889956602,0.4679465395244779,1.1943908827247842,0.958015860289225,0.3433030345211741,-0.1282161110129274,0.04165202966737702,0.12464350500330379,0.1836035567144602
65,1.0836679883245017,1.0085087039887595,0.4475622621434406,1.210372811472079,0.963558185417193,0.3241651921901698,-0.12670482314757736,0.04495051857156651,0.12339706995327077,0.1824869809103214
66,1.1010946023471069,1.0168743854431377,0.42654976319670734,1.2262337039468676,0.9687151001182652,0.30438666394296926,-0.12513910159976072,0.04815928532487246,0.12216309925373808,0.18139166003837212
67,1.1184503752672357,1.0247617453965674,0.40489800963978273,1.2419719740731194,0.9734845416953194,0.283956541378582,-0.12352159880588376,0.051277203701248,0.12094146826120072,0.18031576674311098
68,1.1357310130247944,1.032167860303722,0.382597471783469,1.2575860480369372,0.9778646024353163,0.26286541820488024,-0.12185503501214279,0.05430325786840584,0.11973205357858874,0.17925751874629742
69,1.1529321678716244,1.0390900815545456,0.35964039489082794,1.273074364443936,0.9818535303723597,0.24110566184802507,-0.12014219657231151,0.05723655118218596,0.11853473304280288,0.17821518769728767
70,1.1700494410101392,1.0455260453682207,0.33602108807481657,1.2884353744753823,0.9854497299884603,0.2186717023624417,-0.11838593346524307,0.06007631537976044,0.11734938571237485,0.1771871079935477
71,1.1991287976730924,1.055682486257035,0.2971952098660502,1.3036675420430732,0.9886517628517197,0.19556033550876473,-0.10453874436998079,0.06703072340531535,0.10163487435728547,0.1604715384119978
72,1.2264636354546028,1.0640542102541637,0.2596568874826761,1.3187693439429462,0.9914583481916864,0.1717710357084244,-0.09230570848834341,0.07259586206247726,0.08788585177425173,0.14667796681920228
73,1.252262469119863,1.070907778295779,0.22316722268610054,1.3337392700073958,0.9938683634116449,0.14730627331565815,-0.08147680088753284,0.07703941488413413,0.07586094937044238,0.1353825105689108
74,1.276713528789548,1.076456882504564,0.18751937708477795,1.34857582325629,0.99588084453764,0.12217182931261213,-0.0718622944667422,0.08057603796692392,0.06534754777216582,0.12620217613142581
75,1.2999845054731853,1.080872519738084,0.15253566808371627,1.3632775200466682,0.9974949866040543,0.0963770991912814,-0.06329301457348291,0.08337753313402962,0.05615856889243487,0.11879227073072424
76,1.322223258535057,1.0842912789182617,0.11806494254059235,1.3778428902211026,0.998710143975583,0.06993537651704462,-0.055619631686045556,0.08558113494267872,0.04812956602354773,0.11284559899519071
77,1.3435590683690637,1.0868220601546852,0.083980207093694,1.3922704772547134,0.9995258306054791,0.0428641055705861,-0.04871140888564973,0.08729622954920613,0.0411161015231079,0.10809239961066255
78,1.3641041601571673,1.088551508877416,0.05017648792560091,1.4065588384008205,0.9999417202299663,0.015185091651111312,-0.04245467824365323,0.08860978864744973,0.03499139627448959,0.10430001036508194
79,1.3839553233164177,1.0895484072901545,0.016568889160935026,1.4207065448352156,0.99995764649874,-0.013075342784616575,-0.03675122151879795,0.08959076079141448,0.029644231945551602,0.10127160110292456
80,1.403195518615644,1.0898672251288533,-0.016909182304644062,1.4347121817990456,0.9995736030415051,-0.041886267855577024,-0.03151666318340163,0.09029362208734815,0.024977085550932962,0.09884378104103188
81,1.4218954102263779,1.08955099511308,-0.05030765735656745,1.4485743487402851,0.998789743470524,-0.07121213282096248,-0.026678938513907235,0.090761251642556,0.020904475464395028,0.09688326818596547
82,1.44011478985883,1.0886336467811568,-0.0836613405191377,1.4622916594537918,0.9976063813191736,-0.10101283897581732,-0.02217686959496179,0.09102726546198325,0.017351498456679618,0.09528300531160037
83,1.4579038793832924,1.0871419057386684,-0.11699136790391682,1.4758627422199255,0.9960239899165367,-0.13124390617594112,-0.01795886283663317,0.09111791582213169,0.014252538272024301,0.09395812995877259
84,1.4753045102961628,1.0850968433584003,-0.15030660987102734,1.4892862399417186,0.994043202198076,-0.16185673736972372,-0.013981729645555774,0.09105364116032433,0.011550127498696383,0.09284212286279685
85,1.4923511853922617,1.0825151440867806,-0.18360503607762121,1.5025608102805854,0.9916648104524687,-0.19279898196781758,-0.010209624888323665,0.09085033363431194,0.00919394589019637,0.09188334018122071
86,1.5090720316745088,1.0794101431381105,-0.2168750551184113,1.515685125790554,0.9888897660047016,-0.22401499487154508,-0.0066130941160451595,0.09052037713340888,0.007139939753133789,0.09104202562465658
87,1.525489654998232,1.075792675931126,-0.2500968352689731,1.5286578740510102,0.9857191788355535,-0.25544638373627454,-0.0031682190527781984,0.09007349709557255,0.005349548467301457,0.0902878184463248
88,1.5416219070011163,1.0716717716462143,-0.28324360724635234,1.5414777577979386,0.9821543171376185,-0.28703263284555847,0.00014414920317773472,0.08951745450859583,0.0037890255992061306,0.08959772405414515
89,1.5574825740691947,1.067055216328959,-0.3162829447353543,1.5541434950536477,0.9781966068080447,-0.3187117881210078,0.003339079015546975,0.0888586095209144,0.002428843385653523,0.0889544895710972
90,1.573081996831749,1.061950005671738,-0.3491780140085652,1.5666538192549668,0.9738476308781951,-0.3504211845928371,0.006428177576782268,0.08810237479354277,0.0012431705842719243,0.08834531897232657
91,1.5884276272471407,1.0563627036559562,-0.38188878056367853,1.579007479379901,0.9691091288804564,-0.38209819537047346,0.00942014786723977,0.08725357477549978,0.00020941480679492752,0.08776086457815749
92,1.603524528937149,1.050299720359909,-0.41437315850895495,1.591203240072732,0.9639829961524481,-0.41368097997668896,0.012321288864416857,0.08631672420746084,-0.0006921785322659968,0.08719443874644638
93,1.6183758251839278,1.0437675201908716,-0.4465880875462267,1.6032398817675544,0.9584712830789142,-0.44510920994479974,0.015135943416373365,0.08529623711195744,-0.0014788776014269533,0.08664139846241475
94,1.6329830980027034,1.0367727703732093,-0.47849052282261784,1.6151162008102287,0.9525761942715953,-0.4763247508234524,0.017866897192474696,0.0841965761016139,-0.0021657719991654556,0.0860986643965729
95,1.6473467409822404,1.029322438532821,-0.5100383245324182,1.6268310095787475,0.9463000876874145,-0.5072722820789922,0.020515731403492943,0.08302235084540655,-0.002766042453425932,0.08556434400947743
96,1.6614662681449832,1.0214238475059092,-0.5411910367426038,1.6383831366019965,0.9396454736853249,-0.5378998396315425,0.02308313154298669,0.08177837382058428,-0.0032911971110612948,0.08503743508005113
97,1.6753405808922908,1.0130846949401158,-0.571910548215425,1.6497714266769001,0.9326150140222006,-0.5681592696408527,0.025569154215390633,0.08046968091791518,-0.0037512785745722477,0.08451759157279362
98,1.68896819511994,1.0043130447521271,-0.6021616317000562,1.660994740983941,0.9252115207881683,-0.5980065863693985,0.027973454135999054,0.07910152396395886,-0.004155045330657692,0.08400493813710848
99,1.7023474307561897,0.9951172969915514,-0.6319123619511928,1.672051957201041,0.9174379552818098,-0.6274022311885141,0.03029547355514861,0.07767934170974156,-0.004510130762678699,0.0834999229094612
100,1.7154765662268894,0.9855061420978207,-0.6611344163229145,1.682941969615793,0.9092974268256818,-0.6563112337819401,0.03253459661109637,0.0762087152721389,-0.004823182540974358,0.08300320084129444
101,1.7283539606307665,0.9754885049108342,-0.689803264950214,1.6936636892360304,0.9007931915226274,-0.6847032801150899,0.03469027139473613,0.07469531338820679,-0.005099984835124194,0.08251554166895694
102,1.7409781466634324,0.9650734831119048,-0.7178982601039388,1.704216043898726,0.8919286509533796,-0.7125526946185239,0.036762102764706484,0.07314483215852519,-0.0053455654854148715,0.08203775802361081
103,1.7533478975234458,0.9542702840475272,-0.7454026361945505,1.7145979783772067,0.8827073508159741,-0.7398383461925445,0.03874991914623904,0.07156293323155316,-0.005564290002005978,0.08157065017376178
104,1.765462271144165,0.943088163150316,-0.7723034330808398,1.7248084544866769,0.8731329795075166,-0.7665434890556865,0.04065381665748813,0.0699551836427994,-0.005759944025153341,0.08111496460266347
105,1.7773206351104756,0.931536366447401,-0.7985913558440151,1.734846451188034,0.8632093666488738,-0.7926555501696838,0.04247418392244162,0.06832699979852719,-0.005935805674331274,0.08067136412847346
106,1.78892267554054,0.9196240789631344,-0.824260584091517,1.7447109646899726,0.8529404815528762,-0.8181658750569212,0.04421171085056752,0.0666835974102582,-0.006094709034595858,0.08024040763931829
107,1.8002683930490215,0.9073603802020968,-0.8493085432627414,1.7544010085493633,0.8423304316366457,-0.8430694433909002,0.045867384499658215,0.06502994856545108,-0.006239099871841236,0.0798225377852365
108,1.8113580886751992,0.8947542073559062,-0.8737356494383413,1.763915613769895,0.8313834607786832,-0.8673645649064725,0.04744247490530418,0.06337074657722297,-0.006371084531868743,0.07941807517818127
109,1.822192342375551,0.8818143264223006,-0.8975450379245954,1.7732538288989745,0.8201039476213741,-0.8910525650657036,0.04893851347657652,0.06171037880092656,-0.006492472858891762,0.07902721782319275
110,1.8327719863649539,0.8685493110602052,-0.9207422845045267,1.7824147201228708,0.8084964038195901,-0.914137468639516,0.05035726624208303,0.06005290724061507,-0.006604815865010716,0.07865004465374861
111,1.8430980752616946,0.8549675287273993,-0.9433351268132049,1.7913973713600952,0.7965654722360865,-0.9366256880218409,0.05170070390159931,0.058402056491312804,-0.006709438791363986,0.07828652218121838
112,1.8531718546646845,0.8410771334512771,-0.965333191882849,1.8002008843530102,0.7843159250844199,-0.9585257217604746,0.052970970311674304,0.05676120836685716,-0.006807470122374482,0.07793651339707902
113,1.862994729479179,0.8268860644585263,-0.986747734571761,1.808824378757652,0.7717526620201257,-0.9798478675264842,0.054170350721527205,0.05513340243840059,-0.006899867045276786,0.07759978818895318
114,1.8725682330191908,0.8124020498253122,-1.0075913903793596,1.8172669922317666,0.7588807081809217,-1.0006039525927415,0.055301240787424266,0.053521341644390485,-0.006987437786618145,0.0772760346476584
115,1.8818939976567377,0.7976326142941996,-1.0278779450812232,1.8255278805210422,0.7457052121767199,-1.0208070838766747,0.056366117135695504,0.051927402117479704,-0.007070861204548473,0.07696487075152773
116,1.8909737275633154,0.7825850904264111,-1.0476221227034466,1.8336062175435337,0.7322314440302513,-1.0404714187339885,0.05736751001978169,0.0503536463961598,-0.00715070396945805,0.07666585601503495
117,1.8998091738984755,0.7672666323078327,-1.0668393925947777,1.8415011954722713,0.7184647930691263,-1.0596119569697484,0.058307978426204166,0.0488018392387064,-0.007227435625029255,0.07637850278020103
118,1.908402112643215,0.7516842310954717,-1.0855457957405503,1.8492120248160406,0.7044107657701763,-1.078244353954232,0.059190087827174276,0.047273465325295416,-0.007301441786318419,0.07610228691050952
119,1.9167543251498813,0.7358447317702985,-1.1037577899819753,1.8567379344983332,0.6900749835569364,-1.0963847542815959,0.06001639065154807,0.045769748213362105,-0.007373035700379393,0.0758366577177084
120,1.9248675813824552,0.7197548505465076,-1.1214921134427083,1.8640781719344526,0.675463180551151,-1.1140496450750117,0.060789409448002596,0.04429166999535661,-0.007442468367696575,0.07558104701192385
121,1.9327436257479296,0.7034211924715462,-1.1387656652053397,1.871232003106772,0.6605812012792008,-1.1312557278065778,0.061511622641157615,0.042839991192345384,-0.0075099373987619344,0.07533487721528274
122,1.9403841653674603,0.6868502688323439,-1.155595402107105,1.8781987126381352,0.6454349983343708,-1.1480198073479873,0.062185452729325075,0.04141527049797311,-0.007575594759117843,0.07509756851939868
123,1.947790860601474,0.670048514058691,-1.1719982504211257,1.884977603863395,0.6300306299958922,-1.16435869688339,0.06281325673807903,0.040017884062798825,-0.007639553537735599,0.07486854509848156
124,1.9549653176226933,0.6530223018831918,-1.1879910311425876,1.891567998899078,0.6143742578057116,-1.1802891372852227,0.06339731872361543,0.038648044077480126,-0.007701893857364972,0.0746472404134851
125,1.9619090828220629,0.6357779605778806,-1.2035903975959246,1.8979692387111724,0.5984721441039565,-1.1958277295646969,0.06393984411089049,0.03730581647392406,-0.007762668031227715,0.0744331016596388
126,1.9686236388322436,0.6183217871402289,-1.2188127841084033,1.9041806831810315,0.5823306495240819,-1.2109908790505335,0.06444295565121205,0.03599113761614703,-0.007821905057869838,0.07422559342102188
127,1.975110401959412,0.6006600603460249,-1.2336743645484716,1.9102017111693845,0.5659562304487028,-1.2257947500135267,0.06490869079002737,0.034703829897322125,-0.007879614534944901,0.07402420060248519
128,1.9813707208247193,0.5827990526239337,-1.2481910195963177,1.9160317205784498,0.5493554364271267,-1.2402552295333436,0.06533900024626949,0.033443616196807024,-0.00793579006297418,0.07382843071219201
129,1.9874058760303839,0.5647450407370328,-1.262378311693318,1.9216701284121454,0.532534907555621,-1.2543878994917435,0.06573574761823853,0.03221013318141175,-0.007990412201574593,0.07363781556811763
130,1.9932170806808065,0.5465043152809713,-1.2762514667016673,1.927116370834386,0.5155013718214642,-1.2682080156685605,0.06610070984642058,0.03100294345950716,-0.008043451033106885,0.07345191249978497
131,1.99880548160537,0.5280831890273694,-1.2898253613919182,1.932369903225468,0.4982616424118385,-1.2817304930098559,0.066435578379902,0.02982154661553088,-0.008094868382062304,0.07327030511289886
132,2.0041721611459824,0.5094880041553733,-1.3031145159616588,1.9374302002365305,0.4808226149886482,-1.2949698962289915,0.06674196090945195,0.02866538916672512,-0.008144619732667335,0.07309260367990983
133,2.009318139388441,0.490725138424638,-1.316133090871211,1.9422967558420892,0.4631912649303451,-1.3079404349891695,0.06702138354635201,0.02753387349429287,-0.008192655882041544,0.07291844521428373
134,2.014244376731954,0.4718010103500501,-1.3288948873606943,1.9469690833906388,0.44537464454187115,-1.3206559629989763,0.06727529334131499,0.026426365808178975,-0.008238924361718025,0.072747493280702
135,2.0189517767054186,0.45272208344283954,-1.341413351086231,1.9514467156533182,0.4273798802338298,-1.333129980429876,0.06750506105210041,0.02534220320900976,-0.008283370656354982,0.07257943758782588
136,2.0234411889521784,0.4334948695848631,-1.3537015783809407,1.9557292048706325,0.40921416967201735,-1.3453756391359823,0.06771198408154588,0.02428069991284576,-0.008325939244958391,0.07241399340478281
137,2.027713412316883,0.4141259316032491,-1.3657723247085662,1.9598161227972284,0.3908847788984522,-1.3574057502217107,0.06789728951965479,0.02324115270479693,-0.008366574486855516,0.07225090083734331
138,2.031769197978769,0.3946218851116473,-1.377638014934005,1.9637070607447196,0.3723990394250553,-1.3692327935620554,0.06806213723404952,0.022222845686591997,-0.008405221371949656,0.072089923994884
139,2.0356092525851506,0.37498939968237216,-1.3893107550859238,1.9674016296225532,0.3537643453011427,-1.380868928933525,0.06820762296259741,0.021225054381229458,-0.008441826152398857,0.07193085007478585
140,2.0392342413472626,0.3552351994110322,-1.4008023453322314,1.9708994599769205,0.3349881501559047,-1.3923260084614568,0.0683347813703421,0.02024704925512749,-0.008476336870774537,0.07177348838686096
141,2.0426447910678553,0.33536606293203397,-1.4121242939297998,1.9742002020277007,0.3160779642170538,-1.4036155901318894,0.0684445890401546,0.019288098714980162,-0.008508703797910355,0.07161766933679875
142,2.045841493076221,0.315388822939818,-1.4232878319458497,1.9773035257034395,0.29704135130683235,-1.4147489521538088,0.0685379673727815,0.018347471632985668,-0.008538879792040932,0.07146324338440427
143,2.048824906051718,0.29531036526697635,-1.4343039285801855,1.9802091206743555,0.2778859258165868,-1.4257371079907708,0.06861578537736235,0.017424439450389573,-0.008566820589414714,0.07131007998960431
144,2.051595558721416,0.2751376275666323,-1.4451833069454156,1.9829166963833729,0.2586193496611108,-1.4365908219100985,0.06867886233804321,0.016518277905521517,-0.008592485035317177,0.0711580665567445
145,2.054153952421342,0.2548775976427218,-1.4559364601867353,1.985425982075177,0.23924932921398243,-1.4473206249233783,0.06872797034616518,0.01562826842873935,-0.008615835263356963,0.07100710738559483
146,2.056500563513999,0.23453731146817142,-1.4665736678441825,1.9877367268232897,0.21978361222511697,-1.457936831014273,0.06876383669070907,0.014753699243054447,-0.008636836829909456,0.07085712263567787
147,2.058635845657481,0.214123850927469,-1.4771050123788125,1.9898486995551619,0.20022998472177053,-1.4684495535690345,0.06878714610231929,0.013893866205698463,-0.008655458809778027,0.07070804730899753
148,2.0605602319236627,0.19364434131680386,-1.4875403958002655,1.99176168907528,0.18059626789423294,-1.4788687219418666,0.0687985428483826,0.013048073422570916,-0.008671673858398954,0.0705598302549544
149,2.0622741367646498,0.1731059486318395,-1.497889556347042,1.9934755040862868,0.1608903149674558,-1.4892040981017618,0.06879863267836295,0.012215633664383718,-0.00868545824528022,0.07041243320014755
150,2.06377795782806,0.15251587667028127,-1.508162085182648,1.994989973208109,0.1411200080598672,-1.499465293319851,0.06878798461995106,0.011395868610414056,-0.008696791862797149,0.07026582980485792
151,2.0650720776227303,0.13188136397372813,-1.5183674430809109,1.9963049449950963,0.12129325503062975,-1.5096617848669232,0.06876713262763401,0.010588108943098376,-0.008705658213987721,0.07012000474726379
152,2.0661568650372324,0.11120968063084509,-1.5285149770823334,1.997420287951166,0.10141798631660187,-1.5198029326997817,0.0687365770860664,0.009791694314243218,-0.008712044382551687,0.06997495283582462
153,2.0670326767141236,0.09050812496166274,-1.5386139371105851,1.998335890542952,0.08150215176026913,-1.5298979961226906,0.06869678617117159,0.00900597320139361,-0.008715940987894522,0.06983067814976704
154,2.067699858283217,0.0697840201007938,-1.5486734925442123,1.9990516612109581,0.06155371742991314,-1.5399561504164885,0.068648197072259,0.008230302670880665,-0.008717342127723793,0.06968719320720129
155,2.0681587454573527,0.049044710495546956,-1.5587027487435596,1.999567528378714,0.04158066243329049,-1.5499865034331373,0.06859121707863869,0.007464048062256465,-0.008716245310422366,0.0695445181600683
156,2.0684096649942036,0.02829755833330471,-1.5687107635368207,1.9998834404599326,0.02159097572609596,-1.5599981121576436,0.06852622453427104,0.006706582607208751,-0.008712651379177094,0.06940268001485045
157,2.068452935527614,0.007549939911106033,-1.5787065636721518,1.9999993658636692,0.0015926529164868282,-1.56999999924253,0.06845356966394456,0.005957286994619205,-0.00870656442962181,0.06926171187777505
158,2.068288868271803,-0.01319075804087504,-1.5886991612449792,1.9999152929974802,-0.018406306933053812,-1.580001169522415,0.06837357527432264,0.005215548892178772,-0.008697991722564247,0.06912165222306225
159,2.067917767601567,-0.03391714207134608,-1.598697570111045,1.9996312302685817,-0.03839790450523538,-1.5900106265178413,0.06828653733298551,0.004480762433889299,-0.008686943593203766,0.06898254418263856
160,2.067339931511321,-0.05462181574572417,-1.6087108222964002,1.9991472060830102,-0.058374143427580086,-1.600037388938299,0.06819272542831079,0.0037523276818559187,-0.008673433358101112,0.06884443485562525
161,2.0665556519554844,-0.07529738340086665,-1.618747984415487,1.998463268842781,-0.0783270334708653,-1.610090507194452,0.06809238311270338,0.0030296500699986406,-0.008657477221035048,0.06870737463581734
162,2.065565215072371,-0.09593645390842998,-1.6288181741076584,1.997579486941048,-0.09824859374510869,-1.6201790799288849,0.06798572813132298,0.002312139836678717,-0.00863909417877351,0.06857141655529828
163,2.0643689012933186,-0.1165316444390805,-1.638930576500922,1.996495948755265,-0.11813085589181781,-1.6303122705732334,0.0678729525380537,0.0015992114527373091,-0.008618305927688752,0.06843661564226194
164,2.062966985338392,-0.1370755842201497,-1.6490944607093765,1.9952127626383473,-0.13796586727122728,-1.6404993239373136,0.06775422270004472,0.0008902830510775783,-0.008595136772062917,0.06830302829105572
165,2.0613597360995555,-0.15756091827956883,-1.659319196367618,1.9937300569078378,-0.15774569414324865,-1.6507495828327603,0.0676296791917177,0.00018477586367982024,-0.008569613534857634,0.06817071164240011
166,2.059547416411773,-0.17798031116903693,-1.6696142702013328,1.9920479798330735,-0.17746242484086058,-1.6610725047296746,0.06749943657869939,-0.0005178863281763424,-0.008541765471658191,0.0680397229716846
167,2.057530282712056,-0.19832645065937404,-1.6799893026281967,1.9901666996203604,-0.19710817293466984,-1.671477678439753,0.06736358309169543,-0.0012182777247042031,-0.008511624188443756,0.06791011908317911
168,2.05530858458605,-0.21859205140088633,-1.6904540643770345,1.988086404396152,-0.21667508038737962,-1.6819748408132476,0.067222180189898,-0.001916971013506713,-0.008479223563786942,0.06778195570794945
169,2.0528825642013278,-0.23876985854132193,-1.7010184931057621,1.985807302188237,-0.236155320696897,-1.692573893429715,0.06707526201309078,-0.0026145378444249467,-0.00844459967604716,0.06765528690319333
170,2.050252455626172,-0.2588526512936219,-1.7116927099898245,1.9833296209049371,-0.2555411020268312,-1.7032849192537511,0.06692283472123473,-0.00331154926679067,-0.00840779073607334,0.0675301644506637
171,2.0474184840322605,-0.27883324644516605,-1.722487036242471,1.980653608312316,-0.27482467032312397,-1.714118199216562,0.06676487571994438,-0.004008576122042085,-0.00836883702590896,0.06740663725177254
172,2.044380864779355,-0.2987045017995729,-1.7334120095160468,1.977779532009403,-0.2939983124155676,-1.725084228672093,0.06660133276995217,-0.004706189384005299,-0.008327780843953692,0.06728475071691171
173,2.041139802379827,-0.3184593195413286,-1.7444784001193405,1.9747076794014329,-0.3130543591029702,-1.7361937336623283,0.06643212297839396,-0.005404960438358419,-0.008284666457012202,0.06716454614646497
174,2.03769548934066,-0.33809064951258444,-1.7556972269696078,1.971438357671107,-0.33198518822073414,-1.7474576869099745,0.06625713166955283,-0.0061054612918503,-0.008239540059633343,0.06704606010092648
175,2.0340481048804757,-0.3575914923903683,-1.7670797731789387,1.9679718937478738,-0.35078322768961984,-1.7588873234378162,0.06607621113260187,-0.006808264700748468,-0.008192449741122543,0.0669293237575015
176,2.030197813519124,-0.37695490275118737,-1.7786376011528184,1.964308634275237,-0.36944095854447706,-1.7704941556922353,0.06588917924388693,-0.00751394420671031,-0.008143445460583099,0.06681436225052295
177,2.0261447635375314,-0.3961739920085521,-1.790382567053705,1.960448945576091,-0.3879509179417303,-1.7822899880233805,0.06569581796144042,-0.008223074066821767,-0.008092579030324565,0.06670119399301037
178,2.0218890853058236,-0.4152419312073094,-1.8023268344538572,1.9563932136160893,-0.40630570214441675,-1.7942869303459041,0.06549587168973425,-0.008936229062892653,-0.008039904107953078,0.06658982997671417
179,2.017430889478242,-0.43415195365682774,-1.8144828869690908,1.9521418439650484,-0.4244979694835826,-1.8064974107716563,0.06528904551319337,-0.009653984173245145,-0.007985476197434505,0.06648027304803204
180,2.01277026505416,-0.45289735738301595,-1.8268635396282147,1.9476952617563903,-0.44252044329485246,-1.818934186968815,0.06507500329776983,-0.010376914088163491,-0.007929352659399758,0.06637251715729192
181,2.00790727730558,-0.4714715073768739,-1.8394819486912153,1.9430539116446306,-0.46036591482899825,-1.8316103559602837,0.06485336566094957,-0.011105592547875631,-0.007871592730931631,0.0662665465790539
182,2.0028419655729195,-0.4898678376147614,-1.8523516195823864,1.9382182577609126,-0.47802724613534286,-1.8445393620273418,0.06462370781200688,-0.011840591479418516,-0.007812257555044555,0.06616233510132837
183,1.997574340932799,-0.508079852822829,-1.8654864125522082,1.933188783666595,-0.4954973729168449,-1.8577350023321744,0.06438555726620399,-0.012582479905984045,-0.007751410220033783,0.06605984518195127
184,1.9921043837439236,-0.5261011299550884,-1.878900545623527,1.9279659923048962,-0.5127693073557238,-1.871211429814701,0.06413839143902744,-0.013331822599364607,-0.007689115808826141,0.06595902707081402
185,1.9864320410801855,-0.5439253193514267,-1.8926085943132618,1.9225504059505998,-0.5298361409084934,-1.884983152854841,0.06388163512958567,-0.014089178442933337,-0.007625441458420701,0.0658598178972743
186,1.9805572240638654,-0.5615461455385107,-1.9066254875503874,1.9169425661578283,-0.5466910470692872,-1.899065031120944,0.06361465790603704,-0.014855098469223504,-0.007560456429443363,0.06576214072286546
187,1.9744798051164176,-0.5789574076330346,-1.9209664991344024,1.911143033705888,-0.5633272841003701,-1.9134722669486295,0.06333677141052974,-0.015630123532664464,-0.007494232185772942,0.06566590356045003
188,1.9681996151499257,-0.5961529793032048,-1.9356472339962667,1.9051523885431907,-0.5797381977287431,-1.928220391512157,0.06304722660673501,-0.016414781574461634,-0.007426842484109741,0.06557099836224897
189,1.961716440729069,-0.6131268082408099,-1.9506836084365844,1.898971229729261,-0.5959172238077642,-1.9433252449633298,0.06274521099980812,-0.017209584433045655,-0.007358363473254581,0.06547729998078033
190,1.9550300212415013,-0.6298729150928485,-1.9660918234248028,1.892600175374829,-0.6118578909427194,-1.958802949622059,0.06242984586667233,-0.018015024150129122,-0.0072888738027439,0.0653846651087128
191,1.9481400461240796,-0.6463853917986281,-1.9818883299501104,1.886039862580021,-0.6275538230792937,-1.9746698752097716,0.06210018354405866,-0.018831568719334335,-0.0072184547403388866,0.06529293120602801
192,1.9410461522035847,-0.6626583992757638,-1.9980897853220223,1.8792909473706498,-0.6429987420539088,-1.9909425950243342,0.06175520483293484,-0.01965965722185492,-0.007147190297688066,0.06520191542577516
193,1.9337479212235649,-0.6786861643968707,-2.0147129992296824,1.8723541046326122,-0.6581864701049049,-2.007637831866406,0.061393816590952666,-0.020499694291965742,-0.007075167363276513,0.06511141355312416
194,1.9262448776439016,-0.6944629761983541,-2.031774868288064,1.865230028044401,-0.6731109323435617,-2.024772392446539,0.06101484959950065,-0.02135204385479239,-0.007002475841525246,0.0650211989764708
195,1.9185364868166694,-0.7099831812640102,-2.0492922977321433,1.8579194300077386,-0.6877661591839738,-2.0423630889355304,0.060617056808930814,-0.022217022080036397,-0.006929208796612851,0.06493102171403918
196,1.9106221536609187,-0.7252411782297454,-2.0672821088738265,1.8504230415763365,-0.7021462887308055,-2.060426646274568,0.060199112084582174,-0.023094889498939897,-0.0068554625992582885,0.06484060752483864
197,1.9025012219800204,-0.7402314113622734,-2.0857609309194998,1.8427416123827909,-0.7162455691239705,-2.078979593845187,0.05975960959722948,-0.023985842238302912,-0.00678133707431261,0.06474965713893382
198,1.894172974587971,-0.7549483631749724,-2.1047450757688915,1.8348759105636196,-0.7300583608392996,-2.0980381401223296,0.05929706402435131,-0.024890002335672734,-0.006706935646561885,0.06465784564880687
199,1.885636634435109,-0.7693865460590851,-2.124250394490511,1.8268267226824504,-0.7435791389442745,-2.1176180290088564,0.058809911752658595,-0.025807407114810554,-0.0066323654816544675,0.0645648221110173
200,1.8768913669483542,-0.7835404929291373,-2.1442921143089166,1.8185948536513634,-0.7568024953079283,-2.137734376690414,0.058296513296990815,-0.026737997621208986,-0.006557737618502646,0.0644702094152883
201,1.867936283825322,-0.7974047469088974,-2.164884655159522,1.8101811266504018,-0.7697231407640244,-2.1584014880706035,0.05775515717492019,-0.027681606144873028,-0.006483167088918496,0.06437360448632998
202,1.8587704485440608,-0.8109738501194743,-2.1860414251835625,1.8015863830452545,-0.7823359072266527,-2.179632652163961,0.05718406549880628,-0.028637942892821622,-0.006408773019601632,0.06427457889182202
203,1.8493928838688223,-0.8242423316752268,-2.2077745949651693,1.7928114823031196,-0.7946357497573974,-2.201439916254256,0.05658140156570268,-0.02960658191782939,-0.006334678710913089,0.06417267993754773
204,1.8398025816448078,-0.8372046950467811,-2.2300948508693303,1.7838573019067592,-0.8066177485832404,-2.22383383918308,0.05594527973804864,-0.030586946463540654,-0.006261011686250484,0.06406743233708827
205,1.8299985151783054,-0.8498554050139969,-2.2530111285360745,1.774724737266751,-0.8182771110644103,-2.246823224830935,0.05527377791155441,-0.03157829394958667,-0.00618790370513933,0.0639583405479412
206,1.8199796544896,-0.8621888745049356,-2.276530328430288,1.7654147016319481,-0.8296091736113709,-2.270414837697643,0.05456495285765195,-0.03257970089356477,-0.006115490732645057,0.06384489186750177
207,1.8097449847006677,-0.8741994516986825,-2.3006570163385986,1.7559281259981563,-0.8406094035501944,-2.294613103481373,0.053816858702511405,-0.033590048148488094,-0.0060439128572258305,0.06372656037987273
208,1.7992935277738782,-0.8858814078580491,-2.3253931128353997,1.746265959015033,-0.8512734009355746,-2.319419798686549,0.05302756875884529,-0.034608006922474566,-0.005973314148850939,0.0636028118367496
209,1.788624367747787,-0.8972289264491533,-2.3507375769870027,1.7364291668912253,-0.8615969003107405,-2.3448337345377843,0.05219520085656182,-0.035632026138412765,-0.005903842449218377,0.06347310954136842
210,1.7777366795181173,-0.9082360941934687,-2.376686090887961,1.7264187332977474,-0.8715757724135882,-2.3708504418018905,0.05131794622036989,-0.036660321779880545,-0.005835649086070482,0.06333692128243143
211,1.7666297610838804,-0.918896894777309,-2.403230752970689,1.7162356592696177,-0.8812060258283252,-2.3974618644663783,0.050394101814262626,-0.03769086894898377,-0.005768888504310787,0.06319372733405512
212,1.7553030690196492,-0.9292052060053583,-2.4303597893230484,1.7058809631057523,-0.8904838085819884,-2.424656071515499,0.04942210591389684,-0.038721397423369885,-0.005703717807549413,0.06304302949740875
213,1.74375625674714,-0.9391548012189807,-2.4580572933943983,1.6953556802671397,-0.8994054096851778,-2.4524169971891108,0.0484005764800004,-0.03974939153380286,-0.005640296205287498,0.06288436110979666
214,1.7319892149675302,-0.9487393557960623,-2.4863030053584336,1.6846608632732913,-0.9079672606164054,-2.4807242209956297,0.04732835169423888,-0.04077209517965685,-0.005578784362803901,0.06271729788821603
215,1.7200021133890906,-0.9579524594967069,-2.5150721429106944,1.6737975815969954,-0.9161659367494548,-2.509552799257385,0.04620453179209516,-0.04178652274725214,-0.0055193436533094165,0.0625414694086786
216,1.7077954426554685,-0.9667876353092493,-2.5443352952883638,1.6627669215573662,-0.9239981587231878,-2.5388731599736905,0.04502852109810229,-0.04278947658606147,-0.005462135314673322,0.06235657095276445
217,1.6953700551648136,-0.9752383652777193,-2.574058391699324,1.6515699862112163,-0.9314607937532426,-2.5686510721830618,0.04380006895359734,-0.0437775715244767,-0.005407319516262277,0.06216237538311664
218,1.6827272032884348,-0.9832981235534634,-2.6042027540511175,1.6402078952427481,-0.9385508568851079,-2.598847699706418,0.04251930804568671,-0.04474726666835549,-0.005355054344699628,0.06195874464518793
219,1.6698685733709289,-0.9909604166143572,-2.634725241833934,1.628681784851592,-0.9452655121880633,-2.6294197471130945,0.04118678851933688,-0.04569490442629387,-0.005305494720839743,0.06174564043960974
220,1.6567963138424924,-0.9982188302460864,-2.6655784942457026,1.6169928076391802,-0.951602073889516,-2.6603197029822847,0.03980350620331219,-0.046616756356570366,-0.0052587912634178835,0.06152313357459254
221,1.6435130558162196,-1.0050670824996355,-2.6967112712284873,1.6051421324934945,-0.957558007449271,-2.691496182110619,0.03837092332272518,-0.0475090750503645,-0.005215089117868388,0.06129141149693758
222,1.6300219246908723,-1.0114990814523612,-2.7280688911613145,1.593130944472173,-0.9631309305733167,-2.722894364390203,0.03689098021869919,-0.04836815087904456,-0.00517452677111141,0.06105078351880033
223,1.6163265415369845,-1.017508986236634,-2.7595937587403245,1.5809604446840095,-0.9683186141667071,-2.7544565238654024,0.03536609685297498,-0.049190372069926935,-0.005137234874922125,0.06080168330853983
224,1.6024310134054394,-1.023091269492038,-2.791225972342328,1.5686318501688397,-0.9731189832251738,-2.7861226372410264,0.033799163236599705,-0.04997228626686423,-0.005103335101301454,0.060544668298603437
225,1.5883399121461907,-1.0282407791753112,-2.8229039962144364,1.5561463937758424,-0.9775301176650971,-2.817831057161089,0.03219351837034834,-0.05071066151021408,-0.00507293905334727,0.060280415779127135
226,1.5740582418338378,-1.032952797552277,-2.8545653794652277,1.5435053240402514,-0.9815502530915156,-2.8495192322111245,0.030552917793586376,-0.051402544460761423,-0.005046147254103239,0.06000971558716385
227,1.5595913954313128,-1.0372230952151011,-2.8861475013267164,1.530709905058507,-0.9851777815038595,-2.881124453092601,0.02888149037280585,-0.05204531371124166,-0.005023048234115368,0.05973345945965532
228,1.5449451018432765,-1.0410479781221043,-2.917588320723677,1.5177614163618436,-0.9884112519391305,-2.912584602987957,0.027183685481432907,-0.05263672618297377,-0.005003717735719615,0.059452627282514416
229,1.5301253649766287,-1.0444243259392,-2.948827107951974,1.5046611527883416,-0.9912493710522671,-2.9438388899030694,0.025464212188287094,-0.053174954886933024,-0.004988218048904702,0.05916827062624773
230,1.5151383968005336,-1.0473496203526278,-2.9798051372509144,1.49141042435344,-0.9936910036334646,-2.974828539761162,0.02372797244709357,-0.053658616719163166,-0.004976597489752432,0.05888149409822324
231,1.499990546654382,-1.049821962492383,-3.010466321170366,1.4780105561189416,-0.9957351730622453,-3.0054974311418126,0.021979990535440308,-0.05408678943013767,-0.0049688900285533855,0.05859343515201985
232,1.4846882291721497,-1.0518400791180487,-3.040757770699923,1.4644628880605028,-0.9973810616980933,-3.0357926556293995,0.020225341111646866,-0.0544590174199554,-0.004965115070523662,0.05830524306692341
233,1.4692378531715065,-1.0534033177341675,-3.070630268890227,1.450768774933639,-0.9986280112074989,-3.0656649915020315,0.018469078237867365,-0.05477530652666862,-0.00496527738819541,0.05801805784054389
234,1.4536457537041318,-1.0545116312831064,-3.100038649858384,1.4369295861382525,-0.9994755228272839,-3.095069282657533,0.016716167565879347,-0.05503610845582252,-0.00496936720085106,0.05773298972362777
235,1.4379181291993959,-1.0551655534772932,-3.1289420793235205,1.4229467055816887,-0.9999232575641007,-3.1239647189303588,0.014971423617707202,-0.05524229591319252,-0.004977360393161767,0.057451100071147315
236,1.4220609852841368,-1.0553661661559774,3.1258810702995543,1.4088215315403523,-0.9999710363300244,3.1308702891621083,0.013239453743784546,-0.05539512982595307,-0.00498921886255399,0.05717338409370632
237,1.4060800864585221,-1.0551150602705344,3.098091903332333,1.3945554765198755,-0.9996188400141854,3.1030967943149705,0.011524609938646568,-0.05549622025634893,-0.0050048909826374555,0.056900755976763875
238,1.389980916384371,-1.0544142922133137,3.070902843618623,1.3801499671138728,-0.9988668094904141,3.0759271557872387,0.009830949270498213,-0.055547482722899666,-0.005024312168615541,0.056634036702125023
239,1.373768647127861,-1.053266337213849,3.0443364838887423,1.3656064438612794,-0.9977152455608932,3.0493838894183343,0.00816220326658157,-0.05555109165295591,-0.005047405529591931,0.056373944766889054
240,1.357448117318232,-1.0516740414459211,3.018411038635634,1.350926361102302,-0.9961646088358407,3.023485121228019,0.006521756215930097,-0.055509432610080456,-0.005074082592384954,0.056121089859226994
241,1.3410238188564898,-1.0496405743374237,2.993140545807161,1.3361111868329818,-0.9942155195492712,2.998244789888664,0.004912632023508001,-0.05542505478815252,-0.0051042440815027845,0.05587596942614652
242,1.3244998915446824,-1.0471693823725379,2.9685351126639725,1.3211624025584014,-0.9918687573109126,2.9736728934044856,0.0033374889862809454,-0.05530062506162525,-0.005137780740513076,0.05563896796201012
243,1.307880124811956,-1.0442641454428312,2.9446011943044543,1.3060815031445296,-0.9891252607943699,2.9497757684852686,0.0017986216674263922,-0.055138884648461284,-0.00517457418081424,0.05541035876198244
244,1.2911679655872936,-1.040928736559381,2.921341894114661,1.2908699966687416,-0.9859861273616705,2.9265563918596627,0.00029796891855204954,-0.054942609197710435,-0.005214497745001712,0.055190307823578824
245,1.2743665313052117,-1.0371671854977977,2.8987572764604908,1.2755294042690073,-0.9824526126243325,2.904014693833692,-0.0011628729637955804,-0.05471457287346526,-0.005257417373201179,0.05497887954198144
246,1.2574786270212366,-1.0329836467244584,2.8768446831867243,1.2600612599917844,-0.9785261299411385,2.8821478756489345,-0.002582632970547838,-0.05445751678331989,-0.005303192462210227,0.0547760438290077
247,1.2405067656485396,-1.028382371754006,2.8555990468222796,1.2444671106386092,-0.974208249852809,2.8609507235309106,-0.003960344990069586,-0.05417412190119697,-0.005351676708631015,0.05458168428877788
248,1.2234531903949701,-1.0233676859203624,2.8350131947303563,1.2287485156114235,-0.9695006994538089,2.8404159136590224,-0.005295325216453373,-0.053866986466553524,-0.0054027189286660615,0.054395607101658805
249,1.2063198985706107,-1.0179439694082297,2.8150781397226297,1.2129070467566294,-0.9644053617015306,2.820534303571183,-0.006587148186018688,-0.05353860770669916,-0.005456163848553519,0.054217550298207476
250,1.189108666040596,-1.0121156422889745,2.7957833538336114,1.1969442882079129,-0.9589242746631383,2.8012952066945758,-0.007835622167316814,-0.053191367625836206,-0.005511852860964339,0.05404719314281477
251,1.171821071708467,-1.0058871532317826,2.777117022996682,1.1808618362278254,-0.9530596307003675,2.7826866477405034,-0.009040764519358424,-0.052827522531415094,-0.0055696247438215,0.053884165389181345
252,1.1544585215254641,-0.9992629715146961,2.7590662812631916,1.1646612990481637,-0.9468137755926088,2.764695597602315,-0.010202777522699602,-0.0524491959220873,-0.005629316339123225,0.05372805621364989
253,1.1370222716262093,-0.992247581936679,2.7416174239574707,1.1483442967091446,-0.9401892075986283,2.747308187147715,-0.011322025082935339,-0.052058374338050606,-0.005690763190244308,0.053578422675426556
254,1.1195134502878816,-0.9848454822269698,2.72475609976886,1.1319124608974056,-0.9331885764572977,2.7305098999059307,-0.012399010609523975,-0.05165690576967208,-0.005753800137070719,0.05343479759304066
255,1.101933078496272,-0.9770611825576275,2.7084674822577908,1.1153674347828333,-0.9258146823277321,2.71428574412675,-0.01343435628656131,-0.05124650022989541,-0.005818261868959063,0.05329669676277061
256,1.0842820889769567,-0.9688992067855527,2.6927364216106127,1.0987108728542532,-0.918070474669267,2.69862040504676,-0.014428783877296514,-0.0508287321162858,-0.0058839834361474885,0.053163625476482824
257,1.0665613436131038,-0.9603640950780696,2.677547577733168,1.081944440753977,-0.9099590510617106,2.6834983784538204,-0.01538309714087327,-0.050405044016359035,-0.0059508007206523494,0.053035084323054975
258,1.0487716492234662,-0.9514604076085584,2.662885535941975,1.0650698151112423,-0.9014836559663549,2.6689040868100813,-0.016298165887776106,-0.0499767516422035,-0.0060185508681063205,0.05291057427928695
259,1.0309137717157295,-0.9421927290433474,2.6487349066099135,1.0480886833745522,-0.8926476794282345,2.654821979292142,-0.017174911658822678,-0.04954504961511286,-0.006087072682228634,0.05278960111320308
260,1.0129884486625873,-0.9325656735763037,2.6350804101645786,1.0310027436429283,-0.8834546557201532,2.6412366171483908,-0.018014294980341017,-0.04911101785615046,-0.00615620698381214,0.05267167913531338
261,0.9949964003718679,-0.9225838903019586,2.6219069488347615,1.0138137044961069,-0.8739082619290224,2.6281327457710297,-0.018817304124238987,-0.048675628372936264,-0.006225796936268235,0.05255633434226503
262,0.97693833953893,-0.9122520687506005,2.609199666504689,0.9965232848236771,-0.8640123164850744,2.615495354844479,-0.01958494528474719,-0.048239752265526126,-0.006295688339789773,0.05244310700290019
263,0.9588149795805185,-0.9015749444389284,2.596943997976023,0.979133213653199,-0.8537707776345435,2.603309727872266,-0.02031823407268052,-0.04780416680438493,-0.006365729896242733,0.052331553739647485
264,0.94062704175542,-0.8905573043172093,2.58512570886174,0.9616452299772965,-0.8431877418564168,2.591561482308587,-0.02101818822187651,-0.04736956246079249,-0.00643577344684676,0.05222124915890358
265,0.9223752611795334,-0.879203992018243,2.573730927250063,0.9440610825797653,-0.8322674422239013,2.5802366014347324,-0.021685821400231897,-0.0469365497943417,-0.00650567418466963,0.05211178708312113
266,0.9040603918422571,-0.8675199128348077,2.56274616818541,0.9263825298606904,-0.821014246711247,2.56932145902926,-0.022322138018433302,-0.04650566612356066,-0.006575290843850112,0.05200278143514347
267,0.8856832107280962,-0.8555100383707122,2.55215835192059,0.9086113396606129,-0.8094326564466194,2.558802837787985,-0.022928128932516723,-0.04607738192409272,-0.006644485867394856,0.05189386682226357
268,0.8672445211427675,-0.8431794108263073,2.5419548168029653,0.8907492890837423,-0.7975273039117043,2.5486679423582137,-0.02350476794097478,-0.045652106914602975,-0.006713125555248389,0.05178469886387239
269,0.8487451553373112,-0.8305331468925138,2.532123327569004,0.8727981643202526,-0.7853029510887806,2.538904407763251,-0.024053008982941382,-0.04523019580373322,-0.006781080194247391,0.05167495430262439
270,0.8301859765172477,-0.8175764412383539,2.5226520797379828,0.8547597604676596,-0.7727644875559871,2.5295003039093875,-0.024573783950411876,-0.04481195368236679,-0.006848224171404738,0.0515643309349973
271,0.8115678803169558,-0.8043145695858918,2.5135297007173385,0.836635881351318,-0.759916928531561,2.5204441367892327,-0.02506800103436213,-0.04439764105433075,-0.006914436071894237,0.05145254739311056
272,0.7928917958124736,-0.7907528913736257,2.5047452481599124,0.8184283393440346,-0.7467654128678123,2.5117248469228364,-0.025536543531560985,-0.043987478505813415,-0.0069795987629239775,0.05133934280578703
273,0.7741586861390118,-0.7768968520149936,2.496288206047183,0.800138955184839,-0.7333152009956565,2.503331805511806,-0.025980269045827176,-0.043581651019337087,-0.007043599464622741,0.05122447636318877
274,0.755369548772782,-0.7627519847629596,2.4881484789125636,0.7817695577969044,-0.7195716728205074,2.495254808721464,-0.02640000902412243,-0.0431803119424522,-0.007106329808900469,0.051107726805974196
275,0.7365254155303628,-0.7483239121948537,2.4803163845647656,0.7633219841046635,-0.7055403255703919,2.4874840704519436,-0.026796568574300683,-0.0427835866244618,-0.007167685887178088,0.05098889185682777
276,0.7176273523328455,-0.7336183473339273,2.4727826456228166,0.7447980788501106,-0.6912267715971265,2.480010213910566,-0.027170726517265154,-0.042391575736800746,-0.0072275682877496195,0.05086778760943918
277,0.6986764587764257,-0.7186410944256089,2.4655383801312016,0.7261996944083366,-0.6766367361314569,2.4728242622546763,-0.027523235631910947,-0.042004358294151944,-0.007285882123474696,0.050744247887522693
278,0.6796738675459963,-0.7033980493873664,2.458575091485404,0.7075286906022854,-0.6617760549930369,2.4659176285357978,-0.027854823056289058,-0.041621994394329453,-0.007342537050393894,0.05061812358429708
279,0.6606207437036175,-0.6878951999514917,2.451884657864451,0.68878693451678,-0.6466506722561834,2.4592821051422575,-0.028166190813162517,-0.041244527695308286,-0.007397447277806446,0.05048928199093802
280,0.6415182838795085,-0.6721386255201587,2.4454593213374722,0.6699763003118093,-0.631266637872321,2.452909852907744,-0.028458016432300837,-0.040871987647837726,-0.007450531570271757,0.05035760612088029
281,0.622367715389395,-0.6561344967518277,2.4392916767854076,0.65109866903512,-0.6156301052500863,2.446793390027349,-0.028730953645725088,-0.040504391501741344,-0.007501713241941488,0.0502229940354362
282,0.6031702952986334,-0.6398890748975712,2.4333746607564515,0.6321559284341076,-0.5997473287940437,2.440925580900035,-0.028985633135474198,-0.0401417461035275,-0.007550920143583717,0.050085358175011016
283,0.5839273094505005,-0.6234087109052238,2.427701540354226,0.6131499727670459,-0.5836246614030073,2.435299624996844,-0.029222663316545328,-0.03978404950221648,-0.007598084642618019,0.04994462469919424
284,0.5646400714733448,-0.6066998443084746,2.422265902240733,0.5940827026136648,-0.5672685519289687,2.4299090458371793,-0.029442631140319975,-0.03943129237950582,-0.007643143596446134,0.049800732838171255
285,0.5453099217789289,-0.589769001917159,2.4170616418215043,0.5749560246850888,-0.5506855425976376,2.4247476801408347,-0.029646102906159877,-0.039083459319521396,-0.007686038319330457,0.04965363425721748
286,0.525938226562207,-0.5726227963240962,2.4120829526678254,0.5557718516331736,-0.5338822663916443,2.419809667210888,-0.02983362507096654,-0.03874052993245192,-0.00772671454306284,0.04950329243547529
287,0.5065263768109679,-0.5552679242428988,2.407324316220134,0.5365321018592358,-0.5168654443974288,2.4150894385917674,-0.03000572504826793,-0.03840247984547007,-0.007765122371633293,0.04934968205977044
288,0.48707578733218637,-0.537711164690252,2.402780491807528,0.5172386993222217,-0.4996418831169025,2.410581708037644,-0.03016291199003529,-0.038069281573349545,-0.007801216230116204,0.04919278843386106
289,0.46758789580055926,-0.5199593770252596,2.398446507010527,0.49789357334630513,-0.48221847174493154,2.4062814618184905,-0.030305677545745868,-0.037740905280328085,-0.007834954807963257,0.04903260690324601
290,0.4480641618335145,-0.5020194988575688,2.3943176483876365,0.47849865842796485,-0.4646021794137574,2.402183949384547,-0.030434496594450355,-0.03741731944381138,-0.007866300996910436,0.048869142295438636
291,0.42850606609596964,-0.4838985438351502,2.3903894525807186,0.4590558940425284,-0.44680005240543,2.398284674404404,-0.03054982794655875,-0.03709849142972016,-0.007895221823685628,0.04870240837546501
292,0.40891510943724335,-0.4656035993218036,2.386657697809551,0.4395672244502339,-0.42881921133339584,2.394579386187274,-0.030652115012990533,-0.036784387988407774,-0.00792168837772289,0.04853242731622917
293,0.38929281206178956,-0.44714182397370983,2.383118395762077,0.4200345985017983,-0.41066684829434086,2.3910640714961615,-0.030741786440008745,-0.03647497567936897,-0.007945675734084556,0.048359229183320154
294,0.36964071273479415,-0.42852044522363536,2.3797677838836924,0.40045996944354106,-0.39235022399145386,2.387734946755494,-0.03081925670874691,-0.0361702212321815,-0.007967162871801658,0.048182851433787206
295,0.34996036802315555,-0.4097467566807421,2.376602318066329,0.3808452947220541,-0.373876664830236,2.3845884506541766,-0.03088492669889853,-0.0358700918505061,-0.007986132587847639,0.048003338428392266
296,0.3302533515719278,-0.39082811545333523,2.3736186657359752,0.36119253578846583,-0.35525355998804264,2.381621237142953,-0.030939184216538018,-0.03557455546529259,-0.008002571406977577,0.04782074095684664
297,0.310521253415949,-0.37177193940131903,2.370813699335641,0.34150365790229065,-0.3364883584585042,2.3788301688233062,-0.030982404486341653,-0.03528358094281481,-0.008016469487665212,0.04763511577555066
298,0.29076567932607794,-0.352585704324604,2.368184490199466,0.3217806299349115,-0.31758856607203484,2.3762123107238504,-0.03101495060883358,-0.03499713825256917,-0.008027820524384222,0.04744652515737639
299,0.27098825018922895,-0.3332769410932295,2.3657283028127054,0.3020254241726877,-0.2985617424935936,2.373764924459197,-0.031037173983458732,-0.0347151985996359,-0.00803662164649177,0.047255036453065086
300,0.251190601421201,-0.3138532327245223,2.3634425894515974,0.2822400161197344,-0.27941549819892586,2.371485462765573,-0.03104941469853345,-0.03443773452559645,-0.008042873313975463,0.04706072166384215
301,0.2313743824111563,-0.2943222114122108,2.3613249851966636,0.2624263843003676,-0.260157491430468,2.3693715644070066,-0.031052001889211284,-0.03416471998174281,-0.008046579210343019,0.046863657024892987
302,0.21154125599648926,-0.27469155551203955,2.359373303312681,0.2425865100612595,-0.2407954251341592,2.3674210494456176,-0.03104525406477024,-0.03389613037788036,-0.008047746132936684,0.04666392259937643
303,0.19169289796675248,-0.2549689864880983,2.357585530988462,0.22272237737329917,-0.22133704387835867,2.365631914869418,-0.031029479406546684,-0.03363194260973962,-0.008046383880956132,0.04646160188269271
304,0.1718309965952504,-0.23516226582376526,2.355959825429583,0.20283597263320371,-0.2017901307561289,2.364002330571082,-0.031004976037953325,-0.033372135067636366,-0.008042505141498957,0.04625678141675728
305,0.15195725219688613,-0.21527919190089023,2.3544945102973416,0.1829292844648735,-0.182162504272095,2.3625306356712543,-0.030972032267987365,-0.033116687628795244,-0.00803612537391274,0.04604955041406696
306,0.13207337671083294,-0.19532759685058224,2.3531880724874554,0.16300430352053824,-0.16246201521515416,2.3612153351802236,-0.0309309268097053,-0.032865581635428076,-0.008027262692768211,0.04584000039137262
307,0.11218109330661104,-0.17531534337873877,2.3520391592423304,0.14306302228168652,-0.14269654351825772,2.360055096992098,-0.03088192897507548,-0.03261879986048105,-0.008015937749767499,0.045628224812804985
308,0.09228213601216642,-0.15525032156923715,2.351046575591106,0.1231074348598263,-0.12287399510655006,2.3590487492060004,-0.030825298847659874,-0.032376326462687094,-0.008002173614894303,0.04541431874231897
309,0.07237824936258222,-0.13514044566751932,2.3502092821121394,0.10313953679706928,-0.10300229873509785,2.3581952777692634,-0.030761287434487056,-0.032138146932421466,-0.00798599565712399,0.04519837850534735
310,0.052471188068088565,-0.11499365084712126,2.3495263930130545,0.08316132486658098,-0.0830894028174964,2.3574938244380585,-0.030690136798492418,-0.03190424802962487,-0.007967431425004001,0.044980501359568485
311,0.03256271670008744,-0.09481788996153999,2.3489971745240483,0.06317479687290779,-0.06314327224661277,2.356943685051464,-0.030612080172820355,-0.03167461771492722,-0.007946510527415462,0.04476078517470719
312,0.012654609393959612,-0.07462113028368171,2.348621043600662,0.04318195145219192,-0.04317188520872868,2.3565443081154838,-0.030527342058232307,-0.03144924507495303,-0.007923264514821948,0.04453932812129763
313,-0.007251350432522851,-0.05441135023499834,2.3483975669328467,0.02318478787231655,-0.02318322999237945,2.356295293694157,-0.0304361383048394,-0.03122812024261889,-0.007897726761310064,0.04431622836834255
314,-0.027153370346291214,-0.03419653610629787,2.348326460257741,0.0031853058329736565,-0.0031853017931379904,2.356196392605459,-0.03033867617926487,-0.031011234313159882,-0.007869932347718045,0.04409158378980797
315,-0.0470496491526359,-0.013984678772094222,2.348407587974197,-0.016814494734297237,0.016813900484349713,2.3562475059203347,-0.030235154418338666,-0.030798579256443935,-0.00783991794613792,0.04386549167988908
316,-0.06693837713640839,0.006216229599739994,2.3486409630577314,-0.03681261386610762,0.03680637742582691,2.3564486847638113,-0.030125763270300775,-0.030590147826086916,-0.0078077217060799065,0.043638048476984444
317,-0.08681773629169319,0.026398198841358737,2.3490267472752153,-0.05680705176720758,0.05678413230707805,2.3568001304177795,-0.03001068452448561,-0.030385933465719314,-0.00777338314256415,0.04340934949630577
318,-0.10668590054080401,0.04655324407979562,2.349565251699248,-0.07679580901047076,0.07673917429251892,2.3573021947256567,-0.029890091530333257,-0.030185930212723297,-0.007736943026408927,0.0431794886710461
319,-0.12654103594339763,0.0666733890318072,2.3502569375228153,-0.0967768867368283,0.09666352163141724,2.357955380799775,-0.029764149206569335,-0.029990132599610045,-0.007698443276959566,0.04294855830201613
320,-0.14638130089643023,0.08675066929730765,2.351102417175467,-0.11674828685516017,0.11654920485049365,2.358760344032969,-0.029633014041270056,-0.029798535553185998,-0.007657926857501884,0.04271664881564853
321,-0.1662048463256234,0.10677713565008068,2.352102455742868,-0.13670801224209556,0.13638826994159764,2.359717893416455,-0.02949683408352785,-0.02961113429151696,-0.007615437673587078,0.042483848530255726
322,-0.18600981586904125,0.1267448573245258,2.3532579726922065,-0.1566540669417306,0.1561727815432119,2.3608289931666846,-0.02935574892731066,-0.02942792421868609,-0.007571020474478107,0.04225024343041113
323,-0.20579434605332636,0.1466459252972764,2.3545700439065436,-0.1765844563652152,0.175894826114484,2.3620947646644646,-0.029209889688111168,-0.0292489008172076,-0.0075247207579209885,0.042015916949308126
324,-0.2255565664630826,0.16647245556259377,2.356039904031757,-0.19649718749021736,0.19554651510054424,2.363516488710183,-0.02905937897286523,-0.029074059537950475,-0.007476584678426157,0.041780949758934004
325,-0.24529459990384392,0.1862165924005188,2.3576689491402907,-0.21639026906021674,0.21511998808781552,2.365095608099521,-0.028904330843627174,-0.028903395687296718,-0.007426658959230448,0.04154541956787797
326,-0.2650065625590155,0.205870511636829,2.3594587397164433,-0.23626171178363561,0.23460741594808077,2.366833730524539,-0.028744850775379888,-0.028736904311251754,-0.007374990808095561,0.0413094009265735
327,-0.28469056414113153,0.22542642389392498,2.3614110039683798,-0.25610952853275937,0.2540010039700232,2.3687326318054684,-0.028581035608372163,-0.0285745800760982,-0.007321627837088673,0.04107296503975842
328,-0.3043447080377298,0.24487657783183797,2.3635276414725066,-0.27593173454245457,0.2732929949770132,2.3707942594589726,-0.028412973495275218,-0.028416417145175232,-0.007266617986465995,0.0408361795859144
329,-0.3239670914521096,0.2642132633786284,2.3658107271561644,-0.29572634760863703,0.29247567242986966,2.373020736608938,-0.028240743843472582,-0.028262409051241277,-0.007210009452773836,0.040599108543432426
330,-0.34355580553920495,0.2834288149495156,2.368262515624905,-0.3154913882864973,0.3115413635133787,2.3754143662461753,-0.02806441725270764,-0.028112548563863082,-0.007151850621270217,0.040361812023230546
331,-0.36310893553678214,0.30251561465416227,2.3708854458408,-0.33522488008843665,0.3304824422053109,2.3779776358435334,-0.02788405544834549,-0.027966827551148654,-0.007092190002733201,0.0401243461075313
332,-0.3826245608921473,0.32146609549161137,2.373682146158286,-0.35492484968172117,0.34929133232673576,2.3807132223330263,-0.027699711210426137,-0.02782523683512439,-0.007031076174740303,0.03988676269449266
333,-0.4021007553845408,0.34027274453246414,2.3766554397240296,-0.37458932708580633,0.3679605105723846,2.3836239974514886,-0.027511428298734486,-0.02768776603992046,-0.006968557727458968,0.03964910934836632
334,-0.4215355872433839,0.3589281060879689,2.3798083502470613,-0.3942163458693397,0.38648250951987934,2.3867130334610547,-0.027319241374044234,-0.027554403431910457,-0.006904683213993401,0.03941142915484506
335,-0.440927119262551,0.37742478486578845,2.3831441081450455,-0.4138039433467995,0.4048499206165983,2.389983609250355,-0.02712317591575153,-0.027425135750809848,-0.006839501105309509,0.039173760581244714
336,-0.46027340891084734,0.3957554491123073,2.386666157071946,-0.43335016077475924,0.42305539714299684,2.3934392168216947,-0.026923248136088096,-0.027299948030689525,-0.006773059749748622,0.038936137341156286
337,-0.4795725084388956,0.4139128337414434,2.3903781608314767,-0.4528530435477663,0.44109165715120235,2.3970835681686076,-0.026719464891129308,-0.027178823409758968,-0.006705407337130875,0.03869858826319123
338,-0.49882246498266786,0.43188974345003905,2.394284010679567,-0.472310641393794,0.4589514863776903,2.400920602546995,-0.026511823588873884,-0.027061742927651233,-0.006636591867428265,0.038461137163436375
339,-0.5180213206639411,0.4496790558200176,2.3983878330175528,-0.49172100856927403,0.47662774112889944,2.404954494141537,-0.0263003120946671,-0.026948685308881837,-0.0065666611239842965,0.03822380272122703
340,-0.5371671126880184,0.467273724407616,2.4026939974758847,-0.5110822040536624,0.49411335113860816,2.409189660127124,-0.026084908634355974,-0.02683962673099216,-0.006495662651239353,0.037986598357847116
341,-0.556257873439126,0.484666781820129,2.407207125385727,-0.5303922917435467,0.5114013223959523,2.4136307691226384,-0.025865581695579287,-0.02673454057582325,-0.006423643736911622,0.03774953211775995
342,-0.5752916305739977,0.5018513427807395,2.4119320986328736,-0.549649340646248,0.5284847399429308,2.4182827500314454,-0.02564228992774964,-0.026633397162191264,-0.006350651398571827,0.03751260655198423
343,-0.5942664071142605,0.5188206071821462,2.4168740688847925,-0.5688514250729251,0.5453567706403021,2.42315080125933,-0.02541498204133541,-0.026536163458155904,-0.00627673237453763,0.03727581860323041
344,-0.613180221538381,0.5355678631298556,2.422038467177233,-0.5879966248311352,0.5620106659007431,2.4282404002962408,-0.025183596707245792,-0.026442802770887508,-0.006201933119007741,0.03703915949243317
345,-0.6320310878740849,0.5520864899761565,2.427431013841633,-0.6070830254168587,0.5784397643882002,2.433557313642975,-0.02494806245722625,-0.026353274412043715,-0.00612629980134205,0.03680261460633012
346,-0.6508170157923575,0.5683699613459602,2.433057728748291,-0.6261087182059404,0.5946374946823286,2.439107607057674,-0.024708297586417127,-0.026267533336368443,-0.006049878309382972,0.03656616338576576
347,-0.6695360107043539,0.5844118481558566,2.4389249418329153,-0.645071800644958,0.6105973779069791,2.4448976560896263,-0.02446421005939592,-0.026185529751122538,-0.005972714256710976,0.03632977921443358
348,-0.6881860738628098,0.6002058216279118,2.4450393038654257,-0.6639703764414682,0.6263130303216559,2.4509341568591303,-0.024215697421341664,-0.026107208693744055,-0.005894852993704625,0.03609342930781262
349,-0.7067652024698452,0.6157456562999027,2.451407797409654,-0.6828025557536419,0.6417781658749337,2.4572241370319414,-0.023962646716203295,-0.026032509575031004,-0.0058163396222874475,0.03585707460211221
350,-0.7252713897934062,0.6310252330338663,2.458037747910622,-0.7015664553792397,0.6569865987187891,2.463774966924827,-0.023704934414166545,-0.0259613656849228,-0.005737219014204875,0.03562066964310438
351,-0.7437026252949938,0.6460385420250087,2.464936834832125,-0.7202601989439371,0.671932245682862,2.4705943706648235,-0.023442426351056644,-0.025893703657853373,-0.005657535832698457,0.03538416247480942
352,-0.762056894771796,0.6607796858131916,2.472113102751138,-0.7388819170889542,0.6866091287076386,2.477690437308543,-0.023174977682841713,-0.025829442894446997,-0.005577334557405056,0.03514749452810163
353,-0.7803321805168743,0.6752428822993634,2.479574972296842,-0.7574297476579961,0.7010113772355988,2.4850716318091606,-0.022902432858878163,-0.025768494936235453,-0.00549665951231848,0.03491060050942372
354,-0.7985264615016681,0.6894224677694454,2.487331250800438,-0.7759018358834606,0.715133230559358,2.4927468056970676,-0.02262462561820744,-0.025710762789912578,-0.005415554896629704,0.034673408289950546
355,-0.8166377135857794,0.7033128999282924,2.4953911424971174,-0.7942963345719204,0.7289690401258765,2.5007252073153747,-0.02234137901385902,-0.02565614019758411,-0.005334064818257378,0.034435838795713436
356,-0.8346639097597979,0.7169087609464255,2.5037642580931285,-0.8126114042888336,0.7425132717958018,2.509016491422985,-0.022052505470964268,-0.025604510849376316,-0.0052522333298563595,0.034197805899413965
357,-0.8526030204278253,0.7302047605222644,2.5124606234785047,-0.8308452135424925,0.7557605080570542,2.5176307279456003,-0.021757806885332798,-0.02555574753478984,-0.005170104467095538,0.03395921631489799
358,-0.8704530137373869,0.7431957389625523,2.5214906873292318,-0.8489959389671652,0.7687054501917557,2.5265784096181902,-0.02145707477022174,-0.025509711229203424,-0.005087722288958485,0.033719969495564474
359,-0.8882118559655611,0.755876670283556,2.530865327301073,-0.8670617655054355,0.78134292039565,2.5358704582208973,-0.021150090460125615,-0.025466250112094024,-0.005005130919824463,0.03347995753832146
360,-0.9058775119714609,0.7682426653354041,2.5405958544704923,-0.8850408865897049,0.7936678638491532,2.545518229063543,-0.020836625381756013,-0.025425198513749137,-0.004922374593050893,0.033239065095118175
361,-0.9234479457266421,0.7802889749515861,2.55069401562581,-0.9029315043228463,0.8056753507392133,2.5555335133215724,-0.020516441403795826,-0.025386375787627147,-0.004839497695762418,0.032997169294551605
362,-0.9409211209366242,0.7920109931251269,2.5611719929535233,-0.9207318296579966,0.8173605782311729,2.565928537768054,-0.020189291278627564,-0.025349585106046013,-0.004756544814530805,0.03275413967660541
363,-0.9582950017684955,0.8034042602122503,2.5720424006004685,-0.9384400825774543,0.8287188723898353,2.5767159613820527,-0.01985491919104121,-0.025314612177585016,-0.004673560781584207,0.032509838144221426
364,-0.9755675537015246,0.8144644661633998,2.583318277522083,-0.9560544922706857,0.83974569004898,2.5879088682432516,-0.019513061430838863,-0.025281223885580184,-0.004590590721168741,0.03226411893614642
365,-0.992736744519838,0.8251874537802467,2.5950130759505528,-0.9735732973113987,0.8504366206285644,2.5995207560461813,-0.01916344720843921,-0.025249166848317683,-0.004507680095628519,0.0320168286263544
366,-1.009800545468521,0.8355692219957207,2.6071406447345438,-0.9909947458336898,0.8607873878989016,2.6115655194852865,-0.0188057996348312,-0.025218165903180934,-0.004424874750742713,0.03176780615632019
367,-1.0267569325969552,0.8456059291720869,2.6197152067151874,-1.008317095707223,0.870793851691091,2.6240574276749693,-0.018439836889732275,-0.025187922519004147,-0.004342220959781873,0.03151688290752841
368,-1.0436038883157717,0.8552938964095709,2.632751329212281,-1.0255386147114476,0.8804520095530344,2.637011094678,-0.018065273604324084,-0.0251581131434635,-0.004259765465719045,0.031263882822856984
369,-1.0603394031964513,0.8646296108549337,2.646263886601999,-1.042657580708813,0.8897579983503596,2.650441442122924,-0.017681822487638277,-0.025128387495425897,-0.004177555520924692,0.03100862258687147
370,-1.076961478045246,0.8736097289956074,2.660268013875373,-1.0596722818169868,0.8987080958116269,2.664363652799013,-0.017289196228259085,-0.025098366816019513,-0.004095638923639733,0.030750911876618398
371,-1.0934681262856434,0.8822310799204293,2.6747790499787087,-1.0765810165800351,0.9072987220171839,2.678793114029098,-0.01688710970560825,-0.025067642096754605,-0.004014064050389177,0.030490553696200053
372,-1.109857376685913,0.8904906685225507,2.6898124696574897,-1.0933820941385743,0.9155264408310896,2.693745349540943,-0.016475282547338654,-0.02503577230853893,-0.003932879883453477,0.030227344810242914
373,-1.12612727647017,0.8983856786136399,2.7053838024598575,-1.1100738343988477,0.9233879612755189,2.709235938492216,-0.01605344207132231,-0.025002282661878983,-0.0038521360323584553,0.029961076293310792
374,-1.142275894852638,0.9059134759109579,2.7215085375115944,-1.12665456820074,0.9308801388471135,2.7252804202598746,-0.01562132665189786,-0.02496666293615557,-0.0037718827482802197,0.02969153421431221
375,-1.1583013270350948,0.9130716108501878,2.7382020126603903,-1.1431226374846875,0.9379999767747388,2.7418941835904724,-0.015178689550407354,-0.024928365924550944,-0.003692170930082117,0.029418500476960097
376,-1.1742016987064723,0.9198578211670103,2.7554792866134545,-1.1594763954574863,0.9447446272181542,2.7590923387340904,-0.014725303248986021,-0.024886806051143906,-0.0036130521206358956,0.029141753839264425
377,-1.189975171080801,0.926270034179352,2.7733549927713748,-1.1757142067569655,0.9511113924071088,2.776889571263257,-0.014260964323835612,-0.024841358227756793,-0.003534578491882101,0.028861071136753184
378,-1.205619946504646,0.932306368690101,2.7918431736062783,-1.1918344476155285,0.9570977257204172,2.7952999764232915,-0.013785498889117509,-0.024791357030316208,-0.003456802817013216,0.028576228735474867
379,-1.221134274657234,0.9379651364170902,2.810957094658933,-1.2078355060225212,0.9627012327045702,2.814336873086924,-0.013298768634712799,-0.02473609628747997,-0.003379778427991198,0.028287004241619788
380,-1.2365164593550089,0.9432448428436604,2.8307090375533837,-1.2237157818854385,0.9679196720314864,2.834012596709942,-0.012800677469570365,-0.02467482918782604,-0.0033035591565582223,0.027993178494576818
381,-1.2517648659566547,0.9481441873696701,2.8511100718650715,-1.2394736871899266,0.9727509563950139,2.8543382711218332,-0.01229117876672814,-0.024606769025343755,-0.0032281992567617657,0.02769453786911135
382,-1.26687792934403,0.9526620626302071,2.872169806243918,-1.2551076461585875,0.9771931533458231,2.875323559550972,-0.011770283185442487,-0.02453109071561599,-0.0031537533070542523,0.02739087690974947
383,-1.281854162428369,0.9567975528385013,2.89389611989972,-1.2706160954085512,0.9812444860643621,2.896976395989684,-0.011238067019817777,-0.02444693322586078,-0.0030802760899639736,0.027082001316040428
384,-1.2966921650991061,0.9605499310019755,2.9162948764106025,-1.2859974841078177,0.9849033340715609,2.9193026988581225,-0.010694680991288452,-0.024353403069585444,-0.00300782244752007,0.026767731290696376
385,-1.3113906334946368,0.9639186548576242,2.939369622816211,-1.3012502741303347,0.9881682338770005,2.9423060699269263,-0.010140359364302132,-0.0242495790193763,-0.002936447110715168,0.02644790525331246
386,-1.3259483694305498,0.966903361376854,2.96312127809566,-1.3163729402098099,0.9910378795642899,2.9659874825973085,-0.00957542922073995,-0.02413451818743595,-0.0028662045016485393,0.026122383910094183
387,-1.3403642897722348,0.9695038597026473,2.9875478163826807,-1.3313639700922384,0.993511123313416,2.990344964890073,-0.009000319679996371,-0.02400726361076866,-0.002797148507392322,0.02579105465450132
388,-1.354637435486925,0.9717201224055533,3.012643951597812,-1.3462218646871233,0.9955869758598548,3.01537328382298,-0.008415570799801708,-0.023866853454301507,-0.002729332225168246,0.025453836254893305
389,-1.3687669800576767,0.9735522749815687,3.0384008315224404,-1.360945138217388,0.9972646068902659,3.0410636392016177,-0.007821841840288668,-0.02371233190869715,-0.0026628076791772592,0.025110683763270816
390,-1.3827522368919578,0.9750005835660454,3.0648057506253834,-1.3755323183679475,0.998543345374605,3.067403376135589,-0.0072199185240102715,-0.02354276180855963,-0.0025976255102055923,0.02476159355451889
391,-1.3965926653148255,0.9760654409041905,3.0918418920841497,-1.389981946432944,0.9994226798345278,3.0943757267243446,-0.006610718881881583,-0.023357238930337365,-0.002533834640194854,0.02440660837904326
392,-1.4102878747062761,0.9767473507002626,3.119488110309109,-1.4042925774616108,0.9999022585479752,3.1219595922240613,-0.0059952972446652986,-0.02315490784771257,-0.002471481914952278,0.024045822284627504
393,-1.4238376263299422,0.9770469105624578,-3.135466541420803,-1.4184627804027723,0.9999818896898556,-3.1330559296913743,-0.005374845927169858,-0.022934979127397725,-0.002410611729428691,0.023679385237481206
394,-1.4372418324115674,0.9769647938652036,-3.106681683372174,-1.432491138247941,0.9996615414087742,-3.1043304177311337,-0.00475069416362639,-0.02269674754357054,-0.0023512656410402677,0.02330750724997475
395,-1.4505005520656868,0.9765017309596536,-3.077377478397321,-1.4463762481730242,0.9989413418397719,-3.0750839964195906,-0.004124303892662606,-0.022439610880118255,-0.0022934819777304938,0.02293046180591067
396,-1.4636139837413171,0.9756584902692033,-3.047593344234655,-1.460116721678599,0.9978215790530742,-3.045356048786323,-0.003497262062718054,-0.022163088783870966,-0.002237295448332066,0.02254858836601975
397,-1.476582453963688,0.9744358599008601,-3.0173731090731084,-1.4737111847287665,0.9963027009388654,-3.0151903723094278,-0.0028712692349215363,-0.02186684103800529,-0.002182736763680637,0.022162293739148985
398,-1.489406402287621,0.9728346304753872,-2.9867647624240545,-1.4871582778885493,0.9943853150281404,-2.9846349301467145,-0.002248124399071738,-0.02155068455275322,-0.0021298322773399825,0.02177205212044967
399,-1.5020863625441248,0.9708555799193869,-2.955820107057555,-1.5004566564598378,0.992070188249698,-2.953741503402485,-0.0016297060842869193,-0.02121460833031108,-0.002078603655069955,0.021378403628066717
400,-1.5146229406465876,0.9684994609622111,-2.9245943145299496,-1.5136049906158564,0.9893582466233818,-2.9225652469480483,-0.0010179500307312406,-0.02085878566117072,-0.002029067581901245,0.020981951214690438
401,-1.5270167894147266,0.9657669920335271,-2.8931453910541425,-1.5266019655341467,0.9862505748896836,-2.891164155538977,-0.0004148238805798954,-0.02048358285615648,-0.0019812355151653804,0.020583355888763123
402,-1.5392685810589353,0.9626588521609525,-2.8615335646905544,-1.5394462815280487,0.9827484160758617,-2.859598451199729,0.00017770046911347315,-0.020089563914909236,-0.0019351134908252021,0.020183330249746206
403,-1.5513789781294358,0.9591756803233357,-2.8298206087625677,-1.5521366541766646,0.9788531709987472,-2.827929906773413,0.0007576760472287614,-0.01967749067541158,-0.0018907019891547527,0.019782630418759977
404,-1.5633486038588411,0.9553180795308052,-2.7980691197214256,-1.5646718144533056,0.9745663977044351,-2.7962211238571486,0.0013232105944644967,-0.01924831817362993,-0.0018479958642769745,0.019382046525199037
405,-1.5751780129008959,0.9510866256890506,-2.7663417701300816,-1.57705050885239,0.9698898108450863,-2.7645347857899107,0.0018724959514941908,-0.01880318515603574,-0.001806984340170903,0.018982391985894395
406,-1.5868676634838017,0.9464818810775038,-2.7347005587957636,-1.5892714995147947,0.964825280993091,-2.732932907721797,0.002403836030993034,-0.0183433999155872,-0.0017676510739663698,0.018584491880230657
407,-1.598417891950358,0.9415044120463391,-2.7032060802385893,-1.6013335643516353,0.9593748338928642,-2.7014761059532435,0.002915672401277325,-0.017870421846525097,-0.0017299742853458255,0.018189170776929043
408,-1.6098288905516818,0.9361548103329403,-2.671916834624725,-1.613235497166481,0.9535406496505743,-2.6702229076755954,0.0034066066147993013,-0.017385839317633933,-0.0016939269491293985,0.01779724040169057
409,-1.62110068920454,0.9304337172303695,-2.6408885971094107,-1.6249761077759686,0.9473250618621301,-2.639229120063048,0.0038754185714284795,-0.016891344631760563,-0.0016594770463624897,0.017409487546739655
410,-1.6322331417270242,0.9243418497205972,-2.6101738624146402,-1.6365542221288205,0.940730556679773,-2.608547274546721,0.004321080401796351,-0.016388706959175825,-0.0016265878679191381,0.01702666261263752
411,-1.6432259168491843,0.9178800276212421,-2.5798213766664424,-1.6479686824232516,0.9337597718176508,-2.578226158302969,0.004742765574067276,-0.015879744196408696,-0.0015952183634735384,0.016649469140519062
412,-1.6540784940713495,0.9110492007883606,-2.5498757643365706,-1.6592183472227418,0.926415495496766,-2.54831044080868,0.005139853151392204,-0.015366294708405448,-0.0015653235278905164,0.016278554641933455
413,-1.6647901642295038,0.9038504754662606,-2.520377253879385,-1.670302091570187,0.9187006653297247,-2.518840399062686,0.005511927340683176,-0.014850189863464092,-0.0015368548166989626,0.015914502967969597
414,-1.6753600344383586,0.8962851389707075,-2.4913615016095663,-1.681218807100389,0.9106183671457304,-2.4898517410274974,0.005858772662030498,-0.014333228175022916,-0.0015097605820688642,0.015557828384379217
415,-1.685787036929178,0.8883546820233461,-2.462859509764483,-1.691967402150893,0.9021718337562933,-2.4613755232435177,0.006180365221714945,-0.013817151732947175,-0.0014839865209652636,0.015208971440550322
416,-1.6960699411873725,0.8800608182100073,-2.4348976317065776,-1.702546801871149,0.893364443662152,-2.4334381555791036,0.0064768606837763976,-0.013303625452144696,-0.001459476127473991,0.014868296642677907
417,-1.7062073687266035,0.8714055002008221,-2.407497654945334,-1.7129559483300023,0.8841997197019128,-2.4060614838033527,0.006748579603398808,-0.01279421950109072,-0.0014361711419814682,0.014536091870050933
418,-1.7161978098100508,0.8623909325337654,-2.3806769511261425,-1.723193800621481,0.8746813276429652,-2.3792629391356055,0.006995990811430319,-0.012290395109199825,-0.001414011990537034,0.01421256941172999
419,-1.7260396414409933,0.8530195809153734,-2.354448681316348,-1.7332593349688885,0.8648130747152218,-2.353055743107651,0.007219693527895199,-0.011793493799848398,-0.0013929382086970143,0.013897868451566322
420,-1.735731145987344,0.8432941781254117,-2.328822044743201,-1.7431515448271764,0.8545989080882805,-2.327449155898217,0.007420398839832476,-0.011304729962868798,-0.0013728888449837662,0.013592058793878564
421,-1.7452705298705182,0.8332177267214493,-2.3038025595000584,-1.7528694409836028,0.8440429132926041,-2.3024487566599667,0.007598911113084528,-0.010825186571154721,-0.001353802840091678,0.01329514560035761
422,-1.7546559418301333,0.8227934988223963,-2.2793923645166756,-1.7624120516566506,0.833149312585366,-2.278056745137869,0.00775610982651731,-0.010355813762969679,-0.0013356193788065518,0.013007074900197745
423,-1.7638854903651162,0.8120250333071493,-2.2555905331648987,-1.7717784225932054,0.8219224632616022,-2.2542722549523493,0.007892932228089178,-0.009897429954452974,-0.001318278212549373,0.012727739638529465
424,-1.772957260042469,0.8009161307973188,-2.2323933901282573,-1.780967617163977,0.8103668559113548,-2.2310916701770687,0.008010357121507994,-0.009450725114035996,-0.0013017199511886623,0.012456986041032844
425,-1.7818693264520657,0.7894708468045758,-2.2097948245031005,-1.789978716457167,0.7984871126234903,-2.208508938179551,0.008109390005101247,-0.00901626581891446,-0.0012858863235494233,0.012194620092862783
426,-1.7906197696656891,0.7776934834171321,-2.187786593438245,-1.7988108193703554,0.7862879851369292,-2.186515873031657,0.00819104970466622,-0.008594501719797143,-0.001270720406588044,0.01194041395545514
427,-1.799206686128598,0.7655885798801928,-2.166358611897386,-1.8074630427006113,0.7737743529400123,-2.165102445073569,0.00825635657201329,-0.00818577305981949,-0.0012561668238166845,0.01169411217324134
428,-1.807628198970965,0.7531609023957215,-2.145499225299949,-1.8159345212328108,0.7609512213187744,-2.144257053386,0.0083063222618458,-0.007790318923052819,-0.0012421719139488197,0.011455437551849046
429,-1.8158824667741877,0.7404154334310546,-2.125195462834602,-1.8242244078261607,0.7478237193548899,-2.123966778963472,0.008341941051972945,-0.007408285923835245,-0.001228683871129732,0.011224096618394784
430,-1.823967690863739,0.7273573607867939,-2.1054332701319765,-1.8323318734989098,0.7343970978741133,-2.104217617273643,0.008364182635170803,-0.00703973708731942,-0.0012156528583333603,0.010999784601756862
431,-1.8318821212267613,0.7139920666344686,-2.086197720726995,-1.840256107511248,0.7206767273460168,-2.084994689631238,0.008373986284486712,-0.006684660711548274,-0.0012030310957569235,0.010782189895315642
432,-1.8396240611702328,0.7003251166955737,-2.0674732063421426,-1.8479963174463758,0.7066680957358779,-2.0662824334160166,0.00837225627614302,-0.00634297904030412,-0.0011907729261260158,0.010570997986034633
433,-1.847191870845578,0.6863622496971397,-2.049243606492176,-1.855551729289751,0.6923768063095604,-2.048064771633234,0.008359858444173085,-0.006014556612420785,-0.0011788348589423236,0.010365894851641327
434,-1.8545839697694517,0.6721093672058596,-2.0314924382624233,-1.862921587506485,0.6778085753922868,-2.030325262666764,0.008337617737033343,-0.005699208186427218,-0.0011671755956594865,0.010166569841998584
435,-1.8617988384694075,0.657572523913527,-2.0142029873628613,-1.8701051551168988,0.662969230082182,-2.0130472313250416,0.008306316647491263,-0.005396706168654952,-0.0011557560378196996,0.009972718071726765
436,-1.868835019378465,0.6427579184213039,-1.9973584217246025,-1.8771017137702157,0.6478647059195176,-1.996213882444517,0.00826669439175065,-0.005106787498213694,-0.0011445392800855103,0.009784042358972697
437,-1.8756911170952943,0.6276718845491267,-1.9809418889997,-1.883910563816402,0.6325010445125663,-1.9798083984096402,0.008219446721107637,-0.004829159963439578,-0.001133490590059738,0.009600254750337035
438,-1.8823657981177018,0.6123208831791703,-1.9649365993634824,-1.8905310243761266,0.6168843911210447,-1.963814021986842,0.008165226258424862,-0.004563507941874323,-0.0011225773766403435,0.009421077674733694
439,-1.8888577901470804,0.5967114946284159,-1.9493258950134495,-1.8969624334088513,0.6010209921980904,-1.9482141258648502,0.00810464326177085,-0.00430949756967447,-0.0011117691485993397,0.009246244769817372
440,-1.8951658810510477,0.5808504115346347,-1.934093307721058,-1.9032041477790322,0.5849171928917617,-1.9329922702561362,0.008038266727984578,-0.004066781357127014,-0.0011010374649218502,0.009075501423946848
441,-1.901288917561084,0.5647444322321152,-1.9192226057315818,-1.9092555433204328,0.5685794345070697,-1.9181322498532611,0.0079666257593487,-0.00383500227495448,-0.0010903558783206257,0.008908605074859511
442,-1.90722580377192,0.5484004545878158,-1.9046978312302318,-1.9151160148985422,0.5520142519295328,-1.9036181313569873,0.007890211126622138,-0.003613797341716962,-0.0010796998732445218,0.00874532530360973
443,-1.912975499499932,0.5318254702649378,-1.890503329505901,-1.9207849764710867,0.5352282710113162,-1.8894342827063793,0.00780947697115475,-0.0034028007463784427,-0.0010690467995218,0.00858544375918437
444,-1.9185370185490374,0.515026559378835,-1.8766237708520552,-1.9262618611466333,0.5182282059209752,-1.8755653950493394,0.007724842597595982,-0.0032016465421401685,-0.0010583758027158385,0.008428753945762443
445,-1.923909426924612,0.49801088550937445,-1.8630441661510668,-1.9315461212412777,0.5010208564578846,-1.8619964983989576,0.007636694316665693,-0.0030099709485101878,-0.0010476677521091826,0.008275060901037462
446,-1.9290918410288107,0.48078569103406665,-1.8497498769964176,-1.9366372283334143,0.4836131053324,-1.8487129718292505,0.007545387304603635,-0.0028274142983333306,-0.0010369051671670348,0.008124180790491504
447,-1.9340834258643695,0.46335829274724677,-1.836726621118634,-1.9415346733165766,0.4660119154128712,-1.8357005489754596,0.007451247452207044,-0.002653622665624411,-0.0010260721431742947,0.00797594043912916
448,-1.9388833932684453,0.4457360777321102,-1.8239604737969026,-1.9462379664503477,0.44822432694058495,-1.8229453195202048,0.0073545731819024684,-0.0024882492084747354,-0.0010151542766978494,0.007830176819008118
449,-1.9434910001932935,0.4279264994543109,-1.811437865859905,-1.950746637409333,0.4302574547137687,-1.810433727268505,0.007255637216039501,-0.002330955259457812,-0.0010041385914001388,0.007686736507979868
450,-1.947905547046507,0.40993707404798685,-1.799145578806948,-1.955060235330194,0.41211848524175654,-1.7981525653422639,0.0071546882836870385,-0.002181411193769689,-0.000993013464684056,0.007545475132427123
451,-1.952126376100096,0.39177537676736995,-1.787070737514176,-1.9591783288567337,0.39381467387048763,-1.7860889689586406,0.007051952756637725,-0.0020392971031176765,-0.000981768555535556,0.007406256804437241
452,-1.9561528699748043,0.37344903857948436,-1.7752008009304547,-1.9631005061830311,0.37535334188046116,-1.7742304061965488,0.006947636208226804,-0.0019043033009767951,-0.0009703947339059216,0.007268953561797433
453,-1.9599844502036672,0.3549657428757668,-1.7635235511132645,-1.9668263750946215,0.3567418735583286,-1.7625646671013775,0.006841924890954365,-0.0017761306825617718,-0.0009588840118870401,0.0071334448174252265
454,-1.9636205758768657,0.3363332222827118,-1.752027080906337,-1.970355563007719,0.33798771324326765,-1.7510798514294241,0.006734987130853298,-0.0016544909605558655,-0.0009472294769128364,0.006999616823316343
455,-1.96706074236835,0.31755925555380693,-1.7406997805174484,-1.973687717006473,0.3190983623493521,-1.7397643552903157,0.006626974638123118,-0.0015391067955451976,-0.0009354252271327468,0.006867362152819434
456,-1.9703044801434508,0.2986516645270755,-1.729530323216375,-1.9768225038782612,0.3000813763650833,-1.7286068569072703,0.006518023734810363,-0.00142971183800783,-0.0009234663091046702,0.0067365792039686114
457,-1.9733513536457161,0.27961831113444324,-1.7185076503391017,-1.9797596101470079,0.2809443618313017,-1.7175963016812124,0.006408256501291731,-0.0013260506968584829,-0.0009113486578893326,0.006607171725725259
458,-1.9762009602604578,0.2604670944509114,-1.7076209557545563,-1.982498742104534,0.2616949732986626,-1.706721886714927,0.006297781844076145,-0.0012278788477512181,-0.0008990690396293299,0.006479048368267518
459,-1.9788529293519377,0.24120594777312196,-1.6968596699240153,-1.9850396258399263,0.2423409102659238,-1.6959730449273882,0.006186696487988641,-0.0011349624928018442,-0.0008866249966270612,0.006352122257891601
460,-1.9813069213707228,0.22184283571837352,-1.686213443660527,-1.987382007266929,0.22288991410024592,-1.6853394288655676,0.0060750858962062,-0.0010470783818724017,-0.0008740147949592991,0.006226310596643551
461,-1.983562627027472,0.20238575133645917,-1.6756721316758747,-1.9895256521493512,0.20334976494075557,-1.6748108943012632,0.005963025121879184,-0.0009640136042964043,-0.0008612373746115232,0.006101534286460952
462,-1.9856197665292532,0.18284271322788834,-1.665225775985415,-1.9914703461244907,0.183728278586583,-1.6643774836832836,0.005850579595237493,-0.0008855653586946621,-0.0008482923021313482,0.00597771757735213
463,-1.9874780888744181,0.16322176266310465,-1.654864589226303,-1.993215894724571,0.16403330337065347,-1.6540294095005519,0.005737805850152933,-0.0008115407075488246,-0.0008351797257510896,0.005854787738967462
464,-1.9891373712020413,0.14353096069825538,-1.6445789379318705,-1.9947621233961865,0.14427271702045727,-1.6437570375989194,0.005624752194145266,-0.0007417563222018864,-0.0008219003329510421,0.005732674754804557
465,-1.990597418191978,0.12377838528389042,-1.6343593257940325,-1.996108877517759,0.12445442350706172,-1.6335508704836228,0.0055114593257807876,-0.0006760382231713047,-0.0008084553104097392,0.005611311038238242
466,-1.9918580615116703,0.10397212836369561,-1.6241963769363297,-1.9972560224149978,0.10458634988363526,-1.6234015306300522,0.005397960903327448,-0.000614221519939645,-0.0007948463062774636,0.005490631169547957
467,-1.9929191593059339,0.08412029296100174,-1.6140808192124094,-1.9982034433743696,0.08467644311472142,-1.613299743817685,0.0052842840684357295,-0.0005561501537196811,-0.0007810753947243843,0.005370571653152944
468,-1.9937805957260883,0.06423099025135692,-1.604003467538231,-1.998951045654568,0.06473266689756589,-1.6032363224955564,0.005170449928479703,-0.0005016766462089678,-0.0007671450426747217,0.0052510706943220305
469,-1.9944422804949224,0.04431233661993339,-1.5939552072609067,-1.999498754495988,0.04476299847674028,-1.5932021491822361,0.0050564740010654585,-0.00045066185680688736,-0.0007530580786705432,0.00513206799472518
470,-1.9949041485041321,0.024372450702945317,-1.5839269775627682,-1.9998465151282017,0.024775425453357765,-1.5831881598989876,0.00494236662406955,-0.00040297475041244785,-0.0007388176637805888,0.0050135045663189355
471,-1.9951661594410057,0.004419450412609112,-1.5739097548958638,-1.999994292775436,0.0047779425901285115,-1.5731853276313745,0.004828133334430218,-0.00035849217751939954,-0.0007244272644892913,0.004895322563214225
472,-1.9952282974412763,-0.01553855005452778,-1.563894536439566,-1.999942072660049,-0.015221451386431743,-1.5631846458120962,0.004713775218772698,-0.00031709866809603686,-0.0007098906274698447,0.004777465131363431
473,-1.9950905707651814,-0.03549344322580473,-1.5538723235722753,-1.9996898600040087,-0.03521475698538918,-1.5531771118160986,0.004599289238827353,-0.0002786862404155488,-0.0006952117561767057,0.0046598762761382775
474,-1.9947530114939047,-0.05543713137691954,-1.5438341053472693,-1.9992376800283709,-0.05519397715107451,-1.5431537104581057,0.004484668534466163,-0.0002431542258450256,-0.0006803948891636047,0.004542500748131709
475,-1.9942156752436744,-0.07536152957217966,-1.5337708419625617,-1.998585577950756,-0.0751511204618093,-1.5331053974825013,0.0043699027070815966,-0.00021040911037036036,-0.0006654444800604509,0.004425283947853384
476,-1.9934786408948972,-0.09525856871991559,-1.5236734482152205,-1.9977336189808284,-0.09507820432636097,-1.5230230830361118,0.004254978085931116,-0.00018036439355462175,-0.0006503651791087695,0.0043081718503808
477,-1.9925420103337879,-0.11512019864231134,-1.5135327769319014,-1.9966818883137751,-0.11496725817687632,-1.5128976151157174,0.004139877979987272,-0.00015294046543501416,-0.000635161816183949,0.004191110951512625
478,-1.9914059082040187,-0.134938391158811,-1.5033396023694943,-1.9954304911217866,-0.1348103266569955,-1.5027197629842826,0.0040245829177678605,-0.00012806450181551687,-0.0006198393852117068,0.004074048237573256
479,-1.9900704816659684,-0.15470514318217415,-1.4930846035827292,-1.993979552543539,-0.15459947280389894,-1.4924802005528235,0.003909070877570642,-0.00010567037827521886,-0.0006044030299057201,0.003956931181771418
480,-1.9885359001611795,-0.17441247982618852,-1.4827583477594497,-1.9923292176716814,-0.17432678122297965,-1.4821694897287272,0.0037933175105018258,-8.569860320886691e-05,-0.0005888580307225055,0.0038397077709661845
481,-1.9868023551796477,-0.19405245752398517,-1.4723512735291209,-1.9904796515383252,-0.19398436125389898,-1.4717780637361624,0.0036772963586775287,-6.809627008619312e-05,-0.0005732097929584956,0.003722326567925789
482,-1.9848700600275615,-0.21361716715585455,-1.4618536742560835,-1.9884310390985427,-0.21356435012673866,-1.4612962104201923,0.003560979070981185,-5.2817029115886927e-05,-0.0005574638358911699,0.003604736815754674
483,-1.9827392495930902,-0.2330987371854121,-1.4512556813362305,-1.9861835852118708,-0.2330589161070144,-1.450714055553347,0.0034443356187805474,-3.982107839770044e-05,-0.0005416257828834148,0.003486888593254623
484,-1.9804101801077625,-0.2524893368029211,-1.4405472475243228,-1.9837375146218252,-0.25246026162825813,-1.4400215461719812,0.003327334514062752,-2.9075174662995806e-05,-0.0005257013523416454,0.003368733032774893
485,-1.977883128900922,-0.27178117907452515,-1.4297181303292392,-1.9810930719334263,-0.2717606264109441,-1.4292084339797944,0.0032099430325043254,-2.0552663581030473e-05,-0.0005096963494448659,0.0032502226158435308
486,-1.975158394144653,-0.29096652409609275,-1.4187578755262698,-1.9782505215887396,-0.2909522905664908,-1.4182642588677388,0.00309212744408649,-1.4233529601948014e-05,-0.000493616658530982,0.0031313115669663197
487,-1.9722362945864573,-0.310037682150309,-1.4076558008493563,-1.9752101478404307,-0.31002757768512307,-1.4071783326133003,0.0029738532539733686,-1.010446518595609e-05,-0.000477468236055989,0.0030119563729953166
488,-1.9691171692668308,-0.3289870168655731,-1.396400979942174,-1.9719722547233407,-0.32897885790632714,-1.3959397228381787,0.0028550854565099204,-8.158959245940789e-06,-0.00046125710399524955,0.002892116465251101
489,-1.9658013772187364,-0.3478069483751572,-1.3849822266654617,-1.9685371660240831,-0.347798550970695,-1.384537237321871,0.0027357888053467505,-8.397404462179292e-06,-0.0004449893435907182,0.002771755115404606
490,-1.962289297145783,-0.3664899564749657,-1.373388079879316,-1.964905225248665,-0.36647912925192844,-1.372959408789994,0.002615928102881915,-1.082722303724637e-05,-0.0004286710893222079,0.002650840615922949
491,-1.958581327075726,-0.3850285837780787,-1.3616067888436232,-1.9610767955881379,-0.38501312076778266,-1.3611944803206513,0.0024954685124118914,-1.546301029603514e-05,-0.0004123085229719159,0.0025293478446512486
492,-1.9546778839856749,-0.4034154388640773,-1.349626299407776,-1.957052259882277,-0.4033931121687696,-1.3492303915401058,0.0023743758966021655,-2.2326695307717248e-05,-0.0003959078676700756,0.0024072603555435725
493,-1.950579403395159,-0.4216431994209198,-1.3374342411926967,-1.9528320205812995,-0.42161175170339216,-1.337054765810933,0.0022526171861405597,-3.1447717527666175e-05,-0.0003794753817636387,0.0022845732011905796
494,-1.9462863389229317,-0.4397046153768521,-1.325017916004342,-1.9484164997056181,-0.43966175215875003,-1.3246548986519633,0.0021301607826864633,-4.2863218102096035e-05,-0.0003630173523787583,0.002161296789820768
495,-1.9417991618031263,-0.45759251201949774,-1.3123642877587447,-1.9438061388036416,-0.4575358937753214,-1.3120177476702315,0.002006977000515331,-5.661824417635408e-05,-0.00034654008851320306,0.0020374622301082947
496,-1.9371183603560875,-0.47529979309885806,-1.2994599742446251,-1.9390013989076176,-0.47522702713477977,-1.2991299243311092,0.0018830385515300474,-7.276596407829183e-05,-0.0003300499135159285,0.001913128855432507
497,-1.9322444394089198,-0.4928194439104629,-1.2862912411010439,-1.934002760487532,-0.4927280760196602,-1.2859776879442872,0.0017583210786122905,-9.136789080271823e-05,-0.00031355315675662965,0.001788395003648264
498,-1.927177919660509,-0.5101445343543206,-1.272843998444829,-1.928810723403061,-0.5100320402437544,-1.272546942300503,0.0016328037425519248,-0.00011249411056624137,-0.00029705614432606886,0.0016634137607599417
499,-1.9219193369855154,-0.5272682219646248,-1.2591038006457982,-1.9234258068535868,-0.527131998452086,-1.2588232354572375,0.0015064698680713473,-0.00013622351253872456,-0.00028056518856067747,0.001538416437057073
500,-1.9164692416716076,-0.5441837549043554,-1.245055849817224,-1.917848549326277,-0.5440211108893698,-1.2447917632410141,0.001379307654669315,-0.00016264401498566894,-0.0002640865762097988,0.0014137483515725983
501,-1.9108281975840304,-0.5608844749179658,-1.2306850036645032,-1.9120795085422362,-0.5606926221358159,-1.2304373771094976,0.0012513109582057425,-0.00019185278214983725,-0.0002476265550055423,0.0012899246159711502
502,-1.9049967812515036,-0.5773638202342296,-1.215975788416262,-1.906119261400735,-0.5771398638092112,-1.2157445970978271,0.0011224801492313308,-0.00022395642501837898,-0.00023119131843496454,0.0011677189693779495
503,-1.898975580867464,-0.5936153284100617,-1.2009124176484858,-1.8999684039215217,-0.5933562572321769,-1.200697630660021,0.0009928230540576788,-0.0002590711778848176,-0.00021478698846477684,0.0010483076563169858
504,-1.8927651952008189,-0.6096326391046597,-1.185478817902646,-1.8936275511852179,-0.6093353160635608,-1.1852803983066504,0.0008623559843989881,-0.00029732304109886254,-0.00019841959599564696,0.0009335037068336148
505,-1.8863662324107344,-0.6254094967716751,-1.1696586620915406,-1.8870973372718132,-0.625070648892882,-1.16947656703277,0.0007311048610787463,-0.00033884787879312483,-0.00018209505877053722,0.0008261300220208794
506,-1.8797793087605843,-0.6409397532552636,-1.1534354117793386,-1.8803784151972567,-0.6405559617968117,-1.153269592622839,0.0005991064366723808,-0.00038379145845190976,-0.00016581915649971357,0.0007305617008201277
507,-1.8730050472271018,-0.6562173702738159,-1.13679236951194,-1.8734714568481579,-0.6557850608566534,-1.136642772009011,0.0004664096210560409,-0.0004323094171624353,-0.00014959750292886653,0.0006533060382879653
508,-1.8660440760020902,-0.6712364217729174,-1.1197127424559978,-1.8663771529145952,-0.6707518546358369,-1.119579306941384,0.0003330769125049482,-0.00048456713708056043,-0.0001334355146138666,0.0006029515540593183
509,-1.8588970268858327,-0.6859910961266661,-1.102179718674401,-1.8590962128210502,-0.6854503566164047,-1.1020623802982807,0.00019918593521750516,-0.0005407395102613455,-0.0001173383761201574,0.0005880837944176557
510,-1.851564533573723,-0.7004756981639033,-1.0841765574158475,-1.8516293646554642,-0.6998746875935437,-1.0840752464144137,6.483108174126784e-05,-0.0006010105703596613,-0.00010131100143384586,0.0006129279679173705
511,-1.844047229840694,-0.7146846509932805,-1.0656866948180157,-1.8439773550964327,-0.7140190780271819,-1.06560133682667,-6.987474426134455e-05,-0.0006655729660985932,-8.535799134579136e-05,0.0006746523843976656
512,-1.8363457476318912,-0.7286124975984447,-1.0466938664077001,-1.836140949338534,-0.7278778703497366,-1.0466243828210473,-0.00020479829335728894,-0.0007346272487080974,-6.948358665281873e-05,0.0007657986055880663
513,-1.8284607150728271,-0.7422539021721325,-1.0271822477153862,-1.828120931015814,-0.7414455212290605,-1.0271285560983872,-0.0003397840570131816,-0.0008083809430720068,-5.369161699908531e-05,0.000878530445834577
514,-1.8203927544180745,-0.7556036511557659,-1.0071366141926623,-1.8199181021234212,-0.754716603785701,-1.007098628747356,-0.0004746522946532661,-0.0008870473700648418,-3.7985445306309984e-05,0.001006772432883262
515,-1.812142479964497,-0.7686566539494741,-0.9865425214137519,-1.811533282937409,-0.7676858097635824,-0.9865201535059736,-0.0006091970270880598,-0.0009708441858917727,-2.2367907778320095e-05,0.0011463680798029787
516,-1.8037104959631454,-0.7814079432565975,-0.9653865062414575,-1.8029673119327096,-0.7803479516532316,-0.9653796649918884,-0.0007431840304357173,-0.0010599916033658952,-6.841249569067287e-06,0.0012945854568148618
517,-1.79509739457325,-0.7938526750269977,-0.9436563092268838,-1.7942210456992849,-0.79269796476672,-0.9436649021705272,-0.0008763488739651493,-0.0011547102602776915,8.592943643415119e-06,0.0014496264942291232
518,-1.7863037539121647,-0.8059861279653139,-0.9213411179761829,-1.7852953588564693,-0.804730909263467,-0.9213650517940357,-0.001008395055695388,-0.0012552187018468608,2.3933817852817008e-05,0.0016102817782779617
519,-1.77733013626646,-0.817803702574103,-0.8984318305434423,-1.7761911439655085,-0.8164419721261122,-0.8984710118695688,-0.0011389923009514913,-0.0013617304479907055,3.9181326126458416e-05,0.0017757106889718178
520,-1.7681770865413213,-0.8293009197081047,-0.8749213370881322,-1.7669093114403063,-0.8278264690856536,-0.8749756733946423,-0.0012677751010150562,-0.0014744506224511067,5.4336306510083254e-05,0.0019453048036247042
521,-1.758845131037468,-0.8404734186251472,-0.8508048170664703,-1.7574507894563798,-0.8388798464951001,-0.8508742176279203,-0.0013943415810881987,-0.0015935721300471828,6.940056144999485e-05,0.0021186026093499054
522,-1.749334776656303,-0.8513169545319631,-0.8260800481162968,-1.7478165238580448,-0.8495976831508637,-0.8261644250538847,-0.001518252798258235,-0.0017192713810993965,8.437693758789333e-05,0.0022952353057765335
523,-1.7396465106439964,-0.8618273956397611,-0.8007477215647294,-1.7380074780638322,-0.8599756920611862,-0.8008469909691761,-0.0016390325801642902,-0.0018517035785748925,9.926940444671128e-05,0.002474891584778266
524,-1.7297808009925844,-0.8720007197650302,-0.7748117581724159,-1.7280246329701487,-0.8700097221608728,-0.7749258413027453,-0.0017561680224356113,-0.0019909976041574406,0.0001140831303294565,0.002657294214687535
525,-1.7197380976195897,-0.8818330105356645,-0.7482796163809117,-1.717868986853184,-0.8796957599716702,-0.7484084409343449,-0.0018691107664057238,-0.002137250563994386,0.00012882455343321553,0.0028421841594019523
526,-1.709518834445685,-0.8913204532906907,-0.7211625840229503,-1.7075415552690867,-0.8890299312075991,-0.721306085468987,-0.001977279176598401,-0.0022905220830915507,0.0001435014460366979,0.003029309660690754
527,-1.6991234324810136,-0.9004593307927722,-0.6934760432806231,-1.6970433709524082,-0.8980085023246204,-0.6936341662499572,-0.0020800615286054036,-0.002450828468151811,0.00015812296933415126,0.003218418713672702
528,-1.6885523040135686,-0.9092460189048712,-0.6652396977416847,-1.6863754837128333,-0.9066278820139979,-0.6654123974581106,-0.0021768203007352938,-0.0026181368908733127,0.00017269971642597248,0.003409253964300501
529,-1.6778058579664064,-0.917676982413992,-0.6364777498285749,-1.6755389603301956,-0.9148846226387805,-0.6366649935694167,-0.002266897636210796,-0.002792359775211528,0.00018724374084189144,0.003601549420147103
530,-1.6668845064538482,-0.9257487712133258,-0.607219016780264,-1.6645348844478025,-0.9227754216128066,-0.6074207853483693,-0.002349622006045715,-0.002973349600519204,0.0002017685681052761,0.0037950285866218784
531,-1.6557886725203899,-0.933458017076412,-0.5774969738669115,-1.6533643564640714,-0.9302971227216964,-0.5777132630548064,-0.002424316056318432,-0.00316089435471556,0.000216289187894958,0.003989403774424984
532,-1.6445187989908818,-0.9408014312699918,-0.5473497147016697,-1.642028493422494,-0.9374467173852932,-0.5475805367263731,-0.0024903055683878073,-0.003354713884698657,0.00023082202470336988,0.004184376402669989
533,-1.6330753582989013,-0.9477758032529563,-0.5168198204347635,-1.6305284288999269,-0.9442213458610588,-0.5170652053199697,-0.0025469293989743846,-0.0035544573918975253,0.0002453848852062013,0.0043796381649700965
534,-1.6214588630954392,-0.9543780006945627,-0.48595413227094364,-1.6188653128932389,-0.95061829838793,-0.48621412915210704,-0.002593550202200312,-0.003759702306632695,0.0002599968811634046,0.004574872945126147
535,-1.609669877376448,-0.960604971014148,-0.4548034250767437,-1.6070403117043106,-0.9566350162701883,-0.4550781034039326,-0.002629565672137346,-0.003969954743959669,0.00027467832718891527,0.004769759373029033
536,-1.5977090278105361,-0.9664537445964235,-0.42342198370214346,-1.5950546078234087,-0.9622690929009017,-0.4237114343156453,-0.0026544199871274543,-0.004184651695521846,0.0002894506135018293,0.004963973905909675
537,-1.585577014902572,-0.9719214397721949,-0.39186708782722174,-1.582909399810932,-0.9675182747245379,-0.3921714238816628,-0.002667615091640041,-0.004403165047657032,0.0003043360544410789,0.005157194309708237
538,-1.5732746236002784,-0.9770052695768736,-0.3601984153958517,-1.5706059021775611,-0.972380462138356,-0.3605177731102454,-0.002668721422717235,-0.004624807438517564,0.00031935771439373095,0.005349103403859388
539,-1.560802732943301,-0.9817025502129608,-0.3284773787168849,-1.5581453452628062,-0.9768537103322188,-0.32881191793031006,-0.002657387680494727,-0.0048488398807420285,0.0003345392134251335,0.00553939292331196
540,-1.5481623243703655,-0.9860107110537222,-0.29676641079191673,-1.5455289751119743,-0.9809362300664917,-0.29711631530754834,-0.0026333492583912044,-0.005074480987230512,0.00034990451563160496,0.005727767346575177
541,-1.535354488340686,-0.9899273059402868,-0.26512822208597503,-1.5327580533515686,-0.9846263883877127,-0.265493699789787,-0.0025964349891174354,-0.005300917552574114,0.0003654777038119561,0.005913947539832024
542,-1.5223804289891416,-0.9934500254502933,-0.2336250495690886,-1.519833857063122,-0.9879227092817555,-0.23400633231352022,-0.002546571926019592,-0.005527316168537744,0.00038128274443161025,0.006097674075626803
543,-1.509241466617053,-0.9965767097592032,-0.20231792028302203,-1.506757678655493,-0.9908238742642128,-0.20271526353027572,-0.0024837879615600134,-0.005752835494990394,0.0003973432472536842,0.006278710100534179
544,-1.49593903791593,-0.9993053616803295,-0.17126595089128524,-1.4935308257356246,-0.9933287229077735,-0.17167963311530354,-0.0024082121803055134,-0.005976638772555942,0.00041368222401830246,0.006456843648831801
545,-1.482474693923263,-1.0016341594593363,-0.14052570272129275,-1.4801546209777887,-0.9954362533063774,-0.1409560245718928,-0.0023200729454742053,-0.006197906152958899,0.00043032185060004613,0.00663188932720616
546,-1.4688500958097315,-1.0035614689139796,-0.11015060887309636,-1.466630401991313,-0.997145622475965,-0.11059789210988624,-0.0022196938184184667,-0.006415846438014516,0.000447283236789886,0.006803689326947693
547,-1.4550670086888347,-1.0050858545483834,-0.08019048629433434,-1.452959521186826,-0.99845614669166,-0.08065507250195922,-0.0021074875020086203,-0.006629707856723344,0.00046458620762487857,0.006972113752724996
548,-1.4411272937167294,-1.0062060893293558,-0.050691141598828565,-1.439143345641015,-0.9993673017612495,-0.05117339069845843,-0.001983948075714448,-0.006838787568106297,0.00048224909962986395,0.007137060288585919
549,-1.427032898807484,-1.006921162884788,-0.02169407514410644,-1.425183256959923,-0.9998787232348542,-0.022194363718999813,-0.0018496418475610898,-0.007042439649933896,0.000500288574893374,0.007298453250201655
550,-1.4127858483245135,-1.0072302879648798,0.006763716228625743,-1.4110806511407838,-0.9999902065507035,0.006244996773392763,-0.0017051971837296342,-0.007240081414176314,0.0005187194552329797,0.007456242095891064
551,-1.3983882321222203,-1.007132905089495,0.03464984110329013,-1.396836938432427,-0.9997017071169574,0.03411228652508152,-0.0015512936897932317,-0.007431197972537662,0.0005375545782086086,0.007610399486465425
552,-1.3838421943042813,-1.0066286853836104,0.06193652649047437,-1.3824535431942528,-0.9990133403295429,0.061379721814441665,-0.0013886511100285048,-0.007615345054067468,0.0005568046760327031,0.007760918994883604
553,-1.3691499220395187,-1.005717531672836,0.08860055080160242,-1.3679319037538011,-0.9979253815259969,0.08802407252366619,-0.0012180182857175481,-0.007792150146839094,0.0005764782779362349,0.00790781257113237
554,-1.3543136347368305,-1.004399577968968,0.11462310736951657,-1.3532734722629136,-0.9964382658753348,0.11402652573356668,-0.0010401624739169169,-0.007961312093633266,0.0005965816359498888,0.008051107866171518
555,-1.3393355738316346,-1.0026751875195223,0.13998961005750044,-1.338479714552524,-0.9945525882039893,0.13937249138381436,-0.0008558592791105823,-0.008122599315533052,0.000617118673686079,0.008190845512140353
556,-1.3242179933821199,-1.0005449496246055,0.16468945280651293,-1.3235521099860739,-0.9922691027578862,0.16405136184929442,-0.0006658833960460075,-0.008275846866719339,0.0006380909572185067,0.008327076445440024
557,-1.3089631516183,-0.9980096754399215,0.18871573471650865,-1.3084921513115828,-0.9895887229007583,0.18805623702960433,-0.0004710003067172064,-0.008420952539163196,0.0006594976869043201,0.008459859346041099
558,-1.2935733035337997,-0.9950703929876499,0.21206496155938528,-1.293301344512367,-0.9865125207488105,0.21138362585071127,-0.0002719590214328438,-0.008557872238839415,0.0006813357086740135,0.0085892582516508
559,-1.2780506945619996,-0.9917283415894547,0.23473673360063382,-1.2779812086564475,-0.9830417267418881,0.234033134057412,-6.948590555211354e-05,-0.00868661484756661,0.0007035995432218278,0.008715340390269163
560,-1.2623975553363609,-0.9879849659203411,0.25673342838066804,-1.2625332757446417,-0.979177729151317,0.25600714694934407,0.0001357204082808039,-0.008807236769024174,0.0007262814313239718,0.008838174260126425
561,-1.246616097500359,-0.9838419098608656,0.27805988577848956,-1.2469590905573706,-0.9749220735246148,0.2773105143849678,0.0003429930570115758,-0.00891983633625082,0.0007493713935217694,0.008957827972677714
562,-1.2316066899418059,-0.9795574000727869,0.29885403152533935,-1.2312602105001726,-0.97027646206729,0.2979502440332553,-0.0003464794416332406,-0.009280938005496897,0.0009037874920840294,0.009331274837673507
563,-1.2175113748121582,-0.9752149003189975,0.31917804697153973,-1.2154382054479715,-0.9652427529619856,0.3179352075580311,-0.0020731693641866666,-0.009972147357011907,0.0012428394135086118,0.010260916329954753
564,-1.2042018661876583,-0.9708164080557762,0.3390615519000173,-1.1994946575880876,-0.9598229596252282,0.3372758632229733,-0.004707208599570745,-0.010993448430547947,0.001785688677043984,0.012091418661443866
565,-1.1915795871974795,-0.9663647656333929,0.3585419586226314,-1.1834311612620187,-0.954019249902089,0.35598399733641756,-0.008148425935460724,-0.012345515731303935,0.002557961286213828,0.01501172108185236
566,-1.1795732839963105,-0.9618655337994226,0.3776662374521117,-1.1672493228060146,-0.9478339451990766,0.3740724860305142,-0.012323961190295885,-0.014031588600346034,0.003593751421597513,0.019017900708267307
567,-1.168137792697837,-0.9573289695639926,0.39649356923767476,-1.1509507603904343,-0.9412695195556019,0.39155507809344553,-0.017187032307402594,-0.016059450008390708,0.004938491144229229,0.024035155686812835
568,-1.157254100854133,-0.9527723367396729,0.41509933883293915,-1.1345371038579373,-0.9343285986543979,0.4084461989420335,-0.022716996996195782,-0.018443738085274997,0.006653139890905657,0.030008293811733977
569,-1.1469309759386785,-0.9482228597164839,0.4335812047601928,-1.1180099945604975,-0.92701395877128,0.4247607753253133,-0.028920981378181,-0.02120890094520389,0.008820429434879484,0.03693292052622228
570,-1.1372842024946932,-0.9437567641703886,0.4520667669622792,-1.1013710851952752,-0.9193285256646756,0.4405140799735253,-0.03591311729941804,-0.024428238505712963,0.01155268698875389,0.04494391401862859
571,-1.128667867702185,-0.9395726147175659,0.47072152001396,-1.0846220396393396,-0.9112753734053558,0.4557215951360275,-0.044045828062845516,-0.02829724131221012,0.014999924877932502,0.05445885219105172
572,-1.121282600618788,-0.9358144448810594,0.48978026678171654,-1.0677645327832885,-0.90285772314685,0.470398893769609,-0.053518067835499394,-0.03295672173420938,0.019381373012107572,0.06577208155551773
573,-1.115224245661636,-0.9325846999167564,0.5095859628369026,-1.0508002503637583,-0.894078941837027,0.48456153703014543,-0.06442399529787757,-0.038505758079729446,0.025024425806757178,0.07911615803610218
574,-1.1106396168745942,-0.9300227393915728,0.5306659329300335,-1.0337308887948575,-0.8849425408713637,0.498224986670857,-0.0769087280797367,-0.04508019852020906,0.032440946259176484,0.09486617810186682
575,-1.1076797303581571,-0.928285842735113,0.5538712279518367,-1.0165581549985165,-0.8754521746884284,0.5114045309468265,-0.0911215753596406,-0.052833668046684656,0.04246669700501027,0.11356917860848197
576,-1.106325856620089,-0.927448547202341,0.5806522134299796,-0.9992837662338049,-0.865611639308158,0.5241152226565137,-0.1070420903862842,-0.06183690789418306,0.05653699077346597,0.13593470350833187
577,-1.1071472697323463,-0.9279874771836506,0.6137813672115598,-0.9819094499252019,-0.8554248708134978,0.5363718280074358,-0.12523781980714443,-0.07256260637015277,0.07740953920412408,0.16414042802756224
578,-1.1137574537245267,-0.9326447637674496,0.6580807654275761,-0.9644369434898631,-0.8448959437760261,0.5481887850668954,-0.14932051023466364,-0.08774881999142359,0.10989198036068071,0.20511635121125715
579,-1.1279230946963859,-0.9435952889708652,0.718080765427576,-0.9468679941638701,-0.8340290696261731,0.5595801706434279,-0.18105510053251572,-0.10956621934469213,0.15850059478414813,0.2644014833492
580,-1.1580458890003744,-0.9699129116469277,0.7780807654275761,-0.9292043588275147,-0.8228285949687089,0.570559674535322,-0.2288415301728597,-0.14708431667821886,0.20752109089225412,0.3421509101400515
581,-1.1397973275525346,-0.9519294788522632,0.7865864601587399,-0.9114478038296094,-0.8112989998441578,0.581140580175409,-0.22834952372292516,-0.14063047900810544,0.20544587998333086,0.3378290191985602
582,-1.1215291158179124,-0.9336177993308734,0.7947271719767526,-0.89360010481086,-0.7994448959368459,0.5913357507932551,-0.22792901100705232,-0.13417290339402754,0.2033914211834975,0.33364962501834
583,-1.1032389568028254,-0.9149831585481635,0.802515127276603,-0.8756630465262938,-0.7872710247302823,0.6011576203049405,-0.22757591027653157,-0.12771213381788116,0.20135750697166255,0.3296149718631596
584,-1.0849246796234602,-0.8960309296241168,0.8099621201271431,-0.8576384226667918,-0.7747822556106337,0.6106181882251972,-0.22728625695666838,-0.12124867401348305,0.19934393190194588,0.32572731960572204
585,-1.0665842361230606,-0.8767665777241264,0.8170795105588977,-0.8395280356797178,-0.7619835839190322,0.619729017975972,-0.22705620044334285,-0.11478299380509416,0.1973504925829257,0.3219889295447146
586,-1.048215697507606,-0.857195663838142,0.8238782256959271,-0.8213336965886817,-0.7488801289535097,0.6285012380388306,-0.2268820009189243,-0.1083155348846323,0.19537698765709643,0.31840204890088253
587,-1.0298172510220185,-0.8373238479884492,0.8303687632464052,-0.8030572248124292,-0.7354771319213411,0.6369455454658797,-0.22676002620958924,-0.10184671606710805,0.1934232177805255,0.31496889407813006
588,-1.0113871966844936,-0.8171568919047911,0.8365611969276776,-0.7847004479829077,-0.721779953842635,0.6450722113249574,-0.2266867487015859,-0.09537693806215608,0.1914889856027202,0.3116916328010219
589,-0.9929239440927258,-0.7967006612037538,0.842465183456678,-0.7662652017625027,-0.7077940734059962,0.6528910877099849,-0.2266587423302231,-0.08890658779775762,0.18957409574669304,0.30857236526742826
590,-0.9744260093125431,-0.7759611271074143,0.848089970785974,-0.747753329660472,-0.6935250847771224,0.6604116159967486,-0.22667267965207105,-0.08243604233029189,0.18767835478922545,0.30561310448363055
591,-0.9558920118566991,-0.7549443677342809,0.8534444073097487,-0.7291666828486026,-0.6789786953612166,0.6676428360684155,-0.2267253290080965,-0.07596567237306429,0.18580157124133323,0.30281575597823435
592,-0.9373206717592364,-0.7336565689935621,0.8585369518030406,-0.7105071199760853,-0.6641607235200951,0.6745933962741206,-0.2268135517831511,-0.06949584547346699,0.18394355552891994,0.3001820971197
593,-0.9187108067488869,-0.7121040251118355,0.8633756838920305,-0.6917765069836577,-0.6490770962449237,0.6812715639183997,-0.22693429976522927,-0.06302692886691175,0.18210411997363074,0.2977137562889901
594,-0.9000613295233584,-0.6902931388192681,0.8679683148834275,-0.6729767169170084,-0.6337338467854989,0.6876852361095336,-0.22708461260634993,-0.05655929203376919,0.18028307877389393,0.2954121921826031
595,-0.8813712451250176,-0.6682304212206914,0.8723221988075074,-0.6541096297394813,-0.6181371122370333,0.6938419508213524,-0.22726161538553635,-0.05009330898365816,0.17848024798615503,0.29327867354067033
596,-0.8626396484174041,-0.6459224913750601,0.8764443435524711,-0.6351771321440697,-0.6022931310853911,0.6997488980461777,-0.22746251627333447,-0.04362936028966902,0.17669544550629346,0.2913142596086745
597,-0.8438657216611274,-0.62337607560515,0.880341421987863,-0.6161811173647562,-0.5862082407117827,0.7054129309366325,-0.22768460429637116,-0.03716783489336728,0.17492849105123054,0.28951978164836367
598,-0.8250487321870136,-0.6005980065577623,0.8840197829921778,-0.5971234849871871,-0.5698888748578939,0.71084057685146,-0.22792524719982643,-0.03070913169986844,0.1731792061407178,0.2878958258127253
599,-0.8061880301638272,-0.5775952220332176,0.887485462314781,-0.5780061407587223,-0.5533415610524803,0.7160380482354703,-0.22818188940510498,-0.024253660980737224,0.17144741407931063,0.28644271769052654
600,-0.7872830464574845,-0.5543747636015324,0.8907441932151666,-0.5588309963978517,-0.5365729180004349,0.7210112532766491,-0.22845205005963276,-0.017801845601097432,0.16973293993851757,0.28516050880763044
601,-0.7683332905783753,-0.5309437750213808,0.893801416833618,-0.5395999694030323,-0.5195896529353996,0.7257658062944856,-0.22873332117534295,-0.011354122085981189,0.1680356105391324,0.28404896534489427
602,-0.7493383487132049,-0.5073095004767411,0.8966622922567622,-0.5203149828609361,-0.5023985589369582,0.7303070378230215,-0.2290233658522688,-0.004910941539782887,0.16635525443374066,0.28310755929650466
603,-0.730297881837631,-0.4834792826450204,0.899331706249521,-0.5009779652541498,-0.48500651221350166,0.7346400043601177,-0.22931991658348116,0.0015272295684812809,0.1646917018894033,0.2823354622487896
604,-0.7112116239059058,-0.45946056060942314,0.9018142826317304,-0.4815908502683184,-0.467420469351827,0.7387694977612211,-0.22962077363758737,0.007959908742403876,0.16304478487050922,0.2817315419092831
605,-0.6920793801137126,-0.4352608676273856,0.9041143912834053,-0.4621555765987845,-0.44964746453460147,0.7427000542616012,-0.22992380351492814,0.014386596907215887,0.16141433702180408,0.2812943614606069
606,-0.6729010252304128,-0.41088782876603047,0.9062361567673966,-0.44267408775671735,-0.4316946067267801,0.7464359631158108,-0.2302269374736955,0.020806777960749645,0.1598001936515857,0.2810221817556563
607,-0.6536765019969734,-0.38634915841479694,0.9081834665621508,-0.4231483318747701,-0.4135690768321209,0.7499812748470809,-0.23052817012220328,0.027219918417323963,0.15820219171506988,0.2809129663116122
608,-0.6344058195859331,-0.36165265768467003,0.9099599789005606,-0.4035802615122578,-0.39527812482090974,0.7533398091026414,-0.23082555807367533,0.033625467136239706,0.15662016979791915,0.28096438900274007
609,-0.6098547257537347,-0.33007349063354935,0.8890452124734319,-0.38397183345991004,-0.37682906683007494,0.756515162113617,-0.22588289229382463,0.046755576196525594,0.1325300503598149,0.2660326656350076
610,-0.5846485786345056,-0.29901467308677565,0.8708776634928459,-0.36432500854419003,-0.35822928223682704,0.7595107137603188,-0.22032357009031556,0.05921460915005139,0.11136694973252714,0.25387288741979275
611,-0.5588823596197523,-0.2684188897550195,0.8551084852243409,-0.3446417514312205,-0.3394862107070128,0.7623296342454584,-0.2142406081885318,0.0710673209519933,0.0927788509788825,0.24404408924054546
612,-0.5326368937764598,-0.23823320568676334,0.8414311588480968,-0.3249240304303084,-0.32060734921933826,0.764974890379158,-0.20771286334615147,0.08237414353257491,0.07645626846893883,0.2361687830988183
613,-0.5059810361739998,-0.2084093015916021,0.8295763114061795,-0.3051738172971223,-0.30160024906668353,0.7674492514806304,-0.20080721887687752,0.09319094747508144,0.06212705992554912,0.2299301272546996
614,-0.47912850088178166,-0.17907282356460325,0.8193071507140547,-0.28539308703651545,-0.2824725128356836,0.7697552949021605,-0.1937354138452662,0.10339968927108034,0.04955185581189414,0.22512283920907555
615,-0.4532342455567665,-0.15136011330513752,0.810415712424349,-0.2655838177050335,-0.263231791365801,0.7718954111815078,-0.18765042785173303,0.11187167806066348,0.038520301242841115,0.22183725799082177
616,-0.428164419920932,-0.1250034545980369,0.8027210205168911,-0.2457479902131001,-0.24388578068908245,0.77387180882917,-0.18241642970783192,0.11888232609104554,0.028849211687721144,0.21963842628095162
617,-0.4037994621908348,-0.09977938733735528,0.7960628364817532,-0.22588758812693474,-0.2244422189518554,0.7756865187570767,-0.17791187406390005,0.12466283161450012,0.020376317724676518,0.2181940669291702
618,-0.38003388475509214,-0.07550142179627566,0.7902995222185224,-0.2060045974701957,-0.20490888331957058,0.777341398355284,-0.17402928728489644,0.1294074615232949,0.012958123863238358,0.21725652327340392
619,-0.35677553685271435,-0.05201395404324425,0.7853060549333081,-0.1861010065253778,-0.18529358686603822,0.7788381352231183,-0.17067453032733654,0.13327963282279398,0.0064679197101897845,0.21664507798058363
620,-0.33394457676379086,-0.029187199416311253,0.7809722025830739,-0.1661788056349928,-0.16560417544830938,0.7801782505609888,-0.16776577112879806,0.13641697603199812,0.0007939520220850982,0.21623037638585468
621,-0.31147230938815956,-0.006912979533062996,0.777200861011755,-0.14623998700252616,-0.14584852456842748,0.7813631022287947,-0.1652323223856334,0.13893554503536448,-0.004162241217039675,0.21592158365289124
622,-0.2892999909102541,0.014898780080524608,0.7739065487888416,-0.12628654449322554,-0.1260345362233393,0.7823938874764594,-0.16301344641702856,0.1409333163038639,-0.008487338687617862,0.21565625025758176
623,-0.26737766445641015,0.03632296322345642,0.7710140523758056,-0.10632047343471225,-0.10617013574419806,0.7832716453517061,-0.1610571910216979,0.1424930989676545,-0.012257592975900566,0.21539255005400793
624,-0.24566306465822946,0.05742168891862123,0.7684572121721884,-0.08634377041745736,-0.08626326862634384,0.7839972587896967,-0.1593192942407721,0.14368495754496508,-0.015540046617508296,0.2151034578777163
625,-0.22412061144683004,0.07824633450515063,0.7661778388801721,-0.06635843309511363,-0.06632189735120068,0.7845714563886423,-0.1577621783517164,0.14456823185635131,-0.01839361750847024,0.21477244642970017
626,-0.20272050174049935,0.09883922570307666,0.764124749199266,-0.0463664599847589,-0.04635399820139721,0.7849948138749364,-0.15635404175574047,0.14519322390447387,-0.02087006467567043,0.21439034082881903
627,-0.1814379001645976,0.1192350510630059,0.7622529099110821,-0.026369850267042503,-0.026367558070356484,0.7852677552607884,-0.1550680498975551,0.14560260913336237,-0.023014845349706325,0.21395303922109693
628,-0.16025222527867644,0.1394620479678548,0.7605226797800503,-0.006370603586275981,-0.006370571267652135,0.7853905536967359,-0.15388162169240047,0.14583261923550694,-0.024867873916685657,0.21345987323360702
629,-0.1391465250738428,0.15954299892953322,0.7588991392627442,0.013629280149540351,0.013628963678619457,0.7853633320208057,-0.15277580522338313,0.14591403525091376,-0.026464192758061444,0.21291243703267743
630,-0.11810693410338835,0.17949607002908113,0.7573514987016223,0.033627800968699426,0.033623047221136695,0.7851860630054648,-0.1517347350720878,0.14587302280794445,-0.027834564303842457,0.21231375739812175
631,-0.09712220407365926,0.1993355177201349,0.7558525764182822,0.053622959035786476,0.053603681993068565,0.7848585693028844,-0.15074516310944575,0.14573183572706636,-0.02900599288460226,0.21166771073665358
632,-0.07618329973891262,0.21907228562411382,0.7543783388748856,0.07361275485165383,0.07356287600690768,0.7843805230883966,-0.14979605459056644,0.14550940961720615,-0.030002184213510974,0.21097861814797558
633,-0.055283052299447605,0.2387145091985657,0.752907495812041,0.09359518945337977,0.09349264585116929,0.7837514454014016,-0.14887824175282738,0.14522186334739642,-0.030843949589360653,0.2102509683396826
634,-0.03441586305101539,0.2582679430983993,0.7514211439788002,0.1135682646141561,0.11338501988364241,0.7829707051823518,-0.1479841276651715,0.14488292321475688,-0.03154956120355157,0.20948923192424845
635,-0.013577450677940459,0.27773632354305267,0.7499024537345095,0.1335299830431127,0.13323204141994396,0.7820375180038213,-0.14710743372105317,0.1445042821231087,-0.032135064269311786,0.20869774067656277
636,0.007235363741403367,0.29712167594547667,0.7483363934170488,0.15347834858503784,0.15302577191607933,0.7809509444930636,-0.14624298484363446,0.14409590402939734,-0.03261455107601474,0.2078806126504219
637,0.02802483928073852,0.31642457636598076,0.7467094869351559,0.17341136642000265,0.17275829414376465,0.7797098884428689,-0.14538652713926414,0.1436662822222161,-0.033000401507712995,0.20704170937480135
638,0.048792469893736284,0.3356443739570091,0.7450096005540906,0.19332704326283448,0.1924217153572057,0.7783130946069631,-0.1445345733690982,0.14322265859980338,-0.03330349405287247,0.2061846152153763
639,0.06953911536702401,0.3547793804087119,0.743225755305537,0.2132233875624471,0.21200817045009426,0.7767591461756517,-0.1436842721954231,0.1427712099586176,-0.03353339087011464,0.205312631790214
640,0.09026511200895823,0.37382703144550655,0.7413479618670057,0.23309840970098727,0.23150982510153895,0.7750464619269026,-0.14283329769202904,0.1423172063439676,-0.03369850005989694,0.20442878236055245
641,0.11097036610750635,0.3927840246250321,0.7393670751263544,0.2529501221928054,0.25091887890969955,0.7731732930475957,-0.14197975608529903,0.14186514571533254,-0.03380621792124139,0.20353582258907646
642,0.1316544327676808,0.41164643702425635,0.7372746659768917,0.2727765398831953,0.2702275685118367,0.7711377196192538,-0.14112210711551448,0.14141886851241964,-0.033863053642362084,0.20263625512242686
643,0.15231658236740658,0.4304098258397224,0.735062908181478,0.2925756801469099,0.28942817068955534,0.7689376467622203,-0.1402590977795033,0.14098165515016708,-0.0338747385807423,0.2017323462231938
644,0.17295585654649479,0.449069314461167,0.732724478403591,0.3123455630864238,0.30851300545799065,0.7665708004319635,-0.13938970653992902,0.14055630900317634,-0.033846322028372455,0.20082614323023837
645,0.19357111536207328,0.46761966618462014,0.7302524677328882,0.3320842117299144,0.32747443913769303,0.7640347228610073,-0.13851309636784115,0.1401452270469271,-0.033782255128119054,0.19991949202362166
646,0.21416107700085946,0.4860553474000533,0.7276403032355111,0.351789652228968,0.34630488740800797,0.7613267676398998,-0.13762857522810856,0.13975045999204533,-0.033686464404388716,0.19901405395442692
647,0.23472435122964,0.5043705818093763,0.7248816782381887,0.37145991405595574,0.3649968183406966,0.7584440944306824,-0.13673556282631574,0.13937376346867975,-0.03356241619249367,0.1981113219014274
648,0.2552594675860888,0.5225593969946017,0.7219704902128029,0.3910930302010885,0.38354275541260996,0.7553836633065133,-0.13583356261499968,0.13901664158199178,-0.03341317309371039,0.197212635258518
649,0.27576489915881225,0.5406156644563037,0.7189007852669095,0.4106870373691092,0.40193528049619187,0.7521422287114786,-0.13492213821029697,0.13868038396011184,-0.03324144344456914,0.19631919375558013
650,0.29623908267479243,0.5585331340732751,0.7156667083680043,0.43023997617563103,0.4201670368266409,0.7487163330352061,-0.1340008935008386,0.13836609724663418,-0.03304962466720185,0.1954320700830113
651,0.3160949735928387,0.5757964455197676,0.7127500006233847,0.4497498913430674,0.43823073194451173,0.7451022997977352,-0.1336549177502287,0.13756571357525588,-0.03235229917435056,0.19451126921635264
652,0.33526246696269757,0.5923633255685105,0.7103355648579008,0.4692148318961616,0.45611914061260495,0.7412962264412188,-0.13395236493346402,0.1362441849559055,-0.030960661583318005,0.1935569078365421
653,0.3538215982722157,0.60832626287516,0.7085387791017274,0.48863285135707546,0.4738251077059589,0.7372939767265044,-0.13481125308485975,0.13450115516920108,-0.028755197624777074,0.1925915265285563
654,0.37182836466083635,0.6237579013182839,0.7075764281605119,0.5080020079400462,0.4913415510738144,0.733091172734505,-0.1361736432792099,0.13241635024446952,-0.025514744573993053,0.19164642737780327
655,0.389322631849112,0.6387211562888497,0.7078403127914571,0.5273203647455568,0.5086614643723737,0.7286831864746114,-0.1379977328964448,0.13005969191647604,-0.020842873683154295,0.1907703413252152
656,0.40634998691266055,0.6532928326055352,0.7100431385929278,0.5465859899540265,0.5257779198672481,0.7240651311052729,-0.14023600304136596,0.12751491273828708,-0.01402199251234515,0.19006000577103863
657,0.4230272095068766,0.667628634468535,0.7155165016894074,0.5657969570189859,0.5426840712044526,0.7192318517753863,-0.1427697475121093,0.12494456326408243,-0.003715350085978897,0.1897581316312561
658,0.4397433518625751,0.6821577453632213,0.7268008993867797,0.5849513448597394,0.5593731561488667,0.7141779160993728,-0.1452079929971643,0.12278458921435453,0.012622983287406964,0.19058005217198482
659,0.4577447413732039,0.6981640907122918,0.7484427739745495,0.6040472380534647,0.5758384992890305,0.708897604283927,-0.1463024966802608,0.12232559142326127,0.039545169690622495,0.19476085668785836
660,0.4751589566601367,0.7143365326535158,0.7850272037420226,0.6230827270267574,0.5920735147072245,0.7033848989304824,-0.1479237703666207,0.12226301794629135,0.08164230481154022,0.20855491682468752
661,0.49487861702262764,0.7340415680437842,0.7784593563080765,0.6420559082465795,0.6080717086137423,0.6976334745446516,-0.1471772912239519,0.1259698594300419,0.08082588176342487,0.2099104182733187
662,0.5145720405289439,0.7534635727832669,0.771654309738177,0.6609648844106218,0.6238266819443293,0.6916366867923863,-0.14639284388167795,0.1296368908389376,0.08001762294579062,0.21128040180775565
663,0.534237008515439,0.7725952912129762,0.7646050082689405,0.6798077646370254,0.6393321329197169,0.6853875615526078,-0.14557075612158643,0.1332631582932593,0.07921744671633268,0.21266245145854895
664,0.5538712842879736,0.791429569084258,0.7573040560769012,0.6985826646534714,0.6545818595662526,0.6788787838277314,-0.1447113803654978,0.1368477095180054,0.07842527224916984,0.21405420466547387
665,0.5734726131950549,0.8099593563903136,0.7497437061138251,0.7172877069856007,0.6695697621966022,0.672102686587147,-0.1438150937905458,0.14038959419371133,0.07764101952667812,0.21545335289338258
666,0.5930387226637123,0.8281777101724778,0.74191584896595,0.7359210211447693,0.6842898458495512,0.6650512396345386,-0.14288229848105705,0.14388786432292655,0.07686460933141137,0.2168576419827378
667,0.612567322195764,0.8460777973037521,0.7338120018463624,0.7544807438150888,0.6987362226879031,0.6577160386082651,-0.14191342161932474,0.14734157461584896,0.07609596323809731,0.21826487227017513
668,0.6320561033220911,0.8636528972525493,0.7254232978508659,0.7729650190397587,0.7129031143535387,0.6500882942451496,-0.14090891571766762,0.15074978289901064,0.07533500360571632,0.21967289851299565
669,0.6515027395125074,0.8808964048301184,0.7167404756319872,0.7913719984066616,0.7267848542786822,0.6421588220623271,-0.13986925889415425,0.15411155055143622,0.07458165356966007,0.22107962964993544
670,0.6709048860388287,0.8978018329256804,0.707753869673592,0.8096998412331966,0.7403758899524486,0.6339180326396285,-0.1387949551943679,0.15742594297323176,0.07383583703396346,0.2224830284289654
671,0.6902601797887793,0.9143628152339248,0.6984534013803286,0.827946714750356,0.7536707851417809,0.6253559227167048,-0.13768653496157668,0.16069203009214394,0.07309747866362382,0.22388111093131308
672,0.7095662390284649,0.9305731089801953,0.6888285712321777,0.8461107942859937,0.7666642220658663,0.61646206735519,-0.13654455525752873,0.16390888691432903,0.07236650387698762,0.2252719460193583
673,0.7288206631112808,0.9464265976494335,0.6788684522951866,0.8641902634472943,0.7793510035231799,0.607225613456968,-0.13536960033601353,0.1670755941262536,0.07164283883821854,0.2266536547346449
674,0.7480210321313299,0.9619172937257581,0.6685616854253991,0.8821833143024047,0.791726054970291,0.5976352749755627,-0.13416228217107484,0.17019123875546704,0.07092641044983639,0.22802440967091692
675,0.7671649065197188,0.9770393414504291,0.6578964765544264,0.9000881475612352,0.803784426551621,0.5876793302090884,-0.13292324104151643,0.17325491489880818,0.07021714634533804,0.2293824343459127
676,0.7862498265824829,0.9917870196068878,0.6468605965023642,0.9179029727553806,0.8155212950793129,0.5773456216204795,-0.1316531461728977,0.17626572452757483,0.06951497488188463,0.23072600259459772
677,0.8052733119793994,1.0061547443425647,0.6354413838270812,0.9356260084171686,0.8269319659624466,0.5666215586940145,-0.13035269643776914,0.17922277838011813,0.06881982513306661,0.23205343800562836
678,0.8242328611435906,1.0201370720382184,0.6236257512883836,0.953255482257799,0.8380118750848067,0.5554941244066477,-0.12902262111420837,0.18212519695341167,0.06813162688173591,0.23336311342209085
679,0.8431259506426254,1.033728702236677,0.6114001965811027,0.9707896313445805,0.8487565906304755,0.5439498859681842,-0.1276636807019551,0.18497211160620153,0.06745031061291851,0.23465345052695688
680,0.861950034482831,1.0469244806440152,0.5987508180724552,0.9882267022772163,0.8591618148564958,0.5319750105656659,-0.1262766677943853,0.18776266578751943,0.06677580750678935,0.23592291953320907
681,0.8796791279854689,1.0590211212813814,0.5744090624536565,1.0055649513631455,0.8692233858119127,0.5195552869336455,-0.12588582337767662,0.18979773546946865,0.05485377552001103,0.23426343633954863
682,0.897645267569535,1.0706489273062791,0.5511469595375584,1.0228026447919047,0.8789372790024944,0.5066761536623483,-0.12515737722236975,0.19171164830378473,0.04447080587521013,0.23322816670318194
683,0.9158108515700344,1.0818150288411448,0.5287584711400802,1.0399380588085174,0.8882996090004824,0.4933227352482483,-0.12412720723848303,0.19351541984066234,0.03543573589183191,0.23261872811776957
684,0.9341444552439325,1.0925264455854156,0.507060957828553,1.0569694798858615,0.8973066309987076,0.4794798869840495,-0.12282502464192901,0.195219814586708,0.027581070844503508,0.23228749030993606
685,0.9526198651804396,1.1027896544463025,0.485892287840545,1.0738952048960235,0.9059547423084627,0.4651322498740918,-0.12127533971558391,0.19683491213783977,0.020760037966453204,0.23212640917355776
686,0.9712152626976861,1.1126103168526755,0.46510832714848727,1.090713541280604,0.9142404838005289,0.4502643168426439,-0.11949827858291784,0.19836983305214662,0.01484401030584337,0.23205769517811115
687,0.9899125348632448,1.1219931172179027,0.4445807644497889,1.1074228072199814,0.9221605412887859,0.4348605115707623,-0.11751027235673661,0.19983257592911685,0.009720252879026614,0.23202630417229184
688,1.0086966929205783,1.1309416774736112,0.424195231386904,1.124021331801486,0.9297117468558371,0.4189052813456625,-0.11532463888090771,0.20122993061777406,0.005289950041241498,0.2319940535463889
689,1.02755537991662,1.1394585225561085,0.4038496838051086,1.1405074551864933,0.936891080120138,0.4023832053261955,-0.11295207526987339,0.20256744243597047,0.0014664784789131247,0.2319350999783139
690,1.0464784516218464,1.1475450790611261,0.38345301451237856,1.1568795287764002,0.9436956694441047,0.3852791196091139,-0.11040107715455383,0.20384940961702147,-0.0018261050967353087,0.23183251346158992
691,1.065457617099843,1.1552016946670824,0.36292387194599335,1.1731359153774927,0.9501227930827353,0.36757826041131964,-0.10767829827764963,0.20507890158434716,-0.004654388465326287,0.2316757111287219
692,1.0844861273672513,1.1624276698768194,0.3421896624716987,1.1892749893646573,0.9561698802722672,0.3492664265498517,-0.104788861997406,0.2062577896045522,-0.007076764078152997,0.231458553441183
693,1.1035585024298216,1.1692212965284445,0.32118571681645036,1.2052951368439446,0.9618345122584524,0.3303301621888942,-0.10173663441412306,0.20738678426999213,-0.009144445372443855,0.23117794434792172
694,1.1226702885812894,1.1755798996632796,0.2998546034197589,1.2211947558139582,0.9671144232640236,0.31075696051584134,-0.09852446723266883,0.20846547639925594,-0.010902357096082449,0.2308328115413848
695,1.1418178392315326,1.1814998809225905,0.2781455733231697,1.236972256326048,0.9720075013949759,0.29053548859030254,-0.09515441709451533,0.20949237952761457,-0.012389915267132845,0.230423371586013
696,1.1609981137244287,1.186976762826551,0.2560141226349957,1.2526260606433117,0.9765117894852975,0.2696558330657038,-0.09162794691888299,0.21046497334125358,-0.01364171043070811,0.22995060757384295
697,1.1802084896536966,1.1920052341768577,0.23342165963527947,1.2681546033983628,0.9806254858798085,0.24810976580033245,-0.08794611374466621,0.2113797482970492,-0.014688106165052978,0.22941590480093027
698,1.1994465851258673,1.1965791974932634,0.21033526424946578,1.2835563317498675,0.9843469451548001,0.22589102754483356,-0.08410974662400017,0.2122322523384632,-0.015555763295367786,0.22882080364667925
699,1.2187100882889066,1.2006918198930447,0.18672752794560046,1.2988297055378224,0.9876746787761803,0.2029956269152212,-0.08011961724891581,0.21301714111686443,-0.016268098969620726,0.2281668392247223
700,1.2379965922728748,1.2043355891800993,0.16257646213173083,1.3139731974375781,0.9906073556948702,0.17942215074251594,-0.07597660516470328,0.21372823348522907,-0.016845688610785114,0.22745544518837385
701,1.257303434498265,1.2075023771404438,0.13786546288940674,1.328985293112564,0.9931438028792042,0.15517208065333724,-0.0716818586142991,0.2143585742612396,-0.0173066177639305,0.22668790490923535
702,1.2766275401126854,1.2101835121448563,0.11258331943029312,1.3438644913657243,0.9952830057841277,0.13025010941636972,-0.06723695125303886,0.21490050636072866,-0.017666789986076598,0.22586533757155666
703,1.2959652701218454,1.2123698631302124,0.08672425307583803,1.3586093042896297,0.9970241087570001,0.10466444924219856,-0.0626440341677843,0.21534575437321235,-0.017940196166360528,0.22498870989867453
704,1.3153122755796811,1.2140519368564484,0.06028797292186666,1.373218257415277,0.9983664153798475,0.07842712292189793,-0.05790598183559581,0.21568552147660092,-0.018139150000031273,0.22405886652775261
705,1.33466335997627,1.2152199900023521,0.033279733765278055,1.3876898898595273,0.9993093887479177,0.051554227525755024,-0.05302652988325729,0.2159106012544344,-0.01827449376047697,0.2230765736865103
706,1.3540123526800667,1.2158641571594988,0.005710381457933251,1.4020227544711974,0.9998526516844362,0.024066159466105345,-0.0480104017911307,0.21601150547506265,-0.018355778008172095,0.22204257196320284
707,1.3733519969109522,1.2159745951057241,-0.02240362925777257,1.4162154179757676,0.9999959868914717,-0.004012210822560227,-0.04286342106481533,0.2159786082142524,-0.01839141843521234,0.22095763472576427
708,1.3926738561917953,1.2155416428952344,-0.05104025905623797,1.4302664611187157,0.999739337036853,-0.03265142639572878,-0.0375926049269204,0.21580230585838134,-0.01838883266050919,0.21982262923912566
709,1.41196824349327,1.214555996315072,-0.0801719642314822,1.4441744788074369,0.9990828047770997,-0.06181740477477093,-0.032206235314166776,0.2154731915379724,-0.01835455945671128,0.21863857783456508
710,1.431224177295379,1.2130088941688606,-0.10976584503001889,1.457938080251753,0.9980266527163616,-0.0914714824314205,-0.02671390295637388,0.214982241452499,-0.018294362598598388,0.21740671667175357
711,1.4504293684938703,1.2108923127195808,-0.1397838721292058,1.4715558891029872,0.9965713033013819,-0.12157055086072027,-0.021126520609116906,0.21432100941819887,-0.018213321268485516,0.21612854976312637
712,1.46957024145148,1.208199163532296,-0.17018319835564996,1.4850265435916035,0.9947173386525217,-0.1520672896241892,-0.015456302140123501,0.2134818248797743,-0.018115908731460767,0.21480589605272016
713,1.4886319915279356,1.204923488996912,-0.20091655918094056,1.4983486966633788,0.9924655003309216,-0.18291049838327378,-0.009716705135443204,0.21245798866599042,-0.018006060797666784,0.21344092750017868
714,1.5075986801446157,1.201060649077073,-0.23193276147466352,1.5115210161141086,0.9898166890418857,-0.21404552605890018,-0.003922335969492874,0.2112439600351873,-0.017887235415763342,0.21203619634775647
715,1.526453366908895,1.1966074924158414,-0.2631772556426453,1.5245421847228224,0.9867719642746133,-0.24541479105467268,0.0019111821860726685,0.20983552814122808,-0.01776246458797265,0.21059465006475225
716,1.5451782766312239,1.1915625049067087,-0.29459278189367494,1.5374109003835117,0.9833325438784152,-0.2769583822343691,0.007767376247712177,0.2082299610282935,-0.017634399659305855,0.20911963287783927
717,1.5637549973334035,1.1859259292562565,-0.32612007725809483,1.550125876235334,0.9794998035755915,-0.30861472634854564,0.013629121098069463,0.20642612568066498,-0.01750535090954919,0.20761487330126904
718,1.582164703704192,1.1796998499314841,-0.3576986264307336,1.5626858407913,0.9752752764111607,-0.3403213041667633,0.019478862912891914,0.2044245735203234,-0.017377322263970263,0.20608445765853187
719,1.6003883990457284,1.1728882391667812,-0.3892674368063927,1.5750895380654217,0.9706606521396621,-0.37201539497002895,0.025298860980306648,0.20222758702711907,-0.017252041836363752,0.2045327902054718
720,1.6184071676955822,1.1654969613266757,-0.42076581643743177,1.5873357276983062,0.9656577765492774,-0.4036348275127553,0.031071439997276018,0.19983918477739826,-0.01713098892467646,0.2029645410842417
721,1.6362024293006694,1.1575337347683226,-0.452134133203121,1.5994231850811964,0.9602686507235386,-0.43511871520880985,0.036779244219472984,0.19726508404478393,-0.017015417994311166,0.20138458391364625
722,1.6537561862169634,1.1490080522846782,-0.48331453426994847,1.6113507014784265,0.9544954302409214,-0.46640815416292103,0.04240548473853689,0.19451262204375674,-0.01690638010702744,0.19979792531097748
723,1.6710512557219461,1.1399310630879111,-0.5142516068649823,1.6231170841482976,0.9483404243126435,-0.49744686468148896,0.04793417157364854,0.1915906387752676,-0.016804742183493315,0.19820962900580974
724,1.688071479616513,1.1303154209718198,-0.5448929643075163,1.6347211564623458,0.9418060948590116,-0.528181759882355,0.05335032315416721,0.18850932611280824,-0.016711204425161275,0.1966247374200375
725,1.7048019050787242,1.1201751046528277,-0.5751897448987383,1.646161758023011,0.934895055524683,-0.5585634287330091,0.05864014705571319,0.18528004912814466,-0.016626316165729182,0.19504819363656295
726,1.7212289322010006,1.1095252172463883,-0.6050970153601991,1.6574377447796707,0.927610070633246,-0.5885465249860494,0.06379118742132994,0.18191514661314234,-0.016550490374149684,0.19348476656194188
727,1.73734042536522,1.0983817723451965,-0.6345740747317371,1.668547989143047,0.9199540540815242,-0.6180900577424485,0.06879243622217301,0.17842771826367232,-0.016484016989288586,0.19193898182043512
728,1.7531257873542423,1.0867614742256126,-0.663584658699476,1.6794913800979598,0.9119300681740611,-0.6471575834684962,0.07363440725628245,0.17483140605155156,-0.01642707523097986,0.19041506052460985
729,1.7685759967425931,1.0746814993556688,-0.6920970479806735,1.6902668233144347,0.9035413223982338,-0.6757173029780909,0.07830917342815846,0.171140176957435,-0.016379745002582657,0.18891686758564782
730,1.7836836105543417,1.0621592856787099,-0.720084087462997,1.7008732412571288,0.8947911721405041,-0.7037420699869326,0.08281036929721286,0.1673681135382058,-0.016342017476064452,0.1874478706938719
731,1.7984427353524133,1.049212335187743,-0.7475231251700846,1.7113095732930879,0.8856831173443074,-0.7312093202389199,0.08713316205932542,0.16352921784343555,-0.016313804931164633,0.1860111105559949
732,1.8128489707917632,1.0358580341820485,-0.7743958817610058,1.7215747757978035,0.8762208011101247,-0.7581009318558724,0.09127419499395972,0.1596372330719238,-0.01629494990513347,0.18460918245598162
733,1.8268993302198024,1.022113494403084,-0.8006882621875532,1.7316678222595798,0.8664080082382859,-0.7844030284895931,0.09523150796022262,0.15570548616479818,-0.01628523369796009,0.1832442287407472
734,1.8405921431574295,1.0079954170647334,-0.8263901213971157,1.7415877033821823,0.8562486637151049,-0.8101057371275008,0.0990044397752472,0.1517467533496285,-0.01628438426961487,0.1819179414417501
735,1.85392694447827,0.993519980691665,-0.8514949956799596,1.7513334271857652,0.8457468311429333,-0.8352029121201988,0.10259351729250477,0.14777314954873177,-0.01629208355976075,0.18063157394187082
736,1.8669043548698767,0.9787027527087399,-0.875999810535493,1.7609040191060688,0.8349067111147797,-0.8596918362790572,0.10600033576380796,0.1437960415939602,-0.01630797425643582,0.1793859603884332
737,1.8795259567619518,0.96355862391515,-0.8999045748941865,1.7702985220918765,0.823732639534121,-0.8835729088565338,0.10922743467007523,0.139825984381029,-0.01633166603765268,0.17818154143539877
738,1.8917941693964953,0.9481017643432397,-0.9232120702958954,1.7795159967007192,0.8122290858806044,-0.9068493289873355,0.112278172695776,0.1358726784626353,-0.01636274130855986,0.1770183948623533
739,1.9037121261423806,0.9323455985432697,-0.9459275422934144,1.7885555211928177,0.8004006514223111,-0.9295267818372679,0.11515660494956292,0.1319449471209586,-0.016400760456146468,0.17589626965288993
740,1.9152835565644848,0.9163027980402929,-0.968058400006694,1.7974161916232538,0.7882520673753163,-0.9516131333632378,0.11786736494123096,0.12805073066497663,-0.016445266643456136,0.1748146222059187
741,1.9265126751790187,0.8999852885588469,-0.9896139284633638,1.8060971219323696,0.7757881930112588,-0.9731181382979247,0.1204155532466491,0.12419709554758807,-0.016495790165439117,0.1737726534853384
742,1.937404078287255,0.8834042695821157,-1.010605017171508,1.814597444034368,0.7630140137137015,-0.9940531647825135,0.12280663425288707,0.12039025586841423,-0.01655185238899448,0.17276934607184136
743,1.9479626497962683,0.8665702438797653,-1.0310439073104476,1.8229163079041226,0.7499346389840432,-1.0144309380104182,0.1250463418921457,0.11663560489572211,-0.016612969300029423,0.17180350025235838
744,1.958193476517224,0.8494930547785278,-1.0509439590097926,1.8310528816621792,0.7365553003977854,-1.0342653043291206,0.1271405948550448,0.11293775438074238,-0.01667865468067209,0.1708737684567665
745,1.9681017730828232,0.8321819291395045,-1.0703194394200901,1.8390063516579414,0.722881349511976,-1.0535710164801917,0.12909542142488184,0.10930057962752848,-0.016748422939898422,0.1699786875192159
746,1.977692816344806,0.8146455242266326,-1.0891853316553919,1.8467759225510378,0.7089182557246515,-1.0723635400346438,0.13091689379376814,0.10572726850198111,-0.01682179162074804,0.16911670839639306
747,1.9869718888957613,0.7968919768856649,-1.1075571641986843,1.854360817390854,0.6946716040871542,-1.090658880591542,0.13261107150490736,0.1022203727985107,-0.016898283607142295,0.16828622311292618
748,1.995944231200577,0.7789289536895782,-1.125450859991385,1.8617602776942273,0.6801470930701856,-1.1084734309385513,0.13418395350634982,0.09878186061939254,-0.016977429052833726,0.16748558882264272
749,2.004615001714232,0.7607637009349127,-1.1428826041623998,1.868973563521292,0.665350532284497,-1.125823837107909,0.13564143819294006,0.09541316865041571,-0.01705876705449083,0.1667131489726627
750,2.0129892442964183,0.7424030935873962,-1.1598687291744219,1.8759999535494778,0.6502878401571169,-1.1427268820842833,0.13698929074694055,0.09211525343027926,-0.01714184709013855,0.1659672516357853
751,2.0210718622019517,0.723853682469917,-1.1764256160597524,1.8828387451456365,0.6349650415640629,-1.1591993858163752,0.13823311705631514,0.08888864090585413,-0.017226230243377216,0.16524626513659138
752,2.0288675979218556,0.7051217391591161,-1.192569610370545,1.8894892544363082,0.6193882654204694,-1.1752581201377648,0.13937834348554734,0.0857334737386467,-0.017311490232780224,0.16454859113997325
753,2.036381018166893,0.6862132982076409,-1.2083169514662446,1.895950816376105,0.6035637422291092,-1.1909197372013636,0.1404302017907879,0.08264955597853163,-0.017397214264881056,0.16387267539961636
754,2.04361650331753,0.6671341964377656,-1.2236837137929655,1.902222784814218,0.5874978015882669,-1.2062007100649477,0.14139371850331206,0.07963639484949869,-0.01748300372801781,0.16321701638056307
755,2.050578240707092,0.6478901091596798,-1.2386857588662639,1.9083045325590295,0.5711968696599886,-1.2211172841230187,0.14227370814806228,0.0766932394996912,-0.017568474743245188,0.16258017197666216
756,2.057270221154251,0.6284865832559131,-1.2533386967424158,1.9141954514408346,0.5546674665997017,-1.2356854381550875,0.14307476971341626,0.07381911665621144,-0.017653258587328358,0.1619607645425321
757,2.0636962382139097,0.6089290671440076,-1.267657855847668,1.9198949523726523,0.5379162039482439,-1.2499208538459183,0.1438012858412574,0.07101286319576372,-0.01773700200174977,0.1613574844525947
758,2.069859889669502,0.5892229376847367,-1.2816582601250173,1.9254024654091402,0.5209497819873273,-1.2638388927244983,0.144457424260362,0.06827315569740933,-0.017819367400518926,0.16076909238835554
759,2.075764580842955,0.5693735241449605,-1.2953546125500954,1.9307174398035836,0.5037749870595203,-1.2774545795615464,0.14504714103937144,0.06559853708544017,-0.01790003298854903,0.160194420540905
760,2.081413529349675,0.5493861293546173,-1.3087612841588387,1.935839344062973,0.4863986888537981,-1.2907825913575508,0.14557418528670207,0.06298744050081917,-0.017978692801287943,0.15963237289965462
761,2.0868097709740665,0.5292660482182062,-1.3218923078177214,1.94076766600115,0.4688278376577654,-1.3038372511423686,0.1460421049729166,0.0604382105604408,-0.018055056675352787,0.1590819247816004
762,2.09195616638566,0.5090185837541388,-1.3347613760510477,1.9455019127900275,0.45106946157762406,-1.3166325258920903,0.14645425359563258,0.05794912217651471,-0.018128850158957377,0.15854212173857274
763,2.0968554084566464,0.4886490608420058,-1.3473818423181751,1.9500416110088725,0.433130663727031,-1.3291820279480693,0.1468137974477739,0.055518397114974805,-0.01819981437010587,0.15801207796354788
764,2.1015100299783147,0.4681628378594549,-1.3597667252060708,1.954386306691646,0.415018619385944,-1.3414990193963932,0.14712372328666867,0.05314421847351092,-0.018267705809677626,0.15749097430151812
765,2.105922411606697,0.4475653163881139,-1.3719287150690822,1.9585355653724,0.39674057313061206,-1.3535964189332585,0.14738684623429688,0.05082474325750186,-0.018332296135823656,0.15697805595590356
766,2.1100947898966798,0.4268619491628019,-1.3838801827082123,1.9624889721287242,0.37830383593583167,-1.3654868108028255,0.14760581776795556,0.048558113226970234,-0.018393371905386813,0.15647262996818337
767,2.1140292653092487,0.406058246430924,-1.3956331897366832,1.9662461316232376,0.3597157822506608,-1.3771824554492114,0.14778313368601115,0.046342464180263165,-0.018450734287471793,0.15597406253638232
768,2.1177278100985815,0.38515978088012975,-1.4071995003274491,1.9698066681431217,0.3409838470487362,-1.3886953015737538,0.1479211419554598,0.044175933831393566,-0.018504198753695356,0.15548177622730971
769,2.121192276004737,0.36417219128253603,-1.4185905940819032,1.9731702256376917,0.3221155228543811,-1.4000369993327406,0.1480220503670453,0.04205666842815492,-0.018553594749162627,0.15499524712795554
770,2.1244244016939318,0.3431011849935208,-1.4298176797976774,1.9763364677540007,0.30311835674570226,-1.4112189144499225,0.14808793393993103,0.03998282824781857,-0.018598765347754842,0.15451400197313117
771,2.127425819902199,0.3219525394326144,-1.4408917099476086,1.979305077870476,0.2839999473358494,-1.422252143052719,0.1481207420317232,0.03795259209676505,-0.018639566894889548,0.1540376152792583
772,2.130198064249828,0.3007321026635976,-1.4518233957119895,1.9820757591285796,0.26476794173367757,-1.4331475270714018,0.14812230512124858,0.03596416092992005,-0.01867586864058768,0.15356570650801543
773,2.1327425757036456,0.2794457931807776,-1.4626232224325615,1.984648234462495,0.24543003248500284,-1.4439156700672382,0.14809434124115062,0.03401576069577478,-0.018707552365323288,0.15309793727827914
774,2.1350607086722073,0.25809959899866874,-1.4733014653797123,1.9870222466268317,0.22599395449569257,-1.4545669533788361,0.14803846204537563,0.03210564450297618,-0.01873451200087617,0.15263400864035045
775,2.137153736725475,0.23669957613307546,-1.4838682057443437,1.9891975582223522,0.20646748193779657,-1.4651115524962097,0.1479561785031227,0.03023209419527889,-0.018756653248134025,0.15217365842270753
776,2.1390228579358275,0.21525184655290822,-1.4943333467832336,1.9911739517197096,0.18685842513998854,-1.4755594535896255,0.1478489062161179,0.028393421412919673,-0.018773893193608115,0.1517166586584317
777,2.1406691998414242,0.1937625956740129,-1.5047066300616896,1.9929512294812013,0.1671746274635352,-1.4859204701354887,0.14771797036022294,0.026587968210477708,-0.018786159926200918,0.15126281309587586
778,2.142093824036195,0.17223806945885736,-1.5149976517501793,1.9945292137805317,0.14742396216506348,-1.4962042595945497,0.14756461025566314,0.02481410729379388,-0.018793392155629585,0.15081195479606038
779,2.1432977303931957,0.15068457117911416,-1.5252158789426453,1.9959077468205864,0.12761432924735241,-1.5064203401089062,0.14738998357260935,0.023070241931761742,-0.01879553883373908,0.15036394381757437
780,2.1442818609298793,0.1291084578919775,-1.535370665973593,1.99708669074921,0.10775365229944407,-1.516578107193738,0.1471951701806693,0.02135480559253343,-0.018792558779854973,0.14991866498840428
781,2.145047103325075,0.10751613667545469,-1.545471270718956,1.998065927672992,0.0878498753273104,-1.5266868504077726,0.14698117565208313,0.019666261348144295,-0.018784420311183325,0.14947602576302738
782,2.1455942940982653,0.08591406066282962,-1.5555268708723702,1.9988453596690559,0.06791095957636362,-1.536755769993164,0.14674893442920944,0.01800310108646601,-0.018771100879206193,0.14903595416225998
783,2.1459242214621486,0.06430872491199935,-1.5655465801939425,1.999424908794852,0.04794488034705368,-1.5467939934810255,0.14649931266729666,0.01636384456494567,-0.01875258671291702,0.1485983967927027
784,2.1460376278595747,0.04270666214138489,-1.575539464733029,1.9998045170959504,0.02795962380486148,-1.5568105922633153,0.14623311076362433,0.01474703833652341,-0.018728872469713664,0.1481633169421234
785,2.145935212195763,0.021114438360604153,-1.5855145590300044,1.9999841466118375,0.007963183785935567,-1.5668145981353296,0.14595106558392534,0.013151254574668586,-0.01869996089467474,0.1477306927467457
786,2.1456176317763482,-0.000461351578988526,-1.5954808823046112,1.9999637793797111,-0.012036441400328576,-1.5768150198156834,0.14565385239663708,0.01157508982134005,-0.018665862488927765,0.14730051542614844
787,2.1450855039612575,-0.022014088491451193,-1.6054474546402646,1.999743417436278,-0.03203125217051633,-1.5868208594525117,0.14534208652497949,0.01001716367906514,-0.018626595187752892,0.14687278758128147
788,2.144339407543751,-0.04353713340093044,-1.6154233131747175,1.9993230828175483,-0.05201325086691355,-1.5968411291256488,0.14501632472620285,0.008476117465983111,-0.01858218404906875,0.14644752155098467
789,2.143379883863196,-0.06502383210561691,-1.6254175283077452,1.998702817556634,-0.07197444495646654,-1.606884867354864,0.14467706630656196,0.006950612850849636,-0.018532660952881308,0.14602473782229564
790,2.1422074376592892,-0.08646751974432001,-1.6354392199360523,1.997882683679544,-0.09190685022768164,-1.6169611556237677,0.1443247539797452,0.005439330483361621,-0.018478064312284603,0.14560446348979186
791,2.1408225376745733,-0.10786152535026476,-1.6454975737243656,1.9968627631989828,-0.111802493984214,-1.6270791349278113,0.1439597744755905,0.003940968633949243,-0.01841843879655425,0.1451867307591815
792,2.1392256170111343,-0.1291991763776858,-1.6556018574196703,1.9956431581061487,-0.13165341823383273,-1.6372480223527806,0.14358245890498567,0.002454241856146927,-0.0183538350668897,0.14477157549033218
793,2.1374170732464552,-0.15047380318747128,-1.665761437212713,1.994223990360534,-0.15145168287151517,-1.6474771276873965,0.14319308288592114,0.000977879684043892,-0.018284309525316456,0.14435903577493278
794,2.1353972683124467,-0.17167874347852374,-1.6759857941471579,1.9926054018777313,-0.1711893688553761,-1.6577758700698915,0.14279186643471542,-0.0004893746231476315,-0.018209924077266404,0.14394915054397228
795,2.133166528140755,-0.19280734665164642,-1.6862845405720905,1.9907875545152398,-0.1908585813741894,-1.668153794663767,0.142378973625515,-0.0019487652774570208,-0.01813074590832353,0.1435419582002207
796,2.1307251420765527,-0.21385297809265308,-1.6966674366277785,1.9887706300562809,-0.21045145300520013,-1.6786205893521406,0.14195451202027187,-0.00340152508745295,-0.01804684727563788,0.14313749527089079
797,2.128073362062183,-0.23480902336102052,-1.7071444067476222,1.9865548301916196,-0.22996014686099078,-1.689186101433152,0.1415185318705634,-0.004848876500029742,-0.01795830531447029,0.14273579507565698
798,2.1252114015912307,-0.2556688922697759,-1.717725556150913,1.984140376499396,-0.24937685972413318,-1.699860354290574,0.14107102509183478,-0.006292032545642728,-0.01786520186033913,0.14233688640520126
799,2.1221394344329108,-0.2764260228414162,-1.7284211872911772,1.981527510422967,-0.2686938251683646,-1.7106535640039524,0.1406119240099437,-0.007732197673051611,-0.01776762328722481,0.14194079220544764
800,2.118857593126065,-0.29707388512349353,-1.7392418162133416,1.9787164932467636,-0.2879033166650653,-1.7215761558510787,0.14014109987930135,-0.00917056845842823,-0.017665660362262914,0.14154752826265057
801,2.115365967241592,-0.31760598484606495,-1.7501981887594877,1.9757076060701602,-0.30699765067375967,-1.7326387806421168,0.1396583611714317,-0.010608334172305278,-0.01755940811737089,0.14115710188450936
802,2.1116646014118414,-0.33801586690147195,-1.7613012965473085,1.9725011497793674,-0.325969189715432,-1.7438523308090974,0.139163451632474,-0.012046677186039967,-0.017448965738211086,0.14076951057250237
803,2.107753493125387,-0.3582971186248893,-1.77256239262728,1.9690974450173422,-0.344810345427416,-1.7552279561563868,0.13865604810804477,-0.013486773197473267,-0.017334436470893166,0.14038474068068774
804,2.1036325902857325,-0.37844337285173557,-1.783993006703687,1.9654968321517237,-0.3635135815986424,-1.7667770791568955,0.1381357581340088,-0.014929791253093183,-0.017215927546791576,0.14000276605629866
805,2.0993017885329204,-0.3984483107253605,-1.795604959780688,1.961699671240799,-0.3820714171840091,-1.7785114096548387,0.13760211729212135,-0.01637689354135141,-0.017093550125849344,0.1396235466575907
806,2.0947609283277795,-0.41830566422539384,-1.8074103780671738,1.9577063419974947,-0.4004764292967199,-1.7904429588085071,0.13705458633028478,-0.017829234928673943,-0.016967419258666627,0.13924702714459183
807,2.0900097917997376,-0.4380092183837604,-1.819421705942928,1.9535172437514072,-0.41872125617732653,-1.80258405207521,0.13649254804833033,-0.019287962206433862,-0.01683765386771796,0.13887313543868615
808,2.08504809936082,-0.4575528131515886,-1.8316517177530849,1.94913279540887,-0.43679860013833777,-1.814947341005158,0.13591530395195006,-0.02075421301325081,-0.016704376747926908,0.1385017812473437
809,2.0798755060907337,-0.4769303448760982,-1.8441135281577437,1.944553435411064,-0.45470123048319755,-1.8275458135709115,0.13532207067966961,-0.02222911439290065,-0.01656771458683215,0.138132854550816
810,2.0744915979009613,-0.49613576734201176,-1.8568206007183918,1.9397796216901726,-0.4724219863984661,-1.8403928027138892,0.13471197621078868,-0.023713780943545648,-0.01642779800450267,0.13776622404831784
811,2.068895887489639,-0.5151630923271178,-1.8697867543521645,1.9348118316235898,-0.4899537798180512,-1.8535019927388603,0.1340840558660492,-0.02520931250906655,-0.016284761613304166,0.13740173556207988
812,2.0630878101038603,-0.5340063896163362,-1.8830261672285653,1.9296505619861817,-0.5072895982583422,-1.8668874231310342,0.13343724811767865,-0.026716791357993985,-0.016138744097531132,0.13703921039881656
813,2.057066719132095,-0.55265978641304,-1.8965533776208567,1.9242963289006125,-0.5244225076230977,-1.8805634893080148,0.13277039023148252,-0.02823727878994231,-0.015989888312841982,0.13667844366957885
814,2.0508318815568485,-0.5711174660805294,-1.9103832811557393,1.9187496677857283,-0.541345654977011,-1.894544939750472,0.13208221377112017,-0.029771811103518342,-0.01583834140526741,0.1363192025707797
815,2.044382473306718,-0.5893736661405461,-1.9245311238302454,1.9130111333030182,-0.5580522712867794,-1.9088468688807356,0.13137134000369977,-0.031321394853766726,-0.015684254949509757,0.1359612246314164
816,2.0377175745579095,-0.6074226754496683,-1.9390124900841914,1.9070812993011486,-0.5745356741286307,-1.9234847049782011,0.13063627525676091,-0.03288700132103761,-0.015527785105990288,0.13560421593426936
817,2.030836165048294,-0.6252588304685616,-1.953843285130728,1.9009607587585777,-0.5907892703612041,-1.9384741923347701,0.12987540628971628,-0.034469560107357466,-0.015369092795957773,0.13524784932221423
818,2.0237371194825284,-0.6428765105336155,-1.9690397106574171,1.89465012372426,-0.6068065587627183,-1.9538313667637117,0.12908699575826854,-0.036069951770897224,-0.0152083438937054,0.1348917626048355
819,2.016419203124905,-0.6602701320358206,-1.9846182329174906,1.8881500252564394,-0.6225811326313736,-1.9695725234828305,0.12826917786846548,-0.03768899940444703,-0.015045709434660104,0.13453555678538168
820,2.0088810676977378,-0.6774341414082744,-2.0005955421376074,1.8814611133595462,-0.6381066823479474,-1.9857141762998443,0.12741995433819153,-0.039327459060326975,-0.014881365837763116,0.13417879433385088
821,2.001121247727499,-0.6943630068220206,-2.016988502077662,1.8745840569191952,-0.6533769978995605,-2.0022730069375108,0.12653719080830372,-0.04098600892246007,-0.014715495140151358,0.13382099753876017
822,1.9931381575087825,-0.711051208490728,-2.033814088493973,1.8675195436353014,-0.6683859713635882,-2.019265803252276,0.12561861387348117,-0.042665237127139766,-0.014548285241696934,0.13346164697801235
823,1.9849300888876573,-0.7274932274888761,-2.0510893151847145,1.8602682799533052,-0.6831275993507646,-2.036709385028378,0.12466180893435208,-0.04436562813811151,-0.014379930156336318,0.13310018015831238
824,1.9764952101009925,-0.743683532996715,-2.0688311462423767,1.8528309909935323,-0.6975959854064473,-2.0546205159757753,0.12366421910746017,-0.046087547590267675,-0.01421063026660141,0.13273599038285416
825,1.96783156594676,-0.7596165678995354,-2.0870563931103385,1.8452084204786805,-0.711785342369123,-2.073015800533438,0.12262314546807951,-0.0478312255304123,-0.01404059257690049,0.13236842591848505
826,1.9589370796015624,-0.7752867326902327,-2.1057815950491965,1.8374013306594494,-0.7256899946851959,-2.091911564088844,0.12153574894211294,-0.04959673800503683,-0.01387003096035233,0.131996789546192
827,1.9498095564448645,-0.7906883676544031,-2.125022881674716,1.8294105022383151,-0.7393043806791324,-2.1113237152817104,0.1203990542065494,-0.05138398697527069,-0.013699166393005502,0.1316203385923682
828,1.9404466902932531,-0.8058157333581167,-2.144795816346335,1.8212367342914608,-0.7526230547780576,-2.1312675891780724,0.1192099560017923,-0.05319267858005916,-0.013528227168262852,0.13123828555260414
829,1.9308460724905085,-0.8206629895119828,-2.1651152193777907,1.812880844188868,-0.765640689689914,-2.1517577702945823,0.11796522830164058,-0.055022299822068854,-0.013357449083208461,0.13084979943423042
830,1.9210052043376749,-0.8352241723530456,-2.185994970325274,1.8043436675125866,-0.7783520785342984,-2.172807894737887,0.11666153682508829,-0.05687209381874714,-0.013187075587386854,0.1304540079578518
831,1.910921513378067,-0.8494931707701386,-2.207447788999819,1.7956260579731689,-0.7907521369251587,-2.1944304311165266,0.11529545540489816,-0.05874103384497997,-0.01301735788329239,0.13005000077070994
832,1.9005923740707718,-0.8634637014998535,-2.2294849953647797,1.786728887324304,-0.8028359050044701,-2.216636440398034,0.11386348674646785,-0.06062779649538341,-0.012848554966745862,0.12963683383468672
833,1.8900151333872317,-0.8771292838397596,-2.2521162491297337,1.777653045275642,-0.8145985494261158,-2.2394353155356597,0.11236208811158965,-0.06253073441364387,-0.012680933594074073,0.12921353515759723
834,1.8791871418425417,-0.8904832144623751,-2.275349270648344,1.7683994394038254,-0.8260353652891601,-2.262834502486271,0.11078770243871627,-0.064447849173215,-0.012514768162072976,0.12877911203628267
835,1.8681057904190648,-0.9035185430654114,-2.2991895456728617,1.7589689950617298,-0.8371417780197469,-2.2868392051869093,0.109136795357335,-0.06637676504566448,-0.012350340485952405,0.12833255997179796
836,1.856768553747402,-0.9162280497567528,-2.3236400176060648,1.7493626552859305,-0.8479133452008673,-2.311452078146046,0.10740589846147142,-0.06831470455588551,-0.012187939460018615,0.12787287339836745
837,1.8451730397713684,-0.9286042252396559,-2.348700772104792,1.739581380702398,-0.8583457583492696,-2.3366729115189178,0.10559165906897028,-0.07025846689038628,-0.01202786058587435,0.12739905833638798
838,1.833317045933195,-0.9406392550250023,-2.3743687201950414,1.7296261494304437,-0.868434844638788,-2.3624983148415106,0.10369089650275143,-0.07220441038621439,-0.011870405353530789,0.1269101470333334
839,1.821198621668475,-0.9523250090402141,-2.4006372874067248,1.7194979569848965,-0.8781765685694278,-2.3889214069446996,0.10170066468357852,-0.07414844047078628,-0.011715880462025208,0.12640521459311668
840,1.8088161366965265,-0.9636530381127167,-2.4274961177573307,1.709197816176561,-0.8875670335815046,-2.4159315208889622,0.09961832051996544,-0.07608600453121217,-0.011564596868368415,0.12588339751321492
841,1.7961683542346203,-0.9746145788611992,-2.45493080261953,1.6987267570109346,-0.8966024836142181,-2.443513933963093,0.09744159722368573,-0.07801209524698105,-0.011416868656437096,0.12534391394976213
842,1.7832545078635966,-0.9852005685106172,-2.4829226454925317,1.6880858265852081,-0.9052793046080264,-2.471649633771164,0.09516868127838851,-0.0799212639025908,-0.01127301172136752,0.12478608541550275
843,1.7700743803445238,-0.9954016710374635,-2.5114484743428536,1.6772760889835565,-0.9135940259502211,-2.5003151320731636,0.09279829136096729,-0.08180764508724236,-0.011133342269689983,0.12420935948763785
844,1.7566283822553768,-1.0052083158335117,-2.5404805133646913,1.666298625170732,-0.921543321863127,-2.52948233822374,0.09032975708464486,-0.08366499397038463,-0.01099817514095136,0.1236133329680358
845,1.742917627914605,-1.0146107497376717,-2.569986325617692,1.655154532883968,-0.9291240127343685,-2.559118503655017,0.08776309503063695,-0.08548673700330323,-0.010867821962674995,0.1229977748052417
846,1.7289440057219985,-1.0235991028237865,-2.599928836935435,1.6438449265232045,-0.9363330663886721,-2.5891862477784504,0.085099079198794,-0.08726603643511444,-0.010742589156984561,0.12236264796649791
847,1.71471023981669,-1.0321634677552918,-2.6302664497020736,1.6323709370396566,-0.9431675993006936,-2.619643673878287,0.08233930277703339,-0.08899586845459817,-0.010622775823786679,0.12170812935050208
848,1.7002199398670215,-1.0402939918468699,-2.6609532525588167,1.6207337118227096,-0.949624877748395,-2.6504445810272683,0.07948622804431182,-0.09066911409847489,-0.01050867153154833,0.12103462677049315
849,1.6854776359014665,-1.0479809802435494,-2.6919393288809,1.6089344145851874,-0.9557023189064935,-2.6815387748284367,0.07654322131627911,-0.09227866133705587,-0.010400554052463207,0.12034279202440894
850,1.6704887953874457,-1.0552150078868414,-2.7231711630841815,1.5969742252469805,-0.9613974918795568,-2.712872476001037,0.07351457014046514,-0.09381751600728461,-0.010298687083144298,0.11963352911433733
851,1.6552598202737425,-1.0619870372427447,-2.7545921396728636,1.5848543398170567,-0.9667081186743309,-2.7443888216776147,0.07040548045668582,-0.09527891856841375,-0.010203317995248984,0.11890799678749683
852,1.6397980224213353,-1.0682885381795846,-2.786143125680223,1.5725759702738584,-0.9716320751109048,-2.7760284500182753,0.0672220521474769,-0.09665646306867981,-0.010114675661947903,0.11816760474686609
853,1.6241115767248957,-1.0741116059643367,-2.817763123076979,1.5601403444441087,-0.976167391672356,-2.807730154671101,0.06397123228078705,-0.09794421429198075,-0.010032968405877973,0.11741400311644776
854,1.608209452221206,-1.079449073144495,-2.849389974134693,1.5475487058800246,-0.9803122542925307,-2.8394315920225517,0.06066074634118146,-0.09913681885196435,-0.009958382112141173,0.11664906503289157
855,1.592101322523419,-1.0842946111324108,-2.8809610999221653,1.5348023137349744,-0.9840650050816433,-2.8710700213760587,0.05729900878844463,-0.10022960605076747,-0.009891078546106602,0.1158748625545487
856,1.5757974579338514,-1.0886428176221754,-2.9124142503170525,1.5219024426375487,-0.9874241429894152,-2.9025830564067965,0.053895015296302695,-0.10121867463276024,-0.009831193910255998,0.11509363640924002
857,1.5593086024938374,-1.0924892865326599,-2.943688243287525,1.5088503825641069,-0.9903883244054711,-2.9339094056196564,0.05045821992973054,-0.10210096212718878,-0.00977883766786869,0.1143077604185701
858,1.5426458399555503,-1.0958306579470052,-2.974723671794525,1.4956474387097796,-0.9929563636967662,-2.9649895801409523,0.046998401245770705,-0.10287429425023897,-0.00973409165357264,0.11351970171500349
859,1.5258204531517299,-1.0986646464507612,-3.0054635584316127,1.4822949313579503,-0.9951272336818244,-2.9957665489487293,0.043525521793779554,-0.1035374127689368,-0.009697009482883434,0.11273197808615401
860,1.5088437814610556,-1.100990047285875,-3.035853940703704,1.4687941957482267,-0.9969000660415961,-3.0261863244390357,0.040049585712828906,-0.10408998124427882,-0.0096676162646685,0.11194711392190702
861,1.4917270810107075,-1.102806720757817,-3.065844373414099,1.4551465819429195,-0.9982741516667748,-3.0561984648014353,0.03658049906778804,-0.10453256909104214,-0.009645908612663678,0.11116759629400016
862,1.4744813919399538,-1.104115556283126,-3.095388338694035,1.4413534546920337,-0.9992489409414315,-3.085756483749059,0.03312793724792007,-0.1048666153416945,-0.00963185494497587,0.11039583266231612
863,1.4571174165077228,-1.1049184182801262,-3.1244435584632835,1.4274161932968048,-0.999824043962853,-3.1148181624090387,0.02970122321091795,-0.1050943743172732,-0.009625396054244728,0.10963411158286901
864,1.439645411117671,-1.105218076738852,3.130213098920246,1.413336191471756,-0.999999230697499,3.139839544846084,0.02630921964591515,-0.10521884604135301,-0.009626445925837945,0.10888456760172233
865,1.422075094519917,-1.1050181257296559,3.102244272018147,1.399114857205336,-0.999774431073011,3.111879164795771,0.022960237314580967,-0.10524369465664485,-0.009634892777623971,0.10814915127433632
866,1.4044155735947415,-1.1043228933165576,3.074863921411196,1.3847536126191209,-0.9991497350062423,3.084514521703087,0.019661960975620563,-0.10517315831031537,-0.00965060029189102,0.10742960497166194
867,1.386675287290604,-1.1031373463427283,3.0480961544396585,1.3702538938256013,-0.9981253923672896,3.057769563448156,0.01642139346500282,-0.10501195397543872,-0.009673409008497558,0.10672744484394714
868,1.3688619685272272,-1.1014669933780423,3.0219606569559017,1.3556171507845733,-0.9967018128795511,3.0316637948036833,0.013244817742653847,-0.10476518049849126,-0.009703137847781651,0.10604394903062893
869,1.3509826232216198,-1.0993177887988264,2.996472877608201,1.3408448471581444,-0.9948795659558413,3.006212463340424,0.010137776063475323,-0.1044382228429851,-0.009739585732222888,0.10538015194688945
870,1.333043525073815,-1.0966960405491313,2.9716442600230586,1.325938460164364,-0.9926593804706327,2.9814267933001624,0.007105064909451064,-0.10403666007849854,-0.009782533277103767,0.10473684425728229
871,1.3150502243692346,-1.0936083236527416,2.9474825112435106,1.3108994804295147,-0.9900421444685181,2.957314255765872,0.004150743939719925,-0.1035661791842235,-0.009831744522361241,0.10411457797265852
872,1.2970075688135956,-1.090061401043979,2.923991895413989,1.295729411839035,-0.987028904809002,2.9338788640941087,0.0012781569745605736,-0.10303249623497712,-0.009886968680119512,0.10351367598218053
873,1.2789197343026406,-1.0860621527955163,2.9011735426766285,1.2804297713871424,-0.9836208667477723,2.9111214845518916,-0.001510037084501814,-0.10244128604774405,-0.009947941875263044,0.102934245257183
874,1.260790263524976,-1.0816175143679136,2.879025764441532,1.2650020890251326,-0.9798193934546138,2.8890401533006966,-0.004211825500156641,-0.10179812091329987,-0.010014388859164836,0.1023761929344179
875,1.2426221103807684,-1.0767344241057881,2.8575443675087744,1.2494479075083849,-0.9756260054681576,2.867630392188506,-0.00682579712761644,-0.10110841863763054,-0.010086024679731409,0.10183924449675519
876,1.2244176883498676,-1.0714197798695413,2.836722960864061,1.2337687822420895,-0.9710423800876875,2.8468855171578986,-0.009351093892221884,-0.10037739978185378,-0.010162556293837444,0.10132296331223571
877,1.2061789211388125,-1.0656804044232904,2.816553250273487,1.217966281125707,-0.9660703507022413,2.826796934384504,-0.011787359986894508,-0.09961005372104903,-0.010243684111016726,0.10082677085941616
878,1.187907294158139,-1.0595230189979383,2.7970253170152795,1.2020419843961807,-0.9607119060572806,2.807354420475193,-0.014134690238041703,-0.0988111129406577,-0.010329103459913558,0.10034996705023078
879,1.1696039056133545,-1.0529542243084211,2.778127878174626,1.1859974844699102,-0.9549691894592174,2.7885463841460103,-0.01639357885655568,-0.09798503484920373,-0.010418505971384384,0.09989175015386181
880,1.1512695162221604,-1.045980488218942,2.7598485268736916,1.1698343857835234,-0.9488444979181241,2.7703601077480107,-0.01856486956136294,-0.09713599030081799,-0.010511580874319026,0.09945123592006475
881,1.13290459678748,-1.0386081392110196,2.74217395160651,1.153554304633417,-0.9423402812289547,2.7527819678085708,-0.020649707845936893,-0.09626785798206483,-0.010608016202060977,0.09902747559299256
882,1.1145093730541167,-1.0308433648076245,2.725090134500608,1.1371588690141392,-0.9354591409916634,2.735797634409647,-0.022649495960022525,-0.09538422381596112,-0.010707499909038631,0.09861947259298491
883,1.096083867452537,-1.0226922141340384,2.7085825288432646,1.1206497184555895,-0.9282038295705979,2.7193922497417313,-0.02456585100305242,-0.09448838456344055,-0.010809720898466768,0.098226197721461
884,1.0776279374845263,-1.014160603844458,2.692636216603452,1.1040285038590658,-0.9205772489935901,2.703550586566602,-0.02640056637453947,-0.09358335485086788,-0.010914369963149984,0.09784660281140287
885,1.0591413106321714,-1.0052543267059835,2.677236046966319,1.0872968873321767,-0.9125824497911844,2.688257187608608,-0.028155576700005236,-0.09267187691479906,-0.011021140642288874,0.09747963280233803
886,1.0406236157747921,-0.9959790622026706,2.662366757091437,1.0704565420226324,-0.9042226297764663,2.6734964870893,-0.029832926247840286,-0.09175643242620435,-0.011129729997862992,0.09712423626427656
887,1.0220744111798856,-0.9863403885971387,2.6480130764248364,1.0535091519509268,-0.8955011327659768,2.6592529157394935,-0.031434740771041136,-0.09083925583116192,-0.011239839314657107,0.0967793744303049
888,1.00349320919616,-0.9763437959622201,2.6341598159526547,1.0364564118419504,-0.8864214472422383,2.6455109906809953,-0.032963202645790446,-0.08992234871998184,-0.011351174728340574,0.0964440288234517
889,0.9848794978218399,-0.9659946997675998,2.6207919437941816,1.0193000269555008,-0.8769872049583982,2.632255391580335,-0.03442052913366089,-0.08900749480920156,-0.011463447786153491,0.09611720758114599
890,0.9662327593521457,-0.9552984546744718,2.60789464850575,1.0020417129157693,-0.8672021794855813,2.619471024450662,-0.03580895356362357,-0.08809627518889052,-0.011576375944911899,0.09579795059131699
891,0.947552486328676,-0.9442603682537359,2.595453391414021,0.9846831955397783,-0.8570702847035119,2.607143074424953,-0.0371307092111024,-0.08719008355022406,-0.011689683010931873,0.09548533355919414
892,0.9288381950225875,-0.9328857143994789,2.583453949225847,0.9672262106648,-0.8465955732350124,2.5952570487522775,-0.0383880156422125,-0.08629014116446643,-0.01180309952643066,0.09517847112431006
893,0.9100894366850195,-0.9211797462592002,2.571882448078696,0.9496725039747743,-0.8357822348250097,2.5837988111854746,-0.0395830672897548,-0.0853975114341905,-0.011916363106778682,0.09487651914415152
894,0.8913058067939322,-0.909147708545495,2.5607253901057816,0.9320238308257422,-0.8246345946646914,2.572754608838554,-0.04071802403181002,-0.08451311388080363,-0.012029218732772406,0.0945786762553041
895,0.8724869525179269,-0.8967948491309667,2.549969673497554,0.9142819560703085,-0.8131571116614865,2.562111092499413,-0.04179500355238164,-0.08363773746948022,-0.012141419001858722,0.09428418481556694
896,0.8536325786059652,-0.8841264298594359,2.5396026069492574,0.8964486538811698,-0.8013543766555692,2.5518553312912466,-0.04281607527520459,-0.08277205320386671,-0.012252724341989207,0.0939923313220632
897,0.8347424518982526,-0.8711477365325351,2.529611919294894,0.8785257075736812,-0.7892311105835723,2.5419748224863588,-0.04378325567542862,-0.08191662594896276,-0.012362903191464714,0.09370244639134968
898,0.8158164046387051,-0.8578640880520846,2.5199857650428346,0.8605149094275374,-0.7767921625902832,2.532457497190761,-0.044698504788832305,-0.08107192546180142,-0.012471732147926406,0.09341390437836741
899,0.7968543367540831,-0.8442808447157938,2.5107127264484284,0.8424180605075443,-0.7640425080890486,2.523291722537723,-0.04556372375346118,-0.08023833662674518,-0.01257899608929458,0.09312612270208122
900,0.7778562172495003,-0.830403415677358,2.5017818126848956,0.8242369704835132,-0.750987246771676,2.5144663009541306,-0.04638075323401292,-0.07941616890568193,-0.012684488269234961,0.09283856093705115
901,0.7588220848550103,-0.8162372655924492,2.493182456605839,0.8059734574492955,-0.7376316005686248,2.505970466995288,-0.047151372594285146,-0.07860566502382449,-0.012788010389448878,0.09255071972212567
902,0.7397520480435975,-0.8017879204798978,2.484904509530868,0.7876293477409753,-0.7239809115603028,2.4977938821817167,-0.04787729969737775,-0.07780700891959502,-0.012889372650848774,0.09226213953003103
903,0.7206462845273259,-0.7870609728329613,2.476938234430022,0.7692064757542365,-0.710040639840307,2.489926628215464,-0.048560191226910576,-0.07702033299265432,-0.012988393785442032,0.09197239933490474
904,0.7015050403257611,-0.7720620860193643,2.4692742978326,0.7507066837609222,-0.6958163613314545,2.482359198903139,-0.04920164343516109,-0.0762457246879098,-0.013084901070539168,0.09168111520880985
905,0.6823286284891185,-0.7567969980110929,2.461903760741333,0.732131821724822,-0.6813137655554999,2.475082491068045,-0.04980319323570359,-0.07548323245559296,-0.013178730326711907,0.09138793887292848
906,0.6631174275479471,-0.7412715244860477,2.454818068793242,0.7134837471166572,-0.6665386533573856,2.4680877946939646,-0.05036631956871007,-0.07473287112866212,-0.013269725900722396,0.09109255622448494
907,0.6438718797514954,-0.7254915613438264,2.448009041873489,0.6947643247283485,-0.6514969345849919,2.4613667825080277,-0.05089244497685308,-0.0739946267588345,-0.01335774063453865,0.09079468585639167
908,0.6245924891482285,-0.7094630866773618,2.441468863357785,0.6759754264865352,-0.6361946257252741,2.454911499179146,-0.05138293733830668,-0.07326846095208772,-0.013442635821361293,0.09049407758315292
909,0.6052798195541897,-0.6931921622410269,2.435190069131964,0.6571189312653843,-0.6206378474977482,2.448714350281457,-0.051839111711194596,-0.07255431474327867,-0.01352428114949289,0.09019051098360063
910,0.5859344924479918,-0.6766849344543132,2.4291655365137945,0.6381967246987043,-0.6048328224062841,2.4427680911485643,-0.05226223225071247,-0.0718521120480291,-0.013602554634769781,0.08988379396855607
911,0.5665571848251124,-0.6599476349783886,2.4233884731816735,0.619210698991383,-0.5887858722501876,2.4370658157238534,-0.05265351416627062,-0.07116176272820096,-0.013677342542179893,0.08957376137942716
912,0.5471486270387956,-0.6429865809008614,2.417852406197119,0.6001627527301665,-0.5725034155955617,2.431600945494345,-0.05301412569137087,-0.07048316530529963,-0.013748539297226081,0.08926027362204327
913,0.5277096006501455,-0.6258081745619857,2.4125511711926793,0.5810547906938144,-0.5559919652079778,2.426367218580206,-0.05334519004366889,-0.0698162093540079,-0.01381604738752662,0.08894321533862036
914,0.5082409363059034,-0.60841890305341,2.407478901783726,0.5618887236626036,-0.5392581254474379,2.4213586790388097,-0.05364778735670017,-0.06916077760597206,-0.013879777255083603,0.0886224941196262
915,0.48874351165882646,-0.590825337418427,2.4026300192512897,0.5426664682272655,-0.5223085896267315,2.4165696664309295,-0.05392295656843904,-0.06851674779169548,-0.013939647179639802,0.0882980392564037
916,0.46921824934252276,-0.5730341315805987,2.3979992225334867,0.5233899465973252,-0.5051501373341961,2.4119948056869718,-0.05417169725480242,-0.06788399424640257,-0.013995583153485036,0.08796980053471588
917,0.44966611500994486,-0.5550520210255908,2.3935814785548613,0.504061086408882,-0.48778963172197237,2.4076289973029317,-0.054394971398937175,-0.06726238930361844,-0.01404751874807042,0.08763774706882935
918,0.4300881154424862,-0.5368858212591101,2.3893720129160276,0.48468182053184755,-0.470234016760835,2.4034674078887996,-0.054593705089361344,-0.06665180449827512,-0.014095394972772013,0.08730186617535099
919,0.4104852967346998,-0.5185424260619884,2.3853663009601487,0.46525408687666003,-0.4524903144626965,2.3995054610862865,-0.05476879014196023,-0.06605211159929192,-0.014139160126137806,0.08696216228574333
920,0.3908587425580299,-0.5000288055617191,2.3815600592278674,0.44577982820049183,-0.43456562207189353,2.395738828867818,-0.05492108564246195,-0.0654631834898256,-0.014178769639950684,0.08661865589624446
921,0.3712095725055785,-0.4813520041381209,2.377949237308217,0.426260991912989,-0.416467109226396,2.3921634232246705,-0.055051419407410485,-0.06488489491172489,-0.014214185916453292,0.0862713825537976
922,0.35153894051879,-0.46251913817928886,2.3745300100896674,0.40669952988151115,-0.3982020150900286,2.388775388248735,-0.05516058936272117,-0.06431712308926024,-0.014245378159067457,0.0859203918765309
923,0.3318480333959803,-0.4435373937025805,2.3712987704126687,0.38709739823596034,-0.3797776454569147,2.385571092609647,-0.05524936483998005,-0.06375974824566577,-0.014272322196978493,0.08556574660730934
924,0.3121380693818764,-0.4244140238540954,2.368252122122837,0.367456557173166,-0.3612013698292525,2.382547122426782,-0.05531848779128962,-0.06321265402484288,-0.014295000303944594,0.08520752169890473
925,0.2924102968366919,-0.40515634629890646,2.3653868735221035,0.3477789707608671,-0.3424806184696126,2.379700274533819,-0.055368673924175216,-0.06267572782929387,-0.01431340101171541,0.08484580342937144
926,0.27266599298276906,-0.3857717405132085,2.3627000312137483,0.328066606741307,-0.3236228794289322,2.377027550132213,-0.05540061375853794,-0.06214886108427631,-0.014327518918464843,0.08448068854628463
927,0.2529064627264229,-0.3662676449885483,2.3601887943361817,0.30832143633446063,-0.3046356955513944,2.3745261488288225,-0.05541497360803771,-0.06163194943715389,-0.014337354492640841,0.08411228343857428
928,0.23313303755232623,-0.3466515543573867,2.3578505491794997,0.28854543404091454,-0.2855266614573912,2.3721934630521706,-0.05541239648858831,-0.06112489289999551,-0.014342913872670948,0.08374070333477796
929,0.21334707448755189,-0.32693101644841116,2.3556828641783287,0.2687405774444146,-0.26630342050577305,2.370027072841291,-0.05539350295686271,-0.06062759594263811,-0.014344208662962377,0.08336607152662498
930,0.19354995513223955,-0.30711362927926006,2.3536834852740944,0.2489088470141234,-0.2469736617366209,2.3680247410007484,-0.055358891881883865,-0.06013996754263917,-0.014341255726654012,0.08298851861695741
931,0.1737430847537601,-0.2872070379936363,2.3518503316396875,0.22905222590655416,-0.22754511679571235,2.366184408615277,-0.05530914115279406,-0.059661921197923934,-0.014334076975589305,0.08260818179108594
932,0.15392789144119737,-0.26721893174915634,2.3501814917594643,0.20917269976727051,-0.20802555684197999,2.36450419091746,-0.05524480832607315,-0.059193374907176355,-0.014322699157995444,0.08222520411076241
933,0.1341058253169719,-0.2471570405617282,2.348675219857628,0.1892722565323201,-0.1884227894391479,2.3629823735019793,-0.0551664312153482,-0.058734251122580294,-0.01430715364435109,0.081839733830036
934,0.1142783578024498,-0.22702913211172954,2.347329932668213,0.16935288622944283,-0.16874465543281053,2.361617408880159,-0.055074528426993036,-0.058284476678919006,-0.014287476211945815,0.0814519237323345
935,0.09444698093443944,-0.2068430085168006,2.346144206540214,0.14941658077906955,-0.1489990258141988,2.3604079133688436,-0.05496959984463011,-0.0578439827026018,-0.014263706828629541,0.08106193048818136
936,0.07461320672955549,-0.1866065030756431,2.3451167748717374,0.12946533379513178,-0.12919379857188856,2.3593526643079974,-0.054852127065576295,-0.05741270450375455,-0.014235889436259974,0.0806699140330209
937,0.054778566593527006,-0.1663274769868389,2.344246525867496,0.10950114038569836,-0.10933689553270708,2.3584505976018466,-0.05472257379217135,-0.056990581454131814,-0.014204071734350787,0.08027603696467742
938,0.03494461077263725,-0.14601381604635483,2.3435325006144336,0.08952599695348055,-0.08943625919312186,2.3577008055788626,-0.05458138618084331,-0.05657755685323297,-0.014168304964429002,0.07988046396002108
939,0.01511290784460911,-0.12567342732709255,2.34297389147079,0.06954190099617216,-0.06949984954232696,2.357102535166389,-0.05442899315156305,-0.05617357778476559,-0.014128643695598964,0.07948336121045206
940,-0.004714955753626092,-0.10531423584354752,2.342570040764461,0.04955085090671553,-0.04953564087836742,2.3566551863762744,-0.05426580666034162,-0.055778594965180096,-0.014085145611813399,0.07908489587584458
941,-0.024537376163688344,-0.0849441812043949,2.342320439797109,0.029554845773460472,-0.029551618618522946,2.356358311098441,-0.05409222193714881,-0.055392562585871954,-0.01403787130133205,0.07868523555661676
942,-0.04435273251131478,-0.06457121425557438,2.3422247281510566,0.009555885180257023,-0.009555776105247387,2.3562116121999095,-0.053908617691571806,-0.055015438150326994,-0.013986884048852843,0.07828454778361153
943,-0.06415938728185908,-0.04420329371623247,2.3422826932966423,-0.010444030993501241,0.010443888591061618,2.3562149429274206,-0.053715356288357836,-0.05464718230729408,-0.013932249630778326,0.0778829995254817
944,-0.08395568666770473,-0.023848382809681243,2.3424942704983325,-0.030442902772863486,0.030439375871184192,2.3563683066123997,-0.05351278389484124,-0.05428775868086544,-0.013874036114067234,0.07748075671327882
945,-0.10373996088942435,-0.003514445891348361,2.342859543018543,-0.050438730287320994,0.05042268780681477,2.3566718566776563,-0.05330123060210335,-0.05393713369816313,-0.013812313659113507,0.07707798378194552
946,-0.12351052449237054,0.016790554924478472,2.3433787426187553,-0.07042951397077836,0.07038583133961263,2.3571258969458246,-0.053081010521592184,-0.05359527641513415,-0.0137471543270693,0.07667484322840364
947,-0.14326567662023487,0.03705866313746546,2.3440522503581813,-0.09041325476152971,0.09032082147833986,2.3577308822501957,-0.05285242185870516,-0.0532621583408744,-0.013678631892014348,0.07627149518592213
948,-0.1630037012669769,0.05728193123211671,2.3448805976908575,-0.11038795430214902,0.11021968449273731,2.3584874193492102,-0.05261574696482789,-0.0529377532606206,-0.013606821658352697,0.07586809701443262
949,-0.18272286750837405,0.07745242404537026,2.345864467862709,-0.1303516151393278,0.1300744611029139,2.359396268146511,-0.052371252369046245,-0.05262203705754365,-0.013531800283801854,0.0754648029064446
950,-0.20242142971431532,0.09756222212969284,2.3470046976107395,-0.1503022409236186,0.14987720966295232,2.3604583432190505,-0.05211918879069671,-0.05231498753325947,-0.013453645608310971,0.07506176350818974
951,-0.22209762774282746,0.11760342511058748,2.348302279167129,-0.17023783660906852,0.16962000933746174,2.3616747156563527,-0.05185979113375894,-0.05201658422687426,-0.013372436489223816,0.07465912555560057
952,-0.24174968711669495,0.13756815503755535,2.349758362571614,-0.1901564086527219,0.18929496326980613,2.3630466152146,-0.05159327846397305,-0.05172680823225079,-0.013288252642985832,0.07425703152470434
953,-0.2613758191834143,0.15744855972767877,2.3513742582960937,-0.21005596521397318,0.2088942017407418,2.364575432789753,-0.05131985396944111,-0.051445642013063037,-0.013201174493659096,0.07385561929598203
954,-0.2809742212591072,0.1772368161011157,2.353151440185938,-0.22993451635375262,0.22840988531620351,2.366262723214435,-0.05103970490535459,-0.051173069215087824,-0.013111283028496956,0.07345502183221511
955,-0.30054307675690806,0.19692513350792087,2.3550915487229847,-0.24979007423350463,0.2478342079829598,2.3681102083837824,-0.05075300252340342,-0.05090907447503892,-0.013018659660797738,0.07305536686930902
956,-0.32008055530023516,0.21650575704573097,2.3571963946156442,-0.269620653313991,0.267159400270935,2.3701197807158785,-0.05045990198624417,-0.05065364322520402,-0.012923386100234246,0.07265677661955114
957,-0.33958481282126807,0.23597097086798724,2.3594679627219275,-0.2894242705538291,0.28637773236087966,2.3722935069527646,-0.05016054226743899,-0.050406761492892416,-0.01282554423083715,0.07225936748672822
958,-0.3590539916448538,0.25531310148248976,2.361908416311522,-0.30919894560779787,0.30548151717619876,2.3746336323082975,-0.04985504603705593,-0.050168415693709,-0.012725215996775674,0.07186324979249373
959,-0.37848622055799447,0.2745245210402225,2.364520101673275,-0.32894270102487083,0.3244631134576801,2.3771425849693415,-0.04954351953312364,-0.04993859241745757,-0.012622483296066633,0.07146852751334279
960,-0.3978796148649947,0.29359765061452814,2.367305553074556,-0.3486535624459593,0.3433149288198954,2.379822980956867,-0.04922605241903538,-0.049717278205367255,-0.01251742788231125,0.07107529802751704
961,-0.41723227642828725,0.3125249634708607,2.370267498078981,-0.3683295588013468,0.36202942278805417,2.3826776293535232,-0.04890271762694043,-0.049504459317193494,-0.01241013127454238,0.07068365187113149
962,-0.43654229369490694,0.3312989883275055,2.3734088632288253,-0.38796872250779796,0.38059910981409556,2.3857095379040607,-0.04857357118710898,-0.049300121486590076,-0.012300674675235435,0.07029367250277696
963,-0.45580774170854427,0.3499123126078212,2.3767327800981257,-0.40756908966530103,0.3990165622707952,2.388921918994649,-0.048238652043243235,-0.049104249662974,-0.0121891388965234,0.06990543607582686
964,-0.47502668210708465,0.36835758568473825,2.3802425917219603,-0.4271287002534774,0.4172744134227364,2.39231819601659,-0.047897981853607274,-0.04891682773799816,-0.012075604294629727,0.06951901121763714
965,-0.49419716310553713,0.38662752211844553,2.383941859406596,-0.4466455983275678,0.4353653603728932,2.3959020101191086,-0.047551564777969346,-0.04873783825444766,-0.01196015071251244,0.06913445881480615
966,-0.513317219464253,0.404714904888393,2.387834369924163,-0.4661178322140288,0.45328216698369495,2.3996772273548608,-0.04719938725022421,-0.04856726209530193,-0.011842857430697684,0.06875183180362696
967,-0.53238487244237,0.4226125886209662,2.391924143094104,-0.4855434547056987,0.47101766677138485,2.4036479462203655,-0.046841417736671276,-0.04840507815041867,-0.011723803126261423,0.0683711749648404
968,-0.5513981297364614,0.44031350281442216,2.396215439751879,-0.5049205232565162,0.48856476577251795,2.407818505591774,-0.046477606479945255,-0.048251262958095786,-0.0116030658398949,0.06799252472177285
969,-0.5703549854044422,0.45781065506293206,2.400712770103149,-0.5242471001757738,0.5059164453814522,2.4121934930541324,-0.04610788522866838,-0.048105790318520136,-0.011480722950983235,0.06761590894091948
970,-0.5892534197748825,0.4750971342818478,2.4054209024589155,-0.5435212528218883,0.5230657651576994,2.416777753619516,-0.0457321669529942,-0.047968630875851626,-0.011356851160600367,0.0672413467340168
971,-0.6080913993420128,0.492166113936606,2.4103448723436744,-0.5627410537956501,0.5400058656019979,2.4215763988259873,-0.04535034554636275,-0.04783975166539195,-0.011231526482312848,0.06686884826063456
972,-0.6268668766468642,0.5090108552779928,2.4154899919645625,-0.5819045811329816,0.5567299709000376,2.4265948162052435,-0.044962295513882644,-0.04771911562204478,-0.011104824240681044,0.06649841453030446
973,-0.645577790145209,0.5256247105868397,2.420861860024523,-0.6010099184971187,0.5732313916326847,2.431838679101828,-0.044567871648090285,-0.04760668104584498,-0.010976819077304967,0.06613003720320557
974,-0.6642220640632059,0.5420011264315666,2.426466371856628,-0.620055155370246,0.589503527451662,2.4373139568209106,-0.044166908692959916,-0.0475024010200954,-0.010847584964282397,0.06576369838842355
975,-0.6827976082419774,0.5581336469423844,2.4323097298496905,-0.6390383872445473,0.605539869719601,2.4430269250746033,-0.043759220997430126,-0.04740622277721662,-0.010717195224912768,0.06539937043881933
976,-0.7013023179727116,0.5740159171063663,2.438398454127039,-0.6579577158126543,0.6213340041134094,2.4489841766885143,-0.04334460216005731,-0.0473180870070431,-0.010585722561475386,0.0650370157415627
977,-0.7197340738243291,0.5896416860880297,2.4447393934305914,-0.6768112491574763,0.6368796131899154,2.455192632520491,-0.04292282466685282,-0.04723792710188568,-0.01045323908989948,0.06467658650342531
978,-0.7380907414662826,0.6050048105805175,2.4513397361509806,-0.69559710194139,0.6521704789127604,2.4616595525321086,-0.0424936395248926,-0.047165668332242894,-0.010319816381128,0.06431802452997801
979,-0.7563701714896761,0.620099258192935,2.4582070214311913,-0.7143133955947752,0.6672004851395333,2.4683925469401653,-0.042056775894900866,-0.04710122694659835,-0.010185525508974003,0.06396126099791058
980,-0.7745701992306238,0.6349191108798796,2.465349150255713,-0.7329582585038568,0.6819636200681355,2.4753995873599552,-0.041611940726766994,-0.04704450918825587,-0.010050437104242249,0.06360621621978617
981,-0.7926886446006206,0.6494585684196879,2.4727743964193367,-0.7515298261978846,0.6964539786414377,2.4826890178342347,-0.04115881840273605,-0.0469954102217498,-0.009914621414897962,0.0632527994006645
982,-0.810723311929701,0.6637119519484227,2.4804914172490395,-0.7700262415355653,0.7106657649092125,2.490269565621063,-0.040697070394135726,-0.04695381296078982,-0.009778148372023399,0.0629009083861861
983,-0.8286719898293078,0.6776737075570983,2.488509263928678,-0.7884456548907789,0.7245932943464408,2.4981503515899917,-0.040226334938528896,-0.04691958678934249,-0.009641087661313552,0.06255042940190328
984,-0.8465324510831475,0.6913384099601055,2.4968373912489663,-0.8067862243375392,0.7382309961270456,2.5063409000487984,-0.03974622674560824,-0.04689258616694003,-0.009503508799832083,0.062201236783891084
985,-0.8643024525758547,0.7047007662432244,2.505485666574152,-0.8250461158341854,0.7515734153521484,2.514851147791886,-0.039256336741669284,-0.04687264910892397,-0.00936548121773395,0.06185319270097035
986,-0.8819797352710728,0.7177556196999711,2.5144643777814815,-0.8432235034067843,0.7646152152319554,2.523691452126122,-0.03875623186428845,-0.046859595531984266,-0.009227074344640318,0.06150614686924524
987,-0.8995620242526098,0.7304979537653044,2.523784239889531,-0.8613165693317297,0.7773511792204058,2.5328725975898596,-0.03824545492088005,-0.0468532254551014,-0.009088357700328675,0.061159936260110286
988,-0.9170470288446742,0.7429228960558713,2.533456400046453,-0.8793235043175001,0.7897762131017095,2.542405801035813,-0.03772352452717409,-0.04685331704583828,-0.008949400989359813,0.060814384803420475
989,-0.9344324428298628,0.7550257225259644,2.543492440498647,-0.8972425076856059,0.8018853470279821,2.5523027146979134,-0.03718993514425695,-0.04685962450201764,-0.008810274199266388,0.06046930308818177
990,-0.9517159447866161,0.7668018617481451,2.5539043791041296,-0.9150717875506427,0.8136737375071053,2.5625754268059584,-0.036644157235973474,-0.046871875758960124,-0.008671047701828805,0.06012448806389566
991,-0.9688951985712696,0.7782468993269805,2.5647046668925424,-0.9328095609994818,0.8251366693400644,2.5732364592495207,-0.03608563757178784,-0.04688977001308381,-0.008531792356978318,0.059779722746638043
992,-0.9859663942274848,0.7893556325533565,2.5759057318890406,-0.9504540542695596,0.836269557506963,2.584298761724097,-0.03551233995792513,-0.04691392495360647,-0.00839302983505652,0.059434717073878755
993,-1.0029247300388424,0.8001224837573621,2.5875202112442124,-0.9680035029262528,0.8470679490009707,2.5957757017178724,-0.0349212271125896,-0.04694546524360865,-0.008255490473660032,0.059089101642761696
994,-1.0197639678201422,0.8105412996475774,2.5995609357977956,-0.9854561520393205,0.8575275246094671,2.6076810496170584,-0.03430781578082176,-0.046986224961889755,-0.008120113819262809,0.058742385108692154
995,-1.0364760919100724,0.8206052528816354,2.6120409148233015,-1.0028102563583978,0.8676441006416691,2.620028958122165,-0.03366583555167457,-0.04703884776003364,-0.007988043298863712,0.05839392534954761
996,-1.0530513651605973,0.8303070093075073,2.6249733316420265,-1.0200640804875087,0.8774136306020465,2.632833935077795,-0.032987284673088535,-0.04710662129453913,-0.007860603435768443,0.05804294794602462
997,-1.0694793997723966,0.839639472339763,2.6383715683921785,-1.0372158990586215,0.8868322068088755,2.646110808726245,-0.03226350071377504,-0.04719273446911254,-0.007739240334066366,0.057688677449984634
998,-1.0857526019409032,0.8485977445625249,2.6522492918031215,-1.054263996904172,0.8958960619572528,2.659874684302496,-0.03148860503673112,-0.047298317394727896,-0.007625392499374328,0.05733070456833042
