timestep,px,py,theta,px_ref,py_ref,theta_ref,error_px,error_py,error_theta,error_norm
0,0.0,0.0,0.7853981633974483,0.0,0.0,0.7853981633974483,0.0,0.0,0.0,0.0
1,0.00027920673572267185,0.00027920673572267185,0.7853046317717182,0.01999966666833333,0.01999866669333308,0.7853231571470295,-0.019720459932610658,-0.01971945995761041,-1.852537531132903e-05,0.02788824096573739
2,0.0005584395848839392,0.0005583873555642015,0.785211100145988,0.03999733338666616,0.03998933418663416,0.7850980633706443,-0.03943889380178222,-0.03943094683106996,0.00011303677534379997,0.05576951398044905
3,0.0008376985450410271,0.0008375418570822708,0.7851175685202579,0.05999100040499132,0.0599640064794446,0.7847226568420766,-0.0591533018599503,-0.05912646462236233,0.0003949116781812867,0.08363735944485232
4,0.001116983613750932,0.0011166702378347902,0.7850240368945278,0.07997866837326832,0.07991469396917268,0.7841965616812204,-0.0788616847595174,-0.07879802373133789,0.0008274752133073937,0.11148532900028875
5,0.0013962947885704222,0.0013957724953798985,0.7849305052687977,0.09995833854135666,0.09983341664682815,0.7835192505983565,-0.09856204375278624,-0.09843764415144826,0.001411254670441231,0.13930699154944862
6,0.02380663261982515,0.023785159369687413,0.7838959987676352,0.11992801295888919,0.11971220728891936,0.7826900438339384,-0.09612138033906403,-0.09592704791923196,0.0012059549336967956,0.13580417006884485
7,0.046240120421414885,0.046151350627349166,0.7828614922664726,0.13988569467506554,0.1395431146442365,0.7817081077917023,-0.09364557425365065,-0.09339176401688733,0.0011533844747703137,0.13226052116647888
8,0.0686967341849401,0.06849432233198663,0.7818269857653101,0.1598293879383454,0.15931820661424598,0.7805724533623122,-0.09113265375340529,-0.09082388428225935,0.0012545324029978877,0.1286690032129163
9,0.09117644987725176,0.09081405057207094,0.7807924792641475,0.17975709839602208,0.17902957342582415,0.7792819339341677,-0.08858064851877032,-0.08821552285375321,0.001510545329979851,0.12502316389997856
10,0.11367924344047711,0.11311051146094846,0.779757972762985,0.1996668332936563,0.19866933079506124,0.7778352430874435,-0.0859875898531792,-0.08555881933411279,0.0019227296755415235,0.12131724553422372
11,0.13753979206582836,0.1367034107556309,0.7780084684027367,0.21955660167434962,0.21822962308086932,0.7762309119668949,-0.08201680960852126,-0.08152621232523843,0.001777556435841876,0.11565656082273452
12,0.1614415800345478,0.16025452983159322,0.7762589640424885,0.23942441457783872,0.23770262642713458,0.7744673063284713,-0.07798283454329091,-0.07744809659554136,0.0017916577140172363,0.1099215183075761
13,0.18538453418888595,0.18376379660440093,0.7745094596822403,0.2592682852393897,0.2570805518921551,0.7725426232543283,-0.07388375105050377,-0.07331675528775419,0.0019668364279119555,0.1041058294273256
14,0.20936858124509328,0.20723113911771954,0.772759955321992,0.279086229288473,0.27635564856411376,0.7704548875304338,-0.06971764804337971,-0.06912450944639423,0.0023050677915582574,0.09820418317174116
15,0.2333936477936446,0.23065648554353488,0.7710104509617438,0.29887626494719843,0.29552020666133955,0.7682019476806334,-0.06548261715355383,-0.06486372111780467,0.002808503281110375,0.09221259760578947
16,0.25753396473681367,0.2541119606612136,0.7684500882725221,0.31863641322849195,0.31456656061611776,0.765781471650788,-0.061102448491678285,-0.060454599954904154,0.002668616621734121,0.08599644982241703
17,0.28173425701235505,0.2775055509989765,0.7658897255833005,0.33836469813399206,0.33348709214081446,0.7631909421364422,-0.05663044112163701,-0.055981541141837954,0.002698783446858255,0.07967573810351258
18,0.3059943659763776,0.30083710320122947,0.7633293628940788,0.35805914685164836,0.35227423327509,0.760427651547437,-0.05206478087527078,-0.051437130073860526,0.0029017113466418554,0.07324574859037512
19,0.3303141325928646,0.3241064643190665,0.7607690002048572,0.37771778995300115,0.3709204694129827,0.7574886966029721,-0.047403657360136575,-0.0468140050939162,0.0032803036018850262,0.06670395937102222
20,0.3546933974347164,0.3473134818112723,0.7582086375156355,0.39733866159012243,0.38941834230865047,0.7543709725508718,-0.04264526415540604,-0.04210486049737816,0.0038376649647636762,0.06005135722670895
21,0.3749949886609008,0.36654005603738754,0.7550882973458386,0.4169197996921991,0.40776045305957015,0.7510711670052485,-0.041924811031298304,-0.04122039702218261,0.004017130340590147,0.0589317253001278
22,0.3953564744082435,0.3857031888957739,0.7519679571760417,0.43645924616173865,0.4259394650659996,0.7475857533974175,-0.04110277175349514,-0.04023627617022574,0.004382203778624194,0.05768534888361153
23,0.4157776564268356,0.4048026938043032,0.7488476170062448,0.4559550470703768,0.44394810696551984,0.7439109840358401,-0.0401773906435412,-0.03914541316121661,0.004936632970404697,0.05631124608433514
24,0.4362583358855347,0.4238383848003619,0.7457272768364479,0.47540525285426916,0.46177917554148284,0.7400428827720981,-0.03914691696873446,-0.037940790741120944,0.00568439406434984,0.054811468198702126
25,0.4567983133739005,0.44281007654266136,0.742606936666651,0.4948079185090459,0.479425538604203,0.7359772372714972,-0.0380096051351454,-0.03661546206154165,0.0066296993951537875,0.0531918702301392
26,0.4528015733165915,0.43914154328354293,0.7409806424906082,0.5141611037843102,0.49688013784373675,0.7317095908888981,-0.06135953046771875,-0.05773859456019381,0.009271051601710156,0.08476254879843409
27,0.44879887243299177,0.43547951474796504,0.7393543483145655,0.5334628733776623,0.5141359916531132,0.7272352341528829,-0.08466400094467053,-0.07865647690514815,0.012119114161682543,0.11619684738904568
28,0.4447902213095734,0.43182400062137855,0.7377280541385227,0.5527112971282275,0.5311861979208834,0.7225491958644261,-0.10792107581865412,-0.09936219729950485,0.015178858274096596,0.14747949890254758
29,0.4407756305485458,0.4281750105720048,0.73610175996248,0.5719044502096711,0.5480239367918736,0.7176462338199793,-0.13112881966112527,-0.11984892621986876,0.018455526142500678,0.17860330038096156
30,0.43675511076782775,0.4245325542508101,0.7344754657864372,0.5910404133226791,0.5646424733950353,0.712520825173375,-0.15428530255485134,-0.14010991914422516,0.021954640613062182,0.20956323692740586
31,0.4231787438632041,0.4122729624418372,0.7386587123541138,0.610117272886887,0.5810351605373051,0.7071671564563529,-0.1869385290236829,-0.16876219809546789,0.03149155589776098,0.25380782342633584
32,0.40965378049435447,0.39995668477677654,0.7428419589217905,0.6291331212322355,0.597195441362392,0.7015791132839158,-0.21947934073788106,-0.19723875658561546,0.041262845637874745,0.29795457798179514
33,0.39618045734173146,0.3875839367846533,0.7470252054894672,0.6480860567897367,0.6131168519734339,0.6957502697783335,-0.2519055994480053,-0.2255329151887806,0.05127493571113362,0.34198047590321506
34,0.38275901018210823,0.3751549349826968,0.7512084520571438,0.6669741842816288,0.6287930240184685,0.6896738777545541,-0.2842151740995206,-0.2536380890357717,0.061534574302589684,0.38587180414321515
35,0.3693896738844527,0.36266989687255125,0.7553916986248205,0.6857956149109028,0.6442176872376911,0.6833428557202919,-0.3164059410264501,-0.2815477903651399,0.07204884290452862,0.4296194985568132
36,0.34188426619311935,0.3367675482922734,0.8033916986248205,0.7045484665501799,0.6593846719714731,0.6767497777563413,-0.36266420035706054,-0.3226171236791997,0.12664192086847925,0.5016426086696827
37,0.315653374002919,0.3095752808409047,0.8513916986248206,0.723230863929924,0.6742879116281452,0.6698868623569647,-0.407577489927005,-0.3647126307872405,0.18150483626785585,0.5762627169439032
38,0.29075742168664165,0.28115573347458783,0.8993916986248206,0.7418409388259654,0.6889214451105513,0.6627459613267954,-0.4510835171393237,-0.4077657116359635,0.23664573729802518,0.6524955325533595
39,0.2672537585060972,0.251574372259522,0.9473916986248206,0.7603768302463229,0.7032794192004101,0.6553185488498808,-0.4931230717402256,-0.45170504694088814,0.2920731497749398,0.7297359372635008
40,0.24519652650478366,0.22089933956710409,0.9953916986248207,0.778836684617301,0.7173560908995228,0.6475957108685986,-0.5336401581125174,-0.49645675133241873,0.3477959877562221,0.8075909691132126
41,0.2635735394736741,0.2492318104068214,0.9838861628142166,0.7972186559688459,0.731145829726896,0.6395681349355568,-0.5336451164951718,-0.4819140193200746,0.34431802787865984,0.7972284093649851
42,0.2822753091716339,0.2773509732625445,0.9723806270036125,0.8155209061191403,0.7446431199708592,0.6312261007306176,-0.5332455969475064,-0.4672921467083147,0.3411545262729949,0.7868285885983802
43,0.30129935993518014,0.30525310583495224,0.9608750911930084,0.8337416048584215,0.757842562895277,0.6225594714682599,-0.5324422449232413,-0.4525894570603247,0.33831561972474855,0.7763951438351486
44,0.3206431734385859,0.3329345145543014,0.9493695553824043,0.8518789301319992,0.7707388788989693,0.6135576864580234,-0.5312357566934134,-0.4378043643446679,0.33581186892438086,0.7659332228982809
45,0.3403041890272456,0.36039153506936605,0.9378640195718002,0.8699310682224605,0.7833269096274834,0.6042097551231719,-0.5296268791952149,-0.42293537455811736,0.33365426444862833,0.7554496213536896
46,0.3595140611371299,0.3865767394808207,0.9248219746344924,0.8878962139310396,0.795601620036366,0.5945042528303504,-0.5283821527939097,-0.4090248805555453,0.3303177218041421,0.7453850344905532
47,0.3790637984504151,0.41250918802563274,0.9117799296971847,0.9057725707581367,0.8075581004051143,0.5844293189362826,-0.5267087723077215,-0.3950489123794816,0.3273506107609021,0.7352851122956687
48,0.39895007570291574,0.4381844697881461,0.8987378847598769,0.9235583510829657,0.8191915683009982,0.5739726575167142,-0.52460827538005,-0.381007098512852,0.3247652272431627,0.7251570206105127
49,0.4191695103875184,0.4635982175948523,0.8856958398225692,0.941251776342316,0.8304973704919704,0.5631215413080933,-0.5220822659547977,-0.36689915289711805,0.32257429851447583,0.7150098313192799
50,0.43971866332952064,0.48874610875721375,0.8726537948852614,0.958851077208406,0.8414709848078965,0.5518628194639037,-0.5191324138788853,-0.35272487605068276,0.3207909754213577,0.7048547022163318
51,0.4596415307165057,0.5124887352834095,0.8577659954721452,0.976354493765815,0.852108021949363,0.540182929805001,-0.5167129630493092,-0.3396192866659534,0.3175830656671441,0.6951205288705186
52,0.47991565263028446,0.5359321339258216,0.8428781960590289,0.9937602756874735,0.8624042272433384,0.5280679163262988,-0.513844623057189,-0.3264720933175168,0.3148102797327301,0.6853654766511849
53,0.5005365354642475,0.5590711086314947,0.8279903966459127,1.0110666824096939,0.8723554823449863,0.5155034528098956,-0.5105301469454464,-0.3132843737134916,0.31248694383601705,0.6756006363386344
54,0.5214996087548361,0.5819005308207491,0.8131025972327964,1.0282719833062262,0.8819578068849474,0.5024748734859666,-0.50677237455139,-0.3000572760641983,0.3106277237468298,0.6658394636003919
55,0.542800226194551,0.6044153405238918,0.7982147978196802,1.0453744578613184,0.8912073600614354,0.4889672117755554,-0.5025742316667674,-0.28679201953754363,0.3092475860441248,0.6560980035634789
56,0.5693237811608045,0.6316276460830722,0.8522147978196802,1.0623723958417668,0.900100442176505,0.4749652482411506,-0.4930486146809623,-0.2684727960934328,0.37724954957852963,0.6763814022711191
57,0.5943399237355743,0.66023186172645,0.9062147978196803,1.0792640974679386,0.9086334961158833,0.4604535689580829,-0.4849241737323643,-0.2484016343894333,0.44576122886159736,0.7039587341553192
58,0.617775724571528,0.6901445978278431,0.9602147978196803,1.0960478735837471,0.916803108771767,0.44541663559766037,-0.47827214901221915,-0.22665851094392386,0.5147981622220199,0.7383329038660355
59,0.639562861478141,0.7212786500425256,1.0142147978196803,1.1127220458255676,0.9246060124080204,0.4298388685756445,-0.47315918434742654,-0.20332736236549487,0.5843759292440358,0.77892031472973
60,0.6596378186007971,0.7535432535333109,1.0682147978196803,1.1292849467900707,0.9320390859672264,0.4137047446598081,-0.4696471281892737,-0.17849583243391554,0.6545100531598722,0.8251136872577302
61,0.6728459837248929,0.7775729885485934,1.0449638630671496,1.1457349202009626,0.9390993563190677,0.3969989104388761,-0.47288893647606967,-0.16152636777047436,0.6479649526282736,0.818274583230563
62,0.6866092422650392,0.8012891540313851,1.021712928314619,1.1620703210746102,0.945783999449539,0.37970631302149005,-0.475461078809571,-0.14449484541815383,0.6420066152931289,0.8118586649752016
63,0.7009201540567378,0.8246789294587015,0.9984619935620882,1.178289515884539,0.9520903415905158,0.36181234924553096,-0.4773693618278012,-0.12741141213181428,0.6366496443165572,0.8058771278313488
64,0.7157709828842127,0.8477296707480204,0.9752110588095575,1.1943908827247842,0.958015860289225,0.3433030345211741,-0.4786198998405715,-0.11028618954120462,0.6319080242883834,0.8003423038219118
65,0.7311537006624658,0.870428917092441,0.9519601240570268,1.210372811472079,0.963558185417193,0.3241651921901698,-0.4792191108096133,-0.09312926832475199,0.627794931866857,0.7952675608004968
66,0.7464569158672255,0.8919175635610698,0.9259036464911576,1.2262337039468676,0.9687151001182652,0.30438666394296926,-0.4797767880796421,-0.07679753655719546,0.6215169825481883,0.7889023942143137
67,0.7623147914615351,0.9130002129271315,0.8998471689252885,1.2419719740731194,0.9734845416953194,0.283956541378582,-0.4796571826115843,-0.06048432876818788,0.6158906275467064,0.7829754989508272
68,0.7787165615081112,0.9336625521460133,0.8737906913594193,1.2575860480369372,0.9778646024353163,0.26286541820488024,-0.478869486528826,-0.04420205028930291,0.6109252731545392,0.7774956564233062
69,0.7956510908188504,0.9538905535223385,0.8477342137935502,1.273074364443936,0.9818535303723597,0.24110566184802507,-0.4774232736250855,-0.027962976850021137,0.6066285519455251,0.7724720773650868
70,0.8131068825145272,0.9736704842333912,0.821677736227681,1.2884353744753823,0.9854497299884603,0.2186717023624417,-0.475328491960855,-0.011779245755069057,0.6030060338652393,0.767914189723191
71,0.8302519662010117,0.992107020550441,0.7925363090353513,1.3036675420430732,0.9886517628517197,0.19556033550876473,-0.4734155758420615,0.003455257698721237,0.5969759735265866,0.7619150603733011
72,0.8479269613456356,1.0100361675637257,0.7633948818430216,1.3187693439429462,0.9914583481916864,0.1717710357084244,-0.4708423825973106,0.018577819372039284,0.5916238461345973,0.7563441412066507
73,0.8661168590021134,1.0274427005106774,0.7342534546506919,1.3337392700073958,0.9938683634116449,0.14730627331565815,-0.46762241100528235,0.03357433709903257,0.5869471813350338,0.7512023356347967
74,0.8848062129881616,1.0443118384130907,0.7051120274583622,1.34857582325629,0.99588084453764,0.12217182931261213,-0.46376961026812846,0.04843099387545069,0.58294019814575,0.746489843996703
75,0.9039791530018204,1.0606292566285773,0.6759706002660325,1.3632775200466682,0.9974949866040543,0.0963770991912814,-0.45929836704484783,0.06313427002452299,0.579593501074751,0.7422058693581456
76,0.9336229575711109,1.0844041400381432,0.6196001486027926,1.3778428902211026,0.998710143975583,0.06993537651704462,-0.4442199326499917,0.08569399606256023,0.5496647720857479,0.711903203530375
77,0.9645591673739944,1.1064711097782938,0.5632296969395526,1.3922704772547134,0.9995258306054791,0.0428641055705861,-0.42771130988071904,0.10694527917281471,0.5203655913689665,0.6820224380605128
78,0.9966895046778403,1.126760063798199,0.5068592452763127,1.4065588384008205,0.9999417202299663,0.015185091651111312,-0.4098693337229802,0.12681834356823263,0.49167415362520134,0.652548263605818
79,1.029911898261934,1.1452065484233063,0.4504887936130727,1.4207065448352156,0.99995764649874,-0.013075342784616575,-0.39079464657328167,0.1452489019245663,0.4635641363976893,0.6234656428823996
80,1.0641208076759483,1.161751963110902,0.39411834194983275,1.4347121817990456,0.9995736030415051,-0.041886267855577024,-0.3705913741230973,0.1621783600693968,0.4360046098054098,0.5947602935812142
81,1.0992075557192746,1.1763437454470052,0.3375931831393013,1.4485743487402851,0.998789743470524,-0.07121213282096248,-0.3493667930210105,0.1775540019764812,0.4088053159602638,0.5663076602351597
82,1.1350626296274797,1.1889299948898386,0.28106802432876987,1.4622916594537918,0.9976063813191736,-0.10101283897581732,-0.3272290298263121,0.19132361357066507,0.3820808633045872,0.538209391570219
83,1.17157149958349,1.1994705079008456,0.22454286551823846,1.4758627422199255,0.9960239899165367,-0.13124390617594112,-0.3042912426364355,0.2034465179843089,0.3557867716941796,0.5104584928647304
84,1.208617547386815,1.2079316155206452,0.16801770670770705,1.4892862399417186,0.994043202198076,-0.16185673736972372,-0.28066869255490356,0.21388841332256925,0.3298744440774308,0.48305312046349436
85,1.2460824389604126,1.2142862909158687,0.11149254789717564,1.5025608102805854,0.9916648104524687,-0.19279898196781758,-0.2564783713201728,0.22262148046340002,0.3042915298649932,0.45599869919369557
86,1.2838465023384786,1.2185142357094316,0.054707923858177104,1.515685125790554,0.9888897660047016,-0.22401499487154508,-0.2318386234520753,0.22962446970473005,0.2787229187297222,0.42914217904623053
87,1.3217896503385087,1.220592099960971,-0.002076700180821428,1.5286578740510102,0.9857191788355535,-0.25544638373627454,-0.20686822371250146,0.23487292112541747,0.2533696835554531,0.4026859168197251
88,1.3597895683975492,1.220513185410822,-0.05886132421981996,1.5414777577979386,0.9821543171376185,-0.28703263284555847,-0.18168818940038944,0.23835886827320352,0.2281713086257385,0.37667983000428384
89,1.3977237589471414,1.218277746450073,-0.11564594825881849,1.5541434950536477,0.9781966068080447,-0.3187117881210078,-0.15641973610650628,0.24008113964202826,0.20306583986218932,0.3512005449517134
90,1.4354699362998127,1.2138929893005033,-0.17243057229781703,1.5666538192549668,0.9738476308781951,-0.3504211845928371,-0.13118388295515415,0.24004535842230812,0.17799061229502008,0.3263612160052755
91,1.4729064208525406,1.2073730487844108,-0.22943057229781721,1.579007479379901,0.9691091288804564,-0.38209819537047346,-0.10610105852736029,0.23826391990395435,0.15266762307265624,0.30221603743560493
92,1.5099106708992625,1.1987309727329225,-0.28643057229781743,1.591203240072732,0.9639829961524481,-0.41368097997668896,-0.08129256917346961,0.23474797658047442,0.12725040767887152,0.2791196169492379
93,1.5463624921794596,1.187994831649806,-0.34343057229781765,1.6032398817675544,0.9584712830789142,-0.44510920994479974,-0.05687738958809474,0.22952354857089174,0.1016786376469821,0.2573997710734738
94,1.5821434847877756,1.1751994978142366,-0.40043057229781787,1.6151162008102287,0.9525761942715953,-0.4763247508234524,-0.03297271602245311,0.22262330354264126,0.07589417852563451,0.23750423494375253
95,1.6171374277511665,1.1603865320114355,-0.4574305722978181,1.6268310095787475,0.9463000876874145,-0.5072722820789922,-0.009693581827580955,0.21408644432402102,0.04984170978117414,0.22002537854952312
96,1.651188664688481,1.1436247191343725,-0.4924503034139075,1.6383831366019965,0.9396454736853249,-0.5378998396315425,0.012805528086484497,0.20397924544904755,0.045449536217635034,0.20937328976241132
97,1.6846321496474155,1.1256809619556674,-0.5274700345299969,1.6497714266769001,0.9326150140222006,-0.5681592696408527,0.034860722970515345,0.19306594793346676,0.04068923511085587,0.2003630308000496
98,1.7174268723459098,1.1065772641194982,-0.5624897656460862,1.660994740983941,0.9252115207881683,-0.5980065863693985,0.056432131361968896,0.18136574333132993,0.0355168207233123,0.19323447637125282
99,1.7495326180506736,1.0863370516545103,-0.5975094967621756,1.672051957201041,0.9174379552818098,-0.6274022311885141,0.07748066084963257,0.1688990963727005,0.029892734426338552,0.18821193674338021
100,1.7809100168907523,1.0649851442475027,-0.6325292278782649,1.682941969615793,0.9092974268256818,-0.6563112337819401,0.09796804727495934,0.15568771742182086,0.023782005903675185,0.1854777276324245
101,1.8084681726865834,1.0447851350797164,-0.6607689741325293,1.6936636892360304,0.9007931915226274,-0.6847032801150899,0.11480448345055305,0.143991943557089,0.023934305982560522,0.1857056817455057
102,1.8354449733121374,1.02381504806857,-0.6890087203867937,1.704216043898726,0.8919286509533796,-0.7125526946185239,0.13122892941341147,0.13188639711519035,0.023543974231730158,0.18753498975295302
103,1.8618189066499642,1.0020916053962445,-0.7172484666410581,1.7145979783772067,0.8827073508159741,-0.7398383461925445,0.14722092827275746,0.11938425458027047,0.02258987955148639,0.190884532168874
104,1.8875689413272387,0.9796321299935307,-0.7454882128953225,1.7248084544866769,0.8731329795075166,-0.7665434890556865,0.16276048684056188,0.1064991504860141,0.021055276160363956,0.1956434762137715
105,1.912674543486814,0.9564545317259993,-0.7737279591495869,1.734846451188034,0.8632093666488738,-0.7926555501696838,0.17782809229878005,0.09324516507712544,0.01892759102009689,0.2016822870822023
106,1.9268517797881688,0.9426043954370885,-0.7987134343344218,1.7447109646899726,0.8529404815528762,-0.8181658750569212,0.18214081509819624,0.08966391388421235,0.01945244072249941,0.20394433413981647
107,1.940678574847493,0.9284043939316907,-0.8236989095192566,1.7544010085493633,0.8423304316366457,-0.8430694433909002,0.18627756629812975,0.08607396229504505,0.019370533871643558,0.20611471629555092
108,1.9541462974055763,0.9138633914399658,-0.8486843847040915,1.763915613769895,0.8313834607786832,-0.8673645649064725,0.1902306836356813,0.08247993066128256,0.018680180202381047,0.20818165406870529
109,1.967246540351163,0.898990465059039,-0.8736698598889263,1.7732538288989745,0.8201039476213741,-0.8910525650657036,0.19399271145218844,0.07888651743766495,0.017382705176777313,0.21013903295027753
110,1.9799711259690196,0.8837948990867005,-0.8986553350737612,1.7824147201228708,0.8084964038195901,-0.914137468639516,0.19755640584614875,0.07529849526711041,0.015482133565754785,0.21198606874058293
111,1.9915625051947414,0.8692281969871765,-0.9205920945069603,1.7913973713600952,0.7965654722360865,-0.9366256880218409,0.20016513383464618,0.07266272475108992,0.01603359351488054,0.21354865603017711
112,2.0028315749107923,0.8544107427474782,-0.9425288539401595,1.8002008843530102,0.7843159250844199,-0.9585257217604746,0.20263069055778216,0.07009481766305825,0.015996867820315064,0.21500786031957456
113,2.01377291241697,0.839349666557953,-0.9644656133733587,1.808824378757652,0.7717526620201257,-0.9798478675264842,0.20494853365931798,0.06759700453782724,0.015382254153125552,0.21635588786631849
114,2.0243812527185043,0.8240522158403459,-0.9864023728065578,1.8172669922317666,0.7588807081809217,-1.0006039525927415,0.20711426048673776,0.06517150765942425,0.014201579786183638,0.21758981404466984
115,2.034651491059585,0.8085257517603256,-1.008339132239757,1.8255278805210422,0.7457052121767199,-1.0208070838766747,0.209123610538543,0.06282053958360567,0.012467951636917718,0.21871112110789453
116,2.044513576037369,0.7928810318995663,-1.0274780814064552,1.8336062175435337,0.7322314440302513,-1.0404714187339885,0.21090735849383546,0.06064958786931496,0.012993337327533272,0.21983883458222767
117,2.0540744496138013,0.7770504388567852,-1.0466170305731535,1.8415011954722713,0.7184647930691263,-1.0596119569697484,0.21257325414152994,0.0585856457876589,0.012994926396594941,0.22088126760938653
118,2.0633306097537654,0.7610397711913189,-1.0657559797398517,1.8492120248160406,0.7044107657701763,-1.078244353954232,0.21411858493772473,0.056629005421142686,0.012488374214380205,0.22183230639661086
119,2.07227866603508,0.7448548934217126,-1.08489492890655,1.8567379344983332,0.6900749835569364,-1.0963847542815959,0.21554073153674658,0.05477990986477621,0.011489825375045948,0.22268960811707833
120,2.080915340890369,0.7285017338776159,-1.1040338780732482,1.8640781719344526,0.675463180551151,-1.1140496450750117,0.21683716895591632,0.0530385533264649,0.010015767001763543,0.22345415988165107
121,2.0893294019155713,0.7118038432061206,-1.120777162430894,1.871232003106772,0.6605812012792008,-1.1312557278065778,0.2180973988087993,0.05122264192691972,0.010478565375683813,0.22427669238124226
122,2.097462719110422,0.6949674205688446,-1.1375204467885398,1.8781987126381352,0.6454349983343708,-1.1480198073479873,0.21926400647228683,0.04953242223447385,0.010499360559447446,0.2250342239723783
123,2.1053130124538,0.6779971857373536,-1.1542637311461856,1.884977603863395,0.6300306299958922,-1.16435869688339,0.220335408590405,0.04796655574146136,0.010094965737204475,0.22572193309830302
124,2.112878081264949,0.660897895994922,-1.1710070155038315,1.891567998899078,0.6143742578057116,-1.1802891372852227,0.2213100823658709,0.04652363818921035,0.009282121781391206,0.22633771062709301
125,2.1201558048203966,0.6436743448029197,-1.1877502998614773,1.8979692387111724,0.5984721441039565,-1.1958277295646969,0.22218656610922416,0.04520220069896319,0.008077429703219563,0.22688180618561823
126,2.1272833835187113,0.6259858066235247,-1.202526804204515,1.9041806831810315,0.5823306495240819,-1.2109908790505335,0.22310270033767976,0.04365515709944279,0.008464074846018521,0.2274911607125441
127,2.134148818845627,0.6081938826467164,-1.2173033085475526,1.9102017111693845,0.5659562304487028,-1.2257947500135267,0.22394710767624249,0.042237652198013564,0.008491441465974026,0.22805357019333192
128,2.140750611794389,0.590302457580885,-1.2320798128905903,1.9160317205784498,0.5493554364271267,-1.2402552295333436,0.22471889121593924,0.040947021153758256,0.00817541664275323,0.2285652555572917
129,2.1470873209222123,0.5723154378595985,-1.246856317233628,1.9216701284121454,0.532534907555621,-1.2543878994917435,0.22541719251006698,0.039780530303977435,0.0075315822581154546,0.2290242912917689
130,2.153157562665006,0.554236750788668,-1.2616328215766657,1.927116370834386,0.5155013718214642,-1.2682080156685605,0.22604119183062,0.038735378967203804,0.006575194091894776,0.2294303449094869
131,2.159090965188561,0.535660352063642,-1.274843538169179,1.932369903225468,0.4982616424118385,-1.2817304930098559,0.22672106196309305,0.03739870965180353,0.006886954840676918,0.22988808922662804
132,2.1647784495612274,0.5170071921005593,-1.2880542547616922,1.9374302002365305,0.4808226149886482,-1.2949698962289915,0.227348249324697,0.03618457711191114,0.006915641467299283,0.23031364742167723
133,2.170219023200419,0.4982805262581246,-1.3012649713542055,1.9422967558420892,0.4631912649303451,-1.3079404349891695,0.22792226735832966,0.03508926132777945,0.006675463634963963,0.23070409192953822
134,2.175411736614532,0.4794836227233249,-1.3144756879467188,1.9469690833906388,0.44537464454187115,-1.3206559629989763,0.22844265322389323,0.03410897818145375,0.006180275052257489,0.23105770708694479
135,2.1803556835686533,0.46061976194106424,-1.327686404539232,1.9514467156533182,0.4273798802338298,-1.333129980429876,0.2289089679153351,0.033239881707234464,0.005443575890643926,0.23137380544575925
136,2.185150739711276,0.44128605774160273,-1.3396872360906222,1.9557292048706325,0.40921416967201735,-1.3453756391359823,0.22942153484064343,0.032071888069585386,0.005688403045360113,0.2317222574164835
137,2.189713435608013,0.42189620246527126,-1.3516880676420124,1.9598161227972284,0.3908847788984522,-1.3574057502217107,0.22989731281078463,0.031011423566819074,0.005717682579698291,0.23204994014940536
138,2.1940431141474797,0.40245298860469614,-1.3636888991934026,1.9637070607447196,0.3723990394250553,-1.3692327935620554,0.2303360534027601,0.030053949179640826,0.005543894368652769,0.23235462578399932
139,2.198139151777039,0.38295921633711244,-1.3756897307447928,1.9674016296225532,0.3537643453011427,-1.380868928933525,0.23073752215448562,0.02919487103596974,0.005179198188732137,0.23263483986427486
140,2.202000958592603,0.3634176931210875,-1.387690562296183,1.9708994599769205,0.3349881501559047,-1.3923260084614568,0.23110149861568252,0.028429542965182797,0.004635446165273782,0.23288973557624784
141,2.2056935079647073,0.34347736378376725,-1.3987926010130642,1.9742002020277007,0.3160779642170538,-1.4036155901318894,0.23149330593700657,0.027399399566713445,0.004822989118825172,0.2331590423172587
142,2.209164456015391,0.3234972693251397,-1.4098946397299454,1.9773035257034395,0.29704135130683235,-1.4147489521538088,0.23186093031195165,0.02645591801830738,0.004854312423863361,0.23341587553639873
143,2.212413374936431,0.3034798723717212,-1.4209966784468266,1.9802091206743555,0.2778859258165868,-1.4257371079907708,0.23220425426207547,0.025593946555134417,0.004740429543944158,0.23365859168867462
144,2.215439864285582,0.28342764014770944,-1.4320987171637078,1.9829166963833729,0.2586193496611108,-1.4365908219100985,0.23252316790220928,0.02480829048659866,0.004492104746390613,0.23388598481567685
145,2.2182435510359335,0.2633430441708886,-1.443200755880589,1.985425982075177,0.23924932921398243,-1.4473206249233783,0.23281756896075656,0.02409371495690618,0.00411986904278927,0.23409720382386248
146,2.220858427429761,0.2429609075677847,-1.4536778711446603,1.9877367268232897,0.21978361222511697,-1.457936831014273,0.23312170060647142,0.023177295342667742,0.004258959869612777,0.23430973742511324
147,2.2232596182197653,0.22255249376728117,-1.4641549864087315,1.9898486995551619,0.20022998472177053,-1.4684495535690345,0.2334109186646034,0.02232250904551064,0.0042945671603029645,0.23451523334111019
148,2.225446859829778,0.2021200429793308,-1.4746321016728028,1.99176168907528,0.18059626789423294,-1.4788687219418666,0.2336851707544978,0.021523775085097868,0.0042366202690637955,0.23471254946375772
149,2.227419912168606,0.18166579805240107,-1.485109216936874,1.9934755040862868,0.1608903149674558,-1.4892040981017618,0.23394440808231898,0.020775483084945284,0.004094881164887765,0.2349007765465112
150,2.229178558656385,0.16119200422727897,-1.4955863322009453,1.994989973208109,0.1411200080598672,-1.499465293319851,0.23418858544827592,0.02007199616741176,0.0038789611189056217,0.2350791886232616
151,2.2307345571492863,0.14054230817672417,-1.5056852360138344,1.9963049449950963,0.12129325503062975,-1.5096617848669232,0.23442961215419,0.019249053146094416,0.003976548853088735,0.23525216692427323
152,2.232081940546933,0.11987795151434642,-1.5157841398267236,1.997420287951166,0.10141798631660187,-1.5198029326997817,0.2346616525957672,0.01845996519774455,0.0040187928730581746,0.23542092559973302
153,2.2332205714337463,0.09920104173571159,-1.5258830436396127,1.998335890542952,0.08150215176026913,-1.5298979961226906,0.23488468089079428,0.01769888997544246,0.004014952483077927,0.2355847700233919
154,2.2341503336841875,0.0785136876166401,-1.5359819474525018,1.9990516612109581,0.06155371742991314,-1.5399561504164885,0.23509867247322935,0.016959970186726958,0.0039742029639866505,0.23574312434641312
155,2.234871132474602,0.05781799899813922,-1.546080851265391,1.999567528378714,0.04158066243329049,-1.5499865034331373,0.23530360409588802,0.01623733656484873,0.0039056521677462985,0.23589550932158504
156,2.235383775630238,0.03708043450038519,-1.5560316558586182,1.9998834404599326,0.02159097572609596,-1.5599981121576436,0.23550033517030533,0.015489458774289228,0.003966456299025367,0.23604250459190315
157,2.23569004135893,0.01633879556786692,-1.5659824604518455,1.9999993658636692,0.0015926529164868282,-1.56999999924253,0.2356906754952608,0.014746142651380093,0.0040175387906844495,0.23618569782364432
158,2.235789899334952,-0.004404864010137961,-1.5759332650450728,1.9999152929974802,-0.018406306933053812,-1.580001169522415,0.2358746063374717,0.01400144292291585,0.004067904477342177,0.23632481495944876
159,2.2356833396705973,-0.02514849024427218,-1.5858840696383,1.9996312302685817,-0.03839790450523538,-1.5900106265178413,0.2360521094020156,0.013249414260963197,0.004126556879541221,0.23645966633462004
160,2.235370372917158,-0.0458900291484801,-1.5958348742315274,1.9991472060830102,-0.058374143427580086,-1.600037388938299,0.2362231668341479,0.012484114279099984,0.004202514706771687,0.23659014938992692
161,2.234853371972498,-0.0665339143624798,-1.6058615302306176,1.998463268842781,-0.0783270334708653,-1.610090507194452,0.23639010312971687,0.0117931191083855,0.004228976963834397,0.23672186794240913
162,2.2341294113483547,-0.0871715781769784,-1.6158881862297079,1.997579486941048,-0.09824859374510869,-1.6201790799288849,0.23654992440730682,0.011077015568130288,0.004290893699177012,0.23684800775969558
163,2.2331985638266536,-0.10780094582596168,-1.6259148422287981,1.996495948755265,-0.11813085589181781,-1.6303122705732334,0.23670261507138868,0.010329910065856124,0.004397428344435239,0.23696871607798173
164,2.2320609229882775,-0.12841994337745372,-1.6359414982278884,1.9952127626383473,-0.13796586727122728,-1.6404993239373136,0.23684816034993017,0.009545923893773567,0.004557825709425201,0.2370842666634154
165,2.2307166032036596,-0.14902649794201545,-1.6459681542269786,1.9937300569078378,-0.15774569414324865,-1.6507495828327603,0.23698654629582183,0.00871919620123321,0.004781428605781679,0.23719508756955632
166,2.2291824455796143,-0.16939671968575143,-1.65629875559257,1.9920479798330735,-0.17746242484086058,-1.6610725047296746,0.23713446574654085,0.008065705155109154,0.00477374913710471,0.23731961386571174
167,2.2274379369209374,-0.1897500059816839,-1.6666293569581612,1.9901666996203604,-0.19710817293466984,-1.671477678439753,0.23727123730057698,0.0073581669529859395,0.004848321481591755,0.23743480977363784
168,2.225483263402248,-0.21008418471945753,-1.6769599583237524,1.988086404396152,-0.21667508038737962,-1.6819748408132476,0.2373968590060962,0.006590895667922092,0.005014882489495109,0.2375412756092069
169,2.223318633627038,-0.23039708582788282,-1.6872905596893437,1.985807302188237,-0.236155320696897,-1.692573893429715,0.23751133143880088,0.005758234869014167,0.0052833337403712655,0.23763986081053573
170,2.220944278605409,-0.2506865415065268,-1.697621161054935,1.9833296209049371,-0.2555411020268312,-1.7032849192537511,0.23761465770047208,0.004854560520304418,0.005663758198816149,0.2377317195262182
171,2.218404094465645,-0.27060811521270467,-1.7084982758164844,1.980653608312316,-0.27482467032312397,-1.714118199216562,0.23775048615332905,0.0042165551104192955,0.005619923400077553,0.2378542758542849
172,2.2156473756204083,-0.2905008811240329,-1.7193753905780338,1.977779532009403,-0.2939983124155676,-1.725084228672093,0.23786784361100533,0.003497431291534736,0.00570883809405931,0.23796204294419074
173,2.2126744482183707,-0.3103624857182443,-1.7302525053395832,1.9747076794014329,-0.3130543591029702,-1.7361937336623283,0.2379667688169378,0.0026918733847258736,0.005941228322745129,0.23805614345669868
174,2.2094856639879383,-0.33019057915978156,-1.7411296201011326,1.971438357671107,-0.33198518822073414,-1.7474576869099745,0.23804730631683135,0.0017946090609525789,0.006328066808841903,0.23813816387953898
175,2.2060814001956373,-0.349982815577807,-1.752006734862682,1.9679718937478738,-0.35078322768961984,-1.7588873234378162,0.2381095064477634,0.0008004121118128094,0.006880588575134183,0.23821024373331742
176,2.20254404622553,-0.36928937767085046,-1.7636977827204985,1.964308634275237,-0.36944095854447706,-1.7704941556922353,0.23823541195029319,0.0001515808736266,0.006796372971736853,0.23833238380349847
177,2.1987812251968526,-0.3885532659301951,-1.775388830578315,1.960448945576091,-0.3879509179417303,-1.7822899880233805,0.23833227962076164,-0.0006023479884648131,0.006901157445065476,0.23843293460931464
178,2.1947934514083824,-0.4077718473860249,-1.7870798784361315,1.9563932136160893,-0.40630570214441675,-1.7942869303459041,0.23840023779229313,-0.0014661452416081522,0.007207051909772666,0.2385136569643792
179,2.1905812699052256,-0.4269424952610144,-1.798770926293948,1.9521418439650484,-0.4244979694835826,-1.8064974107716563,0.2384394259401772,-0.0024445257774318163,0.007726484477708295,0.23857710307433536
180,2.1861452564043202,-0.4460625893293541,-1.8104619741517645,1.9476952617563903,-0.44252044329485246,-1.818934186968815,0.23844999464792993,-0.0035421460345016476,0.008472212817050462,0.2386267485764011
181,2.1816153178430677,-0.4646003814708157,-1.8232691526394664,1.9430539116446306,-0.46036591482899825,-1.8316103559602837,0.23856140619843713,-0.00423446664181748,0.008341203320817225,0.23874474006343174
182,2.176848340463211,-0.483078639167598,-1.8360763311271684,1.9382182577609126,-0.47802724613534286,-1.8445393620273418,0.23863008270229846,-0.005051393032255158,0.008463030900173418,0.23883353163676455
183,2.1718451061519066,-0.5014943315866993,-1.8488835096148704,1.933188783666595,-0.4954973729168449,-1.8577350023321744,0.23865632248531155,-0.005996958669854391,0.00885149271730401,0.23889569418226325
184,2.1666064355475454,-0.5198444381571735,-1.8616906881025723,1.9279659923048962,-0.5127693073557238,-1.871211429814701,0.23864044324264921,-0.007075130801449725,0.009520741712128578,0.23893506052828406
185,2.1611331879051514,-0.538125949065569,-1.8744978665902743,1.9225504059505998,-0.5298361409084934,-1.884983152854841,0.23858278195455163,-0.008289808157075584,0.010485286264566795,0.2389569124183357
186,2.155607254807082,-0.5557583425067615,-1.888765962657032,1.9169425661578283,-0.5466910470692872,-1.899065031120944,0.2386646886492536,-0.00906729543747431,0.010299068463912153,0.23905882176949664
187,2.1498303120327162,-0.5733100993205693,-1.9030340587237895,1.911143033705888,-0.5633272841003701,-1.9134722669486295,0.23868727832682834,-0.00998281522019917,0.010438208224839984,0.23912387924616516
188,2.1438035356238245,-0.5907776464061385,-1.917302154790547,1.9051523885431907,-0.5797381977287431,-1.928220391512157,0.23865114708063384,-0.01103944867739537,0.010918236721609853,0.23915569682345492
189,2.137528152482088,-0.6081574278056198,-1.9315702508573047,1.898971229729261,-0.5959172238077642,-1.9433252449633298,0.23855692275282703,-0.012240203997855525,0.011754994106025096,0.2391597956882387
190,2.1310054401193304,-0.6254459054280733,-1.9458383469240623,1.892600175374829,-0.6118578909427194,-1.958802949622059,0.2384052647445014,-0.01358801448535396,0.012964602697996597,0.23914385904443983
191,2.1244654557634224,-0.6420585492826753,-1.9619564719171152,1.886039862580021,-0.6275538230792937,-1.9746698752097716,0.2384255931834014,-0.014504726203381502,0.012713403292656356,0.2392044756905138
192,2.1176585678369944,-0.6585636275306694,-1.978074596910168,1.8792909473706498,-0.6429987420539088,-1.9909425950243342,0.23836762046634452,-0.015564885476760604,0.012867998114166168,0.23922159919655692
193,2.1105865446900856,-0.6749568523453588,-1.994192721903221,1.8723541046326122,-0.6581864701049049,-2.007637831866406,0.23823244005747335,-0.016770382240453907,0.013445109963184931,0.23920015091581925
194,2.1032512235517715,-0.6912339649582632,-2.0103108468962736,1.865230028044401,-0.6731109323435617,-2.024772392446539,0.23802119550737055,-0.018123032614701495,0.014461545550265242,0.239147799742364
195,2.095654510052873,-0.7073907367654968,-2.0264289718893265,1.8579194300077386,-0.6877661591839738,-2.0423630889355304,0.23773508004513433,-0.01962457758152303,0.015934117046203955,0.23907527771679316
196,2.0880561202977987,-0.7228969878069281,-2.0448181990834646,1.8504230415763365,-0.7021462887308055,-2.060426646274568,0.23763307872146222,-0.020750699076122592,0.015608447191103547,0.23904747486327046
197,2.0801738833537415,-0.7382608964563457,-2.063207426277603,1.8427416123827909,-0.7162455691239705,-2.078979593845187,0.23743227097095065,-0.022015327332375212,0.015772167567584372,0.2389717958374053
198,2.0720104646318145,-0.7534772673443202,-2.081596653471741,1.8348759105636196,-0.7300583608392996,-2.0980381401223296,0.23713455406819484,-0.023418906505020542,0.016441486650588644,0.23885469306315504
199,2.0635686246259146,-0.7685409549919282,-2.099985880665879,1.8268267226824504,-0.7435791389442745,-2.1176180290088564,0.23674190194346423,-0.024961816047653684,0.017632148342977327,0.238706332239835
200,2.0548512179792513,-0.7834468655507173,-2.1183751078600173,1.8185948536513634,-0.7568024953079283,-2.137734376690414,0.23625636432788788,-0.026644370242788984,0.019359268830396736,0.23854092613368064
201,2.0461039888170545,-0.7977917874175343,-2.139448050605572,1.8101811266504018,-0.7697231407640244,-2.1584014880706035,0.2359228621666527,-0.028068646653509943,0.01895343746503153,0.23834151675611587
202,2.037056434424498,-0.8119492081181706,-2.1605209933511267,1.8015863830452545,-0.7823359072266527,-2.179632652163961,0.23547005137924337,-0.029613300891517924,0.019111658812834165,0.23809315023497268
203,2.027712572390576,-0.8259128410148098,-2.1815939360966814,1.7928114823031196,-0.7946357497573974,-2.201439916254256,0.2349010900874564,-0.031277091257412404,0.019845980157574772,0.23780378779618855
204,2.0180765518804265,-0.8396764855215909,-2.202666878842236,1.7838573019067592,-0.8066177485832404,-2.22383383918308,0.23421924997366728,-0.033058736938350486,0.021166960340843755,0.23748595191349142
205,2.008152651792884,-0.8532340298579942,-2.223739821587791,1.774724737266751,-0.8182771110644103,-2.246823224830935,0.2334279145261331,-0.03495691879358398,0.023083403243144396,0.23715695426625494
206,1.998088905034914,-0.8663916726172352,-2.2478128978419765,1.7654147016319481,-0.8296091736113709,-2.270414837697643,0.23267420340296585,-0.03678249900586428,0.022601939855666497,0.23664548347171196
207,1.9877113598267757,-0.8793032611036067,-2.271885974096162,1.7559281259981563,-0.8406094035501944,-2.294613103481373,0.23178323382861943,-0.03869385755341226,0.02272712938521071,0.23608728154330622
208,1.9770260298004056,-0.8919613132450663,-2.2959590503503478,1.746265959015033,-0.8512734009355746,-2.319419798686549,0.23076007078537275,-0.04068791230949176,0.023460748336201043,0.23549123803120509
209,1.96603910694443,-0.9043584938900839,-2.3200321266045334,1.7364291668912253,-0.8615969003107405,-2.3448337345377843,0.2296099400532048,-0.04276159357934339,0.024801607933250924,0.23487102463427867
210,1.9547569580160007,-0.9164876190582524,-2.344105202858719,1.7264187332977474,-0.8715757724135882,-2.3708504418018905,0.22833822471825327,-0.04491184664466419,0.02674523894317149,0.23424501412547652
211,1.9430910878519216,-0.928439019098145,-2.371249287157527,1.7162356592696177,-0.8812060258283252,-2.3974618644663783,0.2268554285823039,-0.04723299326981978,0.026212577308851515,0.23319828545609023
212,1.9311051451641492,-0.9400693960260063,-2.3983933714563346,1.7058809631057523,-0.8904838085819884,-2.424656071515499,0.2252241820583969,-0.049585587444017865,0.026262700059164423,0.2321085782138176
213,1.9188079606687594,-0.9513701810909934,-2.4255374557551423,1.6953556802671397,-0.8994054096851778,-2.4524169971891108,0.22345228040161969,-0.05196477140581557,0.026879541433968424,0.2309843475901412
214,1.9062085943911202,-0.9623330483710704,-2.45268154005395,1.6846608632732913,-0.9079672606164054,-2.4807242209956297,0.22154773111782888,-0.05436578775466494,0.02804268094167961,0.2298378297757789
215,1.8933163289908637,-0.9729499209071819,-2.479825624352758,1.6737975815969954,-0.9161659367494548,-2.509552799257385,0.21951874739386823,-0.05678398415772712,0.029727174904627063,0.2286845124664288
216,1.8796170896290385,-0.983620808931624,-2.509675081407301,1.6627669215573662,-0.9239981587231878,-2.5388731599736905,0.21685016807167234,-0.059622650208436156,0.02919807856638945,0.22678488398162502
217,1.8656054798411188,-0.9938780893447664,-2.539524538461844,1.6515699862112163,-0.9314607937532426,-2.5686510721830618,0.21403549362990248,-0.06241729559152376,0.02912653372121765,0.22484542754739067
218,1.8512939829056065,-1.0037126236900002,-2.5693739955163872,1.6402078952427481,-0.9385508568851079,-2.598847699706418,0.2110860876628584,-0.06516176680489238,0.029473704190030592,0.22287236593312448
219,1.8366953492776406,-1.013115650145306,-2.5992234525709303,1.628681784851592,-0.9452655121880633,-2.6294197471130945,0.20801356442604857,-0.0678501379572427,0.030196294542164104,0.2208734941321024
220,1.821822585229311,-1.0220787913293707,-2.6290729096254735,1.6169928076391802,-0.951602073889516,-2.6603197029822847,0.20482977759013088,-0.07047671743985473,0.031246793356811242,0.21885741381959822
221,1.8055668824756352,-1.0312254122867233,-2.6606871055873764,1.6051421324934945,-0.957558007449271,-2.691496182110619,0.20042474998214077,-0.07366740483745227,0.030809076523242496,0.21574560513971944
222,1.7890301875844412,-1.0398536374245428,-2.6923013015492794,1.593130944472173,-0.9631309305733167,-2.722894364390203,0.19589924311226814,-0.07672270685122617,0.030593062840923668,0.21260014744239342
223,1.7722290269010665,-1.0479548439176996,-2.7239154975111823,1.5809604446840095,-0.9683186141667071,-2.7544565238654024,0.191268582217057,-0.0796362297509925,0.03054102635422007,0.20942386187596942
224,1.7551801910711236,-1.0555209356298711,-2.7555296934730853,1.5686318501688397,-0.9731189832251738,-2.7861226372410264,0.1865483409022839,-0.08240195240469739,0.030592943767941083,0.20621904243277137
225,1.737900718260363,-1.062544351204613,-2.7871438894349883,1.5561463937758424,-0.9775301176650971,-2.817831057161089,0.18175432448452056,-0.08501423353951598,0.030687167726100917,0.202987084899965
226,1.7187146389876704,-1.069644702266581,-2.819075924864965,1.5435053240402514,-0.9815502530915156,-2.8495192322111245,0.17520931494741898,-0.08809444917506537,0.03044330734615963,0.19845838602078464
227,1.6993116503407868,-1.0761288872292523,-2.8510079602949414,1.530709905058507,-0.9851777815038595,-2.881124453092601,0.1686017452822799,-0.09095110572539278,0.0301164927976596,0.1939217761968311
228,1.6797115349908585,-1.0819902950235232,-2.882939995724918,1.5177614163618436,-0.9884112519391305,-2.912584602987957,0.16195011862901487,-0.09357904308439269,0.02964460726303919,0.18937708670354617
229,1.6599342765931595,-1.0872229495441161,-2.9148720311548946,1.5046611527883416,-0.9912493710522671,-2.9438388899030694,0.15527312380481795,-0.09597357849184907,0.02896685874817484,0.18482356356908106
230,1.6400000394123908,-1.0918215157426274,-2.946804066584871,1.49141042435344,-0.9936910036334646,-2.974828539761162,0.14858961505895074,-0.09813051210916279,0.028024473176290865,0.18026048431917172
231,1.6180795988171275,-1.0961462028653512,-2.977449112763498,1.4780105561189416,-0.9957351730622453,-3.0054974311418126,0.14006904269818587,-0.1004110298031059,0.028048318378314452,0.1746093347801249
232,1.596036940871953,-1.0997972116727854,-3.008094158942125,1.4644628880605028,-0.9973810616980933,-3.0357926556293995,0.13157405281145018,-0.10241614997469217,0.02769849668727442,0.1690207261480197
233,1.5738927646325824,-1.102771113702042,-3.038739205120752,1.450768774933639,-0.9986280112074989,-3.0656649915020315,0.12312398969894334,-0.10414310249454306,0.026925786381279515,0.16349403845041172
234,1.5516678644850137,-1.1050651163242124,-3.069384251299379,1.4369295861382525,-0.9994755228272839,-3.095069282657533,0.1147382783467612,-0.10558959349692854,0.02568503135815403,0.15803086916389095
235,1.5293831106186568,-1.1066770653667737,-3.100029297478006,1.4229467055816887,-0.9999232575641007,-3.1239647189303588,0.10643640503696816,-0.10675380780267296,0.023935421452352834,0.15263678520482976
236,1.505745640339674,-1.1076600840858282,-3.128085088334634,1.4088215315403523,-0.9999710363300244,3.1308702891621083,0.09692410879932178,-0.10768904775580379,0.024229929682844542,0.14689555257232995
237,1.4820898965511122,-1.1079796350234308,3.1270444279883245,1.3945554765198755,-0.9996188400141854,3.1030967943149705,0.08753442003123668,-0.10836079500924534,0.023947633673353952,0.1413429366604282
238,1.4584344981157558,-1.1076354666687809,3.0989886371316966,1.3801499671138728,-0.9988668094904141,3.0759271557872387,0.07828453100188293,-0.10876865717836681,0.023061481344457846,0.13598132408669447
239,1.43479806362457,-1.1066278499084516,3.0709328462750687,1.3656064438612794,-0.9977152455608932,3.0493838894183343,0.06919161976329069,-0.10891260434755845,0.021548956856734414,0.13081969718986897
240,1.4111991967424597,-1.104957577813182,3.042877055418441,1.350926361102302,-0.9961646088358407,3.023485121228019,0.06027283564015784,-0.10879296897734125,0.019391934190421622,0.1258760180759459
241,1.3873136621590372,-1.1025920140247947,3.0181316924057517,1.3361111868329818,-0.9942155195492712,2.998244789888664,0.051202475326055374,-0.10837649447552344,0.0198869025170878,0.12150163342952483
242,1.3634939709137315,-1.0996361785504973,2.9933863293930627,1.3211624025584014,-0.9918687573109126,2.9736728934044856,0.04233156835533003,-0.10776742123958472,0.01971343598857711,0.11744955648501956
243,1.3397547078450645,-1.0960918812535096,2.9686409663803737,1.3060815031445296,-0.9891252607943699,2.9497757684852686,0.03367320470053481,-0.10696662045913974,0.0188651978951051,0.11371736146637966
244,1.316110408545245,-1.0919612923132525,2.9438956033676846,1.2908699966687416,-0.9859861273616705,2.9265563918596627,0.0252404118765035,-0.10597516495158199,0.01733921150802198,0.11031075302947792
245,1.292575550460001,-1.0872469408965428,2.9191502403549956,1.2755294042690073,-0.9824526126243325,2.904014693833692,0.01704614619099365,-0.10479432827221036,0.015135546521303667,0.10724507963765546
246,1.2695738761049944,-1.0820442985395273,2.897875481234542,1.2600612599917844,-0.9785261299411385,2.8821478756489345,0.00951261611320997,-0.1035181685983888,0.015727605585607485,0.10513733244066155
247,1.246688083622896,-1.0763535153688994,2.8766007221140883,1.2444671106386092,-0.974208249852809,2.8609507235309106,0.0022209729842868065,-0.10214526551609049,0.015649998583177727,0.103361068318797
248,1.2239285310845724,-1.0701771670234717,2.8553259629936347,1.2287485156114235,-0.9695006994538089,2.8404159136590224,-0.004819984526851062,-0.10067646756966275,0.014910049334612374,0.10188863010319166
249,1.2013055194249065,-1.0635180489080311,2.834051203873181,1.2129070467566294,-0.9644053617015306,2.820534303571183,-0.011601527331722927,-0.09911268720650057,0.013516900301997925,0.1007006792206313
250,1.1788292877806101,-1.0563791749281441,2.8127764447527275,1.1969442882079129,-0.9589242746631383,2.8012952066945758,-0.01811500042730274,-0.0974549002650058,0.01148123805815171,0.09978692125469829
251,1.157068219217721,-1.048954239022931,2.7947660775573198,1.1808618362278254,-0.9530596307003675,2.7826866477405034,-0.023793617010104295,-0.09589460832256347,0.012079429816816312,0.09953805674444711
252,1.1354443985071874,-1.0411386036633474,2.776755710361912,1.1646612990481637,-0.9468137755926088,2.764695597602315,-0.029216900540976365,-0.09432482807073861,0.012060112759597175,0.09947988132064645
253,1.1139648396500654,-1.0329348039645057,2.7587453431665043,1.1483442967091446,-0.9401892075986283,2.747308187147715,-0.03437945705907919,-0.09274559636587731,0.011437156018789363,0.09957158857192866
254,1.0926365098539794,-1.0243455009482727,2.7407349759710966,1.1319124608974056,-0.9331885764572977,2.7305098999059307,-0.03927595104342618,-0.09115692449097501,0.010225076065165872,0.09978345250369601
255,1.071466327273206,-1.0153734806801284,2.722724608775689,1.1153674347828333,-0.9258146823277321,2.71428574412675,-0.04390110750962739,-0.08955879835239633,0.00843886464893906,0.10009645368073818
256,1.0507211663312777,-1.0061374127730816,2.7076072294875297,1.0987108728542532,-0.918070474669267,2.69862040504676,-0.04798970652297552,-0.08806693810381461,0.008986824440769592,0.10069538486282102
257,1.03011799566704,-0.9965887997078042,2.6924898501993706,1.081944440753977,-0.9099590510617106,2.6834983784538204,-0.05182644508693701,-0.08662974864609363,0.00899147174555015,0.10134860790847443
258,1.0096615237396545,-0.9867298236365193,2.6773724709112114,1.0650698151112423,-0.9014836559663549,2.6689040868100813,-0.05540829137158787,-0.08524616767016435,0.008468384101130155,0.10202304339928714
259,0.9893564254831017,-0.9765627376389571,2.6622550916230523,1.0480886833745522,-0.8926476794282345,2.654821979292142,-0.058732257891450534,-0.08391505821072254,0.007433112330910152,0.1026959895539292
260,0.969207341237816,-0.9660898652074571,2.647137712334893,1.0310027436429283,-0.8834546557201532,2.6412366171483908,-0.061795402405112276,-0.08263520948730385,0.005901095186502392,0.10335411230241644
261,0.9490825580854445,-0.9552401075963972,2.6345082611398496,1.0138137044961069,-0.8739082619290224,2.6281327457710297,-0.06473114641066235,-0.08133184566737484,0.006375515368819862,0.10414239113597472
262,0.9290964027353265,-0.9441370570484767,2.621878809944806,0.9965232848236771,-0.8640123164850744,2.615495354844479,-0.06742688208835068,-0.08012474056340235,0.006383455100327229,0.10491476053219001
263,0.9092520629975755,-0.9327824845104439,2.6092493587497625,0.979133213653199,-0.8537707776345435,2.603309727872266,-0.0698811506556235,-0.07901170687590042,0.0059396308774966045,0.10564802059365841
264,0.8895527040625851,-0.9211782010470352,2.596619907554719,0.9616452299772965,-0.8431877418564168,2.591561482308587,-0.07209252591471138,-0.07799045919061842,0.005058425246132092,0.10632700354800541
265,0.8700014679961774,-0.9093260575521087,2.5839904563596754,0.9440610825797653,-0.8322674422239013,2.5802366014347324,-0.0740596145835879,-0.07705861532820746,0.0037538549249429565,0.10694366804709736
266,0.8501744771250028,-0.8969616635941988,2.573474283578646,0.9263825298606904,-0.821014246711247,2.56932145902926,-0.07620805273568754,-0.07594741688295181,0.004152824549386036,0.10767043876894061
267,0.830478606282706,-0.884389453099795,2.5629581107976165,0.9086113396606129,-0.8094326564466194,2.558802837787985,-0.07813273337790694,-0.07495679665317556,0.004155273009631699,0.10835364176340903
268,0.8109160336134025,-0.871610816415459,2.552441938016587,0.8907492890837423,-0.7975273039117043,2.5486679423582137,-0.07983325547033981,-0.07408351250375467,0.0037739956583733303,0.10897687161556775
269,0.7914889225199135,-0.8586271667161921,2.5419257652355576,0.8727981643202526,-0.7853029510887806,2.538904407763251,-0.08130924180033905,-0.07332421562741154,0.003021357472306363,0.10952973112582996
270,0.7721994214245176,-0.8454399398491531,2.531409592454528,0.8547597604676596,-0.7727644875559871,2.5295003039093875,-0.08256033904314197,-0.07267545229316597,0.0019092885451406083,0.11000716491067025
271,0.7524702834859452,-0.8316454966405772,2.5226854026325745,0.836635881351318,-0.759916928531561,2.5204441367892327,-0.0841655978653727,-0.07172856810901618,0.002241265843341722,0.11060677474542838
272,0.7328622401640691,-0.8176794598254578,2.513961212810621,0.8184283393440346,-0.7467654128678123,2.5117248469228364,-0.0855660991799655,-0.07091404695764547,0.0022363658877844195,0.11115467024453307
273,0.7133767838467785,-0.803542892372897,2.505237022988667,0.800138955184839,-0.7333152009956565,2.503331805511806,-0.08676217133806052,-0.0702276913772405,0.0019052174768612318,0.11163885016026476
274,0.6940153975917425,-0.7892368702312552,2.4965128331667135,0.7817695577969044,-0.7195716728205074,2.495254808721464,-0.08775416020516191,-0.06966519741074784,0.0012580244452493616,0.11205184063234541
275,0.674779555013533,-0.7747624822462595,2.48778864334476,0.7633219841046635,-0.7055403255703919,2.4874840704519436,-0.08854242909113041,-0.06922215667586762,0.0003045728928161573,0.11239021972068237
276,0.6550417828383955,-0.7596389230575045,2.4805917221947658,0.7447980788501106,-0.6912267715971265,2.480010213910566,-0.08975629601171509,-0.06841215146037793,0.0005815082841995611,0.11285722525857574
277,0.6354133639500499,-0.7443737055707785,2.4733948010447717,0.7261996944083366,-0.6766367361314569,2.4728242622546763,-0.09078633045828677,-0.06773696943932161,0.0005705387900953873,0.11327303448489337
278,0.6158953150112944,-0.728967620454898,2.4661978798947777,0.7075286906022854,-0.6617760549930369,2.4659176285357978,-0.09163337559099105,-0.06719156546186111,0.0002802513589799105,0.11362860789536856
279,0.5964886469682662,-0.7134214656749817,2.4590009587447836,0.68878693451678,-0.6466506722561834,2.4592821051422575,-0.09229828754851377,-0.06677079341879821,-0.000281146397473897,0.11391835577052879
280,0.5771943649980789,-0.6977360464511192,2.4518040375947896,0.6699763003118093,-0.631266637872321,2.452909852907744,-0.09278193531373047,-0.06646940857879824,-0.0011058153129543946,0.11413979422130936
281,0.5573996123990258,-0.6814057557595181,2.4459215362816855,0.65109866903512,-0.6156301052500863,2.446793390027349,-0.09369905663609424,-0.0657756505094318,-0.0008718537456635644,0.11448453844684328
282,0.5377012646884433,-0.6649593056257385,2.4400390349685814,0.6321559284341076,-0.5997473287940437,2.440925580900035,-0.09445466374566436,-0.06521197683169477,-0.0008865459314537638,0.1147827138087116
283,0.5181000035024776,-0.6483972651581671,2.4341565336554774,0.6131499727670459,-0.5836246614030073,2.435299624996844,-0.09504996926456821,-0.06477260375515981,-0.0011430913413668087,0.11502735984205241
284,0.4985965071177202,-0.6317202074650468,2.4282740323423733,0.5940827026136648,-0.5672685519289687,2.4299090458371793,-0.09548619549594461,-0.06445165553607801,-0.0016350134948059925,0.11521416015733138
285,0.4791914504277361,-0.6149287096346441,2.422391531029269,0.5749560246850888,-0.5506855425976376,2.4247476801408347,-0.09576457425735269,-0.0642431670370065,-0.002356149111565564,0.11534118792639804
286,0.4593260418391934,-0.5975334558047448,2.4176553392565587,0.5557718516331736,-0.5338822663916443,2.419809667210888,-0.09644580979398015,-0.06365118941310055,-0.0021543279543294602,0.11557642177128433
287,0.43954324300587677,-0.5800443110424388,2.4129191474838483,0.5365321018592358,-0.5168654443974288,2.4150894385917674,-0.09698885885335906,-0.06317886664501005,-0.002170291107919109,0.11577183636669966
288,0.41984349768505613,-0.5624616676549622,2.408182955711138,0.5172386993222217,-0.4996418831169025,2.410581708037644,-0.09739520163716553,-0.0628197845380597,-0.002398752326506326,0.11592197653627329
289,0.400227247770989,-0.5447859200468628,2.4034467639384274,0.49789357334630513,-0.48221847174493154,2.4062814618184905,-0.09766632557531613,-0.06256744830193123,-0.002834697880063075,0.11602341251001765
290,0.3806949332850082,-0.527017464711153,2.398710572165717,0.47849865842796485,-0.4646021794137574,2.402183949384547,-0.09780372514295665,-0.06241528529739554,-0.0034733772188300094,0.11607454863103531
291,0.36076627650499804,-0.508715216321956,2.3949902024551397,0.4590558940425284,-0.44680005240543,2.398284674404404,-0.09828961753753035,-0.06191516391652602,-0.003294471949264466,0.11621183237480068
292,0.3409058486160666,-0.4903389527946809,2.3912698327445625,0.4395672244502339,-0.42881921133339584,2.394579386187274,-0.09866137583416729,-0.06151974146128508,-0.0033095534427114437,0.11631723352515021
293,0.3211139245090739,-0.47188892847766856,2.3875494630339853,0.4200345985017983,-0.41066684829434086,2.3910640714961615,-0.09892067399272442,-0.0612220801833277,-0.0035146084621762164,0.11638640521036411
294,0.3013907781267098,-0.4533653987401929,2.383829093323408,0.40045996944354106,-0.39235022399145386,2.387734946755494,-0.09906919131683128,-0.06101517474873902,-0.0039058534320859373,0.11641654482427752
295,0.2817366824597024,-0.43476861996892635,2.380108723612831,0.3808452947220541,-0.373876664830236,2.3845884506541766,-0.09910861226235168,-0.060891955138690335,-0.0044797270413456936,0.1164062506034208
296,0.2617654988138682,-0.41573049198239725,2.3773051649801356,0.36119253578846583,-0.35525355998804264,2.381621237142953,-0.09942703697459765,-0.06047693199435461,-0.004316072162817264,0.1164552423204402
297,0.24184776809229214,-0.396636448504132,2.3745016063474402,0.34150365790229065,-0.3364883584585042,2.3788301688233062,-0.09965588980999851,-0.06014809004562777,-0.0043285624758659935,0.11648100945247249
298,0.22198364684706018,-0.37748663961208756,2.371698047714745,0.3217806299349115,-0.31758856607203484,2.3762123107238504,-0.09979698308785134,-0.05989807354005272,-0.0045142630091055125,0.11648002239767052
299,0.20217329120889121,-0.3582812158225336,2.3688944890820496,0.3020254241726877,-0.2985617424935936,2.373764924459197,-0.09985213296379647,-0.05971947332894001,-0.004870435377147597,0.11644992525918012
300,0.1824168568859099,-0.33902032808886917,2.3660909304493543,0.2822400161197344,-0.27941549819892586,2.371485462765573,-0.09982315923382454,-0.05960482988994331,-0.005394532316218559,0.11638943184216209
301,0.1624326348049964,-0.3194277878588605,2.3641317532847808,0.2624263843003676,-0.260157491430468,2.3693715644070066,-0.09999374949537118,-0.05927029642839249,-0.005239811122225824,0.11635795459464368
302,0.14248683631039993,-0.2997961326240941,2.3621725761202073,0.2425865100612595,-0.2407954251341592,2.3674210494456176,-0.10009967375085957,-0.05900070748993491,-0.005248473325410341,0.11631240106535902
303,0.12257953796155352,-0.28012543773820364,2.3602133989556338,0.22272237737329917,-0.22133704387835867,2.365631914869418,-0.10014283941174565,-0.05878839385984497,-0.005418515913784283,0.11624983377525694
304,0.10271081617011227,-0.2604157787046717,2.3582542217910603,0.20283597263320371,-0.2017901307561289,2.364002330571082,-0.10012515646309145,-0.0586256479485428,-0.005748108780021521,0.11616821556988807
305,0.08288074719966,-0.2406672311765398,2.3562950446264868,0.1829292844648735,-0.182162504272095,2.3625306356712543,-0.1000485372652135,-0.058504726904444804,-0.006235591044767563,0.11606634083467122
306,0.06291901730341162,-0.2207095153575801,2.3551307526731224,0.16300430352053824,-0.16246201521515416,2.3612153351802236,-0.10008528621712662,-0.05824750014242594,-0.006084582507101199,0.11596058784902648
307,0.04298053753966594,-0.20072857178947415,2.353966460719758,0.14306302228168652,-0.14269654351825772,2.360055096992098,-0.10008248474202058,-0.058032028271216424,-0.006088636272339798,0.11585029801025502
308,0.023065334936539627,-0.1807244275579015,2.352802168766394,0.1231074348598263,-0.12287399510655006,2.3590487492060004,-0.10004209992328666,-0.057850432451351436,-0.006246580439606575,0.11573294284281259
309,0.003173436490595382,-0.16069710977999196,2.3516378768130295,0.10313953679706928,-0.10300229873509785,2.3581952777692634,-0.09996610030647389,-0.057694811044894115,-0.006557400956233916,0.11560671234530827
310,-0.01669513083319463,-0.14064664560428883,2.350473584859665,0.08316132486658098,-0.0830894028174964,2.3574938244380585,-0.09985645569977561,-0.05755724278679243,-0.007020239578393372,0.11547047980274897
311,-0.03659444884744928,-0.12051833079368622,2.3500751155963435,0.06317479687290779,-0.06314327224661277,2.356943685051464,-0.09976924572035707,-0.05737505854707345,-0.006868569455120266,0.11529517327819454
312,-0.056485744767357196,-0.100382088314668,2.349676646333022,0.04318195145219192,-0.04317188520872868,2.3565443081154838,-0.09966769621954912,-0.057210203105939314,-0.006867661782461898,0.11512524391936567
313,-0.07636901543462314,-0.08023792136442146,2.3492781770697,0.02318478787231655,-0.02318322999237945,2.356295293694157,-0.09955380330693969,-0.057054691372042006,-0.0070171166244565875,0.11495841633459042
314,-0.09624425769222611,-0.060085833141392125,2.3488797078063786,0.0031853058329736565,-0.0031853017931379904,2.356196392605459,-0.09942956352519977,-0.05690053134825414,-0.007316684799080431,0.11479304180556626
315,-0.11611146838441981,-0.039925826845283285,2.348481238543057,-0.016814494734297237,0.016813900484349713,2.3562475059203347,-0.09929697365012258,-0.056739727329633,-0.0077662673772778135,0.11462809665387283
316,-0.13590505570513736,-0.019824514017540384,2.3488385069232582,-0.03681261386610762,0.03680637742582691,2.3564486847638113,-0.09909244183902974,-0.05663089144336729,-0.007610177840553067,0.11438655822279463
317,-0.1557058233259424,0.0002697259045997477,2.3491957753034596,-0.05680705176720758,0.05678413230707805,2.3568001304177795,-0.09889877155873483,-0.056514406402478304,-0.007604355114319894,0.11416072601186443
318,-0.17551376871945124,0.020356890356294375,2.349553043683661,-0.07679580901047076,0.07673917429251892,2.3573021947256567,-0.09871795970898048,-0.05638228393622455,-0.007749151041995805,0.11394843944890427
319,-0.19532888935736392,0.04043697677360389,2.3499103120638622,-0.0967768867368283,0.09666352163141724,2.357955380799775,-0.09855200262053562,-0.05622654485781335,-0.008045068735912597,0.11374816349344423
320,-0.21515118271046474,0.06050998259349212,2.3502675804440636,-0.11674828685516017,0.11654920485049365,2.358760344032969,-0.09840289585530457,-0.05603922225700153,-0.008492763588905383,0.11355902155820369
321,-0.23479287248594,0.08038589235749315,2.3513889922830895,-0.13670801224209556,0.13638826994159764,2.359717893416455,-0.09808486024384444,-0.05600237758410449,-0.008328901133365374,0.11325315314911316
322,-0.2544568389869196,0.10023976320504001,2.3525104041221154,-0.1566540669417306,0.1561727815432119,2.3608289931666846,-0.09780277204518903,-0.055933018338171894,-0.008318589044569169,0.11297381857684509
323,-0.27414305748469975,0.1200715701686119,2.3536318159611413,-0.1765844563652152,0.175894826114484,2.3620947646644646,-0.09755860111948456,-0.055823255945872105,-0.008462948703323203,0.1127188451748159
324,-0.29385150322259324,0.1398812883084348,2.3547532278001673,-0.19649718749021736,0.19554651510054424,2.363516488710183,-0.09735431573237588,-0.055665226792109446,-0.008763260910015891,0.11248677703318342
325,-0.3135821514159607,0.15966889271251275,2.355874639639193,-0.21639026906021674,0.21511998808781552,2.365095608099521,-0.09719188235574394,-0.05545109537530277,-0.009220968460327938,0.11227694435421752
326,-0.3330231588772618,0.17912234058729187,2.357787546649412,-0.23626171178363561,0.23460741594808077,2.366833730524539,-0.09676144709362619,-0.055485075360788894,-0.00904618387512679,0.11190712521617042
327,-0.3525013433832957,0.19853856405314682,2.359700453659631,-0.25610952853275937,0.2540010039700232,2.3687326318054684,-0.09639181485053633,-0.055462439916876355,-0.009032178145837566,0.11157528603490713
328,-0.37201663365925364,0.21791749206199745,2.3616133606698497,-0.27593173454245457,0.2732929949770132,2.3707942594589726,-0.09608489911679907,-0.05537550291501575,-0.009180898789122871,0.11127912231839579
329,-0.3915689582945491,0.23725905370223566,2.3635262676800686,-0.29572634760863703,0.29247567242986966,2.373020736608938,-0.09584261068591204,-0.055216618727634004,-0.009494468928869626,0.1110172326580224
330,-0.4111582457430788,0.2565631781989848,2.3654391746902874,-0.3154913882864973,0.3115413635133787,2.3754143662461753,-0.09566685745658149,-0.05497818531439391,-0.009975191555887886,0.11078922746665569
331,-0.43034712715171825,0.2754005092556845,2.368191292186299,-0.33522488008843665,0.3304824422053109,2.3779776358435334,-0.0951222470632816,-0.05508193294962643,-0.009786343657234298,0.11035412881271192
332,-0.4495877783735991,0.29418495898444863,2.3709434096823108,-0.35492484968172117,0.34929133232673576,2.3807132223330263,-0.09466292869187792,-0.05510637334228713,-0.009769812650715526,0.10996923065427519
333,-0.4688800536772212,0.3129163851091137,2.3736955271783224,-0.37458932708580633,0.3679605105723846,2.3836239974514886,-0.09429072659141485,-0.05504412546327092,-0.009928470273166123,0.10963198160718615
334,-0.48822380694007605,0.33159464575512465,2.376447644674334,-0.3942163458693397,0.38648250951987934,2.3867130334610547,-0.09400746107073638,-0.054887863764754685,-0.010265388786720564,0.10934101944177589
335,-0.5076188916497536,0.3502195994506097,2.379199762170346,-0.4138039433467995,0.4048499206165983,2.389983609250355,-0.09381494830295412,-0.05463032116598859,-0.010783847080009235,0.10909632383187821
336,-0.5265012300430901,0.36825254191685436,2.3828616150631934,-0.43335016077475924,0.42305539714299684,2.3934392168216947,-0.09315106926833089,-0.05480285522614248,-0.01057760175850131,0.10859263467534233
337,-0.5454494756733173,0.3862162192889277,2.386523467956041,-0.4528530435477663,0.44109165715120235,2.3970835681686076,-0.09259643212555096,-0.05487543786227467,-0.010560100212566592,0.10815233996293185
338,-0.5644633744605363,0.40411039068915605,2.3901853208488886,-0.472310641393794,0.4589514863776903,2.400920602546995,-0.09215273306674232,-0.054841095688534236,-0.010735281698106558,0.10777253017873772
339,-0.5835426714444955,0.4219348161718819,2.393847173741736,-0.49172100856927403,0.47662774112889944,2.404954494141537,-0.09182166287522142,-0.05469292495701755,-0.01110732039980089,0.10745187936927209
340,-0.6026871107880085,0.43968925672668135,2.3975090266345838,-0.5110822040536624,0.49411335113860816,2.409189660127124,-0.09160490673434607,-0.054424094411926804,-0.011680633492540338,0.10719084937229306
341,-0.6212048775545768,0.4567368217119483,2.4021775179503044,-0.5303922917435467,0.5114013223959523,2.4136307691226384,-0.09081258581103002,-0.05466450068400397,-0.011453251172333978,0.10661289949688889
342,-0.6398020286458898,0.47369775120401325,2.406846009266025,-0.549649340646248,0.5284847399429308,2.4182827500314454,-0.09015268799964171,-0.05478698873891752,-0.011436740765420339,0.10611277174767628
343,-0.6584781587412872,0.4905716755432921,2.4115145005817458,-0.5688514250729251,0.5453567706403021,2.42315080125933,-0.08962673366836216,-0.05478509509700996,-0.011636300677584366,0.10568709252461768
344,-0.6772328607987799,0.5073582269664583,2.4161829918974664,-0.5879966248311352,0.5620106659007431,2.4282404002962408,-0.08923623596764463,-0.05465243893428484,-0.012057408398774339,0.10533459065489227
345,-0.6960657260639203,0.5240570396144578,2.420851483213187,-0.6070830254168587,0.5784397643882002,2.433557313642975,-0.0889827006470616,-0.0543827247737424,-0.012705830429788012,0.10505636532439012
346,-0.7141562117550804,0.5399473616547917,2.4266546675348346,-0.6261087182059404,0.5946374946823286,2.439107607057674,-0.08804749354913999,-0.05469013302753689,-0.012452939522839213,0.10439562957142899
347,-0.7323386067810675,0.5557324342934129,2.432457851856482,-0.645071800644958,0.6105973779069791,2.4448976560896263,-0.0872668061361096,-0.0548649436135662,-0.01243980423314417,0.10382873504129811
348,-0.7506122988160235,0.5714117259387385,2.4382610361781296,-0.6639703764414682,0.6263130303216559,2.4509341568591303,-0.08664192237455537,-0.054901304382917404,-0.012673120681000682,0.10335174852657032
349,-0.768976672459494,0.5869847085615566,2.444064220499777,-0.6828025557536419,0.6417781658749337,2.4572241370319414,-0.08617411670585207,-0.05479345731337715,-0.013159916532164306,0.10296351177732929
350,-0.7874311092571533,0.6024508577128089,2.4498674048214246,-0.7015664553792397,0.6569865987187891,2.463774966924827,-0.08586465387791364,-0.05453574100598013,-0.01390756210340216,0.10266599298845377
351,-0.8050252490130124,0.6170230402910553,2.456970443821909,-0.7202601989439371,0.671932245682862,2.4705943706648235,-0.08476505006907531,-0.05490920539180677,-0.013623926842914358,0.10191047999393169
352,-0.8227224508415403,0.6314698844544978,2.4640734828223936,-0.7388819170889542,0.6866091287076386,2.477690437308543,-0.08384053375258604,-0.05513924425314076,-0.013616954486149524,0.101266938366892
353,-0.8405218218666818,0.6457906613172172,2.471176521822878,-0.7574297476579961,0.7010113772355988,2.4850716318091606,-0.0830920742086857,-0.055220715918381624,-0.013895109986282517,0.10073080136865399
354,-0.8584224640576442,0.6599846483537612,2.4782795608233625,-0.7759018358834606,0.715133230559358,2.4927468056970676,-0.0825206281741836,-0.05514858220559671,-0.014467244873705098,0.10030115337215753
355,-0.8764234742742059,0.6740511294355988,2.485382599823847,-0.7942963345719204,0.7289690401258765,2.5007252073153747,-0.08212713970228547,-0.05491791069027774,-0.015342607491527716,0.09998119620660237
356,-0.8934433183469601,0.6871572589334703,2.4939945687883207,-0.8126114042888336,0.7425132717958018,2.509016491422985,-0.08083191405812651,-0.055356012862331494,-0.015021922634664175,0.09911480540240593
357,-0.9105753994619612,0.7001163298625482,2.5026065377527944,-0.8308452135424925,0.7557605080570542,2.5176307279456003,-0.07973018591946868,-0.055644178194505955,-0.015024190192805875,0.09838141798451869
358,-0.9278184470089723,0.7129273811061957,2.511218506717268,-0.8489959389671652,0.7687054501917557,2.5265784096181902,-0.07882250804180713,-0.055778069085560045,-0.015359902900922151,0.09777580161798734
359,-0.9451711821478702,0.7255894625257375,2.519830475681742,-0.8670617655054355,0.78134292039565,2.5358704582208973,-0.07810941664243476,-0.05575345786991248,-0.016039982539155506,0.0972975337433071
360,-0.9626323179034908,0.7381016350309276,2.5284424446462155,-0.8850408865897049,0.7936678638491532,2.545518229063543,-0.07759143131378587,-0.055566228818225594,-0.01707578441732771,0.09695162923782358
361,-0.9789873605379776,0.7496093418609697,2.538822933433334,-0.9029315043228463,0.8056753507392133,2.5555335133215724,-0.07605585621513133,-0.056066008878243534,-0.01671057988823854,0.09595381230755355
362,-0.9954609754916799,0.7609466584049867,2.5492034222204523,-0.9207318296579966,0.8173605782311729,2.565928537768054,-0.07472914583368329,-0.056413919826186265,-0.01672511554760181,0.09511416864625327
363,-1.0120513876736128,0.7721123630265344,2.5595839110075707,-0.9384400825774543,0.8287188723898353,2.5767159613820527,-0.07361130509615854,-0.056606509363300916,-0.017132050374482066,0.09442684094202772
364,-1.0287568094074722,0.7831052525809683,2.569964399794689,-0.9560544922706857,0.83974569004898,2.5879088682432516,-0.07270231713678643,-0.05664043746801173,-0.017944468448562567,0.0938923320699144
365,-1.0455754406242628,0.7939241425450857,2.5803448885818074,-0.9735732973113987,0.8504366206285644,2.5995207560461813,-0.07200214331286403,-0.0565124780834787,-0.01917586746437383,0.0935183549566239
366,-1.0611576885245684,0.8037205321944536,2.592807814179212,-0.9909947458336898,0.8607873878989016,2.6115655194852865,-0.07016294269087853,-0.05706685570444803,-0.018757705306074346,0.09236512358777704
367,-1.0768608148027026,0.8133219656750226,2.605270739776617,-1.008317095707223,0.870793851691091,2.6240574276749693,-0.06854371909547963,-0.05747188601606845,-0.018786687898352472,0.09140130607313053
368,-1.0926823804097716,0.8227269516681025,2.6177336653740215,-1.0255386147114476,0.8804520095530344,2.637011094678,-0.06714376569832403,-0.057725057884931874,-0.019277429303978355,0.09062056532895861
369,-1.1086199279005884,0.8319340293677191,2.630196590971426,-1.042657580708813,0.8897579983503596,2.650441442122924,-0.0659623471917754,-0.05782396898264053,-0.020244851151497656,0.09002497783448764
370,-1.1246709818153695,0.8409417687075097,2.642659516568831,-1.0596722818169868,0.8987080958116269,2.664363652799013,-0.0649986999983827,-0.05776632710411722,-0.02170413623018197,0.08962616291060284
371,-1.1393495308138692,0.8489403747376948,2.657568653625763,-1.0765810165800351,0.9072987220171839,2.678793114029098,-0.06276851423383412,-0.058358347279489076,-0.0212244604033347,0.08829530449423235
372,-1.1541456963469443,0.856719255418443,2.6724777906826955,-1.0933820941385743,0.9155264408310896,2.693745349540943,-0.06076360220836996,-0.05880718541264662,-0.021267558858247604,0.08719409079337571
373,-1.1690561895488076,0.8642766816737667,2.687386927739628,-1.1100738343988477,0.9233879612755189,2.709235938492216,-0.058982355149959975,-0.05911127960175222,-0.02184901075258816,0.08631593633888965
374,-1.1840776961411186,0.8716109736521808,2.70229606479656,-1.12665456820074,0.9308801388471135,2.7252804202598746,-0.057423127940378516,-0.05926916519493275,-0.022984355463314454,0.0856652214228464
375,-1.199206877169674,0.8787205011000967,2.7172052018534925,-1.1431226374846875,0.9379999767747388,2.7418941835904724,-0.05608423968498655,-0.05927947567464209,-0.024688981736979976,0.08525868868632941
376,-1.21282571395548,0.8848741090302,2.734951082293972,-1.1594763954574863,0.9447446272181542,2.7590923387340904,-0.053349318497993625,-0.05987051818795419,-0.02414125644011822,0.08374621779401185
377,-1.2265516018600584,0.8907850824852912,2.752696962734452,-1.1757142067569655,0.9511113924071088,2.776889571263257,-0.05083739510309293,-0.060326309921817645,-0.024192608528804893,0.0825165844971735
378,-1.240380218491387,0.8964515600524922,2.7704428431749317,-1.1918344476155285,0.9570977257204172,2.7952999764232915,-0.04854577087585854,-0.06064616566792502,-0.02485713324835981,0.08156302074763709
379,-1.2543072091073442,0.9018717573126379,2.7881887236154115,-1.2078355060225212,0.9627012327045702,2.814336873086924,-0.04647170308482296,-0.060829475391932286,-0.02614814947151256,0.08089233576085068
380,-1.2683281879870527,0.9070439674022044,2.8059346040558912,-1.2237157818854385,0.9679196720314864,2.834012596709942,-0.04461240610161421,-0.060875704629282046,-0.028077992654050643,0.08052634266976154
381,-1.2807185924838957,0.9113664725339539,2.826876201889105,-1.2394736871899266,0.9727509563950139,2.8543382711218332,-0.04124490529396918,-0.06138448386105999,-0.027462069232728314,0.07888829012052666
382,-1.2931967937188313,0.9154285739789989,2.8478177997223186,-1.2551076461585875,0.9771931533458231,2.875323559550972,-0.03808914756024384,-0.061764579366824224,-0.027505759828653442,0.07760292037016599
383,-1.3057573195702097,0.9192284903657426,2.8687593975555323,-1.2706160954085512,0.9812444860643621,2.896976395989684,-0.035141224161658435,-0.062015995698619486,-0.02821699843415182,0.07666217032346556
384,-1.3183946618141968,0.9227645552997794,2.889700995388746,-1.2859974841078177,0.9849033340715609,2.9193026988581225,-0.03239717770637918,-0.06213877877178153,-0.029601703469376517,0.07607276647313424
385,-1.3311032785403212,0.9260352180946668,2.9106425932219597,-1.3012502741303347,0.9881682338770005,2.9423060699269263,-0.029853004409986506,-0.062133015782333656,-0.03166347670496661,0.07585703183987863
386,-1.3421362548424285,0.928629575375268,2.9349943533751004,-1.3163729402098099,0.9910378795642899,2.9659874825973085,-0.025763314632618606,-0.06240830418902188,-0.030993129222208093,0.07429077245252788
387,-1.353229130905697,0.9309545176169671,2.959346113528241,-1.3313639700922384,0.993511123313416,2.990344964890073,-0.021865160813458573,-0.06255660569644883,-0.030998851361832003,0.07315970857932891
388,-1.3643753288884783,0.9330086661780287,2.9836978736813817,-1.3462218646871233,0.9955869758598548,3.01537328382298,-0.018153464201354996,-0.0625783096818261,-0.03167541014159836,0.07244946316421454
389,-1.3755682393303503,0.9347908029916611,3.0080496338345224,-1.360945138217388,0.9972646068902659,3.0410636392016177,-0.014623101112962278,-0.062473803898604796,-0.03301400536709531,0.0721577148342424
390,-1.386801225071387,0.9362998712883044,3.032401393987663,-1.3755323183679475,0.998543345374605,3.067403376135589,-0.011268906703439496,-0.0622434740863006,-0.035001982147925936,0.07229368630044068
391,-1.3965118036153907,0.9373644157166399,3.060060383085201,-1.389981946432944,0.9994226798345278,3.0943757267243446,-0.006529857182446808,-0.06205826411788795,-0.03431534363914368,0.071213832850235
392,-1.4062481084729979,0.9381600024302682,3.0877193721827387,-1.4042925774616108,0.9999022585479752,3.1219595922240613,-0.001955531011387013,-0.061742256117707006,-0.034240220041322544,0.07062806071611488
393,-1.416002691654242,0.9386860228284989,3.1153783612802766,-1.4184627804027723,0.9999818896898556,-3.1330559296913743,0.002460088748530209,-0.061295866861356685,-0.034751016207935415,0.07050438609349066
394,-1.4257680911867712,0.9389420745210302,-3.140147956801772,-1.432491138247941,0.9996615414087742,-3.1043304177311337,0.0067230470611698845,-0.06071946688774399,-0.035817539070638116,0.07081630550936156
395,-1.4355368368240389,0.9389279616357664,-3.112488967704234,-1.4463762481730242,0.9989413418397719,-3.0750839964195906,0.010839411348985362,-0.060013380204005484,-0.037404971284643374,0.07154180958508127
396,-1.4442919459375674,0.9386730837235537,-3.0821295991814535,-1.460116721678599,0.9978215790530742,-3.045356048786323,0.015824775741031694,-0.05914849532952049,-0.03677355039513053,0.07142311975588476
397,-1.453035283863368,0.9381525645066336,-3.051770230658673,-1.4737111847287665,0.9963027009388654,-3.0151903723094278,0.0206759008653985,-0.05815013643223177,-0.03657985834924515,0.07174271587090772
398,-1.4617587925622637,0.9373668837061696,-3.0214108621358924,-1.4871582778885493,0.9943853150281404,-2.9846349301467145,0.025399485326285554,-0.05701843132197082,-0.036775931989177835,0.07244794364874087
399,-1.4704544322700988,0.9363167654216673,-2.991051493613112,-1.5004566564598378,0.992070188249698,-2.953741503402485,0.03000222418973908,-0.05575342282803064,-0.037309990210626864,0.07348886298541844
400,-1.4791141889073505,0.9350031774636298,-2.9606921250903313,-1.5136049906158564,0.9893582466233818,-2.9225652469480483,0.034490801708505936,-0.05435506915975197,-0.038126878142282994,0.07481809796254775
401,-1.4876240298564856,0.9334467273039303,-2.928815558231128,-1.5266019655341467,0.9862505748896836,-2.891164155538977,0.03897793567766117,-0.052803847585753294,-0.03765140269215106,0.07566474683918446
402,-1.4960799417952997,0.9316198492668881,-2.8969389913719255,-1.5394462815280487,0.9827484160758617,-2.859598451199729,0.04336633973274906,-0.0511285668089736,-0.037340540172196235,0.07674037858980946
403,-1.50447333326801,0.9295243995144393,-2.8650624245127227,-1.5521366541766646,0.9788531709987472,-2.827929906773413,0.04766332090865455,-0.04932877148430792,-0.03713251773930981,0.07799963929309298
404,-1.5127956763414705,0.9271625070852995,-2.83318585765352,-1.5646718144533056,0.9745663977044351,-2.7962211238571486,0.05187613811183511,-0.047403890619135636,-0.03696473379637144,0.07940185196748104
405,-1.521038515269803,0.9245365717317975,-2.8013092907943173,-1.57705050885239,0.9698898108450863,-2.7645347857899107,0.05601199358258713,-0.04535323911328881,-0.0367745050044066,0.08091121023370036
406,-1.5299841107549939,0.9213693323926523,-2.7694863820372415,-1.5892714995147947,0.964825280993091,-2.732932907721797,0.059287388759800885,-0.043455948600438665,-0.03655347431544431,0.08209488668150762
407,-1.538824403273639,0.9179190698228055,-2.7376634732801657,-1.6013335643516353,0.9593748338928642,-2.7014761059532435,0.06250916107799642,-0.04145576407005869,-0.03618736732692218,0.08327965626346488
408,-1.5475504410389054,0.914189277799751,-2.70584056452309,-1.613235497166481,0.9535406496505743,-2.6702229076755954,0.06568505612757569,-0.03935137185082327,-0.035617656847494406,0.08444924241418865
409,-1.5561533879597018,0.9101837331558787,-2.674017655766014,-1.6249761077759686,0.9473250618621301,-2.639229120063048,0.06882271981626675,-0.03714132870625131,-0.034788535702965806,0.08559373386720952
410,-1.5646245325882109,0.9059064919540085,-2.642194747008938,-1.6365542221288205,0.940730556679773,-2.608547274546721,0.07192968954060963,-0.03482406472576449,-0.03364747246221711,0.08671071516559173
411,-1.5741682088667495,0.9007002165012138,-2.611952177980276,-1.6479686824232516,0.9337597718176508,-2.578226158302969,0.0738004735565021,-0.033059555316437006,-0.03372601967730704,0.08761785490502849
412,-1.5835500939480964,0.895207740436604,-2.5817096089516136,-1.6592183472227418,0.926415495496766,-2.54831044080868,0.07566825327464533,-0.031207755060162046,-0.03339916814293353,0.08840312755876281
413,-1.5927616076923548,0.8894340868672208,-2.5514670399229513,-1.670302091570187,0.9187006653297247,-2.518840399062686,0.07754048387783219,-0.02926657846250391,-0.032626640860265343,0.0890705167198158
414,-1.6017943257715879,0.8833845360491015,-2.521224470894289,-1.681218807100389,0.9106183671457304,-2.4898517410274974,0.0794244813288012,-0.027233831096628913,-0.03137272986679163,0.08963357612994965
415,-1.6106399873742319,0.8770646205582566,-2.4909819018656267,-1.691967402150893,0.9021718337562933,-2.4613755232435177,0.08132741477666117,-0.02510721319803666,-0.02960637862210902,0.09011691408355274
416,-1.6204179503905685,0.8696219425429984,-2.463385499238375,-1.702546801871149,0.893364443662152,-2.4334381555791036,0.08212885148058047,-0.023742501119153547,-0.02994734365927121,0.09058530784381506
417,-1.6299868253129375,0.8619122960201214,-2.435789096611123,-1.7129559483300023,0.8841997197019128,-2.4060614838033527,0.08296912301706483,-0.022287423681791374,-0.029727612807770143,0.09090839120697941
418,-1.639339325317658,0.8539415519865099,-2.408192693983871,-1.723193800621481,0.8746813276429652,-2.3792629391356055,0.08385447530382306,-0.02073977565645535,-0.028929754848265432,0.09109688270374737
419,-1.6484683283533852,0.8457157802682249,-2.380596291356619,-1.7332593349688885,0.8648130747152218,-2.353055743107651,0.08479100661550332,-0.019097294446996926,-0.027540548248968122,0.09117402730997116
420,-1.6573668825646455,0.8372412448982524,-2.352999888729367,-1.7431515448271764,0.8545989080882805,-2.327449155898217,0.0857846622625309,-0.017357663190028183,-0.025550732831149947,0.09117640428928833
421,-1.6668975708276166,0.8276494677715579,-2.328506749745497,-1.7528694409836028,0.8440429132926041,-2.3024487566599667,0.08597187015598617,-0.016393445521046157,-0.026057993085530473,0.09131772291190143
422,-1.6761904911964538,0.8178271544883968,-2.3040136107616274,-1.7624120516566506,0.833149312585366,-2.278056745137869,0.0862215604601968,-0.01532215809696913,-0.02595686562375832,0.09133829914088468
423,-1.6852400689981555,0.8077801972960394,-2.2795204717777575,-1.7717784225932054,0.8219224632616022,-2.2542722549523493,0.08653835359504991,-0.014142265965562784,-0.025248216825408232,0.09124890565067303
424,-1.6940408755369998,0.7975146232020128,-2.2550273327938877,-1.780967617163977,0.8103668559113548,-2.2310916701770687,0.08692674162697722,-0.012852232709341993,-0.02393566261681901,0.09107334538933179
425,-1.7025876313511317,0.7870365903585963,-2.230534193810018,-1.789978716457167,0.7984871126234903,-2.208508938179551,0.08739108510603533,-0.011450522264893959,-0.022025255630466756,0.09084837974194448
426,-1.7115375590644608,0.7754984943122494,-2.209110257115262,-1.7988108193703554,0.7862879851369292,-2.186515873031657,0.08727326030589455,-0.010789490824679837,-0.0225943840836047,0.0907939495164393
427,-1.7202382603846003,0.7637713180542466,-2.187686320420506,-1.8074630427006113,0.7737743529400123,-2.165102445073569,0.08722478231601105,-0.010003034885765705,-0.022583875346936733,0.09065459052186677
428,-1.728685741972346,0.7518604439774528,-2.16626238372575,-1.8159345212328108,0.7609512213187744,-2.144257053386,0.08724877926046481,-0.009090777341321576,-0.02200533033974983,0.09043907495365218
429,-1.7368761267081234,0.739771338786063,-2.144838447030994,-1.8242244078261607,0.7478237193548899,-2.123966778963472,0.08734828111803727,-0.008052380568826845,-0.02087166806752183,0.09016756387427631
430,-1.7448056554714595,0.727509550986563,-2.123414510336238,-1.8323318734989098,0.7343970978741133,-2.104217617273643,0.08752621802745031,-0.006887546887550333,-0.019196893062594977,0.08987100671280854
431,-1.752990598055159,0.7142376762021552,-2.104745126985028,-1.840256107511248,0.7206767273460168,-2.084994689631238,0.08726550945608902,-0.006439051143861674,-0.01975043735379023,0.08970401493762707
432,-1.7609263509415627,0.7008153153249699,-2.086075743633818,-1.8479963174463758,0.7066680957358779,-2.0662824334160166,0.08706996650481313,-0.005852780410907976,-0.01979331021780162,0.08948301087394031
433,-1.7686101482370775,0.6872471465276377,-2.0674063602826083,-1.855551729289751,0.6923768063095604,-2.048064771633234,0.08694158105267347,-0.005129659781922702,-0.019341588649374408,0.08921462311134018
434,-1.7760393118636415,0.6735378988020622,-2.0487369769313983,-1.862921587506485,0.6778085753922868,-2.030325262666764,0.08688227564284356,-0.00427067659022462,-0.018411714264634504,0.08891433923490567
435,-1.7832112524921295,0.6596923503111969,-2.0300675935801884,-1.8701051551168988,0.662969230082182,-2.0130472313250416,0.08689390262476926,-0.0032768797709851194,-0.017020362255146804,0.08860576158293997
436,-1.7905304397587904,0.644892404220434,-2.013729204409256,-1.8771017137702157,0.6478647059195176,-1.996213882444517,0.08657127401142528,-0.0029723016990835793,-0.017515321964738817,0.08837537306784121
437,-1.797606853623465,0.6299748550467333,-1.9973908152383233,-1.883910563816402,0.6325010445125663,-1.9798083984096402,0.08630371019293692,-0.00252618946583294,-0.01758241682868311,0.08811273124708648
438,-1.804438605129306,0.6149436848362548,-1.9810524260673907,-1.8905310243761266,0.6168843911210447,-1.963814021986842,0.08609241924682065,-0.001940706284789817,-0.017238404080548664,0.08782273946933354
439,-1.8110238706289075,0.5998029059648198,-1.9647140368964582,-1.8969624334088513,0.6010209921980904,-1.9482141258648502,0.08593856277994383,-0.0012180862332705766,-0.016499911031607972,0.08751666910254874
440,-1.8173608922711044,0.5845565600668591,-1.9483756477255256,-1.9032041477790322,0.5849171928917617,-1.9329922702561362,0.08584325550792782,-0.00036063282490261805,-0.015383377469389448,0.08721148361654843
441,-1.823756506569704,0.5684308011013627,-1.9339352095783697,-1.9092555433204328,0.5685794345070697,-1.9181322498532611,0.0854990367507289,-0.00014863340570703265,-0.01580295972510859,0.08694734563668512
442,-1.8299185991211528,0.5522143711657352,-1.9194947714312138,-1.9151160148985422,0.5520142519295328,-1.9036181313569873,0.08519741577738937,0.0002001192362024451,-0.01587664007422651,0.08666433754953988
443,-1.8358458849897044,0.535910651752601,-1.905054333284058,-1.9207849764710867,0.5352282710113162,-1.8894342827063793,0.08493909148138234,0.0006823807412847938,-0.015620050577678679,0.08636608642984789
444,-1.8415371282021182,0.5195230425564159,-1.890613895136902,-1.9262618611466333,0.5182282059209752,-1.8755653950493394,0.0847247329445151,0.0012948366354407215,-0.015048500087562644,0.0860605271266523
445,-1.8469911420053904,0.503054960764554,-1.8761734569897461,-1.9315461212412777,0.5010208564578846,-1.8619964983989576,0.08455497923588728,0.002034104306669393,-0.014176958590788491,0.08575936245563322
446,-1.8524289662583246,0.48580504810572134,-1.8632325178031384,-1.9366372283334143,0.4836131053324,-1.8487129718292505,0.08420826207508969,0.0021919427733213537,-0.014519545973887826,0.08547896367011211
447,-1.8576431113469911,0.4684862112412696,-1.8502915786165306,-1.9415346733165766,0.4660119154128712,-1.8357005489754596,0.08389156196958547,0.0024742958283984207,-0.014591029641070952,0.08518693829179354
448,-1.862632704081611,0.4511013504800847,-1.8373506394299228,-1.9462379664503477,0.44822432694058495,-1.8229453195202048,0.08360526236873667,0.0028770235394997568,-0.01440531990971805,0.08488598472005524
449,-1.8673969088771933,0.43365337718778196,-1.824409700243315,-1.950746637409333,0.4302574547137687,-1.810433727268505,0.08334972853213962,0.0033959224740132687,-0.013975972974810125,0.0845815426462742
450,-1.8719349278934665,0.4161452132991527,-1.8114687610567073,-1.955060235330194,0.41211848524175654,-1.7981525653422639,0.08312530743672752,0.004026728057396178,-0.013316195714443424,0.08428138788370806
451,-1.876394702093896,0.39797391048075703,-1.7996760587034595,-1.9591783288567337,0.39381467387048763,-1.7860889689586406,0.08278362676283768,0.004159236610269401,-0.013587089744818925,0.08399426835756582
452,-1.8806398823935981,0.37975127959881044,-1.7878833563502117,-1.9631005061830311,0.37535334188046116,-1.7742304061965488,0.08246062378943297,0.004397937718349287,-0.013652950153662857,0.08369886128147314
453,-1.8846698784314075,0.36147985480565614,-1.7760906539969639,-1.9668263750946215,0.3567418735583286,-1.7625646671013775,0.08215649666321401,0.0047379812473275495,-0.013525986895586373,0.08339718659386716
454,-1.88848412977102,0.34316217703922197,-1.764297951643716,-1.970355563007719,0.33798771324326765,-1.7510798514294241,0.08187143323669899,0.0051744637959543205,-0.013218100214291928,0.08309286870172412
455,-1.8920821059789306,0.32480079366966175,-1.7525052492904682,-1.973687717006473,0.3190983623493521,-1.7397643552903157,0.08160561102754249,0.00570243132030962,-0.012740894000152547,0.08279084402314386
456,-1.8955525185521822,0.3059127133790707,-1.7415543253908008,-1.9768225038782612,0.3000813763650833,-1.7286068569072703,0.08126998532607899,0.005831337013987414,-0.012947468483530455,0.08250122390852034
457,-1.8988158852411081,0.2869877621678785,-1.7306034014911333,-1.9797596101470079,0.2809443618313017,-1.7175963016812124,0.08094372490589974,0.0060434003365767985,-0.013007099809920986,0.08220458584978917
458,-1.901871814697763,0.2680282095452995,-1.7196524775914659,-1.982498742104534,0.2616949732986626,-1.706721886714927,0.08062692740677102,0.0063332362466368974,-0.012930590876538917,0.08190245103065519
459,-1.904719940450393,0.24903632917000226,-1.7087015536917984,-1.9850396258399263,0.2423409102659238,-1.6959730449273882,0.08031968538953338,0.0066954189040784595,-0.012728508764410229,0.08159715332498053
460,-1.907359920947384,0.2300143985774493,-1.697750629792131,-1.987382007266929,0.22288991410024592,-1.6853394288655676,0.0800220863195451,0.007124484477203374,-0.012411200926563337,0.08129163847800194
461,-1.9098359514056142,0.21061597175949479,-1.6873713719023078,-1.9895256521493512,0.20334976494075557,-1.6748108943012632,0.07968970074373694,0.007266206818739213,-0.012560477601044617,0.08100007261555624
462,-1.9121105108353351,0.19119289092142258,-1.6769921140124846,-1.9914703461244907,0.183728278586583,-1.6643774836832836,0.07935983528915558,0.007464612334839582,-0.01261463032920096,0.08070212384301753
463,-1.9141833542027464,0.17174724847341385,-1.6666128561226614,-1.993215894724571,0.16403330337065347,-1.6540294095005519,0.07903254052182462,0.007713945102760383,-0.012583446622109529,0.08039894613285507
464,-1.9160542582045217,0.15228113925616754,-1.6562335982328382,-1.9947621233961865,0.14427271702045727,-1.6437570375989194,0.07870786519166484,0.008008422235710272,-0.012476560633918776,0.08009199357605326
465,-1.9177230212918634,0.13279666031522724,-1.645854340343015,-1.996108877517759,0.12445442350706172,-1.6335508704836228,0.07838585622589544,0.008342236808165523,-0.012303469859392235,0.07978289755211475
466,-1.9192045328525078,0.11309552099590095,-1.635802604871876,-1.9972560224149978,0.10458634988363526,-1.6234015306300522,0.07805148956248997,0.008509171112265693,-0.012401074241823684,0.07948727985214062
467,-1.9204879422635694,0.093380485432468,-1.6257508694007368,-1.9982034433743696,0.08467644311472142,-1.613299743817685,0.07771550111080017,0.008704042317746588,-0.012451125583051725,0.07918642556560329
468,-1.9215731198538084,0.07365354556381451,-1.6156991339295976,-1.998951045654568,0.06473266689756589,-1.6032363224955564,0.07737792580075964,0.008920878666248619,-0.012462811434041265,0.07888122175934056
469,-1.9224599559806406,0.05391669453159631,-1.6056473984584585,-1.999498754495988,0.04476299847674028,-1.5932021491822361,0.07703879851534734,0.009153696054856032,-0.01244524927622237,0.07857258337168432
470,-1.9231483610412166,0.034171926478858874,-1.5955956629873194,-1.9998465151282017,0.024775425453357765,-1.5831881598989876,0.0766981540869851,0.00939650102550111,-0.012407503088331717,0.07826140303342456
471,-1.92363939065662,0.014375874470146495,-1.5856426264227934,-1.999994292775436,0.0047779425901285115,-1.5731853276313745,0.0763549021188159,0.009597931880017983,-0.01245729879141888,0.0779575247626944
472,-1.9239333683743898,-0.0054240841741614206,-1.5756895898582675,-1.999942072660049,-0.015221451386431743,-1.5631846458120962,0.0760087042856592,0.009797367212270322,-0.012504944046171307,0.0776510473662444
473,-1.92403026507247,-0.025225988028204086,-1.5657365532937415,-1.9996898600040087,-0.03521475698538918,-1.5531771118160986,0.07565959493153862,0.009988768957185094,-0.012559441477642874,0.07734267502947428
474,-1.9239300711520686,-0.04502787547342413,-1.5557835167292156,-1.9992376800283709,-0.05519397715107451,-1.5431537104581057,0.07530760887630228,0.010166101677650384,-0.012629806271109878,0.07703309408580324
475,-1.9236327965386075,-0.06482778489288968,-1.5458304801646896,-1.998585577950756,-0.0751511204618093,-1.5331053974825013,0.07495278141214845,0.010323335568919623,-0.012725082682188305,0.07672299803810038
476,-1.9231412584542196,-0.08451211457973443,-1.5357521726375942,-1.9977336189808284,-0.09507820432636097,-1.5230230830361118,0.07459236052660878,0.010566089746626539,-0.012729089601482446,0.07640479188865001
477,-1.9224513639632754,-0.10419049079577841,-1.5256738651104989,-1.9966818883137751,-0.11496725817687632,-1.5128976151157174,0.0742305243504997,0.01077676738109791,-0.012776249994781441,0.07608904010740035
478,-1.92156318313934,-0.12386091478034962,-1.5155955575834035,-1.9954304911217866,-0.1348103266569955,-1.5027197629842826,0.07386730798244656,0.010949411876645873,-0.012875794599120916,0.07577634786380773
479,-1.9204768061962036,-0.14352138858049548,-1.505517250056308,-1.993979552543539,-0.15459947280389894,-1.4924802005528235,0.07350274634733545,0.01107808422340345,-0.01303704950348461,0.0754674918784099
480,-1.919192343478718,-0.16316991525391786,-1.4954389425292127,-1.9923292176716814,-0.17432678122297965,-1.4821694897287272,0.07313687419296344,0.011156865969061791,-0.013269452800485526,0.07516353106788747
481,-1.9177300027379804,-0.18253857599526696,-1.4850059158216928,-1.9904796515383252,-0.19398436125389898,-1.4717780637361624,0.07274964880034474,0.011445785258632019,-0.013227852085530456,0.0748230811418301
482,-1.916065671494053,-0.201890926262508,-1.474572889114173,-1.9884310390985427,-0.21356435012673866,-1.4612962104201923,0.07236536760448975,0.011673423864230648,-0.013276678693980637,0.07449352623141238
483,-1.9141995309044963,-0.2212248596092305,-1.464139862406653,-1.9861835852118708,-0.2330589161070144,-1.450714055553347,0.07198405430737442,0.011834056497783907,-0.013425806853305966,0.07417547611833746
484,-1.9121317840932257,-0.24053827159365154,-1.4537068356991332,-1.9837375146218252,-0.25246026162825813,-1.4400215461719812,0.07160573052859953,0.011921990034606589,-0.013685289527151978,0.07387016745860027
485,-1.9098626561283998,-0.25982906000767814,-1.4432738089916133,-1.9810930719334263,-0.2717606264109441,-1.4292084339797944,0.07123041580502654,0.01193156640326598,-0.014065375011818926,0.07357967917037707
486,-1.9074453089857517,-0.2786824306035636,-1.4322407778266029,-1.9782505215887396,-0.2909522905664908,-1.4182642588677388,0.07080521260298789,0.012269859962927177,-0.013976518958864093,0.07320703980814718
487,-1.9048201033654777,-0.29750798359637504,-1.4212077466615924,-1.9752101478404307,-0.31002757768512307,-1.4071783326133003,0.070390044474953,0.012519594088748032,-0.014029414048292166,0.07285823945080813
488,-1.9019873588247798,-0.3163034274166474,-1.410174715496582,-1.9719722547233407,-0.32897885790632714,-1.3959397228381787,0.06998489589856094,0.012675430489679729,-0.014234992658403334,0.07253404171846424
489,-1.8989474201838548,-0.33506647416000124,-1.3991416843315716,-1.9685371660240831,-0.347798550970695,-1.384537237321871,0.06958974584022837,0.012732076810693771,-0.01460444700970065,0.07223661383592217
490,-1.8957006574839212,-0.35379483986564114,-1.3881086531665612,-1.964905225248665,-0.36647912925192844,-1.372959408789994,0.06920456776474371,0.012684289386287295,-0.015149244376567284,0.07196987565586757
491,-1.89234851100252,-0.3719393089768487,-1.3762041438292967,-1.9610767955881379,-0.38501312076778266,-1.3611944803206513,0.06872828458561786,0.013073811790933976,-0.01500966350864541,0.07155271941351497
492,-1.8887806061468169,-0.3900425876937272,-1.3642996344920322,-1.957052259882277,-0.4033931121687696,-1.3492303915401058,0.06827165373546018,0.013350524475042425,-0.015069242951926354,0.07117820797601934
493,-1.8849974485448353,-0.40810211049802364,-1.3523951251547677,-1.9528320205812995,-0.42161175170339216,-1.337054765810933,0.06783457203646415,0.013509641205368517,-0.015340359343834598,0.07084748544349338
494,-1.8809995743292853,-0.42611531807238356,-1.3404906158175032,-1.9484164997056181,-0.43966175215875003,-1.3246548986519633,0.06741692537633281,0.013546434086366466,-0.015835717165539887,0.07056428021174221
495,-1.8767875500615858,-0.44407965766304613,-1.3285861064802387,-1.9438061388036416,-0.4575358937753214,-1.3120177476702315,0.0670185887420558,0.013456236112275255,-0.016568358810007178,0.07033542522046235
496,-1.8725258442016137,-0.46132929848664533,-1.3155027521969704,-1.9390013989076176,-0.47522702713477977,-1.2991299243311092,0.06647555470600386,0.013897728648134433,-0.01637282786586125,0.06985854083340999
497,-1.868038826359709,-0.4785217071679945,-1.3024193979137022,-1.934002760487532,-0.4927280760196602,-1.2859776879442872,0.06596393412782309,0.014206368851665652,-0.016441709969414964,0.06945063965355336
498,-1.8633272645864227,-0.49565394085297004,-1.289336043630434,-1.928810723403061,-0.5100320402437544,-1.272546942300503,0.0654834588166382,0.014378099390784327,-0.016789101329931055,0.06911358075044526
499,-1.8583919653678762,-0.5127230669877058,-1.2762526893471657,-1.9234258068535868,-0.527131998452086,-1.2588232354572375,0.06503384148571056,0.01440893146438027,-0.017429453889928226,0.06885349451723471
500,-1.8532337734877136,-0.5297261638205631,-1.2631693350638975,-1.917848549326277,-0.5440211108893698,-1.2447917632410141,0.06461477583856334,0.01429494706880663,-0.018377571822883354,0.06868151071775437
501,-1.848093752395602,-0.5459043539635949,-1.2485567729618945,-1.9120795085422362,-0.5606926221358159,-1.2304373771094976,0.06398575614663415,0.014788268172221009,-0.018119395852396858,0.06812622381466561
502,-1.8427178836651747,-0.5620057106929098,-1.2339442108598915,-1.906119261400735,-0.5771398638092112,-1.2157445970978271,0.0634013777355602,0.015134153116301396,-0.01819961376206436,0.06767572112953928
503,-1.8371073151689736,-0.5780267959957498,-1.2193316487578885,-1.8999684039215217,-0.5933562572321769,-1.200697630660021,0.06286108875254803,0.015329461236427089,-0.018634018097867466,0.06733301932504211
504,-1.8312632448933792,-0.5939641889991665,-1.2047190866558855,-1.8936275511852179,-0.6093353160635608,-1.1852803983066504,0.062364306291838645,0.015371127064394363,-0.01943868834923501,0.0671076810151469
505,-1.8251869206828126,-0.6098144867004566,-1.1901065245538824,-1.8870973372718132,-0.625070648892882,-1.16947656703277,0.06191041658900054,0.015256162192425426,-0.020629957521112408,0.06701675398277722
506,-1.8192073489024765,-0.6247554679689566,-1.173571398166279,-1.8803784151972567,-0.6405559617968117,-1.153269592622839,0.061171066294780196,0.01580049382785509,-0.020301805543440077,0.06636051736664005
507,-1.812981554786022,-0.6395955383044161,-1.1570362717786755,-1.8734714568481579,-0.6557850608566534,-1.136642772009011,0.06048990206213589,0.01618952255223738,-0.020393499769664425,0.06585608343054951
508,-1.806511240491555,-0.6543306403696438,-1.140501145391072,-1.8663771529145952,-0.6707518546358369,-1.119579306941384,0.05986591242304007,0.01642121426619303,-0.02092183844968809,0.06550806875747577
509,-1.7997981750300194,-0.6689567455262123,-1.1239660190034686,-1.8590962128210502,-0.6854503566164047,-1.1020623802982807,0.05929803779103082,0.016493611090192428,-0.021903638705187856,0.06533043610131836
510,-1.7928441937815407,-0.6834698549359036,-1.1074308926158651,-1.8516293646554642,-0.6998746875935437,-1.0840752464144137,0.05878517087392354,0.016404832657640034,-0.023355646201451474,0.06534754057107992
511,-1.786073717572897,-0.6970203650369079,-1.0885528555052864,-1.8439773550964327,-0.7140190780271819,-1.06560133682667,0.05790363752353578,0.016998712990274,-0.022951518678616445,0.06456438407851198
512,-1.7790486559218177,-0.7104406549327249,-1.0696748183947076,-1.836140949338534,-0.7278778703497366,-1.0466243828210473,0.05709229341671618,0.01743721541701171,-0.023050435573660266,0.06399147622312794
513,-1.771771512347426,-0.7237259420386523,-1.0507967812841288,-1.828120931015814,-0.7414455212290605,-1.0271285560983872,0.05634941866838794,0.01771957919040823,-0.02366822518574163,0.06363509530434751
514,-1.764244880203204,-0.7368714918808914,-1.03191874417355,-1.8199181021234212,-0.754716603785701,-1.007098628747356,0.055673221920217175,0.01784511190480964,-0.024820115426194,0.06351372912719361
515,-1.7564714417528013,-0.7498726197837708,-1.0130407070629712,-1.811533282937409,-0.7676858097635824,-0.9865201535059736,0.05506184118460755,0.017813189979811517,-0.026520553556997672,0.06365890238501905
516,-1.7489720937803606,-0.7618941317069701,-0.9914194359643471,-1.8029673119327096,-0.7803479516532316,-0.9653796649918884,0.05399521815234909,0.018453819946261496,-0.026039770972458687,0.06272237819332833
517,-1.7412145985172984,-0.7737507010326622,-0.969798164865723,-1.7942210456992849,-0.79269796476672,-0.9436649021705272,0.05300644718198644,0.018947263734057862,-0.02613326269519578,0.06206149905505646
518,-1.7332025822912935,-0.785436785275282,-0.9481768937670989,-1.7852953588564693,-0.804730909263467,-0.9213650517940357,0.05209277656517575,0.019294123988184975,-0.02681184197306319,0.061683024088717404
519,-1.7249397904086872,-0.796946921644418,-0.9265556226684748,-1.7761911439655085,-0.8164419721261122,-0.8984710118695688,0.05125135355682131,0.0194950504816942,-0.028084610798906007,0.06160765860196388
520,-1.7164300854036978,-0.8082757295984542,-0.9049343515698507,-1.7669093114403063,-0.8278264690856536,-0.8749756733946423,0.05047922603660848,0.01955073948719943,-0.029958678175208364,0.061870074137316634
521,-1.7082816210115126,-0.8186487925666411,-0.8802870393318774,-1.7574507894563798,-0.8388798464951001,-0.8508742176279203,0.049169168444867184,0.02023105392845892,-0.029412821703957093,0.06076196795039398
522,-1.6998799893126955,-0.8288178875160509,-0.855639727093904,-1.7478165238580448,-0.8495976831508637,-0.8261644250538847,0.047936534545349296,0.020779795634812803,-0.029475302040019358,0.05998753771569909
523,-1.6912302939561157,-0.8387768371359177,-0.8309924148559307,-1.7380074780638322,-0.8599756920611862,-0.8008469909691761,0.046777184107716474,0.021198854925268518,-0.030145423886754563,0.05955033991928087
524,-1.682337789279206,-0.8485195917701994,-0.8063451026179573,-1.7280246329701487,-0.8700097221608728,-0.7749258413027453,0.04568684369094278,0.02149013039067338,-0.031419261315212,0.05946665765151392
525,-1.6732078771161656,-0.8580402330924973,-0.781697790379984,-1.717868986853184,-0.8796957599716702,-0.7484084409343449,0.04466110973701842,0.021655526879172826,-0.033289349445639105,0.05976418119467924
526,-1.6645100165116593,-0.8666739600652603,-0.7540181291759172,-1.7075415552690867,-0.8890299312075991,-0.721306085468987,0.04303153875742738,0.022355971142338782,-0.03271204370693015,0.058494278156356175
527,-1.6555765395641309,-0.8750636567322212,-0.7263384679718503,-1.6970433709524082,-0.8980085023246204,-0.6936341662499572,0.041466831388277337,0.022944845592399177,-0.03270430172189309,0.05758068596117523
528,-1.6464142903418455,-0.8832028956231968,-0.6986588067677835,-1.6863754837128333,-0.9066278820139979,-0.6654123974581106,0.0399611933709878,0.02342498639080115,-0.03324640930967282,0.05701710879226513
529,-1.6370302881788776,-0.8910854411473946,-0.6709791455637166,-1.6755389603301956,-0.9148846226387805,-0.6366649935694167,0.038508672151317924,0.023799181491385824,-0.03431415199429988,0.05680475242095088
530,-1.6274317222974957,-0.8987052543705915,-0.6432994843596498,-1.6645348844478025,-0.9227754216128066,-0.6074207853483693,0.037103162150306845,0.024070167242215113,-0.03587869901128049,0.056949966069895316
531,-1.618294558835586,-0.9055552488468842,-0.6130478910963091,-1.6533643564640714,-0.9302971227216964,-0.5777132630548064,0.0350697976284855,0.024741873874812192,-0.03533462804150267,0.0555930478330824
532,-1.6089543843918732,-0.9121257375513806,-0.5827962978329684,-1.642028493422494,-0.9374467173852932,-0.5475805367263731,0.0330741090306208,0.02532097983391257,-0.0352157611065953,0.054545380539836645
533,-1.5994197460582213,-0.9184107079014585,-0.5525447045696277,-1.6305284288999269,-0.9442213458610588,-0.5170652053199697,0.031108682841705537,0.025810637959600258,-0.035479499249657986,0.0537841430817101
534,-1.5896993688782814,-0.9244044085892308,-0.522293111306287,-1.6188653128932389,-0.95061829838793,-0.48621412915210704,0.029165944014957423,0.026213889798699208,-0.03607898215417993,0.05328708344377285
535,-1.5798021478632984,-0.9301013548445048,-0.4920415180429463,-1.6070403117043106,-0.9566350162701883,-0.4550781034039326,0.027238163841012186,0.026533661425683475,-0.0369634146390137,0.053030621152861106
536,-1.5703056271247955,-0.9351916166894764,-0.46025812947233813,-1.5950546078234087,-0.9622690929009017,-0.4237114343156453,0.0247489806986132,0.02707747621142531,-0.03654669515669284,0.05178187608108525
537,-1.5606521440655419,-0.9399775269071768,-0.42847474090173,-1.582909399810932,-0.9675182747245379,-0.3921714238816628,0.02225725574539017,0.027540747817361044,-0.03630331702006717,0.05071300671735684
538,-1.5508514496567338,-0.9444542512556652,-0.39669135233112185,-1.5706059021775611,-0.972380462138356,-0.3605177731102454,0.019754452520827304,0.02792621088269087,-0.03617357922087644,0.049785936591683864
539,-1.5409134435675687,-0.9486172678012612,-0.3649079637605137,-1.5581453452628062,-0.9768537103322188,-0.32881191793031006,0.017231901695237584,0.028236442530957584,-0.03609604583020365,0.048960797046357044
540,-1.5308481641656007,-0.9524623714861451,-0.33312457518990557,-1.5455289751119743,-0.9809362300664917,-0.29711631530754834,0.014680810946373635,0.028473858580346567,-0.03600825988235723,0.04819628214138635
541,-1.5209585446134417,-0.9558843754671759,-0.3013110195510542,-1.5327580533515686,-0.9846263883877127,-0.265493699789787,0.011799508738126852,0.028742012920536797,-0.03581731976126723,0.04741531512144889
542,-1.5109650815416185,-0.9589900769925541,-0.26949746391220286,-1.519833857063122,-0.9879227092817555,-0.23400633231352022,0.008868775521503558,0.0289326322892014,-0.03549113159868264,0.046640892064667566
543,-1.5008778885042753,-0.9617763330396553,-0.23768390827335148,-1.506757678655493,-0.9908238742642128,-0.20271526353027572,0.005879790151217756,0.02904754122455755,-0.03496864474307576,0.045838168577967506
544,-1.4907071739118716,-0.9642403238700972,-0.2058703526345001,-1.4935308257356246,-0.9933287229077735,-0.17167963311530354,0.002823651823752993,0.02908839903767635,-0.034190719519196555,0.0449790314417423
545,-1.4804632307000976,-0.9663795558833637,-0.17405679699564872,-1.4801546209777887,-0.9954362533063774,-0.1409560245718928,-0.0003086097223088391,0.029056697423013755,-0.03310077242375592,0.044045976435340355
546,-1.469951723097042,-0.9682278582832413,-0.14378995411137815,-1.466630401991313,-0.997145622475965,-0.11059789210988624,-0.003321321105729025,0.02891776419272374,-0.03319206200149191,0.04414726763576903
547,-1.4593890960892837,-0.9697572125736075,-0.11352311122710758,-1.452959521186826,-0.99845614669166,-0.08065507250195922,-0.006429574902457658,0.028698934118052577,-0.03286803872514836,0.044105285653496085
548,-1.4487850251682919,-0.9709662178478148,-0.083256268342837,-1.439143345641015,-0.9993673017612495,-0.05117339069845843,-0.009641679527276903,0.028401083913434766,-0.032082877644378574,0.043919182477692366
549,-1.438149223788651,-0.9718537666427095,-0.05298942545856643,-1.425183256959923,-0.9998787232348542,-0.022194363718999813,-0.012965966828728082,0.028024956592144656,-0.030795061739566615,0.04361020884310219
550,-1.4274914344704221,-0.9724190459530813,-0.022722582574295856,-1.4110806511407838,-0.9999902065507035,0.006244996773392763,-0.0164107833296383,0.027571160597622213,-0.028967579347688618,0.04322734504288745
551,-1.4159731140186562,-0.9726808169943858,0.004790703367509166,-1.396836938432427,-0.9997017071169574,0.03411228652508152,-0.019136175586229154,0.027020890122571584,-0.029321583157572353,0.04422755880612799
552,-1.404451951593305,-0.9726256221005001,0.03230398930931419,-1.3824535431942528,-0.9990133403295429,0.061379721814441665,-0.021998408399052094,0.026387718229042845,-0.029075732505127475,0.045007109062197855
553,-1.3929366679441675,-0.972253503050269,0.05981727525111921,-1.3679319037538011,-0.9979253815259969,0.08802407252366619,-0.025004764190366346,0.025671878475727827,-0.028206797272546977,0.04560599729271281
554,-1.3814359793712023,-0.9715647415129387,0.08733056119292423,-1.3532734722629136,-0.9964382658753348,0.11402652573356668,-0.028162507108288715,0.024873524362396093,-0.02669596454064245,0.0460922286680343
555,-1.369958591126871,-0.970559858834951,0.11484384713472925,-1.338479714552524,-0.9945525882039893,0.13937249138381436,-0.031478876574347,0.02399272936903829,-0.024528644249085102,0.04656420429532819
556,-1.3570960216298995,-0.9690761431645174,0.13898903104861296,-1.3235521099860739,-0.9922691027578862,0.16405136184929442,-0.03354391164382564,0.023192959593368756,-0.02506233080068146,0.04786677144148333
557,-1.3442730224318145,-0.9672823210381555,0.16313421496249667,-1.3084921513115828,-0.9895887229007583,0.18805623702960433,-0.03578087112023165,0.022306401862602798,-0.02492202206710767,0.04897911275321306
558,-1.3314970688485361,-0.9651794381852529,0.18727939887638037,-1.293301344512367,-0.9865125207488105,0.21138362585071127,-0.038195724336169246,0.021333082563557593,-0.0241042269743309,0.04995025052247744
559,-1.3187756087701985,-0.9627687205057279,0.21142458279026408,-1.2779812086564475,-0.9830417267418881,0.234033134057412,-0.04079440011375102,0.02027300623616013,-0.02260855126714792,0.05085591856304881
560,-1.3061160583193154,-0.9600515733553768,0.23556976670414778,-1.2625332757446417,-0.979177729151317,0.25600714694934407,-0.04358278257467374,0.019126155795940125,-0.020437380245196285,0.05179725170092134
561,-1.2918162697554398,-0.9566192492480796,0.25626037724787964,-1.2469590905573706,-0.9749220735246148,0.2773105143849678,-0.0448571791980692,0.01830282427653518,-0.021050137137088143,0.05282298908236484
562,-1.2775905537762697,-0.9528918095598935,0.2769509877916115,-1.2312602105001726,-0.97027646206729,0.2979502440332553,-0.046330343276097086,0.017384652507396514,-0.020999256241643838,0.05375588910608902
563,-1.2634450002129691,-0.9488708499559091,0.2976415983353433,-1.2154382054479715,-0.9652427529619856,0.3179352075580311,-0.048006794764997585,0.016371903006076494,-0.020293609222687803,0.054630780032250456
564,-1.2493856645802868,-0.9445580917530106,0.31833220887907515,-1.1994946575880876,-0.9598229596252282,0.3372758632229733,-0.04989100699219917,0.015264867872217591,-0.018943654343898164,0.05550667356051
565,-1.2354185654842742,-0.9399553811830043,0.339022819422807,-1.1834311612620187,-0.954019249902089,0.35598399733641756,-0.05198740422225545,0.014063868719084716,-0.01696117791361057,0.05646383052302584
566,-1.2198351437788153,-0.9344600775952686,0.35649932971233095,-1.1672493228060146,-0.9478339451990766,0.3740724860305142,-0.052585820972800734,0.013373867603807987,-0.017573156318183236,0.05703459235456091
567,-1.2043501356636006,-0.9286932832306946,0.3739758400018549,-1.1509507603904343,-0.9412695195556019,0.39155507809344553,-0.053399375273166294,0.012576236324907342,-0.01757923809159062,0.057608025582770964
568,-1.1889682705796898,-0.9226567593872967,0.39145235029137887,-1.1345371038579373,-0.9343285986543979,0.4084461989420335,-0.05443116672175252,0.011671839267101136,-0.01699384865065462,0.05820459289892524
569,-1.173694246466132,-0.9163523497440393,0.40892886058090283,-1.1180099945604975,-0.92701395877128,0.4247607753253133,-0.05568425190563442,0.01066160902724067,-0.01583191474441048,0.05886472068917147
570,-1.158532728325118,-0.9097819797977384,0.4264053708704268,-1.1013710851952752,-0.9193285256646756,0.4405140799735253,-0.057161643129842954,0.00954654586693715,-0.014108709103098527,0.05964600284888261
571,-1.1442617141842764,-0.9032989796521093,0.4412167250203459,-1.0846220396393396,-0.9112753734053558,0.4557215951360275,-0.059639674544936794,0.007976393753246547,-0.014504870115681578,0.06189430421456893
572,-1.1300882838756532,-0.8966053252852528,0.45602807917026505,-1.0677645327832885,-0.90285772314685,0.470398893769609,-0.062323751092364654,0.006252397861597148,-0.014370814599343917,0.06426400813434721
573,-1.1160155466558552,-0.8897024850988624,0.4708394333201842,-1.0508002503637583,-0.894078941837027,0.48456153703014543,-0.06521529629209688,0.004376456738164558,-0.013722103709961242,0.06678685779608097
574,-1.1020465896922247,-0.8825919733841847,0.4856507874701033,-1.0337308887948575,-0.8849425408713637,0.498224986670857,-0.06831570089736716,0.0023505674871789894,-0.0125741992007537,0.06950302613664062
575,-1.0881844773856002,-0.8752753499898269,0.5004621416200224,-1.0165581549985165,-0.8754521746884284,0.5114045309468265,-0.07162632238708366,0.00017682469860147432,-0.010942389326804025,0.0724575545395498
576,-1.088891624247313,-0.8756620905231336,0.5146638018046973,-0.9992837662338049,-0.865611639308158,0.5241152226565137,-0.08960785801350812,-0.010050451214975609,-0.009451420851816383,0.09066371459140524
577,-1.0895932076259935,-0.8760588343786522,0.5288654619893721,-0.9819094499252019,-0.8554248708134978,0.5363718280074358,-0.10768375770079164,-0.020633963565154345,-0.007506366018063648,0.10989948887855693
578,-1.0902890860236665,-0.8764655015395894,0.543067122174047,-0.9644369434898631,-0.8448959437760261,0.5481887850668954,-0.1258521425338034,-0.031569557763563294,-0.005121662892848433,0.12985233994242731
579,-1.0909791190929585,-0.8768820099877822,0.5572687823587218,-0.9468679941638701,-0.8340290696261731,0.5595801706434279,-0.1441111249290884,-0.04285294036160914,-0.0023113882847061173,0.15036533291209656
580,-1.0916631676654043,-0.8773082757202398,0.5714704425433966,-0.9292043588275147,-0.8228285949687089,0.570559674535322,-0.16245880883788955,-0.05447968075153098,0.0009107680080746583,0.17135264714085746
581,-1.0712302328500618,-0.8641689777112577,0.5820422405034021,-0.9114478038296094,-0.8112989998441578,0.581140580175409,-0.15978242902045237,-0.052869977867099904,0.0009016603279931035,0.1683047003939302
582,-1.0509373432627123,-0.8508144051036254,0.5926140384634077,-0.89360010481086,-0.7994448959368459,0.5913357507932551,-0.1573372384518522,-0.051369509166779515,0.0012782876701525892,0.16551576086602302
583,-1.0307867668746682,-0.8372460504293667,0.6031858364234132,-0.8756630465262938,-0.7872710247302823,0.6011576203049405,-0.1551237203483744,-0.04997502569908441,0.0020282161184727032,0.1629876850224214
584,-1.0107807557520523,-0.8234654301131893,0.6137576343834187,-0.8576384226667918,-0.7747822556106337,0.6106181882251972,-0.15314233308526048,-0.04868317450255555,0.0031394461582214817,0.16072486361675195
585,-0.9909215458041027,-0.8094740843030058,0.6243294323434242,-0.8395280356797178,-0.7619835839190322,0.619729017975972,-0.15139351012438496,-0.04749050038397362,0.004600414367452177,0.15873407430937664
586,-1.0217530469712837,-0.8316871113210936,0.6813294328040358,-0.8213336965886817,-0.7488801289535097,0.6285012380388306,-0.20041935038260195,-0.08280698236758388,0.05282819476520517,0.22319437828664046
587,-1.0512690188778337,-0.8556205071507689,0.7383294332646474,-0.8030572248124292,-0.7354771319213411,0.6369455454658797,-0.2482117940654045,-0.12014337522942775,0.10138388779876772,0.29380642952440467
588,-1.0793735900908872,-0.8811965332388575,0.795329433725259,-0.7847004479829077,-0.721779953842635,0.6450722113249574,-0.29467314210797946,-0.15941657939622245,0.1502572224003016,0.3671827056788422
589,-1.105975473577077,-0.9083321155712003,0.8523294341858706,-0.7662652017625027,-0.7077940734059962,0.6528910877099849,-0.33971027181457436,-0.2005380421652041,0.19943834647588565,0.44203419457867804
590,-1.1309882632138188,-0.9369391145070599,0.9093294346464822,-0.747753329660472,-0.6935250847771224,0.6604116159967486,-0.3832349335533468,-0.24341402972993753,0.2489178186497336,0.5177639274865976
591,-1.111851813772837,-0.912356608875573,0.9140714765316518,-0.7291666828486026,-0.6789786953612166,0.6676428360684155,-0.3826851309242344,-0.23337791351435644,0.24642864046323631,0.5115078052066966
592,-1.092832150326209,-0.8876836341318106,0.9188135184168214,-0.7105071199760853,-0.6641607235200951,0.6745933962741206,-0.3823250303501238,-0.22352291061171548,0.24422012214270072,0.5057453790791882
593,-1.073929700567568,-0.8629207450949599,0.9235555603019909,-0.6917765069836577,-0.6490770962449237,0.6812715639183997,-0.3821531935839104,-0.21384364885003615,0.24228399638359122,0.5004714821280862
594,-1.0551448895547726,-0.8380684986061031,0.9282976021871605,-0.6729767169170084,-0.6337338467854989,0.6876852361095336,-0.38216817263776415,-0.20433465182060417,0.24061236607762693,0.49568081748380116
595,-1.0364781397003482,-0.8131274535156968,0.9330396440723301,-0.6541096297394813,-0.6181371122370333,0.6938419508213524,-0.3823685099608669,-0.19499034127866355,0.23919769325097773,0.4913679345035165
596,-1.0172877127357465,-0.7872316340188118,0.9365546143646456,-0.6351771321440697,-0.6022931310853911,0.6997488980461777,-0.3821105805916768,-0.18493850293342073,0.23680571631846792,0.48609432515558737
597,-0.9981884271688353,-0.7612685208516174,0.9400695846569611,-0.6161811173647562,-0.5862082407117827,0.7054129309366325,-0.38200730980407904,-0.17506028013983477,0.23465665372032862,0.4812893428714262
598,-0.9791805189713534,-0.7352384347884662,0.9435845549492766,-0.5971234849871871,-0.5698888748578939,0.71084057685146,-0.38205703398416624,-0.16534955993057232,0.23274397809781666,0.47694634239797795
599,-0.9602642229860718,-0.7091416974311606,0.9470995252415921,-0.5780061407587223,-0.5533415610524803,0.7160380482354703,-0.3822580822273496,-0.1558001363786803,0.23106147700612178,0.4730584848409307
600,-0.9414397729238926,-0.6829786312049806,0.9506144955339076,-0.5588309963978517,-0.5365729180004349,0.7210112532766491,-0.38260877652604086,-0.14640571320454565,0.2296032422572586,0.4696187364114968
601,-0.9221340858145365,-0.655946802767818,0.9530730161291716,-0.5395999694030323,-0.5195896529353996,0.7257658062944856,-0.38253411641150414,-0.13635714983241842,0.227307209834686,0.4653968093702199
602,-0.9028949152900515,-0.6288675926436225,0.9555315367244356,-0.5203149828609361,-0.5023985589369582,0.7303070378230215,-0.38257993242911537,-0.1264690337066643,0.22522449890141405,0.46161444527826134
603,-0.8837223776381499,-0.601741164507818,0.9579900573196996,-0.5009779652541498,-0.48500651221350166,0.7346400043601177,-0.38274441238400003,-0.11673465229431634,0.22335005295958188,0.4582635818112721
604,-0.8646165887437935,-0.5745676823212297,0.9604485779149635,-0.4815908502683184,-0.467420469351827,0.7387694977612211,-0.38302573847547516,-0.10714721296940266,0.22167908015374238,0.455335981621926
605,-0.8455776640884933,-0.5473473103290921,0.9629070985102275,-0.4621555765987845,-0.44964746453460147,0.7427000542616012,-0.38342208748970885,-0.09769984579449065,0.22020704424862625,0.45282325401855156
606,-0.8239617096475416,-0.5162801571312324,0.9746947334797205,-0.44267408775671735,-0.4316946067267801,0.7464359631158108,-0.3812876218908242,-0.08458555040445231,0.22825877036390962,0.45236824843530776
607,-0.8027134567204999,-0.4849603671932228,0.9864823684492134,-0.4231483318747701,-0.4135690768321209,0.7499812748470809,-0.3795651248457298,-0.07139129036110187,0.23650109360213256,0.452878755975131
608,-0.7818358576826158,-0.4533922922974372,0.9982700034187064,-0.4035802615122578,-0.39527812482090974,0.7533398091026414,-0.378255596170358,-0.05811416747652748,0.244930194316065,0.4543625783263716
609,-0.761331813407991,-0.42158031872463264,1.0100576383881994,-0.38397183345991004,-0.37682906683007494,0.756515162113617,-0.377359979948081,-0.0447512518945577,0.2535424762745824,0.4568227405547948
610,-0.741204172866515,-0.38952886664448944,1.0218452733576924,-0.36432500854419003,-0.35822928223682704,0.7595107137603188,-0.37687916432232493,-0.031299584407662395,0.2623345595973736,0.46025752535242087
611,-0.7231210513148946,-0.35996499797655646,1.0220408482468584,-0.3446417514312205,-0.3394862107070128,0.7623296342454584,-0.37847929988367407,-0.020478787269543663,0.25971121400139996,0.45947347676068123
612,-0.7050437120594109,-0.3303975932695549,1.0222364231360244,-0.3249240304303084,-0.32060734921933826,0.764974890379158,-0.3801196816291025,-0.009790244050216668,0.25726153275686636,0.45909728541648476
613,-0.6869721557915137,-0.3008266536544244,1.0224319980251904,-0.3051738172971223,-0.30160024906668353,0.7674492514806304,-0.38179833849439143,0.0007735954122591315,0.25498274654456,0.459115204237833
614,-0.6689063832024318,-0.27125218026223963,1.0226275729143564,-0.28539308703651545,-0.2824725128356836,0.7697552949021605,-0.38351329616591634,0.011220332573443959,0.2528722780121958,0.45951358324448016
615,-0.6508463949831725,-0.24167417422421056,1.0228231478035223,-0.2655838177050335,-0.263231791365801,0.7718954111815078,-0.38526257727813906,0.021557617141590435,0.2509277366220145,0.46027895163049176
616,-0.631096409505754,-0.20931412310878822,0.975135403834346,-0.2457479902131001,-0.24388578068908245,0.77387180882917,-0.38534841929265384,0.034571657580294235,0.2012635950051761,0.4361142492897975
617,-0.6098262836970396,-0.17793233567351846,0.9274476598651697,-0.22588758812693474,-0.2244422189518554,0.7756865187570767,-0.38393869557010485,0.04650988327833694,0.15176114110809302,0.41545581612136406
618,-0.5870843792291393,-0.14760016437432058,0.8797599158959934,-0.2060045974701957,-0.20490888331957058,0.777341398355284,-0.3810797817589435,0.05730871894525,0.10241851754070941,0.3987425761914901
619,-0.5629224041425656,-0.11838657516541326,0.8320721719268172,-0.1861010065253778,-0.18529358686603822,0.7788381352231183,-0.37682139761718775,0.06690701170062496,0.05323403670369886,0.3863997626560465
620,-0.5373952952781803,-0.09035799069211498,0.7843844279576409,-0.1661788056349928,-0.16560417544830938,0.7801782505609888,-0.37121648964318754,0.0752461847561944,0.004206177396652078,0.3787893378009289
621,-0.5152387605910408,-0.06824633225657267,0.781789034329906,-0.14623998700252616,-0.14584852456842748,0.7813631022287947,-0.36899877358851463,0.0776021923118548,0.00042593210111130375,0.37707078457444665
622,-0.49302491213484895,-0.046192253158187084,0.7791936407021711,-0.12628654449322554,-0.1260345362233393,0.7823938874764594,-0.3667383676416234,0.0798422830651522,-0.003200246774288318,0.3753425929000261
623,-0.4707538995435163,-0.024195901954653123,0.7765982470744363,-0.10632047343471225,-0.10617013574419806,0.7832716453517061,-0.3644334261088041,0.08197423378954494,-0.006673398277269871,0.3735987571116254
624,-0.44842587283601587,-0.0022574268148069024,0.7740028534467014,-0.08634377041745736,-0.08626326862634384,0.7839972587896967,-0.36208210241855854,0.08400584181153695,-0.009994405342995338,0.37183372424844496
625,-0.42604098241537114,0.019623024482372357,0.7714074598189665,-0.06635843309511363,-0.06632189735120068,0.7845714563886423,-0.3596825493202575,0.08594492183357304,-0.013163996569675818,0.37004237146600505
626,-0.4058140904374338,0.03929171280092625,0.7714261997020245,-0.0463664599847589,-0.04635399820139721,0.7849948138749364,-0.3594476304526749,0.08564571100232346,-0.013568614172911886,0.36975923807487165
627,-0.3855875670519672,0.058960780165616754,0.7714449395850825,-0.026369850267042503,-0.026367558070356484,0.7852677552607884,-0.35921771678492465,0.08532833823597324,-0.013822815675705868,0.3694717358492954
628,-0.3653614122660744,0.07863022656953643,0.7714636794681405,-0.006370603586275981,-0.006370571267652135,0.7853905536967359,-0.3589908086797984,0.08500079783718856,-0.013926874228595398,0.3691794877499471
629,-0.34513562608685855,0.0983000520057777,0.7714824193511985,0.013629280149540351,0.013628963678619457,0.7853633320208057,-0.3587649062363989,0.08467108832715824,-0.013880912669607115,0.3688822723876261
630,-0.3249102085214226,0.11797025646743284,0.7715011592342566,0.033627800968699426,0.033623047221136695,0.7851860630054648,-0.35853800949012204,0.08434720924629614,-0.013684903771208234,0.3685800219056976
631,-0.30451726836062964,0.13780412846144058,0.771043359262452,0.053622959035786476,0.053603681993068565,0.7848585693028844,-0.3581402273964161,0.08420044646837202,-0.013815210040432402,0.36816436233493743
632,-0.28411525039109864,0.1576286624899443,0.7705855592906475,0.07361275485165383,0.07356287600690768,0.7843805230883966,-0.3577280052427525,0.08406578648303663,-0.013794963797749027,0.3677318088201665
633,-0.26370415888870113,0.17744385439810212,0.770127759318843,0.09359518945337977,0.09349264585116929,0.7837514454014016,-0.3572993483420809,0.08395120854693283,-0.013623686082558595,0.3672822274010034
634,-0.24328399813121018,0.19724970003303005,0.7696699593470385,0.1135682646141561,0.11338501988364241,0.7829707051823518,-0.3568522627453663,0.08386468014938764,-0.013300745835313266,0.3668156646639053
635,-0.22285477239829962,0.21704619524380292,0.769212159375234,0.1335299830431127,0.13323204141994396,0.7820375180038213,-0.35638475544141235,0.08381415382385896,-0.012825358628587247,0.3663323574518045
636,-0.20246050953137287,0.23679071487343467,0.7680267193724285,0.15347834858503784,0.15302577191607933,0.7809509444930636,-0.3559388581164107,0.08376494295735534,-0.012924225120635069,0.36589079242423167
637,-0.18204285505622372,0.25651104446052936,0.766841279369623,0.17341136642000265,0.17275829414376465,0.7797098884428689,-0.3554542214762264,0.08375275031676471,-0.01286860907324594,0.36541459720483604
638,-0.16160183766512531,0.2762071562927422,0.7656558393668175,0.19332704326283448,0.1924217153572057,0.7783130946069631,-0.3549288809279598,0.08378544093553647,-0.012657255240145604,0.3649037088599544
639,-0.14113748608318188,0.2958790226917606,0.764470399364012,0.2132233875624471,0.21200817045009426,0.7767591461756517,-0.35436087364562896,0.08387085224166632,-0.012288746811639717,0.3643582878497996
640,-0.12064982906828851,0.31552661601334353,0.7632849593612064,0.23309840970098727,0.23150982510153895,0.7750464619269026,-0.3537482387692758,0.08401679091180458,-0.011761502565696191,0.363778738425001
641,-0.10030825427222367,0.3349878790417009,0.7613240521532755,0.2529501221928054,0.25091887890969955,0.7731732930475957,-0.35325837646502906,0.08406900013200136,-0.011849240894320268,0.3633173293908154
642,-0.07992855687793,0.3544092167391879,0.7593631449453445,0.2727765398831953,0.2702275685118367,0.7711377196192538,-0.35270509676112527,0.08418164822735119,-0.0117745746739093,0.3628030812828079
643,-0.05951081524852009,0.37379055442773435,0.7574022377374136,0.2925756801469099,0.28942817068955534,0.7689376467622203,-0.35208649539542997,0.084362383738179,-0.011535409024806764,0.36223608005166114
644,-0.03905510789339252,0.3931318175830763,0.7554413305294826,0.3123455630864238,0.30851300545799065,0.7665708004319635,-0.3514006709798163,0.08461881212508565,-0.01112946990248087,0.3616167031966802
645,-0.018561513467930016,0.4124329318350427,0.7534804233215516,0.3320842117299144,0.32747443913769303,0.7640347228610073,-0.3506457251978444,0.08495849269734967,-0.010554299539455636,0.3609456514763634
646,0.0016839211579339555,0.4314255509981255,0.750690076779213,0.351789652228968,0.34630488740800797,0.7613267676398998,-0.35010573107103404,0.08512066359011755,-0.01063669086068686,0.36046177257966067
647,0.021982272888469916,0.45036160451747004,0.7478997302368743,0.37145991405595574,0.3649968183406966,0.7584440944306824,-0.3494776411674858,0.08536478617677346,-0.010544364193808109,0.3599068657461926
648,0.04233338368012722,0.4692409449564187,0.7451093836945356,0.3910930302010885,0.38354275541260996,0.7553836633065133,-0.34875964652096125,0.08569818954380876,-0.010274279611977688,0.35928127080889916
649,0.06273709507857164,0.4880634253198836,0.7423190371521969,0.4106870373691092,0.40193528049619187,0.7521422287114786,-0.34794994229053755,0.08612814482369174,-0.009823191559281685,0.35858571466689737
650,0.08319324821991914,0.506828899055491,0.7395286906098583,0.43023997617563103,0.4201670368266409,0.7487163330352061,-0.3470467279557119,0.08666186222885008,-0.009187642425347864,0.3578213555995144
651,0.10330895060752653,0.5251789587339182,0.735832328091534,0.4497498913430674,0.43823073194451173,0.7451022997977352,-0.3464409407355409,0.08694822678940645,-0.009269971706201252,0.35730554422648186
652,0.12349234389225194,0.5434545382941602,0.7321359655732097,0.4692148318961616,0.45611914061260495,0.7412962264412188,-0.34572248800390964,0.0873353976815553,-0.00916026086800914,0.35670074401237073
653,0.143743152306772,0.5616553880355057,0.7284396030548854,0.48863285135707546,0.4738251077059589,0.7372939767265044,-0.3448896990503034,0.08783028032954682,-0.008854373671619009,0.3560076720899316
654,0.164061099162665,0.5797812592782831,0.7247432405365611,0.5080020079400462,0.4913415510738144,0.733091172734505,-0.34394090877738126,0.08843970820446867,-0.00834793219794383,0.35522755902362635
655,0.1844459068541913,0.5978319043672577,0.7210468780182369,0.5273203647455568,0.5086614643723737,0.7286831864746114,-0.3428744578913655,0.08917043999488405,-0.00763630845637453,0.35436220798784385
656,0.2044107522511721,0.6153794420148186,0.7163406097534352,0.5465859899540265,0.5257779198672481,0.7240651311052729,-0.3421752377028544,0.08960152214757056,-0.007724521351837765,0.3537965436494278
657,0.2244579596629705,0.6328328257614235,0.7116343414886335,0.5657969570189859,0.5426840712044526,0.7192318517753863,-0.3413389973560154,0.09014875455697091,-0.007597510286752818,0.3531243849222823
658,0.24458708506559126,0.6501916690334703,0.7069280732238318,0.5849513448597394,0.5593731561488667,0.7141779160993728,-0.3403642597941482,0.09081851288460352,-0.007249842875540979,0.3523469765011605
659,0.26479768262064424,0.6674555873513262,0.7022218049590301,0.6040472380534647,0.5758384992890305,0.708897604283927,-0.3392495554328205,0.09161708806229563,-0.006675799324896925,0.3514662401753646
660,0.285089304685219,0.6846241983378438,0.6975155366942284,0.6230827270267574,0.5920735147072245,0.7033848989304824,-0.3379934223415384,0.09255068363061936,-0.0058693622362540054,0.3504848527393173
661,0.3048991467452619,0.701225839956152,0.6916631226524054,0.6420559082465795,0.6080717086137423,0.6976334745446516,-0.3371567615013176,0.09315413134240969,-0.005970351892246262,0.3498399907299515
662,0.3248058086811913,0.717711262529905,0.6858107086105824,0.6609648844106218,0.6238266819443293,0.6916366867923863,-0.33615907572943055,0.0938845805855757,-0.00582597818180397,0.3490718847010875
663,0.34480860867684954,0.7340799014226255,0.6799582945687593,0.6798077646370254,0.6393321329197169,0.6853875615526078,-0.3349991559601759,0.09474776850290856,-0.005429266983848491,0.34818249678910185
664,0.3649068616232878,0.750331195997753,0.6741058805269363,0.6985826646534714,0.6545818595662526,0.6788787838277314,-0.3336758030301836,0.09574933643150041,-0.0047729033007950505,0.34717467874375474
665,0.3850998791422314,0.7664645896378468,0.6682534664851133,0.7172877069856007,0.6695697621966022,0.672102686587147,-0.3321878278433693,0.09689482744124456,-0.0038492201020337014,0.34605227502150365
666,0.40477461370750045,0.7819961266297965,0.661080177333624,0.7359210211447693,0.6842898458495512,0.6650512396345386,-0.33114640743726886,0.09770628078024524,-0.003971062300914596,0.3452828258085182
667,0.42456025333294944,0.797386132677812,0.6539068881821347,0.7544807438150888,0.6987362226879031,0.6577160386082651,-0.32992049048213934,0.09864990998990886,-0.003809150426130392,0.34437456992054655
668,0.44445577993154295,0.812633815875949,0.6467335990306454,0.7729650190397587,0.7129031143535387,0.6500882942451496,-0.3285092391082157,0.09973070152241026,-0.0033546952145041553,0.34333043410917297
669,0.4644601697619172,0.8277383916416072,0.6395603098791561,0.7913719984066616,0.7267848542786822,0.6421588220623271,-0.32691182864474444,0.100953537362925,-0.0025985121831709757,0.3421545157958672
670,0.4845723934810575,0.842699082755902,0.6323870207276668,0.8096998412331966,0.7403758899524486,0.6339180326396285,-0.3251274477521391,0.10232319280345337,-0.0015310119119616994,0.3408522217395497
671,0.5152239119937059,0.8651598133246804,0.6300777264723374,0.827946714750356,0.7536707851417809,0.6253559227167048,-0.3127228027566501,0.11148902818289952,0.004721803755632581,0.33203561586048075
672,0.5459272171665411,0.887549700691039,0.627768432217008,0.8461107942859937,0.7666642220658663,0.61646206735519,-0.30018357711945254,0.12088547862517274,0.011306364861817908,0.3238075243119838
673,0.5766821452638234,0.9098686254533449,0.6254591379616785,0.8641902634472943,0.7793510035231799,0.607225613456968,-0.2875081181834709,0.13051762193016503,0.018233524504710497,0.3162723969485324
674,0.6074885322745163,0.9321164685883971,0.6231498437063491,0.8821833143024047,0.791726054970291,0.5976352749755627,-0.27469478202788844,0.1403904136181061,0.02551456873078639,0.3095443178718196
675,0.638346213913161,0.9542931114520616,0.6208405494510196,0.9000881475612352,0.803784426551621,0.5876793302090884,-0.2617419336480742,0.15050868490044067,0.03316121924193127,0.3037455687280136
676,0.6692550255758585,0.9763984357477961,0.6055109606892227,0.9179029727553806,0.8155212950793129,0.5773456216204795,-0.2486479471795221,0.16087714066848313,0.02816533906874319,0.29749040715813774
677,0.7004990578406481,0.9980273619452862,0.5901813719274258,0.9356260084171686,0.8269319659624466,0.5666215586940145,-0.23512695057652044,0.17109539598283963,0.023559813233411275,0.29174197883323444
678,0.7320709686195949,1.0191748074266183,0.5748517831656289,0.953255482257799,0.8380118750848067,0.5554941244066477,-0.22118451363820413,0.18116293234181158,0.01935765875898121,0.2865611908139026
679,0.7639633387760376,1.0398358027178458,0.559522194403832,0.9707896313445805,0.8487565906304755,0.5439498859681842,-0.2068262925685429,0.19107921208737033,0.01557230843564783,0.28201219367182284
680,0.7961686738680247,1.0600054926567744,0.5441926056420351,0.9882267022772163,0.8591618148564958,0.5319750105656659,-0.19205802840919162,0.20084367780027856,0.012217595076369214,0.2781613539264901
681,0.8007637613488839,1.0627861780982004,0.5300526554295258,1.0055649513631455,0.8692233858119127,0.5195552869336455,-0.20480119001426156,0.1935627922862877,0.010497368495880344,0.28199339838772913
682,0.8053977069141467,1.065501613418566,0.5159127052170166,1.0228026447919047,0.8789372790024944,0.5066761536623483,-0.21740493787775805,0.18656433441607156,0.009236551554668293,0.2866295026237977
683,0.8100695840765517,1.0681512557076884,0.5017727550045074,1.0399380588085174,0.8882996090004824,0.4933227352482483,-0.2298684747319657,0.179851646707206,0.00845001975625903,0.2919889267297223
684,0.814778458764989,1.0707345752097055,0.4876328047919981,1.0569694798858615,0.8973066309987076,0.4794798869840495,-0.24219102112087254,0.17342794421099794,0.008152917807948634,0.2979936452570878
685,0.8195233895112534,1.0732510554289925,0.47349285457948886,1.0738952048960235,0.9059547423084627,0.4651322498740918,-0.25437181538477016,0.16729631312052973,0.008360604705397068,0.3045701504693226
686,0.8491705532282112,1.088441308628641,0.45786722998936774,1.090713541280604,0.9142404838005289,0.4502643168426439,-0.24154298805239272,0.17420082482811217,0.007602913146723844,0.29790392198893517
687,0.8790514452261146,1.103166470839604,0.4422416053992466,1.1074228072199814,0.9221605412887859,0.4348605115707623,-0.22837136199386687,0.18100592955081818,0.007381093828484342,0.29149803782803485
688,0.9091587699305178,1.11742294683731,0.4266159808091255,1.124021331801486,0.9297117468558371,0.4189052813456625,-0.2148625618709682,0.1877111999814729,0.007710699463462978,0.2854135070007304
689,0.9394851764822582,1.1312072558293522,0.41099035621900437,1.1405074551864933,0.936891080120138,0.4023832053261955,-0.20102227870423517,0.19431617570921422,0.00860715089280889,0.27971917296493815
690,0.9700232605322059,1.1445160323053423,0.39536473162888325,1.1568795287764002,0.9436956694441047,0.3852791196091139,-0.18685626824419432,0.2008203628612376,0.010085612019769374,0.2744918991367118
691,0.9736352905746667,1.1460234770135997,0.3772408480144521,1.1731359153774927,0.9501227930827353,0.36757826041131964,-0.19950062480282604,0.19590068393086446,0.009662587603132489,0.2797694459023119
692,0.9772740466590718,1.1474652137212886,0.359116964400021,1.1892749893646573,0.9561698802722672,0.3492664265498517,-0.21200094270558545,0.1912953334490214,0.009850537850169316,0.2857189832744174
693,0.980938333577161,1.1488407688666802,0.3409930807855899,1.2052951368439446,0.9618345122584524,0.3303301621888942,-0.22435680326678364,0.18700625660822778,0.010662918596695659,0.2922687342424987
694,0.984626947734659,1.1501496906264495,0.32286919717115875,1.2211947558139582,0.9671144232640236,0.31075696051584134,-0.23656780807929922,0.1830352673624258,0.01211223665531741,0.29935421025045444
695,0.9883386775466155,1.1513915490640845,0.3047453135567276,1.236972256326048,0.9720075013949759,0.29053548859030254,-0.24863357877943237,0.17938404766910854,0.014209824966425089,0.3069189016342878
696,1.0085912942609625,1.1577618743560585,0.2834896361861351,1.2526260606433117,0.9765117894852975,0.2696558330657038,-0.24403476638234922,0.181250084870761,0.01383380312043131,0.3042958011174664
697,1.0289747314260138,1.1637003099616885,0.26223395881554257,1.2681546033983628,0.9806254858798085,0.24810976580033245,-0.23917987197234902,0.18307482408188003,0.014124193015210118,0.30153423553164155
698,1.0494797800737121,1.169204172974095,0.24097828144495004,1.2835563317498675,0.9843469451548001,0.22589102754483356,-0.23407655167615538,0.1848572278192948,0.015087253900116476,0.29864971446810573
699,1.0700971762935363,1.1742709768205637,0.2197226040743575,1.2988297055378224,0.9876746787761803,0.2029956269152212,-0.2287325292442861,0.18659629804438338,0.01672697715913632,0.2956628825930621
700,1.0908176054178138,1.1788984323859473,0.19846692670376498,1.3139731974375781,0.9906073556948702,0.17942215074251594,-0.22315559201976432,0.18829107669107703,0.01904477596124904,0.29259981425590603
701,1.1163240516178075,1.1840281475592025,0.17373967819722896,1.328985293112564,0.9931438028792042,0.15517208065333724,-0.21266124149475663,0.19088434467999826,0.01856759754389173,0.28636758258670886
702,1.1419495312410504,1.1885256546009608,0.14901242969069295,1.3438644913657243,0.9952830057841277,0.13025010941636972,-0.20191496012467391,0.19324264881683317,0.01876232027432323,0.280114971227835
703,1.1676783767241385,1.1923882037099398,0.12428518118415695,1.3586093042896297,0.9970241087570001,0.10466444924219856,-0.19093092756549113,0.19536409495293972,0.01962073194195839,0.27387355078528164
704,1.193494857305196,1.1956134333017336,0.09955793267762095,1.373218257415277,0.9983664153798475,0.07842712292189793,-0.17972340011008092,0.19724701792188615,0.021130809755723012,0.2676815229841942
705,1.2193831886417514,1.1981993714527,0.07483068417108495,1.3876898898595273,0.9993093887479177,0.051554227525755024,-0.1683067012177759,0.1988899827047822,0.023276456645329922,0.2615839527361726
706,1.248162591749776,1.2003569826572684,0.04684998847950029,1.4020227544711974,0.9998526516844362,0.024066159466105345,-0.15386016272142133,0.20050433097283227,0.022783829013394943,0.2537598062657617
707,1.276991093202471,1.2017085866511268,0.01886929278791563,1.4162154179757676,0.9999959868914717,-0.004012210822560227,-0.1392243247732965,0.20171259975965505,0.02288150361047586,0.2461604125724836
708,1.3058461240812822,1.2022531253064184,-0.009111402903669026,1.4302664611187157,0.999739337036853,-0.03265142639572878,-0.12442033703743349,0.20251378826956534,0.023540023492059754,0.23884385571708897
709,1.3347050946986099,1.2019901723211177,-0.037092098595253684,1.4441744788074369,0.9990828047770997,-0.06181740477477093,-0.109469384108827,0.20290736754401806,0.024725306179517244,0.23187558436903188
710,1.3635454122825579,1.200919933552769,-0.06507279428683835,1.457938080251753,0.9980266527163616,-0.0914714824314205,-0.0943926679691951,0.20289328083640734,0.026398688144582155,0.2253276501245661
711,1.3940650300537119,1.1989311287739537,-0.09559131105619492,1.4715558891029872,0.9965713033013819,-0.12157055086072027,-0.07749085904927533,0.2023598254725718,0.02597923980452535,0.21824127268302257
712,1.4245097502985056,1.1960119811994356,-0.1261098278255515,1.4850265435916035,0.9947173386525217,-0.1520672896241892,-0.06051679329309789,0.20129464254691398,0.0259574617986377,0.21179141911701038
713,1.4548512196182346,1.1921652094534751,-0.15662834459490807,1.4983486966633788,0.9924655003309216,-0.18291049838327378,-0.04349747704514417,0.19969970912255353,0.02628215378836571,0.20606493137038298
714,1.4850611807725629,1.1873943960637539,-0.18714686136426464,1.5115210161141086,0.9898166890418857,-0.21404552605890018,-0.026459835341545723,0.19757770702186817,0.026898664694635532,0.20114823230810486
715,1.5151114989957062,1.1817039841249397,-0.21766537813362122,1.5245421847228224,0.9867719642746133,-0.24541479105467268,-0.00943068572711625,0.19493201985032638,0.02774941292105146,0.19712295684083753
716,1.5446991236949297,1.1751601089927826,-0.24946083064439128,1.5374109003835117,0.9833325438784152,-0.2769583822343691,0.007288223311417985,0.19182756511436738,0.027497551589977798,0.19392536780985475
717,1.5740637634221946,1.167678947934811,-0.2812562831551614,1.550125876235334,0.9794998035755915,-0.30861472634854564,0.023937887186860518,0.18817914435921956,0.027358443193384263,0.1916582824422271
718,1.603175734472323,1.159268063399647,-0.3130517356659315,1.5626858407913,0.9752752764111607,-0.3403213041667633,0.04048989368102296,0.1839927869884863,0.027269568500831842,0.19035862607276982
719,1.6320056085542196,1.149935957661425,-0.34484718817670157,1.5750895380654217,0.9706606521396621,-0.37201539497002895,0.056916070488797876,0.17927530552176285,0.027168206793327376,0.1900452201718639
720,1.6605242425389204,1.139692064225136,-0.37664264068747166,1.5873357276983062,0.9656577765492774,-0.4036348275127553,0.07318851484061417,0.1740342876758586,0.02699218682528365,0.19071725181804955
721,1.686339026280702,1.129481672927831,-0.40814140392958875,1.5994231850811964,0.9602686507235386,-0.43511871520880985,0.08691584119950568,0.16921302220429235,0.026977311279221095,0.1921332497481475
722,1.7118194432095093,1.1184633471378937,-0.43964016717170584,1.6113507014784265,0.9544954302409214,-0.46640815416292103,0.10046874173108278,0.16396791689697232,0.026767986991215187,0.19415450281701246
723,1.736940214457117,1.1066480180267602,-0.47113893041382293,1.6231170841482976,0.9483404243126435,-0.49744686468148896,0.11382313030881952,0.15830759371411662,0.026307934267666033,0.1967463001590733
724,1.7616764179562043,1.0940474074649347,-0.50263769365594,1.6347211564623458,0.9418060948590116,-0.528181759882355,0.1269552614938585,0.1522413126059231,0.02554406622641503,0.19986884450641093
725,1.786003513165288,1.0806740163928386,-0.5341364568980571,1.646161758023011,0.934895055524683,-0.5585634287330091,0.13984175514227704,0.14577896086815556,0.024426971834952016,0.20347948020893245
726,1.8068334487366982,1.0683533794298798,-0.5638872509015711,1.6574377447796707,0.927610070633246,-0.5885465249860494,0.1493957039570275,0.14074330879663388,0.024659274084478322,0.20672647418802914
727,1.827287671936532,1.0554185789144683,-0.5936380449050851,1.668547989143047,0.9199540540815242,-0.6180900577424485,0.15873968279348505,0.13546452483294413,0.024452012837363424,0.2101114592624357
728,1.8473480798678465,1.0418810627201522,-0.6233888389085991,1.6794913800979598,0.9119300681740611,-0.6471575834684962,0.1678566997698867,0.12995099454609116,0.02376874455989708,0.21360731696060817
729,1.86699691817772,1.0277528121506525,-0.6531396329121131,1.6902668233144347,0.9035413223982338,-0.6757173029780909,0.17673009486328528,0.12421148975241869,0.022577670065977773,0.21719063470257916
730,1.8862167967706442,1.0130463313358768,-0.6828904269156271,1.7008732412571288,0.8947911721405041,-0.7037420699869326,0.18534355551351545,0.11825515919537277,0.020851643071305492,0.22084226784175096
731,1.9027097576264267,0.9996300801804334,-0.7099326643198648,1.7113095732930879,0.8856831173443074,-0.7312093202389199,0.19140018433333883,0.11394696283612604,0.021276655919055143,0.22376469111437453
732,1.918833927110469,0.9857727820561172,-0.7369749017241025,1.7215747757978035,0.8762208011101247,-0.7581009318558724,0.19725915131266558,0.1095519809459925,0.021126030131769835,0.22662550265782677
733,1.9345775146166753,0.9714845699464536,-0.7640171391283402,1.7316678222595798,0.8664080082382859,-0.7844030284895931,0.20290969235709544,0.1050765617081677,0.02038588936125285,0.22941013830672508
734,1.9499290078349683,0.9567758919356666,-0.791059376532578,1.7415877033821823,0.8562486637151049,-0.8101057371275008,0.20834130445278598,0.1005272282205617,0.019046360594922818,0.23210899725497325
735,1.96487718116953,0.9416575035686415,-0.8181016139368157,1.7513334271857652,0.8457468311429333,-0.8352029121201988,0.2135437539837648,0.09591067242570828,0.01710129818338313,0.2347173754756711
736,1.9782629558940856,0.9273662724287585,-0.8420626637928604,1.7609040191060688,0.8349067111147797,-0.8596918362790572,0.21735893678801688,0.09245956131397881,0.017629172486196776,0.2368638123532985
737,1.9913024880664332,0.9127584370930072,-0.8660237136489052,1.7702985220918765,0.823732639534121,-0.8835729088565338,0.22100396597455663,0.08902579755888618,0.017549195207628654,0.23890650861773152
738,2.003988291633234,0.8978423839845386,-0.8899847635049499,1.7795159967007192,0.8122290858806044,-0.9068493289873355,0.22447229493251486,0.08561329810393425,0.016864565482385574,0.24083575642626806
739,2.016313083618313,0.8826266764756961,-0.9139458133609947,1.7885555211928177,0.8004006514223111,-0.9295267818372679,0.22775756242549527,0.08222602505338505,0.015580968476273216,0.2426466422943905
740,2.0282697883038474,0.8671200499717453,-0.9379068632170394,1.7974161916232538,0.7882520673753163,-0.9516131333632378,0.23085359668059358,0.07886798259642902,0.013706270146198407,0.2443387067587069
741,2.0394505508931946,0.8518780507673445,-0.9588670147965204,1.8060971219323696,0.7757881930112588,-0.9731181382979247,0.233353428960825,0.07608985775608568,0.01425112350140434,0.24585886964307072
742,2.0503094063398217,0.8364050662389619,-0.9798271663760013,1.814597444034368,0.7630140137137015,-0.9940531647825135,0.23571196230545377,0.07339105252526046,0.014225998406512175,0.2472827426152405
743,2.0608415842196317,0.8207078938523712,-1.0007873179554823,1.8229163079041226,0.7499346389840432,-1.0144309380104182,0.23792527631550908,0.07077325486832797,0.013643620054935912,0.24860297480656202
744,2.0710424576218616,0.8047934295617333,-1.0217474695349633,1.8310528816621792,0.7365553003977854,-1.0342653043291206,0.2399895759596824,0.06823812916394789,0.012517834794157245,0.24981620249502956
745,2.080907545181737,0.7886686647801218,-1.0427076211144444,1.8390063516579414,0.722881349511976,-1.0535710164801917,0.24190119352379558,0.06578731526814574,0.01086339536574732,0.25092264074271925
746,2.0903856270628363,0.7724210566518491,-1.0609968180860012,1.8467759225510378,0.7089182557246515,-1.0723635400346438,0.24360970451179842,0.06350280092719762,0.011366721948642633,0.25200693686044195
747,2.099564984664439,0.756002828974763,-1.079286015057558,1.854360817390854,0.6946716040871542,-1.090658880591542,0.24520416727358496,0.06133122488760878,0.011372865533983978,0.25301372465738053
748,2.1084425476254265,0.7394194734063494,-1.097575212029115,1.8617602776942273,0.6801470930701856,-1.1084734309385513,0.24668226993119924,0.05927238033616378,0.01089821890943643,0.25393725316408755
749,2.1170153465305823,0.7226765368369633,-1.1158644090006717,1.868973563521292,0.665350532284497,-1.125823837107909,0.24804178300929025,0.05732600455246628,0.009959428107237267,0.2547747772535587
750,2.1252805139038182,0.7057796195344751,-1.1341536059722286,1.8759999535494778,0.6502878401571169,-1.1427268820842833,0.24928056035434043,0.055491779377358164,0.008573276112054717,0.2555261951587995
751,2.1333262088237905,0.6885395447757254,-1.1501927942925172,1.8828387451456365,0.6349650415640629,-1.1591993858163752,0.250487463678154,0.05357450321166257,0.009006591523857965,0.25631097429717786
752,2.141094363916115,0.6711726466389212,-1.1662319826128058,1.8894892544363082,0.6193882654204694,-1.1752581201377648,0.25160510947980663,0.05178438121845175,0.009026137524958955,0.2570373988608329
753,2.148582980822529,0.653683392759424,-1.1822711709330944,1.895950816376105,0.6035637422291092,-1.1909197372013636,0.2526321644464242,0.05011965053031475,0.008648566268269153,0.25770096542439
754,2.1557901330959823,0.6360762822486161,-1.198310359253383,1.902222784814218,0.5874978015882669,-1.2062007100649477,0.2535673482817644,0.0485784806603492,0.00789035081156464,0.25829929642537375
755,2.1627139666962134,0.6183558445365037,-1.2143495475736716,1.9083045325590295,0.5711968696599886,-1.2211172841230187,0.25440943413718387,0.0471589748765151,0.0067677365493470365,0.25883185922024216
756,2.1694783328155363,0.6001892357520011,-1.2285613492384724,1.9141954514408346,0.5546674665997017,-1.2356854381550875,0.2552828813747017,0.04552176915229944,0.00712408891661509,0.25940765916336606
757,2.175983844278847,0.5819283309462105,-1.2427731509032731,1.9198949523726523,0.5379162039482439,-1.2499208538459183,0.25608889190619455,0.04401212699796664,0.007147702942645218,0.2599416810324655
758,2.182229187155589,0.5635768183089007,-1.2569849525680739,1.9254024654091402,0.5209497819873273,-1.2638388927244983,0.2568267217464486,0.042627036321573386,0.006853940156424487,0.26043042396052024
759,2.1882131000619505,0.5451384043300767,-1.2711967542328746,1.9307174398035836,0.5037749870595203,-1.2774545795615464,0.2574956602583669,0.04136341727055637,0.006257825328671807,0.26087182239183027
760,2.19393437441563,0.5266168130513733,-1.2854085558976753,1.935839344062973,0.4863986888537981,-1.2907825913575508,0.258095030352657,0.0402181241975752,0.00537403545987547,0.2612650425599156
761,2.199505672485221,0.5076278538784076,-1.2981791392273472,1.94076766600115,0.4688278376577654,-1.3038372511423686,0.2587380064840712,0.038800016220642164,0.005658111915021413,0.26169220754259437
762,2.204834022761569,0.48856929632581914,-1.310949722557019,1.9455019127900275,0.45106946157762406,-1.3166325258920903,0.25933210997154155,0.03749983474819507,0.005682803335071318,0.2620909672655255
763,2.2099185562675676,0.4694442485695608,-1.3237203058866909,1.9500416110088725,0.433130663727031,-1.3291820279480693,0.2598769452586951,0.03631358484252978,0.0054617220613784045,0.2624586320336639
764,2.2147584437891106,0.4502558296291791,-1.3364908892163627,1.954386306691646,0.415018619385944,-1.3414990193963932,0.26037213709746454,0.03523721024323512,0.0050081301800304345,0.26279344004431876
765,2.2193528960103235,0.43100716885914686,-1.3492614725460346,1.9585355653724,0.39674057313061206,-1.3535964189332585,0.26081733063792356,0.0342665957285348,0.004334946387223981,0.2630944151898608
766,2.2237853826621117,0.411327483543683,-1.3609308280936898,1.9624889721287242,0.37830383593583167,-1.3654868108028255,0.2612964105333875,0.033023647607851314,0.004555982709135709,0.2634143740144149
767,2.2279879234899083,0.39159741505356704,-1.372600183641345,1.9662461316232376,0.3597157822506608,-1.3771824554492114,0.2617417918666707,0.031881632802906235,0.0045822718078663005,0.26371613779720815
768,2.2319599462240056,0.3718196500778733,-1.3842695391890003,1.9698066681431217,0.3409838470487362,-1.3886953015737538,0.26215327808088396,0.030835803029137132,0.004425762384753451,0.26399768053846856
769,2.2357009099848786,0.35199688180061695,-1.3959388947366556,1.9731702256376917,0.3221155228543811,-1.4000369993327406,0.26253068434718685,0.029881358946235836,0.0040981045960850615,0.2642575453938004
770,2.239210305356836,0.3321318095340168,-1.4076082502843108,1.9763364677540007,0.30311835674570226,-1.4112189144499225,0.26287383760283545,0.02901345278831452,0.003610664165611732,0.2644947482171593
771,2.242539454073736,0.3119125382582533,-1.4184737056973027,1.979305077870476,0.2839999473358494,-1.422252143052719,0.26323437620325985,0.027912590922403946,0.0037784373554163864,0.26473708870494445
772,2.245648719008221,0.29165828849013486,-1.4293391611102946,1.9820757591285796,0.26476794173367757,-1.4331475270714018,0.26357295987964147,0.026890346756457295,0.0038083659611072296,0.26496848789939403
773,2.2485377330899263,0.2713714513848132,-1.4402046165232865,1.984648234462495,0.24543003248500284,-1.4439156700672382,0.2638894986274314,0.025941418899810387,0.0037110535439517367,0.2651874744756596
774,2.2512061552506326,0.25105442194460226,-1.4510700719362783,1.9870222466268317,0.22599395449569257,-1.4545669533788361,0.2641839086238009,0.02506046744890969,0.0034968814425577754,0.265392902663824
775,2.2536536704645314,0.230709598736231,-1.4619355273492702,1.9891975582223522,0.20646748193779657,-1.4651115524962097,0.26445611224217913,0.024242116798434438,0.0031760251469394873,0.2655838900702581
776,2.255904469340119,0.21011540235267853,-1.4722605046895356,1.9911739517197096,0.18685842513998854,-1.4755594535896255,0.26473051762040933,0.02325697721268999,0.0032989489000898597,0.26577060976053546
777,2.257942517410358,0.1894990646486617,-1.482585482029801,1.9929512294812013,0.1671746274635352,-1.4859204701354887,0.2649912879291567,0.0223244371851265,0.003334988105687664,0.26595090772481106
778,2.2597675974107445,0.16886278341257505,-1.4929104593700664,1.9945292137805317,0.14742396216506348,-1.4962042595945497,0.2652383836302128,0.021438821247511564,0.003293800224483334,0.2661237913587763
779,2.2613795147800664,0.14820875855887763,-1.5032354367103318,1.9959077468205864,0.12761432924735241,-1.5064203401089062,0.26547176795948,0.02059442931152522,0.003184903398574468,0.26628844081532654
780,2.2627780976811462,0.12753919189357282,-1.5135604140505972,1.99708669074921,0.10775365229944407,-1.516578107193738,0.26569140693193627,0.01978553959412875,0.0030176931431409315,0.2664441738271054
781,2.2639696621193877,0.10674345494239507,-1.5235847788816792,1.998065927672992,0.0878498753273104,-1.5266868504077726,0.2659037344463957,0.01889357961508467,0.0031020715260934306,0.2665921720361719
782,2.264952706126437,0.08593681836573361,-1.5336091437127612,1.9988453596690559,0.06791095957636362,-1.536755769993164,0.2661073464573811,0.018025858789369992,0.0031466262804027423,0.26673573566478015
783,2.265727130919103,0.06512137296109319,-1.5436335085438433,1.999424908794852,0.04794488034705368,-1.5467939934810255,0.26630222212425125,0.01717649261403951,0.0031604849371822397,0.2668743038808202
784,2.2662928586777245,0.04429921041115166,-1.5536578733749253,1.9998045170959504,0.02795962380486148,-1.5568105922633153,0.26648834158177404,0.01633958660629018,0.0031527188883899715,0.2670074117433034
785,2.2666498325539877,0.023472423073572973,-1.5636822382060074,1.9999841466118375,0.007963183785935567,-1.5668145981353296,0.2666656859421501,0.015509239287637406,0.0031323599293222593,0.2671346780951613
786,2.2667979451254343,0.0026531612783339265,-1.5736328355218265,1.9999637793797111,-0.012036441400328576,-1.5768150198156834,0.26683416574572316,0.014689602678662502,0.00318218429385686,0.2672571472064931
787,2.266738889692454,-0.018166543606422638,-1.5835834328376457,1.999743417436278,-0.03203125217051633,-1.5868208594525117,0.26699547225617604,0.013864708564093695,0.0032374266148660347,0.2673748179615133
788,2.2664726721023363,-0.038984630147390634,-1.5935340301534648,1.9993230828175483,-0.05201325086691355,-1.5968411291256488,0.26714958928478794,0.013028620719522918,0.0033070989721839528,0.26748754160987737
789,2.2659993187142344,-0.059799037071501956,-1.603484627469284,1.998702817556634,-0.07197444495646654,-1.606884867354864,0.2672965011576005,0.012175407884964587,0.0034002398855799143,0.267595257281477
790,2.2653188763965577,-0.08060770347002053,-1.6134352247851032,1.997882683679544,-0.09190685022768164,-1.6169611556237677,0.2674361927170137,0.01129914675766111,0.0035259308386645927,0.2676980016374831
791,2.2644372577801373,-0.10127156464085042,-1.623536253045348,1.9968627631989828,-0.111802493984214,-1.6270791349278113,0.26757449458115445,0.010530929343363582,0.0035428818824632113,0.2678050832886267
792,2.2633469614431947,-0.12192546654266549,-1.633637281305593,1.9956431581061487,-0.13165341823383273,-1.6372480223527806,0.267703803337046,0.009727951691167233,0.0036107410471875045,0.2679048279074779
793,2.262048098628561,-0.14256730185982933,-1.643738309565838,1.994223990360534,-0.15145168287151517,-1.6474771276873965,0.26782410826802683,0.008884381011685843,0.003738818121558518,0.2679975073698833
794,2.2605408018590847,-0.16319496450785798,-1.653839337826083,1.9926054018777313,-0.1711893688553761,-1.6577758700698915,0.2679353999813534,0.007994404347518136,0.0039365322438085215,0.2680835417367989
795,2.258825224924111,-0.18380634984830363,-1.663940366086328,1.9907875545152398,-0.1908585813741894,-1.668153794663767,0.2680376704088714,0.0070522315258857715,0.004213428577439116,0.26816353165202506
796,2.256925904240657,-0.20413856650852152,-1.6744236705424878,1.9887706300562809,-0.21045145300520013,-1.6786205893521406,0.268155274184376,0.006312886496678605,0.004196918809652894,0.2682624046270976
797,2.254813543010232,-0.22444975513471566,-1.6849069749986476,1.9865548301916196,-0.22996014686099078,-1.689186101433152,0.26825871281861224,0.005510391726275127,0.004279126434504343,0.2683494221031939
798,2.2524883733785175,-0.2447376835543546,-1.6953902794548075,1.984140376499396,-0.24937685972413318,-1.699860354290574,0.2683479968791216,0.004639176169778575,0.004470074835766447,0.2684253172739275
799,2.2499506508785543,-0.26500012215117263,-1.7058735839109673,1.981527510422967,-0.2686938251683646,-1.7106535640039524,0.26842314045558724,0.0036937030171919627,0.004779980092985081,0.2684911059676064
800,2.247200654402659,-0.28523484411020145,-1.7163568883671272,1.9787164932467636,-0.2879033166650653,-1.7215761558510787,0.26848416115589546,0.0026684725548638544,0.005219267483951517,0.2685481452001297
801,2.244293529837067,-0.30506551487184186,-1.727472320480884,1.9757076060701602,-0.30699765067375967,-1.7326387806421168,0.2685859237669068,0.0019321358019178114,0.0051664601612329,0.26864255788142977
802,2.241166162925764,-0.3248626472979923,-1.7385877525946407,1.9725011497793674,-0.325969189715432,-1.7438523308090974,0.2686650131463968,0.001106542417439682,0.005264578214456694,0.2687188670504014
803,2.237818940059808,-0.3446237954220783,-1.7497031847083975,1.9690974450173422,-0.344810345427416,-1.7552279561563868,0.2687214950424659,0.0001865500053376823,0.005524771447989352,0.2687783469670037
804,2.234252274793802,-0.3643465177234422,-1.7608186168221542,1.9654968321517237,-0.3635135815986424,-1.7667770791568955,0.2687554426420784,-0.000832936124799788,0.005958462334741288,0.26882277620343487
805,2.2304666077947997,-0.38402837742899626,-1.771934048935911,1.961699671240799,-0.3820714171840091,-1.7785114096548387,0.26876693655400063,-0.0019569602449871493,0.006577360718927672,0.2688545286061768
806,2.2265580487182035,-0.4031978678853965,-1.7839597895872157,1.9577063419974947,-0.4004764292967199,-1.7904429588085071,0.2688517067207088,-0.002721438588676628,0.0064831692212914405,0.26894363334680715
807,2.222419250498786,-0.4223189700427569,-1.7959855302385204,1.9535172437514072,-0.41872125617732653,-1.80258405207521,0.26890200674737885,-0.0035977138654303964,0.006598521836689741,0.26900701341833855
808,2.218050811675869,-0.4413889186704721,-1.808011270889825,1.94913279540887,-0.43679860013833777,-1.814947341005158,0.26891801626699907,-0.004590318532134319,0.006936070115332926,0.26904661225491994
809,2.2134533639986382,-0.460404955935591,-1.8200370115411297,1.944553435411064,-0.45470123048319755,-1.8275458135709115,0.26889992858757417,-0.005703725452393449,0.007508802029781769,0.2690652080562651
810,2.2086275723347844,-0.47936433180164584,-1.8320627521924344,1.9397796216901726,-0.4724219863984661,-1.8403928027138892,0.26884795064461176,-0.006942345403179728,0.008330050521454746,0.2690665465404323
811,2.203717619726121,-0.4977276666820915,-1.8453148002470356,1.9348118316235898,-0.4899537798180512,-1.8535019927388603,0.26890578810253096,-0.007773886864040291,0.008187192491824646,0.26914268764526444
812,2.198564753572611,-0.5160243241078272,-1.8585668483016369,1.9296505619861817,-0.5072895982583422,-1.8668874231310342,0.2689141915864295,-0.008734725849484981,0.008320574829397298,0.26918463893346545
813,2.193169878790761,-0.5342510909258581,-1.871818896356238,1.9242963289006125,-0.5244225076230977,-1.8805634893080148,0.26887354989014867,-0.009828583302760374,0.008744592951776653,0.2691951982970012
814,2.1875339427972307,-0.5524047662569733,-1.8850709444108393,1.9187496677857283,-0.541345654977011,-1.894544939750472,0.26878427501150237,-0.011059111279962286,0.009473995339632557,0.26917846686437774
815,2.1816579353424532,-0.5704821620578654,-1.8983229924654406,1.9130111333030182,-0.5580522712867794,-1.9088468688807356,0.26864680203943503,-0.012429890771086027,0.010523876415295064,0.2691400349360922
816,2.1757352066301836,-0.5879140682255353,-1.913161539785757,1.9070812993011486,-0.5745356741286307,-1.9234847049782011,0.26865390732903505,-0.013378394096904556,0.010323165192444028,0.2691848270080621
817,2.1695544752740807,-0.6052561738630083,-1.9280000871060736,1.9009607587585777,-0.5907892703612041,-1.9384741923347701,0.268593716515503,-0.01446690350180424,0.010474105228696517,0.26918689182217387
818,2.1631171021379734,-0.6225046606124051,-1.9428386344263902,1.89465012372426,-0.6068065587627183,-1.9538313667637117,0.2684669784137135,-0.015698101849686785,0.010992732337321565,0.26915012365687746
819,2.1564245045926786,-0.639655730728707,-1.9576771817467067,1.8881500252564394,-0.6225811326313736,-1.9695725234828305,0.26827447933623927,-0.01707459809733336,0.011895341736123832,0.2690803547610544
820,2.1494781562039273,-0.6567056079159387,-1.9725157290670232,1.8814611133595462,-0.6381066823479474,-1.9857141762998443,0.2680170428443811,-0.018598925567991254,0.013198447232821042,0.2689856023966488
821,2.1425108314634707,-0.6731062034579357,-1.9893433193452679,1.8745840569191952,-0.6533769978995605,-2.0022730069375108,0.2679267745442755,-0.019729205558375207,0.012929687592242889,0.2689631478305098
822,2.1352685236833353,-0.6893872392415995,-2.0061709096235125,1.8675195436353014,-0.6683859713635882,-2.019265803252276,0.26774898004803394,-0.021001267878011265,0.013094893628763593,0.268890397389708
823,2.1277532836034503,-0.7055441051107227,-2.022998499901757,1.8602682799533052,-0.6831275993507646,-2.036709385028378,0.26748500365014505,-0.022416505759958127,0.013710885126620997,0.26877260887069526
824,2.119967239247558,-0.7215722260691891,-2.039826090180002,1.8528309909935323,-0.6975959854064473,-2.0546205159757753,0.2671362482540258,-0.023976240662741843,0.014794425795773503,0.2686177773010954
825,2.111912595320642,-0.7374670635764348,-2.0566536804582465,1.8452084204786805,-0.711785342369123,-2.073015800533438,0.2667041748419614,-0.025681721207311714,0.016362120075191555,0.26843693236150756
826,2.1038327841541715,-0.7527674583611437,-2.075895303982453,1.8374013306594494,-0.7256899946851959,-2.091911564088844,0.2664314534947221,-0.027077463675947766,0.016016260106391123,0.2682823681091027
827,2.095460082406668,-0.7679095617322448,-2.0951369275066596,1.8294105022383151,-0.7393043806791324,-2.1113237152817104,0.2660495801683527,-0.028605181053112383,0.01618678777505078,0.26807209401448817
828,2.0867975898922193,-0.7828877676492058,-2.114378551030866,1.8212367342914608,-0.7526230547780576,-2.1312675891780724,0.2655608556007585,-0.03026471287114818,0.016889038147206215,0.2678129206780691
829,2.0778485137137594,-0.797696530751028,-2.1336201745550727,1.812880844188868,-0.765640689689914,-2.1517577702945823,0.2649676695248915,-0.03205584106111403,0.01813759573950957,0.2675152616558491
830,2.0686161670757066,-0.8123303684092978,-2.1528617980792792,1.8043436675125866,-0.7783520785342984,-2.172807894737887,0.26427249956312004,-0.0339782898749994,0.019946096658607804,0.2671934224117115
831,2.059293900541676,-0.8264952661796628,-2.174910825736662,1.7956260579731689,-0.7907521369251587,-2.1944304311165266,0.2636678425685073,-0.03574312925450418,0.019519605379864746,0.26679452297193246
832,2.0496616030537136,-0.8404511906305828,-2.1969598533940444,1.786728887324304,-0.8028359050044701,-2.216636440398034,0.2629327157294097,-0.037615285626112716,0.019676587003989443,0.26633755046876545
833,2.0397239572561974,-0.8541913572299916,-2.219008881051427,1.777653045275642,-0.8145985494261158,-2.2394353155356597,0.2620709119805553,-0.03959280780387586,0.020426434484232647,0.2658307592470316
834,2.029485794235511,-0.8677090863343286,-2.2410579087088096,1.7683994394038254,-0.8260353652891601,-2.262834502486271,0.2610863548316855,-0.04167372104516853,0.02177659377746144,0.26528664448402955
835,2.018952091171457,-0.8809978064357807,-2.263106936366192,1.7589689950617298,-0.8371417780197469,-2.2868392051869093,0.25998309610972736,-0.043856028416033865,0.023732268820717106,0.26472208459931423
836,2.008156273298707,-0.8940169239483146,-2.2882173707491336,1.7493626552859305,-0.8479133452008673,-2.311452078146046,0.25879361801277634,-0.046103578747447305,0.02323470739691258,0.2638930243967904
837,1.997036977469909,-0.9067608779900727,-2.313327805132075,1.739581380702398,-0.8583457583492696,-2.3366729115189178,0.25745559676751095,-0.04841511964080303,0.02334510638684284,0.26300646780822995
838,1.9856012144098072,-0.919221633488034,-2.3384382395150163,1.7296261494304437,-0.868434844638788,-2.3624983148415106,0.2559750649793635,-0.050786788849246034,0.024060075326494346,0.26207140064784606
839,1.9738561943759823,-0.9313913339260814,-2.3635486738979576,1.7194979569848965,-0.8781765685694278,-2.3889214069446996,0.25435823739108576,-0.05321476535665359,0.025372733046741924,0.2611009378821242
840,1.9618093226127795,-0.9432623062985416,-2.388659108280899,1.709197816176561,-0.8875670335815046,-2.4159315208889622,0.25261150643621844,-0.055695272717037,0.027272412608063235,0.26011213173642095
841,1.949163049474536,-0.955113014769378,-2.416777009273401,1.6987267570109346,-0.8966024836142181,-2.443513933963093,0.25043629246360144,-0.05851053115515992,0.02673692468969202,0.2585665909989837
842,1.9361886020407244,-0.9666034990644405,-2.4448949102659028,1.6880858265852081,-0.9052793046080264,-2.471649633771164,0.2481027754555163,-0.06132419445641413,0.026754723505261424,0.2569658717501245
843,1.9228962374458842,-0.9777246752174225,-2.4730128112584047,1.6772760889835565,-0.9135940259502211,-2.5003151320731636,0.24562014846232771,-0.06413064926720136,0.027302320814758918,0.255318260662963
844,1.9092964641585022,-0.9884677512238383,-2.5011307122509066,1.666298625170732,-0.921543321863127,-2.52948233822374,0.24299783898777028,-0.0669244293607113,0.02835162597283336,0.25363486292954013
845,1.8954000336733934,-0.9988242339916681,-2.5292486132434084,1.655154532883968,-0.9291240127343685,-2.559118503655017,0.2402455007894253,-0.06970022125729958,0.02986989041160859,0.25192902144469137
846,1.8803701475346928,-1.0093814314609988,-2.5598238078924918,1.6438449265232045,-0.9363330663886721,-2.5891862477784504,0.23652522101148832,-0.0730483650723267,0.029362439885958658,0.24928376740239197
847,1.865024548059881,-1.0194742245584225,-2.590399002541575,1.6323709370396566,-0.9431675993006936,-2.619643673878287,0.23265361102022442,-0.07630662525772891,0.029244671336711825,0.24658802602836508
848,1.8493775798504146,-1.029093178846738,-2.6209741971906584,1.6207337118227096,-0.949624877748395,-2.6504445810272683,0.22864386802770498,-0.07946830109834291,0.029470383836609937,0.24384776560305937
849,1.8334438692181128,-1.0382293028189058,-2.6515493918397417,1.6089344145851874,-0.9557023189064935,-2.6815387748284367,0.22450945463292538,-0.08252698391241231,0.029989382988695024,0.2410696193743537
850,1.8172383105129237,-1.0468740563030383,-2.682124586488825,1.5969742252469805,-0.9613974918795568,-2.712872476001037,0.2202640852659432,-0.0854765644234815,0.03074788951221219,0.23826024224183834
851,1.7992564461760183,-1.0557712388964469,-2.714024259625825,1.5848543398170567,-0.9667081186743309,-2.7443888216776147,0.21440210635896162,-0.08906312022211593,0.030364562051789612,0.23414207059701073
852,1.780999961054163,-1.064090376719971,-2.745923932762825,1.5725759702738584,-0.9716320751109048,-2.7760284500182753,0.2084239907803045,-0.0924583016090662,0.03010451725545016,0.22998995505979214
853,1.7624874311731555,-1.0718230050270947,-2.777823605899825,1.5601403444441087,-0.976167391672356,-2.807730154671101,0.2023470867290469,-0.09565561335473871,0.029906548771275965,0.22580686777290987
854,1.743737693085069,-1.0789612558464114,-2.809723279036825,1.5475487058800246,-0.9803122542925307,-2.8394315920225517,0.1961889872050444,-0.09864900155388079,0.029708312985726515,0.2215949639964242
855,1.7247698247020047,-1.0854978659873078,-2.841622952173825,1.5348023137349744,-0.9840650050816433,-2.8710700213760587,0.18996751096703024,-0.1014328609056645,0.0294470692022335,0.2173554930962587
856,1.7035888047716328,-1.092049220098322,-2.8732963181701288,1.5219024426375487,-0.9874241429894152,-2.9025830564067965,0.18168636213408407,-0.1046250771089069,0.02928673823666772,0.21169330169399633
857,1.6822109396314453,-1.0979265262862519,-2.9049696841664323,1.5088503825641069,-0.9903883244054711,-2.9339094056196564,0.17336055706733844,-0.10753820188078078,0.0289397214532241,0.2060481863260137
858,1.6606576738080778,-1.1031238889180082,-2.936643050162736,1.4956474387097796,-0.9929563636967662,-2.9649895801409523,0.16501023509829826,-0.11016752522124196,0.028346529978216406,0.2004215234508873
859,1.6389506277757917,-1.1076360944242913,-2.9683164161590394,1.4822949313579503,-0.9951272336818244,-2.9957665489487293,0.15665569641784138,-0.11250886074246691,0.027450132789689885,0.1948146831116646
860,1.6171115762685822,-1.111458616529417,-2.999989782155343,1.4687941957482267,-0.9969000660415961,-3.0261863244390357,0.14831738052035548,-0.11455855048782082,0.026196542283692725,0.1892299280819813
861,1.593274953948855,-1.1148566931479265,-3.0298850284169236,1.4551465819429195,-0.9982741516667748,-3.0561984648014353,0.13812837200593564,-0.11658254148115166,0.026313436384511668,0.1826563250084057
862,1.5693474113311305,-1.1175407558512835,-3.0597802746785043,1.4413534546920337,-0.9992489409414315,-3.085756483749059,0.12799395663909685,-0.11829181490985208,0.025976209070554646,0.17621058381514682
863,1.5453503314837365,-1.1195084060021896,-3.089675520940085,1.4274161932968048,-0.999824043962853,-3.1148181624090387,0.11793413818693166,-0.11968436203933663,0.02514264146895373,0.16989690958547082
864,1.5213051596175844,-1.120757885192007,-3.1195707672016657,1.413336191471756,-0.999999230697499,3.139839544846084,0.10796896814582846,-0.12075865449450807,0.023774995131836008,0.1637229400887906
865,1.497233383921461,-1.1212880768121765,3.13371929371634,1.399114857205336,-0.999774431073011,3.111879164795771,0.09811852671612509,-0.12151364573916545,0.02184012892056897,0.15770162528342385
866,1.4721499985283375,-1.1210905822112316,3.106725616239444,1.3847536126191209,-0.9991497350062423,3.084514521703087,0.08739638590921661,-0.12194084720498932,0.022211094536356946,0.15166090863359039
867,1.447081081651015,-1.1202161489689166,3.079731938762548,1.3702538938256013,-0.9981253923672896,3.057769563448156,0.07682718782541365,-0.12209075660162705,0.021962375314391824,0.14591406911661853
868,1.4220448988628094,-1.1186654142098658,3.052738261285652,1.3556171507845733,-0.9967018128795511,3.0316637948036833,0.06642774807823604,-0.1219636013303147,0.021074466481968646,0.14047027764514866
869,1.3970596918865084,-1.1164395078217233,3.025744583808756,1.3408448471581444,-0.9948795659558413,3.006212463340424,0.05621484472836391,-0.12155994186588204,0.01953212046833208,0.13534560193911038
870,1.3721436653031902,-1.113540051631891,2.99875090633186,1.325938460164364,-0.9926593804706327,2.9814267933001624,0.0462052051388262,-0.12088067116125822,0.017324113031697674,0.13056485949386343
871,1.3474281311271328,-1.1099854327271719,2.9751766242125024,1.3108994804295147,-0.9900421444685181,2.957314255765872,0.036528650697618126,-0.11994328825865375,0.017862368446630583,0.12664832776870877
872,1.3228032542496497,-1.1058492045015471,2.9516023420931448,1.295729411839035,-0.987028904809002,2.9338788640941087,0.027073842410614724,-0.11882029969254515,0.017723477999036064,0.1231477902127495
873,1.2982827192329307,-1.1011336655440682,2.928028059973787,1.2804297713871424,-0.9836208667477723,2.9111214845518916,0.01785294784578828,-0.11751279879629595,0.016906575421895553,0.12005756086236057
874,1.2738801526541974,-1.095841436378949,2.9044537778544295,1.2650020890251326,-0.9798193934546138,2.8890401533006966,0.008878063629064847,-0.11602204292433527,0.015413624553732852,0.11737765664734262
875,1.2496091155331288,-1.0899754580092853,2.880879495735072,1.2494479075083849,-0.9756260054681576,2.867630392188506,0.0001612080247439529,-0.11434945254112772,0.013249103546566054,0.11511456045727009
876,1.22623648599944,-1.0837399837239738,2.860736257607501,1.2337687822420895,-0.9710423800876875,2.8468855171578986,-0.0075322962426496165,-0.11269760363628634,0.013850740449602217,0.11379511572581126
877,1.2029941921777942,-1.0770350058127394,2.84059301947993,1.217966281125707,-0.9660703507022413,2.826796934384504,-0.014972088947912798,-0.11096465511049802,0.013796085095425958,0.112816887455807
878,1.1798916643110258,-1.0698632447286658,2.820449781352359,1.2020419843961807,-0.9607119060572806,2.807354420475193,-0.02215032008515494,-0.10915133867138516,0.013095360877165785,0.11214338986375186
879,1.1569382759338436,-1.0622276103157249,2.800306543224788,1.1859974844699102,-0.9549691894592174,2.7885463841460103,-0.029059208536066583,-0.1072584208565075,0.011760159078777477,0.11174572827152025
880,1.134143340069649,-1.0541312006281474,2.7801633050972168,1.1698343857835234,-0.9488444979181241,2.7703601077480107,-0.03569104571387438,-0.10528670271002327,0.009803197349206094,0.11160306084497043
881,1.112221533562345,-1.045843977604301,2.7631691687738784,1.153554304633417,-0.9423402812289547,2.7527819678085708,-0.041332771071071805,-0.10350369637534618,0.010387200965307652,0.1119343873511048
882,1.0904437199141268,-1.037185426992673,2.74617503245054,1.1371588690141392,-0.9354591409916634,2.735797634409647,-0.0467151491000124,-0.10172628600100964,0.010377398040893215,0.11241989507687121
883,1.0688161884207885,-1.0281580493282954,2.7291808961272017,1.1206497184555895,-0.9282038295705979,2.7193922497417313,-0.051833530034800956,-0.09995421975769747,0.00978864638547039,0.11301937215052327
884,1.047345184977582,-1.0187644516611363,2.7121867598038634,1.1040285038590658,-0.9205772489935901,2.703550586566602,-0.0566833188814837,-0.09818720266754621,0.008636173237261513,0.11370272158256263
885,1.0260369102754414,-1.0090073468032004,2.695192623480525,1.0872968873321767,-0.9125824497911844,2.688257187608608,-0.06125997705673525,-0.09642489701201595,0.006935435871917139,0.11444931552221309
886,1.0051828252780795,-0.9990261070968869,2.6809537664632623,1.0704565420226324,-0.9042226297764663,2.6734964870893,-0.06527371674455296,-0.0948034773204206,0.007457279373962233,0.11534282996941318
887,0.9844729709189229,-0.988748950896137,2.6667149094459996,1.0535091519509268,-0.8955011327659768,2.6592529157394935,-0.06903618103200382,-0.09324781813016025,0.0074619937065061315,0.11626190789590107
888,0.9639115459474715,-0.9781779618082861,2.652476052428737,1.0364564118419504,-0.8864214472422383,2.6455109906809953,-0.07254486589447884,-0.09175651456604783,0.0069650617477416965,0.11717733406297962
889,0.94350271902041,-0.9673152830128261,2.6382371954114743,1.0193000269555008,-0.8769872049583982,2.632255391580335,-0.07579730793509076,-0.09032807805442788,0.005981803831139221,0.11806852058143197
890,0.9232506278564477,-0.9561631168268939,2.6239983383942116,1.0020417129157693,-0.8672021794855813,2.619471024450662,-0.07879108505932153,-0.08896093734131261,0.004527313943549771,0.11892257997963905
891,0.9030171376441709,-0.9446427363730218,2.6121155249818675,0.9846831955397783,-0.8570702847035119,2.607143074424953,-0.08166605789560744,-0.08757245166950989,0.004972450556914421,0.11984575323372251
892,0.8829219672219688,-0.9328827441249412,2.6002327115695234,0.9672262106648,-0.8465955732350124,2.5952570487522775,-0.08430424344283116,-0.08628717088992877,0.004975662817245929,0.1207370636678184
893,0.8629679540197287,-0.9208848005887728,2.5883498981571793,0.9496725039747743,-0.8357822348250097,2.5837988111854746,-0.08670454995504562,-0.08510256576376307,0.004551086971704699,0.12157647007174802
894,0.8431579155359957,-0.9086505998692619,2.576467084744835,0.9320238308257422,-0.8246345946646914,2.572754608838554,-0.08886591528974652,-0.08401600520457053,0.0037124759062812096,0.12235040869638951
895,0.8234946489401435,-0.8961818694305723,2.564584271332491,0.9142819560703085,-0.8131571116614865,2.562111092499413,-0.09078730713016503,-0.0830247577690858,0.0024731788330782933,0.12305105506293992
896,0.8035576480164714,-0.8832048547266994,2.5546998867380837,0.8964486538811698,-0.8013543766555692,2.5518553312912466,-0.09289100586469834,-0.08185047807113022,0.002844555446837038,0.12383994196832505
897,0.7837498887334677,-0.8700314121758089,2.5448155021436762,0.8785257075736812,-0.7892311105835723,2.5419748224863588,-0.09477581884021347,-0.08080030159223661,0.002840679657317491,0.12457613750291367
898,0.7640733063144307,-0.8566628288267073,2.534931117549269,0.8605149094275374,-0.7767921625902832,2.532457497190761,-0.09644160311310668,-0.07987066623642414,0.0024736203585078442,0.12524545873505463
899,0.7445298231666447,-0.8431004107935084,2.5250467329548614,0.8424180605075443,-0.7640425080890486,2.523291722537723,-0.09788823734089958,-0.07905790270445978,0.0017550104171384362,0.12583854358383356
900,0.7251213486935602,-0.8293454831280259,2.515162348360454,0.8242369704835132,-0.750987246771676,2.5144663009541306,-0.09911562178995303,-0.07835823635634986,0.0006960474063233413,0.12635032318786704
901,0.7052895318302979,-0.8149939602907078,2.5069746619648807,0.8059734574492955,-0.7376316005686248,2.505970466995288,-0.10068392561899764,-0.07736235972208305,0.0010041949695929198,0.12697714750047656
902,0.6855758841634582,-0.800480543617996,2.4987869755693075,0.7876293477409753,-0.7239809115603028,2.4977938821817167,-0.1020534635775171,-0.07649963205769328,0.0009930933875907932,0.12754642044215328
903,0.6659817272532811,-0.7858062060579084,2.4905992891737343,0.7692064757542365,-0.710040639840307,2.489926628215464,-0.10322474850095542,-0.07576556621760144,0.0006726609582701215,0.12804773406868247
904,0.6465083746496049,-0.7709719313462503,2.482411602778161,0.7507066837609222,-0.6958163613314545,2.482359198903139,-0.10419830911131733,-0.07515557001479578,5.2403875022033475e-05,0.12847431677994098
905,0.6271571318038089,-0.7559787139406675,2.474223916382588,0.732131821724822,-0.6813137655554999,2.475082491068045,-0.10497468992101311,-0.07466494838516757,-0.0008585746854570253,0.12882265791336203
906,0.6073304465349251,-0.7403556774141403,2.4674866493796057,0.7134837471166572,-0.6665386533573856,2.4680877946939646,-0.10615330058173211,-0.07381702405675472,-0.0006011453143588419,0.12929747731754107
907,0.5876094670107606,-0.7245994187951641,2.4607493823766236,0.6947643247283485,-0.6514969345849919,2.4613667825080277,-0.10715485771758793,-0.07310248421017218,-0.0006174001314041,0.12971706870376482
908,0.5679950883783095,-0.7087106532696921,2.4540121153736414,0.6759754264865352,-0.6361946257252741,2.454911499179146,-0.10798033810822572,-0.072516027544418,-0.0008993838055046943,0.13007358133002694
909,0.5484882009458881,-0.692690102038245,2.4472748483706592,0.6571189312653843,-0.6206378474977482,2.448714350281457,-0.10863073031949622,-0.0720522545404968,-0.0014395019107977802,0.13036193892339454
910,0.5290896901427231,-0.676538492283175,2.440537581367677,0.6381967246987043,-0.6048328224062841,2.4427680911485643,-0.10910703455598114,-0.07170566987689087,-0.0022305097808872354,0.13057956676286053
911,0.5092232149301092,-0.659769328133198,2.4350539617628697,0.619210698991383,-0.5887858722501876,2.4370658157238534,-0.10998748406127379,-0.07098345588301036,-0.0020118539609836894,0.13091961356337928
912,0.4894489936664729,-0.6428914764606946,2.4295703421580623,0.6001627527301665,-0.5725034155955617,2.431600945494345,-0.11071375906369363,-0.07038806086513283,-0.002030603336282688,0.1312102850704798
913,0.4697676209628178,-0.62590544478281,2.424086722553255,0.5810547906938144,-0.5559919652079778,2.426367218580206,-0.11128716973099656,-0.06991347957483218,-0.0022804960269509067,0.13144553790496294
914,0.4501796886381909,-0.6088117438696632,2.4186031029484476,0.5618887236626036,-0.5392581254474379,2.4213586790388097,-0.11170903502441265,-0.0695536184222253,-0.002755576090362144,0.13162145547478096
915,0.43068578570188604,-0.5916108877289881,2.4131194833436402,0.5426664682272655,-0.5223085896267315,2.4165696664309295,-0.11198068252537946,-0.06930229810225652,-0.0034501830872892825,0.1317360449703864
916,0.41076747742713154,-0.5738403378524056,2.4087349608209268,0.5233899465973252,-0.5051501373341961,2.4119948056869718,-0.11262246917019364,-0.06869020051820951,-0.003259844866045025,0.13195753406976704
917,0.3909272757337592,-0.5559826267949783,2.4043504382982133,0.504061086408882,-0.48778963172197237,2.4076289973029317,-0.11313381067512285,-0.06819299507300597,-0.0032785590047184066,0.1321374006254436
918,0.3711655620299444,-0.5380380978534677,2.3999659157755,0.48468182053184755,-0.470234016760835,2.4034674078887996,-0.11351625850190317,-0.0678040810926327,-0.0035014921132998644,0.13227091442984248
919,0.35148271621500876,-0.5200070959936228,2.3955813932527863,0.46525408687666003,-0.4524903144626965,2.3995054610862865,-0.11377137066165127,-0.06751678153092633,-0.003924067833500189,0.13235497300399252
920,0.33187911667211717,-0.501889967843549,2.391196870730073,0.44577982820049183,-0.43456562207189353,2.395738828867818,-0.11390071152837467,-0.06732434577165547,-0.004541958137745272,0.13238794886233596
921,0.3119171179500882,-0.48327867771586097,2.3877922768999675,0.426260991912989,-0.416467109226396,2.3921634232246705,-0.1143438739629008,-0.06681156848946496,-0.004371146324702924,0.13250439282174073
922,0.29201859868142555,-0.4645995330858217,2.3843876830698623,0.40669952988151115,-0.3982020150900286,2.388775388248735,-0.1146809312000856,-0.06639751799579308,-0.004387705178872547,0.13258807764522848
923,0.2721837895147999,-0.44585275046802814,2.380983089239757,0.38709739823596034,-0.3797776454569147,2.385571092609647,-0.11491360872116047,-0.06607510501111341,-0.004588003369890181,0.13263523945947306
924,0.25241292036040236,-0.4270385471610859,2.3775784954096517,0.367456557173166,-0.3612013698292525,2.382547122426782,-0.11504363681276364,-0.06583717733183342,-0.004968627017130078,0.13264335469432947
925,0.23270622038727953,-0.4081571412450905,2.3741739015795464,0.3477789707608671,-0.3424806184696126,2.379700274533819,-0.11507275037358758,-0.06567652277547792,-0.005526372954272496,0.13261102639090605
926,0.21272157018628032,-0.3888784980249904,2.371659721522601,0.328066606741307,-0.3236228794289322,2.377027550132213,-0.11534503655502668,-0.06525561859605822,-0.0053678286096121575,0.1326332793842361
927,0.19278545307699263,-0.3695496707799407,2.3691455414656555,0.30832143633446063,-0.3046356955513944,2.3745261488288225,-0.115535983257468,-0.0649139752285463,-0.005380607363167034,0.13263234350202374
928,0.17289799507756703,-0.3501707816893532,2.36663136140871,0.28854543404091454,-0.2855266614573912,2.3721934630521706,-0.1156474389633475,-0.06464412023196203,-0.005562101643460604,0.13260516352705778
929,0.15305932189857507,-0.33074195324908556,2.3641171813517645,0.2687405774444146,-0.26630342050577305,2.370027072841291,-0.11568125554583952,-0.06443853274331252,-0.005909891489526586,0.13254962921181923
930,0.13326955894221468,-0.3112633082706669,2.361603001294819,0.2489088470141234,-0.2469736617366209,2.3680247410007484,-0.11563928807190874,-0.06428964653404601,-0.006421739705929408,0.13246449463196233
931,0.11329189803835304,-0.2915005857674751,2.3599149118215887,0.22905222590655416,-0.22754511679571235,2.366184408615277,-0.11576032786820112,-0.06395546897176277,-0.006269496793688045,0.13240114089235633
932,0.09334762682709148,-0.2717041673596043,2.3582268223483585,0.20917269976727051,-0.20802555684197999,2.36450419091746,-0.11582507294017903,-0.0636786105176243,-0.006277368569101327,0.13232467009294005
933,0.07343680214253057,-0.2518741094598269,2.356538732875128,0.1892722565323201,-0.1884227894391479,2.3629823735019793,-0.11583545438978954,-0.06345132002067902,-0.006443640626851099,0.13223253385828937
934,0.05355948072346012,-0.23201046857677612,2.354850643401898,0.16935288622944283,-0.16874465543281053,2.361617408880159,-0.11579340550598272,-0.0632658131439656,-0.00676676547826105,0.13212291620486546
935,0.03371571921319755,-0.21211330131478465,2.3531625539286676,0.14941658077906955,-0.1489990258141988,2.3604079133688436,-0.115700861565872,-0.06311427550058585,-0.0072453594401760135,0.13199468312195867
936,0.013780707426330384,-0.19205703815964995,2.3522581787957897,0.12946533379513178,-0.12919379857188856,2.3593526643079974,-0.11568462636880139,-0.06286323958776138,-0.007094485512207704,0.13185238486368153
937,-0.00613615782498686,-0.1719827544799911,2.351353803662912,0.10950114038569836,-0.10933689553270708,2.3584505976018466,-0.11563729821068522,-0.06264585894728401,-0.007096793938934809,0.1317074518200153
938,-0.026034860250863122,-0.15189046669445078,2.350449428530034,0.08952599695348055,-0.08943625919312186,2.3577008055788626,-0.11556085720434367,-0.06245420750132892,-0.007251377048828722,0.13155767640668498
939,-0.04591538357626261,-0.13178019123639717,2.349545053397156,0.06954190099617216,-0.06949984954232696,2.357102535166389,-0.11545728457243477,-0.06228034169407021,-0.007557481769232766,0.13140144996560202
940,-0.06577771154101811,-0.11165194455391045,2.348640678264278,0.04955085090671553,-0.04953564087836742,2.3566551863762744,-0.11532856244773364,-0.06211630367554303,-0.008014508111996221,0.13123774167079502
941,-0.08562995555208003,-0.09149749173106099,2.3484974535700465,0.029554845773460472,-0.029551618618522946,2.356358311098441,-0.1151848013255405,-0.06194587311253805,-0.007860857528394494,0.13102145905599058
942,-0.1054793127441912,-0.07134019578336026,2.348354228875815,0.009555885180257023,-0.009555776105247387,2.3562116121999095,-0.11503519792444822,-0.06178441967811287,-0.007857383324094691,0.13081341578439085
943,-0.12532578271017555,-0.05118005712430118,2.348211004181583,-0.010444030993501241,0.010443888591061618,2.3562149429274206,-0.11488175171667431,-0.061623945715362796,-0.008003938745837491,0.13061160208216074
944,-0.14516936504291625,-0.031017076167434977,2.3480677794873515,-0.030442902772863486,0.030439375871184192,2.3563683066123997,-0.11472646227005276,-0.06145645203861917,-0.008300527125048252,0.13041455207426278
945,-0.16501005933535567,-0.010851253326371192,2.34792455479312,-0.050438730287320994,0.05042268780681477,2.3566718566776563,-0.11457132904803469,-0.06127394113318596,-0.00874730188453654,0.1302213522894206
946,-0.1847358728091846,0.009203550785154852,2.348538607718755,-0.07042951397077836,0.07038583133961263,2.3571258969458246,-0.11430635883840624,-0.06118228055445778,-0.00858728922706975,0.12993443216102582
947,-0.20447399727446003,0.02924623842302588,2.34915266064439,-0.09041325476152971,0.09032082147833986,2.3577308822501957,-0.11406074251293032,-0.061074583055313984,-0.00857822160580568,0.1296670488747999
948,-0.22422442528870534,0.049276802029926375,2.349766713570025,-0.11038795430214902,0.11021968449273731,2.3584874193492102,-0.11383647098655632,-0.06094288246281093,-0.008720705779185156,0.12941726221349367
949,-0.24398714940480473,0.06929523405311233,2.35038076649566,-0.1303516151393278,0.1300744611029139,2.359396268146511,-0.11363553426547693,-0.06077922704980157,-0.009015501650850855,0.12918370004992197
950,-0.263762162171006,0.08930152694441407,2.3509948194212953,-0.1503022409236186,0.14987720966295232,2.3604583432190505,-0.11345992124738741,-0.06057568271853825,-0.009463523797755169,0.12896559754039463
951,-0.2833148127759986,0.10905857689248061,2.3523808012514587,-0.17023783660906852,0.16962000933746174,2.3616747156563527,-0.1130769761669301,-0.060561432444981134,-0.009293914404894021,0.128609744902204
952,-0.30289482750468366,0.12878850825464686,2.353766783081622,-0.1901564086527219,0.18929496326980613,2.3630466152146,-0.11273841885196176,-0.06050645501515928,-0.009279832132977894,0.12828521921156041
953,-0.3225021687449233,0.1484912831307934,2.3551527649117854,-0.21005596521397318,0.2088942017407418,2.364575432789753,-0.11244620353095014,-0.0604029186099484,-0.009422667877967417,0.12799003060810007
954,-0.34213679883208714,0.16816686367296693,2.3565387467419487,-0.22993451635375262,0.22840988531620351,2.366262723214435,-0.11220228247833453,-0.06024302164323658,-0.009723976472486129,0.12772286235632566
955,-0.36179868004912413,0.18781521208545296,2.357924728572112,-0.24979007423350463,0.2478342079829598,2.3681102083837824,-0.1120086058156195,-0.06001899589750684,-0.010185479811670284,0.12748314258872706
956,-0.38112850328277315,0.2070782603849546,2.360116590568228,-0.269620653313991,0.267159400270935,2.3701197807158785,-0.11150784996878216,-0.06008113988598038,-0.010003190147650276,0.12705828500255
957,-0.40050050199339154,0.22629889414112536,2.3623084525643443,-0.2894242705538291,0.28637773236087966,2.3722935069527646,-0.11107623143956247,-0.060078838219754294,-0.009985054388420345,0.12667713804704606
958,-0.41991458311291724,0.24547702101309926,2.3645003145604604,-0.30919894560779787,0.30548151717619876,2.3746336323082975,-0.11071563750511937,-0.0600044961630995,-0.0101333177478371,0.12633754816574147
959,-0.4393706533711134,0.26461254886422436,2.3666921765565765,-0.32894270102487083,0.3244631134576801,2.3771425849693415,-0.11042795234624259,-0.059850564593455724,-0.010450408412765011,0.12603822347816962
960,-0.4588686192960167,0.28370538576250537,2.3688840385526926,-0.3486535624459593,0.3433149288198954,2.379822980956867,-0.11021505685005739,-0.059609543057390024,-0.01093894240417459,0.12577884099042283
961,-0.4779228526866923,0.3022820741193739,2.371936787634725,-0.3683295588013468,0.36202942278805417,2.3826776293535232,-0.1095932938853455,-0.059747348668680256,-0.01074084171879841,0.1252828855766215
962,-0.4970337071718438,0.3208005082125125,2.374989536716757,-0.38796872250779796,0.38059910981409556,2.3857095379040607,-0.10906498466404585,-0.05979860160158307,-0.010720001187303652,0.12484375057939105
963,-0.5162010046522636,0.339260515463639,2.3780422857987893,-0.40756908966530103,0.3990165622707952,2.388921918994649,-0.10863191498696256,-0.05975604680715618,-0.010879633195859828,0.1244590073165866
964,-0.5354245665027367,0.35766192383896683,2.3810950348808215,-0.4271287002534774,0.4172744134227364,2.39231819601659,-0.10829586624925935,-0.05961248958376958,-0.011223161135768489,0.12412736566499723
965,-0.5547042135737054,0.3760045618508081,2.3841477839628538,-0.4466455983275678,0.4353653603728932,2.3959020101191086,-0.10805861524613758,-0.05936079852208509,-0.011754226156254877,0.1238488214018396
966,-0.5734265047195112,0.393708358568524,2.3881402960577365,-0.4661178322140288,0.45328216698369495,2.3996772273548608,-0.10730867250548237,-0.05957380841517096,-0.011536931297124298,0.12327729161419361
967,-0.5922193290821631,0.41133726541055593,2.392132808152619,-0.4855434547056987,0.47101766677138485,2.4036479462203655,-0.10667587437646442,-0.059680401360828916,-0.011515138067746289,0.12277658932097807
968,-0.6110823871015668,0.428891001369808,2.396125320247502,-0.5049205232565162,0.48856476577251795,2.407818505591774,-0.10616186384505066,-0.05967376440270994,-0.011693185344272106,0.1223439008555012
969,-0.6300153780980939,0.446369286637418,2.4001178323423846,-0.5242471001757738,0.5059164453814522,2.4121934930541324,-0.10576827792232013,-0.05954715874403421,-0.012075660711747815,0.12197792550607513
970,-0.6490180002773753,0.4637718426072176,2.4041103444372673,-0.5435212528218883,0.5230657651576994,2.416777753619516,-0.10549674745548698,-0.059293922550481826,-0.012667409182248512,0.12167907063459948
971,-0.6673475072962356,0.4804238943842526,2.4091493321024604,-0.5627410537956501,0.5400058656019979,2.4215763988259873,-0.1046064535005855,-0.05958197121774533,-0.012427066723526892,0.12102459830758944
972,-0.6857606907381049,0.4969833729833985,2.4141883197676535,-0.5819045811329816,0.5567299709000376,2.4265948162052435,-0.10385610960512326,-0.05974659791663911,-0.012406496437590064,0.12045608585198116
973,-0.7042570830675274,0.513449857937255,2.4192273074328465,-0.6010099184971187,0.5732313916326847,2.431838679101828,-0.10324716457040872,-0.05978153369542971,-0.01261137166898152,0.11997022738238038
974,-0.722836214636262,0.5298229311396551,2.4242662950980396,-0.620055155370246,0.589503527451662,2.4373139568209106,-0.102781059266016,-0.05968059631200695,-0.013047661722870973,0.11956571915242052
975,-0.741497613695207,0.5461021768562818,2.4293052827632327,-0.6390383872445473,0.605539869719601,2.4430269250746033,-0.10245922645065964,-0.059437692863319236,-0.01372164231137063,0.1192435150668707
976,-0.7593675463462952,0.5615331096541846,2.435530478472516,-0.6579577158126543,0.6213340041134094,2.4489841766885143,-0.10140983053364094,-0.059800894459224874,-0.01345369821599851,0.11849515898412175
977,-0.7773331926974059,0.5768525003455486,2.441755674181799,-0.6768112491574763,0.6368796131899154,2.455192632520491,-0.1005219435399296,-0.06002711284436679,-0.013436958338691962,0.11784934135951242
978,-0.7953938565269871,0.5920597552589995,2.447980869891082,-0.69559710194139,0.6521704789127604,2.4616595525321086,-0.09979675458559711,-0.06011072365376091,-0.013678682641026452,0.11730216401580419
979,-0.8135488379312811,0.6071542850687538,2.4542060656003652,-0.7143133955947752,0.6672004851395333,2.4683925469401653,-0.09923544233650583,-0.06004620007077954,-0.01418648133980005,0.11685236587877267
980,-0.8317974333514468,0.6221355048174568,2.4604312613096484,-0.7329582585038568,0.6819636200681355,2.4753995873599552,-0.09883917484759008,-0.05982811525067866,-0.014968326050306846,0.1165016594034148
981,-0.8491327957846806,0.6361872730548311,2.468021720608581,-0.7515298261978846,0.6964539786414377,2.4826890178342347,-0.09760296958679604,-0.06026670558660652,-0.01466729722565363,0.11564404473352448
982,-0.8665743171819202,0.6501070543978724,2.4756121799075137,-0.7700262415355653,0.7106657649092125,2.490269565621063,-0.09654807564635493,-0.0605587105113401,-0.014657385713549242,0.11490747271507769
983,-0.8841209926534731,0.6638940468612219,2.4832026392064463,-0.7884456548907789,0.7245932943464408,2.4981503515899917,-0.09567533776269421,-0.06069924748521893,-0.014947712383545309,0.11428737028551612
984,-0.9017718112512159,0.6775474561101249,2.490793098505379,-0.8067862243375392,0.7382309961270456,2.5063409000487984,-0.09498558691367665,-0.06068354001692067,-0.015547801543419393,0.11378263436550581
985,-0.9195257560268403,0.6910664955061963,2.4983835578043116,-0.8250461158341854,0.7515734153521484,2.514851147791886,-0.09447964019265487,-0.060506919845952134,-0.01646758998757436,0.11339608141455709
986,-0.9362399609783165,0.7035945246937121,2.507564569130901,-0.8432235034067843,0.7646152152319554,2.523691452126122,-0.09301645757153221,-0.06102069053824333,-0.016126882995220804,0.11240846235076012
987,-0.953068479868495,0.7159685747358814,2.5167455804574903,-0.8613165693317297,0.7773511792204058,2.5328725975898596,-0.09175191053676524,-0.06138260448452437,-0.016127017132369303,0.11156306692646029
988,-0.9700098942151757,0.7281876026193622,2.5259265917840796,-0.8793235043175001,0.7897762131017095,2.542405801035813,-0.09068638989767563,-0.06158861048234732,-0.016479209251733185,0.11085460112860429
989,-0.9870627760201581,0.740250578397689,2.535107603110669,-0.8972425076856059,0.8018853470279821,2.5523027146979134,-0.08982026833455226,-0.061634768630293046,-0.017195111587244405,0.11028235203466834
990,-1.0042256878896079,0.7521564852780869,2.5442886144372583,-0.9150717875506427,0.8136737375071053,2.5625754268059584,-0.0891539003389652,-0.06151725222901838,-0.01828681236870011,0.10985079778529991
991,-1.0202156940969702,0.7630326684084666,2.5553377612299015,-0.9328095609994818,0.8251366693400644,2.5732364592495207,-0.08740613309748846,-0.062104000931597736,-0.017898698019619186,0.10870649670357922
992,-1.0363248943539256,0.7737315153126124,2.5663869080225448,-0.9504540542695596,0.836269557506963,2.584298761724097,-0.08587084008436596,-0.06253804219435055,-0.01791185370155235,0.10772948714870473
993,-1.0525513220105993,0.784251719849587,2.577436054815188,-0.9680035029262528,0.8470679490009707,2.5957757017178724,-0.0845478190843465,-0.06281622915138374,-0.018339646902684414,0.10691377369279265
994,-1.0688929961057139,0.7945919976875422,2.5884852016078312,-0.9854561520393205,0.8575275246094671,2.6076810496170584,-0.0834368440663934,-0.06293552692192494,-0.019195848009227134,0.1062594375925891
995,-1.0853479216084296,0.804751086460514,2.5995343484004745,-1.0028102563583978,0.8676441006416691,2.620028958122165,-0.08253766525003181,-0.06289301418115512,-0.020494609721690704,0.10577346758692231
996,-1.100495367553175,0.8138733475303214,2.612756341781936,-1.0200640804875087,0.8774136306020465,2.632833935077795,-0.08043128706566627,-0.0635402830717251,-0.020077593295858787,0.1044493622021144
997,-1.1157621004317542,0.8227945376352805,2.625978335163398,-1.0372158990586215,0.8868322068088755,2.646110808726245,-0.07854620137313262,-0.06403766917359499,-0.020132473562846975,0.10332301445028708
998,-1.1311454513358767,0.8315130971857648,2.6392003285448595,-1.054263996904172,0.8958960619572528,2.659874684302496,-0.07688145443170469,-0.06438296477148797,-0.02067435575763632,0.10238824724690943
