timestep,px,py,theta,px_ref,py_ref,theta_ref,error_px,error_py,error_theta,error_norm
0,0.0,0.0,0.7853981633974483,0.0,0.0,0.7853981633974483,0.0,0.0,0.0,0.0
1,0.0,0.0,0.7853231571470295,0.01999966666833333,0.01999866669333308,0.7853231571470295,-0.01999966666833333,-0.01999866669333308,0.0,0.028283092765033196
2,0.004429164919601796,0.004428500539327012,0.7850983801749359,0.03999733338666616,0.03998933418663416,0.7850980633706443,-0.035568168467064364,-0.03556083364730715,3.1680429168901014e-07,0.050295800002517994
3,0.012504568863694391,0.012499064193077548,0.784725140221731,0.05999100040499132,0.0599640064794446,0.7847226568420766,-0.04748643154129693,-0.04746494228636705,2.483379654361073e-06,0.06714076208192464
4,0.023597756672282977,0.02357733009722511,0.7842053859266372,0.07997866837326832,0.07991469396917268,0.7841965616812204,-0.056380911700985345,-0.05633736387194757,8.824245416816368e-06,0.0797038634580648
5,0.03720085974547396,0.0371480208659538,0.7835411453584995,0.09995833854135666,0.09983341664682815,0.7835192505983565,-0.0627574787958827,-0.06268539578087436,2.189476014302638e-05,0.08870152461148031
6,0.05290013786484501,0.0527890993109369,0.7827341353511407,0.11992801295888919,0.11971220728891936,0.7826900438339384,-0.06702787509404418,-0.06692310797798245,4.4091517202304864e-05,0.09471768770993819
7,0.0703553285773483,0.07015153467164555,0.7817854970168597,0.13988569467506554,0.1395431146442365,0.7817081077917023,-0.06953036609771723,-0.06939157997259095,7.738922515743152e-05,0.09823272962647044
8,0.08928353647081992,0.0889434716729443,0.7806956284405118,0.1598293879383454,0.15931820661424598,0.7805724533623122,-0.07054585146752547,-0.07037473494130168,0.00012317507819958884,0.09964605185072073
9,0.10944667037516548,0.10891785610291109,0.7794640943021193,0.17975709839602208,0.17902957342582415,0.7792819339341677,-0.0703104280208566,-0.07011171732291306,0.0001821603679516004,0.09929371771085911
10,0.13064165267005928,0.1298627743809452,0.7780895970136906,0.1996668332936563,0.19866933079506124,0.7778352430874435,-0.06902518062359703,-0.06880655641411604,0.000254353926247175,0.09746221042849852
11,0.1526927940845131,0.15159392431516044,0.7765699966243341,0.21955660167434962,0.21822962308086932,0.7762309119668949,-0.06686380758983651,-0.06663569876570888,0.0003390846574392592,0.09439915303544774
12,0.17544585973319804,0.1739487595464725,0.7749023682897038,0.23942441457783872,0.23770262642713458,0.7744673063284713,-0.06397855484464068,-0.06375386688066209,0.00043506196123255236,0.09032164912774783
13,0.19876345564704773,0.1967819484905602,0.77308308714563,0.2592682852393897,0.2570805518921551,0.7725426232543283,-0.06050482959234199,-0.06029860340159493,0.0005404638913016901,0.08542276088607169
14,0.22252144601455398,0.21996186572284232,0.7711079313380267,0.279086229288473,0.27635564856411376,0.7704548875304338,-0.056564783273919006,-0.056393782841271445,0.0006530438075929013,0.07987652919467986
15,0.2466061746850655,0.24336789425237432,0.768972194935519,0.29887626494719843,0.29552020666133955,0.7682019476806334,-0.052270090262132946,-0.05215231240896523,0.0007702472548856143,0.073841853351927
16,0.27091231404712907,0.266888364569836,0.7666708035653087,0.31863641322849195,0.31456656061611776,0.765781471650788,-0.04772409918136289,-0.04767819604628176,0.0008893319145206746,0.0674654795592118
17,0.2953412031865907,0.29041899354296463,0.7641984268680568,0.33836469813399206,0.33348709214081446,0.7631909421364422,-0.043023494947401375,-0.043068098597849824,0.0010074847316146052,0.06088429403226765
18,0.31979956759149497,0.3138617153824411,0.7615495832193988,0.35805914685164836,0.35227423327509,0.760427651547437,-0.03825957926015339,-0.03841251789264888,0.00112193167196184,0.054227075033543716
19,0.3441985364288562,0.337123819753482,0.7587187335467671,0.37771778995300115,0.3709204694129827,0.7574886966029721,-0.03351925352414492,-0.03379664965950069,0.0012300369437949765,0.047615825897552484
20,0.3684528919968986,0.36011733003170077,0.7557003624080715,0.39733866159012243,0.38941834230865047,0.7543709725508718,-0.02888576959322381,-0.0293010122769497,0.0013293898571996587,0.04116678616116633
21,0.392480500469767,0.38275856876979586,0.7524890457287812,0.4169197996921991,0.40776045305957015,0.7510711670052485,-0.024439299222432098,-0.02500188428977429,0.0014178787235327173,0.03499119810177239
22,0.4162018843736714,0.40496786849469957,0.7490795056671476,0.43645924616173865,0.4259394650659996,0.7475857533974175,-0.020257361788067252,-0.020971596571300044,0.001493752269730142,0.02919588781327492
23,0.4395399060505941,0.4266693946492966,0.7454666539646976,0.4559550470703768,0.44394810696551984,0.7439109840358401,-0.016415141019782697,-0.017278712316223244,0.0015556699288574727,0.02388369449925427
24,0.46241953821890724,0.44779105434006206,0.7416456258323753,0.47540525285426916,0.46177917554148284,0.7400428827720981,-0.012985714635361911,-0.013988121201420789,0.0016027430602771897,0.019153722997212762
25,0.48476770305622874,0.4682644699497621,0.7376118069325492,0.4948079185090459,0.479425538604203,0.7359772372714972,-0.010040215452817136,-0.011161068654440887,0.001634569661052021,0.015101231665826553
26,0.5065131653454291,0.48802500093173923,0.7333608563701932,0.5141611037843102,0.49688013784373675,0.7317095908888981,-0.007647938438881119,-0.008855136911997519,0.0016512654812951277,0.01181655998101195
27,0.5276815744356647,0.5070974898797578,0.7288884603147346,0.5334628733776623,0.5141359916531132,0.7272352341528829,-0.005781298941997637,-0.00703850177335541,0.0016532261618517063,0.009257271812607706
28,0.548383567366844,0.5255826672625796,0.7241902164768584,0.5527112971282275,0.5311861979208834,0.7225491958644261,-0.004327729761383514,-0.005603530658303768,0.0016410206124323201,0.0072678572754659
29,0.5687056671613437,0.5435577438151065,0.7192617190615167,0.5719044502096711,0.5480239367918736,0.7176462338199793,-0.003198783048327325,-0.004466192976767092,0.0016154852415374288,0.005726157984339516
30,0.5887154653056819,0.5610815755176539,0.714098438698726,0.5910404133226791,0.5646424733950353,0.712520825173375,-0.0023249480169972303,-0.0035608978773813416,0.0015776135253510182,0.004535883751844701
31,0.6084656878633058,0.5781987027590008,0.7086956315786271,0.610117272886887,0.5810351605373051,0.7071671564563529,-0.0016515850235812035,-0.0028364577783043243,0.0015284751222742754,0.0036206991061992697
32,0.6279973862569174,0.5949425086681354,0.703048271071211,0.6291331212322355,0.597195441362392,0.7015791132839158,-0.001135734975318159,-0.0022529326942566374,0.0014691577872952832,0.0029195931673748282
33,0.6473424416544676,0.611337688340553,0.6971509964984131,0.6480860567897367,0.6131168519734339,0.6957502697783335,-0.0007436151352691045,-0.0017791636328808869,0.0014007267200795148,0.0023833635992672035
34,0.6665255310432237,0.6274021790152063,0.6909980748782,0.6669741842816288,0.6287930240184685,0.6896738777545541,-0.00044865323840515003,-0.0013908450032621422,0.0013241971236458427,0.0019721150001210937
35,0.6855656710610148,0.643148668644571,0.6845833723963326,0.6857956149109028,0.6442176872376911,0.6833428557202919,-0.00022994384988794803,-0.0010690185931201412,0.0012405166760407482,0.0016536494640863413
36,0.7044774305672404,0.6585857747692185,0.6779003331124682,0.7045484665501799,0.6593846719714731,0.6767497777563413,-7.103598293944913e-05,-0.0007988972022545671,0.0011505553561269588,0.0014025193325422581
37,0.7232718832805872,0.6737189656196303,0.6709419630056804,0.723230863929924,0.6742879116281452,0.6698868623569647,4.1019350663251686e-05,-0.0005689460085148701,0.0010551006487157233,0.0011994246648515186
38,0.741957356409952,0.6885512797182595,0.6637008179401099,0.7418409388259654,0.6889214451105513,0.6627459613267954,0.00011641758398661661,-0.00037016539229184353,0.0009548566133145142,0.0010306923030188589
39,0.7605400191377872,0.7030838880027206,0.656168994509912,0.7603768302463229,0.7032794192004101,0.6553185488498808,0.0001631888914643831,-0.00019553119768955796,0.0008504456600311183,0.0008877617271729232
40,0.7790243453585017,0.7173165328997055,0.648338123025065,0.778836684617301,0.7173560908995228,0.6475957108685986,0.00018766074120069032,-3.955799981725239e-05,0.000742412156466421,0.000766783671713643
41,0.7974134776627035,0.7312478712718667,0.6401993621430929,0.7972186559688459,0.731145829726896,0.6395681349355568,0.0001948216938576497,0.00010204154497073237,0.0006312272075361669,0.0006684427850096708
42,0.815709513747814,0.744875742284596,0.6317433948500278,0.8155209061191403,0.7446431199708592,0.6312261007306176,0.00018860762867367598,0.00023262231373677444,0.0005172941194102609,0.0005977283533668072
43,0.8339137318799014,0.7581973766423452,0.6229604256579327,0.8337416048584215,0.757842562895277,0.6225594714682599,0.00017212702147983983,0.00035481374706825,0.0004009541896728974,0.0005623920063873446
44,0.8520267684588201,0.7712095600475533,0.6138401790246986,0.8518789301319992,0.7707388788989693,0.6135576864580234,0.0001478383268208594,0.00047068114858395127,0.0002824925666751188,0.0005685059056300078
45,0.870048757936159,0.7839087609220707,0.6043718991215462,0.8699310682224605,0.7833269096274834,0.6042097551231719,0.0001176897136985211,0.0005818512945873211,0.00016214399837433113,0.0006153799427444775
46,0.8879794431365433,0.7962912302310126,0.5945443511802023,0.8878962139310396,0.795601620036366,0.5945042528303504,8.322920550374313e-05,0.0006896101946465283,4.009834985196914e-05,0.0006957709385063865
47,0.9058182623070195,0.8083530795288869,0.5843458247494785,0.9057725707581367,0.8075581004051143,0.5844293189362826,4.5691548882786925e-05,0.0007949791237725767,-8.349418680408949e-05,0.000800656483208372
48,0.9235644178644012,0.8200903420032453,0.5737641392834093,0.9235583510829657,0.8191915683009982,0.5739726575167142,6.066781435554169e-06,0.0008987737022471132,-0.0002085182333049218,0.0009226650677838492
49,0.9412169307464876,0.8314990202402084,0.5627866525729209,0.941251776342316,0.8304973704919704,0.5631215413080933,-3.4845595828447706e-05,0.0010016497482380204,-0.0003348887351724006,0.0010567246087033744
50,0.9587746834372267,0.8425751236150556,0.5514002726221965,0.958851077208406,0.8414709848078965,0.5518628194639037,-7.639377117929502e-05,0.001104138807159094,-0.00046254684170721205,0.001199544953106393
51,0.9762364540790078,0.853314697569515,0.5395914736609023,0.976354493765815,0.852108021949363,0.540182929805001,-0.0001180396868071254,0.0012066756201519757,-0.0005914561440987232,0.001349006964519757
52,0.9936009435687339,0.8637138465362852,0.5273463170750106,0.9937602756874735,0.8624042272433384,0.5280679163262988,-0.00015933211873964126,0.0013096192929468176,-0.0007215992512882297,0.0015037270018126026
53,1.0108667971279088,0.8737687518799842,0.5146504781322478,1.0110666824096939,0.8723554823449863,0.5155034528098956,-0.0001998852817850505,0.0014132695349978741,-0.0008529746776477776,0.0016627840223960918
54,1.028032621516925,0.8834756859182012,0.50148927947269,1.0282719833062262,0.8819578068849474,0.5024748734859666,-0.00023936178930106244,0.0015178790332538439,-0.0009855940132766916,0.001825553720046574
55,1.0450969988114256,0.8928310228479016,0.48784773242939766,1.0453744578613184,0.8912073600614354,0.4889672117755554,-0.00027745904989284753,0.0016236627864661957,-0.001119479346157748,0.0019916069830657832
56,1.0620584974594118,0.901831247216461,0.473710587336032,1.0623723958417668,0.900100442176505,0.4749652482411506,-0.00031389838235496015,0.0017308050399560404,-0.0012546609051186097,0.002160646261565123
57,1.0789156811801923,0.9104729604317143,0.45906239406490756,1.0792640974679386,0.9086334961158833,0.4604535689580829,-0.0003484162877462893,0.0018394643158310409,-0.001391174893175362,0.002332464461076341
58,1.0956671161412959,0.9187528856926782,0.4438875741155178,1.0960478735837471,0.916803108771767,0.44541663559766037,-0.00038075744245125165,0.0019497769209112503,-0.0015290614821425463,0.0025069174871686813
59,1.1123113767500301,0.9266678716351702,0.42817050563444314,1.1127220458255676,0.9246060124080204,0.4298388685756445,-0.0004106690755374398,0.0020618592271497427,-0.0016683629412013734,0.002683905263931536
60,1.1288470503169148,0.9342148949190308,0.41189562278550274,1.1292849467900707,0.9320390859672264,0.4137047446598081,-0.00043789647315595204,0.002175808951804359,-0.001809121874305375,0.0028633581459615908
61,1.1452727407844066,0.9413910619319409,0.3950475308950983,1.1457349202009626,0.9390993563190677,0.3969989104388761,-0.0004621794165560189,0.002291705612873174,-0.001951379543777776,0.003045226847549593
62,1.161587071662806,0.9481936097457201,0.37761113876129365,1.1620703210746102,0.945783999449539,0.37970631302149005,-0.00048324941180410974,0.0024096102961811416,-0.0020951742601963974,0.003229474717978252
63,1.177788688273387,0.9546199064320823,0.35957180942390404,1.178289515884539,0.9520903415905158,0.36181234924553096,-0.0005008276111519994,0.002529564841566523,-0.002240539821626919,0.0034160716146002666
64,1.1938762593646366,0.960667450824253,0.3409155305326988,1.1943908827247842,0.958015860289225,0.3433030345211741,-0.0005146233601476258,0.002651590535027948,-0.0023875039884753146,0.003604988885315039
65,1.2098484781395917,0.9663338717972259,0.32162910520648164,1.210372811472079,0.963558185417193,0.3241651921901698,-0.0005243333324873589,0.0027756863800328935,-0.0025360869836881794,0.0037961951362765873
66,1.2257040627095601,0.9716169271317019,0.30170036393120875,1.2262337039468676,0.9687151001182652,0.30438666394296926,-0.0005296412373074766,0.002901827013436664,-0.002686300011760512,0.003989652567499064
67,1.2414417559713522,0.9765145020240852,0.28111839758455276,1.2419719740731194,0.9734845416953194,0.283956541378582,-0.0005302181017672325,0.0030299603287657906,-0.0028381437940292464,0.004185313730764143
68,1.2570603248911665,0.9810246073066633,0.25987381108283114,1.2575860480369372,0.9778646024353163,0.26286541820488024,-0.0005257231457707068,0.003160004871347044,-0.0029916071220491003,0.004383118614141191
69,1.2725585591683564,0.9851453774476931,0.23795899641257034,1.273074364443936,0.9818535303723597,0.24110566184802507,-0.000515805275579595,0.003291847075333476,-0.0031466654354547208,0.0045829919934888335
70,1.2879352692465922,0.9888750684099895,0.21536842292686828,1.2884353744753823,0.9854497299884603,0.2186717023624417,-0.0005001052287900709,0.003425338421529256,-0.0033032794355734307,0.004784841018398629
71,1.303189283638706,0.9922120554581476,0.1920989417576655,1.3036675420430732,0.9886517628517197,0.19556033550876473,-0.00047825840436721556,0.003560292606427873,-0.0034613937510992177,0.00498855302115569
72,1.3183194455351803,0.995154831017981,0.16815010003117342,1.3187693439429462,0.9914583481916864,0.1717710357084244,-0.00044989840776588075,0.0036964828262945337,-0.0036209356772509693,0.005193993554211406
73,1.333324608675284,0.9977020027061961,0.14352445930079863,1.3337392700073958,0.9938683634116449,0.14730627331565815,-0.0004146613321118764,0.003833639294551272,-0.0037818140148595247,0.005401004675434404
74,1.3482036324746691,0.9998522916626169,0.11822791127209867,1.34857582325629,0.99588084453764,0.12217182931261213,-0.0003721907816209846,0.003971447124976879,-0.003943918040513458,0.00560940351148839
75,1.3629553764241364,1.0016045313300155,0.09226998254828173,1.3632775200466682,0.9974949866040543,0.0963770991912814,-0.00032214362253180084,0.004109544725961145,-0.004107116642999675,0.0058189811382593345
76,1.3775786938012222,1.0029576668361952,0.06566411885261804,1.3778428902211026,0.998710143975583,0.06993537651704462,-0.00026419641988040254,0.004247522860612252,-0.004271257664426584,0.006029501823171143
77,1.3920724247689393,1.003910755137582,0.03842793808431182,1.3922704772547134,0.9995258306054791,0.0428641055705861,-0.00019805248577409174,0.0043849245321030406,-0.004436167486274276,0.006240702677234142
78,1.4064353889734866,1.0044629660813214,0.01058344075033936,1.4065588384008205,0.9999417202299663,0.015185091651111312,-0.0001234494273338882,0.004521245851355049,-0.004601650900771952,0.00645229376439725
79,1.4206663777935626,1.004613584531911,-0.017842834090704564,1.4207065448352156,0.99995764649874,-0.013075342784616575,-4.016704165299423e-05,0.004655938033171103,-0.004767491306087989,0.006663958711876066
80,1.434764146435885,1.004362013687148,-0.046819719115090364,1.4347121817990456,0.9995736030415051,-0.041886267855577024,5.1964636839318956e-05,0.004788410645642949,-0.00493345125951334,0.006875355857319847
81,1.4487274061118092,1.0037077796755538,-0.07631140623686936,1.4485743487402851,0.998789743470524,-0.07121213282096248,0.00015305737152404575,0.004918036205029841,-0.00509927341590688,0.0070861199568689765
82,1.4625548165651587,1.0026505374831685,-0.10627752084491293,1.4622916594537918,0.9976063813191736,-0.10101283897581732,0.00026315711136692954,0.005044156163994895,-0.005264681869095608,0.007295864462475623
83,1.4762449792477839,1.0011900782023557,-0.13667329007776444,1.4758627422199255,0.9960239899165367,-0.13124390617594112,0.00038223702785833424,0.005166088285818993,-0.00542938390182332,0.007504184357791353
84,1.489796431453189,0.9993263375309352,-0.1674498095053211,1.4892862399417186,0.994043202198076,-0.16185673736972372,0.0005101915114704703,0.00528313533285929,-0.005593072135597371,0.007710659520279605
85,1.5032076417164228,0.9970594053796913,-0.1985544090238434,1.5025608102805854,0.9916648104524687,-0.19279898196781758,0.0006468314358374361,0.005394594927222607,-0.0057554270560258025,0.007914858554164897
86,1.5164770067677615,0.9943895363744361,-0.22993111474439099,1.515685125790554,0.9888897660047016,-0.22401499487154508,0.0007918809772076152,0.00549977036973448,-0.005916119872845904,0.00811634301590038
87,1.5296028502873154,0.9913171609705768,-0.26152119939411134,1.5286578740510102,0.9857191788355535,-0.25544638373627454,0.0009449762363051839,0.005597982135023272,-0.006074815657836796,0.008314671932669401
88,1.5425834236479774,0.9878428968392877,-0.2932638095349775,1.5414777577979386,0.9821543171376185,-0.28703263284555847,0.001105665850038795,0.00568857970166925,-0.006231176689419027,0.008509406496868302
89,1.555416908757463,0.9839675601405564,-0.32509665404207216,1.5541434950536477,0.9781966068080447,-0.3187117881210078,0.0012734137038152848,0.0057709533325117635,-0.006384865921064353,0.008700114807119625
90,1.568101423020757,0.9796921762744303,-0.3569567350755963,1.5666538192549668,0.9738476308781951,-0.3504211845928371,0.0014476037657902285,0.005844545396235135,-0.006535550482759167,0.008886376520499057
91,1.5806350263479336,0.9750179897011818,-0.3887811004919221,1.579007479379901,0.9691091288804564,-0.38209819537047346,0.0016275469680326893,0.005908860820725392,-0.006682905121448646,0.00906778728214003
92,1.5930157300359244,0.9699464724453485,-0.4205075954647688,1.591203240072732,0.9639829961524481,-0.41368097997668896,0.0018124899631923874,0.005963476292900394,-0.006826615488079835,0.009243962807408392
93,1.6052415072637045,0.9644793309469275,-0.4520755911303589,1.6032398817675544,0.9584712830789142,-0.44510920994479974,0.002001625496150128,0.006008047868013344,-0.006966381185559145,0.00941454250793369
94,1.6173103048653692,0.9586185109923838,-0.48342666932667094,1.6151162008102287,0.9525761942715953,-0.4763247508234524,0.0021941040551405333,0.0060423167207884765,-0.007101918503218563,0.009579192574818733
95,1.6292200559903618,0.9523662005435143,-0.5145052448573953,1.6268310095787475,0.9463000876874145,-0.5072722820789922,0.002389046411614304,0.0060661128560998145,-0.007232962778403129,0.00973760845862842
96,1.6409686932284882,0.9457248303771127,-0.545259109974955,1.6383831366019965,0.9396454736853249,-0.5378998396315425,0.002585556626491625,0.0060793566917878294,-0.0073592703434124385,0.009889516714289432
97,1.6525541617709327,0.9386970725455819,-0.5756398896757497,1.6497714266769001,0.9326150140222006,-0.5681592696408527,0.0027827350940325957,0.006082058523381284,-0.007480620034897023,0.010034676207626146
98,1.663974432196543,0.93128583676101,-0.6056034006310003,1.660994740983941,0.9252115207881683,-0.5980065863693985,0.002979691212602109,0.006074315972841693,-0.0075968142616017476,0.010172878706917412
99,1.6752275125124054,0.9234942648864911,-0.6351099108322265,1.672051957201041,0.9174379552818098,-0.6274022311885141,0.0031755553113643753,0.006056309604681287,-0.0077076796437123285,0.01030394890580241
100,1.68631145913473,0.9153257237837626,-0.6641243010340091,1.682941969615793,0.9092974268256818,-0.6563112337819401,0.0033694895189368967,0.0060282969580808254,-0.007813067252068984,0.010427743941926505
101,1.697224386564833,0.9067837968125064,-0.6926161326024036,1.6936636892360304,0.9007931915226274,-0.6847032801150899,0.003560697328802709,0.005990605289879047,-0.00791285248731377,0.010544152488107202
102,1.7079644755897219,0.8978722743027725,-0.7205596292658368,1.704216043898726,0.8919286509533796,-0.7125526946185239,0.0037484316909959237,0.0059436233493929125,-0.008006934647312947,0.010653093499441919
103,1.7185299799118423,0.8885951433285582,-0.7479335824284036,1.7145979783772067,0.8827073508159741,-0.7398383461925445,0.003932001534635576,0.005887792512584089,-0.00809523623585906,0.010754514700998058
104,1.7289192311831438,0.8789565770997075,-0.7747211911226204,1.7248084544866769,0.8731329795075166,-0.7665434890556865,0.004110776696466978,0.005823597592190977,-0.008177702066933912,0.010848390897249401
105,1.7391306424809505,0.8689609242641297,-0.8009098483868646,1.734846451188034,0.8632093666488738,-0.7926555501696838,0.004284191292916573,0.00575155761525592,-0.008254298217180822,0.010934722177269299
106,1.749162710314737,0.8586126983765594,-0.8264908859321938,1.7447109646899726,0.8529404815528762,-0.8181658750569212,0.004451745624764358,0.00567221682368324,-0.008325010875272598,0.011013532079941058
107,1.7590140152924656,0.8479165677475686,-0.8514592885221437,1.7544010085493633,0.8423304316366457,-0.8430694433909002,0.004613006743102277,0.005586136110922957,-0.008389845131243523,0.011084865772210108
108,1.7686832216024957,0.8368773458408961,-0.8758133886487162,1.763915613769895,0.8313834607786832,-0.8673645649064725,0.004767607832600662,0.005493885062212933,-0.00844882374224365,0.011148788281682524
109,1.778169075482904,0.8254999823415424,-0.8995545509698486,1.7732538288989745,0.8201039476213741,-0.8910525650657036,0.0049152465839295,0.005396034720168363,-0.00850198590414497,0.011205382813468395
110,1.7874704028557085,0.8137895549739961,-0.922686854691026,1.7824147201228708,0.8084964038195901,-0.914137468639516,0.00505568273283763,0.005293151154405984,-0.00854938605151001,0.011254749170739252
111,1.7965861063006836,0.8017512621112158,-0.9452167807238198,1.7913973713600952,0.7965654722360865,-0.9366256880218409,0.005188734940588358,0.0051857898751292986,-0.008591092701978886,0.01129700228939832
112,1.8055151615340703,0.7893904161817482,-0.9671529091158966,1.8002008843530102,0.7843159250844199,-0.9585257217604746,0.005314277181060145,0.005074491097328271,-0.008627187355422006,0.011332270889788762
113,1.8142566135433855,0.7767124378551457,-0.9885056309798725,1.808824378757652,0.7717526620201257,-0.9798478675264842,0.005432234785733625,0.004959775835019942,-0.008657763453388312,0.011360696242564031
114,1.822809572512438,0.763722850964727,-1.0092868779932551,1.8172669922317666,0.7588807081809217,-1.0006039525927415,0.00554258028067145,0.004842142783805348,-0.00868292540051363,0.011382431041624235
115,1.8311732096520297,0.7504272781113699,-1.0295098715232918,1.8255278805210422,0.7457052121767199,-1.0208070838766747,0.005645329130987475,0.004722065934649966,-0.008702787646617027,0.011397638374262775
116,1.8393467530328753,0.7368314368818794,-1.0491888925601351,1.8336062175435337,0.7322314440302513,-1.0404714187339885,0.005740535489341614,0.004599992851628043,-0.008717473826146627,0.011406490777139618
117,1.8473294834989284,0.7229411366098172,-1.0683390729200641,1.8415011954722713,0.7184647930691263,-1.0596119569697484,0.005828288026657136,0.00447634354069093,-0.008727115950315723,0.011409169366181545
118,1.8551207307222184,0.708762275604722,-1.0869762076008331,1.8492120248160406,0.7044107657701763,-1.078244353954232,0.005908705906177758,0.004351509834545797,-0.008731853646601229,0.011405863028789705
119,1.8627198694448948,0.6943008387766305,-1.1051165877216746,1.8567379344983332,0.6900749835569364,-1.0963847542815959,0.005981934946561518,0.004225855219694097,-0.008731833440078773,0.0113967676675445
120,1.870126315940692,0.6795628955859863,-1.1227768531462947,1.8640781719344526,0.675463180551151,-1.1140496450750117,0.006048144006239431,0.004099715034835305,-0.008727208071283021,0.011382085485820783
121,1.8773395247165163,0.664554598253762,-1.1399738636523222,1.871232003106772,0.6605812012792008,-1.1312557278065778,0.006107521609744371,0.003973396974561116,-0.008718135845744435,0.011362024307129428
122,1.884358985465302,0.6492821801723507,-1.1567245873589727,1.8781987126381352,0.6454349983343708,-1.1480198073479873,0.006160272827166802,0.0038471818379799405,-0.008704780010985402,0.011336796921496979
123,1.8911842202735556,0.6337519544640637,-1.173046005040871,1.884977603863395,0.6300306299958922,-1.16435869688339,0.006206616410160626,0.0037213244681715274,-0.008687308157480977,0.01130662045366885
124,1.8978147810809312,0.6179703126405328,-1.1889550289260649,1.891567998899078,0.6143742578057116,-1.1802891372852227,0.006246782181853261,0.003596054834821172,-0.008665891640842194,0.011271715749316015
125,1.9042502473845724,0.601943723322689,-1.2044684345878953,1.8979692387111724,0.5984721441039565,-1.1958277295646969,0.006281008673399979,0.0034715792187324235,-0.00864070502319847,0.011232306776668265
126,1.9104902241775972,0.5856787309870699,-1.2196028045829586,1.9041806831810315,0.5823306495240819,-1.2109908790505335,0.006309540996565666,0.0033480814629880395,-0.008611925532425069,0.011188620042086593
127,1.916534340108798,0.5691819547098745,-1.234374482551982,1.9102017111693845,0.5659562304487028,-1.2257947500135267,0.006332628939413443,0.0032257242611717363,-0.008579732538455342,0.011140884019001271
128,1.9223822458491866,0.5524600868853426,-1.248799536579753,1.9160317205784498,0.5493554364271267,-1.2402552295333436,0.006350525270736762,0.0031046504582159518,-0.008544307046409516,0.011089328590374174
129,1.9280336126502642,0.5355198918996543,-1.262893730698429,1.9216701284121454,0.532534907555621,-1.2543878994917435,0.006363484238118833,0.00298498434403327,-0.008505831206685466,0.011034184505414747
130,1.9334881310786773,0.5183682047456146,-1.2766725035110227,1.927116370834386,0.5155013718214642,-1.2682080156685605,0.0063717602442914245,0.002866832924150464,-0.008464487842462232,0.010975682851691586
131,1.938745509912119,0.5010119295669158,-1.290150953005153,1.932369903225468,0.4982616424118385,-1.2817304930098559,0.0063756066866509364,0.0027502871550772467,-0.008420459995297058,0.010914054544056905
132,1.9438054751818237,0.4834580381237924,-1.30334382671863,1.9374302002365305,0.4808226149886482,-1.2949698962289915,0.006375274945293219,0.0026354231351441992,-0.008373930489638415,0.010849529831961963
133,1.9486677693477048,0.46571356817443926,-1.3162655165063264,1.9422967558420892,0.4631912649303451,-1.3079404349891695,0.006371013505615641,0.0025223032440941373,-0.00832508151715694,0.01078233782679864
134,1.9533321505930128,0.44778562176868664,-1.3289300572407834,1.9469690833906388,0.44537464454187115,-1.3206559629989763,0.0063630672023740065,0.0024109772268154916,-0.00827409424180714,0.010712706050875136
135,1.9577983922263085,0.42968136345218244,-1.3413511288563802,1.9514467156533182,0.4273798802338298,-1.333129980429876,0.006351676572990295,0.0023014832183526623,-0.008221148426504232,0.010640860009550246
136,1.9620662821794819,0.4114080183807481,-1.3535420612182067,1.9557292048706325,0.40921416967201735,-1.3453756391359823,0.006337077308849359,0.002193848708730739,-0.0081664220822244,0.010567022787908394
137,1.9661356225914917,0.3929728703457095,-1.365515841361946,1.9598161227972284,0.3908847788984522,-1.3574057502217107,0.0063194997942632725,0.002088091447257301,-0.008110091140235198,0.010491414673185121
138,1.9700062294684126,0.3743832597118926,-1.3772851227100915,1.9637070607447196,0.3723990394250553,-1.3692327935620554,0.006299168723693072,0.0019842202868373127,-0.008052329148036108,0.010414252803949099
139,1.9736779324112517,0.355646581270655,-1.3888622359229774,1.9674016296225532,0.3537643453011427,-1.380868928933525,0.006276302788698507,0.0018822359695123136,-0.007993306989452442,0.010335750846841261
140,1.977150574403811,0.33677028201083425,-1.4002592010906298,1.9708994599769205,0.3349881501559047,-1.3923260084614568,0.006251114426890414,0.0017821318549295362,-0.007933192629173025,0.010256118701438536
141,1.9804240116536351,0.3177618588108587,-1.4114877410137623,1.9742002020277007,0.3160779642170538,-1.4036155901318894,0.0062238096259343845,0.0016838945938049132,-0.007872150881872875,0.010175562233601188
142,1.983498113479773,0.29862885605551776,-1.4225592953597175,1.9773035257034395,0.29704135130683235,-1.4147489521538088,0.006194587776333416,0.0015875047486854088,-0.007810343205908676,0.010094283037436681
143,1.9863727622417142,0.279378863181041,-1.4334850355122042,1.9802091206743555,0.2778859258165868,-1.4257371079907708,0.006163641567358713,0.0014929373644542165,-0.007747927521433384,0.010012478225816052
144,1.9890478533044342,0.26001951215222074,-1.4442758799627242,1.9829166963833729,0.2586193496611108,-1.4365908219100985,0.006131156921061365,0.0014001624911099686,-0.0076850580526257595,0.00993034024917666
145,1.9915232950349804,0.24055847487532894,-1.4549425101169906,1.985425982075177,0.23924932921398243,-1.4473206249233783,0.006097312959803425,0.0013091456613465169,-0.007621885193612288,0.009848056742170784
146,1.9937990088264959,0.22100346055056,-1.4654953864118003,1.9877367268232897,0.21978361222511697,-1.457936831014273,0.006062282003206132,0.0012198483254430292,-0.007558555397527256,0.009765810397553884
147,1.9958749291459699,0.20136221296767182,-1.4759447646570907,1.9898486995551619,0.20022998472177053,-1.4684495535690345,0.006026229590808008,0.0011322282459012845,-0.007495211088056175,0.0096837788665617
148,1.9977510036023596,0.181642507748415,-1.4863007125345689,1.99176168907528,0.18059626789423294,-1.4788687219418666,0.0059893145270795145,0.0010462398541820628,-0.007431990592702276,0.009602134684890632
149,1.9994271930320386,0.16185214953924093,-1.4965731261986965,1.9934755040862868,0.1608903149674558,-1.4892040981017618,0.005951688945751821,0.0009618345717851418,-0.007369028096934738,0.009521045223287153
150,2.000903471598798,0.14199896915766724,-1.5067717469381534,1.994989973208109,0.1411200080598672,-1.499465293319851,0.005913498390688998,0.0008789610978000295,-0.007306453618302511,0.009440672661655686
151,2.0021798269058557,0.12209082069556182,-1.5169061778664552,1.9963049449950963,0.12129325503062975,-1.5096617848669232,0.005874881910759466,0.0007975656649320678,-0.007244392999532057,0.009361173985506113
152,2.003256260117545,0.10213557858248462,-1.5269859006193596,1.997420287951166,0.10141798631660187,-1.5198029326997817,0.005835972166379211,0.0007175922658827494,-0.007182967919577843,0.00928270100350604
153,2.004132786088513,0.08214113461210572,-1.537020292044242,1.998335890542952,0.08150215176026913,-1.5298979961226906,0.005796895545561176,0.0006389828518365837,-0.007122295921551336,0.009205400384841227
154,2.004809433498424,0.062115394934598514,-1.54701864087291,1.9990516612109581,0.06155371742991314,-1.5399561504164885,0.00575777228746599,0.0005616775046853734,-0.0070624904564215996,0.009129413715054603
155,2.0052862449902813,0.04206627701779207,-1.5569901643744934,1.999567528378714,0.04158066243329049,-1.5499865034331373,0.005718716611567309,0.00048561458450158135,-0.007003660941356182,0.009054877568999743
156,2.0055632773105896,0.022001706579755885,-1.5669440249891973,1.9998834404599326,0.02159097572609596,-1.5599981121576436,0.005679836850656983,0.0004107308536599255,-0.006945912831553658,0.008981923599528723
157,2.0056406014496733,0.0019296144953865994,-1.576889346946942,1.9999993658636692,0.0015926529164868282,-1.56999999924253,0.005641235586004045,0.0003369615788997712,-0.006889347704412074,0.008910678640526824
158,2.005518302780531,-0.018142066320530923,-1.5868352328772823,1.9999152929974802,-0.018406306933053812,-1.580001169522415,0.0056030097830506165,0.00026424061252288897,-0.006834063354867359,0.0088412648228977
159,2.0051964811946665,-0.03820540405140567,-1.5967907804185837,1.9996312302685817,-0.03839790450523538,-1.5900106265178413,0.0055652509260848415,0.00019250045382970815,-0.0067801539007423806,0.008773799702111108
160,2.004675251233382,-0.0582524711357644,-1.6067650988352453,1.9991472060830102,-0.058374143427580086,-1.600037388938299,0.005528045150371641,0.00012167229181568595,-0.006727709896946266,0.008708396395928002
161,2.003954742213041,-0.0782753474407897,-1.6167673256518238,1.998463268842781,-0.0783270334708653,-1.610090507194452,0.005491473370260014,5.168603007559003e-05,-0.00667681845737178,0.008645163730935369
162,2.003035098342835,-0.0982661234503079,-1.6268066433122335,1.997579486941048,-0.09824859374510869,-1.6201790799288849,0.005455611401786964,-1.7529705199206824e-05,-0.006627563383348578,0.008584206396527004
163,2.00191647883358,-0.11821690346511733,-1.6368922958707477,1.996495948755265,-0.11813085589181781,-1.6303122705732334,0.005420530078315,-8.604757329952473e-05,-0.006580025297514336,0.008525625104983035
164,2.0005990579960784,-0.13811980881359176,-1.6470336057192951,1.9952127626383473,-0.13796586727122728,-1.6404993239373136,0.005386295357731052,-0.00015394154236447744,-0.006534281781981566,0.00846951675631596
165,1.9990830253275467,-0.15796698107052623,-1.657239990352438,1.9937300569078378,-0.15774569414324865,-1.6507495828327603,0.005352968419708892,-0.00022128692727757526,-0.006490407519677666,0.00841597460654873
166,1.9973685855845915,-0.17775058528221466,-1.667520979167422,1.9920479798330735,-0.17746242484086058,-1.6610725047296746,0.005320605751518048,-0.0002881604413540739,-0.00644847443774732,0.008365088438105656
167,1.9954559588411762,-0.19746281319575548,-1.6778862302916604,1.9901666996203604,-0.19710817293466984,-1.671477678439753,0.005289259220815801,-0.0003546402610856425,-0.0064085518519074736,0.008316944730990736
168,1.9933453805299626,-0.2170958864905756,-1.6883455474238869,1.988086404396152,-0.21667508038737962,-1.6819748408132476,0.0052589761338106555,-0.00042080610319597533,-0.006370706610639321,0.008271626833417995
169,1.991037101465358,-0.23664206001014057,-1.6989088966678216,1.985807302188237,-0.236155320696897,-1.692573893429715,0.005229799277121083,-0.00048673931324358377,-0.006335003238106651,0.008229215130548891
170,1.9885313878465254,-0.2560936249917762,-1.7095864233284137,1.9833296209049371,-0.2555411020268312,-1.7032849192537511,0.005201766941588248,-0.000552522964944957,-0.006301504074662567,0.008189787209957342
171,1.9858285212385296,-0.2754429122924672,-1.7203884686303648,1.980653608312316,-0.27482467032312397,-1.714118199216562,0.005174912926213526,-0.0006182419693432362,-0.00627026941380282,0.008153418022413692
172,1.98292879852971,-0.29468229560841297,-1.7313255863064823,1.977779532009403,-0.2939983124155676,-1.725084228672093,0.005149266520307005,-0.0006839831928453499,-0.006241357634389155,0.00812018003652612
173,1.9798325318632632,-0.31380419468600895,-1.742408558989265,1.9747076794014329,-0.3130543591029702,-1.7361937336623283,0.005124852461830365,-0.0007498355830387604,-0.006214825326936735,0.008090143385716604
174,1.9765400485409241,-0.3328010785217821,-1.7536484143226871,1.971438357671107,-0.33198518822073414,-1.7474576869099745,0.005101690869817155,-0.0008158903010479501,-0.006190727412712649,0.00806337600593149
175,1.9730516908965148,-0.3516654685486332,-1.7650564406921603,1.9679718937478738,-0.35078322768961984,-1.7588873234378162,0.00507979714864093,-0.000882240859013339,-0.006169117254344103,0.008039943762396553
176,1.969367816137028,-0.3703899418055264,-1.7766442024488043,1.964308634275237,-0.36944095854447706,-1.7704941556922353,0.005059181861791107,-0.0009489832610493631,-0.006150046756568939,0.008019910563616787
177,1.9654887961487923,-0.3889671340875087,-1.7884235544790656,1.960448945576091,-0.3879509179417303,-1.7822899880233805,0.005039850572701399,-0.0010162161457784036,-0.006133566455685191,0.008003338460692884
178,1.9614150172661664,-0.4073897430726358,-1.8004066559420786,1.9563932136160893,-0.40630570214441675,-1.7942869303459041,0.005021803650077095,-0.0010840409282190655,-0.006119725596174463,0.007990287729891495
179,1.9571468800001108,-0.42565053142202086,-1.8126059829645307,1.9521418439650484,-0.4244979694835826,-1.8064974107716563,0.005005036035062416,-0.001152561938438268,-0.0061085721928744174,0.007980816936239575
180,1.9526847987239107,-0.44374232984879824,-1.8250343400457765,1.9476952617563903,-0.44252044329485246,-1.818934186968815,0.004989536967520358,-0.0012218865539457835,-0.006100153076961545,0.007974982975739144
181,1.948029201313266,-0.4616580401513035,-1.837704869884176,1.9430539116446306,-0.46036591482899825,-1.8316103559602837,0.004975289668635474,-0.0012921253223052709,-0.006094513923892375,0.007972841093605932
182,1.9431805287379567,-0.4793906382052035,-1.8506310612886538,1.9382182577609126,-0.47802724613534286,-1.8445393620273418,0.004962270977044048,-0.001363392069860636,-0.0060916992613120335,0.007974444875729103
183,1.9381392346023192,-0.4969331769086603,-1.8638267547869711,1.933188783666595,-0.4954973729168449,-1.8577350023321744,0.0049504509357241044,-0.0014358039918153653,-0.006091752454796762,0.007979846210325546
184,1.932905784631877,-0.5142787890738731,-1.8773061454838538,1.9279659923048962,-0.5127693073557238,-1.871211429814701,0.004939792326980719,-0.0015094817181493525,-0.0060947156691528726,0.007989095216539996
185,1.9274806561036453,-0.5314206902575086,-1.8910837826576692,1.9225504059505998,-0.5298361409084934,-1.884983152854841,0.00493025015304549,-0.0015845493490151963,-0.006100629802828106,0.008002240136500782
186,1.9218643372179354,-0.5483521815215925,-1.9051745655137857,1.9169425661578283,-0.5466910470692872,-1.899065031120944,0.00492177106010705,-0.0016611344523053129,-0.006109534392841676,0.00801932718711852
187,1.9160573264098992,-0.5650666521154032,-1.919593734436107,1.911143033705888,-0.5633272841003701,-1.9134722669486295,0.004914292704011336,-0.0017393680150330493,-0.006121467487477439,0.008040400367684586
188,1.9100601315996628,-0.5815575820677642,-1.9343568569959937,1.9051523885431907,-0.5797381977287431,-1.928220391512157,0.004907743056472125,-0.0018193843390210684,-0.006136465483836728,0.008065501219127365
189,1.9038732693806888,-0.5978185446779,-1.949479807890549,1.898971229729261,-0.5959172238077642,-1.9433252449633298,0.004902039651427881,-0.0019013208701357254,-0.006154562927219276,0.008094668530612402
190,1.8974972641470564,-0.6138432088916986,-1.9649787418912474,1.892600175374829,-0.6118578909427194,-1.958802949622059,0.004897088772227498,-0.0019853179489792705,-0.006175792269188518,0.008127937989046456
191,1.8909326471616823,-0.6296253415488361,-1.9808700587908838,1.886039862580021,-0.6275538230792937,-1.9746698752097716,0.004892784581661314,-0.002071518469542344,-0.006200183581112295,0.008165341766986377
192,1.884179955569184,-0.6451588094847908,-1.997170359244288,1.8792909473706498,-0.6429987420539088,-1.9909425950243342,0.004889008198534217,-0.002160067430881929,-0.006227764219953746,0.008206908044484705
193,1.8772397313591673,-0.6604375814703545,-2.0138963903095406,1.8723541046326122,-0.6581864701049049,-2.007637831866406,0.004885626726555126,-0.002251111365449532,-0.006258558443134721,0.008252660460543541
194,1.8701125202882467,-0.6754557299698841,-2.031064979415986,1.865230028044401,-0.6731109323435617,-2.024772392446539,0.0048824922438457374,-0.002344797626322448,-0.006292586969447012,0.008302617490145834
195,1.8627988707721528,-0.6902074326983091,-2.0486929554187605,1.8579194300077386,-0.6877661591839738,-2.0423630889355304,0.004879440764414156,-0.002441273514335318,-0.006329866483230084,0.00835679174329128
196,1.8552993327628824,-0.7046869739559203,-2.066797055354013,1.8504230415763365,-0.7021462887308055,-2.060426646274568,0.004876291186545867,-0.002540685225114747,-0.006370409079444972,0.00841518918317207
197,1.8476144566300605,-0.7188887457193297,-2.0853938154930196,1.8427416123827909,-0.7162455691239705,-2.078979593845187,0.0048728442472696365,-0.0026431765953591757,-0.006414221647832452,0.008477808261568893
198,1.8397447920705217,-0.732807248466865,-2.104499445317454,1.8348759105636196,-0.7300583608392996,-2.0980381401223296,0.004868881506902012,-0.0027488876275653107,-0.006461305195124556,0.008544638970827126
199,1.8316908870755984,-0.7464370917172338,-2.1241296831141425,1.8268267226824504,-0.7435791389442745,-2.1176180290088564,0.004864164393147963,-0.0028579527729593046,-0.006511654105286091,0.008615661813402582
200,1.8234532869916797,-0.7597729942617654,-2.144299632029464,1.8185948536513634,-0.7568024953079283,-2.137734376690414,0.004858433340316326,-0.002970498953837053,-0.006565255339050058,0.008690846692007032
201,1.8150325337162054,-0.7728097840731619,-2.1650235756462,1.8101811266504018,-0.7697231407640244,-2.1584014880706035,0.00485140706580367,-0.003086643309137549,-0.00662208757559668,0.008770151725873691
202,1.8064291650782247,-0.7855423978777331,-2.1863147724651255,1.8015863830452545,-0.7823359072266527,-2.179632652163961,0.004842782032970172,-0.0032064906510803626,-0.006682120301164662,0.008853522001642137
203,1.797643714459783,-0.7979658803838222,-2.2081852291058888,1.7928114823031196,-0.7946357497573974,-2.201439916254256,0.004832232156663396,-0.003330130626424843,-0.006745312851632601,0.008940888270823231
204,1.788676710721344,-0.8100753831668445,-2.2306454526018706,1.7838573019067592,-0.8066177485832404,-2.22383383918308,0.004819408814584758,-0.003457634583604041,-0.006811613418790774,0.009032165609801588
205,1.7795286785008166,-0.8218661632212863,-2.2537041828638835,1.774724737266751,-0.8182771110644103,-2.246823224830935,0.0048039412340656895,-0.0035890521568759937,-0.006880958032948303,0.009127252062714636
206,1.7702001389609592,-0.8333335812023747,-2.27736810723551,1.7654147016319481,-0.8296091736113709,-2.270414837697643,0.004785437329011044,-0.0037244075910037866,-0.006953269537866902,0.009226027292396593
207,1.7606916110633108,-0.844473099394984,-2.3016415600588718,1.7559281259981563,-0.8406094035501944,-2.294613103481373,0.00476348506515456,-0.0038636958447896275,-0.007028456577498954,0.009328351269585825
208,1.7510036134475677,-0.8552802794646803,-2.3265262113042073,1.746265959015033,-0.8512734009355746,-2.319419798686549,0.004737654432534821,-0.004006878529105751,-0.007106412617658542,0.00943406303569899
209,1.7411366669925668,-0.8657507800653425,-2.352020749567206,1.7364291668912253,-0.8615969003107405,-2.3448337345377843,0.004707500101341466,-0.004153879754601908,-0.007187015029421762,0.009542979579405784
210,1.7310912981278657,-0.8758803543990374,-2.378120566066257,1.7264187332977474,-0.8715757724135882,-2.3708504418018905,0.004672564830118242,-0.004304581985449252,-0.007270124264366462,0.009654894871537553
211,1.7208680429523577,-0.8856648478459535,-2.40481744762114,1.7162356592696177,-0.8812060258283252,-2.3974618644663783,0.004632383682739993,-0.004458822017628261,-0.007355583154761813,0.009769579106369837
212,1.7104674521976706,-0.8951001958040348,-2.432099287889364,1.7058809631057523,-0.8904838085819884,-2.424656071515499,0.004586489091918278,-0.004616387222046381,-0.007443216373864914,0.009886778199308874
213,1.6998900970486779,-0.9041824218980045,-2.4599498272817244,1.6953556802671397,-0.8994054096851778,-2.4524169971891108,0.004534416781538209,-0.00477701221282667,-0.007532830092613629,0.010006213591282965
214,1.6891365758011385,-0.9129076367338352,-2.488348432864172,1.6846608632732913,-0.9079672606164054,-2.4807242209956297,0.0044757125278471754,-0.004940376117429812,-0.007624211868542119,0.010127582407959836
215,1.6782075212975993,-0.9212720373853448,-2.5172699300580663,1.6737975815969954,-0.9161659367494548,-2.509552799257385,0.004409939700603882,-0.00510610063589001,-0.007717130800681371,0.01025055801708491
216,1.667103609038273,-0.9292719078021975,-2.5466844979537075,1.6627669215573662,-0.9239981587231878,-2.5388731599736905,0.004336687480906765,-0.005273749079009682,-0.007811337980017097,0.010374791019267159
217,1.6558255658154006,-0.9369036203210672,-2.5765576394419094,1.6515699862112163,-0.9314607937532426,-2.5686510721830618,0.004255579604184323,-0.005442826567824577,-0.007906567258847641,0.010499910696460621
218,1.6443741786702368,-0.9441636384422308,-2.606850236060222,1.6402078952427481,-0.9385508568851079,-2.598847699706418,0.004166283427488704,-0.00561278155712297,-0.008002536353804324,0.01062552692811545
219,1.6327503039245714,-0.9510485210012692,-2.637518695399938,1.628681784851592,-0.9452655121880633,-2.6294197471130945,0.0040685190729794485,-0.005783008813205925,-0.008098948286843655,0.010751232568119003
220,1.6209548759975794,-0.9575549278196012,-2.6685151961384657,1.6169928076391802,-0.951602073889516,-2.6603197029822847,0.0039620683583991845,-0.005952853930085156,-0.008195493156180955,0.010876606256666975
221,1.6089889156879633,-0.9636796268592374,-2.6997880323264956,1.6051421324934945,-0.957558007449271,-2.691496182110619,0.00384678319446885,-0.006121619409966361,-0.00829185021587664,0.011001215621387408
222,1.5968535375849404,-0.9694195028387126,-2.7312820546191534,1.593130944472173,-0.9631309305733167,-2.722894364390203,0.0037225931127673473,-0.00628857226539592,-0.008387690228950362,0.011124620802398571
223,1.5845499562730814,-0.9747715671923203,-2.762939201911218,1.5809604446840095,-0.9683186141667071,-2.7544565238654024,0.0035895115890718365,-0.006452953025613217,-0.008482678045815373,0.011246378218244748
224,1.5720794910177232,-0.9797329691783969,-2.7946991125891345,1.5686318501688397,-0.9731189832251738,-2.7861226372410264,0.003447640848883493,-0.006613985953223156,-0.008576475348108126,0.011366044475059461
225,1.5594435686604027,-0.9843010078701907,-2.826499800650045,1.5561463937758424,-0.9775301176650971,-2.817831057161089,0.003297174884560272,-0.006770890205093583,-0.008668743488955855,0.011483180311486962
226,1.5466437245164038,-0.9884731447007852,-2.858278378566024,1.5435053240402514,-0.9815502530915156,-2.8495192322111245,0.0031384004761523254,-0.006922891609269621,-0.008759146354899716,0.011597354467677611
227,1.5336816011459542,-0.9922470161872579,-2.8899718062655952,1.530709905058507,-0.9851777815038595,-2.881124453092601,0.0029716960874472953,-0.007069234683398373,-0.008847353172994232,0.011708147368939424
228,1.5205589449619379,-0.9956204464333048,-2.9215176441769795,1.5177614163618436,-0.9884112519391305,-2.912584602987957,0.002797528600094301,-0.0072091944941743424,-0.008933041189022273,0.011815154523236152
229,1.5072776007338362,-0.9985914590068795,-2.9528547880525706,1.5046611527883416,-0.9912493710522671,-2.9438388899030694,0.0026164479454946488,-0.007342087954612442,-0.009015898149501211,0.01191798954635083
230,1.493839504142906,-1.0011582878108167,-2.983924164291621,1.49141042435344,-0.9936910036334646,-2.974828539761162,0.0024290797894659377,-0.007467284177352096,-0.009095624530459201,0.01201628674791077
231,1.4802466726302108,-1.0033193866085803,-3.014669366611135,1.4780105561189416,-0.9957351730622453,-3.0054974311418126,0.002236116511269204,-0.007584213546334984,-0.009171935469322268,0.012109703234257795
232,1.4665011948507571,-1.0050734369306948,-3.0450372180006875,1.4644628880605028,-0.9973810616980933,-3.0357926556293995,0.002038306790254296,-0.007692375232601578,-0.009244562371288012,0.012197920508306863
233,1.4526052190988064,-1.0064193541649618,-3.0749782456794876,1.450768774933639,-0.9986280112074989,-3.0656649915020315,0.0018364441651672614,-0.007791342957462866,-0.009313254177456098,0.012280645570428557
234,1.4385609410985374,-1.007356291718985,-3.1044470609547243,1.4369295861382525,-0.9994755228272839,-3.095069282657533,0.001631354960284881,-0.007880768891701195,-0.00937777829719133,0.012357611546011798
235,1.4243705915598757,-1.00788364323028,-3.1334026401512673,1.4229467055816887,-0.9999232575641007,-3.1239647189303588,0.0014238859781869895,-0.007960385666179293,-0.009437921220908585,0.012428577883461439
236,1.410036423882804,-1.0080010428811093,3.1213768003213023,1.4088215315403523,-0.9999710363300244,3.1308702891621083,0.0012148923424517566,-0.008030006551084878,-0.00949348884080603,0.012493330179928914
237,1.3955607023578882,-1.0077083639469735,3.0935524877996405,1.3945554765198755,-0.9996188400141854,3.1030967943149705,0.0010052258380126577,-0.008089523932788056,-0.009544306515330003,0.012551679700467572
238,1.3809456911604048,-1.007005715765539,3.0663369368688285,1.3801499671138728,-0.9988668094904141,3.0759271557872387,0.0007957240465319426,-0.008138906275124924,-0.009590218918410276,0.012603462659782487
239,1.3661936443753364,-1.0058934393545107,3.0397527997018625,1.3656064438612794,-0.9977152455608932,3.0493838894183343,0.0005872005140570291,-0.008178193793617505,-0.009631089716471752,0.012648539334500275
240,1.351306797225676,-1.0043721019319165,3.0138183201124544,1.350926361102302,-0.9961646088358407,3.023485121228019,0.00038043612337412824,-0.008207493096075824,-0.009666801115564727,0.012686793068935259
241,1.3362873586116606,-1.0024424906012366,2.988547536570809,1.3361111868329818,-0.9942155195492712,2.998244789888664,0.00017617177867879086,-0.008226971051965348,-0.00969725331785476,0.012718129229415929
242,1.3211375050076641,-1.0001056054586623,2.963950529482447,1.3211624025584014,-0.9918687573109126,2.9736728934044856,-2.4897550737312812e-05,-0.00823684814774972,-0.009722363922038735,0.01274247415260008
243,1.3058593757094967,-0.997362652363107,2.940033701188897,1.3060815031445296,-0.9891252607943699,2.9497757684852686,-0.000222127435032915,-0.00823739156873704,-0.009742067296371726,0.012759774122653186
244,1.2904550693797014,-0.9942150355843606,2.9168000779128866,1.2908699966687416,-0.9859861273616705,2.9265563918596627,-0.00041492728904013454,-0.008228908222690179,-0.009756313946776007,0.012769994401749135
245,1.2749266418030827,-0.9906643505139998,2.894249623937547,1.2755294042690073,-0.9824526126243325,2.904014693833692,-0.0006027624659246111,-0.008211737889667337,-0.009765069896145118,0.012773118328565085
246,1.259276104739197,-0.9867123765900706,2.872379559563727,1.2600612599917844,-0.9785261299411385,2.8821478756489345,-0.0007851552525874883,-0.008186246648932083,-0.009768316085207562,0.012769146490989218
247,1.2435054257423492,-0.982361070552567,2.851184675730787,1.2444671106386092,-0.974208249852809,2.8609507235309106,-0.0009616848962599178,-0.00815282069975809,-0.0097660478001238,0.012758095972220987
248,1.2276165288116858,-0.9776125601141813,2.8306576395311853,1.2287485156114235,-0.9695006994538089,2.8404159136590224,-0.0011319867997376942,-0.008111860660372394,-0.00975827412783703,0.012739999664132303
249,1.2116112957329617,-0.9724691381010995,2.8107892861343005,1.2129070467566294,-0.9644053617015306,2.820534303571183,-0.001295751023667746,-0.0080637763995689,-0.00974501743688272,0.012714905637979727
250,1.1954915679780311,-0.9669332570926196,2.791568893815456,1.1969442882079129,-0.9589242746631383,2.8012952066945758,-0.0014527202298817432,-0.008008982429481226,-0.009726312879119625,0.01268287656033027
251,1.1792591490366642,-0.9610075245665378,2.772984439834139,1.1808618362278254,-0.9530596307003675,2.7826866477405034,-0.0016026871911611895,-0.007947893866170341,-0.009702207906364446,0.012643989141048051
252,1.1629158070665981,-0.9546946985396751,2.7550228358069973,1.1646612990481637,-0.9468137755926088,2.764695597602315,-0.0017454919815655945,-0.007880922947066327,-0.00967276179531762,0.01259833360029264
253,1.1464632777606913,-0.9479976836794439,2.7376701419736267,1.1483442967091446,-0.9401892075986283,2.747308187147715,-0.0018810189484532724,-0.007808476080815585,-0.009638045174088283,0.012546013142304444
254,1.1299032673436693,-0.94091952785263,2.7209117603617816,1.1319124608974056,-0.9331885764572977,2.7305098999059307,-0.0020091935537362993,-0.007730951395332308,-0.00959813954414912,0.012487143425232416
255,1.1132374556245457,-0.933463419071134,2.7047326073344395,1.1153674347828333,-0.9258146823277321,2.71428574412675,-0.0021299791582876093,-0.007648736743401829,-0.00955313679231029,0.012421852018004295
256,1.0964674990437886,-0.9256326827907664,2.6891172663583593,1.0987108728542532,-0.918070474669267,2.69862040504676,-0.0022433738104645773,-0.007562208121499436,-0.009503138688400803,0.01235027783725251
257,1.0795950336663267,-0.9174307795178096,2.6740501220883734,1.081944440753977,-0.9099590510617106,2.6834983784538204,-0.0023494070876504125,-0.007471728456099003,-0.009448256365446994,0.012272570559275315
258,1.0626216780823041,-0.9088613026784439,2.6595154770296965,1.0650698151112423,-0.9014836559663549,2.6689040868100813,-0.002448137028938202,-0.007377646712088959,-0.009388609780384805,0.012188890003982832
259,1.0455490361870097,-0.8999279767078542,2.6454976521376925,1.0480886833745522,-0.8926476794282345,2.654821979292142,-0.0025396471875425153,-0.007280297279619652,-0.009324327154449641,0.012099405489528684
260,1.0283786998195663,-0.8906346553184835,2.631981072754931,1.0310027436429283,-0.8834546557201532,2.6412366171483908,-0.00262404382336201,-0.007179999598330267,-0.009255544393459658,0.012004295157911174
261,1.0111122512468391,-0.8809853199101602,2.618950341281856,1.0138137044961069,-0.8739082619290224,2.6281327457710297,-0.002701453249267738,-0.00707705798113778,-0.009182404489173734,0.011903745273197134
262,0.993751265484685,-0.8709840780884303,2.6063902979408127,0.9965232848236771,-0.8640123164850744,2.615495354844479,-0.002772019338992182,-0.006971761603355886,-0.009105056903666142,0.011797949495093314
263,0.9762973124532152,-0.8606351622611625,2.594286070932923,0.979133213653199,-0.8537707776345435,2.603309727872266,-0.0028359011999838923,-0.006864384626619091,-0.009023656939342928,0.011687108131491998
264,0.9587519589663389,-0.849942928287204,2.5826231172108884,0.9616452299772965,-0.8431877418564168,2.591561482308587,-0.0028932710109575988,-0.006755186430787208,-0.008938365097698409,0.0115714273742392
265,0.9411167705585904,-0.8389118541544315,2.5713872550044345,0.9440610825797653,-0.8322674422239013,2.5802366014347324,-0.002944312021174844,-0.006644411930530225,-0.008849346430297889,0.011451118522835797
266,0.923393313154279,-0.8275465386678958,2.5605646891435905,0.9263825298606904,-0.821014246711247,2.56932145902926,-0.0029892167064113906,-0.006532291956648839,-0.008756769885669424,0.011326397201023589
267,0.9055831545854295,-0.8158517001318291,2.5501420301320588,0.9086113396606129,-0.8094326564466194,2.558802837787985,-0.0030281850751834316,-0.006419043685209624,-0.008660807655926028,0.01119748257132558
268,0.8876878659659369,-0.8038321750120723,2.5401063078312873,0.8907492890837423,-0.7975273039117043,2.5486679423582137,-0.0030614231178054396,-0.006304871100367926,-0.008561634526926376,0.011064596552570097
269,0.8697090229299111,-0.791492916567956,2.530444980527524,0.8727981643202526,-0.7853029510887806,2.538904407763251,-0.0030891413903414433,-0.0061899654791753855,-0.008459427235727013,0.010927963045300967
270,0.8516482067424536,-0.7788389934448434,2.521145940070489,0.8547597604676596,-0.7727644875559871,2.5295003039093875,-0.0031115537252059955,-0.006074505888856274,-0.008354363838898315,0.010787807169730308
271,0.8335070052911194,-0.7658755882204373,2.512197513694117,0.836635881351318,-0.759916928531561,2.5204441367892327,-0.0031288760601985155,-0.005958659688876322,-0.008246623095115702,0.010644354520628233
272,0.8152870139661801,-0.7526079958995727,2.5035884630576932,0.8184283393440346,-0.7467654128678123,2.5117248469228364,-0.003141325377854498,-0.00584258303176044,-0.008136383865143149,0.010497830443169173
273,0.7969898364375159,-0.7390416223535958,2.4953079809797196,0.800138955184839,-0.7333152009956565,2.503331805511806,-0.003149118747323154,-0.005726421357939326,-0.008023824532086277,0.010348459333403953
274,0.7786170853356208,-0.7251819827015891,2.4873456862770102,0.7817695577969044,-0.7195716728205074,2.495254808721464,-0.003152472461283584,-0.005610309881081688,-0.007909122444453853,0.010196463966605182
275,0.760170382843784,-0.711034699631659,2.4796916170676524,0.7633219841046635,-0.7055403255703919,2.4874840704519436,-0.003151601260879433,-0.005494374061267071,-0.0077924533842912425,0.010042064856345694
276,0.74165136120808,-0.6966055016613012,2.4723362228482757,0.7447980788501106,-0.6912267715971265,2.480010213910566,-0.003146717642030672,-0.005378730064174664,-0.007673991062290497,0.009885479646736313
277,0.7230616631713486,-0.6819002213364929,2.4652703556131725,0.7261996944083366,-0.6766367361314569,2.4728242622546763,-0.0031380312369880814,-0.005263485205035945,-0.007553906641503794,0.009726922539863282
278,0.7044029423369127,-0.6669247933696846,2.458485260244861,0.7075286906022854,-0.6617760549930369,2.4659176285357978,-0.0031257482653727076,-0.0051487383766476436,-0.007432368290936964,0.009566603760048283
279,0.6856768634673444,-0.6516852527172654,2.4519725643722254,0.68878693451678,-0.6466506722561834,2.4592821051422575,-0.0031100710494356143,-0.005034580461081961,-0.007309540770032097,0.009404729056193337
280,0.6668851027231982,-0.6361877325973984,2.4457242678630053,0.6699763003118093,-0.631266637872321,2.452909852907744,-0.0030911975886110943,-0.004921094725077402,-0.0071855850447386516,0.009241499243098571
281,0.6480293478462414,-0.6204384624493601,2.4397327320917426,0.65109866903512,-0.6156301052500863,2.446793390027349,-0.003069321188878593,-0.0048083571992737495,-0.007060657935606507,0.009077109782301298
282,0.6291112982913699,-0.6044437658357034,2.433990669101952,0.6321559284341076,-0.5997473287940437,2.440925580900035,-0.003044630142737703,-0.0046964370416596735,-0.006934911798083032,0.00891175040267238
283,0.6101326653110694,-0.5882100582886874,2.428491130761887,0.6131499727670459,-0.5836246614030073,2.435299624996844,-0.0030173074559765034,-0.00458539688568016,-0.00680849423495733,0.008745604760709456
284,0.5910951719959964,-0.5717438451025135,2.4232274979964994,0.5940827026136648,-0.5672685519289687,2.4299090458371793,-0.0029875306176684324,-0.004475293173544781,-0.006681547840679869,0.008578850140198083
285,0.5720005532749849,-0.5550517190729594,2.4181934701637555,0.5749560246850888,-0.5506855425976376,2.4247476801408347,-0.0029554714101038826,-0.004366176475321781,-0.006554209977079228,0.008411657190663424
286,0.5528505558775431,-0.5381403581860372,2.4133830546310495,0.5557718516331736,-0.5338822663916443,2.419809667210888,-0.002921295755630493,-0.00425809179439296,-0.006426612579838675,0.008244189703826696
287,0.5336469382616966,-0.5210165232573186,2.408790556596852,0.5365321018592358,-0.5168654443974288,2.4150894385917674,-0.0028851635975392087,-0.004151078859889856,-0.006298881994915462,0.008076604427075777
288,0.5143914705098341,-0.503687055523561,2.4044105691936806,0.5172386993222217,-0.4996418831169025,2.410581708037644,-0.0028472288123875256,-0.0040451724066584704,-0.006171138843963586,0.007909050912793328
289,0.4950859341950416,-0.4861588741882681,2.4002379639008016,0.49789357334630513,-0.48221847174493154,2.4062814618184905,-0.00280763915126353,-0.003940402443336544,-0.006043497917688878,0.007741671402240617
290,0.47573212222025196,-0.4684389739227919,2.3962678812885785,0.47849865842796485,-0.4646021794137574,2.402183949384547,-0.0027665362077128886,-0.003836794509034458,-0.005916068095968452,0.0075746007425658525
291,0.45633183863239957,-0.4505344223245658,2.3924957221109353,0.4590558940425284,-0.44680005240543,2.398284674404404,-0.002724055410128823,-0.0037343699191357826,-0.005788952293468874,0.007407966335402506
292,0.4368868984136336,-0.4324523573340304,2.3889171387578267,0.4395672244502339,-0.42881921133339584,2.394579386187274,-0.002680326036600289,-0.0036331460006345795,-0.005662247429447209,0.007241888115449312
293,0.41739912725153605,-0.4141999846117918,2.3855280270758215,0.4200345985017983,-0.41066684829434086,2.3910640714961615,-0.0026354712502622557,-0.0035331363174509467,-0.005536044420340058,0.007076478557349553
294,0.39787036129017345,-0.3957845748775216,2.382324518561777,0.40045996944354106,-0.39235022399145386,2.387734946755494,-0.0025896081533676174,-0.0034343508860677496,-0.005410428193716843,0.006911842709146995
295,0.3783024468637204,-0.37721346121208976,2.3793029729320305,0.3808452947220541,-0.373876664830236,2.3845884506541766,-0.0025428478583336966,-0.003336796381853746,-0.005285477722146048,0.006748078250575247
296,0.35869724021429306,-0.35849403632439286,2.3764599710674537,0.36119253578846583,-0.35525355998804264,2.381621237142953,-0.0024952955741727734,-0.0032404763363502176,-0.00516126607549916,0.006585275574418315
297,0.33905660719555064,-0.33963374978432626,2.37379230833309,0.34150365790229065,-0.3364883584585042,2.3788301688233062,-0.002447050706740006,-0.0031453913258220334,-0.0050378604902161506,0.006423517889193908
298,0.3193824229635332,-0.32064010522332465,2.371296988269786,0.3217806299349115,-0.31758856607203484,2.3762123107238504,-0.002398206971378325,-0.003051539151289806,-0.004915322454064341,0.00626288134143153
299,0.29967657165613343,-0.30152065750388674,2.3689712166542676,0.3020254241726877,-0.2985617424935936,2.373764924459197,-0.002348852516554256,-0.0029589150102931616,-0.004793707804929603,0.006103435155853172
300,0.27994094606251735,-0.28228300985948035,2.3668123959233665,0.2822400161197344,-0.27941549819892586,2.371485462765573,-0.0022990700572170786,-0.0028675116605544893,-0.004673066842206364,0.005945241791814414
301,0.2601774472837425,-0.26293481100622035,2.3648181199576235,0.2624263843003676,-0.260157491430468,2.3693715644070066,-0.0022489370166250966,-0.002777319575752335,-0.004553444449383104,0.0057883571144342425
302,0.24038798438574527,-0.24348375222769802,2.3629861692191647,0.2425865100612595,-0.2407954251341592,2.3674210494456176,-0.0021985256755142346,-0.0026883270935388337,-0.004434880226452886,0.00563283057891262
303,0.22057447404580655,-0.22393756443433963,2.3613145062385925,0.22272237737329917,-0.22133704387835867,2.365631914869418,-0.002147903327492623,-0.0026005205559809508,-0.0043174086308255255,0.005478705426636853
304,0.2007388401935303,-0.20430401519866248,2.3598012714456194,0.20283597263320371,-0.2017901307561289,2.364002330571082,-0.0020971324396734103,-0.002513884442533587,-0.004201059125462425,0.0053260188917778045
305,0.18088301364731088,-0.1845909057678006,2.3584447793382437,0.1829292844648735,-0.182162504272095,2.3625306356712543,-0.0020462708175626176,-0.002428401495705612,-0.004085856333010618,0.005174802417209435
306,0.16100893174719233,-0.16480606805466416,2.357243514985464,0.16300430352053824,-0.16246201521515416,2.3612153351802236,-0.001995371773345911,-0.0023440528395100024,-0.003971820194759612,0.005025081878714097
307,0.14111853798496612,-0.1449573616091038,2.3561961308587844,0.14306302228168652,-0.14269654351825772,2.360055096992098,-0.0019444842967203946,-0.0022608180908460784,-0.0038589661333134906,0.004876877816610704
308,0.12121378163228348,-0.12505267057044547,2.355301443988077,0.1231074348598263,-0.12287399510655006,2.3590487492060004,-0.001893653227542813,-0.002178675463895413,-0.0037473052179235466,0.0047302056741161105
309,0.10129661736750384,-0.10509990060276957,2.354558433437774,0.10313953679706928,-0.10300229873509785,2.3581952777692634,-0.0018429194295654372,-0.0020976018676717167,-0.003636844331489364,0.004585076041966588
310,0.08136900490193272,-0.08510697581430444,2.3539662380997544,0.08316132486658098,-0.0830894028174964,2.3574938244380585,-0.0017923199646482646,-0.002017572996808048,-0.0035275863383041894,0.004441494909072408
311,0.06143290860604818,-0.0650818356623116,2.3535241547997856,0.06317479687290779,-0.06314327224661277,2.356943685051464,-0.0017418882668596147,-0.0019385634156988268,-0.0034195302516781823,0.0042994639192638125
312,0.0414902971362533,-0.04503243184484083,2.353231636714847,0.04318195145219192,-0.04317188520872868,2.3565443081154838,-0.0016916543159386163,-0.0018605466361121467,-0.0033126714006366242,0.004158980634527863
313,0.02154314306263296,-0.02496672518073421,2.3530882920991956,0.02318478787231655,-0.02318322999237945,2.356295293694157,-0.0016416448096835921,-0.0017834951883547619,-0.003207001594961234,0.004020038805550211
314,0.0015934224981412441,-0.0048926824792655185,2.353093883317564,0.0031853058329736565,-0.0031853017931379904,2.356196392605459,-0.0015918833348324123,-0.0017073806861275282,-0.0031025092878951277,0.0038826286508696663
315,-0.018356885270415985,0.015181726599202548,2.3532483261844344,-0.016814494734297237,0.016813900484349713,2.3562475059203347,-0.0015423905361187477,-0.0016321738851471645,-0.002999179735900359,0.003746737146571723
316,-0.03830579814928631,0.03524853269015235,2.3535516896088966,-0.03681261386610762,0.03680637742582691,2.3564486847638113,-0.0014931842831786904,-0.0015578447356745587,-0.0028969951549147055,0.003612348329217446
317,-0.05825133160230661,0.05529976987805085,2.354004195545169,-0.05680705176720758,0.05678413230707805,2.3568001304177795,-0.0014442798350990313,-0.0014843624290271987,-0.0027959348726103173,0.003479443615674736
318,-0.07819149901285743,0.07532747885430108,2.3546062192494297,-0.07679580901047076,0.07673917429251892,2.3573021947256567,-0.0013956900023866792,-0.0014116954382178415,-0.0026959754762270194,0.003348002144781974
319,-0.09812431204308092,0.09532371007861878,2.3553582898441925,-0.0967768867368283,0.09666352163141724,2.357955380799775,-0.0013474253062526198,-0.001339811552798456,-0.0025970909555823596,0.0032180011473754745
320,-0.11804778099025028,0.11528052694244034,2.3562610911920276,-0.11674828685516017,0.11654920485049365,2.358760344032969,-0.001299494135090104,-0.001268677908053309,-0.002499252840941324,0.003089416353369901
321,-0.13795991514023354,0.13519000893297575,2.3573154630809925,-0.13670801224209556,0.13638826994159764,2.359717893416455,-0.0012519028981379798,-0.001198261008621887,-0.002402430335462391,0.0029622224474032586
322,-0.1578587231180351,0.1550442547965149,2.3585224027246956,-0.1566540669417306,0.1561727815432119,2.3608289931666846,-0.0012046561763044972,-0.0011285267466970006,-0.002306590441988998,0.002836393588378399
323,-0.17774221323545086,0.17483538569960375,2.359883066580462,-0.1765844563652152,0.175894826114484,2.3620947646644646,-0.001157756870235671,-0.0010594404148802639,-0.002211698084002567,0.0027119040134267634
324,-0.19760839383591247,0.19455554838670214,2.361398772489583,-0.19649718749021736,0.19554651510054424,2.363516488710183,-0.001111206345695115,-0.0009909667138421063,-0.0021177162206003075,0.002588728753973611
325,-0.21745527363664602,0.2141969183329443,2.363071002144127,-0.21639026906021674,0.21511998808781552,2.365095608099521,-0.0010650045764292737,-0.0009230697548712197,-0.002024605955394332,0.0024668445015427107
326,-0.2372808620683092,0.23375170289061895,2.3649014038852605,-0.23626171178363561,0.23460741594808077,2.366833730524539,-0.0010191502846735867,-0.000855713057461821,-0.0019323266392783367,0.0023462306750031254
327,-0.25708316961232003,0.25321214442799445,2.3668917958384315,-0.25610952853275937,0.2540010039700232,2.3687326318054684,-0.0009736410795606609,-0.0007888595420287303,-0.0018408359670369911,0.0022268707610444845
328,-0.27686020813612733,0.2725705234591114,2.3690441693911555,-0.27593173454245457,0.2732929949770132,2.3707942594589726,-0.0009284735936727628,-0.0007224715179017793,-0.0017500900678171227,0.0021087540287570423
329,-0.2966099912267227,0.29181916176317235,2.3713606930194344,-0.29572634760863703,0.29247567242986966,2.373020736608938,-0.0008836436180856833,-0.0006565106666973075,-0.001660043589503779,0.001991877761892906
330,-0.31633053452273013,0.31095042549215424,2.3738437164690858,-0.3154913882864973,0.3115413635133787,2.3754143662461753,-0.0008391462362328239,-0.0005909380212244519,-0.001570649777089539,0.0018762502159850119
331,-0.3360198560454597,0.32995672826527583,2.376495775298392,-0.33522488008843665,0.3304824422053109,2.3779776358435334,-0.0007949759570230475,-0.0005257139400350885,-0.0014818605451414335,0.0017618946036124844
332,-0.35567597652934935,0.34883053424894567,2.379319595788516,-0.35492484968172117,0.34929133232673576,2.3807132223330263,-0.0007511268476281807,-0.0004607980777900922,-0.0013936265445102514,0.0016488545585607226
333,-0.3752969197522691,0.3675643612208196,2.3823181002280336,-0.37458932708580633,0.3679605105723846,2.3836239974514886,-0.000707592666462753,-0.00039614935156501163,-0.001305897223454977,0.001537201759238086
334,-0.3948807128662028,0.3861507836165879,2.38549441257768,-0.3942163458693397,0.38648250951987934,2.3867130334610547,-0.0006643669968631194,-0.0003317259032914466,-0.0012186208833746548,0.00142704675425589
335,-0.4144253867288744,0.4045824355581105,2.388851864520976,-0.4138039433467995,0.4048499206165983,2.389983609250355,-0.0006214433820749266,-0.0002674850584877819,-0.0011317447293790472,0.0013185546124890649
336,-0.43392897623692916,0.42285201386150534,2.3923940019057492,-0.43335016077475924,0.42305539714299684,2.3934392168216947,-0.0005788154621699237,-0.0002033832814914982,-0.0010452149159454471,0.0012119679529393839
337,-0.4533895206613335,0.44095228102378337,2.396124591580659,-0.4528530435477663,0.44109165715120235,2.3970835681686076,-0.0005364771135671909,-0.00013937612741898864,-0.0009589765879485235,0.0011076414106149567
338,-0.4728050639857087,0.45887606818661,2.400047628629628,-0.472310641393794,0.4589514863776903,2.400920602546995,-0.0004944225919147338,-7.5418191080312e-05,-0.0008729739173669593,0.0010060939634768337
339,-0.49217365524836515,0.4766162780757441,2.40416734400553,-0.49172100856927403,0.47662774112889944,2.404954494141537,-0.00045264667909111767,-1.1463053155358338e-05,-0.0007871501360070532,0.0009080890673803876
340,-0.5114933488888628,0.4941658879146858,2.4084882125625113,-0.5110822040536624,0.49411335113860816,2.409189660127124,-0.00041114483520032774,5.2536776077638514e-05,-0.0007014475646127671,0.0008147569418260385
341,-0.5307622050999778,0.5115179523110223,2.4130149614838774,-0.5303922917435467,0.5114013223959523,2.4136307691226384,-0.00036991335643110634,0.00011662991506999898,-0.0006158076387610123,0.0007277757046726521
342,-0.54997829018602,0.5286656061139253,2.417752579099465,-0.549649340646248,0.5284847399429308,2.4182827500314454,-0.00032894953977191665,0.0001808661709945536,-0.0005301709319804893,0.0006496164935124781
343,-0.5691396769285014,0.5456020672411974,2.422706324082764,-0.5688514250729251,0.5453567706403021,2.42315080125933,-0.00028825185557634914,0.00024529660089533945,-0.00044447717656614927,0.000583797494977695
344,-0.5882444449602285,0.5623206394742053,2.4278817350136412,-0.5879966248311352,0.5620106659007431,2.4282404002962408,-0.0002478201290933013,0.00030997357346218557,-0.0003586652825995351,0.0005349198234978228
345,-0.6072906811489457,0.578814715218963,2.433284640287229,-0.6070830254168587,0.5784397643882002,2.433557313642975,-0.00020765573208703092,0.0003749508307627769,-0.0002726733557461003,0.000507995853813923
346,-0.6262764799917331,0.5950777782315418,2.4389211683432563,-0.6261087182059404,0.5946374946823286,2.439107607057674,-0.00016776178579269718,0.0004402835492132162,-0.0001864387144174806,0.0005067080172187769
347,-0.6451999440214207,0.6111034063058786,2.4447977581826437,-0.645071800644958,0.6105973779069791,2.4448976560896263,-0.00012814337646271934,0.0005060283988994607,-9.989790698261558e-05,0.0005314744182399801
348,-0.6640591842263499,0.6268852739219353,2.450921170129398,-0.6639703764414682,0.6263130303216559,2.4509341568591303,-8.880778488173924e-05,0.0005722436002794096,-1.2986729732489266e-05,0.0005792393424703528
349,-0.6828523204848725,0.6424171548520196,2.4572984967855427,-0.6828025557536419,0.6417781658749337,2.4572241370319414,-4.976473123063929e-05,0.0006389889770858082,7.435975360126079e-05,0.0006452230732601443
350,-0.7015774820160391,0.6576929247229163,2.463937174114746,-0.7015664553792397,0.6569865987187891,2.463774966924827,-1.1026636799416067e-05,0.0007063260041272335,0.00016220718991943883,0.0007247959597617882
351,-0.7202328078479743,0.6727065635312856,2.470844992576292,-0.7202601989439371,0.671932245682862,2.4705943706648235,2.739109596283651e-05,0.0007743178484235225,0.0002506219114684072,0.0008143277872167672
352,-0.7388164473054855,0.6874521581095733,2.4780301082147087,-0.7388819170889542,0.6866091287076386,2.477690437308543,6.546978346877452e-05,0.0008430294019347029,0.00033967090616560114,0.0009112415648823267
353,-0.7573265605184707,0.7019239045394249,2.4855010535915625,-0.7574297476579961,0.7010113772355988,2.4850716318091606,0.00010318713952539582,0.0009125273038260717,0.0004294217824019064,0.001013783375871169
354,-0.7757613189527104,0.7161161105093167,2.493266748424145,-0.7759018358834606,0.715133230559358,2.4927468056970676,0.00014051693075023408,0.0009828799499587149,0.0005199427270774493,0.0011207758220532092
355,-0.7941189059646067,0.7300231976127937,2.5013365097708826,-0.7942963345719204,0.7289690401258765,2.5007252073153747,0.00017742860731373433,0.0010541574869171733,0.0006113024555078894,0.0012314299046339572
356,-0.8123975173813983,0.7436397035833463,2.5097200615746993,-0.8126114042888336,0.7425132717958018,2.509016491422985,0.00021388690743529004,0.0011264317875444574,0.0007035701517144055,0.0013452163913461154
357,-0.8305953621082894,0.7569602844615484,2.518427543343051,-0.8308452135424925,0.7557605080570542,2.5176307279456003,0.00024985143420308553,0.0011997764044942016,0.0007968153974506897,0.0014617810840098025
358,-0.8487106627638087,0.7699797166896314,2.527469517706385,-0.8489959389671652,0.7687054501917557,2.5265784096181902,0.0002852762033564993,0.0012742664978756535,0.0008911080881945921,0.0015808893840669569
359,-0.8667416563445204,0.7826928991281642,2.536856976555039,-0.8670617655054355,0.78134292039565,2.5358704582208973,0.0003201091609150719,0.0013499787325141899,0.0009865183341415396,0.0017023897546507287
360,-0.884686594919952,0.7950948549889605,2.54660134540762,-0.8850408865897049,0.7936678638491532,2.545518229063543,0.00035429166975287085,0.0014269911398072654,0.0010831163440769842,0.0018261892878755498
361,-0.9025437463582486,0.8071807336777309,2.5567144856113933,-0.9029315043228463,0.8056753507392133,2.5555335133215724,0.0003877579645976681,0.001505382938517652,0.0011809722898208364,0.0019522370706483464
362,-0.9203113950826091,0.8189458125393481,2.5672086939167897,-0.9207318296579966,0.8173605782311729,2.565928537768054,0.0004204345753875405,0.001585234308175143,0.0012801561487356672,0.0020805126313345377
363,-0.9379878428579752,0.8303854984978991,2.578096698903666,-0.9384400825774543,0.8287188723898353,2.5767159613820527,0.00045223971947905284,0.0016666261080637845,0.0013807375216132733,0.0022110177411194813
364,-0.9555714096067038,0.8414953295829655,2.5893916536662833,-0.9560544922706857,0.83974569004898,2.5879088682432516,0.00048308266398189303,0.0017496395339854365,0.0014827854230317072,0.002343770460151748
365,-0.9730604342510415,0.8522709763328157,2.6011071240872923,-0.9735732973113987,0.8504366206285644,2.5995207560461813,0.0005128630603572493,0.0018343557042512781,0.0015863680411110082,0.002478800704021318
366,-0.9904532755790946,0.8627082430644268,2.6132570719486683,-0.9909947458336898,0.8607873878989016,2.6115655194852865,0.0005414702545952776,0.0019208551655252037,0.001691552463381818,0.0026161468498364974
367,-1.0077483131296296,0.8728030689995019,2.6258558320403234,-1.008317095707223,0.870793851691091,2.6240574276749693,0.0005687825775932964,0.00200921730841086,0.001798404365354056,0.002755853057460789
368,-1.0249439480893987,0.8825515292349375,2.638918082336191,-1.0255386147114476,0.8804520095530344,2.637011094678,0.0005946666220488783,0.002099519681903139,0.0019069876581911949,0.002897967083072411
369,-1.0420386041947483,0.8919498355455838,2.6524588062147854,-1.042657580708813,0.8897579983503596,2.650441442122924,0.0006189765140647285,0.0021918371952242,0.0020173640918614844,0.0030425384294145113
370,-1.059030728626982,0.9009943370066482,2.6664932456090567,-1.0596722818169868,0.8987080958116269,2.664363652799013,0.0006415531900048066,0.002286241195021299,0.0021295928100437678,0.003189616722116918
371,-1.0759187928883003,0.909681520422826,2.6810368438822616,-1.0765810165800351,0.9072987220171839,2.678793114029098,0.0006622236917348534,0.0023827984056421503,0.0022437298531636785,0.0033392502322832315
372,-1.0927012936420835,0.9180080105512478,2.6961051771469804,-1.0933820941385743,0.9155264408310896,2.693745349540943,0.0006808004964908854,0.0024815697201582276,0.002359827606037257,0.003491484486897221
373,-1.1093767534978338,0.925970570105734,2.7117138726791254,-1.1100738343988477,0.9233879612755189,2.709235938492216,0.0006970809010138357,0.002582608830215105,0.0024779341869094473,0.0036463609238688755
374,-1.1259437217172146,0.9335660995307486,2.7278785130349394,-1.12665456820074,0.9308801388471135,2.7252804202598746,0.0007108464835254846,0.0026859606836351357,0.002598092775064842,0.0038039155596593364
375,-1.1424007748133769,0.9407916365349878,2.74461452446533,-1.1431226374846875,0.9379999767747388,2.7418941835904724,0.0007218626713105802,0.0027916597602489768,0.0027203408748577296,0.003964177645949629
376,-1.1587465170111637,0.9476443553768784,2.7619370482488987,-1.1594763954574863,0.9447446272181542,2.7590923387340904,0.0007298784463225516,0.0028997281587241908,0.002844709514808308,0.004127168298548671
377,-1.1749795805309473,0.9541215658975732,2.779860793644839,-1.1757142067569655,0.9511113924071088,2.776889571263257,0.0007346262260181646,0.003010173490464396,0.002971222381582095,0.004292899087500505
378,-1.1910986256539042,0.960220712301479,2.7983998713133453,-1.1918344476155285,0.9570977257204172,2.7952999764232915,0.0007358219616242501,0.003122986581061804,0.0030998948900538004,0.004461370582464801
379,-1.2071023405216788,0.9659393716901529,2.8175676062793977,-1.2078355060225212,0.9627012327045702,2.814336873086924,0.0007331655008424587,0.0032381389855826725,0.0032307331924736893,0.004632570852402281
380,-1.2229894406188788,0.9712752523626926,2.837376329841815,-1.2237157818854385,0.9679196720314864,2.834012596709942,0.0007263412665596825,0.0033555803312061983,0.0033637331318732144,0.004806473923485595
381,-1.2387586678830682,0.9762261919046998,2.8578371502692894,-1.2394736871899266,0.9727509563950139,2.8543382711218332,0.0007150193068583555,0.003475235509685981,0.0034988791474561687,0.004983038204295266
382,-1.2544087893842597,0.9807901550985887,2.878959702693615,-1.2551076461585875,0.9771931533458231,2.875323559550972,0.000698856774327794,0.0035970017527655607,0.0036361431426428226,0.0051622048926995125
383,-1.2699385955149491,0.9849652317004693,2.9007518793195755,-1.2706160954085512,0.9812444860643621,2.896976395989684,0.000677499893602107,0.0037207456361072477,0.003775483329891305,0.005343896384542755
384,-1.2853468976330316,0.9887496341429457,2.9232195419282134,-1.2859974841078177,0.9849033340715609,2.9193026988581225,0.0006505864747861079,0.003846300071384756,0.003916843070090881,0.005528014710185561
385,-1.3006325251042035,0.9921416952386771,2.9463662196553737,-1.3012502741303347,0.9881682338770005,2.9423060699269263,0.0006177490261312091,0.0039734613616766445,0.004060149728447371,0.005714440031134681
386,-1.3157943216983847,0.9951398659760066,2.9701927961702497,-1.3163729402098099,0.9910378795642899,2.9659874825973085,0.0005786185114251552,0.004101986411716663,0.004205313572941183,0.005903029235099157
387,-1.3308311413069833,0.9977427135146653,2.9946971916357423,-1.3313639700922384,0.993511123313416,2.990344964890073,0.0005328287852550684,0.004231590201249302,0.004352226745669263,0.006093614673691172
388,-1.3457418429650856,0.9999489195055714,3.0198740461644085,-1.3462218646871233,0.9955869758598548,3.01537328382298,0.00048002172203776006,0.004361943645716626,0.004500762341428377,0.006286003092272194
389,-1.3605252851853114,1.0017572788728226,3.0457144128329396,-1.360945138217388,0.9972646068902659,3.0410636392016177,0.0004198530320767002,0.004492671982556762,0.004650773631321936,0.006479974805598702
390,-1.3751803196382841,1.003166699206639,3.0722054696075167,-1.3755323183679475,0.998543345374605,3.067403376135589,0.0003519987296634053,0.0046233538320340495,0.004802093471927726,0.006675283175641276
391,-1.3897057842481717,1.0041762009215618,3.09933026066628,-1.389981946432944,0.9994226798345278,3.0943757267243446,0.00027616218477222176,0.004753521087033974,0.004954533941935235,0.006871654448454398
392,-1.4041004958097765,1.004784918332816,3.1270674784721817,-1.4042925774616108,0.9999022585479752,3.1219595922240613,0.00019208165183437487,0.004882659784840704,0.005107886248120419,0.007068788004970143
393,-1.4183632422748091,1.004992101793655,-3.127794008751042,-1.4184627804027723,0.9999818896898556,-3.1330559296913743,9.95381279631502e-05,0.005010212103799372,0.0052619209403323985,0.007266357075335943
394,-1.4324927748971983,1.004797121016155,-3.098914029260276,-1.432491138247941,0.9996615414087742,-3.1043304177311337,-1.6366492572306157e-06,0.005135579607380869,0.005416388470857569,0.007464009957764381
395,-1.446487800467822,1.0041994696662733,-3.069512976293082,-1.4463762481730242,0.9989413418397719,-3.0750839964195906,-0.00011155229479786755,0.005258127826501369,0.0055710201265086745,0.007661371770399045
396,-1.4603469739046138,1.0031987712806802,-3.0396305194339406,-1.460116721678599,0.9978215790530742,-3.045356048786323,-0.0002302522260146933,0.00537719222760602,0.0057255293523823525,0.007858046748728541
397,-1.4740688914908866,1.0017947864985846,-3.0093107588352965,-1.4737111847287665,0.9963027009388654,-3.0151903723094278,-0.00035770676212010244,0.00549208555971914,0.00587961347413124,0.008053621081732588
398,-1.487652085069239,0.9999874215382853,-2.978601974335108,-1.4871582778885493,0.9943853150281404,-2.9846349301467145,-0.0004938071806896982,0.005602106510144922,0.006032955811606566,0.008247666258251862
399,-1.5010950174971267,0.9977767377785954,-2.947556275241477,-1.5004566564598378,0.992070188249698,-2.953741503402485,-0.0006383610372888704,0.005706549528897487,0.006185228161008194,0.008439742871878117
400,-1.5143960796505687,0.9951629622338022,-2.9162291533415563,-1.5136049906158564,0.9893582466233818,-2.9225652469480483,-0.0007910890347122557,0.005804715610420397,0.00633609360649201,0.008629404809656871
401,-1.5275535892231522,0.9921464986426767,-2.8846789459328055,-1.5266019655341467,0.9862505748896836,-2.891164155538977,-0.0009516236890054763,0.005895923752993082,0.006485209606171605,0.00881620372850837
402,-1.5405657915088735,0.9887279388328967,-2.852966219916629,-1.5394462815280487,0.9827484160758617,-2.859598451199729,-0.0011195099808247733,0.00597952275703495,0.00663223128310042,0.00899969370543248
403,-1.5534308622815838,0.984908073977773,-2.8211530919333776,-1.5521366541766646,0.9788531709987472,-2.827929906773413,-0.0012942081049192034,0.006054902979025778,0.006776814840035339,0.009179435934760751
404,-1.5661469127950198,0.9806879053372923,-2.7893025028484617,-1.5646718144533056,0.9745663977044351,-2.7962211238571486,-0.0014750983417142205,0.006121507632857237,0.006918621008686898,0.009355003339320685
405,-1.5787119968312873,0.9760686540737731,-2.757477467349202,-1.57705050885239,0.9698898108450863,-2.7645347857899107,-0.0016614879788972026,0.006178843228686781,0.00705731844070856,0.009525984963365914
406,-1.591124119629106,0.9710517697555293,-2.7257403207728363,-1.5892714995147947,0.964825280993091,-2.732932907721797,-0.0018526201143111987,0.006226488762438365,0.007192586948960855,0.00969199002347215
407,-1.603381248433411,0.9656389372092499,-2.6941519854391816,-1.6013335643516353,0.9593748338928642,-2.7014761059532435,-0.0020476840817755804,0.006264103316385716,0.007324120514061949,0.009852651509193589
408,-1.6154813243319506,0.9598320814504389,-2.6627712776934698,-1.613235497166481,0.9535406496505743,-2.6702229076755954,-0.002245827165469505,0.0062914317998645775,0.007451629982125674,0.01000762924673083
409,-1.627422274988115,0.9536333705062944,-2.631654274668605,-1.6249761077759686,0.9473250618621301,-2.639229120063048,-0.0024461672121465217,0.006308308644164318,0.007574845394443308,0.01015661236483592
410,-1.639202027846325,0.9470452160403939,-2.600853756639566,-1.6365542221288205,0.940730556679773,-2.608547274546721,-0.002647805717504559,0.006314659360620922,0.007693517907155112,0.010299321130348526
411,-1.650818523378692,0.9400702717862787,-2.570418737025214,-1.6479686824232516,0.9337597718176508,-2.578226158302969,-0.002849840955440497,0.0063104999686278695,0.007807421277755022,0.010435508149280523
412,-1.6622697279587546,0.9327114298902985,-2.5403940878947253,-1.6592183472227418,0.926415495496766,-2.54831044080868,-0.003051380736012854,0.006295934393532487,0.00791635291395476,0.01056495895600431
413,-1.6735536459872227,0.9249718153464933,-2.510820264564936,-1.670302091570187,0.9187006653297247,-2.518840399062686,-0.003251554417035729,0.00627115001676859,0.008020134497749964,0.010687492036102779
414,-1.6846683309514503,0.9168547787728447,-2.4817331288148625,-1.681218807100389,0.9106183671457304,-2.4898517410274974,-0.0034495238510612314,0.006236411627114302,0.00811861221263488,0.010802958346721094
415,-1.695611895169322,0.9083638878257508,-2.4531638666298305,-1.691967402150893,0.9021718337562933,-2.4613755232435177,-0.0036444930184289515,0.006192054069457553,0.008211656613687168,0.010911240410767945
416,-1.7063825180435137,0.8995029175767532,-2.42513899339045,-1.702546801871149,0.893364443662152,-2.4334381555791036,-0.003835716172364778,0.006138473914601206,0.008299162188653675,0.011012251068185788
417,-1.7169784527279974,0.8902758401829399,-2.397680437140539,-1.7129559483300023,0.8841997197019128,-2.4060614838033527,-0.004022504397995119,0.006076120481027125,0.008381046662813585,0.01110593196882216
418,-1.7273980311802606,0.8806868141720708,-2.370805689033781,-1.723193800621481,0.8746813276429652,-2.3792629391356055,-0.004204230558779498,0.006005486529105597,0.00845725010182452,0.011192251888134712
419,-1.7376396676361363,0.8707401736384645,-2.344528009242625,-1.7332593349688885,0.8648130747152218,-2.353055743107651,-0.004380332667247799,0.005927098923242613,0.008527733865026033,0.011271204939773467
420,-1.7477018605967765,0.8604404176097619,-2.3188566764404137,-1.7431515448271764,0.8545989080882805,-2.327449155898217,-0.004550315769600077,0.005841509521481325,0.008592479457803393,0.011342808749397188
421,-1.7575831934577777,0.849792199801756,-2.293797269334074,-1.7528694409836028,0.8440429132926041,-2.3024487566599667,-0.004713752474174937,0.005749286509151963,0.008651487325892937,0.011407102642748211
422,-1.767282333938544,0.838800318932227,-2.269351969509919,-1.7624120516566506,0.833149312585366,-2.278056745137869,-0.0048702822818933456,0.005651006346860998,0.008704775627950134,0.011464145889273311
423,-1.7767980324863166,0.8274697097183953,-2.24551987593681,-1.7717784225932054,0.8219224632616022,-2.2542722549523493,-0.005019609893111232,0.0055472464567930535,0.008752379015539269,0.01151401603104127
424,-1.7861291198352485,0.8158054346387555,-2.2222973227342595,-1.780967617163977,0.8103668559113548,-2.2310916701770687,-0.005161502671271467,0.0054385787274007225,0.008794347442809158,0.011556807316232374
425,-1.795274503898185,0.803812676500578,-2.199678193157997,-1.789978716457167,0.7984871126234903,-2.208508938179551,-0.005295787441017996,0.005325563877087713,0.008830745021553899,0.011592629247288313
426,-1.8042331661593525,0.7914967318204397,-2.177654224099943,-1.7988108193703554,0.7862879851369292,-2.186515873031657,-0.005422346788997112,0.005208746683510457,0.00886164893171415,0.011621605246353837
427,-1.8130041577218308,0.7788630049973699,-2.156215296681113,-1.8074630427006113,0.7737743529400123,-2.165102445073569,-0.005541115021219456,0.0050886520573576455,0.00888714839245619,0.011643871434740712
428,-1.8215865951462764,0.7659170032366086,-2.1353497096908423,-1.8159345212328108,0.7609512213187744,-2.144257053386,-0.005652073913465561,0.0049657819178342555,0.008907343695157888,0.01165957551896451
429,-1.8299796561983603,0.7526643321663031,-2.115044433666799,-1.8242244078261607,0.7478237193548899,-2.123966778963472,-0.005755248372199651,0.004840612811413236,0.008922345296673129,0.011668875773132123
430,-1.838182575603039,0.7391106920791023,-2.095285344304384,-1.8323318734989098,0.7343970978741133,-2.104217617273643,-0.005850702104129191,0.004713594204988958,0.008932272969258914,0.011671940105994405
431,-1.8461946408850343,0.7252618747248525,-2.0760574346290204,-1.840256107511248,0.7206767273460168,-2.084994689631238,-0.005938533373786248,0.004585147378835641,0.008937255002217537,0.011668945200483153
432,-1.8540151883574452,0.7111237605786234,-2.0573450059662997,-1.8479963174463758,0.7066680957358779,-2.0662824334160166,-0.006018870911069341,0.00445566484274551,0.008937427449716928,0.01166007571390292
433,-1.86164359930467,0.696702316509334,-2.0391318382141566,-1.855551729289751,0.6923768063095604,-2.048064771633234,-0.006091870014919065,0.0043255101997735634,0.008932933419077305,0.011645523527806007
434,-1.8690792963920446,0.6820035937775312,-2.021401340272635,-1.862921587506485,0.6778085753922868,-2.030325262666764,-0.006157708885559554,0.004195018385244387,0.00892392239412887,0.011625487037895326
435,-1.8763217403228565,0.6670337262957626,-2.0041366817363513,-1.8701051551168988,0.662969230082182,-2.0130472313250416,-0.006216585205957692,0.004064496213580626,0.008910549588690309,0.011600170475715101
436,-1.8833704267536495,0.651798929090884,-1.9873209071185585,-1.8771017137702157,0.6478647059195176,-1.996213882444517,-0.0062687129834337885,0.00393422317136638,0.008892975325958563,0.01156978325548475
437,-1.8902248834708626,0.6363054969140982,-1.9709370339693353,-1.883910563816402,0.6325010445125663,-1.9798083984096402,-0.0063143196544606095,0.0038044524015319325,0.008871364440304896,0.011534539340907196
438,-1.8968846678256752,0.6205598029511613,-1.9549681362880125,-1.8905310243761266,0.6168843911210447,-1.963814021986842,-0.006353643449548585,0.0036754118301166594,0.008845885698829603,0.01149465662826477
439,-1.9033493644192565,0.6045682975917344,-1.9393974146241393,-1.8969624334088513,0.6010209921980904,-1.9482141258648502,-0.006386931010405217,0.003547305393644007,0.008816711240710928,0.011450356343342774
440,-1.909618583027226,0.5883375072230956,-1.9242082542230219,-1.9032041477790322,0.5849171928917617,-1.9329922702561362,-0.0064144352481938505,0.00342031433133394,0.008784016033114295,0.011401862450863413
441,-1.915691956749822,0.571874033019234,-1.9093842725102292,-1.9092555433204328,0.5685794345070697,-1.9181322498532611,-0.006436413429389276,0.003294598512164293,0.008747977343031899,0.011349401076029397
442,-1.9215691403728399,0.5551845497016273,-1.8949093571320819,-1.9151160148985422,0.5520142519295328,-1.9036181313569873,-0.006453125474297661,0.0031702977720945436,0.008708774224905458,0.011293199938509664
443,-1.9272498089236805,0.5382758042527277,-1.880767695682033,-1.9207849764710867,0.5352282710113162,-1.8894342827063793,-0.006464832452593772,0.003047533241411493,0.008666587024346306,0.011233487799796882
444,-1.9327336564066615,0.5211546145673386,-1.866943798150811,-1.9262618611466333,0.5182282059209752,-1.8755653950493394,-0.006471795260028168,0.0029264086463633987,0.008621596898528372,0.011170493925245542
445,-1.9380203947019856,0.503827868030662,-1.8534225130448645,-1.9315461212412777,0.5010208564578846,-1.8619964983989576,-0.006474273460707947,0.002807011572777407,0.00857398535409315,0.01110444756239307
446,-1.9431097526132919,0.4863025200148786,-1.8401890380257435,-1.9366372283334143,0.4836131053324,-1.8487129718292505,-0.006472524279877545,0.0026894146824786302,0.008523933803507022,0.011035577437293694
447,-1.948001475049463,0.46858559228871083,-1.827228925834531,-1.9415346733165766,0.4660119154128712,-1.8357005489754596,-0.006466801732886385,0.0025736768758396478,0.008471623140928752,0.01096411127066912
448,-1.9526953223272354,0.4506841713365906,-1.8145280861816016,-1.9462379664503477,0.44822432694058495,-1.8229453195202048,-0.0064573558768876715,0.0024598443960056615,0.008417233338603225,0.010890275315612081
449,-1.9571910695821177,0.4326054065858168,-1.8020727842037167,-1.950746637409333,0.4302574547137687,-1.810433727268505,-0.006444432172784786,0.002347951872048115,0.008360943064788184,0.010814293918500067
450,-1.9614885062760987,0.4143565085415277,-1.789849636018158,-1.955060235330194,0.41211848524175654,-1.7981525653422639,-0.006428270945904702,0.0022380232997711857,0.008302929324105923,0.010736389104600265
451,-1.9655874357916083,0.3959447468304493,-1.777845601837503,-1.9591783288567337,0.39381467387048763,-1.7860889689586406,-0.00640910693487462,0.0021300729599616486,0.00824336712113749,0.010656780189685265
452,-1.9694876751021435,0.377377448155277,-1.7660479770486492,-1.9631005061830311,0.37535334188046116,-1.7742304061965488,-0.006387168919112396,0.0020241062748158622,0.008182429147899573,0.010575683418740411
453,-1.973189054510869,0.35866199416222516,-1.7544443816056532,-1.9668263750946215,0.3567418735583286,-1.7625646671013775,-0.006362679416247463,0.001920120603896569,0.0081202854957243,0.010493311632631412
454,-1.9766914174493517,0.3398058192247838,-1.7430227480375524,-1.970355563007719,0.33798771324326765,-1.7510798514294241,-0.00633585444163276,0.0018181059815161604,0.008057103391871712,0.010409873963352922
455,-1.979994620329368,0.3208164081470793,-1.7317713083292319,-1.973687717006473,0.3190983623493521,-1.7397643552903157,-0.006306903322894852,0.0017180457977271635,0.007993046961083827,0.010325575558268968
456,-1.9830985324414339,0.30170129379048094,-1.7206785798951836,-1.9768225038782612,0.3000813763650833,-1.7286068569072703,-0.006276028563172664,0.0016199174253976323,0.00792827701208676,0.010240617333503356
457,-1.9860030358943626,0.28246805462723784,-1.7097333508322872,-1.9797596101470079,0.2809443618313017,-1.7175963016812124,-0.006243425747354703,0.0015236927959361157,0.007862950848925188,0.010155195756445691
458,-1.9887080255907288,0.2631243122250036,-1.6989246646080967,-1.982498742104534,0.2616949732986626,-1.706721886714927,-0.006209283486194872,0.0014293389263410061,0.007797222106830315,0.010069502657109207
459,-1.991213409233648,0.2436777286661139,-1.6882418043151557,-1.9850396258399263,0.2423409102659238,-1.6959730449273882,-0.006173783393721655,0.001336818400190093,0.007731240612232515,0.00998372506792497
460,-1.9935191073607343,0.2241360039054548,-1.6776742765992134,-1.987382007266929,0.22288991410024592,-1.6853394288655676,-0.006137100093805303,0.0012460898052088776,0.007665152266354225,0.009898045091351417
461,-1.9956250534015165,0.2045068730706872,-1.6672117953495242,-1.9895256521493512,0.20334976494075557,-1.6748108943012632,-0.0060994012521653485,0.0011571081299316388,0.007599098951738936,0.009812639794550186
462,-1.9975311937549451,0.1847981037085056,-1.6568442652223427,-1.9914703461244907,0.183728278586583,-1.6643774836832836,-0.006060847630454447,0.0010698251219226074,0.007533218460940905,0.009727681130225376
463,-1.9992374878839458,0.1650174929804942,-1.646561765054006,-1.993215894724571,0.16403330337065347,-1.6540294095005519,-0.006021593159374783,0.00098418960984073,0.007467644446545796,0.009643335882627644
464,-2.000743908424241,0.14517286481203265,-1.6363545312073413,-1.9947621233961865,0.14427271702045727,-1.6437570375989194,-0.005981785028054576,0.0009001477915753786,0.007402506391578134,0.009559765637602788
465,-2.002050441304909,0.12527206699757104,-1.6262129408843138,-1.996108877517759,0.12445442350706172,-1.6335508704836228,-0.0059415637871502724,0.0008176434905093205,0.007337929599309012,0.009477126775492827
466,-2.0031570858783487,0.10532296826546869,-1.6161274954286309,-1.9972560224149978,0.10458634988363526,-1.6234015306300522,-0.005901063463350953,0.0007366183818334343,0.007274035201421336,0.009395570485631364
467,-2.0040638550575007,0.08533345530546467,-1.6060888036342607,-1.9982034433743696,0.08467644311472142,-1.613299743817685,-0.005860411683131117,0.000657012190743253,0.007210940183424386,0.009315242801102366
468,-2.0047707754583257,0.06531142976171797,-1.59608756506934,-1.998951045654568,0.06473266689756589,-1.6032363224955564,-0.005819729803757667,0.0005787628641520798,0.007148757426216346,0.00923628465242113
469,-2.0052778875456676,0.045264805194242363,-1.5861145534196095,-1.999498754495988,0.04476299847674028,-1.5932021491822361,-0.005779133049679697,0.000501806717502086,0.007087595762626631,0.00915883193873724
470,-2.00558524578074,0.02520150401143966,-1.5761605998512056,-1.9998465151282017,0.024775425453357765,-1.5831881598989876,-0.005738730652538493,0.00042607855808189654,0.007027560047782044,0.00908301561515912
471,-2.0056929187685633,0.005129454376331645,-1.566216576389271,-1.999994292775436,0.0047779425901285115,-1.5731853276313745,-0.005698625993127315,0.0003515117862031335,0.006968751242103499,0.009008961794774416
472,-2.0056009894037485,-0.014943412911016592,-1.5562733793063217,-1.999942072660049,-0.015221451386431743,-1.5631846458120962,-0.00565891674369956,0.00027803847541515124,0.006911266505774449,0.00893679186396182
473,-2.0053095550130915,-0.03500916755247385,-1.54632191251262,-1.9996898600040087,-0.03521475698538918,-1.5531771118160986,-0.00561969500908277,0.00020558943291532766,0.006855199303478665,0.008866622609565077
474,-2.0048187274934675,-0.05505988290990403,-1.5363530709398592,-1.9992376800283709,-0.05519397715107451,-1.5431537104581057,-0.005581047465096578,0.0001340942411704807,0.0068006395182464985,0.008798566356532863
475,-2.004128633443564,-0.07508763918006614,-1.5263577239092785,-1.998585577950756,-0.0751511204618093,-1.5331053974825013,-0.00554305549280798,6.34812817431607e-05,0.006747673573222812,0.00873273111461987
476,-2.0032394142879926,-0.09508452658418079,-1.516326698475896,-1.9977336189808284,-0.09507820432636097,-1.5230230830361118,-0.0055057953071642185,-6.322257819824095e-06,0.006696384560215707,0.008669220732778165
477,-2.0021512263923364,-0.11504264857003973,-1.5062507627418562,-1.9966818883137751,-0.11496725817687632,-1.5128976151157174,-0.005469338078561314,-7.539039316341312e-05,0.006646852373861201,0.008608135059865544
478,-2.000864241167675,-0.13495412502458842,-1.4961206091340078,-1.9954304911217866,-0.1348103266569955,-1.5027197629842826,-0.00543375004588853,-0.00014379836759292886,0.006599153850274764,0.008549570110322051
479,-1.9993786451631184,-0.1548110954949423,-1.4859268376437813,-1.993979552543539,-0.15459947280389894,-1.4924802005528235,-0.005399092619579271,-0.00021162269104335607,0.006553362909042182,0.00849361823346032
480,-1.997694640144846,-0.17460572241582728,-1.4756599390312783,-1.9923292176716814,-0.17432678122297965,-1.4821694897287272,-0.005365422473164738,-0.0002789411928476315,0.0065095506974488515,0.008440368285049255
481,-1.99581244316012,-0.1943301943414375,-1.4653102780003546,-1.9904796515383252,-0.19398436125389898,-1.4717780637361624,-0.005332791621794897,-0.0003458330875385218,0.006467785735807752,0.008389905799843077
482,-1.993732286584675,-0.2139767291797059,-1.4548680763574104,-1.9884310390985427,-0.21356435012673866,-1.4612962104201923,-0.0053012474861322545,-0.0004123790529672322,0.006428134062781865,0.008342313163724207
483,-1.9914544181518417,-0.23353757742695874,-1.4443233961737867,-1.9861835852118708,-0.2330589161070144,-1.450714055553347,-0.005270832939970882,-0.00047866131994434014,0.006390659379560404,0.008297669784093381
484,-1.9889791009616848,-0.2530050254008932,-1.433666122980205,-1.9837375146218252,-0.25246026162825813,-1.4400215461719812,-0.005241586339859605,-0.0005447637726350707,0.006355423191776177,0.008256052257147171
485,-1.9863066134683551,-0.2723713984697514,-1.4228859490317967,-1.9810930719334263,-0.2717606264109441,-1.4292084339797944,-0.005213541534928812,-0.000610772058807274,0.0063224849479976974,0.008217534530618352
486,-1.98343724944377,-0.2916290642754894,-1.4119723566941034,-1.9782505215887396,-0.2909522905664908,-1.4182642588677388,-0.005186727855030382,-0.0006767737089986015,0.0062919021736354,0.008182188060533542
487,-1.9803713179156364,-0.3107704359486293,-1.4009146020142602,-1.9752101478404307,-0.31002757768512307,-1.4071783326133003,-0.005161170075205668,-0.0007428582635062297,0.006263730599040063,0.008150081960459585
488,-1.9771091430777297,-0.32978797531235127,-1.3897016985576098,-1.9719722547233407,-0.32897885790632714,-1.3959397228381787,-0.005136888354388969,-0.0008091174060241291,0.006238024280568855,0.008121283141668859
489,-1.973651064170228,-0.34867419607320604,-1.3783224016085638,-1.9685371660240831,-0.347798550970695,-1.384537237321871,-0.005113898146144935,-0.0008756451025110357,0.006214835713307165,0.00809585644253246
490,-1.9699974353277947,-0.3674216669956275,-1.366765192855903,-1.964905225248665,-0.36647912925192844,-1.372959408789994,-0.005092210079129744,-0.0009425377436990678,0.006194215934090863,0.008073864745364083
491,-1.9661486253929854,-0.3860230150571723,-1.3550182657072416,-1.9610767955881379,-0.38501312076778266,-1.3611944803206513,-0.00507182980484755,-0.0010098942893896345,0.00617621461340967,0.008055369078817983
492,-1.9621050176924535,-0.4044709285811144,-1.3430695114054478,-1.957052259882277,-0.4033931121687696,-1.3492303915401058,-0.005052757810176445,-0.0010778164123447787,0.006160880134657987,0.008040428703784535
493,-1.9578670097733253,-0.4227581603426754,-1.3309065061517842,-1.9528320205812995,-0.42161175170339216,-1.337054765810933,-0.005034989192025829,-0.0011464086392832251,0.006148259659148891,0.008029101180602832
494,-1.9534350130970397,-0.44087753064475066,-1.3185164994768062,-1.9484164997056181,-0.43966175215875003,-1.3246548986519633,-0.005018513391421564,-0.0012157784860006293,0.006138399175157128,0.008021442415206212
495,-1.9488094526878867,-0.45882193035851776,-1.3058864041410636,-1.9438061388036416,-0.4575358937753214,-1.3120177476702315,-0.005003313884245131,-0.0012860365831963705,0.0061313435291678875,0.008017506681647881
496,-1.9439907667334604,-0.4765843239237536,-1.2930027878937596,-1.9390013989076176,-0.47522702713477977,-1.2991299243311092,-0.004989367825842805,-0.0013572967889738385,0.006127136437349634,0.008017346618227979
497,-1.9389794061342647,-0.4941577523030557,-1.279851867469121,-1.934002760487532,-0.4927280760196602,-1.2859776879442872,-0.004976645646732614,-0.0014296762833955201,0.006125820475166188,0.008021013194254925
498,-1.9337758339998037,-0.5115353358834318,-1.2664195052576486,-1.928810723403061,-0.5100320402437544,-1.272546942300503,-0.004965110596742761,-0.0015032956396774377,0.0061274370428543445,0.008028555644217958
499,-1.9283805250886563,-0.528710277317907,-1.2526912091528666,-1.9234258068535868,-0.527131998452086,-1.2588232354572375,-0.004954718235069544,-0.001578278865820959,0.00613202630437093,0.00804002136593708
500,-1.922793965190311,-0.5456758642988762,-1.2386521361437954,-1.917848549326277,-0.5440211108893698,-1.2447917632410141,-0.004945415864034075,-0.001654753409506382,0.006139627097218714,0.008055455778999422
501,-1.9170166504469428,-0.5624254722539135,-1.2242871002990459,-1.9120795085422362,-0.5606926221358159,-1.2304373771094976,-0.004937141904706621,-0.0017328501180975397,0.006150276810451771,0.008074902139604021
502,-1.911049086613884,-0.5789525669536211,-1.209580585869864,-1.906119261400735,-0.5771398638092112,-1.2157445970978271,-0.004929825213149108,-0.001812703144409844,0.006164011227963062,0.008098401307690838
503,-1.9048917882583027,-0.5952507070198858,-1.1945167663259613,-1.8999684039215217,-0.5933562572321769,-1.200697630660021,-0.004923384336781078,-0.0018944497877089184,0.0061808643340597325,0.008125991462084075
504,-1.8985452778966088,-0.6113135463215988,-1.1790795302284698,-1.8936275511852179,-0.6093353160635608,-1.1852803983066504,-0.004917726711390902,-0.001978230258038005,0.006200868078180655,0.00815770775921426
505,-1.8920100850723935,-0.627134836243523,-1.1632525149371795,-1.8870973372718132,-0.625070648892882,-1.16947656703277,-0.004912747800580375,-0.002064187350640956,0.006224052095590515,0.008193581930955358
506,-1.885286745378334,-0.6427084278125613,-1.1470191492420374,-1.8803784151972567,-0.6405559617968117,-1.153269592622839,-0.004908330181077281,-0.002152466015749588,0.006250443380801496,0.008233641817084119
507,-1.8783757994274999,-0.6580282736642636,-1.1303627060984507,-1.8734714568481579,-0.6557850608566534,-1.136642772009011,-0.004904342579342025,-0.0022432128076101954,0.006280065910560406,0.008277910828026386
508,-1.8712777917819634,-0.6730884298310258,-1.1132663667280642,-1.8663771529145952,-0.6707518546358369,-1.119579306941384,-0.0049006388673682455,-0.002336575195188928,0.00631294021331974,0.0083264073337834
509,-1.8639932698495632,-0.6878830573321929,-1.095713297415869,-1.8590962128210502,-0.6854503566164047,-1.1020623802982807,-0.004897057028512952,-0.002432700715788161,0.006349082882411761,0.008379143975421258
510,-1.8565227827631945,-0.7024064235452337,-1.0776867403839616,-1.8516293646554642,-0.6998746875935437,-1.0840752464144137,-0.004893418107730252,-0.002531735951690095,0.006388506030452046,0.008436126896109649
511,-1.8488668802611046,-0.7166529033364624,-1.0591701201435784,-1.8439773550964327,-0.7140190780271819,-1.06560133682667,-0.004889525164671893,-0.0026338253092804687,0.006431216683091545,0.008497354889648959
512,-1.8410261115914173,-0.7306169799295679,-1.040147166710119,-1.836140949338534,-0.7278778703497366,-1.0466243828210473,-0.004885162252883379,-0.002739109579831256,0.00647721611092833,0.008562818465609877
513,-1.8330010244694834,-0.7442932454906639,-1.0206020569989689,-1.828120931015814,-0.7414455212290605,-1.0271285560983872,-0.004880093453669465,-0.0028477242616034015,0.00652649909941827,0.00863249883182035
514,-1.8247921641226463,-0.7576764014098875,-1.0005195755895475,-1.8199181021234212,-0.754716603785701,-1.007098628747356,-0.004874061999225132,-0.002959797624186411,0.00657905315780849,0.008706366796873416
515,-1.8164000724635274,-0.7707612582620089,-0.979885295836281,-1.811533282937409,-0.7676858097635824,-0.9865201535059736,-0.00486678952611852,-0.0030754484984265584,0.006634857669692518,0.008784381597761378
516,-1.807825287439862,-0.78354273543232,-0.958685782002236,-1.8029673119327096,-0.7803479516532316,-0.9653796649918884,-0.004857975507152279,-0.0031947837790884392,0.006693882989652455,0.008866489660647925
517,-1.799068342616028,-0.7960158603995156,-0.9369088126778852,-1.7942210456992849,-0.79269796476672,-0.9436649021705272,-0.004847296916743238,-0.003317895632795498,0.006756089492642059,0.008952623306147779
518,-1.7901297670484144,-0.8081757676746789,-0.9145436252086268,-1.7852953588564693,-0.804730909263467,-0.9213650517940357,-0.004834408191945139,-0.003444858411211893,0.006821426585408963,0.009042699414431941
519,-1.7810100855232447,-0.8200176974050444,-0.8915811801774568,-1.7761911439655085,-0.8164419721261122,-0.8984710118695688,-0.004818941557736212,-0.003575725278932129,0.006889831692111992,0.009136618069772982
520,-1.7717098192309018,-0.8315369936631821,-0.8680144441650517,-1.7669093114403063,-0.8278264690856536,-0.8749756733946423,-0.004800507790595487,-0.003710524577528518,0.0069612292295906375,0.009234261208939144
521,-1.7622294869544974,-0.8427291024567174,-0.8438386880367462,-1.7574507894563798,-0.8388798464951001,-0.8508742176279203,-0.004778697498117657,-0.003849255961617337,0.007035529591174039,0.009335491302810372
522,-1.752569606851656,-0.8535895695106528,-0.8190517968922467,-1.7478165238580448,-0.8495976831508637,-0.8261644250538847,-0.004753082993611324,-0.0039918863597890875,0.007112628161637935,0.009440150105763805
523,-1.7427306989063336,-0.8641140378935733,-0.793654586579709,-1.7380074780638322,-0.8599756920611862,-0.8008469909691761,-0.00472322084250143,-0.004138345832387147,0.007192404389467111,0.009548057512243092
524,-1.7327132881210605,-0.8742982455800323,-0.7676511203566536,-1.7280246329701487,-0.8700097221608728,-0.7749258413027453,-0.004688655150911769,-0.004288523419159529,0.007274720946091717,0.009659010564460356
525,-1.722517908508345,-0.8841380230634593,-0.7410490179296503,-1.717868986853184,-0.8796957599716702,-0.7484084409343449,-0.004648921655161065,-0.004442263091789189,0.00735942300469461,0.009772782658717331
526,-1.7121451079222703,-0.8936292911559054,-0.7138597477954297,-1.7075415552690867,-0.8890299312075991,-0.721306085468987,-0.0046035526531835735,-0.004599359948306292,0.007446337673557291,0.009889123000213728
527,-1.701595453746985,-0.902768059131358,-0.6860988926299056,-1.6970433709524082,-0.8980085023246204,-0.6936341662499572,-0.004552082794576862,-0.004759556806737675,0.007535273620051575,0.010007756356661106
528,-1.6908695394275322,-0.9115504233864403,-0.657786376536795,-1.6863754837128333,-0.9066278820139979,-0.6654123974581106,-0.0044940557146988525,-0.004922541372442413,0.0076260209213157015,0.01012838315934826
529,-1.6799679917905634,-0.9199725668039475,-0.6289466423936748,-1.6755389603301956,-0.9148846226387805,-0.6366649935694167,-0.004429031460367883,-0.005087944165167002,0.007718351175741933,0.010250679995827705
530,-1.6688914790588336,-0.928030759008675,-0.5996087674426713,-1.6645348844478025,-0.9227754216128066,-0.6074207853483693,-0.004356594611031106,-0.005255337395868476,0.0078120179056979655,0.010374300531034589
531,-1.6576407194156193,-0.9357213576991622,-0.569806505778959,-1.6533643564640714,-0.9302971227216964,-0.5777132630548064,-0.004276362951547874,-0.005424234977465803,0.007906757275847442,0.01049887688294806
532,-1.6462164899258156,-0.9430408112214469,-0.5395782475830143,-1.642028493422494,-0.9374467173852932,-0.5475805367263731,-0.004187996503321578,-0.005594093836153724,0.008002289143358765,0.010624021465219487
533,-1.634619635572676,-0.9499856625204183,-0.5089668868739974,-1.6305284288999269,-0.9442213458610588,-0.5170652053199697,-0.004091206672749204,-0.005764316659359503,0.008098318445972308,0.0107493292926067
534,-1.6228510781268137,-0.9565525545604514,-0.47801959223011137,-1.6188653128932389,-0.95061829838793,-0.48621412915210704,-0.003985765233574856,-0.005934256172521413,0.008194536921995677,0.01087438072647049
535,-1.6109118245313894,-0.9627382372504829,-0.4467874782609711,-1.6070403117043106,-0.9566350162701883,-0.4550781034039326,-0.00387151282707876,-0.006103220980294588,0.008290625142961527,0.010998744617712025
536,-1.5988029744685015,-0.9685395758416246,-0.41532517948960657,-1.5950546078234087,-0.9622690929009017,-0.4237114343156453,-0.0037483666450928155,-0.006270482940722966,0.00838625482603872,0.011121981784879878
537,-1.586525726770288,-0.9739535606912825,-0.38369033250177714,-1.582909399810932,-0.9675182747245379,-0.3921714238816628,-0.0036163269593558756,-0.006435285966744586,0.008481091379885675,0.011243648746946652
538,-1.5740813843567087,-0.9789773182112542,-0.3519429764844417,-1.5706059021775611,-0.972380462138356,-0.3605177731102454,-0.0034754821791476154,-0.006596856072898172,0.008574796625803682,0.011363301615199712
539,-1.5614713574214678,-0.9836081227440215,-0.3201448863039253,-1.5581453452628062,-0.9768537103322188,-0.32881191793031006,-0.003326012158661573,-0.006754412411802746,0.008667031626384769,0.011480500037935343
540,-1.5486971646472236,-0.9878434090474196,-0.2883588557599518,-1.5455289751119743,-0.9809362300664917,-0.29711631530754834,-0.0031681895352493328,-0.006907178980927964,0.008757459547596547,0.011594811086586377
541,-1.535760432308364,-0.991680785018783,-0.25664795131196383,-1.5327580533515686,-0.9846263883877127,-0.265493699789787,-0.0030023789567954484,-0.0070543966310703254,0.008845748477823157,0.011705812973116184
542,-1.5226628912094902,-0.995118044260305,-0.22507475818436684,-1.519833857063122,-0.9879227092817555,-0.23400633231352022,-0.002829034146368148,-0.007195334978549517,0.00893157412915338,0.011813098496136274
543,-1.5094063715042174,-0.9981531780809337,-0.19370064117792807,-1.506757678655493,-0.9908238742642128,-0.20271526353027572,-0.0026486928487243766,-0.007329303816720922,0.009014622352347651,0.011916278127004649
544,-1.4959927955349246,-1.0007843865478294,-0.16258504170865426,-1.4935308257356246,-0.9933287229077735,-0.17167963311530354,-0.0024619697993000234,-0.007455663640055898,0.009094591406649283,0.012014982665830856
545,-1.4824241689225055,-1.003010088241224,-0.13178483063331137,-1.4801546209777887,-0.9954362533063774,-0.1409560245718928,-0.0022695479447167877,-0.007573834934846646,0.009171193938581429,0.012108865419713956
546,-1.468702570209525,-1.0048289284272602,-0.10135373347117974,-1.466630401991313,-0.997145622475965,-0.11059789210988624,-0.0020721682182121004,-0.007683305951295183,0.009244158638706507,0.012197603879588336
547,-1.4548301394153347,-1.0062397854391394,-0.07134184094075471,-1.452959521186826,-0.99845614669166,-0.08065507250195922,-0.001870618228508647,-0.007783638747479338,0.009313231561204505,0.012280900896135684
548,-1.4408090658944621,-1.007241775141559,-0.041795213592016475,-1.439143345641015,-0.9993673017612495,-0.05117339069845843,-0.0016657202534471338,-0.007874473380309444,0.009378177106441954,0.012358485377251453
549,-1.4266415758988462,-1.0078342534404112,-0.012755585038201955,-1.425183256959923,-0.9998787232348542,-0.022194363718999813,-0.001458318938923231,-0.00795553020555706,0.009438778680797857,0.012430112548333466
550,-1.4123299202312658,-1.0080168168827492,0.0157398358330233,-1.4110806511407838,-0.9999902065507035,0.006244996773392763,-0.0012492690904819526,-0.00802661033204577,0.009494839059630538,0.012495563830865065
551,-1.3978763623444228,-1.0077893014656893,0.04365846701328403,-1.396836938432427,-0.9997017071169574,0.03411228652508152,-0.0010394239119957405,-0.008087594348731963,0.009546180488202514,0.012554646404093112
552,-1.3832831671917658,-1.0071517798331546,0.07097236637536074,-1.3824535431942528,-0.9990133403295429,0.061379721814441665,-0.0008296239975129627,-0.008138439503611705,0.009592644560919072,0.012607192518690559
553,-1.368552591077164,-1.0061045570836935,0.09765816444550747,-1.3679319037538011,-0.9979253815259969,0.08802407252366619,-0.0006206873233629562,-0.00817917555769665,0.009634091921841281,0.012653058630840734
554,-1.3536868726861062,-1.0046481654401653,0.12369692756258778,-1.3532734722629136,-0.9964382658753348,0.11402652573356668,-0.0004134004231926003,-0.008209899564830536,0.009670401829021097,0.012692124420649013
555,-1.3386882254159602,-1.0027833580434422,0.1490739630063913,-1.338479714552524,-0.9945525882039893,0.13937249138381436,-0.0002085108634362065,-0.008230769839452923,0.009701471622576952,0.01272429175136615
556,-1.3235588310610884,-1.0005111021291613,0.1737785779811103,-1.3235521099860739,-0.9922691027578862,0.16405136184929442,-6.721075014537448e-06,-0.008241999371275122,0.009727216131815875,0.012749483616366894
557,-1.308300834853363,-0.997832571831488,0.19780380408069737,-1.3084921513115828,-0.9895887229007583,0.18805623702960433,0.0001913164582199034,-0.008243848930729714,0.009747567051093031,0.01276764311043482
558,-1.2929163418120069,-0.9947491408337426,0.22114609815847786,-1.293301344512367,-0.9865125207488105,0.21138362585071127,0.0003850027003600154,-0.00823662008493209,0.009762472307766584,0.012778732451331026
559,-1.2774074143197462,-0.9912623750556062,0.24380502949680527,-1.2779812086564475,-0.9830417267418881,0.234033134057412,0.0005737943367012388,-0.00822064831371816,0.009771895439393274,0.012782732067797663
560,-1.261776070815254,-0.9873740255332911,0.2657829619406347,-1.2625332757446417,-0.979177729151317,0.25600714694934407,0.0007572049293878003,-0.008196296381974166,0.009775814991290654,0.01277963976136241
561,-1.24602428547427,-0.9830860216149556,0.2870847383253887,-1.2469590905573706,-0.9749220735246148,0.2773105143849678,0.0009348050831006205,-0.008163948090340822,0.009774223940420934,0.012769469942118509
562,-1.230153988742646,-0.9784004645607616,0.307717373180376,-1.2312602105001726,-0.97027646206729,0.2979502440332553,0.0011062217575266153,-0.00812400249347156,0.00976712914712069,0.012752252933003326
563,-1.2141670685825505,-0.9733196216067318,0.3276897583909077,-1.2154382054479715,-0.9652427529619856,0.3179352075580311,0.0012711368654210187,-0.008076868644746216,0.009754550832876574,0.012728034333167474
564,-1.198065372296813,-0.9678459205249448,0.3470123853027943,-1.1994946575880876,-0.9598229596252282,0.3372758632229733,0.0014292852912745069,-0.008022960899716547,0.009736522079821008,0.012696874428499174
565,-1.181850708804386,-0.9619819446900933,0.3656970856825408,-1.1834311612620187,-0.954019249902089,0.35598399733641756,0.0015804524576328305,-0.007962694788004376,0.009713088346123222,0.012658847636232314
566,-1.165524851250882,-0.9557304286441987,0.3837567930211947,-1.1672493228060146,-0.9478339451990766,0.3740724860305142,0.0017244715551325562,-0.00789648344512206,0.009684306990680513,0.012614041970490328
567,-1.1490895398509242,-0.9490942541371744,0.40120532489382255,-1.1509507603904343,-0.9412695195556019,0.39155507809344553,0.0018612205395101,-0.007824734581572512,0.009650246800377016,0.012562558516358754
568,-1.1325464848726234,-0.9420764466106503,0.41805718645566947,-1.1345371038579373,-0.9343285986543979,0.4084461989420335,0.00199061898531383,-0.007747847956252385,0.009610987513635982,0.01250451090147723
569,-1.1158973696881587,-0.9346801720855586,0.4343273946600166,-1.1180099945604975,-0.92701395877128,0.4247607753253133,0.002112624872338875,-0.007666213314278636,0.009566619334703264,0.012440024755858254
570,-1.099143853827544,-0.926908734409938,0.4500313224076905,-1.1013710851952752,-0.9193285256646756,0.4405140799735253,0.002227231367731175,-0.00758020874526244,0.009517242434165185,0.012369237152623168
571,-1.082287575984874,-0.9187655728217083,0.46518456156833615,-1.0846220396393396,-0.9112753734053558,0.4557215951360275,0.002334463654465546,-0.007490199416352539,0.00946296643230865,0.012292296024329583
572,-1.0653301569373577,-0.9102542597813189,0.47980280363278766,-1.0677645327832885,-0.90285772314685,0.470398893769609,0.0024343758459308695,-0.007396536634468931,0.009403909863178683,0.012209359551552322
573,-1.0482732023471772,-0.901378499030714,0.49390173664844067,-1.0508002503637583,-0.894078941837027,0.48456153703014543,0.0025270480165811016,-0.007299557193687023,0.009340199618295242,0.012120595522152245
574,-1.0311183054245827,-0.8921421238375884,0.5074969570409695,-1.0337308887948575,-0.8849425408713637,0.498224986670857,0.0026125833702748125,-0.0071995829662246935,0.009271970370112514,0.012026180661308629
575,-1.013867049437712,-0.8825490953871025,0.5206038949230551,-1.0165581549985165,-0.8754521746884284,0.5114045309468265,0.002691105560804541,-0.00709692069867407,0.00919936397622867,0.01192629993375126
576,-0.9965210100604561,-0.8726035012867872,0.5332377515227386,-0.9992837662338049,-0.865611639308158,0.5241152226565137,0.002762756173348757,-0.006991861978629221,0.009122528866224888,0.011821145820802818
577,-0.9790817575544283,-0.8623095541541114,0.5454134474210722,-0.9819094499252019,-0.8554248708134978,0.5363718280074358,0.002827692370773627,-0.00688468334061354,0.00904161941363646,0.011710917575719706
578,-0.9615508587848108,-0.8516715902599001,0.5571455803630174,-0.9644369434898631,-0.8448959437760261,0.5481887850668954,0.00288608470505225,-0.006775646483874076,0.008956795296122033,0.01159582046151998
579,-0.9439298790727304,-0.8406940682044026,0.5684483914906677,-0.9468679941638701,-0.8340290696261731,0.5595801706434279,0.002938115091139726,-0.006664998578229553,0.008868220847239816,0.011476064975940309
580,-0.9262203838889354,-0.8293815676061882,0.5793357389388573,-0.9292043588275147,-0.8228285949687089,0.570559674535322,0.0029839749385793812,-0.006552972637479337,0.008776064403535289,0.011351866068476227
581,-0.9084239403950756,-0.8177387877871812,0.5898210778261322,-0.9114478038296094,-0.8112989998441578,0.581140580175409,0.003023863434533869,-0.006439787943023467,0.008680497650723207,0.011223442354555599
582,-0.8905421188398982,-0.8057705464399743,0.5999174457660602,-0.89360010481086,-0.7994448959368459,0.5913357507932551,0.0030579859709618518,-0.006325650503128388,0.008581694972805143,0.011091015331907038
583,-0.8725764938182891,-0.7934817782660858,0.6096374531128139,-0.8756630465262938,-0.7872710247302823,0.6011576203049405,0.0030865527080047306,-0.0062107535358034704,0.008479832807873455,0.010954808604045697
584,-0.8545286454013815,-0.7808775335760519,0.6189932772394383,-0.8576384226667918,-0.7747822556106337,0.6106181882251972,0.003109777265410285,-0.0060952779654182,0.00837508901424111,0.010815047115599517
585,-0.836400160146017,-0.7679629768441795,0.6279966602262832,-0.8395280356797178,-0.7619835839190322,0.619729017975972,0.0031278755337007524,-0.005979392925147264,0.00826764225031118,0.01067195640390062
586,-0.8181926319917056,-0.754743385212449,0.6366589094102102,-0.8213336965886817,-0.7488801289535097,0.6285012380388306,0.003141064596976162,-0.005863256258939242,0.008157671371379571,0.01052576187094279
587,-0.7999076630529813,-0.7412241469394725,0.6449909003121466,-0.8030572248124292,-0.7354771319213411,0.6369455454658797,0.0031495617594479164,-0.005747015018131352,0.008045354846266894,0.010376688079418894
588,-0.7815468643146949,-0.7274107597915973,0.6530030815213608,-0.7847004479829077,-0.721779953842635,0.6450722113249574,0.0031535836682128338,-0.005630805948962259,0.007930870196403372,0.010224958076172573
589,-0.7631118562373858,-0.7133088293742457,0.6607054811696346,-0.7662652017625027,-0.7077940734059962,0.6528910877099849,0.003153345525116924,-0.005514755968249463,0.007814393459649627,0.010070792745972527
590,-0.7446042692794385,-0.6989240674023883,0.6681077146775847,-0.747753329660472,-0.6935250847771224,0.6604116159967486,0.003149060381033575,-0.005398982625265947,0.007696098680836094,0.009914410198114962
591,-0.7260257443422795,-0.6842622899097194,0.6752189934990954,-0.7291666828486026,-0.6789786953612166,0.6676428360684155,0.003140938506323132,-0.005283594548502801,0.007576157430679964,0.009756025187950221
592,-0.7073779331444334,-0.6693294153966324,0.6820481346285371,-0.7105071199760853,-0.6641607235200951,0.6745933962741206,0.0031291868316518645,-0.005168691876537235,0.007454738354416457,0.009595848575023118
593,-0.6886624985298182,-0.6541314629175189,0.6886035706695979,-0.6917765069836577,-0.6490770962449237,0.6812715639183997,0.0031140084538394674,-0.005054366672595179,0.007332006751198161,0.00943408681914895
594,-0.6698811147152613,-0.6386745501082444,0.6948933602945371,-0.6729767169170084,-0.6337338467854989,0.6876852361095336,0.003095602201747094,-0.004940703322745432,0.007208124185003495,0.009270941515363017
595,-0.6510354674818294,-0.622964891154907,0.700925198948889,-0.6541096297394813,-0.6181371122370333,0.6938419508213524,0.0030741622576518912,-0.004827778917873782,0.00708324812753669,0.009106608968353145
596,-0.6321272543142106,-0.6070087947051754,0.706706429679508,-0.6351771321440697,-0.6022931310853911,0.6997488980461777,0.0030498778298591045,-0.0047156636197843715,0.006957531633330349,0.008941279806650522
597,-0.6131581844920614,-0.5908126617236338,0.7122440539836716,-0.6161811173647562,-0.5862082407117827,0.7054129309366325,0.003022932872694839,-0.004604421011851101,0.006831123047039145,0.008775138636567764
598,-0.5941299791369371,-0.5743829832926649,0.7175447425941356,-0.5971234849871871,-0.5698888748578939,0.71084057685146,0.0029935058502500445,-0.004494108434771049,0.006704165742675627,0.008608363735590346
599,-0.5750443712181501,-0.5577263383604585,0.7226148461298227,-0.5780061407587223,-0.5533415610524803,0.7160380482354703,0.0029617695405721456,-0.004384777307978149,0.006576797894352393,0.008441126784688115
600,-0.555903105520663,-0.5408493914377698,0.7274604055545497,-0.5588309963978517,-0.5365729180004349,0.7210112532766491,0.002927890877188699,-0.004276473437334838,0.0064491522779006605,0.00827359263878193
601,-0.5367079385778967,-0.5237588902450675,0.7320871623970766,-0.5395999694030323,-0.5195896529353996,0.7257658062944856,0.002892030825135672,-0.004169237309667895,0.0063213561025909915,0.008105919134411969
602,-0.5174606385721463,-0.5064616633117144,0.7365005686950439,-0.5203149828609361,-0.5023985589369582,0.7303070378230215,0.002854344288789834,-0.00406310437475621,0.006193530872022346,0.007938256933471232
603,-0.49816298520511354,-0.4889646175288118,0.7407057966332515,-0.5009779652541498,-0.48500651221350166,0.7346400043601177,0.0028149800490362975,-0.003958105315310156,0.006065792273133863,0.007770749401722422
604,-0.4788167695409087,-0.4712747356573241,0.7447077478533968,-0.4815908502683184,-0.467420469351827,0.7387694977612211,0.0027740807274097,-0.003854266305497067,0.005938250092175634,0.007603532520684046
605,-0.45942379382372783,-0.45339907379307215,0.748511062418004,-0.4621555765987845,-0.44964746453460147,0.7427000542616012,0.002731782775056646,-0.0037516092584706784,0.005811008156402786,0.007436734831370472
606,-0.4399858712722858,-0.4353447587901685,0.7521201274159747,-0.44267408775671735,-0.4316946067267801,0.7464359631158108,0.0026882164844315715,-0.0036501520633883677,0.00568416430016383,0.007270477408278287
607,-0.42050482585296145,-0.417118985644433,0.7555390852010941,-0.4231483318747701,-0.4135690768321209,0.7499812748470809,0.002643506021808628,-0.003549908812312097,0.0055578103540132595,0.007104873861951848
608,-0.4009824920335078,-0.39872901483830947,0.7587718412580601,-0.4035802615122578,-0.39527812482090974,0.7533398091026414,0.0025977694787500116,-0.0034508900173997326,0.0054320321554186535,0.006940030368407364
609,-0.38142071451907145,-0.3801821696487703,0.7618220716932372,-0.38397183345991004,-0.37682906683007494,0.756515162113617,0.0025511189408385926,-0.0033531028186953304,0.0053069095796202115,0.006776045723673414
610,-0.3618213479721821,-0.361485833419684,0.7646932303494829,-0.36432500854419003,-0.35822928223682704,0.7595107137603188,0.0025036605720079597,-0.0032565511828569482,0.005182516589164132,0.006613011421686465
611,-0.3421862567182763,-0.3426474468000911,0.7673885555460974,-0.3446417514312205,-0.3394862107070128,0.7623296342454584,0.002455494712944206,-0.0031612360930783345,0.005058921300639008,0.006451011753790035
612,-0.3225173144382436,-0.3236745049498223,0.7699110764462923,-0.3249240304303084,-0.32060734921933826,0.764974890379158,0.0024067159920647674,-0.00306715573048405,0.004936186067134307,0.006290123928101282
613,-0.3028164038493959,-0.3045745547138689,0.7722636190555986,-0.3051738172971223,-0.30160024906668353,0.7674492514806304,0.0023574134477263864,-0.0029743056471853713,0.004814367574968226,0.006130418207047985
614,-0.28308541637619467,-0.28535519176691265,0.7744488118553999,-0.28539308703651545,-0.2824725128356836,0.7697552949021605,0.002307670660320782,-0.0028826789312290657,0.004693516953239385,0.005971958061423642
615,-0.26332625181199004,-0.2660240577294025,0.7764690910763034,-0.2655838177050335,-0.263231791365801,0.7718954111815078,0.002257565893043434,-0.0027922663636015255,0.004573679894795513,0.005814800339374532
616,-0.24354081797295976,-0.24658883725656425,0.7783267056164103,-0.2457479902131001,-0.24388578068908245,0.77387180882917,0.0022071722401403315,-0.002703056567481793,0.0044548967872403145,0.005658995448806848
617,-0.22373103034536004,-0.22705725510171412,0.7800237216097279,-0.22588758812693474,-0.2244422189518554,0.7756865187570767,0.0021565577815746972,-0.002615036149858724,0.004337202852651156,0.005504587551795652
618,-0.2038988117271418,-0.20743707315525373,0.7815620266500005,-0.2060045974701957,-0.20490888331957058,0.777341398355284,0.002105785743053895,-0.002528189835683148,0.0042206282947164775,0.005351614769680451
619,-0.18404609186491172,-0.18773608746071233,0.7829433336751788,-0.1861010065253778,-0.18529358686603822,0.7788381352231183,0.0020549146604660895,-0.002442500594674102,0.004105198452060477,0.005200109397655163
620,-0.16417480708715548,-0.16796212520920498,0.7841691845175637,-0.1661788056349928,-0.16560417544830938,0.7801782505609888,0.00200399854783731,-0.0023579497608955946,0.003990933956574905,0.0050500981277975445
621,-0.14428689993457788,-0.14812304171367618,0.7852409531244274,-0.14623998700252616,-0.14584852456842748,0.7813631022287947,0.0019530870679482781,-0.0022745171452487056,0.0038778508956327506,0.00490160227964049
622,-0.12438431878834487,-0.1282267173642936,0.7861598484535849,-0.12628654449322554,-0.1260345362233393,0.7823938874764594,0.001902225704880675,-0.002192181140954319,0.0037659609771254487,0.004754638037568815
623,-0.10446901749695958,-0.10828105456636675,0.7869269170480251,-0.10632047343471225,-0.10617013574419806,0.7832716453517061,0.001851455937752669,-0.0021109188221686837,0.0036552716963189624,0.004609216694530226
624,-0.08454295500243564,-0.08829397466216041,0.7875430452932906,-0.08634377041745736,-0.08626326862634384,0.7839972587896967,0.0018008154150217226,-0.002030706035816565,0.0035457865035938285,0.004465344901790884
625,-0.06460809496637623,-0.06827341483798081,0.7880089613608345,-0.06635843309511363,-0.06632189735120068,0.7845714563886423,0.0017503381287373998,-0.00195151748678013,0.0034375049721921958,0.004323024924745015
626,-0.04466640539650159,-0.04822732501790782,0.7883252368400993,-0.0463664599847589,-0.04635399820139721,0.7849948138749364,0.0017000545882573104,-0.0018733268165106107,0.003330422965162838,0.00418225490511955
627,-0.024719858274118076,-0.028163664745558297,0.788492288061544,-0.026369850267042503,-0.026367558070356484,0.7852677552607884,0.0016499919929244267,-0.0017961066752018133,0.0032245328007556306,0.004043029130314075
628,-0.004770429182958509,-0.008090400055261251,0.7885103771123175,-0.006370603586275981,-0.006370571267652135,0.7853905536967359,0.0016001744033174716,-0.0017198287876091164,0.0031198234155815907,0.003905338311098368
629,0.015179903060227786,0.01198449966596742,0.7883796125457205,0.013629280149540351,0.013628963678619457,0.7853633320208057,0.001550622910687435,-0.0016444640126520374,0.0030162805249148716,0.0037691698694854742
630,0.03512915677301725,0.03205306482426738,0.7880999497850393,0.033627800968699426,0.033623047221136695,0.7851860630054648,0.0015013558043178235,-0.0015699823968693127,0.0029138867795744927,0.0036345082393382105
631,0.055075347772313654,0.05210732877119997,0.787671191221767,0.053622959035786476,0.053603681993068565,0.7848585693028844,0.0014523887365271784,-0.0014963532218685918,0.0028126219188825408,0.0035013351832074054
632,0.07501648973679503,0.07213933096105088,0.7870929860076485,0.07361275485165383,0.07356287600690768,0.7843805230883966,0.0014037348851412002,-0.0014235450458568027,0.002712462919251979,0.0033696301300977817
633,0.09495059456663747,0.09214112011177616,0.7863648295394154,0.09359518945337977,0.09349264585116929,0.7837514454014016,0.0013554051132576989,-0.0013515257393931224,0.002613384138013819,0.0032393705404151394
634,0.1148756727404037,0.11210475736820576,0.7854860626344972,0.1135682646141561,0.11338501988364241,0.7829707051823518,0.0013074081262475917,-0.001280262515436656,0.0025153574521453725,0.0031105323063864315
635,0.13478973366902416,0.1320223194661097,0.7844558703954343,0.1335299830431127,0.13323204141994396,0.7820375180038213,0.0012597506259114655,-0.0012097219538342585,0.0024183523916130323,0.0029830901989536585
636,0.15469078604685282,0.1518859018957416,0.7832732807601556,0.15347834858503784,0.15302577191607933,0.7809509444930636,0.0012124374618149858,-0.0011398700203377188,0.0023223362670919956,0.0028570183757770725
637,0.1745768381998209,0.17168762206346938,0.7819371627347405,0.17341136642000265,0.17275829414376465,0.7797098884428689,0.001165471779818239,-0.0010706720802952652,0.0022272742918715283,0.002732290969920353
638,0.19444589843076393,0.1914196224501123,0.7804462243047626,0.19332704326283448,0.1924217153572057,0.7783130946069631,0.00111885516792945,-0.0010020929070934104,0.0021331296977995517,0.002608882785577721
639,0.21429597536203418,0.2110740737645974,0.7787990100208132,0.2132233875624471,0.21200817045009426,0.7767591461756517,0.001072587799587077,-0.0009340966854968769,0.002039863845161527,0.0024867701366383804
640,0.23412507827556028,0.2306431780915571,0.7769938982533311,0.23309840970098727,0.23150982510153895,0.7750464619269026,0.0010266685745730086,-0.0008666470099818468,0.0019474363264284644,0.002365931877172173
641,0.25393121745055586,0.2501191720314883,0.7750290981114454,0.2529501221928054,0.25091887890969955,0.7731732930475957,0.000981095257750475,-0.0007997068782112371,0.001855805063849636,0.002246350691866429
642,0.27371240449912737,0.2694943298321012,0.7729026460201507,0.2727765398831953,0.2702275685118367,0.7711377196192538,0.0009358646159320916,-0.000733238679735515,0.0017649264008968713,0.0021280147418184835
643,0.29346665270006717,0.2887609665094803,0.7706124019498252,0.2925756801469099,0.28942817068955534,0.7689376467622203,0.0008909725531572876,-0.0006672041800750428,0.0016747551876048483,0.0020109198011851633
644,0.31319197733116644,0.3079114409576888,0.7681560452918479,0.3123455630864238,0.30851300545799065,0.7665708004319635,0.0008464142447426326,-0.0006015645003018544,0.001585244859884427,0.0018950720797681175
645,0.33288639600042436,0.3269381590454441,0.7655310703739213,0.3320842117299144,0.32747443913769303,0.7640347228610073,0.0008021842705099314,-0.0005362800922489308,0.0014963475129140535,0.0017804920164381942
646,0.35254792897657206,0.3458335766984925,0.7627347816086494,0.351789652228968,0.34630488740800797,0.7613267676398998,0.0007582767476040364,-0.00047131070951544896,0.0014080139687495663,0.0016672194657737223
647,0.37217459951937937,0.36459020296631306,0.7597642882689959,0.37145991405595574,0.3649968183406966,0.7584440944306824,0.0007146854634236255,-0.00040661537438352324,0.0013201938383134992,0.0015553209138422285
648,0.39176443421025164,0.38320060307176984,0.7566164988844755,0.3910930302010885,0.38354275541260996,0.7553836633065133,0.0006714040091631568,-0.00034215234084011836,0.0012328355779621658,0.0014448996955332368
649,0.41131546328367485,0.40165740144233275,0.7532881152523266,0.4106870373691092,0.40193528049619187,0.7521422287114786,0.0006284259145656335,-0.00027787905385912026,0.0011458865408480179,0.0013361107226453684
650,0.4308257209601129,0.4199532847214725,0.7497756260585366,0.43023997617563103,0.4201670368266409,0.7487163330352061,0.0005857447844818675,-0.000213752105168441,0.0010592930233305209,0.0012291820956588837
651,0.45029324578101526,0.43808100475883005,0.746075300104442,0.4497498913430674,0.43823073194451173,0.7451022997977352,0.0005433544379478406,-0.00014972718568168064,0.0009730003067067727,0.0011244473630282763
652,0.469716080946637,0.45603338157773676,0.7421831791357895,0.4692148318961616,0.45611914061260495,0.7412962264412188,0.0005012490504754386,-8.575903486818248e-05,0.0008869526945706196,0.0010223943980040842
653,0.489092274657434,0.47380330631864576,0.7380950702726343,0.48863285135707546,0.4738251077059589,0.7372939767265044,0.0004594233003585302,-2.1801387313169496e-05,0.000801093546129894,0.0009237401902332017
654,0.508419880459845,0.4913837441570053,0.7338065380403564,0.5080020079400462,0.4913415510738144,0.733091172734505,0.0004178725197987454,4.21930831909223e-05,0.0007153653058514786,0.0008295451885750941
655,0.5276969575973386,0.5087677371940766,0.7293128960044336,0.5273203647455568,0.5086614643723737,0.7286831864746114,0.00037659285178182067,0.00010627282170294627,0.00062970952982222,0.0007413839630008137
656,0.5469215713676524,0.5259484073191494,0.7246091980145353,0.5465859899540265,0.5257779198672481,0.7240651311052729,0.000335581413625885,0.0001704874519012911,0.0005440669092623418,0.0006615811803408707
657,0.5660917934872207,0.5429189590415662,0.71969022906704,0.5657969570189859,0.5426840712044526,0.7192318517753863,0.0002948364682348048,0.0002348878371135621,0.0004583772916537665,0.0005934733191381922
658,0.585205702463847,0.5596726822909012,0.7145504957993698,0.5849513448597394,0.5593731561488667,0.7141779160993728,0.0002543576041075246,0.0002995261420344342,0.0003725796999970443,0.0005415065404768809
659,0.6042613839787471,0.5762029551835731,0.709184216634667,0.6040472380534647,0.5758384992890305,0.708897604283927,0.00021414592528234966,0.0003644558945425924,0.000286612350740012,0.0005107183333096538
660,0.6232569312791468,0.5925032467540788,0.7035853116014672,0.6230827270267574,0.5920735147072245,0.7033848989304824,0.0001742042523894538,0.0004297320468543697,0.00020041267098480642,0.0005051554140415393
661,0.6421904455826917,0.6085671196489411,0.6977473918602728,0.6420559082465795,0.6080717086137423,0.6976334745446516,0.00013453733611212826,0.0004954110351987895,0.00011391731562115925,0.0005258417474898839
662,0.6610600364949851,0.6243882327813399,0.6916637489774927,0.6609648844106218,0.6238266819443293,0.6916366867923863,9.515208436328138e-05,0.0005615508370105937,2.7062185106396797e-05,0.0005701978810629765
663,0.6798638224416416,0.6399603439442673,0.6853273439972667,0.6798077646370254,0.6393321329197169,0.6853875615526078,5.605780461614973e-05,0.0006282110245503514,-6.021755534113549e-05,0.0006335753489493159
664,0.6985999311162906,0.6552773123798747,0.678730796373456,0.6985826646534714,0.6545818595662526,0.6788787838277314,1.7266462819187645e-05,0.0006954528136221549,-0.00014798745427535565,0.0007112334590949435
665,0.717266499946029,0.6703331013025092,0.671866372837788,0.7172877069856007,0.6695697621966022,0.672102686587147,-2.1207039571757846e-05,0.0007633391059069794,-0.00023631374935895177,0.0007993625693453192
666,0.7358616765758536,0.6851217803727124,0.6647259762960627,0.7359210211447693,0.6842898458495512,0.6650512396345386,-5.934456891576456e-05,0.0008319345231612152,-0.00032526333847593403,0.0008952279419476285
667,0.7543836193736468,0.6996375281192231,0.6573011348627515,0.7544807438150888,0.6987362226879031,0.6577160386082651,-9.712444144194254e-05,0.0009013054313199431,-0.0004149037455135618,0.0009969602578304817
668,0.7728304979572908,0.713874634305738,0.6495829911655694,0.7729650190397587,0.7129031143535387,0.6500882942451496,-0.00013452108246791994,0.0009715199521993512,-0.0005053030795801883,0.0011033032862196109
669,0.7912004937454832,0.7278275022388792,0.6415622920760061,0.7913719984066616,0.7267848542786822,0.6421588220623271,-0.00017150466117843433,0.0010426479601969296,-0.0005965299863209816,0.0012134152802272017
670,0.8094918005337896,0.7414906510134555,0.6332293790497655,0.8096998412331966,0.7403758899524486,0.6339180326396285,-0.00020804069940705272,0.0011147610610068304,-0.0006886535898630308,0.0013267316693959218
671,0.8277026250973862,0.7548587176907124,0.6245741792929386,0.827946714750356,0.7536707851417809,0.6253559227167048,-0.00024408965296973673,0.0011879325489315695,-0.0007817434237662457,0.0014428743119550345
672,0.8458311878218375,0.7679264594048192,0.6155861980059544,0.8461107942859937,0.7666642220658663,0.61646206735519,-0.00027960646415614576,0.0012622373389529207,-0.0008758693492356695,0.0015615921335532424
673,0.8638757233630604,0.7806887553923446,0.6062545119983122,0.8641902634472943,0.7793510035231799,0.607225613456968,-0.00031454008423392743,0.0013377518691647383,-0.0009711014586558653,0.0016827220718369348
674,0.8818344813373888,0.793140608938936,0.5965677650132034,0.8821833143024047,0.791726054970291,0.5976352749755627,-0.00034883296501586614,0.0014145539686449826,-0.0010675099623592699,0.0018061630290279226
675,0.8997057270423108,0.8052771492368165,0.586514165152752,0.9000881475612352,0.803784426551621,0.5876793302090884,-0.0003824205189244534,0.0014927226851955133,-0.001165165056336348,0.0019318581926992045
676,0.917487742208017,0.8170936331460777,0.5760814848520458,0.9179029727553806,0.8155212950793129,0.5773456216204795,-0.00041523054736358755,0.0015723380667648224,-0.0012641367684337323,0.0020597827975220306
677,0.9351788257793286,0.8285854468520534,0.5652570639136536,0.9356260084171686,0.8269319659624466,0.5666215586940145,-0.00044718263783993795,0.0016534808896068176,-0.0013644947803609364,0.002189935471540812
678,0.95277729472687,0.8397481074103332,0.5540278161839934,0.953255482257799,0.8380118750848067,0.5554941244066477,-0.00047818753092898625,0.0017362323255265544,-0.0014663082226542556,0.002322331976002309
679,0.9702814848854575,0.8505772641702245,0.5423802405286585,0.9707896313445805,0.8487565906304755,0.5439498859681842,-0.0005081464591230045,0.0018206735397490181,-0.0015696454395256465,0.002457000563305822
680,0.9876897518165992,0.8610687000666998,0.5303004368452905,0.9882267022772163,0.8591618148564958,0.5319750105656659,-0.0005369504606170805,0.0019068852102039902,-0.001674573720375383,0.002593978439968895
681,1.0050004716906678,0.8712183327701137,0.5177741279391029,1.0055649513631455,0.8692233858119127,0.5195552869336455,-0.0005644796724777468,0.001994946958201016,-0.0017811589945425643,0.002733308989213614
682,1.0222120421827257,0.8810222156822546,0.5047866881765896,1.0228026447919047,0.8789372790024944,0.5066761536623483,-0.0005906026091790917,0.0020849366797601743,-0.0018894654857587456,0.0028750395166766076
683,1.0393228833740893,0.8904765387666581,0.4913231799256111,1.0399380588085174,0.8882996090004824,0.4933227352482483,-0.0006151754344281279,0.0021769297661756726,-0.0019995553226372365,0.003019219354447836
684,1.0563314386494953,0.8995776292006067,0.47736839888252,1.0569694798858615,0.8973066309987076,0.4794798869840495,-0.000638041236366238,0.0022709982018991326,-0.0021114881015295017,0.00316589820670746
685,1.0732361755771334,0.9083219518359187,0.46290692947602397,1.0738952048960235,0.9059547423084627,0.4651322498740918,-0.0006590293188901697,0.002367209527455949,-0.0022253203980678316,0.00331512465287383
686,1.0900355867558322,0.9167061094555956,0.4479232116187689,1.090713541280604,0.9142404838005289,0.4502643168426439,-0.0006779545247717067,0.0024656256550666944,-0.002341105223874984,0.0034669447468680887
687,1.106728190610285,0.9247268428137216,0.4324016201456271,1.1074228072199814,0.9221605412887859,0.4348605115707623,-0.0006946166096963857,0.0025663015249357546,-0.002458891425135168,0.003621400667139296
688,1.1233125321114066,0.9323810304468271,0.4163265583254895,1.124021331801486,0.9297117468558371,0.4189052813456625,-0.0007087996900794202,0.002669283590989946,-0.002578723020173035,0.0037785293838417085
689,1.139787183394702,0.9396656882463537,0.39968256685247006,1.1405074551864933,0.936891080120138,0.4023832053261955,-0.0007202717917913493,0.0027746081262156608,-0.002700638473725425,0.003938361318350348
690,1.1561507442449983,0.9465779687840665,0.3824544497026693,1.1568795287764002,0.9436956694441047,0.3852791196091139,-0.0007287845314019048,0.002882299339961869,-0.002824669906444588,0.004100918977342639
691,1.1724018424110694,0.9531151603853967,0.36462741817211697,1.1731359153774927,0.9501227930827353,0.36757826041131964,-0.0007340729664233603,0.0029923673026613917,-0.0029508422392026668,0.00426621554949269
692,1.188539133708753,0.9592746859499609,0.3461872542766501,1.1892749893646573,0.9561698802722672,0.3492664265498517,-0.0007358556559042828,0.0031048056776936672,-0.0030791722732015914,0.004434253458094001
693,1.2045613018662622,0.9650541015240706,0.3271204944803381,1.2052951368439446,0.9618345122584524,0.3303301621888942,-0.0007338349776824238,0.0032195892656181613,-0.00320966770855613,0.004605022867815296
694,1.220467058060821,0.9704510946370887,0.30741463440969763,1.2211947558139582,0.9671144232640236,0.31075696051584134,-0.0007276977531371909,0.0033366713730650366,-0.0033423261061437115,0.004778500148745673
695,1.2362551400918196,0.975463482422171,0.287058354790287,1.236972256326048,0.9720075013949759,0.29053548859030254,-0.000717116234228321,0.003455981027195021,-0.0034771338000155194,0.004954646305937097
696,1.2519243111328255,0.9800892095523431,0.2660417682951651,1.2526260606433117,0.9765117894852975,0.2696558330657038,-0.0007017495104861826,0.0035774200670456446,-0.003614064770538661,0.005133405387967828
697,1.2674733580035056,0.984326346035044,0.2443566863085048,1.2681546033983628,0.9806254858798085,0.24810976580033245,-0.000681245394857255,0.003700860155235519,-0.0037530794918276544,0.00531470289372806
698,1.282901088903413,0.9881730849221232,0.2219969037741814,1.2835563317498675,0.9843469451548001,0.22589102754483356,-0.0006552428464545734,0.0038261397673230446,-0.0038941237706521525,0.00549844420250664
699,1.298206330553337,0.9916277400075961,0.19895849931715445,1.2988297055378224,0.9876746787761803,0.2029956269152212,-0.000623374984485503,0.003953061231415811,-0.0040371275980667365,0.0056845130586249066
700,1.3133879246972104,0.9946887436017996,0.1752401467033636,1.3139731974375781,0.9906073556948702,0.17942215074251594,-0.0005852727403676816,0.004081387906929357,-0.004182004039152337,0.005872770147973881
701,1.3284447239291264,0.9973546444873168,0.15084343246276774,1.328985293112564,0.9931438028792042,0.15517208065333724,-0.0005405691834377002,0.004210841608112581,-0.004328648190569495,0.00606305180980793
702,1.3433755868264368,0.9996241061782329,0.1257731731767686,1.3438644913657243,0.9952830057841277,0.13025010941636972,-0.0004889045392875158,0.004341100394105291,-0.004476936239601131,0.00625516893246625
703,1.3581793723916975,1.0014959056187656,0.10003772458017382,1.3586093042896297,0.9970241087570001,0.10466444924219856,-0.00042993189793216757,0.004471796861765465,-0.004626724662024739,0.006448906086146933
704,1.372854933833548,1.0029689324686275,0.07364927332298139,1.373218257415277,0.9983664153798475,0.07842712292189793,-0.00036332358172885826,0.0046025170887800115,-0.004777849598916542,0.00664402094874928
705,1.3874011117493144,1.0040421891289586,0.04662410107150232,1.3876898898595273,0.9993093887479177,0.051554227525755024,-0.00028877811021299493,0.004732800381040847,-0.004930126454252705,0.006840244081802997
706,1.4018167268095043,1.0047147916624977,0.018982809710869818,1.4020227544711974,0.9998526516844362,0.024066159466105345,-0.00020602766169308673,0.004862139978061508,-0.005083349755235528,0.007037279111822963
707,1.4161005720851427,1.0049859717530703,-0.009249504138133764,1.4162154179757676,0.9999959868914717,-0.004012210822560227,-0.0001148458906248262,0.004989984861598518,-0.0052372933155735366,0.007234803367813602
708,1.4302514052011048,1.0048550798308384,-0.038043137133589824,1.4302664611187157,0.999739337036853,-0.03265142639572878,-1.5055917610862224e-05,0.005115742793985412,-0.005391710737861044,0.007432469017468883
709,1.4442679405396257,1.0043215894599498,-0.06736374105955413,1.4441744788074369,0.9990828047770997,-0.06181740477477093,9.346173218882647e-05,0.005238784682850106,-0.005546336284783203,0.007629904732862093
710,1.4581488417547501,1.003385103043762,-0.09717236857109901,1.457938080251753,0.9980266527163616,-0.0914714824314205,0.0002107615029971477,0.005358450327400344,-0.005700886139678507,0.007826717900879077
711,1.471892714887022,1.0020453588501819,-0.12742561092617694,1.4715558891029872,0.9965713033013819,-0.12157055086072027,0.0003368257840348221,0.005474055548799983,-0.005855060065456663,0.008022497374897915
712,1.4854981023844365,1.0003022392974723,-0.15807583308118184,1.4850265435916035,0.9947173386525217,-0.1520672896241892,0.0004715587928330045,0.005584900644950652,-0.006008543456992643,0.00821681674273179
713,1.4989634783371233,0.9981557803720015,-0.18907150815007628,1.4983486966633788,0.9924655003309216,-0.18291049838327378,0.0006147816737445133,0.005690280041079854,-0.0061610097668025054,0.008409238062923402
714,1.5122872452166514,0.9956061819779087,-0.2203576493263526,1.5115210161141086,0.9898166890418857,-0.21404552605890018,0.0007662291025427592,0.005789492936023044,-0.006312123267452424,0.008599315998226748
715,1.5254677323747063,0.9926538189495976,-0.2518763331528535,1.5245421847228224,0.9867719642746133,-0.24541479105467268,0.0009255476518839068,0.005881854674984255,-0.006461542098180839,0.008786602253437057
716,1.53850319650024,0.9892992523970041,-0.28356730376276035,1.5374109003835117,0.9833325438784152,-0.2769583822343691,0.0010922961167283418,0.005966708518588937,-0.006608921528391265,0.008970650206136405
717,1.5513918241609364,0.9855432410064139,-0.3153686437070741,1.550125876235334,0.9794998035755915,-0.30861472634854564,0.0012659479256023065,0.006043437430822363,-0.006753917358528483,0.009151019605291749
718,1.564131736467763,0.9813867518913255,-0.3472174935367966,1.5626858407913,0.9752752764111607,-0.3403213041667633,0.001445895676462916,0.006111475480164774,-0.006896189370033279,0.00932728120511167
719,1.5767209958060042,0.9768309705822859,-0.3790507997018534,1.5750895380654217,0.9706606521396621,-0.37201539497002895,0.001631457740582487,0.006170318442623723,-0.007035404731824457,0.009499021201327373
720,1.5891576144791983,0.9718773097637483,-0.410806068784103,1.5873357276983062,0.9656577765492774,-0.4036348275127553,0.0018218867808921235,0.006219533214470885,-0.007171241271347661,0.009665845344312933
721,1.601439565021104,0.9665274164095969,-0.4424221057325943,1.5994231850811964,0.9602686507235386,-0.43511871520880985,0.0020163799399075533,0.006258765686058321,-0.0073033905237844254,0.009827382617866611
722,1.6135647918522635,0.9607831770345024,-0.4738397146463202,1.6113507014784265,0.9544954302409214,-0.46640815416292103,0.002214090373837019,0.006287746793581017,-0.007431560483399158,0.009983288393216237
723,1.6255312238978818,0.9546467208610981,-0.5050023426766038,1.6231170841482976,0.9483404243126435,-0.49744686468148896,0.0024141397495842654,0.006306296548454604,-0.0075554779951148565,0.010133246993054006
724,1.6373367877469172,0.9481204207968383,-0.5358566506239079,1.6347211564623458,0.9418060948590116,-0.528181759882355,0.002615631284571318,0.00631432593782677,-0.007674890741552809,0.010276973628491667
725,1.6489794209206132,0.9412068922121868,-0.5663529975323041,1.646161758023011,0.934895055524683,-0.5585634287330091,0.0028176628976022133,0.006311836687503791,-0.0077895687992949325,0.010414215700339225
726,1.6604570848319868,0.9339089896062127,-0.5964458307430761,1.6574377447796707,0.927610070633246,-0.5885465249860494,0.0030193400523161884,0.006298918972966749,-0.007899305757026687,0.01054475348325015
727,1.6717677770536605,0.9262298013301984,-0.6260939771482099,1.668547989143047,0.9199540540815242,-0.6180900577424485,0.003219787910613503,0.0062757472486741905,-0.008003919405761395,0.010668400234922683
728,1.682909542565748,0.9181726426092044,-0.6552608354953734,1.6794913800979598,0.9119300681740611,-0.6471575834684962,0.003418162467788255,0.006242574435143311,-0.008103252026877228,0.010785001791635968
729,1.6938804837229187,0.9097410471522279,-0.6839144732941156,1.6902668233144347,0.9035413223982338,-0.6757173029780909,0.0036136604084839874,0.006199724753994107,-0.008197170316024738,0.010894435724857394
730,1.7046787687544307,0.9009387576720119,-0.7120276349769123,1.7008732412571288,0.8947911721405041,-0.7037420699869326,0.003805527497301897,0.006147585531507849,-0.008285564989979788,0.010996610141452876
731,1.7153026386870833,0.8917697156460088,-0.7395776703676179,1.7113095732930879,0.8856831173443074,-0.7312093202389199,0.003993065393995465,0.00608659830170144,-0.008368350128697966,0.011091462212146705
732,1.725750412653615,0.8822380506422679,-0.7665463941626219,1.7215747757978035,0.8762208011101247,-0.7581009318558724,0.00417563685581146,0.006017249532143221,-0.008445462306749585,0.011178956510265922
733,1.7360204916140103,0.8723480695111007,-0.7929198880566477,1.7316678222595798,0.8664080082382859,-0.7844030284895931,0.004352669354430461,0.005940061272814767,-0.008516859567054613,0.011259083236157444
734,1.7461113605716612,0.8621042457089282,-0.8186882574137927,1.7415877033821823,0.8562486637151049,-0.8101057371275008,0.004523657189478891,0.0058555819938233,-0.008582520286291917,0.011331856393324265
735,1.756021589408775,0.8515112089786504,-0.8438453540960483,1.7513334271857652,0.8457468311429333,-0.8352029121201988,0.0046881622230097175,0.005764377835717149,-0.008642441975849513,0.011397311971166191
736,1.7657498324954577,0.8405737355649272,-0.8683884763347747,1.7609040191060688,0.8349067111147797,-0.8596918362790572,0.004845813389388942,0.005667024450147551,-0.008696640055717464,0.011455506177470324
737,1.7752948272450328,0.8292967390962538,-0.8923180554881528,1.7702985220918765,0.823732639534121,-0.8835729088565338,0.0049963051531563,0.005564099562132774,-0.00874514663161896,0.011506513752188313
738,1.7846553917956554,0.8176852622213238,-0.9156373382860797,1.7795159967007192,0.8122290858806044,-0.9068493289873355,0.005139395094936106,0.005456176340719376,-0.008788009298744237,0.01155042638337193
739,1.793830421996818,0.8057444690469066,-0.9383520718260474,1.7885555211928177,0.8004006514223111,-0.9295267818372679,0.005274900804000282,0.005343817624595459,-0.008825289988779517,0.011587351236716347
740,1.8028188878708264,0.7934796383896029,-0.9604701972343576,1.7974161916232538,0.7882520673753163,-0.9516131333632378,0.005402696247572614,0.005227571014286614,-0.00885706387111973,0.011617409602404453
741,1.8116198297056558,0.780896157825069,-0.9820015566120326,1.8060971219323696,0.7757881930112588,-0.9731181382979247,0.005522707773286228,0.005107964813810262,-0.008883418314107883,0.0116407356568074
742,1.8202323539185676,0.7679995184957373,-1.002957616690721,1.814597444034368,0.7630140137137015,-0.9940531647825135,0.005634909884199679,0.0049855047820358545,-0.008904451908207545,0.011657475332177829
743,1.8286556288110312,0.7547953106214841,-1.023351211560289,1.8229163079041226,0.7499346389840432,-1.0144309380104182,0.0057393209069085405,0.004860671637440861,-0.008920273549870794,0.01166778528444983
744,1.836888880316127,0.7412892196465274,-1.0431963059118576,1.8310528816621792,0.7365553003977854,-1.0342653043291206,0.005835998653947794,0.004733919248742002,-0.008931001582737075,0.011671831947613993
745,1.844931387820726,0.7274870229494003,-1.0625077794716,1.8390063516579414,0.722881349511976,-1.0535710164801917,0.005925036162784725,0.00460567343742424,-0.008936762991408331,0.011669790662522937
746,1.8527824801270367,0.7133945870403218,-1.081301232676923,1.8467759225510378,0.7089182557246515,-1.0723635400346438,0.006006557575998883,0.004476331315670268,-0.00893769264227906,0.011661844868171123
747,1.860441531602082,0.6990178651708987,-1.0995928131573085,1.854360817390854,0.6946716040871542,-1.090658880591542,0.006080714211228022,0.004346261083744474,-0.008933932565766467,0.011648185344351485
748,1.8679079585495681,0.6843628952840684,-1.1173990622129688,1.8617602776942273,0.6801470930701856,-1.1084734309385513,0.006147680855340898,0.004215802213882736,-0.008925631274417478,0.011629009495763728
749,1.8751812158265428,0.6694357982368621,-1.1347367802198096,1.868973563521292,0.665350532284497,-1.125823837107909,0.006207652305250777,0.004085265952365025,-0.008912943111900606,0.011604520669136432
750,1.882260793717175,0.6542427762343423,-1.1516229097127877,1.8759999535494778,0.6502878401571169,-1.1427268820842833,0.006260840167697124,0.003954936077225413,-0.008896027628504388,0.011574927496425294
751,1.8891462150678406,0.63879011141946,-1.1680744347959557,1.8828387451456365,0.6349650415640629,-1.1591993858163752,0.006307469922204101,0.0038250698553971008,-0.00887504897958058,0.01154044325873713
752,1.895837032681262,0.6230841645702135,-1.184108295481857,1.8894892544363082,0.6193882654204694,-1.1752581201377648,0.006347778244953695,0.0036958991497441085,-0.00885017534409216,0.011501285267019656
753,1.9023328269625475,0.6071313738620595,-1.199741315562598,1.895950816376105,0.6035637422291092,-1.1909197372013636,0.006382010586442499,0.0035676316329502633,-0.008821578361234428,0.011457674256902707
754,1.9086332038064087,0.5909382536598247,-1.2149901426487033,1.902222784814218,0.5874978015882669,-1.2062007100649477,0.006410418992190747,0.0034404520715577425,-0.00878943258375564,0.011409833796182623
755,1.9147377927123506,0.5745113933092462,-1.2298711990703017,1.9083045325590295,0.5711968696599886,-1.2211172841230187,0.006433260153321019,0.0033145236492575503,-0.008753914947283059,0.011357989704435434
756,1.920646245113076,0.55785745590364,-1.2444006424105134,1.9141954514408346,0.5546674665997017,-1.2356854381550875,0.006450793672241328,0.003189989303938323,-0.008715204255425935,0.01130236948497367
757,1.9263582329005173,0.5409831770060084,-1.2585943345268187,1.9198949523726523,0.5379162039482439,-1.2499208538459183,0.006463280527865045,0.0030669730577644883,-0.008673480680900347,0.011243201769997916
758,1.9318734471336505,0.5238953633111443,-1.2724678180077085,1.9254024654091402,0.5209497819873273,-1.2638388927244983,0.006470981724510327,0.002945581323816948,-0.008628925283210132,0.011180715780189966
759,1.93719159691242,0.5066008912359724,-1.2860362991052499,1.9307174398035836,0.5037749870595203,-1.2774545795615464,0.006474157108836476,0.002825904176452121,-0.008581719543703459,0.011115140800330391
760,1.9423124084026044,0.48910670542953494,-1.2993146362764785,1.935839344062973,0.4863986888537981,-1.2907825913575508,0.006473064339631351,0.002708016575736827,-0.008532044918927673,0.011046705672646122
761,1.9472356239971622,0.47141981719668946,-1.3123173335556897,1.94076766600115,0.4688278376577654,-1.3038372511423686,0.006467957996012297,0.0025919795389240385,-0.0084800824133211,0.010975638309688328
762,1.9519610016004614,0.453547302831823,-1.3250585380643545,1.9455019127900275,0.45106946157762406,-1.3166325258920903,0.006459088810433888,0.0024778412541989203,-0.00842601217226413,0.010902165228486752
763,1.956488314022741,0.43549630186070626,-1.3375520410445843,1.9500416110088725,0.433130663727031,-1.3291820279480693,0.0064467030138684045,0.002365638133675241,-0.008370013096514972,0.010826511107663013
764,1.9608173484731322,0.41727401519010904,-1.3498112818753307,1.954386306691646,0.415018619385944,-1.3414990193963932,0.006431041781486124,0.0022553958041650612,-0.008312262478937571,0.01074889836901526
765,1.964947906140546,0.39888770316597305,-1.3618493545976056,1.9585355653724,0.39674057313061206,-1.3535964189332585,0.006412340768146008,0.002147130035360989,-0.008252935664347039,0.01066954678491209
766,1.9688798018526898,0.38034468354187334,-1.3736790165359667,1.9624889721287242,0.37830383593583167,-1.3654868108028255,0.006390829723965652,0.0020408476060416736,-0.008192205733141167,0.010588673112619915
767,1.9726128638043872,0.36165232936020325,-1.3853126986584783,1.9662461316232376,0.3597157822506608,-1.3771824554492114,0.006366732181149581,0.0019365471095424414,-0.008130243209266919,0.0105064907564702
768,1.9761469333472235,0.3428180667490566,-1.3967625173666358,1.9698066681431217,0.3409838470487362,-1.3886953015737538,0.006340265204101803,0.0018342197003204386,-0.008067215792882054,0.010423209458526357
769,1.979481864833342,0.32384937263815466,-1.4080402874506681,1.9731702256376917,0.3221155228543811,-1.4000369993327406,0.006311639195650365,0.0017338497837735556,-0.008003288117927498,0.010339035018188161
770,1.9826175255069283,0.3047537723974261,-1.41915753598459,1.9763364677540007,0.30311835674570226,-1.4112189144499225,0.0062810577529275324,0.0016354156517238705,-0.007938621534667512,0.010254169040941407
771,1.9855537954375873,0.2855388374020101,-1.4301255169697913,1.979305077870476,0.2839999473358494,-1.422252143052719,0.006248717567111317,0.001538890066160703,-0.007873373917072213,0.010168808716230564
772,1.9882905674904092,0.26621218252752693,-1.4409552265662169,1.9820757591285796,0.26476794173367757,-1.4331475270714018,0.006214808361829638,0.0014442407938493607,-0.007807699494815079,0.010083146624254843
773,1.9908277473280465,0.24678146357949096,-1.4516574187767055,1.984648234462495,0.24543003248500284,-1.4439156700672382,0.0061795128655515175,0.0013514310944881258,-0.007741748709467311,0.00999737057126547
774,1.993165253440601,0.22725437466070486,-1.462242621473218,1.9870222466268317,0.22599395449569257,-1.4545669533788361,0.006143006813769336,0.0012604201650122937,-0.0076756680943819156,0.009911663452796338
775,1.9953030171995367,0.207638645480418,-1.4727211526738186,1.9891975582223522,0.20646748193779657,-1.4651115524962097,0.006105458977184508,0.0011711635426214229,-0.007609600177608922,0.009826203144079313
776,1.997240982932197,0.18794203860893638,-1.4831031369967456,1.9911739517197096,0.18685842513998854,-1.4755594535896255,0.006067031212487528,0.001083613468947836,-0.007543683407120083,0.009741162416787942
777,1.9989791080138344,0.16817234668127426,-1.4933985222329755,1.9929512294812013,0.1671746274635352,-1.4859204701354887,0.006027878532633091,0.000997719217739057,-0.007478052097486865,0.009656708881101905
778,2.000517362974334,0.14833738955331144,-1.5036170959916613,1.9945292137805317,0.14742396216506348,-1.4962042595945497,0.005988149193802306,0.000913427388247956,-0.007412836397111544,0.009573004952008453
779,2.001855731617062,0.12844501141380182,-1.513768502383914,1.9959077468205864,0.12761432924735241,-1.5064203401089062,0.005947984796475625,0.0008306821664494091,-0.007348162275007786,0.009490207838641358
780,2.0029942111474814,0.1085030778554432,-1.5238622587198527,1.99708669074921,0.10775365229944407,-1.516578107193738,0.005907520398271471,0.0007494255559991336,-0.007284151526114613,0.009408469555425897
781,2.0039328123093525,0.08851947290809908,-1.5339077722018153,1.998065927672992,0.0878498753273104,-1.5266868504077726,0.0058668846363605365,0.0006695975807886889,-0.007220921794042656,0.00932793695370212
782,2.004671559526502,0.06850209603713166,-1.543914356603306,1.9988453596690559,0.06791095957636362,-1.536755769993164,0.005826199857446257,0.0005911364607680408,-0.007158586610142015,0.009248751772485879
783,2.005210491048266,0.048458859109687724,-1.5538912489287564,1.999424908794852,0.04794488034705368,-1.5467939934810255,0.005785582253414079,0.0005139787626340445,-0.007097255447730877,0.009171050706969424
784,2.005549659096831,0.02839768333165773,-1.5638476260536553,1.9998045170959504,0.02795962380486148,-1.5568105922633153,0.005745142000880721,0.00043805952679625004,-0.0070370337903400415,0.009094965493375344
785,2.0056891300147885,0.008326496157926928,-1.5737926213481095,1.9999841466118375,0.007963183785935567,-1.5668145981353296,0.005704983402951003,0.00036331237199136064,-0.006978023212779849,0.009020623008732978
786,2.005628984411285,-0.01174677182157162,-1.583735341289545,1.9999637793797111,-0.012036441400328576,-1.5768150198156834,0.005665205031573972,0.00028966957875695663,-0.006920321473861568,0.0089481453841686
787,2.0053693173052243,-0.0318141900175817,-1.5936848820720857,1.999743417436278,-0.03203125217051633,-1.5868208594525117,0.005625899868946238,0.0002170621529346342,-0.006864022619573973,0.008877650130280482
788,2.0049102382640096,-0.051867830996698464,-1.6036503462212066,1.9993230828175483,-0.05201325086691355,-1.5968411291256488,0.005587155446461267,0.0001454198702150883,-0.006809217095557818,0.008809250273207819
789,2.004251871536355,-0.0718997736537339,-1.613640859222557,1.998702817556634,-0.07197444495646654,-1.606884867354864,0.0055490539797211635,7.467130273264289e-05,-0.006755991867693156,0.008743054499981522
790,2.003394356177708,-0.09190210639908972,-1.6236655861734137,1.997882683679544,-0.09190685022768164,-1.6169611556237677,0.0055116724981638665,4.743828591918797e-06,-0.006704430549645979,0.008679167311784692
791,2.002337846166834,-0.11186693035900765,-1.6337337484640215,1.9968627631989828,-0.111802493984214,-1.6270791349278113,0.005475082967851375,-6.443637479364162e-05,-0.006654613536210219,0.008617689183740907
792,2.0010825105121195,-0.13178636258662188,-1.6438546404941023,1.9956431581061487,-0.13165341823383273,-1.6372480223527806,0.005439352405970821,-0.00013294435278915495,-0.006606618141321796,0.008558716729891306
793,1.9996285333461095,-0.15165253928176745,-1.654037646426992,1.994223990360534,-0.15145168287151517,-1.6474771276873965,0.005404542985575356,-0.00020085641025227585,-0.0065605187395954,0.00850234287200026
794,1.997976114006802,-0.17145761901753084,-1.6642922569801646,1.9926054018777313,-0.1711893688553761,-1.6577758700698915,0.005370712129070698,-0.00026825016215473174,-0.00651638691027312,0.008448657010864035
795,1.9961254671041557,-0.19119378597153705,-1.6746280862462148,1.9907875545152398,-0.1908585813741894,-1.668153794663767,0.005337912588915916,-0.0003352045973476492,-0.006474291582447833,0.008397745198774781
796,1.9940768225702368,-0.21085325315997144,-1.6850548885326024,1.9887706300562809,-0.21045145300520013,-1.6786205893521406,0.005306192513955921,-0.0004018001547713146,-0.006434299180461789,0.008349690311815604
797,1.9918304256913648,-0.2304282656723104,-1.695582575201497,1.9865548301916196,-0.22996014686099078,-1.689186101433152,0.0052755954997452115,-0.0004681188113196122,-0.006396473768345068,0.008304572220624598
798,1.9893865371205508,-0.24991110390470503,-1.706221231482739,1.984140376499396,-0.24937685972413318,-1.699860354290574,0.005246160621154905,-0.0005342441805718523,-0.006360877192165049,0.0082624679582578
799,1.9867454328684429,-0.2692940867899065,-1.7169811332230993,1.981527510422967,-0.2686938251683646,-1.7106535640039524,0.005217922445475809,-0.0006002616215419199,-0.0063275692191469,0.00822345188375245
800,1.9839074042709073,-0.2885695750215413,-1.7278727635234594,1.9787164932467636,-0.2879033166650653,-1.7215761558510787,0.005190911024143707,-0.0006662583564759905,-0.006296607672380716,0.00818759583992972
801,1.9808727579312744,-0.3077299742704495,-1.7389068292020529,1.9757076060701602,-0.30699765067375967,-1.7326387806421168,0.005165151861114214,-0.0007323235966898434,-0.0062680485599360125,0.00815496930394936
802,1.9776418156351796,-0.3267677383906596,-1.7500942770062267,1.9725011497793674,-0.325969189715432,-1.7438523308090974,0.005140665855812188,-0.0007985486752276061,-0.006241946197129256,0.008125639529026462
803,1.9742149142358194,-0.34567537261241477,-1.7614463094770503,1.9690974450173422,-0.344810345427416,-1.7552279561563868,0.005117469218477222,-0.0008650271849987567,-0.00621835332066345,0.008099671675657902
804,1.9705924055073285,-0.3644454367194641,-1.7729744003501846,1.9654968321517237,-0.3635135815986424,-1.7667770791568955,0.005095573355604843,-0.000931855120821723,-0.006197321193289085,0.008077128930588004
805,1.9667746559638766,-0.38307054820758935,-1.7846903093524198,1.961699671240799,-0.3820714171840091,-1.7785114096548387,0.005074984723077547,-0.0009991310235802353,-0.0061788996975811195,0.008058072611643496
806,1.9627620466419715,-0.40154338542104373,-1.7966060962258092,1.9577063419974947,-0.4004764292967199,-1.7904429588085071,0.0050557046444767995,-0.0010669561243238368,-0.0061631374173021225,0.008042562256393538
807,1.958554972843358,-0.4198566906632482,-1.8087341337800125,1.9535172437514072,-0.41872125617732653,-1.80258405207521,0.005037729091950771,-0.0011354344859216825,-0.006150081704802357,0.008030655692498095
808,1.954153843835815,-0.43800327327767075,-1.8210871197378822,1.94913279540887,-0.43679860013833777,-1.814947341005158,0.005021048426945063,-0.001204673139332979,-0.006139778732724199,0.008022409087373334
809,1.9495590825090954,-0.45597601269435817,-1.8336780870991214,1.944553435411064,-0.45470123048319755,-1.8275458135709115,0.005005647098031307,-0.0012747822111606188,-0.006132273528209886,0.008017876974655107
810,1.9447711249832234,-0.4737678614370426,-1.8465204127015553,1.9397796216901726,-0.4724219863984661,-1.8403928027138892,0.004991503293050759,-0.0013458750385764717,-0.006127609987666149,0.008017112254730237
811,1.9397904201663805,-0.4913718480851206,-1.8596278236088626,1.9348118316235898,-0.4899537798180512,-1.8535019927388603,0.004978588542790652,-0.0014180682670693612,-0.006125830870002291,0.008020166166380125
812,1.9346174292596923,-0.5087810801840951,-1.8730144008971419,1.9296505619861817,-0.5072895982583422,-1.8668874231310342,0.004966867273510589,-0.00149148192575288,-0.006126977766107711,0.008027088226368032
813,1.9292526252063804,-0.525988747097265,-1.8866945803502135,1.9242963289006125,-0.5244225076230977,-1.8805634893080148,0.004956296305767882,-0.0015662394741672303,-0.006131091042198777,0.008037926133570654
814,1.9236964920830082,-0.542988122790541,-1.9006831495049221,1.9187496677857283,-0.541345654977011,-1.894544939750472,0.004946824297279884,-0.0016424678135299464,-0.00613820975445023,0.008052725633986818
815,1.9179495244309226,-0.5597725685412736,-1.9149952404130017,1.9130111333030182,-0.5580522712867794,-1.9088468688807356,0.004938391127904396,-0.0017202972544941852,-0.006148371532266106,0.008071530342801503
816,1.9120122265265438,-0.5763355355608561,-1.9296463174054945,1.9070812993011486,-0.5745356741286307,-1.9234847049782011,0.004930927225395232,-0.0017998614322254358,-0.006161612427293406,0.008094381519395602
817,1.9058851115898794,-0.5926705675196747,-1.9446521590599752,1.9009607587585777,-0.5907892703612041,-1.9384741923347701,0.004924352831301659,-0.0018812971584706295,-0.006177966725205097,0.008121317791058279
818,1.8995687009316045,-0.6087713029616745,-1.9600288334808567,1.89465012372426,-0.6068065587627183,-1.9538313667637117,0.0049185772073445655,-0.001964744198956203,-0.006197466717144939,0.008152374820999142
819,1.8930635230402897,-0.6246314775944454,-1.9757926659104745,1.8881500252564394,-0.6225811326313736,-1.9695725234828305,0.004913497783850307,-0.0020503449630717707,-0.006220142427644015,0.008187584916180891
820,1.8863701126129224,-0.6402449264393157,-1.9919601975956331,1.8814611133595462,-0.6381066823479474,-1.9857141762998443,0.004908999253376178,-0.002138244091368313,-0.006246021295788884,0.008226976570488554
821,1.8794890095338126,-0.655605585824509,-2.0085481347439527,1.8745840569191952,-0.6533769978995605,-2.0022730069375108,0.0049049526146174305,-0.0022285879249485108,-0.006275127806441905,0.008270573938853885
822,1.8724207578093581,-0.6707074952030381,-2.025573286320728,1.8675195436353014,-0.6683859713635882,-2.019265803252276,0.004901214174056756,-0.002321523839449835,-0.006307483068451969,0.008318396238213049
823,1.8651659044690179,-0.6855447987757267,-2.0430524893653237,1.8602682799533052,-0.6831275993507646,-2.036709385028378,0.004897624515712629,-0.002417199424962102,-0.006343104336945515,0.008370457071529815
824,1.8577249984462603,-0.7001117468986816,-2.061002520453025,1.8528309909935323,-0.6975959854064473,-2.0546205159757753,0.004894007452727944,-0.002515761492234314,-0.00638200447724957,0.008426763671825575
825,1.8500985894572741,-0.7144026972537663,-2.0794399919018325,1.8452084204786805,-0.711785342369123,-2.073015800533438,0.004890168978593623,-0.002617354884643208,-0.00642419136839445,0.008487316063934394
826,1.842287226899866,-0.7284121157603353,-2.098381231333767,1.8374013306594494,-0.7256899946851959,-2.091911564088844,0.004885896240416576,-0.002722121075139361,-0.0064696672449229276,0.008552106142925456
827,1.8342914588002435,-0.7421345772068153,-2.117842143258347,1.8294105022383151,-0.7393043806791324,-2.1113237152817104,0.004880956561928329,-0.0028301965276829044,-0.006518427976636598,0.00862111666962803
828,1.8261118308412807,-0.7555647655818849,-2.1378380514651845,1.8212367342914608,-0.7526230547780576,-2.1312675891780724,0.0048750965498198795,-0.0029417108038273243,-0.006570462287112111,0.008694320185602933
829,1.8177488855123016,-0.7686974740872436,-2.1583835212078877,1.812880844188868,-0.765640689689914,-2.1517577702945823,0.004868041323433658,-0.0030567843973297038,-0.006625750913305417,0.008771677852246036
830,1.8092031614272899,-0.7815276048175267,-2.1794921604482913,1.8043436675125866,-0.7783520785342984,-2.172807894737887,0.004859493914703306,-0.0031755262832282583,-0.006684265710404258,0.008853138221545966
831,1.8004751928655343,-0.7940501680980908,-2.201176399824701,1.7956260579731689,-0.7907521369251587,-2.1944304311165266,0.004849134892365381,-0.0032980311729321476,-0.006745968708174566,0.008938635949274253
832,1.7915655095957608,-0.8062602814784658,-2.2234472515257364,1.786728887324304,-0.8028359050044701,-2.216636440398034,0.00483662227145687,-0.0034243764739957383,-0.006810811127702543,0.009028090465300228
833,1.7824746370513969,-0.818153168388463,-2.246314047905835,1.777653045275642,-0.8145985494261158,-2.2394353155356597,0.004821591775754808,-0.0035546189623472113,-0.006878732370175555,0.009121404619903985
834,1.7732030969302408,-0.8297241564755148,-2.269784161478888,1.7683994394038254,-0.8260353652891601,-2.262834502486271,0.004803657526415428,-0.0036887911863546785,-0.006949658992617014,0.009218463329713803
835,1.7637514082958399,-0.8409686756558852,-2.2938627088758405,1.7589689950617298,-0.8371417780197469,-2.2868392051869093,0.0047824132341101055,-0.0038268976361383045,-0.007023503688931232,0.009319132251862459
836,1.7541200892595485,-0.8518822559289568,-2.3185522424442775,1.7493626552859305,-0.8479133452008673,-2.311452078146046,0.004757433973618053,-0.003968910728089581,-0.007100164298231348,0.00942325652005499
837,1.7443096593206986,-0.8624605250226819,-2.343852434384993,1.739581380702398,-0.8583457583492696,-2.3366729115189178,0.0047282786183004966,-0.004114766673412262,-0.00717952286607515,0.009530659581235593
838,1.734320642436615,-0.8726992059590524,-2.369759759629256,1.7296261494304437,-0.868434844638788,-2.3624983148415106,0.0046944930061714185,-0.00426436132026442,-0.007261444787745486,0.009641142176123935
839,1.724153570883459,-0.8825941146503935,-2.396267185010406,1.7194979569848965,-0.8781765685694278,-2.3889214069446996,0.004655613898562505,-0.004417546080965673,-0.007345778065706465,0.009754481510595926
840,1.71380898995218,-0.8921411576593573,-2.42336387360491,1.709197816176561,-0.8875670335815046,-2.4159315208889622,0.004611173775618926,-0.004574124077852737,-0.0074323527159476654,0.009870430667544476
841,1.703287463500618,-0.9013363302762699,-2.4510349143222703,1.6987267570109346,-0.8966024836142181,-2.443513933963093,0.004560706489683541,-0.004733846662051788,-0.007520980359177365,0.00998871830957266
842,1.6925895803526319,-0.910175715085234,-2.479261087804194,1.6880858265852081,-0.9052793046080264,-2.471649633771164,0.004503753767423735,-0.004896410477207569,-0.007611454033029652,0.010109048721606544
843,1.6817159614982575,-0.9186554812030405,-2.508018680333033,1.6772760889835565,-0.9135940259502211,-2.5003151320731636,0.004439872514701015,-0.0050614552528194245,-0.007703548259869297,0.01023110223852866
844,1.6706672680060692,-0.92677188438031,-2.537279357625049,1.666298625170732,-0.921543321863127,-2.52948233822374,0.004368642835337333,-0.005228562517182955,-0.007797019401309058,0.01035453609599313
845,1.6594442095116746,-0.9345212681501548,-2.5670101099799587,1.655154532883968,-0.9291240127343685,-2.559118503655017,0.004289676627706518,-0.005397255415786284,-0.00789160632494168,0.01047898573247361
846,1.6480475530969505,-0.9419000661940978,-2.597173279179438,1.6438449265232045,-0.9363330663886721,-2.5891862477784504,0.004202626573746038,-0.005566999805425743,-0.007987031400987554,0.010604066557332042
847,1.6364781323263329,-0.9489048060665893,-2.627726675714947,1.6323709370396566,-0.9431675993006936,-2.619643673878287,0.004107195286676246,-0.00573720676589573,-0.00808300183666022,0.010729376183589977
848,1.6247368561629945,-0.9555321143776778,-2.658623792371456,1.6207337118227096,-0.949624877748395,-2.6504445810272683,0.004003144340284814,-0.0059072366292828304,-0.008179211344187642,0.01085449710564165
849,1.6128247174532153,-0.9617787234787762,-2.6898141169539893,1.6089344145851874,-0.9557023189064935,-2.6815387748284367,0.0038903028680279395,-0.006076404572282756,-0.008275342125552587,0.010978999782584495
850,1.6007428006458964,-0.9676414796308758,-2.721243543144135,1.5969742252469805,-0.9613974918795568,-2.712872476001037,0.003768575398915841,-0.006243987751318958,-0.008371067143097655,0.011102446067879997
851,1.5884922884096786,-0.9731173525612765,-2.752854874309438,1.5848543398170567,-0.9667081186743309,-2.7443888216776147,0.003637948592621898,-0.006409233886945587,-0.008466052631823207,0.011224392907633442
852,1.576074466825295,-0.9782034462384261,-2.7845884108152137,1.5725759702738584,-0.9716320751109048,-2.7760284500182753,0.003498496551436636,-0.006571371127521375,-0.008559960796938437,0.011344396214041473
853,1.5634907288669273,-0.9828970106202871,-2.81638260730133,1.5601403444441087,-0.976167391672356,-2.807730154671101,0.003350384422818653,-0.006729618947931115,-0.008652452630228957,0.011462014809071544
854,1.5507425759429472,-0.9871954540657538,-2.848174782794475,1.5475487058800246,-0.9803122542925307,-2.8394315920225517,0.003193870062922599,-0.006883199773223159,-0.008743190771923093,0.011576814327403444
855,1.53783161734104,-0.9910963560468233,-2.8799018637177562,1.5348023137349744,-0.9840650050816433,-2.8710700213760587,0.00302930360606557,-0.007031350965180039,-0.008831842341697538,0.01168837096784071
856,1.5247595675109298,-0.9945974797664573,-2.9115011380702946,1.5219024426375487,-0.9874241429894152,-2.9025830564067965,0.0028571248733810783,-0.0071733367770421275,-0.008918081663498167,0.01179627498898615
857,1.5115282412137852,-0.99769678427687,-2.942910998434087,1.5088503825641069,-0.9903883244054711,-2.9339094056196564,0.0026778586496782886,-0.007308459871398942,-0.00900159281443047,0.011900133857915706
858,1.4981395466639817,-1.0003924357068483,-2.9740716520779986,1.4956474387097796,-0.9929563636967662,-2.9649895801409523,0.002492107954202183,-0.007436072010082118,-0.009082071937046354,0.011999574978481923
859,1.4845954768789729,-1.0026828172440023,-3.004925778215689,1.4822949313579503,-0.9951272336818244,-2.9957665489487293,0.0023005455210225456,-0.007555583562177892,-0.009159229266959557,0.012094247947850176
860,1.4708980995300052,-1.0045665375757027,-3.0354191152813708,1.4687941957482267,-0.9969000660415961,-3.0261863244390357,0.0021039037817784934,-0.0076664715341066,-0.009232790842335081,0.012183826313788094
861,1.4570495456448924,-1.0060424375662058,-3.0655009646789697,1.4551465819429195,-0.9982741516667748,-3.0561984648014353,0.0019029637019729595,-0.0077682858994310156,-0.009302499877534398,0.01226800882938437
862,1.4430519975505136,-1.007109595031138,-3.0951246015478007,1.4413534546920337,-0.9992489409414315,-3.085756483749059,0.0016985428584799234,-0.007860654089706487,-0.009368117798741693,0.012346520224387654
863,1.4289076764556885,-1.0077673275575658,-3.1242475873627784,1.4274161932968048,-0.999824043962853,-3.1148181624090387,0.0014914831588836996,-0.007943283594712858,-0.009429424953739662,0.012419111531727072
864,1.4146188300652915,-1.008015193401936,3.1303533238260837,1.413336191471756,-0.999999230697499,3.139839544846084,0.0012826385935356122,-0.00801596270443694,-0.009486221020000407,0.012485560022716186
865,1.4001877205864628,-1.0078529905736322,3.102340839651008,1.399114857205336,-0.999774431073011,3.111879164795771,0.0010728633811267763,-0.008078559500621196,-0.009538325144762716,0.01254566881464884
866,1.385616613441543,-1.0072807542744846,3.074928945846356,1.3847536126191209,-0.9991497350062423,3.084514521703087,0.0008630008224221886,-0.008131019268242334,-0.009585575856731143,0.012599266219315173
867,1.3709077669447378,-1.0062987529115195,3.0481417326560036,1.3702538938256013,-0.9981253923672896,3.057769563448156,0.000653873119136561,-0.008173360544229902,-0.009627830792152459,0.012646204901243002
868,1.356063423135606,-1.004907482930471,3.021998828525594,1.3556171507845733,-0.9967018128795511,3.0316637948036833,0.0004462723510325617,-0.008205670050919878,-0.009664966278089437,0.012686360910539537
869,1.3410857998971555,-1.0031076627314168,2.9965155865271047,1.3408448471581444,-0.9948795659558413,3.006212463340424,0.00024095273901103553,-0.008228096775575566,-0.00969687681331921,0.012719632648129493
870,1.3259770844238052,-1.0009002259269453,2.971703318817145,1.325938460164364,-0.9926593804706327,2.9814267933001624,3.862425944123338e-05,-0.00824084545631254,-0.009723474483017469,0.01274593981196115
871,1.3107394280480216,-0.9982863141898926,2.9475695674279936,1.3108994804295147,-0.9900421444685181,2.957314255765872,-0.00016005238149308099,-0.008244169721374428,-0.009744688337878227,0.012765222362420031
872,1.29537494238635,-0.9952672699148261,2.9241184003321044,1.295729411839035,-0.987028904809002,2.9338788640941087,-0.0003544694526849135,-0.008238365105824097,-0.009760463762004346,0.012777439534552565
873,1.279885696727041,-0.9918446288880725,2.9013507227041404,1.2804297713871424,-0.9836208667477723,2.9111214845518916,-0.0005440746601015345,-0.008223762140300184,-0.009770761847751164,0.012782568914794436
874,1.2642737165529003,-0.988020113128092,2.8792645945111777,1.2650020890251326,-0.9798193934546138,2.8890401533006966,-0.0007283724722322305,-0.00820071967347824,-0.009775558789518968,0.012780605590840377
875,1.248540983073961,-0.9837956240238755,2.8578555468852738,1.2494479075083849,-0.9756260054681576,2.867630392188506,-0.0009069244344237504,-0.008169618555717961,-0.009774845303232027,0.012771561375877394
876,1.2326894336341556,-0.9791732358658527,2.8371168910842077,1.2337687822420895,-0.9710423800876875,2.8468855171578986,-0.0010793486079339054,-0.008130855778165191,-0.00976862607369089,0.01275546410250778
877,1.2167209628531357,-0.9741551898330627,2.8170400151560746,1.217966281125707,-0.9660703507022413,2.826796934384504,-0.0012453182725713496,-0.008084839130821364,-0.00975691922842925,0.01273235697745523
878,1.2006374243672908,-0.9687438884730963,2.797614664641082,1.2020419843961807,-0.9607119060572806,2.807354420475193,-0.0014045600288898896,-0.008031982415815708,-0.009739755834111019,0.012702297985436633
879,1.1844406330414414,-0.9629418906881368,2.7788292047361915,1.1859974844699102,-0.9549691894592174,2.7885463841460103,-0.0015568514284687307,-0.007972701228919465,-0.009717179409818755,0.012665359329231234
880,1.1681323675332689,-0.9567519072215107,2.7606708622972844,1.1698343857835234,-0.9488444979181241,2.7703601077480107,-0.0017020182502545111,-0.007907409303386626,-0.009689245450726247,0.012621626892754517
881,1.1517143731051056,-0.950176796624424,2.7431259468531994,1.153554304633417,-0.9423402812289547,2.7527819678085708,-0.0018399315283113005,-0.007836515395469257,-0.009656020955371325,0.012571199714540805
882,1.1351883645912146,-0.9432195616716919,2.726180050459443,1.1371588690141392,-0.9354591409916634,2.735797634409647,-0.0019705044229245683,-0.007760420680028468,-0.009617583950203734,0.012514189460408342
883,1.1185560294423844,-0.9358833461878608,2.7098182267360587,1.1206497184555895,-0.9282038295705979,2.7193922497417313,-0.002093689013205058,-0.00767951661726296,-0.009574023005672672,0.012450719885692678
884,1.101819030782886,-0.9281714322406518,2.694025149827413,1.1040285038590658,-0.9205772489935901,2.703550586566602,-0.002209473076179913,-0.0075941832470617365,-0.00952543673918882,0.012380926279426963
885,1.0849790104272126,-0.9200872376566122,2.6787852543072073,1.0872968873321767,-0.9125824497911844,2.688257187608608,-0.0023178769049641,-0.007504787865427742,-0.009471933301400615,0.012304954884834783
886,1.0680375918152465,-0.9116343138137527,2.6640828572458806,1.0704565420226324,-0.9042226297764663,2.6734964870893,-0.002418950207385917,-0.007411684037286426,-0.009413629843419535,0.01222296229247631
887,1.050996382834425,-0.9028163436672896,2.649902263775697,1.0535091519509268,-0.8955011327659768,2.6592529157394935,-0.0025127691165016675,-0.007315210901312819,-0.009350651963796697,0.012135114804219426
888,1.0338569785060745,-0.8936371399670108,2.636227857545826,1.0364564118419504,-0.8864214472422383,2.6455109906809953,-0.002599433335875867,-0.0072156927247725156,-0.009283133135169486,0.012041587767868463
889,1.016620963520361,-0.8841006436278952,2.623044177468911,1.0193000269555008,-0.8769872049583982,2.632255391580335,-0.0026790634351399056,-0.007113438669496985,-0.009211214111424226,0.011942564883671325
890,0.9992899146103214,-0.8742109222191314,2.6103359821335084,1.0020417129157693,-0.8672021794855813,2.619471024450662,-0.0027517983054479167,-0.007008742733550122,-0.009135042317153452,0.011838237485163997
891,0.9818654027603556,-0.8639721685404096,2.59808830320315,0.9846831955397783,-0.8570702847035119,2.607143074424953,-0.002817792779422734,-0.006901883836897715,-0.009054771221803204,0.011728803797702147
892,0.9643489952484183,-0.8533886992580895,2.586286489050782,0.9672262106648,-0.8465955732350124,2.5952570487522775,-0.00287721541638164,-0.006793126023077023,-0.008970559701495517,0.011614468178774514
893,0.9467422575241564,-0.8424649535774793,2.574916239793568,0.9496725039747743,-0.8357822348250097,2.5837988111854746,-0.0029302464506179016,-0.0066827187524696186,-0.008882571391906513,0.011495440344688145
894,0.9290467549274729,-0.8312054919308838,2.56396363480271,0.9320238308257422,-0.8246345946646914,2.572754608838554,-0.0029770758982693435,-0.006570897266192421,-0.008790974035843835,0.011371934588529416
895,0.9112640542536102,-0.8196149946642515,2.553415153670097,0.9142819560703085,-0.8131571116614865,2.562111092499413,-0.003017901816698254,-0.0064578830027649525,-0.008695938829315963,0.0112441689944538
896,0.893395725171933,-0.8076982607081306,2.5432576915213136,0.8964486538811698,-0.8013543766555692,2.5518553312912466,-0.0030529287092367907,-0.006343884052561366,-0.008597639769932997,0.011112364653374103
897,0.8754433415062683,-0.7954602062212185,2.533478569474968,0.8785257075736812,-0.7892311105835723,2.5419748224863588,-0.003082366067412856,-0.006229095637646176,-0.008496253011390564,0.010976744884984985
898,0.8574084823849928,-0.7829058631970585,2.5240655409630355,0.8605149094275374,-0.7767921625902832,2.532457497190761,-0.0031064270425446017,-0.006113700606775296,-0.008391956227725483,0.010837534470902391
899,0.8392927332691573,-0.7700403780264224,2.5150067945469465,0.8424180605075443,-0.7640425080890486,2.523291722537723,-0.003125327238386988,-0.005997869937373834,-0.008284927990776403,0.010694958903380918
900,0.8210976868668294,-0.7568690100096211,2.5062909537900455,0.8242369704835132,-0.750987246771676,2.5144663009541306,-0.003139283616683808,-0.005881763237945092,-0.008175347164085078,0.010549243653766636
901,0.8028249439415927,-0.7433971298144343,2.497907074679097,0.8059734574492955,-0.7376316005686248,2.505970466995288,-0.0031485135077028437,-0.005765529245809531,-0.00806339231619102,0.010400613464468366
902,0.7844761140228099,-0.7296302178765816,2.48984464102574,0.7876293477409753,-0.7239809115603028,2.4977938821817167,-0.003153233718165338,-0.0056493063162788015,-0.007949241155976505,0.010249291667837005
903,0.7660528160248564,-0.7155738627406725,2.482093558223056,0.7692064757542365,-0.710040639840307,2.489926628215464,-0.003153659729380087,-0.005533222900365509,-0.00783306999240807,0.010095499534931728
904,0.7475566787820985,-0.7012337593404184,2.47464414568244,0.7507066837609222,-0.6958163613314545,2.482359198903139,-0.003150004978823673,-0.005417398008963903,-0.007715053220699097,0.009939455656742953
905,0.7289893415059469,-0.6866157072175759,2.4674871282314306,0.732131821724822,-0.6813137655554999,2.475082491068045,-0.003142480218875199,-0.005301941662075982,-0.007595362836614328,0.00978137536003506
906,0.7103524541698725,-0.6717256086796451,2.46061362671368,0.7134837471166572,-0.6665386533573856,2.4680877946939646,-0.003131292946784714,-0.0051869553222595455,-0.007474167980284552,0.0096214701595552
907,0.6916476778278307,-0.6565694668967814,2.454015147997375,0.6947643247283485,-0.6514969345849919,2.4613667825080277,-0.0031166469005178277,-0.005072532311789502,-0.007351634510652794,0.009459947247996528
908,0.6728766848711409,-0.6411533839387311,2.447683574567822,0.6759754264865352,-0.6361946257252741,2.454911499179146,-0.0030987416153942515,-0.004958758213457037,-0.007227924611324266,0.0092970090247074
909,0.6540411592284722,-0.6254835587528598,2.441611153853107,0.6571189312653843,-0.6206378474977482,2.448714350281457,-0.003077772036912174,-0.004845711255111573,-0.007103196428349889,0.009132852663808616
910,0.6351427965132282,-0.609566285084541,2.4357904874083682,0.6381967246987043,-0.6048328224062841,2.4427680911485643,-0.003053928185476007,-0.004733462678256917,-0.00697760374019607,0.008967669722045638
911,0.6161833041222963,-0.5934079493413204,2.4302145200639313,0.619210698991383,-0.5887858722501876,2.4370658157238534,-0.0030273948690867636,-0.004622077091132715,-0.006851295659922041,0.008801645786409113
912,0.59716440128982,-0.5770150284023666,2.424876529124993,0.6001627527301665,-0.5725034155955617,2.431600945494345,-0.002998351440346547,-0.004511612806804899,-0.00672441636935206,0.008634960161272553
913,0.5780878190993857,-0.5603940873747928,2.419770113695366,0.5810547906938144,-0.5559919652079778,2.426367218580206,-0.0029669715944287134,-0.0044021221668150146,-0.006597104884839666,0.008467785594551054
914,0.5589553004577645,-0.5435517772984688,2.4148891841847964,0.5618887236626036,-0.5392581254474379,2.4213586790388097,-0.002933423204839025,-0.004293651851030922,-0.00646949485401338,0.008300288042149799
915,0.539768600033122,-0.5264948328009587,2.4102279520481646,0.5426664682272655,-0.5223085896267315,2.4165696664309295,-0.0028978681941435047,-0.004186243174227111,-0.006341714382764874,0.00813262646977952
916,0.5205294841604212,-0.5092300697042323,2.4057809197954136,0.5233899465973252,-0.5051501373341961,2.4119948056869718,-0.0028604624369039655,-0.004079932370036232,-0.006213885891558135,0.007964952691027944
917,0.5012397307165535,-0.49176438258478106,2.401542871302895,0.504061086408882,-0.48778963172197237,2.4076289973029317,-0.002821355692328553,-0.003974750862808685,-0.006086126000036884,0.007797411240428331
918,0.48190112896757276,-0.4741047422887563,2.3975088624500143,0.48468182053184755,-0.470234016760835,2.4034674078887996,-0.0027806915642747954,-0.003870725527921337,-0.005958545438785379,0.007630139280131193
919,0.4625154793902647,-0.4562581934037277,2.3936742120992767,0.46525408687666003,-0.4524903144626965,2.3995054610862865,-0.002738607486395317,-0.0037678789410311997,-0.005831248987009818,0.007463266538675267
920,0.44308459347014756,-0.43823185168863255,2.3900344934329842,0.44577982820049183,-0.43456562207189353,2.395738828867818,-0.002695234730344276,-0.003666229616739014,-0.00570433543483384,0.007296915280268044
921,0.4236102934778805,-0.420032901463463,2.3865855256558324,0.426260991912989,-0.416467109226396,2.3921634232246705,-0.0026506984351085117,-0.0035657922370669892,-0.005577897568838086,0.007131200302912809
922,0.4040944122259512,-0.40166859296021473,2.3833233660693116,0.40669952988151115,-0.3982020150900286,2.388775388248735,-0.00260511765555993,-0.003466577870186116,-0.005452022179423199,0.006966228963671569
923,0.3845387928073981,-0.3831462396365859,2.3802443025210867,0.38709739823596034,-0.3797776454569147,2.385571092609647,-0.002558605428562233,-0.0033685941796711694,-0.005326790088560518,0.006802101229323861
924,0.3649452883182462,-0.36447321545390776,2.377344846230334,0.367456557173166,-0.3612013698292525,2.382547122426782,-0.0025112688549198126,-0.0032718456246552674,-0.005202276196447642,0.00663890975065875
925,0.34531576156523347,-0.34565695212075404,2.3746217249882138,0.3477789707608671,-0.3424806184696126,2.379700274533819,-0.002463209195633642,-0.0031763336511414497,-0.00507854954560516,0.006476739958651581
926,0.3256520847603271,-0.32670493630366426,2.3720718767312836,0.328066606741307,-0.3236228794289322,2.377027550132213,-0.0024145219809799112,-0.0030820568747320642,-0.004955673400929506,0.006315670180780385
927,0.30595613920344633,-0.3076247068063978,2.369692443484578,0.30832143633446063,-0.3046356955513944,2.3745261488288225,-0.002365297131014299,-0.002989011255003393,-0.004833705344244432,0.006155771775780728
928,0.28622981495473504,-0.28842385171912266,2.367480765670264,0.28854543404091454,-0.2855266614573912,2.3721934630521706,-0.002315619086179499,-0.0028971902617314638,-0.004712697381906494,0.005997109285178879
929,0.26647501049765115,-0.26911000553893116,2.3654343767772446,0.2687405774444146,-0.26630342050577305,2.370027072841291,-0.002265566946763442,-0.0028065850331581155,-0.004592696064046553,0.005839740600002955
930,0.24669363239406963,-0.2496908462630665,2.363550998386676,0.2489088470141234,-0.2469736617366209,2.3680247410007484,-0.0022152146200537792,-0.0027171845264456207,-0.004473742614072407,0.005683717141151812
931,0.22688759493253016,-0.23017409245624038,2.361828535548196,0.22905222590655416,-0.22754511679571235,2.366184408615277,-0.002164630974024001,-0.0026289756605280268,-0.00435587306708074,0.005529084051981146
932,0.20705881977068033,-0.2105675002934063,2.360265072501558,0.20917269976727051,-0.20802555684197999,2.36450419091746,-0.0021138799965901844,-0.002541943451426304,-0.004239118415901633,0.005375880401782536
933,0.18720923557291608,-0.19087886057936684,2.358858868738463,0.1892722565323201,-0.1884227894391479,2.3629823735019793,-0.002063020959404027,-0.0024560711402189517,-0.004123504763516195,0.005224139398934286
934,0.1673407776441417,-0.17111599574657818,2.357608355399491,0.16935288622944283,-0.16874465543281053,2.361617408880159,-0.0020121085853011256,-0.0023713403137676503,-0.0040090534806678235,0.005073888612651735
935,0.1474553875605138,-0.15128675683252052,2.356512132001313,0.14941658077906955,-0.1489990258141988,2.3604079133688436,-0.001961193218555757,-0.0022877310183217203,-0.0038957813675306596,0.004925150202410022
936,0.12755501279796805,-0.13139902043800317,2.3555689634896324,0.12946533379513178,-0.12919379857188856,2.3593526643079974,-0.0019103209971637336,-0.002205221866114604,-0.003783700818364988,0.004777941154293395
937,0.10764160635926653,-0.11146068566777452,2.3547777776136973,0.10950114038569836,-0.10933689553270708,2.3584505976018466,-0.001859534026431825,-0.0021237901350674437,-0.0036728199881492785,0.00463227352372638
938,0.08771712640024025,-0.09147967105480784,2.3541376626186246,0.08952599695348055,-0.08943625919312186,2.3577008055788626,-0.0018088705532403049,-0.0020434118616859814,-0.003563142960238075,0.004488154684272034
939,0.06778353585584662,-0.07146391146964236,2.353647865252223,0.06954190099617216,-0.06949984954232696,2.357102535166389,-0.0017583651403255407,-0.001964061927315394,-0.0034546699141659865,0.0043455875824663275
940,0.04784280206658957,-0.051421355016148085,2.353307789083505,0.04955085090671553,-0.04953564087836742,2.3566551863762744,-0.0017080488401259586,-0.0018857141377806655,-0.0033473972927695606,0.004204570998963211
941,0.02789689640580912,-0.03135995991510376,2.353116993130563,0.029554845773460472,-0.029551618618522946,2.356358311098441,-0.0016579493676513526,-0.001808341296580817,-0.0032413179678778548,0.004065099816671534
942,0.007947793908276882,-0.011287691376965822,2.3530751907960377,0.009555885180257023,-0.009555776105247387,2.3562116121999095,-0.0016080912719801405,-0.0017319152717184347,-0.0031364214038718252,0.003927165297017119
943,-0.012002527099516408,0.0087874815347854,2.3531822491089414,-0.010444030993501241,0.010443888591061618,2.3562149429274206,-0.0015584961060151666,-0.0016564070562762184,-0.0030326938184792596,0.0037907553660436067
944,-0.03195208536705095,0.028857589048335085,2.3534381882721624,-0.030442902772863486,0.030439375871184192,2.3563683066123997,-0.0015091825941874644,-0.0015817868228491065,-0.0029301183402372644,0.0036558549127847315
945,-0.05189889708516823,0.04891466383487025,2.353843181515549,-0.050438730287320994,0.05042268780681477,2.3566718566776563,-0.0014601667978472385,-0.0015080239719445152,-0.0028286751621071637,0.0035224461032380265
946,-0.07184097624893773,0.06895074416517383,2.3543975552550394,-0.07042951397077836,0.07038583133961263,2.3571258969458246,-0.0014114622781593728,-0.0014350871744387983,-0.0027283416907852853,0.003390508714423647
947,-0.09177633501782202,0.08895787707008211,2.355101789558883,-0.09041325476152971,0.09032082147833986,2.3577308822501957,-0.0013630802562923094,-0.0013629444082577519,-0.002629092691312618,0.0032600204945074204
948,-0.11170298407302436,0.10892812150342343,2.355956518922575,-0.11038795430214902,0.11021968449273731,2.3584874193492102,-0.0013150297708753311,-0.001291562989313877,-0.0025309004266351742,0.0031309575569138477
949,-0.1316189329719347,0.1288535515060393,2.356962533354689,-0.1303516151393278,0.1300744611029139,2.359396268146511,-0.0012673178326068901,-0.0012209095968745975,-0.002433734791821962,0.00300329481894612
950,-0.15152219049965054,0.14872625936950382,2.358120779776356,-0.1503022409236186,0.14987720966295232,2.3604583432190505,-0.0012199495760319423,-0.0011509502934484994,-0.0023375634426945346,0.002877006498892838
951,-0.17141076501759023,0.16853835879815268,2.3594323637376844,-0.17023783660906852,0.16962000933746174,2.3616747156563527,-0.0011729284085217062,-0.0010816505393090592,-0.002242351918668284,0.0027520666903002506
952,-0.1912826648092628,0.18828198806803664,2.3608985514549437,-0.1901564086527219,0.18929496326980613,2.3630466152146,-0.0011262561565408835,-0.0010129752017694893,-0.00214806375965626,0.0026284500385388284
953,-0.2111358984233031,0.207949313181416,2.362520772172836,-0.21005596521397318,0.2088942017407418,2.364575432789753,-0.0010799332093299197,-0.0009448885593258127,-0.002054660616916948,0.002506132553730541
954,-0.2309684750139255,0.22753253101541523,2.364300620856651,-0.22993451635375262,0.22840988531620351,2.366262723214435,-0.00103395866017289,-0.00087735430078828,-0.0019621023577838237,0.0023850926066882705
955,-0.2507784046789931,0.24702387246346072,2.366239861219545,-0.24979007423350463,0.2478342079829598,2.3681102083837824,-0.0009883304454884612,-0.000810335519499078,-0.0018703471642371738,0.0022653121723972833
956,-0.27056369879593867,0.2664156055681212,2.3683404290905528,-0.269620653313991,0.267159400270935,2.3701197807158785,-0.0009430454819476797,-0.0007437947028137715,-0.0017793516253257202,0.0021467784113655144
957,-0.2903223703558282,0.2857000386439864,2.3706044361292893,-0.2894242705538291,0.28637773236087966,2.3722935069527646,-0.0008980998019991193,-0.0006776937168932462,-0.0016890708234753582,0.002029485716870943
958,-0.31005243429588475,0.3048695233892024,2.373034173893542,-0.30919894560779787,0.30548151717619876,2.3746336323082975,-0.0008534886880868786,-0.0006119937869963343,-0.0015994584147556168,0.0019134384120077987
959,-0.3297519078308461,0.32391645798429824,2.375632118266135,-0.32894270102487083,0.3244631134576801,2.3771425849693415,-0.0008092068059752933,-0.0005466554733818407,-0.0015104667032064256,0.0017986543644931755
960,-0.34941881078356885,0.34283329017693065,2.3784009342475096,-0.3486535624459593,0.3433149288198954,2.379822980956867,-0.0007652483376095476,-0.00048163864296474346,-0.0014220467093575273,0.00168516991552949
961,-0.36905116591533577,0.36161252035117497,2.381343481120423,-0.3683295588013468,0.36202942278805417,2.3826776293535232,-0.0007216071139889424,-0.00041690243687919626,-0.0013341482331004073,0.0015730467179077047
962,-0.38864699925637064,0.380246704579986,2.384462817992954,-0.38796872250779796,0.38059910981409556,2.3857095379040607,-0.0006782767485726815,-0.00035240523410956515,-0.0012467199111068084,0.0014623813912356496
963,-0.4082043404371095,0.39872845765944726,2.387762209725648,-0.40756908966530103,0.3990165622707952,2.388921918994649,-0.0006352507718084821,-0.000288104611347928,-0.001159709269001219,0.0013533194001308614
964,-0.42772122302082277,0.4170504561234161,2.391245133248045,-0.4271287002534774,0.4172744134227364,2.39231819601659,-0.0005925227673453937,-0.00022395729932028763,-0.001073062768544908,0.0012460753616771111
965,-0.44719568483824224,0.4352054412371699,2.394915284269018,-0.4466455983275678,0.4353653603728932,2.3959020101191086,-0.0005500865106744524,-0.00015991913572327432,-0.0009867258500908527,0.00114096327830215
966,-0.4666257683248834,0.4531862219686281,2.3987765843842417,-0.4661178322140288,0.45328216698369495,2.3996772273548608,-0.0005079361108545899,-9.594501506682285e-05,-0.0009006429706190922,0.0010384422464209755
967,-0.4860095208618175,0.470985677935718,2.402833188582693,-0.4855434547056987,0.47101766677138485,2.4036479462203655,-0.0004660661561187718,-3.1988835666851845e-05,-0.0008147576376726917,0.000939186326365878
968,-0.5053449951206993,0.48859676232841864,2.407089493152212,-0.5049205232565162,0.48856476577251795,2.407818505591774,-0.0004244718641831513,3.199655590069295e-05,-0.0007290124395620268,0.000844191494928019
969,-0.5246302494139137,0.5060125048039891,2.4115501439819105,-0.5242471001757738,0.5059164453814522,2.4121934930541324,-0.00038314923813986823,9.605942253687605e-05,-0.0006433490722219659,0.0007549362755055182
970,-0.5438633480507636,0.5232260143538445,2.4162200452563676,-0.5435212528218883,0.5230657651576994,2.416777753619516,-0.0003420952288752943,0.00016024919614510136,-0.0005577083631482793,0.0006736078746644253
971,-0.5630423617006848,0.5402304821404986,2.4211043685331166,-0.5627410537956501,0.5400058656019979,2.4215763988259873,-0.00030130790503468674,0.0002246165385006993,-0.0004720302928706843,0.0006033669202003139
972,-0.5821653677645295,0.5570191843029262,2.4262085621907676,-0.5819045811329816,0.5567299709000376,2.4265948162052435,-0.0002607866315479379,0.00028921340288856623,-0.00038625401447589525,0.0005484945061741723
973,-0.601230450755042,0.573585484728642,2.431538361230122,-0.6010099184971187,0.5732313916326847,2.431838679101828,-0.00022053225792328934,0.00035409309595735294,-0.0003003178717060351,0.0005140109156967875
974,-0.6202357026876913,0.589922837790694,2.4370997974046715,-0.620055155370246,0.589503527451662,2.4373139568209106,-0.00018054731744532315,0.00041931033903197523,-0.00021415941623903478,0.0005042645633193517
975,-0.6391792234831135,0.606024791047681,2.4428992096498137,-0.6390383872445473,0.605539869719601,2.4430269250746033,-0.00014083623856619987,0.0004849213280799791,-0.0001277154247896206,0.0005208596454415714
976,-0.6580591213824685,0.6218849879047886,2.448943254771782,-0.6579577158126543,0.6213340041134094,2.4489841766885143,-0.00010140556981419468,0.0005509837913791893,-4.092191673210621e-05,0.0005617302121311946
977,-0.6768735133770855,0.6374971702336992,2.4552389183474737,-0.6768112491574763,0.6368796131899154,2.455192632520491,-6.226421960919826e-05,0.0006175570437838562,4.628582698273931e-05,0.000622411369714656
978,-0.6956205256538288,0.6528551809490803,2.461793525774894,-0.69559710194139,0.6521704789127604,2.4616595525321086,-2.342371243879704e-05,0.000684702036319984,0.00013397324278541234,0.0006980790633070063
979,-0.7142982940576683,0.6679529665391721,2.468614753400562,-0.7143133955947752,0.6672004851395333,2.4683925469401653,1.510153710693185e-05,0.0007524813996387936,0.00022220646039672332,0.0007847496570673926
980,-0.7329049645729868,0.6827845795477897,2.475710639634645,-0.7329582585038568,0.6819636200681355,2.4753995873599552,5.329393086994649e-05,0.0008209594796542152,0.0003110522746898603,0.0008795272752401865
981,-0.7514386938251834,0.6973441810048137,2.483089595946629,-0.7515298261978846,0.6964539786414377,2.4826890178342347,9.1132372701197e-05,0.0008902023633760026,0.00040057811239435637,0.0009804224503976824
982,-0.7698976496041602,0.7116260428019807,2.490760417613513,-0.7700262415355653,0.7106657649092125,2.490269565621063,0.00012859193140513092,0.0009602778927682021,0.0004908519924500254,0.001086096310026878
983,-0.7882800114112588,0.7256245500104659,2.498732294068667,-0.7884456548907789,0.7245932943464408,2.4981503515899917,0.0001656434795200834,0.0010312556640250659,0.0005819424786754901,0.0011956517282964438
984,-0.8065839710311921,0.7393342031364086,2.5070148186721064,-0.8067862243375392,0.7382309961270456,2.5063409000487984,0.00020225330634715544,0.0011032070093630608,0.0006739186233080119,0.0013084870714980378
985,-0.8248077331304446,0.7527496203101416,2.5156179976917086,-0.8250461158341854,0.7515734153521484,2.514851147791886,0.0002383827037407693,0.0011762049579931988,0.0007668498998225637,0.0014241991382908563
986,-0.8429495158835011,0.7658655394044446,2.5245522582494173,-0.8432235034067843,0.7646152152319554,2.523691452126122,0.0002739875232832256,0.001250324172489159,0.0008608061232955322,0.0015425196534011032
987,-0.8610075516280936,0.7786768200766584,2.533828454946271,-0.8613165693317297,0.7773511792204058,2.5328725975898596,0.00030901770363611636,0.0013256408562526412,0.0009558573564114603,0.0016632735513837404
988,-0.8789800875504253,0.7911784457289623,2.543457874834867,-0.8793235043175001,0.7897762131017095,2.542405801035813,0.00034341676707472235,0.0014022326272528085,0.0010520737990540319,0.001786351224002814
989,-0.8968653864009988,0.803365525380527,2.5534522403571187,-0.8972425076856059,0.8018853470279821,2.5523027146979134,0.00037712128460709593,0.0014801783525448808,0.0011495256592053416,0.0019116897394236489
990,-0.9146617272412714,0.8152332954446286,2.5638237098087067,-0.9150717875506427,0.8136737375071053,2.5625754268059584,0.00041006030937129623,0.0015595579375233815,0.0012482830027482628,0.0020392598835764133
991,-0.9323674062208,0.8267771214031183,2.574584874829033,-0.9328095609994818,0.8251366693400644,2.5732364592495207,0.0004421547786817026,0.0016404520630539654,0.0013484155795122632,0.002169057028886163
992,-0.9499807373838663,0.8379924993699269,2.585748754346838,-0.9504540542695596,0.836269557506963,2.584298761724097,0.0004733168856932979,0.001722941862963956,0.0014499926227409254,0.002301094553346128
993,-0.9675000535037092,0.8488750575345331,2.597328784336825,-0.9680035029262528,0.8470679490009707,2.5957757017178724,0.0005034494225436559,0.0018071085335623627,0.0015530826189524838,0.002435398980542153
994,-0.9849237069414433,0.8594205574755542,2.6093388026620445,-0.9854561520393205,0.8575275246094671,2.6076810496170584,0.0005324450978771988,0.0018930328660871076,0.0016577530449861655,0.002572006293246642
995,-1.0022500705254573,0.8696248953338641,2.621793028191003,-1.0028102563583978,0.8676441006416691,2.620028958122165,0.0005601858329404852,0.0019807946921950315,0.0017640700688379418,0.0027109590531443177
996,-1.0194775384455428,0.8794841028339103,2.634706033288577,-1.0200640804875087,0.8774136306020465,2.632833935077795,0.0005865420419659539,0.0020704722318638513,0.0018720982107822692,0.002852304075782777
997,-1.03660452715416,0.8889943481412552,2.648092708687345,-1.0372158990586215,0.8868322068088755,2.646110808726245,0.0006113719044615884,0.0021621413323796856,0.0019818999611000976,0.0029960904863768987
998,-1.053629476265086,0.8981519365438332,2.661968219653272,-1.054263996904172,0.8958960619572528,2.659874684302496,0.0006345206390860891,0.0022558745865803864,0.0020935353507760546,0.003142368033307758
