timestep,px,py,theta,px_ref,py_ref,theta_ref,error_px,error_py,error_theta,error_norm
0,0.0,0.0,0.7853981633974483,0.0,0.0,0.7853981633974483,0.0,0.0,0.0,0.0
1,0.00024445985199975475,0.00024445985199975475,0.7853008044036505,0.01999966666833333,0.01999866669333308,0.7853231571470295,-0.019755206816333575,-0.019754206841333326,-2.235274337902826e-05,0.027937383269222432
2,0.0004889435032060967,0.0004888959024757426,0.7852034454098527,0.03999733338666616,0.03998933418663416,0.7850980633706443,-0.03950838988346007,-0.03950043828415842,0.0001053820392084015,0.055867777843747156
3,0.0007334509513016208,0.0007333081491110096,0.7851060864160548,0.05999100040499132,0.0599640064794446,0.7847226568420766,-0.059257549453689704,-0.05923069833033359,0.000383429573978189,0.08378472301197674
4,0.0009779821939686962,0.0009776965895888273,0.785008727422257,0.07997866837326832,0.07991469396917268,0.7841965616812204,-0.07900068617929963,-0.07893699737958386,0.0008121657410365968,0.11168176926112662
5,0.0012225372288894665,0.0012220612215926932,0.7849113684284592,0.09995833854135666,0.09983341664682815,0.7835192505983565,-0.09873580131246719,-0.09861135542523546,0.0013921178301027348,0.13955248429057077
6,0.014700124842146504,0.014686533574567997,0.783829927368674,0.11992801295888919,0.11971220728891936,0.7826900438339384,-0.10522788811674269,-0.10502567371435137,0.0011398835347355973,0.14867615784360272
7,0.028192265604698077,0.028136422840303613,0.7827484863088887,0.13988569467506554,0.1395431146442365,0.7817081077917023,-0.11169342907036746,-0.11140669180393288,0.0010403785171864133,0.15775916919042365
8,0.04169894373728788,0.04157171328895698,0.7816670452491035,0.1598293879383454,0.15931820661424598,0.7805724533623122,-0.1181304442010575,-0.117746493325289,0.0010945918867912852,0.16679399470286727
9,0.055220143443657936,0.05499238920775906,0.7805856041893182,0.17975709839602208,0.17902957342582415,0.7792819339341677,-0.12453695495236414,-0.12403718421806509,0.0013036702551505464,0.1757736492586063
10,0.06875584891056709,0.06839843490103274,0.779504163129533,0.1996668332936563,0.19866933079506124,0.7778352430874435,-0.13091098438308924,-0.13027089589402852,0.0016689200420895167,0.18469157382861065
11,0.08909194990152211,0.08849621582147676,0.7777050607411051,0.21955660167434962,0.21822962308086932,0.7762309119668949,-0.1304646517728275,-0.12973340725939256,0.00147414877421026,0.18399444403553347
12,0.10946417592700151,0.10855737750786136,0.7759059583526773,0.23942441457783872,0.23770262642713458,0.7744673063284713,-0.12996023865083722,-0.1291452489192732,0.0014386520242060108,0.18322180183660008
13,0.12987246104682518,0.12858185502684968,0.7741068559642494,0.2592682852393897,0.2570805518921551,0.7725426232543283,-0.12939582419256454,-0.12849869686530543,0.0015642327099211206,0.18236677668513396
14,0.15031673920409808,0.1485695835638431,0.7723077535758216,0.279086229288473,0.27635564856411376,0.7704548875304338,-0.1287694900843749,-0.12778606500027068,0.0018528660453878132,0.1814229673922943
15,0.17079694422542402,0.1685204984231908,0.7705086511873938,0.29887626494719843,0.29552020666133955,0.7682019476806334,-0.12807932072177441,-0.12699970823814874,0.0023067035067603214,0.18038447596784532
16,0.19422031221901462,0.1912565247565973,0.7678953461408028,0.31863641322849195,0.31456656061611776,0.765781471650788,-0.12441610100947734,-0.12331003585952047,0.0021138744900147666,0.1751833313972429
17,0.2177030163340337,0.2139312611176442,0.7652820410942118,0.33836469813399206,0.33348709214081446,0.7631909421364422,-0.12066168179995837,-0.11955583102317024,0.0020910989577695993,0.16987410303305925
18,0.24124489619865563,0.23654455265240812,0.7626687360476209,0.35805914685164836,0.35227423327509,0.760427651547437,-0.11681425065299272,-0.11572968062268188,0.0022410845001838986,0.16445045026507263
19,0.26484579103692235,0.2590962449265944,0.7600554310010299,0.37771778995300115,0.3709204694129827,0.7574886966029721,-0.1128719989160788,-0.11182422448638829,0.0025667343980577684,0.1589066815674018
20,0.2885055396698413,0.2815861839265918,0.7574421259544389,0.39733866159012243,0.38941834230865047,0.7543709725508718,-0.1088331219202811,-0.10783215838205867,0.0030711534035671173,0.15323790259422243
21,0.3123071175787512,0.3040928300265965,0.7539457487162174,0.4169197996921991,0.40776045305957015,0.7510711670052485,-0.10461268211344793,-0.10366762303297367,0.002874581710968993,0.14730598271723072
22,0.33618724156958746,0.32651611943308295,0.750449371477996,0.43645924616173865,0.4259394650659996,0.7475857533974175,-0.10027200459215119,-0.09942334563291666,0.002863618080578445,0.14123624488877565
23,0.3601456197163992,0.34885577802938056,0.7469529942397745,0.4559550470703768,0.44394810696551984,0.7439109840358401,-0.09580942735397763,-0.09509232893613928,0.0030420102039343533,0.13502315067601137
24,0.3841819591366065,0.37111153272117536,0.743456617001553,0.47540525285426916,0.46177917554148284,0.7400428827720981,-0.09122329371766263,-0.09066764282030748,0.003413734229454901,0.1286622102743426
25,0.40829596599458096,0.39328311143984857,0.7399602397633315,0.4948079185090459,0.479425538604203,0.7359772372714972,-0.08651195251446492,-0.08614242716435444,0.003983002491834253,0.12215031720990782
26,0.4142818233559377,0.3987482987333264,0.7369133430701518,0.5141611037843102,0.49688013784373675,0.7317095908888981,-0.09987928042837252,-0.09813183911041035,0.005203752181253685,0.14011712080557764
27,0.4202843047675521,0.4041952223977929,0.7338664463769721,0.5334628733776623,0.5141359916531132,0.7272352341528829,-0.11317856861011022,-0.10994076925532031,0.006631212224089134,0.15792509019356588
28,0.426303354504954,0.4096238318663385,0.7308195496837924,0.5527112971282275,0.5311861979208834,0.7225491958644261,-0.12640794262327354,-0.1215623660545449,0.00827035381936625,0.1755698594614847
29,0.4323389166898602,0.4150340767420748,0.7277726529906127,0.5719044502096711,0.5480239367918736,0.7176462338199793,-0.13956553351981088,-0.13298986004979874,0.010126419170633394,0.19304762466281186
30,0.4383909352906929,0.4204259067986026,0.724725756297433,0.5910404133226791,0.5646424733950353,0.712520825173375,-0.1526494780319862,-0.14421656659643267,0.01220493112405796,0.2103550369447904
31,0.4186058491921924,0.4029069293354214,0.7254346742679482,0.610117272886887,0.5810351605373051,0.7071671564563529,-0.1915114236946946,-0.1781282312018837,0.018267517811595302,0.26218313134844795
32,0.39883318758224295,0.38537393027254113,0.7261435922384634,0.6291331212322355,0.597195441362392,0.7015791132839158,-0.23029993364999257,-0.21182151108985087,0.02456447895454761,0.31386274966279004
33,0.3790729603978857,0.3678269184214277,0.7268525102089786,0.6480860567897367,0.6131168519734339,0.6957502697783335,-0.26901309639185106,-0.24528993355200623,0.031102240430645023,0.3653800034102641
34,0.35932517756991256,0.3502659026005892,0.7275614281794938,0.6669741842816288,0.6287930240184685,0.6896738777545541,-0.30764900671171624,-0.2785271214178793,0.03788755042493963,0.41672621128654486
35,0.33958984902286155,0.33269089163557186,0.728270346150009,0.6857956149109028,0.6442176872376911,0.6833428557202919,-0.34620576588804125,-0.31152679560211927,0.04492749042971711,0.4678951336662545
36,0.3113921358875367,0.3075439611088143,0.776270346150009,0.7045484665501799,0.6593846719714731,0.6767497777563413,-0.39315633066264316,-0.3518407108626588,0.09952056839366774,0.5369060715747712
37,0.28443348949179387,0.2810730237342342,0.824270346150009,0.723230863929924,0.6742879116281452,0.6698868623569647,-0.4387973744381301,-0.39321488789391096,0.15438348379304434,0.6090938712081206
38,0.2587760106322022,0.2533390568425462,0.8722703461500091,0.7418409388259654,0.6889214451105513,0.6627459613267954,-0.4830649281937632,-0.4355823882680051,0.20952438482321367,0.6833624292098965
39,0.23447880279087818,0.22440594722579152,0.9202703461500091,0.7603768302463229,0.7032794192004101,0.6553185488498808,-0.5258980274554447,-0.4788734719746186,0.2649517973001283,0.759004606267394
40,0.21159783598720647,0.1943403439704282,0.9682703461500092,0.778836684617301,0.7173560908995228,0.6475957108685986,-0.5672388486300945,-0.5230157469290946,0.3206746352814106,0.8355462911436204
41,0.2331334138641858,0.2256488144314691,1.0222703461500091,0.7972186559688459,0.731145829726896,0.6395681349355568,-0.56408524210466,-0.5054970152954269,0.38270221121445236,0.8486344179334758
42,0.25294776463261787,0.2580740043419515,1.0762703461500092,0.8155209061191403,0.7446431199708592,0.6312261007306176,-0.5625731414865225,-0.4865691156289077,0.4450442454193916,0.866777032567677
43,0.27098312368450844,0.29152138482196366,1.1302703461500092,0.8337416048584215,0.757842562895277,0.6225594714682599,-0.562758481173913,-0.4663211780733133,0.5077108746817494,0.8899004896745248
44,0.2871869126912591,0.32589344700813483,1.1842703461500093,0.8518789301319992,0.7707388788989693,0.6135576864580234,-0.5646920174407402,-0.4448454318908345,0.5707126596919858,0.9178657160871282
45,0.3015118928848207,0.36108998632039363,1.2382703461500093,0.8699310682224605,0.7833269096274834,0.6042097551231719,-0.5684191753376397,-0.4222369233070898,0.6340605910268374,0.950482620245453
46,0.31236631623963373,0.39252022871754527,1.2222242379469195,0.8878962139310396,0.795601620036366,0.5945042528303504,-0.5755298976914058,-0.40308139131882076,0.6277199851165691,0.942200430311376
47,0.32372365366727684,0.4237722611324759,1.2061781297438297,0.9057725707581367,0.8075581004051143,0.5844293189362826,-0.5820489170908598,-0.38378583927263843,0.6217488108075471,0.9341542142780521
48,0.3355809809706416,0.45483803703989695,1.1901320215407398,0.9235583510829657,0.8191915683009982,0.5739726575167142,-0.5879773701123241,-0.3643535312611012,0.6161593640240256,0.9263494186218993
49,0.34793524521919417,0.4857095578703672,1.17408591333765,0.941251776342316,0.8304973704919704,0.5631215413080933,-0.5933165311231219,-0.3447878126216032,0.6109643720295567,0.9187930157145486
50,0.3607832655350198,0.5163788750697009,1.1580398051345602,0.958851077208406,0.8414709848078965,0.5518628194639037,-0.5980678116733862,-0.3250921097381956,0.6061769856706565,0.9114935683429627
51,0.37384937906231036,0.5462161530106432,1.140298145618951,0.976354493765815,0.852108021949363,0.540182929805001,-0.6025051147035045,-0.3058918689387198,0.6001152158139499,0.9037259103169112
52,0.38744277131183597,0.5758169328109056,1.1225564861033417,0.9937602756874735,0.8624042272433384,0.5280679163262988,-0.6063175043756375,-0.2865872944324328,0.5944885697770429,0.8961974408789378
53,0.4015591636515674,0.6051718973815512,1.1048148265877324,1.0110666824096939,0.8723554823449863,0.5155034528098956,-0.6095075187581265,-0.2671835849634351,0.5893113737778368,0.8889175320357464
54,0.41619411283089486,0.6342718070060086,1.0870731670721232,1.0282719833062262,0.8819578068849474,0.5024748734859666,-0.6120778704753314,-0.2476859998789388,0.5845982935861566,0.8818972949983985
55,0.43134301237917766,0.6631075022483489,1.069331507556514,1.0453744578613184,0.8912073600614354,0.4889672117755554,-0.6140314454821407,-0.2280998578130865,0.5803642957809585,0.8751496312017536
56,0.4465307386872414,0.6908119166552034,1.0495259010642997,1.0623723958417668,0.900100442176505,0.4749652482411506,-0.6158416571545253,-0.20928852552130162,0.574560652823149,0.8678609205248705
57,0.46226415316635905,0.7182101150788893,1.0297202945720854,1.0792640974679386,0.9086334961158833,0.4604535689580829,-0.6169999443015796,-0.19042338103699397,0.5692667256140025,0.8608220490931912
58,0.47853708439687515,0.7452913505972749,1.009914688079871,1.0960478735837471,0.916803108771767,0.44541663559766037,-0.617510789186872,-0.17151175817449205,0.5644980524822107,0.8540456130737443
59,0.49534314933410595,0.7720450006166827,0.9901090815876566,1.1127220458255676,0.9246060124080204,0.4298388685756445,-0.6173788964914616,-0.15256101179133774,0.5602702130120121,0.8475460316350594
60,0.5126757558120838,0.7984605710385936,0.9703034750954422,1.1292849467900707,0.9320390859672264,0.4137047446598081,-0.6166091909779869,-0.13357851492863282,0.5565987304356341,0.8413395632986875
61,0.5298305021940555,0.8235090946105817,0.9480316535701538,1.1457349202009626,0.9390993563190677,0.3969989104388761,-0.6159044180069071,-0.11559026170848596,0.5510327431312778,0.8344677613455441
62,0.5475388242095475,0.8481693701151631,0.9257598320448654,1.1620703210746102,0.945783999449539,0.37970631302149005,-0.6145314968650627,-0.09761462933437581,0.5460535190233754,0.8278599048976305
63,0.5657919382912421,0.872429165722028,0.9034880105195771,1.178289515884539,0.9520903415905158,0.36181234924553096,-0.6124975775932969,-0.07966117586848775,0.5416756612740461,0.8215301014053484
64,0.5845807906475857,0.8962764482443142,0.8812161889942887,1.1943908827247842,0.958015860289225,0.3433030345211741,-0.6098100920771985,-0.061739412044910846,0.5379131544731146,0.8154941233105665
65,0.6038960617535918,0.9196993891072311,0.8589443674690003,1.210372811472079,0.963558185417193,0.3241651921901698,-0.6064767497184873,-0.04385879630996181,0.5347791752788305,0.8097693549861995
66,0.6227916134682946,0.9416008260888019,0.8338180474690114,1.2262337039468676,0.9687151001182652,0.30438666394296926,-0.603442090478573,-0.027114274029463314,0.5294313835260422,0.8032279441600587
67,0.642231445425939,0.9630206241718668,0.8086917274690226,1.2419719740731194,0.9734845416953194,0.283956541378582,-0.5997405286471804,-0.010463917523452548,0.5247351860904406,0.7969599806723713
68,0.6622032852850569,0.9839452610648328,0.7835654074690338,1.2575860480369372,0.9778646024353163,0.26286541820488024,-0.5953827627518803,0.0060806586295165665,0.5206999892641535,0.7909779310518846
69,0.6826945248482611,1.0043615270707433,0.758439087469045,1.273074364443936,0.9818535303723597,0.24110566184802507,-0.5903798395956749,0.02250799669838366,0.5173334256210199,0.7852953827580859
70,0.7036922280217844,1.0242565334265437,0.7333127674690562,1.2884353744753823,0.9854497299884603,0.2186717023624417,-0.5847431464535978,0.038806803438083404,0.5146410651066144,0.779926881964974
71,0.724023259032554,1.0425727832262364,0.7050549899643127,1.3036675420430732,0.9886517628517197,0.19556033550876473,-0.5796442830105192,0.053921020374516626,0.509494654455548,0.7736147453246908
72,0.7448636810324182,1.0603072874356354,0.6767972124595693,1.3187693439429462,0.9914583481916864,0.1717710357084244,-0.573905662910528,0.06884893924394897,0.5050261767511448,0.7675671472644384
73,0.7661968540102488,1.077445885960123,0.6485394349548258,1.3337392700073958,0.9938683634116449,0.14730627331565815,-0.5675424159971469,0.08357752254847817,0.5012331616391676,0.7617901801401853
74,0.7880057445184627,1.0939748945052945,0.6202816574500823,1.34857582325629,0.99588084453764,0.12217182931261213,-0.5605700787378274,0.09809404996765447,0.49810982813747023,0.7562900612214409
75,0.8102729392733582,1.1098811155031674,0.5920238799453389,1.3632775200466682,0.9974949866040543,0.0963770991912814,-0.55300458077331,0.11238612889911304,0.4956467807540575,0.7510728590470123
76,0.8316506609007046,1.1242574370950746,0.5606256894635615,1.3778428902211026,0.998710143975583,0.06993537651704462,-0.546192229320398,0.12554729311949164,0.4906903129465169,0.7448926482380991
77,0.8534691621396213,1.1379555613527108,0.5292274989817841,1.3922704772547134,0.9995258306054791,0.0428641055705861,-0.5388013151150921,0.13842973074723175,0.486363393411198,0.7389309832284472
78,0.8757069350670067,1.1509619851394515,0.4978293085000068,1.4065588384008205,0.9999417202299663,0.015185091651111312,-0.5308519033338138,0.15102026490948517,0.48264421684889547,0.7331823127600308
79,0.8983420584562452,1.1632638871730479,0.46643111801822945,1.4207065448352156,0.99995764649874,-0.013075342784616575,-0.5223644863789705,0.16330624067430788,0.47950646080284604,0.7276400420708111
80,0.921352219386393,1.1748491406644026,0.4350329275364521,1.4347121817990456,0.9995736030415051,-0.041886267855577024,-0.5133599624126526,0.1752755376228975,0.47691919539202915,0.7222962577991778
81,0.9558127550179936,1.1908638712441364,0.3785077687443927,1.4485743487402851,0.998789743470524,-0.07121213282096248,-0.49276159372229156,0.19207412777361244,0.44971990156535513,0.6942293919675826
82,0.9911230062023024,1.204906174219763,0.32198260995233324,1.4622916594537918,0.9976063813191736,-0.10101283897581732,-0.4711686532514894,0.20729979290058953,0.42299544892815055,0.666256897718423
83,1.0271701834184648,1.216931195064022,0.2654574511602738,1.4758627422199255,0.9960239899165367,-0.13124390617594112,-0.44869255880146075,0.2209072051474853,0.3967013573362149,0.6383548954322124
84,1.063839143224845,1.2269005229388763,0.20893229236821437,1.4892862399417186,0.994043202198076,-0.16185673736972372,-0.42544709671687353,0.23285732074080034,0.3707890297379381,0.6105016531520634
85,1.1010127560551535,1.2347823133890603,0.15240713357615493,1.5025608102805854,0.9916648104524687,-0.19279898196781758,-0.40154805422543194,0.24311750293659162,0.3452061155439725,0.5826784896452868
86,1.1385722789078798,1.240551389838158,0.09562250953715601,1.515685125790554,0.9888897660047016,-0.22401499487154508,-0.3771128468826741,0.25166162383345636,0.3196375044087011,0.554721377286895
87,1.1763986816223784,1.2441795102441775,0.03883788549815709,1.5286578740510102,0.9857191788355535,-0.25544638373627454,-0.3522591924286318,0.258460331408624,0.29428426923443163,0.5267746317745103
88,1.2143700259789705,1.2456549788995883,-0.017946738540841833,1.5414777577979386,0.9821543171376185,-0.28703263284555847,-0.32710773181896813,0.26350066176196985,0.26908589430471663,0.4988379350836453
89,1.2523639065201613,1.2449730394435385,-0.07473136257984075,1.5541434950536477,0.9781966068080447,-0.3187117881210078,-0.3017795885334864,0.2667764326354939,0.24398042554116706,0.470921472341631
90,1.290257845140199,1.2421358901945896,-0.13151598661883968,1.5666538192549668,0.9738476308781951,-0.3504211845928371,-0.2763959741147679,0.26828825931639444,0.21890519797399743,0.44304944452499584
91,1.3279296859088245,1.2371526770641565,-0.1885159866188399,1.579007479379901,0.9691091288804564,-0.38209819537047346,-0.2510777934710764,0.26804354818370013,0.19358220875163357,0.4151643935146331
92,1.3652564559756057,1.2300314246194215,-0.2455159866188401,1.591203240072732,0.9639829961524481,-0.41368097997668896,-0.22594678409712632,0.2660484284669734,0.16816499335784885,0.38744442249776295
93,1.4021169134961584,1.220795263545927,-0.3025159866188403,1.6032398817675544,0.9584712830789142,-0.44510920994479974,-0.20112296827139597,0.2623239804670128,0.14259322332595942,0.3599960366904636
94,1.4383913312654055,1.2094741940071367,-0.35951598661884054,1.6151162008102287,0.9525761942715953,-0.4763247508234524,-0.17672486954482314,0.2568979997355414,0.11680876420461184,0.3329752981510274
95,1.4739618856059586,1.1961049882002923,-0.41651598661884076,1.6268310095787475,0.9463000876874145,-0.5072722820789922,-0.15286912397278885,0.24980490051287785,0.09075629546015146,0.3066075056976052
96,1.5086702368828717,1.1807500066136805,-0.4592189500550661,1.6383831366019965,0.9396454736853249,-0.5378998396315425,-0.1297128997191248,0.24110453292835554,0.07868088957647645,0.2848640281549952
97,1.5426914429299083,1.1639273240989367,-0.5019219134912914,1.6497714266769001,0.9326150140222006,-0.5681592696408527,-0.10707998374699179,0.23131231007673614,0.06623735614956128,0.26336076978543327
98,1.5759634740390094,1.1456676128810177,-0.5446248769275168,1.660994740983941,0.9252115207881683,-0.5980065863693985,-0.08503126694493157,0.22045609209284944,0.0533817094418817,0.24224122647074053
99,1.6084256664473036,1.1260041652704464,-0.5873278403637422,1.672051957201041,0.9174379552818098,-0.6274022311885141,-0.06362629075373749,0.20856620998863662,0.04007439082477193,0.22170729718274898
100,1.6400188329432832,1.1049728329625754,-0.6300308037999676,1.682941969615793,0.9092974268256818,-0.6563112337819401,-0.0429231366725098,0.1956754061368936,0.026280429981972553,0.2020443546073054
101,1.6627859610369624,1.088371910364406,-0.6585293609687554,1.6936636892360304,0.9007931915226274,-0.6847032801150899,-0.030877728199067977,0.18757871884177868,0.02617391914633449,0.1918965447957243
102,1.685070806088062,1.0711289861984505,-0.6870279181375432,1.704216043898726,0.8919286509533796,-0.7125526946185239,-0.019145237810664018,0.17920033524507095,0.025524776480980726,0.1820187201833282
103,1.7068552702888002,1.0532580636640327,-0.715526475306331,1.7145979783772067,0.8827073508159741,-0.7398383461925445,-0.007742708088406491,0.17055071284805867,0.02431187088621356,0.17244872353111565
104,1.728121662197086,1.0347736559659861,-0.7440250324751188,1.7248084544866769,0.8731329795075166,-0.7665434890556865,0.003313207710409216,0.16164067645846958,0.022518456580567725,0.16323531026727908
105,1.7488527111039653,1.0156907745282946,-0.7725235896439065,1.734846451188034,0.8632093666488738,-0.7926555501696838,0.014006259915931407,0.15248140787942077,0.02013196052577726,0.15444109200706385
106,1.764835018908791,1.0001147887518864,-0.7974834595651843,1.7447109646899726,0.8529404815528762,-0.8181658750569212,0.020124054218818355,0.14717430719901026,0.020682415491736883,0.1499767200877637
107,1.7804236143096084,0.9841447797003964,-0.8224433294864621,1.7544010085493633,0.8423304316366457,-0.8430694433909002,0.026022605760245066,0.1418143480637507,0.020626113904438026,0.1456499979474721
108,1.7956087861919465,0.9677906960947977,-0.84740319940774,1.763915613769895,0.8313834607786832,-0.8673645649064725,0.0316931724220515,0.13640723531611454,0.01996136549873251,0.1414561668409466
109,1.8103810747591638,0.9510627259202092,-0.8723630693290179,1.7732538288989745,0.8201039476213741,-0.8910525650657036,0.03712724586018923,0.13095877829883518,0.01868949573668577,0.1373969841356716
110,1.82473127742555,0.93397129007916,-0.8973229392502957,1.7824147201228708,0.8084964038195901,-0.914137468639516,0.042316557302679136,0.12547488625956993,0.016814529389220234,0.1334817084936505
111,1.8370689752836056,0.9185090299532344,-0.9191844958120406,1.7913973713600952,0.7965654722360865,-0.9366256880218409,0.04567160392351033,0.12194355771714782,0.017441192209800227,0.1313785441362499
112,1.8490657228461913,0.9027807648054803,-0.9410460523737856,1.8002008843530102,0.7843159250844199,-0.9585257217604746,0.04886483849318113,0.11846483972106037,0.01747966938668899,0.12933379114898455
113,1.8607157867642223,0.8867940113094058,-0.9629076089355305,1.808824378757652,0.7717526620201257,-0.9798478675264842,0.05189140800657044,0.11504134928928011,0.016940258590953716,0.1273350015994459
114,1.8720135993717169,0.8705564096723291,-0.9847691654972754,1.8172669922317666,0.7588807081809217,-1.0006039525927415,0.054746607139950276,0.11167570149140738,0.01583478709546604,0.12537700658132145
115,1.882953761346631,0.8540757199840574,-1.0066307220590205,1.8255278805210422,0.7457052121767199,-1.0208070838766747,0.05742588082558875,0.10837050780733748,0.014176361817654248,0.12346201029223508
116,1.893042260416775,0.8381322723729677,-1.0256908621328011,1.8336062175435337,0.7322314440302513,-1.0404714187339885,0.059436042873241224,0.10590082834271641,0.014780556601187378,0.12233598607745867
117,1.9028250610769075,0.8219994441503663,-1.0447510022065818,1.8415011954722713,0.7184647930691263,-1.0596119569697484,0.06132386560463621,0.10353465108124005,0.014860954763166623,0.12124722035445798
118,1.9122986094513426,0.8056830960168808,-1.0638111422803624,1.8492120248160406,0.7044107657701763,-1.078244353954232,0.06308658463530192,0.10127233024670457,0.014433211673869462,0.1201845232705419
119,1.9214594640089278,0.7891891553418745,-1.082871282354143,1.8567379344983332,0.6900749835569364,-1.0963847542815959,0.06472152951059451,0.09911417178493809,0.01351347192745278,0.11914323041759035
120,1.9303042968132766,0.7725236140101635,-1.1019314224279237,1.8640781719344526,0.675463180551151,-1.1140496450750117,0.06622612487882407,0.0970604334590125,0.01211822264708795,0.11812484361827275
121,1.9387681617948525,0.7558143983402034,-1.1186007345603084,1.871232003106772,0.6605812012792008,-1.1312557278065778,0.0675361586880805,0.09523319706100253,0.012654993246269397,0.11743357018699745
122,1.9469523326610276,0.7389664238042293,-1.135270046692693,1.8781987126381352,0.6454349983343708,-1.1480198073479873,0.06875362002289243,0.09353142546985849,0.012749760655294207,0.11678075275251164
123,1.9548545353619082,0.721984371772576,-1.1519393588250777,1.884977603863395,0.6300306299958922,-1.16435869688339,0.06987693149851326,0.0919537417766838,0.012419338058312412,0.11615729051672825
124,1.9624725741951428,0.7048729608702888,-1.1686086709574623,1.891567998899078,0.6143742578057116,-1.1802891372852227,0.07090457529606486,0.09049870306457719,0.01168046632776032,0.11555910759399186
125,1.9698043324160195,0.6876369456660083,-1.185277983089847,1.8979692387111724,0.5984721441039565,-1.1958277295646969,0.07183509370484709,0.08916480156205175,0.010549746474849853,0.11498669347306163
126,1.9769319209281533,0.6700737649505083,-1.1999883166029965,1.9041806831810315,0.5823306495240819,-1.2109908790505335,0.07275123774712178,0.08774311542642643,0.011002562447536945,0.11451049418671364
127,1.9838003873427659,0.6524076390606888,-1.214698650116146,1.9102017111693845,0.5659562304487028,-1.2257947500135267,0.07359867617338134,0.08645140861198597,0.011096099897380585,0.1140777568959149
128,1.990408245392342,0.634642390769706,-1.2294089836292956,1.9160317205784498,0.5493554364271267,-1.2402552295333436,0.07437652481389212,0.08528695434257927,0.010846245904047924,0.11368101457427175
129,1.9967540652024125,0.6167818642998135,-1.2441193171424452,1.9216701284121454,0.532534907555621,-1.2543878994917435,0.07508393679026715,0.08424695674419247,0.010268582349298283,0.11331633186812476
130,2.0028364736009663,0.5988299244905111,-1.2588296506555947,1.927116370834386,0.5155013718214642,-1.2682080156685605,0.07572010276658037,0.08332855266904693,0.00937836501296574,0.11298289863167806
131,2.0087683871728075,0.5804362429528903,-1.2719834491767166,1.932369903225468,0.4982616424118385,-1.2817304930098559,0.0763984839473395,0.0821746005410518,0.00974704383313929,0.11262503357166408
132,2.0144578477710087,0.5619661277060186,-1.2851372476978384,1.9374302002365305,0.4808226149886482,-1.2949698962289915,0.07702764753447822,0.08114351271737041,0.009832648531153065,0.11231299621124462
133,2.0199038710055475,0.5434227744477735,-1.2982910462189603,1.9422967558420892,0.4631912649303451,-1.3079404349891695,0.0776071151634583,0.08023150951742841,0.009649388770209155,0.11204048441111866
134,2.025105514605915,0.5248093915476676,-1.3114448447400822,1.9469690833906388,0.44537464454187115,-1.3206559629989763,0.07813643121527636,0.07943474700579645,0.009211118258894091,0.11180351342651909
135,2.030061878584148,0.5061291994917363,-1.324598643261204,1.9514467156533182,0.4273798802338298,-1.333129980429876,0.07861516293082982,0.07874931925790651,0.008531337168671937,0.11160010233019577
136,2.0348711059563462,0.4869914697308545,-1.3365525412825225,1.9557292048706325,0.40921416967201735,-1.3453756391359823,0.07914190108571373,0.07777730005883715,0.008823097853459805,0.1113130538959156
137,2.0394512247021583,0.46779761965870115,-1.348506439303841,1.9598161227972284,0.3908847788984522,-1.3574057502217107,0.07963510190492995,0.07691284076024896,0.008899310917869663,0.11106994311708684
138,2.043801580350205,0.44855039196083385,-1.3604603373251596,1.9637070607447196,0.3723990394250553,-1.3692327935620554,0.08009451960548541,0.07615135253577854,0.00877245623689582,0.11086530815494161
139,2.047921551260869,0.4292525369501514,-1.372414235346478,1.9674016296225532,0.3537643453011427,-1.380868928933525,0.0805199216383159,0.07548819164900872,0.008454693587046869,0.11069510695025708
140,2.051810548715125,0.40990681217389063,-1.3843681333677966,1.9708994599769205,0.3349881501559047,-1.3923260084614568,0.08091108873820452,0.07491866201798592,0.007957875093660194,0.11055649223529619
141,2.055537269422293,0.39014882586667554,-1.3954335875943644,1.9742002020277007,0.3160779642170538,-1.4036155901318894,0.08133706739459234,0.07407086164962173,0.00818200253752499,0.11031389868640273
142,2.0590451353425463,0.37035081215744553,-1.4064990418209322,1.9773035257034395,0.29704135130683235,-1.4147489521538088,0.08174160963910682,0.07330946085061318,0.008249910332876587,0.11010916772503646
143,2.0623337169621596,0.3505151951749448,-1.4175644960475,1.9802091206743555,0.2778859258165868,-1.4257371079907708,0.08212459628780411,0.072629269358358,0.008172611943270791,0.1099374898246227
144,2.065402611617243,0.3306444036521761,-1.4286299502740678,1.9829166963833729,0.2586193496611108,-1.4365908219100985,0.08248591523386994,0.07202505399106535,0.007960871636030653,0.10979485457702658
145,2.068251443543042,0.3107408706290196,-1.4396954045006356,1.985425982075177,0.23924932921398243,-1.4473206249233783,0.08282546146786496,0.07149154141503719,0.007625220422742718,0.10967789908526775
146,2.070919023080736,0.29051005160844273,-1.4501464474319237,1.9877367268232897,0.21978361222511697,-1.457936831014273,0.08318229625744622,0.07072643938332576,0.007790383582349403,0.10946329848339553
147,2.073375027628304,0.27025245894555244,-1.4605974903632117,1.9898486995551619,0.20022998472177053,-1.4684495535690345,0.0835263280731422,0.07002247422378191,0.007852063205822768,0.10927693843803743
148,2.075619188932814,0.24997030524155442,-1.4710485332944998,1.99176168907528,0.18059626789423294,-1.4788687219418666,0.08385749985753388,0.06937403734732148,0.007820188647366777,0.10911458514197014
149,2.077651261879553,0.22966580578029236,-1.4814995762257879,1.9934755040862868,0.1608903149674558,-1.4892040981017618,0.08417575779326625,0.06877549081283657,0.007704521875973924,0.10897240932435398
150,2.0794710245188,0.20934117828628743,-1.491950619157076,1.994989973208109,0.1411200080598672,-1.499465293319851,0.08448105131069128,0.06822117022642021,0.007514674162774959,0.10884689442236987
151,2.0810939296469257,0.18880054553197115,-1.5020340063879665,1.9963049449950963,0.12129325503062975,-1.5096617848669232,0.08478898465182949,0.0675072905013414,0.007627778478956682,0.10864892633452349
152,2.082509636627305,0.1682445928965837,-1.512117393618857,1.997420287951166,0.10141798631660187,-1.5198029326997817,0.08508934867613904,0.06682660657998182,0.00768553908092473,0.10846686183387835
153,2.083718001519578,0.1476754103826939,-1.5222007808497475,1.998335890542952,0.08150215176026913,-1.5298979961226906,0.08538211097662596,0.06617325862242478,0.007697215272943092,0.10829705515152854
154,2.0847189014646497,0.12709508933800312,-1.532284168080638,1.9990516612109581,0.06155371742991314,-1.5399561504164885,0.08566724025369155,0.06554137190808998,0.007671982335850425,0.1081360568785448
155,2.085512234697183,0.10650572224270985,-1.5423675553115286,1.999567528378714,0.04158066243329049,-1.5499865034331373,0.08594470631846907,0.06492505980941936,0.007618948121608682,0.10798057374317077
156,2.0861002212532886,0.08582849581713124,-1.552313367204812,1.9998834404599326,0.02159097572609596,-1.5599981121576436,0.08621678079335604,0.06423752009103528,0.007684744952831668,0.10779075833672311
157,2.0864825303140258,0.06514644416293394,-1.5622591790980953,1.9999993658636692,0.0015926529164868282,-1.56999999924253,0.08648316445035653,0.06355379124644711,0.007740820144434668,0.10760270633981692
158,2.0866591240620096,0.044461613114724234,-1.5722049909913787,1.9999152929974802,-0.018406306933053812,-1.580001169522415,0.08674383106452943,0.06286792004777805,0.007796178531036313,0.10741344421706822
159,2.086629985028876,0.02377604878204152,-1.582150802884662,1.9996312302685817,-0.03839790450523538,-1.5900106265178413,0.0869987547602944,0.0621739532872769,0.007859823633179275,0.10722015027388751
160,2.086395116097011,0.0030917973469604815,-1.5920966147779454,1.9991472060830102,-0.058374143427580086,-1.600037388938299,0.0872479100140009,0.06146594077454057,0.007940774160353659,0.1070201643213851
161,2.0859555285547637,-0.017542715198804085,-1.6021287222341518,1.998463268842781,-0.0783270334708653,-1.610090507194452,0.08749225971198271,0.06078431827206121,0.0079617849603002,0.10683173160190904
162,2.08530895895821,-0.03817177947630893,-1.6121608296903582,1.997579486941048,-0.09824859374510869,-1.6201790799288849,0.08772947201716219,0.06007681426879976,0.008018250238526647,0.1066300905466442
163,2.0844554723796245,-0.05879331932833716,-1.6221929371465647,1.996495948755265,-0.11813085589181781,-1.6303122705732334,0.08795952362435955,0.05933753656348065,0.008119333426668707,0.10641308480135367
164,2.0833951547158898,-0.07940525935494763,-1.632225044602771,1.9952127626383473,-0.13796586727122728,-1.6404993239373136,0.08818239207754242,0.05856060791627965,0.0082742793345425,0.10617882449221072
165,2.0821281126798525,-0.10000552512234803,-1.6422571520589775,1.9937300569078378,-0.15774569414324865,-1.6507495828327603,0.08839805577201476,0.05774016902090062,0.00849243077378281,0.10592575118110749
166,2.080667121008276,-0.12041536358930527,-1.6526035409022437,1.9920479798330735,-0.17746242484086058,-1.6610725047296746,0.08861914117520242,0.057047061251555314,0.008468963827430898,0.10573288385539995
167,2.078995043176431,-0.14080899393399762,-1.66294992974551,1.9901666996203604,-0.19710817293466984,-1.671477678439753,0.08882834355607039,0.05629917900067222,0.008527748694242998,0.10551205937170009
168,2.0771120581749107,-0.1611842330834102,-1.6732963185887761,1.988086404396152,-0.21667508038737962,-1.6819748408132476,0.08902565377875882,0.055490847303969415,0.008678522224471408,0.10526213903036803
169,2.075018367571248,-0.18153889993324687,-1.6836427074320424,1.985807302188237,-0.236155320696897,-1.692573893429715,0.08921106538301116,0.054616420763650114,0.00893118599767262,0.10498253991559257
170,2.0727141954883375,-0.20187081558141046,-1.6939890962753086,1.9833296209049371,-0.2555411020268312,-1.7032849192537511,0.08938457458340032,0.05367028644542077,0.009295822978442558,0.10467336884535394
171,2.070237357468036,-0.22187438769551227,-1.7048922098541575,1.980653608312316,-0.27482467032312397,-1.714118199216562,0.0895837491557201,0.0529502826276117,0.009225989362404485,0.10447056725630496
172,2.067542569769377,-0.24184976611901243,-1.7157953234330063,1.977779532009403,-0.2939983124155676,-1.725084228672093,0.08976303775997407,0.05214854629655519,0.009288905239086764,0.10422647259349818
173,2.0646301527398503,-0.26179457624468183,-1.7266984370118552,1.9747076794014329,-0.3130543591029702,-1.7361937336623283,0.08992247333841741,0.05125978285828836,0.009495296650473106,0.10394121996810383
174,2.061500452598005,-0.2817064470991499,-1.737601550590704,1.971438357671107,-0.33198518822073414,-1.7474576869099745,0.09006209492689798,0.05027874112158426,0.009856136319270403,0.1036160034673067
175,2.0581538413922913,-0.3015830116247582,-1.748504664169553,1.9679718937478738,-0.35078322768961984,-1.7588873234378162,0.09018194764441745,0.049200216064861635,0.010382659268263206,0.10325330287816642
176,2.0546661689318513,-0.32100180267819883,-1.7602317790935855,1.964308634275237,-0.36944095854447706,-1.7704941556922353,0.09035753465661434,0.04843915586627823,0.010262376598649814,0.10303471387698114
177,2.0509510151154133,-0.34037835906184727,-1.771958894017618,1.960448945576091,-0.3879509179417303,-1.7822899880233805,0.09050206953932238,0.04757255887988304,0.010331094005762376,0.10276431507403813
178,2.047008890864485,-0.3597100160409772,-1.7836860089416506,1.9563932136160893,-0.40630570214441675,-1.7942869303459041,0.09061567724839548,0.04659568610343956,0.010600921404253505,0.10244383076230022
179,2.042840338314375,-0.3789941150555921,-1.7954131238656832,1.9521418439650484,-0.4244979694835826,-1.8064974107716563,0.09069849434932675,0.04550385442799049,0.011084286905973073,0.10207682920845716
180,2.038445930739639,-0.3982280040860405,-1.8071402387897157,1.9476952617563903,-0.44252044329485246,-1.818934186968815,0.09075066898324868,0.044292439208811984,0.011793948179099178,0.10166907743077418
181,2.033951526467889,-0.41688897767006056,-1.819993360232768,1.9430539116446306,-0.46036591482899825,-1.8316103559602837,0.09089761482325831,0.04347693715893769,0.011616995727515622,0.10142768377032359
182,2.0292176482792095,-0.4354906443200187,-1.8328464816758203,1.9382182577609126,-0.47802724613534286,-1.8445393620273418,0.09099939051829686,0.04253660181532415,0.011692880351521495,0.1011285074527056
183,2.024245078212439,-0.45402993103209255,-1.8456996031188726,1.933188783666595,-0.4954973729168449,-1.8577350023321744,0.09105629454584374,0.041467441884752376,0.012035399213301767,0.10077523677525303
184,2.0190346377384216,-0.47250377510765373,-1.8585527245619249,1.9279659923048962,-0.5127693073557238,-1.871211429814701,0.09106864543352544,0.04026553224807006,0.012658705252776015,0.10037456892557099
185,2.013587187624303,-0.4909091246592274,-1.8714058460049772,1.9225504059505998,-0.5298361409084934,-1.884983152854841,0.09103678167370322,0.03892701624926598,0.013577306849863913,0.09993673735354525
186,2.0080884597767135,-0.508646715018314,-1.8857294291622355,1.9169425661578283,-0.5466910470692872,-1.899065031120944,0.09114589361888514,0.03804433205097313,0.013335601958708532,0.09966335035704418
187,2.002336238829789,-0.5263037270494132,-1.9000530123194939,1.911143033705888,-0.5633272841003701,-1.9134722669486295,0.09119320512390106,0.037023557050956946,0.013419254629135624,0.09933287890863193
188,1.996331704917961,-0.5438765382129784,-1.9143765954767522,1.9051523885431907,-0.5797381977287431,-1.928220391512157,0.09117931637477028,0.0358616595157647,0.013843796035404754,0.09895138728923904
189,1.9900760899405745,-0.561361543244242,-1.9287001786340106,1.898971229729261,-0.5959172238077642,-1.9433252449633298,0.09110486021131359,0.034555680563522206,0.014625066329319258,0.09852960559379177
190,1.983570677309149,-0.5787551548928763,-1.943023761791269,1.892600175374829,-0.6118578909427194,-1.958802949622059,0.0909705019343201,0.03310273604984304,0.01577918783079002,0.09808366900135347
191,1.9770671428650326,-0.5954126077148847,-1.9592062429264137,1.886039862580021,-0.6275538230792937,-1.9746698752097716,0.09102728028501161,0.03214121536440906,0.015463632283357898,0.09776577828965664
192,1.9702949128001956,-0.6119626407883308,-1.9753887240615584,1.8792909473706498,-0.6429987420539088,-1.9909425950243342,0.09100396542954581,0.031036101265577987,0.015553870962775829,0.09740063761390816
193,1.9632557605380796,-0.628400920206019,-1.9915712051967032,1.8723541046326122,-0.6581864701049049,-2.007637831866406,0.0909016559054674,0.029785549898885932,0.01606662666970271,0.09699704388113393
194,1.955951529400236,-0.6447231413253458,-2.007753686331848,1.865230028044401,-0.6731109323435617,-2.024772392446539,0.09072150135583512,0.02838779101821587,0.017018706114690918,0.09657066762205235
195,1.9483841321236213,-0.6609250298955441,-2.0239361674669927,1.8579194300077386,-0.6877661591839738,-2.0423630889355304,0.09046470211588264,0.026841129288429633,0.01842692146853775,0.09614499459254877
196,1.9408709435305636,-0.6763546300959151,-2.042397197051914,1.8504230415763365,-0.7021462887308055,-2.060426646274568,0.09044790195422703,0.025791658634890413,0.018029449222654037,0.09576582721583124
197,1.9330742050582632,-0.6916429077743422,-2.0608582266368356,1.8427416123827909,-0.7162455691239705,-2.078979593845187,0.09033259267547233,0.024602661349628296,0.018121367208351558,0.09536064279595231
198,1.9249965738346784,-0.7067846526867989,-2.079319256221757,1.8348759105636196,-0.7300583608392996,-2.0980381401223296,0.09012066327105872,0.02327370815250074,0.018718883900572525,0.0949410135508698
199,1.9166408027159982,-0.7217747045276156,-2.0977802858066785,1.8268267226824504,-0.7435791389442745,-2.1176180290088564,0.08981408003354785,0.021804434416658913,0.019837743202177904,0.09452797674687888
200,1.90800973934847,-0.7366079546881117,-2.1162413153916,1.8185948536513634,-0.7568024953079283,-2.137734376690414,0.08941488569710665,0.020194540619816626,0.02149306129881401,0.09415302936744334
201,1.8994764725769926,-0.7506694047006885,-2.1373906271644767,1.8101811266504018,-0.7697231407640244,-2.1584014880706035,0.08929534592659083,0.019053736063335824,0.021010860906126805,0.09369183495981595
202,1.8906477463505902,-0.7645472507680231,-2.1585399389373534,1.8015863830452545,-0.7823359072266527,-2.179632652163961,0.08906136330533565,0.017788656458629593,0.02109271322660744,0.09323768167252998
203,1.881527509552937,-0.7782352856527,-2.17968925071023,1.7928114823031196,-0.7946357497573974,-2.201439916254256,0.08871602724981731,0.01640046410469742,0.02175066554402605,0.09280409562862987
204,1.8721198414535976,-0.7917273870154259,-2.200838562483107,1.7838573019067592,-0.8066177485832404,-2.22383383918308,0.08826253954683838,0.014890361567814536,0.022995276699973033,0.09241634869105021
205,1.8624289498834656,-0.8050175201534101,-2.2219878742559835,1.774724737266751,-0.8182771110644103,-2.246823224830935,0.08770421261671468,0.013259590911000152,0.024835350574951676,0.0921121072390906
206,1.852860115992169,-0.8175736235650122,-2.2461365085136387,1.7654147016319481,-0.8296091736113709,-2.270414837697643,0.0874454143602208,0.0120355500463587,0.0242783291840043,0.09154775925994033
207,1.8429908887495385,-0.8298950142558147,-2.270285142771294,1.7559281259981563,-0.8406094035501944,-2.294613103481373,0.08706276275138225,0.010714389294379734,0.024327960710079033,0.09103061280781395
208,1.83282702318027,-0.8419745072754702,-2.294433777028949,1.746265959015033,-0.8512734009355746,-2.319419798686549,0.08656106416523701,0.00929889366010439,0.02498602165759989,0.09057366356173444
209,1.8223744461209745,-0.8538050587309842,-2.318582411286604,1.7364291668912253,-0.8615969003107405,-2.3448337345377843,0.08594527922974926,0.00779184157975632,0.026251323251180292,0.09020219392853783
210,1.8116392527640752,-0.865379769894208,-2.342731045544259,1.7264187332977474,-0.8715757724135882,-2.3708504418018905,0.0852205194663278,0.006196002519380239,0.02811939625763138,0.08995347592630658
211,1.8010195064848167,-0.8762893931636931,-2.369940944884118,1.7162356592696177,-0.8812060258283252,-2.3974618644663783,0.08478384721519894,0.004916632664632048,0.027520919582260106,0.0892741566189362
212,1.7901068781574145,-0.8869060514847421,-2.3971508442239773,1.7058809631057523,-0.8904838085819884,-2.424656071515499,0.08422591505166221,0.0035777570972462813,0.027505227291521717,0.08867549064141109
213,1.7789094467601163,-0.8972218849954535,-2.4243607435638364,1.6953556802671397,-0.8994054096851778,-2.4524169971891108,0.08355376649297663,0.00218352468972427,0.02805625362527442,0.08816548668679386
214,1.7674355021202641,-0.9072292565444431,-2.4515706429036954,1.6846608632732913,-0.9079672606164054,-2.4807242209956297,0.08277463884697278,0.0007380040719623393,0.029153578091934307,0.08776170350340472
215,1.7556935387770631,-0.9169207573448785,-2.4787805422435545,1.6737975815969954,-0.9161659367494548,-2.509552799257385,0.0818959571800677,-0.0007548205954237552,0.030772257013830462,0.08748971001378389
216,1.7440214873683224,-0.9260322027029501,-2.508673592335981,1.6627669215573662,-0.9239981587231878,-2.5388731599736905,0.08125456581095625,-0.0020340439797622567,0.030199567637709368,0.08670902885826372
217,1.7320823222816317,-0.9347907161404093,-2.5385666424284077,1.6515699862112163,-0.9314607937532426,-2.5686510721830618,0.08051233607041541,-0.0033299223871666728,0.030084429754654085,0.08601393815122514
218,1.7198867114941372,-0.9431884716811093,-2.5684596925208343,1.6402078952427481,-0.9385508568851079,-2.598847699706418,0.07967881625138906,-0.0046376147960014436,0.030388007185583543,0.08540288174839178
219,1.7074455521243743,-0.9512179656961498,-2.598352742613261,1.628681784851592,-0.9452655121880633,-2.6294197471130945,0.07876376727278234,-0.005952453508086486,0.031067004499833573,0.08487827464292397
220,1.6947699606953885,-0.9588720236085797,-2.6282457927056875,1.6169928076391802,-0.951602073889516,-2.6603197029822847,0.07777715305620836,-0.007269949719063695,0.03207391027659723,0.08444449909187562
221,1.6820809281094822,-0.9660256054044778,-2.659868199257866,1.6051421324934945,-0.957558007449271,-2.691496182110619,0.07693879561598771,-0.008467597955206796,0.03162798285275281,0.0836158345369092
222,1.669172063590339,-0.9727744199154277,-2.6914906058100447,1.593130944472173,-0.9631309305733167,-2.722894364390203,0.07604111911816602,-0.009643489342111011,0.031403758580158314,0.0828338381121833
223,1.656056274624709,-0.9791117190472228,-2.7231130123622234,1.5809604446840095,-0.9683186141667071,-2.7544565238654024,0.07509582994069941,-0.01079310488051577,0.031343511503179045,0.08208709095097826
224,1.6427466756017026,-0.9850311661771145,-2.754735418914402,1.5686318501688397,-0.9731189832251738,-2.7861226372410264,0.07411482543286296,-0.011912182951940742,0.03138721832662439,0.08136378141352235
225,1.6292565746998027,-0.9905268424897585,-2.7863578254665806,1.5561463937758424,-0.9775301176650971,-2.817831057161089,0.07311018092396027,-0.01299672482466141,0.03147323169450855,0.08065096232654878
226,1.6156428417830768,-0.995577159672759,-2.8182552354563315,1.5435053240402514,-0.9815502530915156,-2.8495192322111245,0.0721375177428254,-0.014026906581243392,0.031263996754792966,0.0798624634444686
227,1.6018749691676941,-1.000190738676466,-2.8501526454460824,1.530709905058507,-0.9851777815038595,-2.881124453092601,0.07116506410918721,-0.015012957172606423,0.030971807646518634,0.07905130044233423
228,1.587966963715898,-1.0043628858370608,-2.8820500554358333,1.5177614163618436,-0.9884112519391305,-2.912584602987957,0.07020554735405438,-0.015951633897930306,0.030534547552123925,0.07820250697713525
229,1.5739329748552644,-1.0080893565851632,-2.913947465425584,1.5046611527883416,-0.9912493710522671,-2.9438388899030694,0.06927182206692284,-0.016839985532896118,0.029891424477485273,0.07730244305656048
230,1.5597872801836612,-1.0113663597640794,-2.945844875415335,1.49141042435344,-0.9936910036334646,-2.974828539761162,0.06837685583022113,-0.017675356130614772,0.028983664345826998,0.07634045733739397
231,1.5453931638931178,-1.0142205240308972,-2.976416867506724,1.4780105561189416,-0.9957351730622453,-3.0054974311418126,0.06738260777417615,-0.018485350968651892,0.029080563635088374,0.07568225163284406
232,1.5309185298897738,-1.016633366320999,-3.0069888595981134,1.4644628880605028,-0.9973810616980933,-3.0357926556293995,0.066455641829271,-0.019252304622905725,0.028803796031286133,0.07494439425364277
233,1.5163769057888628,-1.018602631654942,-3.0375608516895025,1.450768774933639,-0.9986280112074989,-3.0656649915020315,0.06560813085522366,-0.019974620447443026,0.028104139812529016,0.0741164959434655
234,1.5017818818128155,-1.0201264796087315,-3.0681328437808917,1.4369295861382525,-0.9994755228272839,-3.095069282657533,0.06485229567456297,-0.02065095678144757,0.026936438876641322,0.07319736340610355
235,1.4871470980901924,-1.021203486033834,-3.098704835872281,1.4229467055816887,-0.9999232575641007,-3.1239647189303588,0.06420039250850373,-0.02128022846973321,0.025259883058077914,0.07219833941357487
236,1.4721294390246096,-1.0218479558452298,-3.1266642609745245,1.4088215315403523,-0.9999710363300244,3.1308702891621083,0.0633079074842573,-0.02187691951520543,0.025650757042953387,0.07172483596625844
237,1.4570996327919956,-1.0220723433626187,3.128561621102818,1.3945554765198755,-0.9996188400141854,3.1030967943149705,0.06254415627212007,-0.022453503348433212,0.02546482678784745,0.07116451854502039
238,1.442069427869167,-1.0218764731870962,3.1006021960005743,1.3801499671138728,-0.9988668094904141,3.0759271557872387,0.0619194607552942,-0.023009663696682114,0.024675040213335553,0.07051469246327716
239,1.4270505730445877,-1.0212604984261728,3.0726427708983306,1.3656064438612794,-0.9977152455608932,3.0493838894183343,0.06144412918330833,-0.023545252865279642,0.02325888147999633,0.06979065489938861
240,1.4120548082345938,-1.0202249005740933,3.044683345796087,1.350926361102302,-0.9961646088358407,3.023485121228019,0.06112844713229193,-0.024060291738252637,0.021198224568067747,0.06902861299615884
241,1.3965344238150874,-1.0187161046611426,3.0200413490492988,1.3361111868329818,-0.9942155195492712,2.998244789888664,0.06042323698210561,-0.024500585111871365,0.021796559160634832,0.06874835437639801
242,1.3810559273444898,-1.0168253522590827,2.9953993523025106,1.3211624025584014,-0.9918687573109126,2.9736728934044856,0.05989352478608834,-0.02495659494817004,0.021726458898025047,0.06842590853584901
243,1.3656287173237123,-1.0145537914276237,2.9707573555557225,1.3060815031445296,-0.9891252607943699,2.9497757684852686,0.05954721417918263,-0.025428530633253787,0.020981587070453944,0.0680639984328192
244,1.3502621611126733,-1.0119028014523173,2.9461153588089344,1.2908699966687416,-0.9859861273616705,2.9265563918596627,0.059392164443931694,-0.025916674090646796,0.019558966949271728,0.06768793379457325
245,1.334965589242463,-1.0088739920070582,2.9214733620621463,1.2755294042690073,-0.9824526126243325,2.904014693833692,0.05943618497345571,-0.026421379382725707,0.01745866822845432,0.06734652529266826
246,1.319005602997099,-1.005303029965639,2.9003000978139712,1.2600612599917844,-0.9785261299411385,2.8821478756489345,0.05894434300531448,-0.026776900024500394,0.018152222165036758,0.06723794402552109
247,1.3031247973795248,-1.0013949685804633,2.8791268335657962,1.2444671106386092,-0.974208249852809,2.8609507235309106,0.05865768674091565,-0.027186718727654324,0.018176110034885617,0.0671581183846916
248,1.2873302916019815,-0.9971515597978192,2.8579535693176212,1.2287485156114235,-0.9695006994538089,2.8404159136590224,0.05858177599055803,-0.02765086034401032,0.017537655658598883,0.0671115781514
249,1.271629166189322,-0.9925747058970038,2.8367803050694462,1.2129070467566294,-0.9644053617015306,2.820534303571183,0.058722119432692566,-0.028169344195473234,0.016246001498263052,0.06712474825093957
250,1.2560284598048812,-0.9876664586375498,2.8156070408212712,1.1969442882079129,-0.9589242746631383,2.8012952066945758,0.05908417159696833,-0.028742183974411417,0.014311834126695455,0.06724493340757322
251,1.2396460022913398,-0.98212844039748,2.797694952997708,1.1808618362278254,-0.9530596307003675,2.7826866477405034,0.05878416606351444,-0.029068809697112563,0.015008305257204757,0.06727423803866699
252,1.2233653649697431,-0.9762978822241172,2.779782865174145,1.1646612990481637,-0.9468137755926088,2.764695597602315,0.058704065921579396,-0.029484106631508356,0.01508726757183032,0.06740256332193381
253,1.2071917712271645,-0.970176654760581,2.761870777350582,1.1483442967091446,-0.9401892075986283,2.747308187147715,0.05884747451801986,-0.029987447161952674,0.01456259020286721,0.06763387670285169
254,1.1911304101074236,-0.963766721906673,2.743958689527019,1.1319124608974056,-0.9331885764572977,2.7305098999059307,0.059217949210017995,-0.030578145449375316,0.01344878962108842,0.06799013479936424
255,1.1751864346462644,-0.9570701401887899,2.726046601703456,1.1153674347828333,-0.9258146823277321,2.71428574412675,0.05981899986343109,-0.03125545786105777,0.011760857576706307,0.0685093728018663
256,1.1583778624359287,-0.9496535101568448,2.7110253498500967,1.0987108728542532,-0.918070474669267,2.69862040504676,0.05966698958167549,-0.031583035487577904,0.012404944803336537,0.06864051596486731
257,1.141682589394354,-0.9419852405444684,2.6960040979967372,1.081944440753977,-0.9099590510617106,2.6834983784538204,0.059738148640376965,-0.032026189482757816,0.012505719542916793,0.06892543969429119
258,1.1251043825388476,-0.934067061572201,2.680982846143378,1.0650698151112423,-0.9014836559663549,2.6689040868100813,0.06003456742760527,-0.03258340560584605,0.012078759333296496,0.06936659162829366
259,1.1086469824726317,-0.9259007598485726,2.6659615942900183,1.0480886833745522,-0.8926476794282345,2.654821979292142,0.06055829909807953,-0.03325308042033803,0.01113961499787619,0.06997975399638695
260,1.0923141025408383,-0.9174881779669836,2.650940342436659,1.0310027436429283,-0.8834546557201532,2.6412366171483908,0.06131135889790995,-0.03403352224683032,0.009703725288268128,0.07079212986557185
261,1.0750752721051167,-0.9082787407814035,2.6384048487671605,1.0138137044961069,-0.8739082619290224,2.6281327457710297,0.061261567609009804,-0.03437047885238109,0.010272102996130794,0.07099172897189063
262,1.057953237912602,-0.898853935575084,2.625869355097662,0.9965232848236771,-0.8640123164850744,2.615495354844479,0.06142995308892485,-0.0348416190900096,0.010374000253183358,0.07138065171020701
263,1.0409506904605708,-0.8892152433293415,2.613333861428164,0.979133213653199,-0.8537707776345435,2.603309727872266,0.06181747680737171,-0.03544446569479809,0.01002413355589793,0.07195966815352985
264,1.024070301470566,-0.8793641786349627,2.6007983677586655,0.9616452299772965,-0.8431877418564168,2.591561482308587,0.06242507149326959,-0.036176436778545984,0.009236885450078614,0.07273887668743469
265,1.0073147234685724,-0.8693022894542068,2.588262874089167,0.9440610825797653,-0.8322674422239013,2.5802366014347324,0.06325364088880714,-0.03703484723030559,0.008026272654434674,0.0737361786898777
266,0.9896509136668326,-0.8583914240987077,2.5778371411837484,0.9263825298606904,-0.821014246711247,2.56932145902926,0.06326838380614219,-0.037377177387460714,0.008515682154488502,0.0739760678966603
267,0.9721018155555207,-0.8472969968941415,2.5674114082783297,0.9086113396606129,-0.8094326564466194,2.558802837787985,0.06349047589490775,-0.03786434044752207,0.008608570490344913,0.07442349288211993
268,0.9546693366324879,-0.8360202137484084,2.556985675372911,0.8907492890837423,-0.7975273039117043,2.5486679423582137,0.06392004754874558,-0.03849290983670406,0.008317733014697293,0.07507770154203117
269,0.937355371719672,-0.8245623003905734,2.5465599424674923,0.8727981643202526,-0.7853029510887806,2.538904407763251,0.06455720739941939,-0.03925934930179287,0.007655534704241074,0.07594430028922299
270,0.9201618027571397,-0.8129245022376359,2.5361342095620736,0.8547597604676596,-0.7727644875559871,2.5295003039093875,0.0654020422894801,-0.04016001468164876,0.006633905652686067,0.0770341652714815
271,0.9020899311142552,-0.8004155113016389,2.5274951807647867,0.836635881351318,-0.759916928531561,2.5204441367892327,0.06545404976293723,-0.040498582770077896,0.0070510439755540055,0.07729220567365838
272,0.8841267980332554,-0.7877508656758017,2.5188561519675,0.8184283393440346,-0.7467654128678123,2.5117248469228364,0.06569845868922086,-0.040985452807989375,0.007131305044663527,0.07776213942308448
273,0.8662737441450544,-0.7749315105524447,2.510217123170213,0.800138955184839,-0.7333152009956565,2.503331805511806,0.06613478896021541,-0.04161630955678819,0.006885317658407164,0.07844192202640003
274,0.8485321018650969,-0.7619584026702227,2.501578094372926,0.7817695577969044,-0.7195716728205074,2.495254808721464,0.06676254406819249,-0.042386729849715366,0.006323285651462118,0.07933382695445923
275,0.8309031952939169,-0.7488325102427208,2.4929390655756394,0.7633219841046635,-0.7055403255703919,2.4874840704519436,0.06758121118925342,-0.04329218467232887,0.005454995123695738,0.0804437090847323
276,0.812450350996049,-0.7348437401673891,2.485820444179719,0.7447980788501106,-0.6912267715971265,2.480010213910566,0.06765227214593839,-0.04361696857026254,0.0058102302691529495,0.08070333728878851
277,0.7940975541599568,-0.7207239668266101,2.478701822783799,0.7261996944083366,-0.6766367361314569,2.4728242622546763,0.0678978597516201,-0.04408723069515319,0.005877560529122583,0.08116864534407256
278,0.7758457348054818,-0.7064739057336371,2.4715832013878787,0.7075286906022854,-0.6617760549930369,2.4659176285357978,0.0683170442031964,-0.044697850740600176,0.0056655728520809134,0.08183651449831364
279,0.7576958178354769,-0.6920942790039971,2.4644645799919584,0.68878693451678,-0.6466506722561834,2.4592821051422575,0.06890888331869693,-0.04544360674781367,0.005182474849700913,0.08270679319165691
280,0.7396487229889365,-0.6775858153188986,2.457345958596038,0.6699763003118093,-0.631266637872321,2.452909852907744,0.06967242267712714,-0.04631917744657765,0.004436105688294223,0.08378181016608274
281,0.7208496876844507,-0.6622512660509832,2.4515336381223594,0.65109866903512,-0.6156301052500863,2.446793390027349,0.06975101864933064,-0.046621160800896844,0.00474024809501028,0.08403098945653681
282,0.7021400987364489,-0.6468077104038457,2.4457213176486805,0.6321559284341076,-0.5997473287940437,2.440925580900035,0.06998417030234128,-0.04706038160980197,0.004795736748645307,0.08447166803804457
283,0.6835205882104913,-0.6312556701067277,2.4399089971750016,0.6131499727670459,-0.5836246614030073,2.435299624996844,0.07037061544344547,-0.04763100870372039,0.004609372178157489,0.08509984030478522
284,0.6649917851290215,-0.615595670553805,2.434096676701323,0.5940827026136648,-0.5672685519289687,2.4299090458371793,0.07090908251535666,-0.048327118624836296,0.004187630864143532,0.08591358815695561
285,0.6465543154501153,-0.5998282407864384,2.428284356227644,0.5749560246850888,-0.5506855425976376,2.4247476801408347,0.07159829076502655,-0.04914269818880079,0.0035366760868091873,0.08691276145360852
286,0.6274492808299489,-0.5832967016479016,2.423609267631481,0.5557718516331736,-0.5338822663916443,2.419809667210888,0.07167742919677533,-0.04941443525625733,0.003799600420592686,0.08714285530845174
287,0.6084217411221209,-0.5666760257653221,2.418934179035318,0.5365321018592358,-0.5168654443974288,2.4150894385917674,0.07188963926288505,-0.04981058136789329,0.0038447404435504318,0.08754425325875785
288,0.5894721122004085,-0.5499665764070658,2.4142590904391548,0.5172386993222217,-0.4996418831169025,2.410581708037644,0.07223341287818685,-0.050324693290163314,0.0036773824015106094,0.08811222294384906
289,0.5706008082357384,-0.5331687187817685,2.4095840018429917,0.49789357334630513,-0.48221847174493154,2.4062814618184905,0.07270723488943331,-0.05095024703683698,0.003302540024501255,0.08884355040741775
290,0.5518082416871348,-0.5162828200303536,2.4049089132468287,0.47849865842796485,-0.4646021794137574,2.402183949384547,0.07330958325916997,-0.05168064061659622,0.002724963862281715,0.08973633065946976
291,0.5324410691635391,-0.49871627674385244,2.4012398665869648,0.4590558940425284,-0.44680005240543,2.398284674404404,0.07338517512101067,-0.05191622433842241,0.002955192182560573,0.08994115541805472
292,0.5131384793216617,-0.4810787927965458,2.397570819927101,0.4395672244502339,-0.42881921133339584,2.394579386187274,0.0735712548714278,-0.05225958146314996,0.0029914337398269097,0.09029253609174998
293,0.49390073201081097,-0.4633706056222724,2.393901773267237,0.4200345985017983,-0.41066684829434086,2.3910640714961615,0.07386613350901267,-0.05270375732793153,0.0028377017710754515,0.09078515444385357
294,0.4747280862073922,-0.4455919536066697,2.390232726607373,0.40045996944354106,-0.39235022399145386,2.387734946755494,0.07426811676385114,-0.05324172961521584,0.002497779851879045,0.09141484476963921
295,0.45562080001142136,-0.42774307608396517,2.386563679947509,0.3808452947220541,-0.373876664830236,2.3845884506541766,0.07477550528936727,-0.05386641125372915,0.0019752292933326032,0.09217845726305747
296,0.43603779927876307,-0.4093148019879627,2.383801193162056,0.36119253578846583,-0.35525355998804264,2.381621237142953,0.07484526349029724,-0.05406124199992007,0.0021799560191033684,0.09235357904137322
297,0.4165057810671793,-0.3908325004961288,2.381038706376603,0.34150365790229065,-0.3364883584585042,2.3788301688233062,0.07500212316488863,-0.054344142037624554,0.002208537553296974,0.092647082475224
298,0.39702489443191497,-0.3722963126529753,2.37827621959115,0.3217806299349115,-0.31758856607203484,2.3762123107238504,0.07524426449700344,-0.054707746580940464,0.0020639088672997907,0.09305319229060298
299,0.37759528803801334,-0.3537063799142388,2.375513732805697,0.3020254241726877,-0.2985617424935936,2.373764924459197,0.07556986386532566,-0.05514463742064524,0.0017488083465000415,0.09356705451979916
300,0.35821711015918123,-0.3350628441458007,2.3727512460202442,0.2822400161197344,-0.27941549819892586,2.371485462765573,0.0759770940394468,-0.055647345946874816,0.0012657832546714154,0.09418464915716317
301,0.33846620843436875,-0.3159553698589876,2.3708226386371285,0.2624263843003676,-0.260157491430468,2.3693715644070066,0.07603982413400118,-0.055797878428519576,0.0014510742301219182,0.09432689811435019
302,0.31875219423468315,-0.29680983939626554,2.3688940312540128,0.2425865100612595,-0.2407954251341592,2.3674210494456176,0.07616568417342365,-0.05601441426210635,0.0014729818083951685,0.09455683860060278
303,0.2990751408868986,-0.27762632396991926,2.366965423870897,0.22272237737329917,-0.22133704387835867,2.365631914869418,0.07635276351359946,-0.05628928009156059,0.001333509001478994,0.09486836035078729
304,0.2794351215803127,-0.25840489493351937,2.3650368164877813,0.20283597263320371,-0.2017901307561289,2.364002330571082,0.07659914894710898,-0.056614764177390475,0.0010344859166995235,0.0952561352532989
305,0.2598322093664738,-0.2391456237816572,2.3631082091046656,0.1829292844648735,-0.182162504272095,2.3625306356712543,0.07690292490160028,-0.056983119509562224,0.0005775734334112492,0.09571556487078371
306,0.23996238448418125,-0.21954866549223104,2.361963949375355,0.16300430352053824,-0.16246201521515416,2.3612153351802236,0.07695808096364301,-0.05708665027707688,0.0007486141951313918,0.09582271280169992
307,0.22011499661526363,-0.19992898379676965,2.3608196896460445,0.14306302228168652,-0.14269654351825772,2.360055096992098,0.0770519743335771,-0.05723244027851193,0.0007645926539465719,0.09598512161195676
308,0.20029007174650496,-0.18028660438391456,2.359675429916734,0.1231074348598263,-0.12287399510655006,2.3590487492060004,0.07718263688667866,-0.057412609277364496,0.0006266807107335737,0.09619646495339325
309,0.18048763583527777,-0.160621552972026,2.3585311701874234,0.10313953679706928,-0.10300229873509785,2.3581952777692634,0.0773480990382085,-0.05761925423692814,0.0003358924181600109,0.09645112600359235
310,0.16070771480950916,-0.14093385530914937,2.357386910458113,0.08316132486658098,-0.0830894028174964,2.3574938244380585,0.07754638994292817,-0.05784445249165297,-0.00010691397994566643,0.09674417144117199
311,0.14076859647009513,-0.12104223197581701,2.3569981128826334,0.06317479687290779,-0.06314327224661277,2.356943685051464,0.07759379959718733,-0.05789895972920424,5.442783116960115e-05,0.09681472117421652
312,0.1208372134524446,-0.10114285786525663,2.356609315307154,0.04318195145219192,-0.04317188520872868,2.3565443081154838,0.07765526200025268,-0.05797097265652795,6.500719167013003e-05,0.09690705656971925
313,0.10091356876945623,-0.08123573598552832,2.3562205177316744,0.02318478787231655,-0.02318322999237945,2.356295293694157,0.07772878089713968,-0.058052505993148866,-7.477596248239848e-05,0.09701475363719014
314,0.08099766543285894,-0.06132086934586333,2.355831720156195,0.0031853058329736565,-0.0031853017931379904,2.356196392605459,0.07781235959988528,-0.058135567552725344,-0.0003646724492640807,0.09713207764263361
315,0.06108950645321142,-0.04139826095666368,2.3554429225807154,-0.016814494734297237,0.016813900484349713,2.3562475059203347,0.07790400118750866,-0.05821216144101339,-0.0008045833396193025,0.09725397932736916
316,0.04113108143201071,-0.02140981315400985,2.3557998890386567,-0.03681261386610762,0.03680637742582691,2.3564486847638113,0.07794369529811833,-0.05821619057983676,-0.0006487957251546383,0.09728702595026105
317,0.021165522477151342,-0.0014284911130051058,2.356156855496598,-0.05680705176720758,0.05678413230707805,2.3568001304177795,0.07797257424435892,-0.058212623420083154,-0.0006432749211815469,0.09730799382560869
318,0.00119283213274567,0.01854570262022958,2.356513821954539,-0.07679580901047076,0.07673917429251892,2.3573021947256567,0.07798864114321642,-0.05819347167228934,-0.0007883727711175403,0.0973104815745209
319,-0.01878698705618522,0.03851276550048155,2.3568707884124804,-0.0967768867368283,0.09666352163141724,2.357955380799775,0.07798989968064307,-0.05815075613093569,-0.001084592387294414,0.09728880321724029
320,-0.03877393254371186,0.058472694983446816,2.3572277548704217,-0.11674828685516017,0.11654920485049365,2.358760344032969,0.07797435431144831,-0.058076509867046835,-0.001532589162547282,0.09723800572906471
321,-0.05870155143917956,0.0783591753618051,2.3583394854829325,-0.13670801224209556,0.13638826994159764,2.359717893416455,0.078006460802916,-0.05802909457979254,-0.0013784079335223964,0.09723314122858817
322,-0.0786512664243861,0.09822348931147012,2.3594512160954433,-0.1566540669417306,0.1561727815432119,2.3608289931666846,0.0780028005173445,-0.05794929223174178,-0.001377777071241315,0.09718258912154217
323,-0.09862305284258442,0.11806561228124579,2.360562946707954,-0.1765844563652152,0.175894826114484,2.3620947646644646,0.07796140352263077,-0.05782921383323822,-0.0015318179565104728,0.09708009516909603
324,-0.11861688600974843,0.13788551974736285,2.361674677320465,-0.19649718749021736,0.19554651510054424,2.363516488710183,0.07788030148046893,-0.05766099535318139,-0.0018418113897182842,0.096920194041302
325,-0.13863274121460342,0.1576831872135092,2.3627864079329757,-0.21639026906021674,0.21511998808781552,2.365095608099521,0.07775752784561332,-0.057436800874306304,-0.0023092001665454553,0.09669825043270026
326,-0.15847950625120794,0.17727000554712047,2.3646810543478716,-0.23626171178363561,0.23460741594808077,2.366833730524539,0.07778220553242768,-0.0573374104009603,-0.0021526761766672564,0.09665549205140163
327,-0.17836334573893808,0.1968191861457609,2.3665757007627675,-0.25610952853275937,0.2540010039700232,2.3687326318054684,0.07774618279382128,-0.057181817824262265,-0.0021569310427009825,0.0965343544041206
328,-0.19828418830109415,0.21633065883405045,2.3684703471776634,-0.27593173454245457,0.2732929949770132,2.3707942594589726,0.07764754624136042,-0.056962336142962755,-0.002323912281309237,0.09632886246841756
329,-0.21824196242814703,0.23580435357196847,2.3703649935925593,-0.29572634760863703,0.29247567242986966,2.373020736608938,0.07748438518049,-0.05667131885790119,-0.002655743016378942,0.09603395909188318
330,-0.238236596477995,0.25524020045510526,2.372259640007455,-0.3154913882864973,0.3115413635133787,2.3754143662461753,0.07725479180850231,-0.05630116305827343,-0.0031547262387201513,0.09564557552093353
331,-0.2579526890776044,0.2743327724024388,2.374985923204581,-0.33522488008843665,0.3304824422053109,2.3779776358435334,0.07727219101083227,-0.056149669802872115,-0.0029917126389524817,0.0955653036781665
332,-0.27772076009975616,0.2933715218105182,2.3777122064017067,-0.35492484968172117,0.34929133232673576,2.3807132223330263,0.07720408958196501,-0.05591981051621758,-0.0030010159313196283,0.09537558782502885
333,-0.2975406626159799,0.31235630717164004,2.3804384895988324,-0.37458932708580633,0.3679605105723846,2.3836239974514886,0.07704866446982644,-0.05560420340074457,-0.0031855078526561442,0.0950708766799518
334,-0.31741224931256157,0.3312869873791951,2.383164772795958,-0.3942163458693397,0.38648250951987934,2.3867130334610547,0.07680409655677811,-0.05519552214068424,-0.003548260665096503,0.09464673827466602
335,-0.3373353724916386,0.35016342172871684,2.385891055993084,-0.4138039433467995,0.4048499206165983,2.389983609250355,0.0764685708551609,-0.05468649888788146,-0.004092553257271092,0.09409997067698068
336,-0.3568713455759657,0.3685722336463964,2.389520715281,-0.43335016077475924,0.42305539714299684,2.3934392168216947,0.07647881519879351,-0.05448316349660043,-0.003918501540694841,0.09398286510387376
337,-0.3764740075412553,0.3869100155309822,2.3931503745689158,-0.4528530435477663,0.44109165715120235,2.3970835681686076,0.07637903600651097,-0.054181641620220156,-0.003933193599691798,0.09372767703212605
338,-0.39614310013396076,0.40517652579297897,2.3967800338568317,-0.472310641393794,0.4589514863776903,2.400920602546995,0.07616754125983322,-0.05377496058471132,-0.0041405686901634375,0.09332944356704165
339,-0.41587836422535096,0.4233715237818532,2.4004096931447476,-0.49172100856927403,0.47662774112889944,2.404954494141537,0.07584264434392307,-0.05325621734704622,-0.004544800996789444,0.09278462482165378
340,-0.43567953981492424,0.44149476978920366,2.4040393524326635,-0.5110822040536624,0.49411335113860816,2.409189660127124,0.0754026642387382,-0.0526185813494045,-0.005150307694460565,0.09209127291373168
341,-0.4549864374171691,0.4590372666686253,2.408670720389286,-0.5303922917435467,0.5114013223959523,2.4136307691226384,0.07540585432637764,-0.05236405572732694,-0.00496004873335254,0.09193823623684935
342,-0.47437437342494554,0.47649015838164677,2.413302088345908,-0.549649340646248,0.5284847399429308,2.4182827500314454,0.0752749672213025,-0.051994581561284,-0.004980661685537235,0.09162185434014616
343,-0.49384293197612283,0.49385307057192945,2.4179334563025305,-0.5688514250729251,0.5453567706403021,2.42315080125933,0.07500849309680224,-0.051503700068372626,-0.005217344956799597,0.09113794953686505
344,-0.5133916954792546,0.5111256308131534,2.422564824259153,-0.5879966248311352,0.5620106659007431,2.4282404002962408,0.07460492935188068,-0.05088503508758968,-0.005675576037087904,0.09048422206560162
345,-0.5330202446225356,0.5283074686170057,2.427196192215775,-0.6070830254168587,0.5784397643882002,2.433557313642975,0.07406278079432305,-0.05013229577119449,-0.006361121427199912,0.08966050660179237
346,-0.5520496909745926,0.5448098469895959,2.4329589770798634,-0.6261087182059404,0.5946374946823286,2.439107607057674,0.07405902723134783,-0.049827647692732735,-0.006148629977810405,0.08947256361392938
347,-0.5711739204764589,0.5612022893450807,2.4387217619439516,-0.645071800644958,0.6105973779069791,2.4448976560896263,0.07389788016849907,-0.04939508856189845,-0.006175894145674654,0.08910057876318322
348,-0.5903922980201706,0.5774842512970476,2.44448454680804,-0.6639703764414682,0.6263130303216559,2.4509341568591303,0.0735780784212976,-0.04882877902460825,-0.00644961005109046,0.08854140700833577
349,-0.6097041853711452,0.5936551921280941,2.450247331672128,-0.6828025557536419,0.6417781658749337,2.4572241370319414,0.07309837038249667,-0.048122973746839603,-0.006976805359813376,0.08779446547388053
350,-0.6291089411893773,0.6097145748077843,2.4560101165362163,-0.7015664553792397,0.6569865987187891,2.463774966924827,0.07245751418986235,-0.04727202391100471,-0.0077648503886105225,0.08686212355667003
351,-0.6478131821184125,0.6250134559135666,2.463071365218657,-0.7202601989439371,0.671932245682862,2.4705943706648235,0.07244701682552457,-0.04691878976929542,-0.007523005446166575,0.08664028330560924
352,-0.6666249850474366,0.6401798814113502,2.4701326139010975,-0.7388819170889542,0.6866091287076386,2.477690437308543,0.07225693204151762,-0.04642924729628839,-0.007557823407445596,0.08621983488276076
353,-0.6855434120006587,0.6552130950876024,2.477193862583538,-0.7574297476579961,0.7010113772355988,2.4850716318091606,0.07188633565733737,-0.045798282147996416,-0.007877769225622444,0.08559899035572223
354,-0.7045675196859049,0.6701123473708687,2.4842551112659788,-0.7759018358834606,0.715133230559358,2.4927468056970676,0.0713343161975557,-0.04502088318848929,-0.008491694431088881,0.08477955805944876
355,-0.7236963595416516,0.6848768953691468,2.4913163599484194,-0.7942963345719204,0.7289690401258765,2.5007252073153747,0.07059997503026882,-0.044092144756729734,-0.009408847366955353,0.08376753614794728
356,-0.7420282244131895,0.6988208534506742,2.4998872601160556,-0.8126114042888336,0.7425132717958018,2.509016491422985,0.07058317987564411,-0.043692418345127604,-0.00912923130692933,0.08351260723063669
357,-0.7604789267658595,0.7126071807114388,2.5084581602836917,-0.8308452135424925,0.7557605080570542,2.5176307279456003,0.07036628677663304,-0.04315332734561539,-0.009172567661908548,0.08305275415807406
358,-0.7790471112132811,0.7262348644094945,2.517029060451328,-0.8489959389671652,0.7687054501917557,2.5265784096181902,0.06994882775388411,-0.04247058578226126,-0.009549349166862342,0.0823879798899185
359,-0.7977314137388533,0.7397029034568324,2.525599960618964,-0.8670617655054355,0.78134292039565,2.5358704582208973,0.0693303517665822,-0.04164001693881758,-0.010270497601933215,0.08152344330150904
360,-0.8165304617959549,0.7530103084929206,2.5341708607866003,-0.8850408865897049,0.7936678638491532,2.545518229063543,0.06851042479375002,-0.04065755535623261,-0.011347368276942937,0.08047035404282603
361,-0.8344431913430613,0.7654612341274128,2.5445133022544026,-0.9029315043228463,0.8056753507392133,2.5555335133215724,0.06848831297978497,-0.04021411661180041,-0.011020211067169772,0.08018272408473932
362,-0.8524837335452209,0.7777262358002841,2.554855743722205,-0.9207318296579966,0.8173605782311729,2.565928537768054,0.06824809611277571,-0.039634342430888814,-0.011072794045849044,0.07969498410144402
363,-0.8706501586932746,0.7898040015838882,2.5651981851900074,-0.9384400825774543,0.8287188723898353,2.5767159613820527,0.0677899238841797,-0.03891487080594713,-0.011517776192045304,0.07900949385027396
364,-0.8889405236129759,0.8016932395782926,2.57554062665781,-0.9560544922706857,0.83974569004898,2.5879088682432516,0.0671139686577098,-0.03805245047068739,-0.012368241585441808,0.07813608113879286
365,-0.9073528718728435,0.8133926780494667,2.585883068125612,-0.9735732973113987,0.8504366206285644,2.5995207560461813,0.06622042543855522,-0.03704394257909771,-0.013637687920569075,0.07709335223536187
366,-0.924799724579317,0.8242269764822031,2.5983133338826967,-0.9909947458336898,0.8607873878989016,2.6115655194852865,0.06619502125437282,-0.036560411416698524,-0.013252185602589783,0.07677281384103761
367,-0.9423798991741392,0.8348435744828127,2.610743599639781,-1.008317095707223,0.870793851691091,2.6240574276749693,0.06593719653308372,-0.03595027720827837,-0.013313828035188102,0.07627184496880306
368,-0.9600906793530191,0.8452408316858626,2.6231738653968657,-1.0255386147114476,0.8804520095530344,2.637011094678,0.06544793535842852,-0.03521117786717176,-0.013837229281134178,0.07559582133724933
369,-0.9779293286318598,0.8554171416161612,2.63560413115395,-1.042657580708813,0.8897579983503596,2.650441442122924,0.06472825207695321,-0.0343408567341984,-0.014837310968973672,0.07476086446106922
370,-0.9958930907695717,0.865370931936973,2.6480343969110347,-1.0596722818169868,0.8987080958116269,2.664363652799013,0.06377919104741514,-0.03333716387465391,-0.016329255887978178,0.07379563878525125
371,-1.0128266064037137,0.8744806121324474,2.662918404934913,-1.0765810165800351,0.9072987220171839,2.678793114029098,0.06375441017632144,-0.032818109884736435,-0.01587470909418487,0.0734415382611385
372,-1.0298938299472808,0.8833372540191593,2.6778024129587914,-1.0933820941385743,0.9155264408310896,2.693745349540943,0.0634882641912935,-0.03218918681193028,-0.015942936582151734,0.07294573780899977
373,-1.047090980504981,0.8919388955887286,2.6926864209826697,-1.1100738343988477,0.9233879612755189,2.709235938492216,0.0629828538938666,-0.03144906568679029,-0.016549517509546252,0.07231714974324538
374,-1.0644142483988421,0.9002836313228952,2.707570429006548,-1.12665456820074,0.9308801388471135,2.7252804202598746,0.062240319801897925,-0.030596507524218275,-0.017709991253326507,0.0715796582271456
375,-1.081859796012168,0.9083696126156471,2.7224544370304264,-1.1431226374846875,0.9379999767747388,2.7418941835904724,0.06126284147251937,-0.029630364159091704,-0.01943974656004599,0.0707742747882749
376,-1.0982306019952157,0.9156634500097802,2.7401840535303656,-1.1594763954574863,0.9447446272181542,2.7590923387340904,0.06124579346227055,-0.029081177208374,-0.018908285203724784,0.07038668435146915
377,-1.1147281452168232,0.9226659081580187,2.757913670030305,-1.1757142067569655,0.9511113924071088,2.776889571263257,0.0609860615401423,-0.028445484249090103,-0.018975901232952008,0.06991802417078165
378,-1.1313472399866233,0.9293747859702196,2.775643286530244,-1.1918344476155285,0.9570977257204172,2.7952999764232915,0.06048720762890514,-0.027722939750197573,-0.019656689893047474,0.06938046650669624
379,-1.148082662406821,0.9357879746376604,2.7933729030301833,-1.2078355060225212,0.9627012327045702,2.814336873086924,0.05975284361570021,-0.026913258066909806,-0.020963970056740777,0.06880562346551578
380,-1.1649291520142262,0.9419034582959028,2.8111025195301225,-1.2237157818854385,0.9679196720314864,2.834012596709942,0.058786629871212304,-0.026016213735583604,-0.02291007717981941,0.068246486101013
381,-1.1806843763805823,0.9473086440470266,2.8320362327704443,-1.2394736871899266,0.9727509563950139,2.8543382711218332,0.05878931080934424,-0.025442312347987217,-0.022302038351388997,0.06782975186212205
382,-1.1965492910875903,0.9523828542493866,2.852969946010766,-1.2551076461585875,0.9771931533458231,2.875323559550972,0.05855835507099716,-0.024810299096436506,-0.02235361354020604,0.06741154150574291
383,-1.2125169440606582,0.9571238653620137,2.873903659251088,-1.2706160954085512,0.9812444860643621,2.896976395989684,0.05809915134789301,-0.02412062070234844,-0.023072736738596333,0.06700497676307716
384,-1.2285803382048388,0.9615295998532282,2.8948373724914096,-1.2859974841078177,0.9849033340715609,2.9193026988581225,0.05741714590297886,-0.023373734218332776,-0.024465326366712947,0.06664542211722424
385,-1.244732434470988,0.9655981271110237,2.9157710857317314,-1.3012502741303347,0.9881682338770005,2.9423060699269263,0.05651783965934665,-0.022570106765976816,-0.026534984195194955,0.06639112369456067
386,-1.2598144094384642,0.9690630621187359,2.9401196954968305,-1.3163729402098099,0.9910378795642899,2.9659874825973085,0.05655853077134565,-0.021974817445553962,-0.02586778710047799,0.06596137062140485
387,-1.2749762719306474,0.9721597812366699,2.9644683052619296,-1.3313639700922384,0.993511123313416,2.990344964890073,0.05638769816159095,-0.02135134207674605,-0.02587665962814345,0.06561290898864112
388,-1.2902090336086984,0.9748864486507403,2.9888169150270287,-1.3462218646871233,0.9955869758598548,3.01537328382298,0.05601283107842492,-0.020700527209114528,-0.026556368795951357,0.06535434029796364
389,-1.3055036641029318,0.9772414479229513,3.013165524792128,-1.360945138217388,0.9972646068902659,3.0410636392016177,0.05544147411445621,-0.020023158967314547,-0.02789811440948986,0.06521494257161661
390,-1.3208510963662503,0.9792233829496623,3.037514134557227,-1.3755323183679475,0.998543345374605,3.067403376135589,0.05468122200169723,-0.019319962424942716,-0.029889241578362036,0.06524311266202573
391,-1.3351983393200764,0.980722037972992,3.065167039970525,-1.389981946432944,0.9994226798345278,3.0943757267243446,0.05478360711286756,-0.01870064186153586,-0.029208686753819713,0.06483906998263642
392,-1.3495815339599064,0.9818234276441914,3.0928199453838228,-1.4042925774616108,0.9999022585479752,3.1219595922240613,0.054711043501704415,-0.018078830903783816,-0.02913964684023851,0.06456981822699227
393,-1.363989682399608,0.9825267098027742,3.1204728507971207,-1.4184627804027723,0.9999818896898556,-3.1330559296913743,0.054473098003164244,-0.01745517988708134,-0.029656526691091756,0.06443222242272995
394,-1.378411767672514,0.9828313466949735,-3.1350595509691677,-1.432491138247941,0.9996615414087742,-3.1043304177311337,0.054079370575427,-0.01683019471380065,-0.030729133238033945,0.06443689475370183
395,-1.392836762155374,0.9827371053849266,-3.1074066455558698,-1.4463762481730242,0.9989413418397719,-3.0750839964195906,0.05353948601765013,-0.016204236454845256,-0.032322649136279136,0.06460501133275727
396,-1.406390462868333,0.9822735778771318,-3.0770665999240143,-1.460116721678599,0.9978215790530742,-3.045356048786323,0.05372625881026605,-0.01554800117594246,-0.03171055113769139,0.06429471424441467
397,-1.419923864556346,0.9813991068839942,-3.046726554292159,-1.4737111847287665,0.9963027009388654,-3.0151903723094278,0.053787320172420605,-0.014903594054871183,-0.031536181982731115,0.06410712675772336
398,-1.433424510430167,0.9801144973103794,-3.0163865086603034,-1.4871582778885493,0.9943853150281404,-2.9846349301467145,0.05373376745838221,-0.014270817717761064,-0.031751578513588896,0.06402450110473067
399,-1.4468799738505667,0.9784209315722894,-2.986046463028448,-1.5004566564598378,0.992070188249698,-2.953741503402485,0.053576682609271176,-0.013649256677408572,-0.032304959625963026,0.06403415919410096
400,-1.4602778697664032,0.9763199685085114,-2.9557064173965926,-1.5136049906158564,0.9893582466233818,-2.9225652469480483,0.053327120849453236,-0.01303827811487035,-0.033141170448544255,0.06412578025250344
401,-1.4729951726935175,0.9739283872812644,-2.923870609934287,-1.5266019655341467,0.9862505748896836,-2.891164155538977,0.05360679284062919,-0.012322187608419188,-0.03270645439530995,0.06399403648175118
402,-1.4856299064942289,0.9711332206866452,-2.8920348024719815,-1.5394462815280487,0.9827484160758617,-2.859598451199729,0.05381637503381986,-0.011615195389216515,-0.032436351272252306,0.06390017112314622
403,-1.4981692667118771,0.9679373014388274,-2.860198995009676,-1.5521366541766646,0.9788531709987472,-2.827929906773413,0.053967387464787464,-0.010915869559919855,-0.032269088236263066,0.06381950464884083
404,-1.5106005455445424,0.9643438683879635,-2.8283631875473705,-1.5646718144533056,0.9745663977044351,-2.7962211238571486,0.05407126890876324,-0.010222529316471607,-0.03214206369022188,0.06372844329886136
405,-1.522911144723551,0.9603565632378271,-2.796527380085065,-1.57705050885239,0.9698898108450863,-2.7645347857899107,0.05413936412883902,-0.009533247607259154,-0.03199259429515422,0.06360408515143244
406,-1.5347785762451311,0.9560908595179456,-2.764767437092325,-1.5892714995147947,0.964825280993091,-2.732932907721797,0.054492923269663596,-0.00873442147514536,-0.031834529370527775,0.06371189892964987
407,-1.5465045672343884,0.951450461424564,-2.733007494099585,-1.6013335643516353,0.9593748338928642,-2.7014761059532435,0.05482899711724687,-0.007924372468300134,-0.03153138814634149,0.06374357255704031
408,-1.5580772907490128,0.9464400493058592,-2.701247551106845,-1.613235497166481,0.9535406496505743,-2.6702229076755954,0.05515820641746827,-0.007100600344715047,-0.031024643431249554,0.0636818244123359
409,-1.569485074433678,0.9410646767095555,-2.669487608114105,-1.6249761077759686,0.9473250618621301,-2.639229120063048,0.05549103334229066,-0.0062603851525745435,-0.030258488051056798,0.06351396147926641
410,-1.580716412292886,0.93532976528587,-2.637727665121365,-1.6365542221288205,0.940730556679773,-2.608547274546721,0.05583780983593445,-0.005400791393903037,-0.029180390574643944,0.06323388924495475
411,-1.5917500422291482,0.9292465762843096,-2.6075629614852236,-1.6479686824232516,0.9337597718176508,-2.578226158302969,0.056218640194103386,-0.004513195533341174,-0.029336803182254734,0.06357320552049094
412,-1.6025951829775675,0.9228333789424171,-2.577398257849082,-1.6592183472227418,0.926415495496766,-2.54831044080868,0.05662316424517422,-0.003582116554348924,-0.029087817040402086,0.06375825741283103
413,-1.6132419671914577,0.9160960082459256,-2.5472335542129407,-1.670302091570187,0.9187006653297247,-2.518840399062686,0.057060124378729205,-0.002604657083799089,-0.028393155150254756,0.06378725023095658
414,-1.6236807079969116,0.9090405941265677,-2.5170688505767993,-1.681218807100389,0.9106183671457304,-2.4898517410274974,0.057538099103477514,-0.0015777730191627315,-0.0272171095493019,0.06367019136425066
415,-1.6339019078063102,0.901673555884816,-2.486904146940658,-1.691967402150893,0.9021718337562933,-2.4613755232435177,0.05806549434458286,-0.0004982778714772707,-0.02552862369714015,0.06343154217097495
416,-1.6441296197760262,0.8938224679692691,-2.459389767056348,-1.702546801871149,0.893364443662152,-2.4334381555791036,0.0584171820951227,0.00045802430711716635,-0.02595161147724445,0.06392388511711784
417,-1.6541374700300904,0.8856929780169198,-2.431875387172038,-1.7129559483300023,0.8841997197019128,-2.4060614838033527,0.058818478299911936,0.0014932583150070178,-0.025813903368685498,0.06425107638818497
418,-1.663917882692489,0.8772912399975387,-2.4043610072877284,-1.723193800621481,0.8746813276429652,-2.3792629391356055,0.05927591792899212,0.002609912354573418,-0.0250980681521229,0.06442328083691307
419,-1.673463454055951,0.8686236139708706,-2.3768466274034186,-1.7332593349688885,0.8648130747152218,-2.353055743107651,0.05979588091293753,0.0038105392556487816,-0.0237908842957677,0.06446761791122466
420,-1.6827669581865055,0.8596966612721119,-2.3493322475191087,-1.7431515448271764,0.8545989080882805,-2.327449155898217,0.06038458664067092,0.005097753183831322,-0.021883091620891637,0.06442945824835324
421,-1.6922063193921346,0.8501268524813357,-2.324916297183889,-1.7528694409836028,0.8440429132926041,-2.3024487566599667,0.06066312159146814,0.006083939188731624,-0.022467540523922302,0.06497552627310935
422,-1.701409234391983,0.8403294479389113,-2.3005003468486693,-1.7624120516566506,0.833149312585366,-2.278056745137869,0.0610028172646675,0.007180135353545336,-0.022443601710800287,0.06539582032266805
423,-1.7103702172454436,0.8303102879660224,-2.2760843965134496,-1.7717784225932054,0.8219224632616022,-2.2542722549523493,0.06140820534776181,0.008387824704420122,-0.02181214156110034,0.06570458741051834
424,-1.7190839262298427,0.820075345074264,-2.25166844617823,-1.780967617163977,0.8103668559113548,-2.2310916701770687,0.06188369093413426,0.009708489162909228,-0.020576776001161257,0.06593367634266833
425,-1.72754516702469,0.809630720405375,-2.22725249584301,-1.789978716457167,0.7984871126234903,-2.208508938179551,0.06243354943247703,0.011143607781884723,-0.018743557663459143,0.06613205760459487
426,-1.7361929140699734,0.7984063238559926,-2.2058958576094185,-1.7988108193703554,0.7862879851369292,-2.186515873031657,0.06261790530038192,0.012118338719063426,-0.019379984577761356,0.06665913290579031
427,-1.7445989918912645,0.7869998142005639,-2.184539219375827,-1.8074630427006113,0.7737743529400123,-2.165102445073569,0.06286405080934676,0.013225461260551574,-0.019436774302257653,0.06711624173768511
428,-1.752759566571787,0.7754163938188022,-2.163182581142235,-1.8159345212328108,0.7609512213187744,-2.144257053386,0.06317495466102385,0.014465172500027879,-0.018925527756235017,0.06751660323750007
429,-1.7606709161659628,0.7636613457773977,-2.1418259429086435,-1.8242244078261607,0.7478237193548899,-2.123966778963472,0.06355349166019786,0.015837626422507856,-0.017859163945171286,0.06788833809810241
430,-1.7683294323969503,0.7517400314204699,-2.120469304675052,-1.8323318734989098,0.7343970978741133,-2.104217617273643,0.06400244110195952,0.01734293354635652,-0.0162516874014087,0.06827303387426284
431,-1.7761645379905617,0.7389512660281345,-2.1018557685536257,-1.840256107511248,0.7206767273460168,-2.084994689631238,0.06409156952068629,0.018274538682117702,-0.01686107892238775,0.06874579281742388
432,-1.7837602559322117,0.7260188853936909,-2.0832422324321995,-1.8479963174463758,0.7066680957358779,-2.0662824334160166,0.06423606151416417,0.019350789657813006,-0.01695979901618294,0.06919797281641801
433,-1.7911139546571326,0.7129473699885693,-2.0646286963107734,-1.855551729289751,0.6923768063095604,-2.048064771633234,0.06443777463261835,0.02057056367900889,-0.016563924677539532,0.06964006383109851
434,-1.7982230864490167,0.6997412484879599,-2.0460151601893473,-1.862921587506485,0.6778085753922868,-2.030325262666764,0.06469850105746833,0.02193267309567315,-0.01568989752258343,0.07009358795549037
435,-1.8050851883226804,0.6864050962018357,-2.027401624067921,-1.8701051551168988,0.662969230082182,-2.0130472313250416,0.0650199667942184,0.023435866119653648,-0.01435439274287953,0.07058954946531693
436,-1.812077584403773,0.6721705693271506,-2.0111082116436565,-1.8771017137702157,0.6478647059195176,-1.996213882444517,0.06502412936644264,0.024305863407632966,-0.014894329199139467,0.07099826362768823
437,-1.8188371335959501,0.6578240069159124,-1.9948147992193919,-1.883910563816402,0.6325010445125663,-1.9798083984096402,0.06507343022045187,0.025322962403346083,-0.015006400809751685,0.07142125601528031
438,-1.8253620414456388,0.6433692175416571,-1.9785213867951272,-1.8905310243761266,0.6168843911210447,-1.963814021986842,0.06516898293048778,0.02648482642061245,-0.014707364808285162,0.0718661877820729
439,-1.831650575789367,0.6288100385088695,-1.9622279743708626,-1.8969624334088513,0.6010209921980904,-1.9482141258648502,0.06531185761948421,0.027789046310779164,-0.014013848506012394,0.07234817060935178
440,-1.8377010672135992,0.6141503348342959,-1.945934561946598,-1.9032041477790322,0.5849171928917617,-1.9329922702561362,0.06550308056543308,0.029233141942534235,-0.012942291690461794,0.07288849748482244
441,-1.8438192611566075,0.5986134944122506,-1.9315297313532003,-1.9092555433204328,0.5685794345070697,-1.9181322498532611,0.06543628216382524,0.030034059905180932,-0.013397481499939135,0.07323553979013853
442,-1.849713022536181,0.5829901374034318,-1.9171249007598026,-1.9151160148985422,0.5520142519295328,-1.9036181313569873,0.06540299236236113,0.030975885473898956,-0.013506769402815255,0.07361718352765201
443,-1.8553811284230228,0.5672835055849955,-1.9027200701664049,-1.9207849764710867,0.5352282710113162,-1.8894342827063793,0.06540384804806387,0.032055234573679314,-0.013285787460025622,0.07403859501301202
444,-1.8608224027103477,0.5514968580132512,-1.8883152395730072,-1.9262618611466333,0.5182282059209752,-1.8755653950493394,0.06543945843628562,0.03326865209227603,-0.012749844523667786,0.07450962667903362
445,-1.8660357163579198,0.5356334703474214,-1.8739104089796095,-1.9315461212412777,0.5010208564578846,-1.8619964983989576,0.06551040488335791,0.034612613889536736,-0.011913910580651832,0.07504390350702315
446,-1.8712512108483206,0.5189573151379511,-1.8609973747178763,-1.9366372283334143,0.4836131053324,-1.8487129718292505,0.06538601748509376,0.035344209805551086,-0.012284402888625756,0.07533558922361912
447,-1.876250936733058,0.5022152042666412,-1.8480843404561431,-1.9415346733165766,0.4660119154128712,-1.8357005489754596,0.0652837365835186,0.036203288853770055,-0.01238379148068347,0.0756703553419224
448,-1.8810340603371547,0.48540992938231764,-1.83517130619441,-1.9462379664503477,0.44822432694058495,-1.8229453195202048,0.06520390611319304,0.03718560244173269,-0.012225986674205158,0.07605125345140955
449,-1.8855997841027943,0.46854429266603503,-1.8222582719326768,-1.950746637409333,0.4302574547137687,-1.810433727268505,0.06514685330653869,0.03828683795226634,-0.011824544664171821,0.0764840788180244
450,-1.8899473467223082,0.45162110636382974,-1.8093452376709436,-1.955060235330194,0.41211848524175654,-1.7981525653422639,0.06511288860788578,0.0395026211220732,-0.01119267232867971,0.07697675787037407
451,-1.894236476926301,0.43398337592393293,-1.7975742242066066,-1.9591783288567337,0.39381467387048763,-1.7860889689586406,0.06494185193043278,0.040168702053445304,-0.011485255247966064,0.07721968560492622
452,-1.8983177008216015,0.41629638113980716,-1.7858032107422697,-1.9631005061830311,0.37535334188046116,-1.7742304061965488,0.06478280536142966,0.040943039259346004,-0.01157280454572085,0.07750531684563766
453,-1.9021904529335876,0.39856257263581196,-1.7740321972779327,-1.9668263750946215,0.3567418735583286,-1.7625646671013775,0.06463592216103398,0.04182069907748337,-0.011467530176555218,0.07783493787038612
454,-1.9058541966724778,0.3807844075225893,-1.7622611838135958,-1.970355563007719,0.33798771324326765,-1.7510798514294241,0.06450136633524117,0.042796694279321645,-0.011181332384171627,0.07821128751168868
455,-1.909308424407679,0.3629643490566181,-1.7504901703492588,-1.973687717006473,0.3190983623493521,-1.7397643552903157,0.06437929259879405,0.04386598670726599,-0.0107258150589431,0.07863816639521692
456,-1.9126527696091398,0.344553749984427,-1.7395559145759414,-1.9768225038782612,0.3000813763650833,-1.7286068569072703,0.06416973426912143,0.0444723736193437,-0.010949057668671047,0.07883799005137078
457,-1.9157956127031388,0.32610768427083914,-1.728621658802624,-1.9797596101470079,0.2809443618313017,-1.7175963016812124,0.06396399744386905,0.04516332243953741,-0.011025357121411616,0.07907387155332393
458,-1.9187365779415442,0.3076283572676718,-1.7176874030293066,-1.982498742104534,0.2616949732986626,-1.706721886714927,0.06376216416298974,0.0459333839690092,-0.010965516314379586,0.07934564820854015
459,-1.9214753137120864,0.28911797830335423,-1.7067531472559891,-1.9850396258399263,0.2423409102659238,-1.6959730449273882,0.06356431212783997,0.046777068037430425,-0.010780102328600938,0.07965379135156697
460,-1.9240114925803953,0.2705787604187874,-1.6958188914826717,-1.987382007266929,0.22288991410024592,-1.6853394288655676,0.06337051468653376,0.047688846318541506,-0.010479462617104085,0.07999917081803375
461,-1.9263977043868474,0.2515920585879709,-1.6854521731707972,-1.9895256521493512,0.20334976494075557,-1.6748108943012632,0.06312794776250374,0.04824229364721533,-0.010641278869534032,0.08016042353324206
462,-1.9285869617086715,0.23258164024495637,-1.6750854548589227,-1.9914703461244907,0.183728278586583,-1.6643774836832836,0.0628833844158192,0.04885336165837337,-0.010707971175639042,0.08034694535332276
463,-1.930579029271011,0.21354954839921703,-1.6647187365470482,-1.993215894724571,0.16403330337065347,-1.6540294095005519,0.06263686545356006,0.049516245028563555,-0.010689327046496278,0.08055741522841388
464,-1.932373692990576,0.19449782838943155,-1.6543520182351736,-1.9947621233961865,0.14427271702045727,-1.6437570375989194,0.062388430405610595,0.050225111368974285,-0.010594980636254192,0.08079066576767509
465,-1.9339707599986502,0.17542852766367595,-1.6439852999232991,-1.996108877517759,0.12445442350706172,-1.6335508704836228,0.06213811751910869,0.05097410415661423,-0.010434429439676318,0.08104555670189145
466,-1.935390258389552,0.1560681943940619,-1.6339425837193595,-1.9972560224149978,0.10458634988363526,-1.6234015306300522,0.06186576402544586,0.05148184451042663,-0.010541053089307306,0.08117183546575432
467,-1.936615258134077,0.13669458204070323,-1.62389986751542,-1.9982034433743696,0.08467644311472142,-1.613299743817685,0.06158818524029264,0.05201813892598181,-0.010600123697734887,0.08131023281803235
468,-1.9376456356845073,0.11730964453510712,-1.6138571513114803,-1.998951045654568,0.06473266689756589,-1.6032363224955564,0.06130540997006073,0.052576977637541225,-0.010620828815923966,0.08145854082803652
469,-1.938481287121805,0.09791533695098234,-1.6038144351075407,-1.999498754495988,0.04476299847674028,-1.5932021491822361,0.06101746737418301,0.05315233847424206,-0.01061228592530461,0.08161447802075499
470,-1.9391221281660924,0.07851361530705975,-1.5937717189036011,-1.9998465151282017,0.024775425453357765,-1.5831881598989876,0.060724386962109245,0.05373818985370198,-0.010583559004613496,0.0817756439404829
471,-1.9395708667140095,0.05898578376105403,-1.5838245267161875,-1.999994292775436,0.0047779425901285115,-1.5731853276313745,0.06042342606142648,0.05420784117092552,-0.010639199084812923,0.0818698541502258
472,-1.9398253391714673,0.03945445469869993,-1.5738773345287738,-1.999942072660049,-0.015221451386431743,-1.5631846458120962,0.06011673348858171,0.054675906085131676,-0.010692688716677612,0.08196224706265114
473,-1.939885520359481,0.01992156066329975,-1.56393014234136,-1.9996898600040087,-0.03521475698538918,-1.5531771118160986,0.059804339644527804,0.055136317648688926,-0.010753030525261442,0.08204998616485179
474,-1.9397514043233737,0.0003890343530033383,-1.5539829501539464,-1.9992376800283709,-0.05519397715107451,-1.5431537104581057,0.059486275704997205,0.05558301150407785,-0.010829239695840709,0.08213014426812705
475,-1.939423004333366,-0.01914119157042432,-1.5440357579665327,-1.998585577950756,-0.0751511204618093,-1.5331053974825013,0.05916257361738997,0.05600992889138498,-0.010930360484031398,0.08219972647011646
476,-1.9389013855194805,-0.03862860590747738,-1.533960215779051,-1.9977336189808284,-0.09507820432636097,-1.5230230830361118,0.058832233461347805,0.056449598418883584,-0.010937132742939282,0.08226426762781293
477,-1.9381834502386135,-0.0581097756019148,-1.5238846735915694,-1.9966818883137751,-0.11496725817687632,-1.5128976151157174,0.05849843807516164,0.056857482574961524,-0.010987058475852018,0.08231376577430634
478,-1.9372692713724615,-0.07758272300932237,-1.5138091314040878,-1.9954304911217866,-0.1348103266569955,-1.5027197629842826,0.05816121974932509,0.057227603647673125,-0.011089368419805234,0.08234500709778722
479,-1.9361589417245242,-0.09704547131997707,-1.5037335892166062,-1.993979552543539,-0.15459947280389894,-1.4924802005528235,0.057820610819014906,0.05755400148392187,-0.01125338866378267,0.08235487161494101
480,-1.934852574010684,-0.11649604475952419,-1.4936580470291245,-1.9923292176716814,-0.17432678122297965,-1.4821694897287272,0.05747664366099747,0.05783073646345546,-0.011488557300397328,0.08234042503705839
481,-1.933365553171451,-0.13573513408506593,-1.4832245564937339,-1.9904796515383252,-0.19398436125389898,-1.4717780637361624,0.05711409836687409,0.058249227168833045,-0.01144649275757148,0.08237727171056604
482,-1.9316778860537802,-0.15495766172199285,-1.4727910659583432,-1.9884310390985427,-0.21356435012673866,-1.4612962104201923,0.05675315304476247,0.05860668840474581,-0.011494855538150883,0.08238808172385224
483,-1.9297897563716069,-0.17416153516866456,-1.4623575754229525,-1.9861835852118708,-0.2330589161070144,-1.450714055553347,0.05639382884026389,0.05889738093834984,-0.011643519869605434,0.08236951479531715
484,-1.927701369660568,-0.193344663954075,-1.4519240848875619,-1.9837375146218252,-0.25246026162825813,-1.4400215461719812,0.056036144961257195,0.05911559767418312,-0.011902538715580668,0.08231873333798821
485,-1.9254129532556272,-0.21250495986541426,-1.4414905943521712,-1.9810930719334263,-0.2717606264109441,-1.4292084339797944,0.055680118677799095,0.059255666545529856,-0.012282160372376838,0.08223357645841267
486,-1.9229703682302342,-0.23128956023008815,-1.4304534708171086,-1.9782505215887396,-0.2909522905664908,-1.4182642588677388,0.055280153358505446,0.05966273033640265,-0.012189211949369838,0.08224423161827729
487,-1.9203206082334348,-0.2500460578889301,-1.419416347282046,-1.9752101478404307,-0.31002757768512307,-1.4071783326133003,0.05488953960699594,0.059981519796192984,-0.012238014668745745,0.08222173239698555
488,-1.9174639960506696,-0.26877216798430387,-1.4083792237469834,-1.9719722547233407,-0.32897885790632714,-1.3959397228381787,0.05450825867267106,0.06020668992202327,-0.012439500908804746,0.08216286848542735
489,-1.9144008796654632,-0.2874656093602908,-1.3973421002119208,-1.9685371660240831,-0.347798550970695,-1.384537237321871,0.05413628635861989,0.0603329416104042,-0.012804862890049895,0.08206561921840298
490,-1.9111316322170333,-0.3061241048405731,-1.3863049766768583,-1.964905225248665,-0.36647912925192844,-1.372959408789994,0.05377359303163165,0.06035502441135532,-0.013345567886864362,0.08192943586678567
491,-1.9077488159744007,-0.324251504828153,-1.3743920954500568,-1.9610767955881379,-0.38501312076778266,-1.3611944803206513,0.05332797961373714,0.06076161593962964,-0.013197615129405538,0.08191473876160586
492,-1.904150295312825,-0.34233732040526604,-1.3624792142232554,-1.957052259882277,-0.4033931121687696,-1.3492303915401058,0.052901964569451954,0.061055791763503564,-0.01324882268314953,0.08186549252075258
493,-1.9003365809165846,-0.3603789849222955,-1.350566332996454,-1.9528320205812995,-0.42161175170339216,-1.337054765810933,0.052495439664714816,0.06123276678109668,-0.013511567185520823,0.0817788808988527
494,-1.8963082140091898,-0.3783739379953251,-1.3386534517696524,-1.9484164997056181,-0.43966175215875003,-1.3246548986519633,0.052108285696428336,0.061287814163424936,-0.013998553117689161,0.08165432684518238
495,-1.8920657662765752,-0.396319625869496,-1.326740570542851,-1.9438061388036416,-0.4575358937753214,-1.3120177476702315,0.051740372527066425,0.061216267905825406,-0.014722822872619501,0.08149392074808971
496,-1.8877645320801917,-0.41359229657904795,-1.3136436771927233,-1.9390013989076176,-0.47522702713477977,-1.2991299243311092,0.0512368668274259,0.06163473055573182,-0.01451375286161416,0.08145370191155864
497,-1.883237454911851,-0.4308071547360192,-1.3005467838425957,-1.934002760487532,-0.4927280760196602,-1.2859776879442872,0.05076530557568115,0.06192092128364096,-0.01456909589830846,0.08138535063573328
498,-1.8784853112837316,-0.4479612475418332,-1.287449890492468,-1.928810723403061,-0.5100320402437544,-1.272546942300503,0.05032541211932928,0.062070792701921174,-0.014902948191965137,0.08128670417994324
499,-1.8735089163127994,-0.4650516326207609,-1.2743529971423404,-1.9234258068535868,-0.527131998452086,-1.2588232354572375,0.049916890540787406,0.062080365831325146,-0.015529761685102894,0.08115935732254294
500,-1.868309123580992,-0.48207537852461524,-1.2612561037922128,-1.917848549326277,-0.5440211108893698,-1.2447917632410141,0.049539425745284804,0.061945732364754535,-0.01646434055119861,0.08100927706851992
501,-1.8631192458553396,-0.4983028426658536,-1.246623775911815,-1.9120795085422362,-0.5606926221358159,-1.2304373771094976,0.04896026268689657,0.062389779469962325,-0.016186398802317425,0.08094190145325295
502,-1.8576924866061848,-0.5144526323646118,-1.2319914480314174,-1.906119261400735,-0.5771398638092112,-1.2157445970978271,0.048426774794550154,0.06268723144459942,-0.01624685093359024,0.08086285716229148
503,-1.8520300077091905,-0.5305212899315492,-1.2173591201510197,-1.8999684039215217,-0.5933562572321769,-1.200697630660021,0.0479383962123312,0.06283496730062765,-0.01666148949099866,0.08077083742997875
504,-1.8461330215078788,-0.5465053750478123,-1.202726792270622,-1.8936275511852179,-0.6093353160635608,-1.1852803983066504,0.047494529677339026,0.06282994101574857,-0.017446393963971518,0.0806703694032709
505,-1.8400027905540668,-0.5624014655016102,-1.1880944643902243,-1.8870973372718132,-0.625070648892882,-1.16947656703277,0.04709454671774638,0.06266918339127181,-0.018617897357454227,0.0805726317026542
506,-1.8339641097922457,-0.577402572642531,-1.1715322894399434,-1.8803784151972567,-0.6405559617968117,-1.153269592622839,0.046414305405011014,0.0631533891542807,-0.018262696817104462,0.0804746196196983
507,-1.827677817631097,-0.5923016132714191,-1.1549701144896625,-1.8734714568481579,-0.6557850608566534,-1.136642772009011,0.04579363921706081,0.06348344758523439,-0.018327342480651376,0.08039338898474563
508,-1.821145638396593,-0.6070945005908334,-1.1384079395393816,-1.8663771529145952,-0.6707518546358369,-1.119579306941384,0.045231514518002225,0.0636573540450035,-0.018828632597997608,0.08032848831587426
509,-1.8143693638613747,-0.6217771769211189,-1.1218457645891007,-1.8590962128210502,-0.6854503566164047,-1.1020623802982807,0.04472684895967549,0.06367317969528585,-0.01978338429081994,0.08028790148190479
510,-1.8073508527532705,-0.6363456148134253,-1.1052835896388198,-1.8516293646554642,-0.6998746875935437,-1.0840752464144137,0.044278511902193785,0.06352907278011832,-0.021208343224406123,0.08028900003673294
511,-1.8005160224891352,-0.6499517729763488,-1.086370554534495,-1.8439773550964327,-0.7140190780271819,-1.06560133682667,0.043461332607297454,0.06406730505083313,-0.02076921770782514,0.08015527064812197
512,-1.793425096202114,-0.6634262380524124,-1.0674575194301703,-1.836140949338534,-0.7278778703497366,-1.0466243828210473,0.04271585313641979,0.0644516322973242,-0.020833136609123004,0.08007918953096398
513,-1.7860806102614744,-0.6767641903300963,-1.0485444843258456,-1.828120931015814,-0.7414455212290605,-1.0271285560983872,0.04204032075433961,0.06468133089896422,-0.021415928227458414,0.08006063400843583
514,-1.7784851917328026,-0.6899608589274482,-1.0296314492215208,-1.8199181021234212,-0.754716603785701,-1.007098628747356,0.04143291039061858,0.06475574485825286,-0.022532820474164827,0.08011067690454945
515,-1.7706415574383232,-0.7030115234985914,-1.010718414117196,-1.811533282937409,-0.7676858097635824,-0.9865201535059736,0.04089172549908571,0.06467428626499094,-0.024198260611222544,0.08025242884042337
516,-1.76307900592861,-0.7150718920306729,-0.9890546434582231,-1.8029673119327096,-0.7803479516532316,-0.9653796649918884,0.03988830600409954,0.06527605962255867,-0.023674978466334706,0.08007837111921003
517,-1.7552569763522063,-0.7269656100268485,-0.9673908727992502,-1.7942210456992849,-0.79269796476672,-0.9436649021705272,0.03896406934707852,0.0657323547398716,-0.023725970628722948,0.08001164191545683
518,-1.7471791395923197,-0.7386870957580735,-0.9457271021402772,-1.7852953588564693,-0.804730909263467,-0.9213650517940357,0.03811621926414954,0.06604381350539357,-0.024362050346241504,0.08005086489477009
519,-1.7388492865826244,-0.7502308483240095,-0.9240633314813043,-1.7761911439655085,-0.8164419721261122,-0.8984710118695688,0.03734185738288409,0.0662111238021027,-0.02559231961173547,0.08020781789233669
520,-1.7302713265281726,-0.7615914502346002,-0.9023995608223313,-1.7669093114403063,-0.8278264690856536,-0.8749756733946423,0.03663798491213366,0.06623501885105343,-0.027423887427688975,0.08050769691320013
521,-1.7220667917107428,-0.7719815674940743,-0.8777049377341767,-1.7574507894563798,-0.8388798464951001,-0.8508742176279203,0.03538399774563694,0.06689827900102574,-0.026830720106256423,0.0802950469903505
522,-1.7136082044767524,-0.7821659295379636,-0.8530103146460221,-1.7478165238580448,-0.8495976831508637,-0.8261644250538847,0.03420831938129232,0.0674317536129001,-0.026845889592137406,0.08023685124801819
523,-1.7049007228170356,-0.7921383260093107,-0.8283156915578674,-1.7380074780638322,-0.8599756920611862,-0.8008469909691761,0.033106755246796515,0.06783736605187551,-0.02746870058869133,0.08032742363513604
524,-1.6959496564966101,-0.8018926758063696,-0.8036210684697128,-1.7280246329701487,-0.8700097221608728,-0.7749258413027453,0.03207497647353863,0.06811704635450322,-0.028695227166967485,0.08057389268245309
525,-1.6867604638168165,-0.8114230307908215,-0.7789264453815582,-1.717868986853184,-0.8796957599716702,-0.7484084409343449,0.031108523036367464,0.0682727291808487,-0.03051800444721331,0.08099539709604396
526,-1.6780130267867022,-0.8200579723973956,-0.7512008614256545,-1.7075415552690867,-0.8890299312075991,-0.721306085468987,0.02952852848238452,0.06897195881020346,-0.029894775956667452,0.08076362254103477
527,-1.6690295735265874,-0.8284470986134026,-0.7234752774697507,-1.6970433709524082,-0.8980085023246204,-0.6936341662499572,0.028013797425820774,0.06956140371121777,-0.029841111219793492,0.08070968746886602
528,-1.659817009246554,-0.8365839610634516,-0.695749693513847,-1.6863754837128333,-0.9066278820139979,-0.6654123974581106,0.026558474466279236,0.07004392095054635,-0.030337296055736318,0.08081989210631121
529,-1.6503824152648776,-0.8444623052769065,-0.6680241095579432,-1.6755389603301956,-0.9148846226387805,-0.6366649935694167,0.025156545065317948,0.07042231736187399,-0.031359115988526476,0.08108975704626158
530,-1.6407330435649097,-0.8520760754954395,-0.6402985256020395,-1.6645348844478025,-0.9227754216128066,-0.6074207853483693,0.023801840882892833,0.07069934611736706,-0.032877740253670185,0.08152221154400571
531,-1.6315388132355002,-0.858925850068385,-0.6100125466422517,-1.6533643564640714,-0.9302971227216964,-0.5777132630548064,0.02182554322857122,0.07137127265331145,-0.03229928358744527,0.08132316163085253
532,-1.6221413788279708,-0.8654940697363455,-0.5797265676824639,-1.642028493422494,-0.9374467173852932,-0.5475805367263731,0.019887114594523192,0.07195264764894771,-0.03214603095609081,0.08127759923139503
533,-1.6125493593911167,-0.8717747103225766,-0.5494405887226761,-1.6305284288999269,-0.9442213458610588,-0.5170652053199697,0.01797906950881023,0.07244663553848218,-0.032375383402706404,0.08136293622848512
534,-1.6027715524413648,-0.8777620114093589,-0.5191546097628883,-1.6188653128932389,-0.95061829838793,-0.48621412915210704,0.01609376045187405,0.07285628697857105,-0.03294048061078125,0.08156054769712782
535,-1.592816925893952,-0.8834504816212829,-0.4888686308031005,-1.6070403117043106,-0.9566350162701883,-0.4550781034039326,0.014223385810358646,0.0731845346489054,-0.03379052739916788,0.08185401980111338
536,-1.5832355117443728,-0.8885471785866798,-0.4570745670670614,-1.5950546078234087,-0.9622690929009017,-0.4237114343156453,0.011819096079035862,0.07372191431422193,-0.033363132751416114,0.08177842202725347
537,-1.573496922524217,-0.8933367189679593,-0.4252805033310223,-1.582909399810932,-0.9675182747245379,-0.3921714238816628,0.009412477286715015,0.07418155575657859,-0.03310907944935948,0.08177841454273432
538,-1.5636110017787739,-0.8978142616062441,-0.3934864395949832,-1.5706059021775611,-0.972380462138356,-0.3605177731102454,0.0069949003987872516,0.07456620053211194,-0.032968666484737785,0.08182896713979688
539,-1.5535877419726996,-0.9019752807029048,-0.3616923758589441,-1.5581453452628062,-0.9768537103322188,-0.32881191793031006,0.004557603290106682,0.07487842962931401,-0.03288045792863403,0.0819065045347364
540,-1.5434372743898601,-0.9058155703941349,-0.329898312122905,-1.5455289751119743,-0.9809362300664917,-0.29711631530754834,0.002091700722114176,0.07512065967235682,-0.03278199681535665,0.08198870676332809
541,-1.5334508919313252,-0.9092350201272359,-0.2981071740146457,-1.5327580533515686,-0.9846263883877127,-0.265493699789787,-0.0006928385797566605,0.07539136826047677,-0.03261347422485872,0.0821460719359115
542,-1.523360865660445,-0.9123353170385463,-0.2663160359063864,-1.519833857063122,-0.9879227092817555,-0.23400633231352022,-0.0035270085973229115,0.0755873922432092,-0.032309703592866196,0.08227885877935609
543,-1.5131773924704175,-0.9151133279948475,-0.23452489779812713,-1.506757678655493,-0.9908238742642128,-0.20271526353027572,-0.006419713814924455,0.07571054626936535,-0.03180963426785141,0.08237203636019758
544,-1.502910763691089,-0.9175662455623165,-0.20273375968986784,-1.4935308257356246,-0.9933287229077735,-0.17167963311530354,-0.009379937955464435,0.07576247734545705,-0.0310541265745643,0.08241538076644622
545,-1.492571354688624,-0.9196915908436949,-0.17094262158160856,-1.4801546209777887,-0.9954362533063774,-0.1409560245718928,-0.012416733710835182,0.07574466246268252,-0.02998659700971576,0.08240524963771781
546,-1.4820677235835282,-0.9215048051243615,-0.1407327563839849,-1.466630401991313,-0.997145622475965,-0.11059789210988624,-0.015437321592215225,0.07564081735160355,-0.03013486427409867,0.0828731210488568
547,-1.4715141164821557,-0.9229999270489575,-0.11052289118636127,-1.452959521186826,-0.99845614669166,-0.08065507250195922,-0.018554595295329657,0.07545621964270255,-0.029867818684402053,0.08324662565116712
548,-1.460920164253315,-0.9241755922192283,-0.08031302598873763,-1.439143345641015,-0.9993673017612495,-0.05117339069845843,-0.021776818612299964,0.07519170954202126,-0.0291396352902792,0.08352928443112147
549,-1.4502955345834283,-0.9250307277624672,-0.05010316079111399,-1.425183256959923,-0.9998787232348542,-0.022194363718999813,-0.02511227762350532,0.07484799547238696,-0.027908797072114175,0.08373619210166482
550,-1.4396499231541244,-0.9255645533105827,-0.019893295593490345,-1.4110806511407838,-0.9999902065507035,0.006244996773392763,-0.028569272013340585,0.07442565324012074,-0.026138292366883108,0.08389631393242256
551,-1.4284557697538087,-0.9257872712935791,0.007535994538799218,-1.396836938432427,-0.9997017071169574,0.03411228652508152,-0.03161883132138166,0.07391443582337831,-0.0265762919862823,0.08467227180699965
552,-1.4172597189092788,-0.9257028963183002,0.03496528467108878,-1.3824535431942528,-0.9990133403295429,0.061379721814441665,-0.03480617571502598,0.07331044401124276,-0.026414437143352884,0.0853440891839087
553,-1.406070193619927,-0.925311491861625,0.062394574803378344,-1.3679319037538011,-0.9979253815259969,0.08802407252366619,-0.038138289866125774,0.07261388966437188,-0.025629497720287844,0.08593123576148806
554,-1.3948956119758473,-0.9246133523844797,0.08982386493566791,-1.3532734722629136,-0.9964382658753348,0.11402652573356668,-0.041622139712933715,0.07182491349085507,-0.024202660797898776,0.08646958715033821
555,-1.3837443808247492,-0.9236090031103091,0.11725315506795747,-1.338479714552524,-0.9945525882039893,0.13937249138381436,-0.04526466627222514,0.07094358509368015,-0.022119336315856886,0.08701234003136646
556,-1.3716938113187878,-0.9221895247058044,0.14129984975534798,-1.3235521099860739,-0.9922691027578862,0.16405136184929442,-0.04814170133271389,0.07007957805208176,-0.022751512093946435,0.08801364649715995
557,-1.3596808562011382,-0.9204807082439805,0.1653465444427385,-1.3084921513115828,-0.9895887229007583,0.18805623702960433,-0.0511887048895554,0.06910801465677774,-0.022709692586865837,0.08894903785573709
558,-1.347712461550598,-0.9184835417892795,0.189393239130129,-1.293301344512367,-0.9865125207488105,0.21138362585071127,-0.054411117038231094,0.06802897895953097,-0.02199038672058226,0.08984480365466414
559,-1.3357955476804046,-0.9161991801346252,0.21343993381751952,-1.2779812086564475,-0.9830417267418881,0.234033134057412,-0.05781433902395716,0.06684254660726285,-0.020593200239892473,0.09074416636810033
560,-1.323937005136802,-0.9136289441337043,0.23748662850491004,-1.2625332757446417,-0.979177729151317,0.25600714694934407,-0.06140372939216032,0.06554878501761263,-0.01852051844443403,0.09170643818184998
561,-1.3109278287600339,-0.9104800151445708,0.25807612955252934,-1.2469590905573706,-0.9749220735246148,0.2773105143849678,-0.06396873820266324,0.06444205838004402,-0.019234384832438445,0.09281562322895973
562,-1.2979862400559457,-0.9070639200647055,0.27866563060014865,-1.2312602105001726,-0.97027646206729,0.2979502440332553,-0.066726029555773,0.06321254200258453,-0.019284613433106668,0.09391530653717084
563,-1.28511772512676,-0.9033821070197785,0.29925513164776796,-1.2154382054479715,-0.9652427529619856,0.3179352075580311,-0.06967951967878849,0.06186064594220708,-0.01868007591026316,0.09503115391842282
564,-1.272327739097808,-0.899436136776647,0.31984463269538727,-1.1994946575880876,-0.9598229596252282,0.3372758632229733,-0.07283308150972045,0.06038682284858121,-0.01743123052758605,0.09620329481703505
565,-1.259621703805032,-0.8952276820817271,0.3404341337430066,-1.1834311612620187,-0.954019249902089,0.35598399733641756,-0.07619054254301316,0.05879156782036188,-0.015549863593410984,0.09748459097492587
566,-1.245631489191945,-0.8902719925758805,0.3578146945341108,-1.1672493228060146,-0.9478339451990766,0.3740724860305142,-0.07838216638593054,0.05756195262319608,-0.016257791496403384,0.09859745524853719
567,-1.2317295159611497,-0.8850739060347744,0.375195255325215,-1.1509507603904343,-0.9412695195556019,0.39155507809344553,-0.08077875557071534,0.05619561352082747,-0.016359822768230503,0.09975368730800628
568,-1.2179199835691277,-0.8796349926771008,0.39257581611631925,-1.1345371038579373,-0.9343285986543979,0.4084461989420335,-0.0833828797111904,0.05469360597729711,-0.015870382825714235,0.10097506729270055
569,-1.2042070635481763,-0.8739568954696224,0.4099563769074235,-1.1180099945604975,-0.92701395877128,0.4247607753253133,-0.08619706898767876,0.0530570633016576,-0.01480439841788983,0.1022944616329661
570,-1.1905948982462857,-0.868041329630872,0.4273369376985277,-1.1013710851952752,-0.9193285256646756,0.4405140799735253,-0.08922381305101057,0.051287196033803606,-0.01317714227499761,0.1037540474916859
571,-1.175664745707827,-0.861242111964635,0.4418927944550508,-1.0846220396393396,-0.9112753734053558,0.4557215951360275,-0.09104270606848752,0.050033261440720844,-0.013828800680976694,0.10480141843955511
572,-1.1608351397329466,-0.8542263010831828,0.4564486512115739,-1.0677645327832885,-0.90285772314685,0.470398893769609,-0.09307060694965807,0.04863142206366722,-0.013950242558035064,0.10593282001976674
573,-1.1461092222587708,-0.8469953834209303,0.471004507968097,-1.0508002503637583,-0.894078941837027,0.48456153703014543,-0.09530897189501242,0.04708355841609668,-0.01355702906204842,0.1071655477931013
574,-1.1314901132540236,-0.8395508909867992,0.4855603647246201,-1.0337308887948575,-0.8849425408713637,0.498224986670857,-0.09775922445916607,0.045391649884564456,-0.01266462194623691,0.10852493029318931
575,-1.1169809100580015,-0.8318944010396331,0.5001162214811432,-1.0165581549985165,-0.8754521746884284,0.5114045309468265,-0.10042275505948495,0.04355777364879532,-0.011288309465683266,0.11004287941329975
576,-1.1077944864837965,-0.826874448581279,0.5127122481367437,-0.9992837662338049,-0.865611639308158,0.5241152226565137,-0.10851072024999164,0.03873719072687898,-0.011402974519770015,0.11578071593525871
577,-1.098672021441361,-0.8217391849737916,0.5253082747923441,-0.9819094499252019,-0.8554248708134978,0.5363718280074358,-0.1167625715161591,0.033685685839706214,-0.01106355321509167,0.12202715168068423
578,-1.0896149622808358,-0.8164894249667448,0.5379043014479445,-0.9644369434898631,-0.8448959437760261,0.5481887850668954,-0.12517801879097268,0.028406518809281245,-0.010284483618950846,0.12877203618256422
579,-1.0806247459752092,-0.8111260014754581,0.550500328103545,-0.9468679941638701,-0.8340290696261731,0.5595801706434279,-0.13375675181133906,0.022903068150714967,-0.00907984253988292,0.13600684808635746
580,-1.0717027988923298,-0.8056497654488481,0.5630963547591454,-0.9292043588275147,-0.8228285949687089,0.570559674535322,-0.14249844006481505,0.017178829519860717,-0.007463319776176536,0.1437241063519255
581,-1.0514981244333212,-0.7928951330374439,0.5737518935969935,-0.9114478038296094,-0.8112989998441578,0.581140580175409,-0.1400503206037118,0.01840386680671391,-0.007388686578415515,0.14144747188972942
582,-1.031430501897163,-0.7799259370835372,0.5844074324348416,-0.89360010481086,-0.7994448959368459,0.5913357507932551,-0.13783039708630296,0.019518958853308677,-0.0069283183584134544,0.13937793839399634
583,-1.0115022097503523,-0.7667436501022916,0.5950629712726897,-0.8756630465262938,-0.7872710247302823,0.6011576203049405,-0.13583916322405853,0.020527374627990702,-0.006094649032250765,0.13751653035674152
584,-0.9917155106398929,-0.7533497688031051,0.6057185101105378,-0.8576384226667918,-0.7747822556106337,0.6106181882251972,-0.13407708797310114,0.021432486807528628,-0.0048996781146594115,0.13586767038456524
585,-0.9720726511363955,-0.7397458139196745,0.6163740489483859,-0.8395280356797178,-0.7619835839190322,0.619729017975972,-0.13254461545667773,0.02223776999935767,-0.003354969027586141,0.1344390170980098
586,-0.9517135596247139,-0.7253224330294982,0.6251798187015204,-0.8213336965886817,-0.7488801289535097,0.6285012380388306,-0.13037986303603222,0.02355769592401158,-0.0033214193373102274,0.1325326584240917
587,-0.9314822647757773,-0.7107203361862526,0.6339855884546549,-0.8030572248124292,-0.7354771319213411,0.6369455454658797,-0.1284250399633481,0.024756795735088488,-0.0029599570112247564,0.13082297646118873
588,-0.9113803353460358,-0.6959406556522958,0.6427913582077894,-0.7847004479829077,-0.721779953842635,0.6450722113249574,-0.12667988736312807,0.025839298190339255,-0.002280853117167969,0.12930841227177056
589,-0.8914093300608052,-0.6809845374600166,0.651597127960924,-0.7662652017625027,-0.7077940734059962,0.6528910877099849,-0.12514412829830257,0.026809535945979568,-0.001293959749060991,0.12799014960930774
590,-0.8715707974934018,-0.6658531413229708,0.6604028977140585,-0.747753329660472,-0.6935250847771224,0.6604116159967486,-0.1238174678329298,0.027671943454151582,-8.718282690112211e-06,0.12687199009669875
591,-0.8510654183812585,-0.6499255738779042,0.6676342049685522,-0.7291666828486026,-0.6789786953612166,0.6676428360684155,-0.12189873553265584,0.029053121483312405,-8.63109986326549e-06,0.12531315041479232
592,-0.830675751528629,-0.6338501434672229,0.6748655122230459,-0.7105071199760853,-0.6641607235200951,0.6745933962741206,-0.12016863155254376,0.030310580052872238,0.0002721159489252889,0.12393266445712467
593,-0.8104028631433424,-0.6176276907005299,0.6820968194775396,-0.6917765069836577,-0.6490770962449237,0.6812715639183997,-0.11862635615968475,0.031449405544393794,0.0008252555591399258,0.12272717112179363
594,-0.7902478133266974,-0.601259063875459,0.6893281267320334,-0.6729767169170084,-0.6337338467854989,0.6876852361095336,-0.11727109640968891,0.03247478291003991,0.001642890622499782,0.12169560660838283
595,-0.7702116560180281,-0.5847451189333159,0.6965594339865271,-0.6541096297394813,-0.6181371122370333,0.6938419508213524,-0.11610202627854682,0.03339199330371734,0.0027174831651747278,0.12083910971838914
596,-0.7412216801864507,-0.5604972109321857,0.7494507275411638,-0.6351771321440697,-0.6022931310853911,0.6997488980461777,-0.10604454804238106,0.041795920153205324,0.04970182949498614,0.12434877147006582
597,-0.7135541498100122,-0.5347506091366949,0.8023420210958006,-0.6161811173647562,-0.5862082407117827,0.7054129309366325,-0.09737303244525597,0.05145763157508776,0.09692909015916806,0.14671279362750364
598,-0.6872864464567383,-0.5075773225910611,0.8552333146504373,-0.5971234849871871,-0.5698888748578939,0.71084057685146,-0.09016296146955116,0.062311552266832715,0.14439273779897732,0.18127700321868243
599,-0.662492036606877,-0.47905335054395976,0.908124608205074,-0.5780061407587223,-0.5533415610524803,0.7160380482354703,-0.0844858958481548,0.07428821050852058,0.19208655996960367,0.2226069435996543
600,-0.6392402661791408,-0.449258469891026,0.9610159017597107,-0.5588309963978517,-0.5365729180004349,0.7210112532766491,-0.08040926978128904,0.08731444810940892,0.2400046484830617,0.26775304817851986
601,-0.6175817950617895,-0.4182554399324088,0.9181332155324213,-0.5395999694030323,-0.5195896529353996,0.7257658062944856,-0.07798182565875711,0.10133421300299078,0.19236740923793572,0.23098702992792416
602,-0.5946141492722281,-0.3882094005155189,0.8752505293051319,-0.5203149828609361,-0.5023985589369582,0.7303070378230215,-0.07429916641129197,0.11418915842143929,0.1449434914821104,0.19891743451350366
603,-0.5703795581114224,-0.3591755955801568,0.8323678430778425,-0.5009779652541498,-0.48500651221350166,0.7346400043601177,-0.06940159285727254,0.12583091663334484,0.09772783871772484,0.17378357555405527
604,-0.5449225803405654,-0.3312074079282879,0.7894851568505531,-0.4815908502683184,-0.467420469351827,0.7387694977612211,-0.06333173007224702,0.13621306142353912,0.050715659089331955,0.15854647335460395
605,-0.5182900222534241,-0.30435626107212727,0.7466024706232637,-0.4621555765987845,-0.44964746453460147,0.7427000542616012,-0.05613444565463965,0.1452912034624742,0.003902416361662442,0.1558070558286355
606,-0.513409166081097,-0.2998401497743496,0.748097469203057,-0.44267408775671735,-0.4316946067267801,0.7464359631158108,-0.07073507832437964,0.13185445695243053,0.001661506087246134,0.1496389311852181
607,-0.5085350669406375,-0.29531674665304447,0.7495924677828503,-0.4231483318747701,-0.4135690768321209,0.7499812748470809,-0.08538673506586747,0.11825233017907644,-0.00038880706423061184,0.14585835351094276
608,-0.5036677357257566,-0.29078606181810995,0.7510874663626436,-0.4035802615122578,-0.39527812482090974,0.7533398091026414,-0.10008747421349884,0.10449206300279978,-0.002252342739997859,0.1447106311672964
609,-0.4988071833150385,-0.28624810539571877,0.7525824649424369,-0.38397183345991004,-0.37682906683007494,0.756515162113617,-0.11483534985512844,0.09058096143435618,-0.003932697171180166,0.1463131376799851
610,-0.49395342057191655,-0.2817028875282958,0.7540774635222302,-0.36432500854419003,-0.35822928223682704,0.7595107137603188,-0.12962841202772651,0.07652639470853123,-0.005433250238088605,0.1506297928700217
611,-0.4802527033340363,-0.26883460226304073,0.7566235184394181,-0.3446417514312205,-0.3394862107070128,0.7623296342454584,-0.1356109519028158,0.07065160844397206,-0.005706115806040302,0.15301810288099935
612,-0.4665847938284448,-0.2559314759656161,0.7591695733566061,-0.3249240304303084,-0.32060734921933826,0.764974890379158,-0.14166076339813644,0.06467587325372215,-0.005805317022551937,0.15583466293930454
613,-0.4529497806558912,-0.24299359227914638,0.761715628273794,-0.3051738172971223,-0.30160024906668353,0.7674492514806304,-0.1477759633587689,0.058606656787537154,-0.005733623206836347,0.15907655390252318
614,-0.4393477522038777,-0.2300210350720671,0.764261683190982,-0.28539308703651545,-0.2824725128356836,0.7697552949021605,-0.15395466516736223,0.0524514777636165,-0.00549361171117857,0.16273713840428364
615,-0.4257787966460866,-0.2170138884375811,0.7668077381081699,-0.2655838177050335,-0.263231791365801,0.7718954111815078,-0.1601949789410531,0.046217902928219895,-0.005087673073337906,0.16680650540763683
616,-0.40844636576865845,-0.20031420198939376,0.7685990051732853,-0.2457479902131001,-0.24388578068908245,0.77387180882917,-0.16269837555555836,0.043571578699688696,-0.0052728036558846725,0.16851423185355646
617,-0.39114387628030384,-0.18358349533683496,0.7703902722384006,-0.22588758812693474,-0.2244422189518554,0.7756865187570767,-0.1652562881533691,0.04085872361502044,-0.0052962465186761065,0.17031478590206012
618,-0.373871383698428,-0.16682182216266644,0.772181539303516,-0.2060045974701957,-0.20490888331957058,0.777341398355284,-0.16786678622823228,0.038087061156904134,-0.005159859051768079,0.17221064511695816
619,-0.3566289434441869,-0.1500292362490103,0.7739728063686313,-0.1861010065253778,-0.18529358686603822,0.7788381352231183,-0.17052793691880908,0.03526435061702793,-0.004865328854486983,0.1742039698717808
620,-0.3394166108423096,-0.13320579147717632,0.7757640734337466,-0.1661788056349928,-0.16560417544830938,0.7801782505609888,-0.17323780520731683,0.032398383971133066,-0.004414177127242125,0.17629656093270762
621,-0.3205441209464374,-0.11469348125245139,0.7767796332842813,-0.14623998700252616,-0.14584852456842748,0.7813631022287947,-0.17430413394391125,0.031155043315976086,-0.004583468944513336,0.17712587620537723
622,-0.3016904411385202,-0.0961620144344472,0.777795193134816,-0.12628654449322554,-0.1260345362233393,0.7823938874764594,-0.17540389664529468,0.02987252178889209,-0.0045986943416433945,0.17798888309675104
623,-0.28285559086352174,-0.07761141013580927,0.7788107529853507,-0.10632047343471225,-0.10617013574419806,0.7832716453517061,-0.1765351174288095,0.02855872560838879,-0.0044608923663553846,0.17888585202492402
624,-0.2640395895469856,-0.05904168748892078,0.7798263128358854,-0.08634377041745736,-0.08626326862634384,0.7839972587896967,-0.17769581912952823,0.02722158113742306,-0.004170945953811289,0.17981717216630042
625,-0.24524245659501526,-0.040452865645882845,0.7808418726864201,-0.06635843309511363,-0.06632189735120068,0.7845714563886423,-0.17888402349990162,0.02586903170531784,-0.0037295837022222056,0.18078332461672447
626,-0.22569608314866632,-0.021083803464383634,0.7811076718557975,-0.0463664599847589,-0.04635399820139721,0.7849948138749364,-0.17932962316390744,0.025270194737013578,-0.0038871420191388673,0.18114305495721494
627,-0.20615485867336403,-0.001709546557323572,0.781373471025175,-0.026369850267042503,-0.026367558070356484,0.7852677552607884,-0.17978500840632153,0.024658011513032912,-0.0038942842356134433,0.18150986813158593
628,-0.18661878454968023,0.017669903706521627,0.7816392701945524,-0.006370603586275981,-0.006370571267652135,0.7853905536967359,-0.18024818096340425,0.02404047497417376,-0.0037512835021835667,0.1818829934477486
629,-0.16708786215782287,0.03705454595800934,0.7819050693639298,0.013629280149540351,0.013628963678619457,0.7853633320208057,-0.18071714230736322,0.023425582279389883,-0.0034582626568758768,0.1822619077302555
630,-0.14756209287763597,0.05644437882763015,0.7821708685333072,0.033627800968699426,0.033623047221136695,0.7851860630054648,-0.18118989384633538,0.022821331606493453,-0.0030151944721575896,0.18264633094054955
631,-0.12771957898997977,0.07615922899421058,0.781694660131352,0.053622959035786476,0.053603681993068565,0.7848585693028844,-0.18134253802576625,0.02255554700114202,-0.0031639091715324197,0.18276728131531889
632,-0.10786767897527325,0.09586462775390692,0.7812184517293969,0.07361275485165383,0.07356287600690768,0.7843805230883966,-0.18148043382692708,0.022301751746999235,-0.0031620713589997074,0.18287294684636612
633,-0.08800639733541989,0.11556057063803842,0.7807422433274417,0.09359518945337977,0.09349264585116929,0.7837514454014016,-0.18160158678879967,0.022067924786869128,-0.003009202073959938,0.18296225000182628
634,-0.06813573857445065,0.1352470531800687,0.7802660349254865,0.1135682646141561,0.11338501988364241,0.7829707051823518,-0.18170400318860674,0.021862033296426275,-0.0027046702568652714,0.1830344462548447
635,-0.04825570719852303,0.15492407091560675,0.7797898265235313,0.1335299830431127,0.13323204141994396,0.7820375180038213,-0.18178569024163574,0.02169202949566279,-0.002247691480289915,0.1830891406863313
636,-0.028298817826667846,0.17465835647364322,0.7785598827366474,0.15347834858503784,0.15302577191607933,0.7809509444930636,-0.1817771664117057,0.021632584557563894,-0.002391061756416124,0.18307546017867082
637,-0.008317671494028834,0.19436808125914593,0.7773299389497635,0.17341136642000265,0.17275829414376465,0.7797098884428689,-0.1817290379140315,0.02160978711538128,-0.002379949493105382,0.18302483514518275
638,0.011687701572684547,0.21405321545600148,0.7760999951628796,0.19332704326283448,0.1924217153572057,0.7783130946069631,-0.18163934169014995,0.021631500098795775,-0.002213099444083433,0.18293624587627422
639,0.03171727111011356,0.2337137292852962,0.7748700513759957,0.2132233875624471,0.21200817045009426,0.7767591461756517,-0.18150611645233355,0.02170555883520195,-0.0018890947996559326,0.1828091088351961
640,0.05177100681829599,0.25334959300536114,0.7736401075891118,0.23309840970098727,0.23150982510153895,0.7750464619269026,-0.18132740288269128,0.021839767903822194,-0.0014063543377907939,0.18264331449795276
641,0.0717402833635281,0.27285470608371193,0.7716249869536187,0.2529501221928054,0.25091887890969955,0.7731732930475957,-0.18120983882927727,0.02193582717401238,-0.0015483060939770477,0.18253926551320795
642,0.09174882449330238,0.29231953908575276,0.7696098663181256,0.2727765398831953,0.2702275685118367,0.7711377196192538,-0.1810277153898929,0.022091970573916042,-0.001527853301128257,0.18237714560446602
643,0.11179654895873975,0.3117440129704455,0.7675947456826324,0.2925756801469099,0.28942817068955534,0.7689376467622203,-0.18077913118817013,0.022315842280890175,-0.0013429010795878993,0.182156236437748
644,0.131883375351849,0.33112804886063874,0.7655796250471393,0.3123455630864238,0.30851300545799065,0.7665708004319635,-0.1804621877345748,0.022615043402648083,-0.0009911753848241833,0.1818763970907057
645,0.15200922210585727,0.3504715680433878,0.7635645044116461,0.3320842117299144,0.32747443913769303,0.7640347228610073,-0.18007498962405716,0.022997128905694775,-0.0004702184493611261,0.1815381252833673
646,0.17192270074683824,0.3695339263030096,0.7607116645266625,0.351789652228968,0.34630488740800797,0.7613267676398998,-0.17986695148212978,0.023229038895001608,-0.0006151031132373141,0.18136175681576377
647,0.19189048013518428,0.38853939710226415,0.7578588246416789,0.37145991405595574,0.3649968183406966,0.7584440944306824,-0.17956943392077146,0.023542578761567567,-0.0005852697890035286,0.18110708753137422
648,0.21191239775933116,0.40748782576151854,0.7550059847566952,0.3910930302010885,0.38354275541260996,0.7553836633065133,-0.17918063244175733,0.02394507034890858,-0.00037767854981807236,0.18077391426123768
649,0.23198829066710033,0.42637905806538795,0.7521531448717116,0.4106870373691092,0.40193528049619187,0.7521422287114786,-0.1786987467020089,0.02444377756919608,1.0916160232965488e-05,0.18036280230103885
650,0.2521179954670252,0.44521294026399105,0.749300304986728,0.43023997617563103,0.4201670368266409,0.7487163330352061,-0.17812198070860585,0.025045903437350137,0.0005839719515218222,0.1798751742564554
651,0.2719233595370007,0.4636376797402575,0.7455335538121084,0.4497498913430674,0.43823073194451173,0.7451022997977352,-0.17782653180606672,0.02540694779574576,0.00043125401437316135,0.17963288783097245
652,0.2917979843487343,0.4819876868057982,0.7417668026374888,0.4692148318961616,0.45611914061260495,0.7412962264412188,-0.17741684754742731,0.02586854619319323,0.0004705761962700006,0.179293449176965
653,0.3117415879131462,0.5002627011034163,0.7380000514628693,0.48863285135707546,0.4738251077059589,0.7372939767265044,-0.17689126344392925,0.026437593397457382,0.000706074736364859,0.17885738444071073
654,0.3317538872624588,0.5184624633399422,0.7342333002882497,0.5080020079400462,0.4913415510738144,0.733091172734505,-0.17624812067758744,0.027120912266127783,0.001142127553744765,0.17832624142250475
655,0.35183459845421133,0.5365867152899122,0.7304665491136302,0.5273203647455568,0.5086614643723737,0.7286831864746114,-0.17548576629134544,0.027925250917538502,0.0017833626390187929,0.17770271295613482
656,0.37148874650293306,0.5541920771708129,0.7256823047998371,0.5465859899540265,0.5257779198672481,0.7240651311052729,-0.17509724345109345,0.02841415730356478,0.0016171736945641557,0.17739510774032524
657,0.39122689765140317,0.5717032076802543,0.720898060486044,0.5657969570189859,0.5426840712044526,0.7192318517753863,-0.17457005936758274,0.029019136475801677,0.0016662087106577017,0.1769734221878247
658,0.41104860011406696,0.5891197060068459,0.7161138161722509,0.5849513448597394,0.5593731561488667,0.7141779160993728,-0.17390274474567247,0.0297465498579792,0.0019359000728781384,0.1764391384234913
659,0.430953400192968,0.6064411735052285,0.7113295718584578,0.6040472380534647,0.5758384992890305,0.708897604283927,-0.1730938378604967,0.030602674216198,0.002431967574530791,0.17579509333523005
660,0.4509408422881326,0.6236672137051986,0.7065453275446647,0.6230827270267574,0.5920735147072245,0.7033848989304824,-0.1721418847386248,0.03159369899797415,0.003160428614182309,0.17504564720885213
661,0.4725131146132268,0.6420799997506558,0.7007622988726921,0.6420559082465795,0.6080717086137423,0.6976334745446516,-0.16954279363335273,0.034008291136913504,0.0031288243280405137,0.17294829366238465
662,0.49419150729015204,0.6603677255296815,0.6949792702007196,0.6609648844106218,0.6238266819443293,0.6916366867923863,-0.1667733771204698,0.03654104358535215,0.003342583408333266,0.17076234961581757
663,0.5159752953213241,0.6785297794398749,0.689196241528747,0.6798077646370254,0.6393321329197169,0.6853875615526078,-0.16383246931570128,0.039197646520158,0.0038086799761392065,0.1684993754824038
664,0.5378637501843876,0.6965655540817205,0.6834132128567745,0.6985826646534714,0.6545818595662526,0.6788787838277314,-0.16071891446908382,0.041983694515467906,0.004534429029043108,0.16617388820120998
665,0.5598561398565798,0.7144744462789018,0.6776301841848019,0.7172877069856007,0.6695697621966022,0.672102686587147,-0.15743156712902096,0.04490468408229953,0.005527497597654918,0.16380379180874488
666,0.5808962083899394,0.7314064277054967,0.670523462256217,0.7359210211447693,0.6842898458495512,0.6650512396345386,-0.15502481275482993,0.04711658185594547,0.0054722226216783465,0.1621191231035972
667,0.6020560754767867,0.7481884568970448,0.663416740327632,0.7544807438150888,0.6987362226879031,0.6577160386082651,-0.15242466833830204,0.04945223420914169,0.005700701719366874,0.1603474383531286
668,0.6233346724320252,0.7648196862723958,0.656310018399047,0.7729650190397587,0.7129031143535387,0.6500882942451496,-0.14963034660773344,0.051916571918857124,0.006221724153897434,0.15850325207138025
669,0.6447309245740723,0.7812992758665867,0.649203296470462,0.7913719984066616,0.7267848542786822,0.6421588220623271,-0.14664107383258929,0.05451442158790443,0.0070444744081349375,0.1566047614714366
670,0.666243751279137,0.7976263933732647,0.6420965745418771,0.8096998412331966,0.7403758899524486,0.6339180326396285,-0.14345608995405956,0.05725050342081606,0.008178541902248537,0.15467436256371297
671,0.6867185657117695,0.812937617735775,0.6334526791999309,0.827946714750356,0.7536707851417809,0.6253559227167048,-0.1412281490385865,0.05926683259399412,0.008096756483226053,0.15337374283800467
672,0.7073249622143992,0.8280712901488502,0.6248087838579847,0.8461107942859937,0.7666642220658663,0.61646206735519,-0.13878583207159445,0.06140706808298391,0.008346716502794616,0.15199343035385135
673,0.728061401149996,0.8430262798780386,0.6161648885160385,0.8641902634472943,0.7793510035231799,0.607225613456968,-0.13612886229729837,0.0636752763548587,0.00893927505907044,0.1505507177259749
674,0.7489263331652191,0.8578014695394264,0.6075209931740922,0.8821833143024047,0.791726054970291,0.5976352749755627,-0.13325698113718565,0.06607541456913535,0.00988571819852957,0.14906747081969324
675,0.7699181993061797,0.8723957551831245,0.598877097832146,0.9000881475612352,0.803784426551621,0.5876793302090884,-0.13016994825505557,0.06861132863150354,0.011197767623057686,0.1475707282798456
676,0.8013050276582834,0.8938169392422911,0.6510837229583543,0.9179029727553806,0.8155212950793129,0.5773456216204795,-0.1165979450970972,0.07829564416297818,0.07373810133787473,0.15862722428598464
677,0.831531273037601,0.9168467940132269,0.7032903480845625,0.9356260084171686,0.8269319659624466,0.5666215586940145,-0.1040947353795676,0.08991482805078033,0.13666878939054794,0.19390396651595743
678,0.8605145715636292,0.9414225651517333,0.7554969732107707,0.953255482257799,0.8380118750848067,0.5554941244066477,-0.09274091069416979,0.1034106900669266,0.200002848804123,0.24350726245076718
679,0.8881759462775551,0.9674772858264381,0.8077035983369789,0.9707896313445805,0.8487565906304755,0.5439498859681842,-0.08261368506702538,0.11872069519596262,0.26375371236879475,0.30080831972617916
680,0.9144400223475759,0.9949399591975663,0.8599102234631871,0.9882267022772163,0.8591618148564958,0.5319750105656659,-0.07378667992964039,0.1357781443410705,0.32793521289752126,0.3625212855459474
681,0.9392352314601148,1.0237357507173868,0.8033696331035256,1.0055649513631455,0.8692233858119127,0.5195552869336455,-0.06632971990303071,0.15451236490547404,0.2838143461698801,0.32988526148182706
682,0.9656180817045475,1.0510843378320318,0.7468290427438641,1.0228026447919047,0.8789372790024944,0.5066761536623483,-0.0571845630873572,0.1721470588295374,0.24015288908151577,0.3009619481817444
683,0.99350425383972,1.0768983148180569,0.6902884523842026,1.0399380588085174,0.8882996090004824,0.4933227352482483,-0.046433804968797454,0.18859870581757443,0.19696571713595423,0.2766244092751488
684,1.0228046240275575,1.101095180545733,0.633747862024541,1.0569694798858615,0.8973066309987076,0.4794798869840495,-0.03416485585830409,0.2037885495470254,0.15426797504049156,0.25786744351583596
685,1.0534255486716748,1.1235976021515686,0.5772072716648795,1.0738952048960235,0.9059547423084627,0.4651322498740918,-0.02046965622434871,0.21764285984310583,0.11207502179078771,0.2456587710138483
686,1.0525372075847679,1.1230191284418949,0.5427580168258069,1.090713541280604,0.9142404838005289,0.4502643168426439,-0.03817633369583606,0.20877864464136597,0.09249369998316304,0.2315189829135334
687,1.051629469518758,1.1224715945863324,0.5083087619867344,1.1074228072199814,0.9221605412887859,0.4348605115707623,-0.05579333770122341,0.2003110532975465,0.07344825041597208,0.22052677863285133
688,1.0507034116263148,1.12195565030706,0.47385950714766184,1.124021331801486,0.9297117468558371,0.4189052813456625,-0.07331792017517125,0.1922439034512229,0.054954225801999323,0.2129629140636299
689,1.0497601327990327,1.1214719078409978,0.4394102523085893,1.1405074551864933,0.936891080120138,0.4023832053261955,-0.09074732238746064,0.18458082772085982,0.03702704698239384,0.20898842238470497
690,1.0488007523634502,1.1210209412133059,0.4049609974695168,1.1568795287764002,0.9436956694441047,0.3852791196091139,-0.10807877641295005,0.1773252717692012,0.01968187786040293,0.20859686055895793
691,1.0592345931820781,1.12549344207995,0.38600552093156865,1.1731359153774927,0.9501227930827353,0.36757826041131964,-0.1139013221954146,0.17537064899721477,0.01842726052024901,0.20992365197339982
692,1.0697513328730666,1.1297673728822197,0.3670500443936205,1.1892749893646573,0.9561698802722672,0.3492664265498517,-0.11952365649159069,0.1735974926099525,0.017783617843768806,0.2115141862031847
693,1.0803471927788668,1.1338411979996317,0.34809456785567233,1.2052951368439446,0.9618345122584524,0.3303301621888942,-0.12494794406507781,0.17200668574117928,0.017764405666778116,0.21333978244680124
694,1.09101836581409,1.1377134537095412,0.3291390913177242,1.2211947558139582,0.9671144232640236,0.31075696051584134,-0.13017638999986825,0.1705990304455176,0.018382130801882834,0.21537832861076336
695,1.10176101783339,1.1413827487130574,0.310183614779776,1.236972256326048,0.9720075013949759,0.29053548859030254,-0.13521123849265781,0.1693752473180815,0.01964812618947348,0.21761457276923607
696,1.1173790046723766,1.1463887816039366,0.28871539717168015,1.2526260606433117,0.9765117894852975,0.2696558330657038,-0.13524705597093511,0.16987699211863916,0.019059564105976368,0.21797528663587362
697,1.13310085495499,1.1510583963523302,0.2672471795635843,1.2681546033983628,0.9806254858798085,0.24810976580033245,-0.13505374844337292,0.17043291047252174,0.019137413763251843,0.2182959746451738
698,1.1489193230045014,1.1553894408884562,0.24577896195548843,1.2835563317498675,0.9843469451548001,0.22589102754483356,-0.1346370087453661,0.17104249573365604,0.019887934410654867,0.21858222573169128
699,1.1648271186162744,1.1593799191782572,0.22431074434739257,1.2988297055378224,0.9876746787761803,0.2029956269152212,-0.13400258692154798,0.1717052404020769,0.021315117432171377,0.21884633219304658
700,1.1808169104175767,1.1630279921433069,0.2028425267392967,1.3139731974375781,0.9906073556948702,0.17942215074251594,-0.13315628702000137,0.17242063644843664,0.023420375996780762,0.2191072492138668
701,1.1989472947370043,1.1667568878614365,0.17797718049994565,1.328985293112564,0.9931438028792042,0.15517208065333724,-0.13003799837555974,0.17361308498223227,0.022805099846608418,0.21810881888998357
702,1.2171647851976715,1.1700338590487271,0.1531118342605946,1.3438644913657243,0.9952830057841277,0.13025010941636972,-0.12669970616805282,0.1747508532645995,0.022861724844224884,0.21705606354725396
703,1.2354581187707392,1.1728568797059848,0.12824648802124355,1.3586093042896297,0.9970241087570001,0.10466444924219856,-0.12315118551889048,0.17583277094898475,0.023582038779044995,0.2159617799224731
704,1.2538159855370923,1.1752242044905599,0.10338114178189252,1.373218257415277,0.9983664153798475,0.07842712292189793,-0.11940227187818464,0.17685778911071237,0.024954018859994584,0.21484478852433472
705,1.272227035679737,1.1771343697954104,0.07851579554254148,1.3876898898595273,0.9993093887479177,0.051554227525755024,-0.11546285417979041,0.17782498104749267,0.02696156801678646,0.21372955043654696
706,1.291594439004969,1.1786581493927277,0.05040536186574816,1.4020227544711974,0.9998526516844362,0.024066159466105345,-0.11042831546622844,0.17880549770829157,0.026339202399642818,0.2118007848202364
707,1.3109970192713944,1.1796369725781508,0.022294928188954843,1.4162154179757676,0.9999959868914717,-0.004012210822560227,-0.1052183987043731,0.17964098568667908,0.02630713901151507,0.2098424664536834
708,1.3304194456379264,1.1800700659399732,-0.0058155054878384765,1.4302664611187157,0.999739337036853,-0.03265142639572878,-0.09984701548078934,0.18033072890312019,0.026835920907890304,0.2078671810029812
709,1.3498463715821916,1.1799570872718794,-0.033925939164631796,1.4441744788074369,0.9990828047770997,-0.06181740477477093,-0.09432810722524532,0.18087428249477977,0.02789146561013913,0.20589131048827763
710,1.3692624470265005,1.179298125843337,-0.062036372841425116,1.457938080251753,0.9980266527163616,-0.0914714824314205,-0.08867563322525251,0.18127147312697545,0.029435109589995387,0.2039341574481782
711,1.3890484891223644,1.1780690945070573,-0.09268105552727464,1.4715558891029872,0.9965713033013819,-0.12157055086072027,-0.08250739998062273,0.18149779120567544,0.028889495333445633,0.20145352368405622
712,1.4087875840623816,1.1762343981305823,-0.12332573821312416,1.4850265435916035,0.9947173386525217,-0.1520672896241892,-0.07623895952922188,0.18151705947806063,0.028741551411065033,0.19896456621513045
713,1.4284611963806797,1.1737957595361677,-0.1539704208989737,1.4983486966633788,0.9924655003309216,-0.18291049838327378,-0.06988750028269908,0.18133025920524604,0.02894007748430008,0.19647507140602666
714,1.4480508521010804,1.1707554686617554,-0.18461510358482322,1.5115210161141086,0.9898166890418857,-0.21404552605890018,-0.06347016401302819,0.1809387796198697,0.029430422474076956,0.19399343663426122
715,1.4675381560845888,1.1671163804106688,-0.21525978627067274,1.5245421847228224,0.9867719642746133,-0.24541479105467268,-0.05700402863823362,0.18034441613605545,0.030155004783999934,0.1915277839530504
716,1.4869867312359852,1.162863999952827,-0.2471637507588445,1.5374109003835117,0.9833325438784152,-0.2769583822343691,-0.050424169147526454,0.1795314560744118,0.02979463147552458,0.18884348180220342
717,1.506289764453796,1.1579934020870772,-0.27906771524701623,1.550125876235334,0.9794998035755915,-0.30861472634854564,-0.04383611178153801,0.17849359851148572,0.029547011101529408,0.1861574475296029
718,1.525427609562196,1.152509543994033,-0.31097167973518797,1.5626858407913,0.9752752764111607,-0.3403213041667633,-0.0372582312291041,0.1772342675828722,0.02934962443157535,0.18347087467560907
719,1.5443807885099545,1.1464180070162262,-0.3428756442233597,1.5750895380654217,0.9706606521396621,-0.37201539497002895,-0.030708749555467207,0.17575735487656408,0.029139750746669246,0.180783849295353
720,1.563130011194742,1.139724990977548,-0.37477960871153143,1.5873357276983062,0.9656577765492774,-0.4036348275127553,-0.02420571650356429,0.17406721442827056,0.02885521880122388,0.17809529893384313
721,1.5814938412231259,1.1325011733505068,-0.4063473365017978,1.5994231850811964,0.9602686507235386,-0.43511871520880985,-0.017929343858070546,0.1722325226269682,0.028771378707012074,0.17553716260191843
722,1.5996205204002105,1.124701346658126,-0.4379150642920641,1.6113507014784265,0.9544954302409214,-0.46640815416292103,-0.011730181078215995,0.1702059164172045,0.028493089870856914,0.17297256228066019
723,1.6174919866016149,1.116333282949466,-0.46948279208233046,1.6231170841482976,0.9483404243126435,-0.49744686468148896,-0.0056250975466827224,0.16799285863682256,0.027964072599158507,0.17039727589287382
724,1.6350904320070403,1.1074053204869334,-0.5010505198725969,1.6347211564623458,0.9418060948590116,-0.528181759882355,0.00036927554469445845,0.16559922562792184,0.027131240009758195,0.16780746132834015
725,1.652398320844671,1.0979263554377128,-0.5326182476628633,1.646161758023011,0.934895055524683,-0.5585634287330091,0.006236562821660074,0.16303129991302978,0.025945181070145873,0.16520064130602954
726,1.6690891828902485,1.088088101838143,-0.5623847971522286,1.6574377447796707,0.927610070633246,-0.5885465249860494,0.011651438110577894,0.160478031204897,0.02616172783382087,0.16301346727401217
727,1.6854798434158158,1.0777574504913228,-0.5921513466415939,1.668547989143047,0.9199540540815242,-0.6180900577424485,0.016931854272768776,0.15780339640979857,0.02593871110085466,0.16081485112126898
728,1.7015557805904071,1.06694355416888,-0.6219178961309592,1.6794913800979598,0.9119300681740611,-0.6471575834684962,0.02206440049244729,0.155013485994819,0.02523968733753701,0.15859716399183715
729,1.7173027514222958,1.0556559937888157,-0.6516844456203245,1.6902668233144347,0.9035413223982338,-0.6757173029780909,0.02703592810786115,0.15211467139058188,0.02403285735776639,0.15635662088219
730,1.7327068043780285,1.043904769926982,-0.6814509951096898,1.7008732412571288,0.8947911721405041,-0.7037420699869326,0.03183356312089969,0.14911359778647781,0.0222910748772428,0.15409455799924485
731,1.7474388672426677,1.0319561234280883,-0.7084607178969621,1.7113095732930879,0.8856831173443074,-0.7312093202389199,0.036129293949579866,0.1462730060837809,0.022748602341957858,0.1523765634820312
732,1.761842866337831,1.0196139745280894,-0.7354704406842344,1.7215747757978035,0.8762208011101247,-0.7581009318558724,0.040268090540027446,0.14339317341796476,0.022630491171637956,0.1506494620942403
733,1.7759082942230875,1.006887326587337,-0.7624801634715067,1.7316678222595798,0.8664080082382859,-0.7844030284895931,0.044240471963507666,0.14047931834905114,0.02192286501808638,0.1489035602461177
734,1.789624890439195,0.993785463450841,-0.789489886258779,1.7415877033821823,0.8562486637151049,-0.8101057371275008,0.048037187057012654,0.13753679973573607,0.020615850868721752,0.1471358417549571
735,1.8029826489929077,0.9803179426758832,-0.8164996090460513,1.7513334271857652,0.8457468311429333,-0.8352029121201988,0.05164922180714249,0.13457111153294998,0.01870330307414747,0.14535074722333038
736,1.8157618986843416,0.9667179972443715,-0.8403972744735797,1.7609040191060688,0.8349067111147797,-0.8596918362790572,0.05485787957827282,0.1318112861295918,0.019294561805477506,0.14406901893962767
737,1.8282125234333506,0.952816569915659,-0.8642949399011081,1.7702985220918765,0.823732639534121,-0.8835729088565338,0.057914001341474064,0.12908393038153798,0.019277968955425773,0.14278771908386367
738,1.8403274130462959,0.938621599395004,-0.8881926053286364,1.7795159967007192,0.8122290858806044,-0.9068493289873355,0.06081141634557663,0.12639251351439962,0.01865672365869908,0.1414961807545342
739,1.8520996490582167,0.9241411920217377,-0.9120902707561648,1.7885555211928177,0.8004006514223111,-0.9295267818372679,0.06354412786539898,0.12374054059942663,0.017436511081103112,0.1401913317316515
740,1.8635225086837675,0.909383617139967,-0.9359879361836931,1.7974161916232538,0.7882520673753163,-0.9516131333632378,0.06610631706051362,0.12113154976465068,0.015625197179544692,0.1388778034481783
741,1.8745200137742006,0.8944516056830135,-0.9568713578451503,1.8060971219323696,0.7757881930112588,-0.9731181382979247,0.06842289184183104,0.11866341267175473,0.01624678045277439,0.13793714332980336
742,1.88520331202452,0.8792932013191164,-0.9777547795066075,1.814597444034368,0.7630140137137015,-0.9940531647825135,0.070605867990152,0.11627918760541489,0.01629838527590599,0.13700976398570983
743,1.8955677444328605,0.8639150146504082,-0.9986382011680647,1.8229163079041226,0.7499346389840432,-1.0144309380104182,0.07265143652873784,0.11398037566636499,0.015792736842353494,0.1360851490931569
744,1.9056087910552137,0.8483237521264039,-1.0195216228295219,1.8310528816621792,0.7365553003977854,-1.0342653043291206,0.07455590939303458,0.11176845172861849,0.014743681499598704,0.13515970764764368
745,1.9153220729765814,0.8325262131193077,-1.0404050444909791,1.8390063516579414,0.722881349511976,-1.0535710164801917,0.07631572131864006,0.10964486360733172,0.013165971989212544,0.13423646395177222
746,1.9247472680410533,0.8164544052742482,-1.0586158554566574,1.8467759225510378,0.7089182557246515,-1.0723635400346438,0.0779713454900155,0.10753614954959667,0.013747684577986474,0.13353858247237907
747,1.933878235815175,0.8002136313727428,-1.0768266664223356,1.854360817390854,0.6946716040871542,-1.090658880591542,0.07951741842432103,0.10554202728558859,0.013832214169206436,0.1328663595694684
748,1.942711948246588,0.7838092772528463,-1.0950374773880138,1.8617602776942273,0.6801470930701856,-1.1084734309385513,0.08095167055236074,0.10366218418266071,0.013435953550537505,0.13221023501435136
749,1.95124547586008,0.7672467829998167,-1.113248288353692,1.868973563521292,0.665350532284497,-1.125823837107909,0.08227191233878783,0.10189625071531971,0.012575548754216959,0.1315661730696389
750,1.9594759887290694,0.7505316411420502,-1.1314590993193703,1.8759999535494778,0.6502878401571169,-1.1427268820842833,0.08347603517959157,0.10024380098493324,0.011267782764913026,0.1309352168579889
751,1.9675080073653761,0.7334411894185092,-1.147424628238479,1.8828387451456365,0.6349650415640629,-1.1591993858163752,0.08466926221973958,0.09847614785444636,0.011774757577896144,0.1304035297724108
752,1.9752661558406825,0.716224685832596,-1.1633901571575878,1.8894892544363082,0.6193882654204694,-1.1752581201377648,0.08577690140437433,0.09683642041212659,0.011867962980177005,0.12990695777389574
753,1.9827484566595825,0.698886518745382,-1.1793556860766965,1.895950816376105,0.6035637422291092,-1.1909197372013636,0.08679764028347758,0.09532277651627274,0.011564051124667074,0.12943720238001577
754,1.9899530026382233,0.6814311075290769,-1.1953212149958052,1.902222784814218,0.5874978015882669,-1.2062007100649477,0.08773021782400536,0.09393330594080995,0.01087949506914243,0.12899000154033927
755,1.9968779573904332,0.6638629014405627,-1.211286743914914,1.9083045325590295,0.5711968696599886,-1.2211172841230187,0.08857342483140362,0.09266603178057409,0.009830540208104699,0.12856470959445224
756,2.0036470758862257,0.6458524090592888,-1.225432858728313,1.9141954514408346,0.5546674665997017,-1.2356854381550875,0.08945162444539112,0.09118494245958708,0.010252579426774489,0.1281460191819466
757,2.0101607471047225,0.6277479651770997,-1.239578973541712,1.9198949523726523,0.5379162039482439,-1.2499208538459183,0.09026579473207019,0.08983176122885583,0.010341880304206352,0.12776781093967654
758,2.0164176676002095,0.6095531926602705,-1.253725088355111,1.9254024654091402,0.5209497819873273,-1.2638388927244983,0.09101520219106929,0.0886034106729432,0.010113804369387358,0.12742299812663993
759,2.022416585305161,0.5912717324506696,-1.26787120316851,1.9307174398035836,0.5037749870595203,-1.2774545795615464,0.09169914550157743,0.08749674539114927,0.009583376393036414,0.12710725723912727
760,2.0281562997807914,0.5729072428371723,-1.282017317981909,1.935839344062973,0.4863986888537981,-1.2907825913575508,0.09231695571781828,0.0865085539833742,0.008765273375641813,0.12681869043106275
761,2.0337495082488877,0.5540801873617137,-1.294731836480684,1.94076766600115,0.4688278376577654,-1.3038372511423686,0.09298184224773776,0.0852523497039483,0.009105414661684685,0.12647724970914218
762,2.0391028941312843,0.5351835406105641,-1.3074463549794588,1.9455019127900275,0.45106946157762406,-1.3166325258920903,0.09360098134125683,0.08411407903293999,0.00918617091263152,0.12617728692455732
763,2.044215592016735,0.5162203573552221,-1.3201608734782337,1.9500416110088725,0.433130663727031,-1.3291820279480693,0.09417398100786256,0.08308969362819107,0.009021154469835535,0.12591273610745082
764,2.049086775402846,0.49719370312326494,-1.3328753919770087,1.954386306691646,0.415018619385944,-1.3414990193963932,0.09470046871119986,0.08217508373732096,0.008623627419384494,0.1256793145717505
765,2.0537156568296844,0.47810665370278493,-1.3455899104757836,1.9585355653724,0.39674057313061206,-1.3535964189332585,0.09518009145728445,0.08136608057217287,0.00800650845747497,0.12547427248314286
766,2.0581885487388174,0.458582270462562,-1.3572136811368307,1.9624889721287242,0.37830383593583167,-1.3654868108028255,0.0956995766100932,0.08027843452673034,0.008273129665994805,0.12518578468773517
767,2.062434196637995,0.4390072154981922,-1.3688374517978779,1.9662461316232376,0.3597157822506608,-1.3771824554492114,0.0961880650147573,0.0792914332475314,0.008345003651333505,0.12493564072622222
768,2.066452026895508,0.4193841336055919,-1.380461222458925,1.9698066681431217,0.3409838470487362,-1.3886953015737538,0.09664535875238633,0.07840028655685571,0.008234079114828763,0.12471860470452598
769,2.070241496660209,0.39971567606962066,-1.3920849931199721,1.9731702256376917,0.3221155228543811,-1.4000369993327406,0.09707127102251745,0.07760015321523955,0.007952006212768481,0.12453051770455144
770,2.073802093934856,0.3800045003058651,-1.4037087637810193,1.9763364677540007,0.30311835674570226,-1.4112189144499225,0.0974656261808553,0.07688614356016282,0.007510150668903259,0.12436812180558901
771,2.077189611168427,0.35991961893732893,-1.4145395627684725,1.979305077870476,0.2839999473358494,-1.422252143052719,0.09788453329795122,0.07591967160147955,0.007712580284246595,0.12411551993878595
772,2.080359398655768,0.3397992267969901,-1.4253703617559257,1.9820757591285796,0.26476794173367757,-1.4331475270714018,0.09828363952718844,0.07503128506331253,0.00777716531547612,0.1238945189962277
773,2.0833110845647673,0.31964568410865546,-1.436201160743379,1.984648234462495,0.24543003248500284,-1.4439156700672382,0.09866285010227238,0.07421565162365262,0.007714509323859309,0.12370058443812929
774,2.0860443226477328,0.29946135498485893,-1.447031959730832,1.9870222466268317,0.22599395449569257,-1.4545669533788361,0.09902207602090107,0.07346740048916636,0.007534993648004029,0.1235297802288992
775,2.088558792282007,0.2792486071495391,-1.4578627587182853,1.9891975582223522,0.20646748193779657,-1.4651115524962097,0.0993612340596548,0.07278112521174251,0.007248793777924423,0.12337865306518678
776,2.090883035441708,0.25875555391459093,-1.4681642252804268,1.9911739517197096,0.18685842513998854,-1.4755594535896255,0.09970908372199849,0.07189712877460239,0.007395228309198698,0.12314945352886239
777,2.092996050509047,0.2382396453438979,-1.4784656918425683,1.9929512294812013,0.1671746274635352,-1.4859204701354887,0.10004482102784573,0.07106501788036271,0.007454778292920405,0.122942168112599
778,2.0948976132523973,0.217703058570801,-1.4887671584047097,1.9945292137805317,0.14742396216506348,-1.4962042595945497,0.1003683994718656,0.07027909640573751,0.007437101189839979,0.1227529123005188
779,2.0965875218792993,0.197147972922997,-1.4990686249668512,1.9959077468205864,0.12761432924735241,-1.5064203401089062,0.10067977505871295,0.06953364367564457,0.007351715142055015,0.12257810744261989
780,2.098065597057875,0.17657656969126984,-1.5093700915289927,1.99708669074921,0.10775365229944407,-1.516578107193738,0.10097890630866524,0.06882291739182576,0.007208015664745382,0.12241441486785566
781,2.099340986823215,0.1558397417960091,-1.519382163593905,1.998065927672992,0.0878498753273104,-1.5266868504077726,0.10127505915022295,0.0679898664686987,0.007304686813867534,0.12219909164049186
782,2.100408697518909,0.1350911841574286,-1.5293942356588175,1.9988453596690559,0.06791095957636362,-1.536755769993164,0.10156333784985327,0.06718022458106498,0.007361534334346498,0.12199379639031457
783,2.1012686221168373,0.1143329766265006,-1.5394063077237299,1.999424908794852,0.04794488034705368,-1.5467939934810255,0.10184371332198539,0.06638809627944692,0.007387685757295648,0.12179531670663041
784,2.1019206744175127,0.09356720002150985,-1.5494183797886423,1.9998045170959504,0.02795962380486148,-1.5568105922633153,0.10211615732156232,0.06560757621664837,0.007392212474673032,0.12160061039491579
785,2.1023647890587243,0.07279593591947074,-1.5594304518535547,1.9999841466118375,0.007963183785935567,-1.5668145981353296,0.10238064244688672,0.06483275213353518,0.0073841462817749726,0.12140678446180973
786,2.102601297939594,0.05198814965713533,-1.5693799487451496,1.9999637793797111,-0.012036441400328576,-1.5768150198156834,0.10263751855988268,0.0640245910574639,0.007435071070533761,0.12119772587812709
787,2.10263077152519,0.03117904018802261,-1.5793294456367446,1.999743417436278,-0.03203125217051633,-1.5868208594525117,0.10288735408891192,0.06321029235853895,0.007491413815767123,0.12098541222985594
788,2.102453206897873,0.01037066744066703,-1.5892789425283396,1.9993230828175483,-0.05201325086691355,-1.5968411291256488,0.10313012408032485,0.06238391830758058,0.007562186597309228,0.12076738973068271
789,2.102068621635063,-0.010434908729326283,-1.5992284394199345,1.998702817556634,-0.07197444495646654,-1.606884867354864,0.1033658040784291,0.06153953622714026,0.007656427934929377,0.12054138235707464
790,2.101477053807497,-0.031235628743190073,-1.6091779363115295,1.997882683679544,-0.09190685022768164,-1.6169611556237677,0.10359437012795314,0.06067122148449156,0.007783219312238243,0.1203053163475745
791,2.1006821256666734,-0.05193663017508458,-1.6192889620457283,1.9968627631989828,-0.111802493984214,-1.6270791349278113,0.10381936246769063,0.05986586380912942,0.007790172882083057,0.12009608014562217
792,2.0996779333675297,-0.07262853605295655,-1.629399987779927,1.9956431581061487,-0.13165341823383273,-1.6372480223527806,0.10403477526138105,0.059024882180876176,0.007848034572853546,0.11986977445048055
793,2.0984645795706234,-0.09330923100249597,-1.6395110135141258,1.994223990360534,-0.15145168287151517,-1.6474771276873965,0.10424058921008927,0.0581424518690192,0.007966114173270755,0.1196248474324184
794,2.097042188319504,-0.11397660079550812,-1.6496220392483245,1.9926054018777313,-0.1711893688553761,-1.6577758700698915,0.10443678644177279,0.057212768059868,0.008153830821566954,0.1193600776994697
795,2.095410905028032,-0.13462853256605528,-1.6597330649825233,1.9907875545152398,-0.1908585813741894,-1.668153794663767,0.10462335051279203,0.05623004880813412,0.008420729681243744,0.1190746511641007
796,2.0935904788153867,-0.15504331295230994,-1.670237321055559,1.9887706300562809,-0.21045145300520013,-1.6786205893521406,0.10481984875910588,0.05540814005289019,0.008383268296581647,0.11885933646682954
797,2.0915557148968764,-0.17543784520020972,-1.6807415771285947,1.9865548301916196,-0.22996014686099078,-1.689186101433152,0.10500088470525681,0.054522301660781064,0.008444524304557222,0.11861356228528887
798,2.089306837785058,-0.19580987901008332,-1.6912458332016305,1.984140376499396,-0.24937685972413318,-1.699860354290574,0.10516646128566198,0.05356698071404986,0.00861452108894345,0.1183368749619487
799,2.086844095617391,-0.21615716656470074,-1.7017500892746662,1.981527510422967,-0.2686938251683646,-1.7106535640039524,0.105316585194424,0.052536658603663855,0.00890347472928621,0.11802946867840816
800,2.0841677601288593,-0.23647746277729373,-1.712254345347702,1.9787164932467636,-0.2879033166650653,-1.7215761558510787,0.10545126688209572,0.05142585388777157,0.00932181050337677,0.11769232891818511
801,2.0813266408590767,-0.25642785762160597,-1.7234014990350934,1.9757076060701602,-0.30699765067375967,-1.7326387806421168,0.10561903478891654,0.0505697930521537,0.009237281607023418,0.11746493881396043
802,2.0782633125930174,-0.27634534323308446,-1.734548652722485,1.9725011497793674,-0.325969189715432,-1.7438523308090974,0.10576216281365003,0.04962384648234752,0.009303678086612477,0.11719522024666333
803,2.074978155972955,-0.29622744470980844,-1.7456958064098764,1.9690974450173422,-0.344810345427416,-1.7552279561563868,0.10588071095561302,0.04858290071760757,0.009532149746510399,0.11688406680721236
804,2.0714715792050553,-0.3160716915466102,-1.756842960097268,1.9654968321517237,-0.3635135815986424,-1.7667770791568955,0.10597474705333165,0.0474418900520322,0.0099341190596276,0.11653354309475702
805,2.0677440180086526,-0.33587561794205417,-1.7679901137846594,1.961699671240799,-0.3820714171840091,-1.7785114096548387,0.10604434676785357,0.04619579924195494,0.010521295870179248,0.11614711798323551
806,2.0638857106134023,-0.3551874164043483,-1.7800581110857812,1.9577063419974947,-0.4004764292967199,-1.7904429588085071,0.1061793686159076,0.04528901289237158,0.010384847722725965,0.11590081134600565
807,2.059794635095166,-0.37445124771872074,-1.792126108386903,1.9535172437514072,-0.41872125617732653,-1.80258405207521,0.10627739134375869,0.04427000845860579,0.010457943688307214,0.11560314072700303
808,2.0554713872568726,-0.39366430640111705,-1.8041941056880246,1.94913279540887,-0.43679860013833777,-1.814947341005158,0.10633859184800265,0.04313429373722072,0.010753235317133347,0.11525665049015861
809,2.0509165967138197,-0.4128237943617445,-1.8162621029891464,1.944553435411064,-0.45470123048319755,-1.8275458135709115,0.10636316130275558,0.04187743612145306,0.011283710581765138,0.11486585159617903
810,2.0461309268019776,-0.43192692131257115,-1.828330100290268,1.9397796216901726,-0.4724219863984661,-1.8403928027138892,0.10635130511180502,0.040495065085894955,0.012062702423621063,0.11443757767908208
811,2.0412569611741826,-0.45043219555565717,-1.8416346056018875,1.9348118316235898,-0.4899537798180512,-1.8535019927388603,0.10644512955059282,0.03952158426239405,0.011867387136972773,0.11416372499665027
812,2.036137230653899,-0.46887098822634005,-1.854939110913507,1.9296505619861817,-0.5072895982583422,-1.8668874231310342,0.1064866686677175,0.03841861003200214,0.011948312217527235,0.11383392449347784
813,2.0307726414705503,-0.4872400355246255,-1.8682436162251264,1.9242963289006125,-0.5244225076230977,-1.8805634893080148,0.10647631256993773,0.0371824720984722,0.0123198730828884,0.1134527242626779
814,2.025164143195318,-0.5055360859959558,-1.8815481215367458,1.9187496677857283,-0.541345654977011,-1.894544939750472,0.1064144754095897,0.03580956898105525,0.012996818213726113,0.11302779786843486
815,2.019312728573061,-0.5237559011067409,-1.8948526268483652,1.9130111333030182,-0.5580522712867794,-1.9088468688807356,0.10630159527004301,0.034296370180038505,0.01399424203237043,0.11257046226494244
816,2.013421460445059,-0.5412948007606686,-1.9097532731094062,1.9070812993011486,-0.5745356741286307,-1.9234847049782011,0.10634016114391054,0.03324087336796211,0.013731431868794886,0.11225746191476586
817,2.0072695150531352,-0.5587439729221595,-1.9246539193704473,1.9009607587585777,-0.5907892703612041,-1.9384741923347701,0.1063087562945575,0.03204529743904461,0.013820272964322866,0.11189036016413947
818,2.0008582582838943,-0.5760995434361306,-1.9395545656314883,1.89465012372426,-0.6068065587627183,-1.9538313667637117,0.1062081345596344,0.030707015326587705,0.014276801132223405,0.11147607674955984
819,1.9941891135975878,-0.5933576589294187,-1.9544552118925294,1.8881500252564394,-0.6225811326313736,-1.9695725234828305,0.10603908834114839,0.029223473701954883,0.015117311590301163,0.1110262706801817
820,1.9872635617120715,-0.6105144876663264,-1.9693558581535704,1.8814611133595462,-0.6381066823479474,-1.9857141762998443,0.10580244835252528,0.027592194681620996,0.016358318146273865,0.11055804745613032
821,1.980348472444381,-0.6269361218329994,-1.9862541401509244,1.8745840569191952,-0.6533769978995605,-2.0022730069375108,0.10576441552518578,0.026440876066561092,0.016018866786586372,0.11018999778418095
822,1.9731568862632145,-0.6432385638734738,-2.003152422148278,1.8675195436353014,-0.6683859713635882,-2.019265803252276,0.10563734262791313,0.02514740749011446,0.01611338110399796,0.10977832805961137
823,1.9656908566910516,-0.6594171587046623,-2.020050704145632,1.8602682799533052,-0.6831275993507646,-2.036709385028378,0.10542257673774635,0.023710440646102282,0.016658680882746246,0.10933259500447035
824,1.9579525156163482,-0.6754672866074465,-2.0369489861429857,1.8528309909935323,-0.6975959854064473,-2.0546205159757753,0.10512152462281588,0.022128698799000812,0.017671529832789634,0.10886917477501774
825,1.9499440726847863,-0.6913843645458146,-2.0538472681403395,1.8452084204786805,-0.711785342369123,-2.073015800533438,0.10473565220610581,0.020400977823308408,0.01916853239309857,0.10841212742719676
826,1.941991824616159,-0.7065460913071215,-2.0731661356524866,1.8374013306594494,-0.7256899946851959,-2.091911564088844,0.1045904939567095,0.019143903378074367,0.018745428436357514,0.10796782645733004
827,1.9337481712938436,-0.7215513699660134,-2.092485003164634,1.8294105022383151,-0.7393043806791324,-2.1113237152817104,0.10433766905552844,0.017753010713118966,0.01883871211707655,0.10750077045096552
828,1.9252161893072495,-0.7363946004469414,-2.111803870676781,1.8212367342914608,-0.7526230547780576,-2.1312675891780724,0.10397945501578865,0.016228454331116193,0.01946371850129136,0.10702301683869246
829,1.9163990628520715,-0.7510702431518765,-2.131122738188928,1.812880844188868,-0.765640689689914,-2.1517577702945823,0.10351821866320354,0.014570446538037407,0.020635032105654094,0.1065557321664208
830,1.9073000825419262,-0.7655728210277268,-2.1504416057010753,1.8043436675125866,-0.7783520785342984,-2.172807894737887,0.10295641502933961,0.012779257506571606,0.022366289036811704,0.10613003205215335
831,1.8982892538894722,-0.7793369227976594,-2.1725705674322184,1.7956260579731689,-0.7907521369251587,-2.1944304311165266,0.10266319591630335,0.01141521412749924,0.021859863684308145,0.10558358087137638
832,1.8889760709844337,-0.7928982706183683,-2.1946995291633615,1.786728887324304,-0.8028359050044701,-2.216636440398034,0.10224718366012975,0.009937634386101846,0.02193691123467234,0.10504509135670277
833,1.8793650942220665,-0.8062502238915858,-2.2168284908945046,1.777653045275642,-0.8145985494261158,-2.2394353155356597,0.1017120489464245,0.00834832553452991,0.022606824641155043,0.10452800562751721
834,1.8694610298186318,-0.8193862445534745,-2.2389574526256477,1.7683994394038254,-0.8260353652891601,-2.262834502486271,0.10106159041480645,0.006649120735685576,0.023877049860623334,0.10405656814336381
835,1.8592687275068989,-0.8322999002761269,-2.261086414356791,1.7589689950617298,-0.8371417780197469,-2.2868392051869093,0.1002997324451691,0.004841877743619993,0.0257527908301185,0.10366622566774825
836,1.8491715704814498,-0.844526667854774,-2.2862726861676492,1.7493626552859305,-0.8479133452008673,-2.311452078146046,0.09980891519551927,0.0033866773460932142,0.025179391978396914,0.10299170314328557
837,1.838769701708784,-0.8564952747684911,-2.3114589579785076,1.739581380702398,-0.8583457583492696,-2.3366729115189178,0.09918832100638597,0.0018504835807785502,0.025213953540410117,0.10235961492056601
838,1.8280697192477469,-0.8681981291533123,-2.336645229789366,1.7296261494304437,-0.868434844638788,-2.3624983148415106,0.09844356981730318,0.00023671548547565813,0.025853085052144564,0.10178199486799583
839,1.8170784102550945,-0.8796278077160223,-2.3618315016002245,1.7194979569848965,-0.8781765685694278,-2.3889214069446996,0.09758045327019804,-0.0014512391465945074,0.027089905344475085,0.10128136021524657
840,1.805802746680301,-0.8907770604428605,-2.387017773411083,1.709197816176561,-0.8875670335815046,-2.4159315208889622,0.09660493050373997,-0.0032100268613559635,0.028913747477879337,0.10089014651242027
841,1.794594324557968,-0.9013149766624738,-2.4151968731387807,1.6987267570109346,-0.8966024836142181,-2.443513933963093,0.09586756754703352,-0.004712493048255717,0.02831706082431218,0.10007324333628188
842,1.7830934425359857,-0.9115329078347041,-2.4433759728664786,1.6880858265852081,-0.9052793046080264,-2.471649633771164,0.09500761595077756,-0.006253603226677673,0.028273660904685638,0.09932247753112236
843,1.7713092324195485,-0.9214227408290298,-2.4715550725941764,1.6772760889835565,-0.9135940259502211,-2.5003151320731636,0.094033143435992,-0.007828714878808651,0.028760059478987188,0.0986441172211623
844,1.7592510509789419,-0.9309766230278742,-2.4997341723218742,1.666298625170732,-0.921543321863127,-2.52948233822374,0.09295242580820995,-0.009433301164747165,0.029748165901865686,0.09805148652121762
845,1.7469284725201801,-0.940186968561656,-2.527913272049572,1.655154532883968,-0.9291240127343685,-2.559118503655017,0.09177393963621205,-0.011062955827287446,0.031205231605444972,0.0975633715465854
846,1.73460780013286,-0.9488657699605217,-2.5585215827513945,1.6438449265232045,-0.9363330663886721,-2.5891862477784504,0.09076287360965551,-0.012532703571849657,0.030664665027055893,0.09661930224299749
847,1.722027296748187,-0.9571634501414434,-2.589129893453217,1.6323709370396566,-0.9431675993006936,-2.619643673878287,0.08965635970853048,-0.013995850840749835,0.030513780425069914,0.09573524676299375
848,1.7091987477256574,-0.9650722358746127,-2.6197382041550394,1.6207337118227096,-0.949624877748395,-2.6504445810272683,0.08846503590294774,-0.01544735812621767,0.03070637687222888,0.09490819264430657
849,1.696134170792815,-0.9725847182448062,-2.650346514856862,1.6089344145851874,-0.9557023189064935,-2.6815387748284367,0.08719975620762765,-0.016882399338312704,0.03119225997157482,0.09413697452235369
850,1.682845804787098,-0.9796938595920248,-2.6809548255586844,1.5969742252469805,-0.9613974918795568,-2.712872476001037,0.08587157954011748,-0.01829636771246801,0.03191765044235284,0.09342067037837393
851,1.6694663384645052,-0.986333331660091,-2.7128474874844923,1.5848543398170567,-0.9667081186743309,-2.7443888216776147,0.0846119986474485,-0.019625212985760032,0.03154133419312233,0.09240776516361869
852,1.6558819614298224,-0.9925427929088309,-2.7447401494103003,1.5725759702738584,-0.9716320751109048,-2.7760284500182753,0.08330599115596393,-0.02091071779792608,0.03128830060797494,0.0914117281109872
853,1.6421064897507742,-0.9983159279704563,-2.7766328113361083,1.5601403444441087,-0.976167391672356,-2.807730154671101,0.08196614530666557,-0.02214853629810032,0.03109734333499281,0.0904215206633692
854,1.628153933848978,-1.0036468652452029,-2.8085254732619163,1.5475487058800246,-0.9803122542925307,-2.8394315920225517,0.08060522796895353,-0.023334610952672197,0.030906118760635426,0.08942536005566899
855,1.6140384842505646,-1.0085301828730735,-2.8404181351877242,1.5348023137349744,-0.9840650050816433,-2.8710700213760587,0.07923617051559018,-0.024465177791430204,0.030651886188334476,0.08841071071564
856,1.5997283139301335,-1.0129752598484545,-2.872040904115867,1.5219024426375487,-0.9874241429894152,-2.9025830564067965,0.07782587129258478,-0.025551116859039325,0.03054215229092927,0.08742167283778418
857,1.5852847558795176,-1.0169656626796602,-2.90366367304401,1.5088503825641069,-0.9903883244054711,-2.9339094056196564,0.0764343733154107,-0.026577338274189066,0.030245732575646223,0.08639081359090067
858,1.570722252446169,-1.0204974012983181,-2.935286441972153,1.4956474387097796,-0.9929563636967662,-2.9649895801409523,0.07507481373638947,-0.02754103760155191,0.029703138168799104,0.08530540912977581
859,1.5560553649129536,-1.0235669442618254,-2.966909210900296,1.4822949313579503,-0.9951272336818244,-2.9957665489487293,0.07376043355500328,-0.028439710580000943,0.028857338048433157,0.0841555978847386
860,1.5412987589380875,-1.0261712222844943,-2.998531979828439,1.4687941957482267,-0.9969000660415961,-3.0261863244390357,0.07250456318986087,-0.029271156242898222,0.02765434461059657,0.08293657243333799
861,1.5262426252661745,-1.028339978652191,-3.0283425550201644,1.4551465819429195,-0.9982741516667748,-3.0561984648014353,0.07109604332325503,-0.030065826985416155,0.02785590978127095,0.08206432256639569
862,1.5111285387694642,-1.0300590059058714,-3.0581531302118896,1.4413534546920337,-0.9992489409414315,-3.085756483749059,0.0697750840774305,-0.030810064964439943,0.02760335353716936,0.08111576657853554
863,1.4959699298945,-1.031326776510038,-3.087963705403615,1.4274161932968048,-0.999824043962853,-3.1148181624090387,0.06855373659769515,-0.03150273254718505,0.026854457005423882,0.08008245014047585
864,1.4807802686506142,-1.0321421639179207,-3.11777428059534,1.413336191471756,-0.999999230697499,3.139839544846084,0.06744407717885825,-0.03214293322042172,0.025571481738161594,0.07896690687120404
865,1.4655730526404172,-1.032504443572531,3.135600451392521,1.399114857205336,-0.999774431073011,3.111879164795771,0.06645819543508114,-0.03273001249952001,0.02372128659674999,0.07778589137183764
866,1.4499557773610938,-1.0324108605812052,3.108707948298058,1.3847536126191209,-0.9991497350062423,3.084514521703087,0.06520216474197293,-0.03326112557496297,0.024193426594971257,0.07709050948047429
867,1.434346665378218,-1.0318973744251365,3.0818154452035955,1.3702538938256013,-0.9981253923672896,3.057769563448156,0.06409277155261672,-0.03377198205784693,0.024045881755439424,0.07633239526444867
868,1.418757004626194,-1.0309643564385846,3.054922942109133,1.3556171507845733,-0.9967018128795511,3.0316637948036833,0.06313985384162057,-0.034262543559033576,0.023259147305449535,0.07550861518828485
869,1.4031980689730124,-1.0296124813457646,3.02803043901467,1.3408448471581444,-0.9948795659558413,3.006212463340424,0.06235322181486791,-0.03473291538992329,0.02181797567424626,0.07463460152435793
870,1.3876811100674054,-1.0278427267729109,3.0011379359202075,1.325938460164364,-0.9926593804706327,2.9814267933001624,0.06174264990304135,-0.03518334630227815,0.01971114262004514,0.07374653766424104
871,1.3716328162972904,-1.0255737279633668,2.977666818693065,1.3108994804295147,-0.9900421444685181,2.957314255765872,0.06073333586777574,-0.03553158349484864,0.02035256292719323,0.07324792371791036
872,1.3556421938208139,-1.0229287173122688,2.9541957014659226,1.295729411839035,-0.987028904809002,2.9338788640941087,0.05991278198177885,-0.03589981250326679,0.02031683737181389,0.07274002930545609
873,1.3397180513610625,-1.019909151871487,2.93072458423878,1.2804297713871424,-0.9836208667477723,2.9111214845518916,0.059288279973920055,-0.036288285123714625,0.01960309968688856,0.07222341238698175
874,1.3238691610194058,-1.0165166950231599,2.9072534670116377,1.2650020890251326,-0.9798193934546138,2.8890401533006966,0.05886707199427321,-0.036697301568546115,0.018213313710941037,0.07171993379754972
875,1.3081042534432252,-1.0127532155633903,2.883782349784495,1.2494479075083849,-0.9756260054681576,2.867630392188506,0.05865634593484037,-0.03712721009523268,0.01615195759598942,0.07127329361034083
876,1.2916845753103954,-1.0084237036083055,2.863738936491171,1.2337687822420895,-0.9710423800876875,2.8468855171578986,0.057915793068305854,-0.03738132352061796,0.016853419333272335,0.07096224473695183
877,1.2753549676621296,-1.0037659769301226,2.8436955231978467,1.217966281125707,-0.9660703507022413,2.826796934384504,0.057388686536422595,-0.03769562622788125,0.01689858881334283,0.07071056415395323
878,1.2591219905095241,-0.9987819066539386,2.8236521099045224,1.2020419843961807,-0.9607119060572806,2.807354420475193,0.05708000611334341,-0.038070000596657994,0.01629768942932941,0.070519973936919
879,1.2429921650447922,-0.9934734950052213,2.803608696611198,1.1859974844699102,-0.9549691894592174,2.7885463841460103,0.056994680574881995,-0.038504305546003925,0.015062312465187855,0.0704119905712927
880,1.2269719710215385,-0.9878428745054659,2.783565283317874,1.1698343857835234,-0.9488444979181241,2.7703601077480107,0.057137585238015154,-0.03899837658734184,0.013205175569863226,0.07042693863224847
881,1.210190035288103,-0.981563872814086,2.7666684356740636,1.153554304633417,-0.9423402812289547,2.7527819678085708,0.05663573065468608,-0.03922359158513122,0.013886467865492857,0.07027752210633705
882,1.1935165854346075,-0.9750022191212667,2.7497715880302533,1.1371588690141392,-0.9354591409916634,2.735797634409647,0.05635771642046827,-0.03954307812960334,0.013973953620606494,0.07025039934324
883,1.176956381675424,-0.9681597867572719,2.732874740386443,1.1206497184555895,-0.9282038295705979,2.7193922497417313,0.056306663219834574,-0.039955957186673996,0.013482490644711742,0.07034697144611086
884,1.160514151893542,-0.9610385292137401,2.715977892742633,1.1040285038590658,-0.9205772489935901,2.703550586566602,0.0564856480344762,-0.04046128022015005,0.012427306176030939,0.07058457033744023
885,1.1441945902907733,-0.9536404795859699,2.6990810450988225,1.0872968873321767,-0.9125824497911844,2.688257187608608,0.05689770295859664,-0.041058029794785456,0.010823857490214639,0.07099483293566275
886,1.127038836718088,-0.9455111840138599,2.6849382170582734,1.0704565420226324,-0.9042226297764663,2.6734964870893,0.056582294695455504,-0.04128855423739364,0.011441729968973302,0.07097333279972465
887,1.1099997662568148,-0.9371400786530841,2.6707953890177243,1.0535091519509268,-0.8955011327659768,2.6592529157394935,0.05649061430588809,-0.04163894588710737,0.01154247327823077,0.0711211642805764
888,1.0930807869979489,-0.9285288378607538,2.656652560977175,1.0364564118419504,-0.8864214472422383,2.6455109906809953,0.056624375155998496,-0.04210739061851554,0.011141570296179903,0.07143869256342972
889,1.0762852830122922,-0.9196791840249687,2.642509732936626,1.0193000269555008,-0.8769872049583982,2.632255391580335,0.05698525605679139,-0.04269197906657052,0.010254341356290997,0.0719380010921204
890,1.0596166136735863,-0.910592887220312,2.628366904896077,1.0020417129157693,-0.8672021794855813,2.619471024450662,0.057574900757817016,-0.04339070773473064,0.008895880445415116,0.07264130645777518
891,1.042076335973322,-0.9007071619129916,2.616578276386578,0.9846831955397783,-0.8570702847035119,2.607143074424953,0.05739314043354371,-0.04363687720947973,0.009435201961625062,0.07271294697284889
892,1.0246538135045318,-0.8906153524875873,2.6047896478770793,0.9672262106648,-0.8465955732350124,2.5952570487522775,0.057427602839731806,-0.04401977925257483,0.009532599124801866,0.07298315544999108
893,1.0073514674778237,-0.8803188614043959,2.5930010193675805,0.9496725039747743,-0.8357822348250097,2.5837988111854746,0.05767896350304935,-0.044536626579386174,0.009202208182105931,0.07345103520907383
894,0.9901717024028672,-0.8698191195683557,2.5812123908580817,0.9320238308257422,-0.8246345946646914,2.572754608838554,0.05814787157712498,-0.045184524903664314,0.008457782019527738,0.07412388506014458
895,0.9731169057542386,-0.8591175861301931,2.569423762348583,0.9142819560703085,-0.8131571116614865,2.562111092499413,0.058834949683930104,-0.04596047446870655,0.007312669849170117,0.07501594269235157
896,0.9551921121435201,-0.847573431535104,2.5596298937285242,0.8964486538811698,-0.8013543766555692,2.5518553312912466,0.05874345826235028,-0.046219054879534816,0.007774562437277588,0.07514944273691634
897,0.9373812383237614,-0.8358542803252763,2.5498360251084655,0.8785257075736812,-0.7892311105835723,2.5419748224863588,0.05885553075008021,-0.046623169741703996,0.007861202622106767,0.07549497972251663
898,0.9196859926978753,-0.823961256591098,2.540042156488407,0.8605149094275374,-0.7767921625902832,2.532457497190761,0.05917108327033793,-0.047169094000814815,0.007584659297645846,0.07605042788113907
899,0.9021080725778227,-0.8118955011006522,2.530248287868348,0.8424180605075443,-0.7640425080890486,2.523291722537723,0.05969001207027835,-0.04785299301160362,0.006956565330625164,0.07681927025374438
900,0.884649164021808,-0.7996581711902964,2.5204544192482894,0.8242369704835132,-0.750987246771676,2.5144663009541306,0.060412193538294856,-0.04867092441862031,0.005988118294158795,0.07780970101842241
901,0.8663525173992994,-0.7865645646807404,2.5123515843660065,0.8059734574492955,-0.7376316005686248,2.505970466995288,0.06037905995000392,-0.04893296411211567,0.00638111737071867,0.07797938519982481
902,0.8481625655858077,-0.7733231349211226,2.5042487494837236,0.7876293477409753,-0.7239809115603028,2.4977938821817167,0.060533217844832454,-0.04934222336081984,0.006454867302006839,0.07836192175237597
903,0.8300805028530586,-0.7599347512851131,2.4961459146014406,0.7692064757542365,-0.710040639840307,2.489926628215464,0.06087402709882206,-0.049894111444806155,0.0062192863859764635,0.07895409460721876
904,0.8121075163892582,-0.7464002927947233,2.4880430797191577,0.7507066837609222,-0.6958163613314545,2.482359198903139,0.061400832628335955,-0.05058393146326878,0.005683880816018672,0.07975652243462163
905,0.7942447862211475,-0.7327206480625927,2.479940244836875,0.732131821724822,-0.6813137655554999,2.475082491068045,0.06211296449632542,-0.0514068825070928,0.004857753768829909,0.08077305057566173
906,0.7755999344351518,-0.7182008572333696,2.4732804832050928,0.7134837471166572,-0.6665386533573856,2.4680877946939646,0.062116187318494664,-0.05166220387598397,0.005192688511128196,0.08095905168839154
907,0.7570521937508897,-0.7035572190462419,2.4666207215733107,0.6947643247283485,-0.6514969345849919,2.4613667825080277,0.06228786902254124,-0.052060284461249995,0.005253939065283042,0.08134897492444038
908,0.738602386802598,-0.6887903829796735,2.4599609599415286,0.6759754264865352,-0.6361946257252741,2.454911499179146,0.06262696031606285,-0.05259575725439947,0.005049460762382552,0.08193867764117423
909,0.7202513318809313,-0.6739010039762328,2.4533011983097466,0.6571189312653843,-0.6206378474977482,2.448714350281457,0.06313240061554692,-0.053263156478484563,0.00458684802828957,0.08272667659448231
910,0.701999842896668,-0.6588897424135441,2.4466414366779645,0.6381967246987043,-0.6048328224062841,2.4427680911485643,0.06380311819796369,-0.054056920007260034,0.0038733455294002184,0.08371374617137117
911,0.6830388039543027,-0.6430820339636596,2.441226673700619,0.619210698991383,-0.5887858722501876,2.4370658157238534,0.06382810496291969,-0.05429616171347196,0.004160857976765797,0.08390120916337146
912,0.6641636375530502,-0.6271718882215405,2.435811910723274,0.6001627527301665,-0.5725034155955617,2.431600945494345,0.06400088482288369,-0.05466847262597874,0.004210965228928831,0.08427625635686874
913,0.6453748971049837,-0.6111597716660805,2.4303971477459285,0.5810547906938144,-0.5559919652079778,2.426367218580206,0.06432010641116936,-0.05516780645810271,0.0040299291657226455,0.0848339748404115
914,0.6266731334882035,-0.5950461537659155,2.424982384768583,0.5618887236626036,-0.5392581254474379,2.4213586790388097,0.06478440982559996,-0.05578802831847762,0.003623705729773441,0.08557134510646976
915,0.6080588950306849,-0.5788315069656588,2.419567621791238,0.5426664682272655,-0.5223085896267315,2.4165696664309295,0.06539242680341939,-0.056522917338927225,0.0029979553603083353,0.08648697823421839
916,0.5888196664429879,-0.5618883444208596,2.415242331418798,0.5233899465973252,-0.5051501373341961,2.4119948056869718,0.0654297198456627,-0.05673820708666344,0.003247525731826073,0.08666498027386775
917,0.569653901689403,-0.5448621253725979,2.410917041046358,0.504061086408882,-0.48778963172197237,2.4076289973029317,0.06559281528052097,-0.057072493650625555,0.0032880437434261722,0.08700860980146691
918,0.5505619593251202,-0.5277531683492125,2.406591750673918,0.48468182053184755,-0.470234016760835,2.4034674078887996,0.06588013879327265,-0.057519151588377504,0.003124342785118195,0.08751232487316594
919,0.5315441965242523,-0.5105617934269129,2.402266460301478,0.46525408687666003,-0.4524903144626965,2.3995054610862865,0.0662901096475923,-0.05807147896421638,0.002760999215191351,0.08817198207394185
920,0.5126009690731529,-0.49328832222379165,2.397941169929038,0.44577982820049183,-0.43456562207189353,2.395738828867818,0.06682114087266106,-0.05872270015189812,0.002202341061219748,0.08898466545873891
921,0.49312568964534376,-0.47537480816282135,2.394585486707939,0.426260991912989,-0.416467109226396,2.3921634232246705,0.06686469773235476,-0.058907698936425335,0.002422063483268566,0.08914522526944826
922,0.47371063183494266,-0.45739604221455316,2.39122980348684,0.40669952988151115,-0.3982020150900286,2.388775388248735,0.06701110195343152,-0.05919402712452454,0.002454415238105412,0.08944520549695878
923,0.45435601426713623,-0.43935222683066655,2.3878741202657414,0.38709739823596034,-0.3797776454569147,2.385571092609647,0.06725861603117589,-0.05957458137375182,0.0023030276560942475,0.08987856314311919
924,0.4350620548865178,-0.4212435651953366,2.3845184370446426,0.367456557173166,-0.3612013698292525,2.382547122426782,0.06760549771335178,-0.06004219536608413,0.00197131461786082,0.09044033738753754
925,0.415828970954633,-0.4030702612229462,2.381162753823544,0.3477789707608671,-0.3424806184696126,2.379700274533819,0.06805000019376589,-0.06058964275333362,0.0014624792897248717,0.09112653938903313
926,0.39616261074239545,-0.38436224179429085,2.3786867173887702,0.328066606741307,-0.3236228794289322,2.377027550132213,0.06809600400108845,-0.06073936236535865,0.0016591672565571258,0.09126384134722706
927,0.37654263250535586,-0.36560558513809227,2.3762106809539967,0.30832143633446063,-0.3046356955513944,2.3745261488288225,0.06822119617089523,-0.060969889586697856,0.0016845321251741652,0.0915111834241184
928,0.3569691565287604,-0.34680040624678504,2.373734644519223,0.28854543404091454,-0.2855266614573912,2.3721934630521706,0.06842372248784584,-0.06127374478939385,0.0015411814670525104,0.09186214040574003
929,0.3374423028127614,-0.32794682041028167,2.3712586080844495,0.2687405774444146,-0.26630342050577305,2.370027072841291,0.06870172536834679,-0.06164339990450862,0.0012315352431584436,0.09231117212683446
930,0.3179621910716816,-0.30904494321526554,2.368782571649676,0.2489088470141234,-0.2469736617366209,2.3680247410007484,0.0690533440575582,-0.06207128147864466,0.0007578306489275377,0.09285355468276428
931,0.2981516446161802,-0.28972697569920325,2.367121651356451,0.22905222590655416,-0.22754511679571235,2.366184408615277,0.06909941870962605,-0.0621818589034909,0.0009372427411742379,0.09296338885097591
932,0.2783732110754352,-0.27037613110545095,2.365460731063226,0.20917269976727051,-0.20802555684197999,2.36450419091746,0.06920051130816471,-0.06235057426347096,0.0009565401457662936,0.09315159604293692
933,0.2586269450113328,-0.25099246281632426,2.363799810770001,0.1892722565323201,-0.1884227894391479,2.3629823735019793,0.06935468847901272,-0.06256967337717637,0.0008174372680218589,0.09341148240036973
934,0.23891290089702022,-0.23157602430468793,2.362138890476776,0.16935288622944283,-0.16874465543281053,2.361617408880159,0.06956001466757739,-0.0628313688718774,0.0005214815966172459,0.0937371244380961
935,0.21923113311675532,-0.21212686913380854,2.360477970183551,0.14941658077906955,-0.1489990258141988,2.3604079133688436,0.06981455233768577,-0.06312784331960974,7.005681470761971e-05,0.09412332988294639
936,0.19932459157940807,-0.19239013979263941,2.359589812719505,0.12946533379513178,-0.12919379857188856,2.3593526643079974,0.06985925778427629,-0.06319634122075085,0.00023714841150779264,0.09420270527553135
937,0.1794355872146116,-0.1726357380947442,2.358701655255459,0.10950114038569836,-0.10933689553270708,2.3584505976018466,0.06993444682891325,-0.06329884256203712,0.00025105765361255195,0.09432726728208071
938,0.15956413571128256,-0.15286367962286174,2.357813497791413,0.08952599695348055,-0.08943625919312186,2.3577008055788626,0.070038138757802,-0.06342742042973988,0.00011269221255050255,0.09449016479275968
939,0.1397102527444914,-0.13307397997365894,2.356925340327367,0.06954190099617216,-0.06949984954232696,2.357102535166389,0.07016835174831923,-0.06357413043133198,-0.0001771948390216771,0.09468526308347482
940,0.11987395397545011,-0.11326665475771852,2.356037182863321,0.04955085090671553,-0.04953564087836742,2.3566551863762744,0.07032310306873459,-0.0637310138793511,-0.000618003512953269,0.09490712767568056
941,0.09992046112555994,-0.09330688325876922,2.3558994721518802,0.029554845773460472,-0.029551618618522946,2.356358311098441,0.07036561535209947,-0.06375526464024628,-0.00045883894656073565,0.09495401058621133
942,0.07996971713919582,-0.07334436413939346,2.3557617614404394,0.009555885180257023,-0.009555776105247387,2.3562116121999095,0.0704138319589388,-0.06378858803414608,-0.0004498507594701273,0.09501207323407626
943,0.06002172239470843,-0.053379097778165255,2.3556240507289985,-0.010444030993501241,0.010443888591061618,2.3562149429274206,0.07046575338820968,-0.06382298636922687,-0.0005908921984221216,0.09507441897400509
944,0.04007647727039634,-0.033411084553710696,2.3554863400175576,-0.030442902772863486,0.030439375871184192,2.3563683066123997,0.07051938004325983,-0.0638504604248949,-0.0008819665948420763,0.09513486281711452
945,0.020133982144505975,-0.013440324844707988,2.3553486293061168,-0.050438730287320994,0.05042268780681477,2.3566718566776563,0.07057271243182697,-0.06386301265152275,-0.0013232273715395593,0.09518793545187694
946,0.00018310952736137406,0.006544327679180683,2.3559579604360867,-0.07042951397077836,0.07038583133961263,2.3571258969458246,0.07061262349813974,-0.06384150366043194,-0.001167936509737899,0.0952010728017587
947,-0.019779936656210098,0.026516819806070922,2.3565672915660567,-0.09041325476152971,0.09032082147833986,2.3577308822501957,0.07063331810531961,-0.06380400167226893,-0.0011635906841389598,0.09519122963404972
948,-0.03975514899424053,0.04647714412048769,2.3571766226960267,-0.11038795430214902,0.11021968449273731,2.3584874193492102,0.0706328053079085,-0.06374254037224962,-0.0013107966531835658,0.09515157816157742
949,-0.0597425200702449,0.06642529321147364,2.3577859538259966,-0.1303516151393278,0.1300744611029139,2.359396268146511,0.0706090950690829,-0.06364916789144026,-0.0016103143205143944,0.0950760432073106
950,-0.07974204246322385,0.08636125967259195,2.3583952849559666,-0.1503022409236186,0.14987720966295232,2.3604583432190505,0.07056019846039475,-0.06351594999036037,-0.002063058263083839,0.09495932665802308
951,-0.09964044214067261,0.10617226695404404,2.3597669930887086,-0.17023783660906852,0.16962000933746174,2.3616747156563527,0.07059739446839591,-0.0634477423834177,-0.0019077225676440435,0.094938124716438
952,-0.11956599800916082,0.12595596080936328,2.3611387012214506,-0.1901564086527219,0.18929496326980613,2.3630466152146,0.07059041064356109,-0.06333900246044286,-0.0019079139931492684,0.09486029434550487
953,-0.13951867257710315,0.14571230401388946,2.3625104093541927,-0.21005596521397318,0.2088942017407418,2.364575432789753,0.07053729263687003,-0.06318189772685234,-0.0020650234355601427,0.09471919644240696
954,-0.1594984283018882,0.16544125939442492,2.3638821174869347,-0.22993451635375262,0.22840988531620351,2.366262723214435,0.07043608805186441,-0.0629686259217786,-0.002380605727500207,0.0945090346694785
955,-0.17950522758994916,0.18514278982930446,2.3652538256196767,-0.24979007423350463,0.2478342079829598,2.3681102083837824,0.07028484664355547,-0.06269141815365534,-0.002856382764105714,0.09422490382228924
956,-0.19930121300419482,0.2045833088641368,2.3674227592361157,-0.269620653313991,0.267159400270935,2.3701197807158785,0.07031944030979617,-0.06257609140679818,-0.0026970214797628067,0.09416934122153159
957,-0.2191393170177948,0.22398084602766077,2.3695916928525547,-0.2894242705538291,0.28637773236087966,2.3722935069527646,0.07028495353603428,-0.06239688633321888,-0.002701814100209976,0.09402470907732302
958,-0.23901944630692795,0.24333531006860118,2.3717606264689937,-0.30919894560779787,0.30548151717619876,2.3746336323082975,0.07017949930086992,-0.06214620710759758,-0.0028730058393038327,0.09378468607685311
959,-0.2589415073500749,0.26264660993831046,2.3739295600854327,-0.32894270102487083,0.3244631134576801,2.3771425849693415,0.07000119367479596,-0.061816503519369626,-0.0032130248839088438,0.0934439444381558
960,-0.2789054064284578,0.281914654791197,2.3760984937018717,-0.3486535624459593,0.3433149288198954,2.379822980956867,0.0697481560175015,-0.06140027402869841,-0.0037244872549955232,0.09299822968182572
961,-0.2985490984555155,0.3007915320073315,2.3791207702277513,-0.3683295588013468,0.36202942278805417,2.3826776293535232,0.0697804603458313,-0.06123789078072267,-0.0035568591257719717,0.09290878946681223
962,-0.31824975182441373,0.3196089544324521,2.382143046753631,-0.38796872250779796,0.38059910981409556,2.3857095379040607,0.06971897068338423,-0.060990155381643485,-0.0035664911504298402,0.0926998046694474
963,-0.33800718658646,0.3383667501854289,2.3851653232795105,-0.40756908966530103,0.3990165622707952,2.388921918994649,0.06956190307884103,-0.060649812085366295,-0.003756595715138644,0.09236541602411215
964,-0.3578212222743123,0.35706474792977105,2.38818759980539,-0.4271287002534774,0.4172744134227364,2.39231819601659,0.06930747797916509,-0.06020966549296536,-0.004130596211199933,0.0919009910048157
965,-0.37769167790362734,0.3757027768751915,2.3912098763312697,-0.4466455983275678,0.4353653603728932,2.3959020101191086,0.06895392042394044,-0.059662583497701704,-0.004692133787838948,0.09130324819487157
966,-0.39713337211076943,0.39382849573445405,2.3951656989268,-0.4661178322140288,0.45328216698369495,2.3996772273548608,0.06898446010325937,-0.05945367124924089,-0.004511528428060796,0.09118085681494881
967,-0.4166466161423373,0.41187716508079447,2.3991215215223303,-0.4855434547056987,0.47101766677138485,2.4036479462203655,0.06889683856336143,-0.059140501690590375,-0.004526424698035214,0.09091128546438881
968,-0.4362311046450975,0.42984850247939393,2.4030773441178606,-0.5049205232565162,0.48856476577251795,2.407818505591774,0.06868941861141864,-0.058716263293124016,-0.004741161473913458,0.09048930553609022
969,-0.45588653115094674,0.4477422267055635,2.407033166713391,-0.5242471001757738,0.5059164453814522,2.4121934930541324,0.06836056902482707,-0.05817421867588868,-0.0051603263407415945,0.08991126783607943
970,-0.4756125880817074,0.4655580577491449,2.410988989308921,-0.5435212528218883,0.5230657651576994,2.416777753619516,0.06790866474018092,-0.05750770740855454,-0.005788764310594718,0.08917529338570088
971,-0.4948028242905926,0.4827526099941247,2.415986621580217,-0.5627410537956501,0.5400058656019979,2.4215763988259873,0.06793822950505751,-0.0572532556078732,-0.0055897772457704775,0.08902125541487081
972,-0.5140787525406357,0.49985104216661747,2.4209842538515125,-0.5819045811329816,0.5567299709000376,2.4265948162052435,0.06782582859234587,-0.05687892873342015,-0.00561056235373103,0.08869630188471714
973,-0.5334398913909263,0.5168529272114564,2.425981886122808,-0.6010099184971187,0.5732313916326847,2.431838679101828,0.06757002710619242,-0.05637846442122829,-0.005856792979019865,0.08819604207461
974,-0.5528857572723103,0.5337578404848622,2.430979518394104,-0.620055155370246,0.589503527451662,2.4373139568209106,0.06716939809793576,-0.05574568696679982,-0.006334438426806699,0.08751819677314208
975,-0.5724158644994678,0.5505653597650497,2.4359771506653995,-0.6390383872445473,0.605539869719601,2.4430269250746033,0.06662252274507952,-0.05497450995455133,-0.007049774409203735,0.08666289056385303
976,-0.5913054399082486,0.5666580222724773,2.4421581089334077,-0.6579577158126543,0.6213340041134094,2.4489841766885143,0.0666522759044057,-0.05467598184093214,-0.006826067755106635,0.08647880708303202
977,-0.6102941219292239,0.5826336224429958,2.448339067201416,-0.6768112491574763,0.6368796131899154,2.455192632520491,0.06651712722825232,-0.0542459907469196,-0.006853565319075106,0.08610532552866415
978,-0.6293811851164413,0.5984915499428034,2.454520025469424,-0.69559710194139,0.6521704789127604,2.4616595525321086,0.06621591682494876,-0.05367892896995696,-0.007139527062684614,0.08553916005555014
979,-0.6485659002653816,0.61423119893368,2.460700983737432,-0.7143133955947752,0.6672004851395333,2.4683925469401653,0.06574749532939361,-0.052969286205853394,-0.0076915632027332315,0.08477994201311939
980,-0.6678475344408186,0.6298519680961318,2.46688194200544,-0.7329582585038568,0.6819636200681355,2.4753995873599552,0.0651107240630382,-0.052111651972003736,-0.008517645354515047,0.08383066826436274
981,-0.6863874351588249,0.6446829695169649,2.4744273034895983,-0.7515298261978846,0.6964539786414377,2.4826890178342347,0.06514239103905961,-0.051771009124472744,-0.008261714344636406,0.08361832586200446
982,-0.7050387123231271,0.6593736598315373,2.4819726649737563,-0.7700262415355653,0.7106657649092125,2.490269565621063,0.06498752921243822,-0.05129210507767523,-0.008296900647306593,0.08320515342686453
983,-0.7238003040753,0.6739232026663856,2.4895180264579144,-0.7884456548907789,0.7245932943464408,2.4981503515899917,0.06464535081547884,-0.05067009168005521,-0.008632325132077234,0.0825893250372433
984,-0.7426711422764656,0.6883307696838844,2.4970633879420725,-0.8067862243375392,0.7382309961270456,2.5063409000487984,0.06411508206107364,-0.049900226443161166,-0.009277512106725894,0.08177315315962454
985,-0.7616501525681039,0.7025955406294052,2.5046087494262306,-0.8250461158341854,0.7515734153521484,2.514851147791886,0.06339596326608155,-0.048977874722743175,-0.010242398365655436,0.08076377340783346
986,-0.7797913624824921,0.7160176097071151,2.5137460488916266,-0.8432235034067843,0.7646152152319554,2.523691452126122,0.06343214092429217,-0.04859760552484027,-0.00994540323449522,0.08052499494246464
987,-0.7980544548532053,0.7292733591217472,2.5228833483570225,-0.8613165693317297,0.7773511792204058,2.5328725975898596,0.06326211447852448,-0.048077820098658575,-0.00998924923283706,0.08008343782561192
988,-0.816437904900859,0.7423616821552812,2.5320206478224185,-0.8793235043175001,0.7897762131017095,2.542405801035813,0.06288559941664107,-0.047414530946428335,-0.010385153213394283,0.07943920799029741
989,-0.8349401777974474,0.7552814860680689,2.5411579472878145,-0.8972425076856059,0.8018853470279821,2.5523027146979134,0.062302329888158425,-0.0466038609599132,-0.011144767410098844,0.07859838424859025
990,-0.8535597287944856,0.768031692190066,2.5502952467532105,-0.9150717875506427,0.8136737375071053,2.5625754268059584,0.06151205875615706,-0.045642045317039304,-0.012280180052747891,0.07757404524241013
991,-0.8712528547342867,0.7799114995771462,2.56130447664735,-0.9328095609994818,0.8251366693400644,2.5732364592495207,0.06155670626519505,-0.04522516976291813,-0.011931982602170876,0.07731051852835276
992,-0.889075693342344,0.7915958032802743,2.572313706541489,-0.9504540542695596,0.836269557506963,2.584298761724097,0.0613783609272156,-0.04467375422668862,-0.011985055182607951,0.07685498718071772
993,-0.9070260844564217,0.8030831871394231,2.5833229364356285,-0.9680035029262528,0.8470679490009707,2.5957757017178724,0.06097741846983107,-0.04398476186154765,-0.012452765282243927,0.07621007940185216
994,-0.9251018524546758,0.8143722588616279,2.594332166329768,-0.9854561520393205,0.8575275246094671,2.6076810496170584,0.060354299584644666,-0.04315526574783923,-0.013348883287290558,0.07538707531889913
995,-0.9433008065193431,0.825461650189736,2.605341396223907,-1.0028102563583978,0.8676441006416691,2.620028958122165,0.05950944983905471,-0.04218245045193303,-0.01468756189825804,0.07440738015003562
996,-0.9605244272356603,0.8356984281942594,2.618533822150892,-1.0200640804875087,0.8774136306020465,2.632833935077795,0.0595396532518484,-0.04171520240778703,-0.01430011292690292,0.07409198101680883
997,-0.9778815931916602,0.8457071006571449,2.631726248077877,-1.0372158990586215,0.8868322068088755,2.646110808726245,0.05933430586696131,-0.041125106151730595,-0.014384560648367906,0.07361215792076609
998,-0.9953692835882243,0.8554859256932811,2.644918674004862,-1.054263996904172,0.8958960619572528,2.659874684302496,0.058894713315947755,-0.04041013626397172,-0.014956010297634048,0.07297430104813181
