timestep,px,py,theta,px_ref,py_ref,theta_ref,error_px,error_py,error_theta,error_norm
0,0.0,0.0,0.7853981633974483,0.0,0.0,0.7853981633974483,0.0,0.0,0.0,0.0
1,0.0002813238278802436,0.0002813238278802436,0.785304425279473,0.01999966666833333,0.01999866669333308,0.7853231571470295,-0.019718342840453085,-0.019717342865452837,-1.8731867556520676e-05,0.02788524708390323
2,0.0005626740252906427,0.0005626212837583857,0.7852106871614977,0.03999733338666616,0.03998933418663416,0.7850980633706443,-0.03943465936137552,-0.03942671290287578,0.00011262379085341667,0.05576352511626017
3,0.0008440505897590197,0.0008438923651627121,0.7851169490435224,0.05999100040499132,0.0599640064794446,0.7847226568420766,-0.0591469498152323,-0.05912011411428189,0.00039429220144571175,0.0836283745607401
4,0.001125453518812965,0.0011251370696217402,0.785023210925547,0.07997866837326832,0.07991469396917268,0.7841965616812204,-0.07885321485445536,-0.07878955689955094,0.0008266492443266271,0.11147334712066208
5,0.0014068828099798377,0.0014063553946642195,0.7849294728075717,0.09995833854135666,0.09983341664682815,0.7835192505983565,-0.09855145573137683,-0.09842706125216394,0.0014102222092152727,0.1392920117601513
6,0.027472656720526453,0.027447707183941537,0.7838585799566354,0.11992801295888919,0.11971220728891936,0.7826900438339384,-0.09245535623836273,-0.09226450010497783,0.0011685361226970725,0.1306219596907582
7,0.05356630317693945,0.05346113039535981,0.7827876871056991,0.13988569467506554,0.1395431146442365,0.7817081077917023,-0.08631939149812609,-0.08608198424887668,0.0010795793139968257,0.12191107764401816
8,0.07968779225472791,0.07944659519642903,0.7817167942547628,0.1598293879383454,0.15931820661424598,0.7805724533623122,-0.08014159568361748,-0.07987161141781694,0.0011443408924506349,0.11315237154064997
9,0.10583709399747067,0.10540407178672224,0.7806459014038265,0.17975709839602208,0.17902957342582415,0.7792819339341677,-0.07392000439855141,-0.0736255016391019,0.0013639674696588333,0.10433955122171815
10,0.13201417841685067,0.13133353039790968,0.7795750085528902,0.1996668332936563,0.19866933079506124,0.7778352430874435,-0.06765265487680563,-0.06733580039715156,0.001739765465446741,0.09546736882767835
11,0.1553167670700777,0.15436629804680604,0.7777700587350435,0.21955660167434962,0.21822962308086932,0.7762309119668949,-0.06423983460427193,-0.06386332503406328,0.0015391467681485915,0.0905960794249096
12,0.17866089073241684,0.17735696819682492,0.7759651089171967,0.23942441457783872,0.23770262642713458,0.7744673063284713,-0.060763523845421885,-0.06034565823030966,0.0014978025887254498,0.08565073093650331
13,0.20204647335237916,0.2003054659479734,0.77416015909935,0.2592682852393897,0.2570805518921551,0.7725426232543283,-0.05722181188701056,-0.05677508594418171,0.001617535845021667,0.08062482596453509
14,0.22547343874340897,0.22321171653764965,0.7723552092815033,0.279086229288473,0.27635564856411376,0.7704548875304338,-0.053612790545064015,-0.053143932026464114,0.001900321751069467,0.07551304552208137
15,0.24894171058413198,0.2460756453408864,0.7705502594636565,0.29887626494719843,0.29552020666133955,0.7682019476806334,-0.04993455436306646,-0.049444561320453134,0.0023483117830230826,0.07031172684439185
16,0.27288020256886214,0.26931361428587736,0.7679320631191335,0.31863641322849195,0.31456656061611776,0.765781471650788,-0.045756210659629815,-0.04525294633024041,0.0021505914683455085,0.06439010024188314
17,0.2968794540008661,0.29248882798273046,0.7653138667746106,0.33836469813399206,0.33348709214081446,0.7631909421364422,-0.04148524413312593,-0.040998264158084,0.002122924638168322,0.058364286629585704
18,0.320939300366519,0.31560112756655667,0.7626956704300876,0.35805914685164836,0.35227423327509,0.760427651547437,-0.03711984648512934,-0.03667310570853333,0.002268018882650602,0.05222971946163303
19,0.3450595767368207,0.33865035460373993,0.7600774740855646,0.37771778995300115,0.3709204694129827,0.7574886966029721,-0.032658213216180454,-0.032270114809242745,0.0025887774825924526,0.04598500809100276
20,0.36924011776852644,0.3616363510930233,0.7574592777410416,0.39733866159012243,0.38941834230865047,0.7543709725508718,-0.02809854382159599,-0.02778199121562719,0.0030883051901697822,0.039634641789058296
21,0.38835176344014743,0.3797088430011572,0.7545101181735793,0.4169197996921991,0.40776045305957015,0.7510711670052485,-0.028568036252051676,-0.028051610058412946,0.003438951168330817,0.040185220010670056
22,0.4075166245848143,0.39772489310523923,0.7515609586061169,0.43645924616173865,0.4259394650659996,0.7475857533974175,-0.028942621576924343,-0.028214571960760382,0.003975205208699428,0.040614525371167935
23,0.4267345345154602,0.4156843447100277,0.7486117990386546,0.4559550470703768,0.44394810696551984,0.7439109840358401,-0.029220512554916644,-0.028263762255492153,0.004700815002814496,0.04092403050162227
24,0.4460053260836244,0.4335870416125484,0.7456626394711923,0.47540525285426916,0.46177917554148284,0.7400428827720981,-0.029399926770644735,-0.028192133928934437,0.005619756699094203,0.041118533229472856
25,0.46532883168090655,0.4514328281034532,0.7427134799037299,0.4948079185090459,0.479425538604203,0.7359772372714972,-0.029479086828139323,-0.027992710500749807,0.006736242632232714,0.041206617990318925
26,0.4569770779586473,0.4437652692490868,0.7412006455491321,0.5141611037843102,0.49688013784373675,0.7317095908888981,-0.057184025825662954,-0.05311486859464992,0.009491054660234033,0.0786211307093746
27,0.4486137340515549,0.4361103539840989,0.7396878111945343,0.5334628733776623,0.5141359916531132,0.7272352341528829,-0.08484913932610738,-0.07802563766901427,0.01245257704165137,0.11594155102039883
28,0.4402388191005416,0.4284680998280441,0.7381749768399365,0.5527112971282275,0.5311861979208834,0.7225491958644261,-0.11247247802768595,-0.10271809809283927,0.015625780975510373,0.15311835624964457
29,0.4318523522730016,0.4208385242715,0.7366621424853387,0.5719044502096711,0.5480239367918736,0.7176462338199793,-0.14005209793666945,-0.12718541252037358,0.019015908665359404,0.19013764508063452
30,0.4234543527627679,0.41322164477602696,0.7351493081307409,0.5910404133226791,0.5646424733950353,0.712520825173375,-0.1675860605599112,-0.1514208286190083,0.02262848295736586,0.22699207755912784
31,0.4179233058409437,0.4082202851141326,0.7413897653727408,0.610117272886887,0.5810351605373051,0.7071671564563529,-0.19219396704594327,-0.17281487542317248,0.03422260891638795,0.2607195602509098
32,0.4124235771859453,0.4031845067988735,0.7476302226147408,0.6291331212322355,0.597195441362392,0.7015791132839158,-0.21670954404629023,-0.19401093456351848,0.04605110933082501,0.29448934425809103
33,0.4069553809746967,0.3981145059394722,0.7538706798567407,0.6480860567897367,0.6131168519734339,0.6957502697783335,-0.24113067581504005,-0.21500234603396173,0.05812041007840718,0.32824989518171604
34,0.40151893015614837,0.39301047997788563,0.7601111370987407,0.6669741842816288,0.6287930240184685,0.6896738777545541,-0.26545525412548043,-0.23578254404058285,0.07043725934418654,0.36196865543993306
35,0.3961144364429842,0.3878726276811167,0.7663515943407406,0.6857956149109028,0.6442176872376911,0.6833428557202919,-0.2896811784679186,-0.25634505955657444,0.08300873862044877,0.3956240960874145
36,0.3688945508886754,0.3616703736564371,0.8143515943407407,0.7045484665501799,0.6593846719714731,0.6767497777563413,-0.3356539156615045,-0.297714298315036,0.1376018165843994,0.46928841286296563
37,0.34296324191125666,0.3341922459858488,0.8623515943407407,0.723230863929924,0.6742879116281452,0.6698868623569647,-0.3802676220186673,-0.3400956656422964,0.192464731983776,0.545262504856143
38,0.3183802437763117,0.30550154212099384,0.9103515943407408,0.7418409388259654,0.6889214451105513,0.6627459613267954,-0.42346069504965367,-0.38341990298955747,0.24760563301394534,0.6226060807289743
39,0.2952021848376468,0.27566435275270235,0.9583515943407408,0.7603768302463229,0.7032794192004101,0.6553185488498808,-0.46517464540867604,-0.4276150664477078,0.30303304549085996,0.7007646698026596
40,0.2734824570906126,0.2447494095672747,1.0063515943407408,0.778836684617301,0.7173560908995228,0.6475957108685986,-0.5053542275266885,-0.4726066813322481,0.35875588347214227,0.7793880640892921
41,0.29124522230533956,0.2728036172946397,0.9947364595729776,0.7972186559688459,0.731145829726896,0.6395681349355568,-0.5059734336635063,-0.4583422124322563,0.3551683246374209,0.7695656164982208
42,0.30933263541088774,0.30064962035491577,0.9831213248052144,0.8155209061191403,0.7446431199708592,0.6312261007306176,-0.5061882707082526,-0.4439934996159434,0.35189522407459684,0.7597282684159743
43,0.3277422562372685,0.3282836620483154,0.9715061900374512,0.8337416048584215,0.757842562895277,0.6225594714682599,-0.505999348621153,-0.4295589008469616,0.34894671856919135,0.7498799920667889
44,0.34647160114550146,0.35570201427072484,0.959891055269688,0.8518789301319992,0.7707388788989693,0.6135576864580234,-0.5054073289864978,-0.41503686462824446,0.34633336881166454,0.7400263303059873
45,0.36551814336268196,0.3829009780166623,0.9482759205019248,0.8699310682224605,0.7833269096274834,0.6042097551231719,-0.5044129248597785,-0.40042593161082113,0.3440661653787529,0.7301745350465393
46,0.3841603040266778,0.40887508868062566,0.9351297565553157,0.8878962139310396,0.795601620036366,0.5945042528303504,-0.5037359099043618,-0.38672653135574037,0.34062550372496536,0.7206476328758071
47,0.40314230391157374,0.43460188909140085,0.9219835926087067,0.9057725707581367,0.8075581004051143,0.5844293189362826,-0.502630266846563,-0.3729562113137135,0.3375542736724241,0.711109280196964
48,0.42246086256452015,0.460076933165528,0.9088374286620976,0.9235583510829657,0.8191915683009982,0.5739726575167142,-0.5010974885184456,-0.35911463513547015,0.3348647711453834,0.7015671237467057
49,0.44211264136887124,0.4852958183278604,0.8956912647154885,0.941251776342316,0.8304973704919704,0.5631215413080933,-0.4991391349734448,-0.34520155216410997,0.3325697234073952,0.6920307858800943
50,0.46209424412116207,0.5102541862724135,0.8825451007688795,0.958851077208406,0.8414709848078965,0.5518628194639037,-0.49675683308724394,-0.331216798535483,0.3306822813049758,0.6825120438644477
51,0.48149704138489446,0.5338470721311401,0.8675583882969271,0.976354493765815,0.852108021949363,0.540182929805001,-0.4948574523809205,-0.31826094981822284,0.32737545849192606,0.6733116820454931
52,0.5012512263013679,0.5571465352813112,0.8525716758249747,0.9937602756874735,0.8624042272433384,0.5280679163262988,-0.4925090493861056,-0.30525769196202723,0.32450375949867594,0.6641160381725199
53,0.5213523621330594,0.5801473427253183,0.8375849633530223,1.0110666824096939,0.8723554823449863,0.5155034528098956,-0.48971432027663453,-0.29220813961966796,0.3220815105431267,0.6549367998347136
54,0.5417959342181908,0.6028443285428324,0.82259825088107,1.0282719833062262,0.8819578068849474,0.5024748734859666,-0.4864760490880353,-0.279113478342115,0.3201233773951033,0.6457880897658198
55,0.5625773509847103,0.6252323950510557,0.8076115384091176,1.0453744578613184,0.8912073600614354,0.4889672117755554,-0.48279710687660815,-0.26597496501037976,0.3186443266335622,0.636686685361373
56,0.5826019322103517,0.6461669669843616,0.7904231316083772,1.0623723958417668,0.900100442176505,0.4749652482411506,-0.47977046363141507,-0.2539334751921434,0.3154578833672266,0.627834041586463
57,0.6029833696850279,0.6667542728245861,0.7732347248076368,1.0792640974679386,0.9086334961158833,0.4604535689580829,-0.47628072778291075,-0.24187922329129719,0.31278115584955385,0.6190161078453478
58,0.6237156420380264,0.6869882303804911,0.7560463180068964,1.0960478735837471,0.916803108771767,0.44541663559766037,-0.4723322315457207,-0.2298148783912759,0.310629682409236,0.6102486500440784
59,0.6447926242500648,0.7068628618519547,0.738857911206156,1.1127220458255676,0.9246060124080204,0.4298388685756445,-0.46792942157550277,-0.21774315055606575,0.30901904263051144,0.6015503236624048
60,0.6662080894628287,0.7263722955960172,0.7216695044054156,1.1292849467900707,0.9320390859672264,0.4137047446598081,-0.463076857327242,-0.20566679037120916,0.30796475974560744,0.5929429126811784
61,0.6866941170529332,0.74440053254435,0.7018840225870274,1.1457349202009626,0.9390993563190677,0.3969989104388761,-0.4590408031480294,-0.1946988237747177,0.30488511214815134,0.5844493327429139
62,0.7075328090718451,0.7620199414115251,0.6820985407686393,1.1620703210746102,0.945783999449539,0.37970631302149005,-0.45453751200276504,-0.18376405803801388,0.30239222774714924,0.5760335391677693
63,0.7287160081610493,0.779223625035531,0.6623130589502512,1.178289515884539,0.9520903415905158,0.36181234924553096,-0.4495735077234897,-0.17286671655498476,0.3005007097047202,0.5677146440531058
64,0.7502354221038693,0.796004848991051,0.642527577131863,1.1943908827247842,0.958015860289225,0.3433030345211741,-0.44415546062091493,-0.16201101129817408,0.2992245426106889,0.5595149398200285
65,0.7720826270714769,0.8123570442256699,0.6227420953134749,1.210372811472079,0.963558185417193,0.3241651921901698,-0.4382901844006022,-0.15120114119152306,0.2985769031233051,0.5514600963970433
66,0.7928464203395144,0.8272666268647034,0.5999777980350413,1.2262337039468676,0.9687151001182652,0.30438666394296926,-0.43338728360735324,-0.1414484732535618,0.295591134092072,0.54332893051278
67,0.8139442106618111,0.8416997141596785,0.5772135007566076,1.2419719740731194,0.9734845416953194,0.283956541378582,-0.4280277634113083,-0.1317848275356409,0.2932569593780256,0.5353266771263417
68,0.8353650653564201,0.8556488270167895,0.554449203478174,1.2575860480369372,0.9778646024353163,0.26286541820488024,-0.4222209826805171,-0.1222157754185268,0.2915837852732937,0.5274735612437419
69,0.8570978843323918,0.8691067371333571,0.5316849061997403,1.273074364443936,0.9818535303723597,0.24110566184802507,-0.4159764801115442,-0.11274679323900261,0.2905792443517152,0.5197928131858713
70,0.8791314058417398,0.882066470743469,0.5089206089213066,1.2884353744753823,0.9854497299884603,0.2186717023624417,-0.4093039686336425,-0.10338325924499125,0.2902489065588649,0.5123107111802208
71,0.8999642282246411,0.8936899868475358,0.48290675300204067,1.3036675420430732,0.9886517628517197,0.19556033550876473,-0.40370331381843216,-0.09496177600418398,0.28734641749327594,0.5045414434276657
72,0.9210923403747214,0.904767689318384,0.4568928970827747,1.3187693439429462,0.9914583481916864,0.1717710357084244,-0.3976770035682248,-0.0866906588733024,0.2851218613743503,0.4969474271353695
73,0.9425014452674265,0.9152920820681898,0.4308790411635087,1.3337392700073958,0.9938683634116449,0.14730627331565815,-0.39123782473996926,-0.07857628134345507,0.28357276784785057,0.489545485283972
74,0.9641770557353196,0.9252560434241553,0.40486518524424275,1.34857582325629,0.99588084453764,0.12217182931261213,-0.38439876752097046,-0.07062480111348468,0.28269335593163064,0.4823544428030574
75,0.986104504271295,0.9346528309476212,0.3788513293249768,1.3632775200466682,0.9974949866040543,0.0963770991912814,-0.3771730157753732,-0.06284215565643314,0.2824742301336954,0.4753949001054399
76,1.0214099544905584,0.9487072744559581,0.35393612975901423,1.3778428902211026,0.998710143975583,0.06993537651704462,-0.35643293573054424,-0.05000286951962485,0.2840007532419696,0.45847699230789873
77,1.05705458008148,0.9618778045894396,0.3290209301930517,1.3922704772547134,0.9995258306054791,0.0428641055705861,-0.3352158971732335,-0.03764802601603945,0.28615682462246556,0.44234918317837185
78,1.0930162551753466,0.9741562459382869,0.3041057306270891,1.4065588384008205,0.9999417202299663,0.015185091651111312,-0.3135425832254739,-0.025785474291679433,0.2889206389759778,0.42714046613080037
79,1.1292726570997043,0.9855349768435042,0.27919053106112657,1.4207065448352156,0.99995764649874,-0.013075342784616575,-0.2914338877355114,-0.014422669655235754,0.29226587384574315,0.4129903937568458
80,1.1658012802348225,0.9960069341279099,0.254275331495164,1.4347121817990456,0.9995736030415051,-0.041886267855577024,-0.26891090156422304,-0.00356666891359525,0.29616159935074104,0.4000468560521521
81,1.2025794220497532,1.005565610220431,0.1977501726850367,1.4485743487402851,0.998789743470524,-0.07121213282096248,-0.2459949266905319,0.006775866749906934,0.2689623055059992,0.36455471209517387
82,1.239838842713473,1.0130312365039291,0.14122501387490938,1.4622916594537918,0.9976063813191736,-0.10101283897581732,-0.2224528167403188,0.01542485518475556,0.2422378528507267,0.3292451354035513
83,1.2774605265841859,1.0183799659542774,0.08469985506478206,1.4758627422199255,0.9960239899165367,-0.13124390617594112,-0.19840221563573968,0.022355976037740644,0.21594376124072318,0.29410021566221445
84,1.315324300863401,1.0215947134301344,0.028174696254654734,1.4892862399417186,0.994043202198076,-0.16185673736972372,-0.17396193907831758,0.027551511232058457,0.19003143362437847,0.25910188687926433
85,1.3533092194570466,1.0226652102470377,-0.02835046255547259,1.5025608102805854,0.9916648104524687,-0.19279898196781758,-0.14925159082353878,0.031000399794569033,0.164448519412345,0.22423286486974334
86,1.369736493506357,1.0221993646149148,-0.061210960653323536,1.515685125790554,0.9888897660047016,-0.22401499487154508,-0.14594863228419697,0.03330959861021321,0.16280403421822154,0.2211689087166845
87,1.38613959400244,1.021194059208825,-0.09407145875117448,1.5286578740510102,0.9857191788355535,-0.25544638373627454,-0.14251828004857026,0.0354748803732714,0.16137492498510006,0.21820126878514545
88,1.4025008102688137,1.0196503794722678,-0.12693195684902542,1.5414777577979386,0.9821543171376185,-0.28703263284555847,-0.13897694752912493,0.037496062334649305,0.16010067599653305,0.21529694166351715
89,1.4188024768520346,1.0175699921396766,-0.15979245494687636,1.5541434950536477,0.9781966068080447,-0.3187117881210078,-0.13534101820161304,0.03937338533163193,0.15891933317413146,0.212421301043076
90,1.4350269925953556,1.014955143436819,-0.1926529530447273,1.5666538192549668,0.9738476308781951,-0.3504211845928371,-0.13162682665961123,0.04110751255862377,0.15776823154810982,0.20953821601573003
91,1.4723239829500123,1.0076795327762185,-0.24733347354039947,1.579007479379901,0.9691091288804564,-0.38209819537047346,-0.10668349642988861,0.03857040389576205,0.13476472183007399,0.17615497358043994
92,1.5091675929980533,0.9983763935948509,-0.30201399403607165,1.591203240072732,0.9639829961524481,-0.41368097997668896,-0.08203564707467881,0.03439339744240277,0.1116669859406173,0.14276648390870442
93,1.5454476892894853,0.9870735349703954,-0.35669451453174383,1.6032398817675544,0.9584712830789142,-0.44510920994479974,-0.057792192478069104,0.028602251891481245,0.08841469541305591,0.10943118700658135
94,1.5810558228377554,0.9738047435707023,-0.411375035027416,1.6151162008102287,0.9525761942715953,-0.4763247508234524,-0.0340603779724733,0.021228549299107002,0.06494971579603637,0.07634936957800148
95,1.615885553297024,0.9586096826581985,-0.4660555555230882,1.6268310095787475,0.9463000876874145,-0.5072722820789922,-0.010945456281723498,0.012309594970783988,0.041216726555904026,0.04438634575569423
96,1.6295749055898747,0.9517237527282808,-0.4983264714330501,1.6383831366019965,0.9396454736853249,-0.5378998396315425,-0.008808231012121803,0.012078279042955886,0.03957336819849244,0.042302733112363614
97,1.6430349536752147,0.9443997167686577,-0.530597387343012,1.6497714266769001,0.9326150140222006,-0.5681592696408527,-0.00673647300168545,0.011784702746457154,0.03756188229784074,0.039939382682781084
98,1.6562516813137165,0.9366452014564557,-0.5628683032529739,1.660994740983941,0.9252115207881683,-0.5980065863693985,-0.004743059670224481,0.011433680668287427,0.03513828311642464,0.037254860206819895
99,1.6692113256408991,0.9284682817362656,-0.5951392191629358,1.672051957201041,0.9174379552818098,-0.6274022311885141,-0.002840631560141915,0.011030326454455786,0.03226301202557835,0.03421460557006254
100,1.681900391498697,0.919877472411529,-0.6274101350728977,1.682941969615793,0.9092974268256818,-0.6563112337819401,-0.0010415781170960425,0.010580045585847131,0.02890109870904245,0.03079441111894221
101,1.6929332917291449,0.9118769037094829,-0.655621526302089,1.6936636892360304,0.9007931915226274,-0.6847032801150899,-0.0007303975068855273,0.011083712186855554,0.02908175381300082,0.03113086187690766
102,1.7037361245686427,0.9035683063734073,-0.6838329175312804,1.704216043898726,0.8919286509533796,-0.7125526946185239,-0.00047991933008328935,0.011639655420027761,0.028719777087243492,0.030992539373231834
103,1.7143002928007764,0.8949582926327475,-0.7120443087604718,1.7145979783772067,0.8827073508159741,-0.7398383461925445,-0.00029768557643028437,0.012250941816773442,0.02779403743207276,0.030375692730797835
104,1.7246173891455414,0.8860537145931091,-0.7402556999896631,1.7248084544866769,0.8731329795075166,-0.7665434890556865,-0.0001910653411354435,0.01292073508559255,0.02628778906602336,0.02929214493847084
105,1.7346792029501064,0.8768616587831479,-0.7684670912188545,1.734846451188034,0.8632093666488738,-0.7926555501696838,-0.00016724823792757526,0.013652292134274102,0.024188458950829328,0.027775791598235462
106,1.7452780980427973,0.8666157227578677,-0.7935110277898876,1.7447109646899726,0.8529404815528762,-0.8181658750569212,0.0005671333528247668,0.013675241204991528,0.024654847267033597,0.02819920842887861
107,1.7556170977525662,0.8561075893736074,-0.8185549643609207,1.7544010085493633,0.8423304316366457,-0.8430694433909002,0.0012160892032029302,0.013777157736961754,0.024514479029979497,0.028146911560073092
108,1.765689717810547,0.8453438489741195,-0.8435989009319538,1.763915613769895,0.8313834607786832,-0.8673645649064725,0.0017741040406520359,0.013960388195436324,0.023765663974518736,0.027619678996398084
109,1.7754896410121288,0.83433125221118,-0.8686428375029869,1.7732538288989745,0.8201039476213741,-0.8910525650657036,0.0022358121131542674,0.014227304589805922,0.022409727562716752,0.026638523628978145
110,1.785010721178891,0.8230767058108095,-0.89368677407402,1.7824147201228708,0.8084964038195901,-0.914137468639516,0.002596001056020203,0.014580301991219402,0.020450694565495975,0.025249858135229612
111,1.7946486755994802,0.8110875883908796,-0.9156320149228784,1.7913973713600952,0.7965654722360865,-0.9366256880218409,0.003251304239384911,0.014522116154793041,0.020993673098962495,0.025733191544315772
112,1.804021226372996,0.7988898675414712,-0.9375772557717368,1.8002008843530102,0.7843159250844199,-0.9585257217604746,0.003820342019985823,0.014573942457051237,0.020948465988737786,0.02580374079803961
113,1.8131238599201553,0.7864894173710801,-0.9595224966205952,1.808824378757652,0.7717526620201257,-0.9798478675264842,0.004299481162503449,0.014736755350954422,0.02032537090588904,0.025471124808350464
114,1.8219521926468663,0.7738922096174267,-0.9814677374694536,1.8172669922317666,0.7588807081809217,-1.0006039525927415,0.004685200415099677,0.015011501436504981,0.019136215123287892,0.02476875062558856
115,1.8305019730552534,0.7611043107716201,-1.003412978318312,1.8255278805210422,0.7457052121767199,-1.0208070838766747,0.004974092534211216,0.015399098594900185,0.017394105558362627,0.023757709111987508
116,1.8392080947510034,0.7474430000745181,-1.0225440168797855,1.8336062175435337,0.7322314440302513,-1.0404714187339885,0.005601877207469741,0.015211556044266827,0.01792740185420305,0.0241694890880532
117,1.8476512841701906,0.7336176423078747,-1.0416750554412588,1.8415011954722713,0.7184647930691263,-1.0596119569697484,0.0061500886979193314,0.01515284923874849,0.01793690152848959,0.024272718584601272
118,1.8558284512281351,0.7196332973518024,-1.0608060940027322,1.8492120248160406,0.7044107657701763,-1.078244353954232,0.006616426412094478,0.01522253158162612,0.017438259951499724,0.024074789227661892
119,1.863736603200477,0.7054950832734153,-1.0799371325642055,1.8567379344983332,0.6900749835569364,-1.0963847542815959,0.006998668702143718,0.015420099716478841,0.016447621717390337,0.023606886686449936
120,1.87137284581847,0.6912081744536913,-1.099068171125679,1.8640781719344526,0.675463180551151,-1.1140496450750117,0.007294673884017389,0.01574499390254036,0.014981473949332802,0.022925131662865885
121,1.87909528630575,0.676070345568456,-1.115797193257578,1.871232003106772,0.6605812012792008,-1.1312557278065778,0.007863283198978,0.015489144289255186,0.015458534548999703,0.023253195562832084
122,1.8865634169538332,0.6608054520194854,-1.1325262153894773,1.8781987126381352,0.6454349983343708,-1.1480198073479873,0.008364704315698024,0.015370453685114582,0.015493591958509967,0.023372430694134368
123,1.8937751477790636,0.6454177657430283,-1.1492552375213765,1.884977603863395,0.6300306299958922,-1.16435869688339,0.00879754391566867,0.015387135747136127,0.015103459362013627,0.023286803347581014
124,1.900728460552213,0.6299115930393273,-1.1659842596532757,1.891567998899078,0.6143742578057116,-1.1802891372852227,0.00916046165313511,0.015537335233615668,0.014304877631946988,0.02302069434064253
125,1.907421409363289,0.6142912733674845,-1.1827132817851749,1.8979692387111724,0.5984721441039565,-1.1958277295646969,0.009452170652116676,0.01581912926352791,0.013114447779521976,0.022618070679320763
126,1.9141418348266477,0.5978525126502509,-1.1974741078554294,1.9041806831810315,0.5823306495240819,-1.2109908790505335,0.009961151645616173,0.015521863126168989,0.013516771195104083,0.02286604208330077
127,1.9206188872971208,0.5813163473262781,-1.212234933925684,1.9102017111693845,0.5659562304487028,-1.2257947500135267,0.010417176127736294,0.015360116877575325,0.013559816087842735,0.022985198744086856
128,1.9268511555672743,0.564686380262695,-1.2269957599959385,1.9160317205784498,0.5493554364271267,-1.2402552295333436,0.010819434988824428,0.015330943835568323,0.013259469537405089,0.022976325745865507
129,1.9328372817627733,0.5479662347639687,-1.241756586066193,1.9216701284121454,0.532534907555621,-1.2543878994917435,0.0111671533506279,0.015431327208347612,0.012631313425550461,0.022855661272910496
130,1.9385759616382334,0.5311595537824658,-1.2565174121364475,1.927116370834386,0.5155013718214642,-1.2682080156685605,0.011459590803847508,0.01565818196100166,0.011690603532112931,0.022653279997839507
131,1.9442816209270712,0.5136064865871421,-1.2697143263545445,1.932369903225468,0.4982616424118385,-1.2817304930098559,0.011911717701603264,0.015344844175303629,0.012016166655311356,0.022841661989777686
132,1.9497551437802247,0.49597965296734947,-1.2829112405726415,1.9374302002365305,0.4808226149886482,-1.2949698962289915,0.012324943543694289,0.015157037978701271,0.012058655656350004,0.022957595908140428
133,1.9549955769507534,0.4782821227422285,-1.2961081547907385,1.9422967558420892,0.4631912649303451,-1.3079404349891695,0.012698821108664271,0.015090857811883351,0.011832280198430967,0.022999932646477893
134,1.9600020077856872,0.46051697804315916,-1.3093050690088355,1.9469690833906388,0.44537464454187115,-1.3206559629989763,0.01303292439504844,0.015142333501288019,0.011350893990140776,0.022978036829257024
135,1.9647735643849713,0.442687312776989,-1.3225019832269325,1.9514467156533182,0.4273798802338298,-1.333129980429876,0.01332684873165313,0.015307432543159194,0.010627997202943495,0.022910187967921793
136,1.9694581853404487,0.4242094296390022,-1.334493105207268,1.9557292048706325,0.40921416967201735,-1.3453756391359823,0.013728980469816188,0.014995259966984864,0.01088253392871441,0.0230601880072057
137,1.9739209042652937,0.405676702409708,-1.3464842271876034,1.9598161227972284,0.3908847788984522,-1.3574057502217107,0.014104781468065264,0.0147919235112558,0.010921523034107317,0.023173811227531305
138,1.9781610794862006,0.38709179582254427,-1.3584753491679389,1.9637070607447196,0.3723990394250553,-1.3692327935620554,0.014454018741481,0.01469275639748896,0.010757444394116522,0.02324905069519067
139,1.9821781013283732,0.3684573821135729,-1.3704664711482744,1.9674016296225532,0.3537643453011427,-1.380868928933525,0.014776471705820082,0.014693036812430171,0.010402457785250618,0.023290353685984477
140,1.9859713922031874,0.34977614063725115,-1.3824575931286098,1.9708994599769205,0.3349881501559047,-1.3923260084614568,0.015071932226266904,0.014787990481346436,0.009868415332846991,0.023307368463452608
141,1.9896326019154096,0.3305670410649196,-1.3935554825027643,1.9742002020277007,0.3160779642170538,-1.4036155901318894,0.015432399887708836,0.014489076847865767,0.010060107629125126,0.02343710903049045
142,1.9930804100808261,0.3113184935407269,-1.4046533718769187,1.9773035257034395,0.29704135130683235,-1.4147489521538088,0.01577688437738667,0.014277142233894535,0.01009558027689006,0.02355138238302402
143,1.9963143920608863,0.2920328687520594,-1.4157512612510732,1.9802091206743555,0.2778859258165868,-1.4257371079907708,0.01610527138653084,0.01414694293547264,0.009985846739697601,0.02364810554700011
144,1.9993341495522752,0.27271254195280936,-1.4268491506252277,1.9829166963833729,0.2586193496611108,-1.4365908219100985,0.016417453168902307,0.014093192291698586,0.009741671284870801,0.023728695643595102
145,2.0021393106359695,0.25335989267083386,-1.4379470399993821,1.985425982075177,0.23924932921398243,-1.4473206249233783,0.01671332856079255,0.014110563456851438,0.009373584923996203,0.023797215109718283
146,2.0047777972939316,0.23361611933871904,-1.448426478793346,1.9877367268232897,0.21978361222511697,-1.457936831014273,0.01704107047064185,0.013832507113602066,0.009510352220926999,0.0239203498134815
147,2.007209239198478,0.2138457807604602,-1.45890591758731,1.9898486995551619,0.20022998472177053,-1.4684495535690345,0.017360539643316075,0.013615796038689676,0.009543635981724474,0.02403870267352239
148,2.009433369334415,0.19405104806783235,-1.469385356381274,1.99176168907528,0.18059626789423294,-1.4788687219418666,0.017671680259135014,0.013454780173599412,0.009483365560592594,0.02415064419548306
149,2.0114499434530373,0.17423409507151438,-1.479864795175238,1.9934755040862868,0.1608903149674558,-1.4892040981017618,0.017974439366750472,0.013343780104058595,0.009339302926523851,0.02425612329222945
150,2.0132587400989492,0.15439709802236629,-1.490344233969202,1.994989973208109,0.1411200080598672,-1.499465293319851,0.018268766890840338,0.013277089962499072,0.009121059350648997,0.02435616318844615
151,2.0148777166010814,0.13431704821558127,-1.500452420086315,1.9963049449950963,0.12129325503062975,-1.5096617848669232,0.01857277160598514,0.013023793184951518,0.009209364780608187,0.024482226894520523
152,2.016293640969878,0.1142216596067668,-1.510560606203428,1.997420287951166,0.10141798631660187,-1.5198029326997817,0.01887335301871218,0.012803673290164935,0.009242326496353703,0.024608090193174618
153,2.017506368533895,0.09411298543334363,-1.520668792320541,1.998335890542952,0.08150215176026913,-1.5298979961226906,0.019170477990942958,0.0126108336730745,0.009229203802149533,0.024732944732740365
154,2.0185157753832312,0.07399308029017918,-1.5307769784376541,1.9990516612109581,0.06155371742991314,-1.5399561504164885,0.019464114172273117,0.012439362860266034,0.009179171978834333,0.024856522023357704
155,2.019321758382189,0.05386399991966018,-1.5408851645547672,1.999567528378714,0.04158066243329049,-1.5499865034331373,0.019754230003475204,0.012283337486369686,0.009101338878370058,0.02497887812158875
156,2.0199266710902606,0.033646387115660446,-1.5508523533899574,1.9998834404599326,0.02159097572609596,-1.5599981121576436,0.02004323063032798,0.012055411389564487,0.009145758767686196,0.025113919274156866
157,2.0203300443230106,0.013423749381874552,-1.5608195422251476,1.9999993658636692,0.0015926529164868282,-1.56999999924253,0.020330678459341334,0.011831096465387724,0.009180457017382349,0.02525058655236429
158,2.020531838007716,-0.006801904283351035,-1.5707867310603378,1.9999152929974802,-0.018406306933053812,-1.580001169522415,0.02061654501023602,0.011604402649702777,0.009214438462077146,0.02538917023431296
159,2.0205320320973796,-0.02702856458205506,-1.580753919895528,1.9996312302685817,-0.03839790450523538,-1.5900106265178413,0.020900801828797944,0.01136933992318032,0.00925670662231326,0.025530217877391556
160,2.020330626572719,-0.04725422211627323,-1.5907211087307183,1.9991472060830102,-0.058374143427580086,-1.600037388938299,0.021183420489708782,0.011119921311306853,0.009316280207580796,0.025674559986874786
161,2.019928930721176,-0.06741216884257281,-1.6007711064744345,1.998463268842781,-0.0783270334708653,-1.610090507194452,0.021465661878394826,0.010914864628292484,0.009319400720017468,0.025821699005134913
162,2.019324671246764,-0.08756506060194724,-1.6108211042181508,1.997579486941048,-0.09824859374510869,-1.6201790799288849,0.021745184305716148,0.01068353314316145,0.009357975710734046,0.025972343566056592
163,2.0185179091806598,-0.10771086191999299,-1.6208711019618671,1.996495948755265,-0.11813085589181781,-1.6303122705732334,0.022021960425394838,0.010419993971824817,0.009441168611366235,0.026128120485384498
164,2.017508726007126,-0.12784753803845242,-1.6309210997055834,1.9952127626383473,-0.13796586727122728,-1.6404993239373136,0.022295963368778482,0.010118329232774864,0.00957822423173016,0.0262913093709317
165,2.0162972236552825,-0.14797305512072775,-1.6409710974492997,1.9937300569078378,-0.15774569414324865,-1.6507495828327603,0.022567166747444745,0.009772639022520901,0.0097784853834606,0.026465076324583437
166,2.0148981277027036,-0.1678776243832152,-1.651331600693726,1.9920479798330735,-0.17746242484086058,-1.6610725047296746,0.022850147869630133,0.00958480045764537,0.009740904035948628,0.026624854345411952
167,2.01329288917381,-0.18776663029791693,-1.6616921039381523,1.9901666996203604,-0.19710817293466984,-1.671477678439753,0.023126189553449583,0.009341542636752909,0.009785574501600669,0.026792583496608353
168,2.0114816803734086,-0.207637937997488,-1.6720526071825785,1.988086404396152,-0.21667508038737962,-1.6819748408132476,0.023395275977256658,0.009037142389891617,0.00992223363066902,0.026971459004821334
169,2.009464695714963,-0.22748941451429344,-1.6824131104270048,1.985807302188237,-0.236155320696897,-1.692573893429715,0.02365739352672591,0.008665906182603544,0.010160783002710172,0.027166370933052936
170,2.0072421516997245,-0.24731892900935892,-1.692773613671431,1.9833296209049371,-0.2555411020268312,-1.7032849192537511,0.02391253079478739,0.0082221730174723,0.010511305582320052,0.027384316737611283
171,2.0049268378142893,-0.26620621344848444,-1.703712006690065,1.980653608312316,-0.27482467032312397,-1.714118199216562,0.024273229501973193,0.008618456874639524,0.010406192526496882,0.027780502375839112
172,2.002405070018874,-0.2850670426735881,-1.714650399708699,1.977779532009403,-0.2939983124155676,-1.725084228672093,0.02462553800947087,0.008931269741979497,0.010433828963394065,0.028196621930601084
173,1.9996771500360566,-0.3038991600383421,-1.725588792727333,1.9747076794014329,-0.3130543591029702,-1.7361937336623283,0.024969470634623736,0.009155199064628083,0.01060494093499531,0.02863139720518444
174,1.996743404253959,-0.32270031233171353,-1.736527185745967,1.971438357671107,-0.33198518822073414,-1.7474576869099745,0.02530504658285193,0.009284875889020605,0.010930501164007511,0.02908659757570816
175,1.9936041836871923,-0.34146825004755516,-1.747465578764601,1.9679718937478738,-0.35078322768961984,-1.7588873234378162,0.02563228993931843,0.009314977642064681,0.011421744673215217,0.029567538744129006
176,1.990343508182739,-0.35973221264433575,-1.7591866284657522,1.964308634275237,-0.36944095854447706,-1.7704941556922353,0.026034873907502032,0.009708745900141313,0.011307527226483094,0.0299989096186961
177,1.9868689887447133,-0.37795670301188034,-1.7709076781669035,1.960448945576091,-0.3879509179417303,-1.7822899880233805,0.026420043168622342,0.009994214929849976,0.011382309856476924,0.030454227797873254
178,1.9831811027075756,-0.3961392174435817,-1.7826287278680548,1.9563932136160893,-0.40630570214441675,-1.7942869303459041,0.026787889091486328,0.010166484700835032,0.011658202477849322,0.030933187649587895
179,1.9792803567183954,-0.4142772579995469,-1.794349777569206,1.9521418439650484,-0.4244979694835826,-1.8064974107716563,0.027138512753347,0.010220711484035694,0.012147633202450159,0.031440846205608816
180,1.9751672866672476,-0.4323683328497678,-1.8060708272703574,1.9476952617563903,-0.44252044329485246,-1.818934186968815,0.027472024910857318,0.010152110445084683,0.012863359698457533,0.031988177846258514
181,1.9709824009070038,-0.44982616377352014,-1.8188756298588107,1.9430539116446306,-0.46036591482899825,-1.8316103559602837,0.027928489262373235,0.010539751055478108,0.01273472610147297,0.03245396915123767
182,1.966574320255394,-0.46722897832627336,-1.831680432447264,1.9382182577609126,-0.47802724613534286,-1.8445393620273418,0.028356062494481415,0.010798267809069506,0.012858929580077838,0.03295483178249774
183,1.9619437674645352,-0.4845739231298663,-1.8444852350357173,1.933188783666595,-0.4954973729168449,-1.8577350023321744,0.02875498379794017,0.010923449786978623,0.013249767296457104,0.03349219583542873
184,1.9570915017632389,-0.5018581542945042,-1.8572900376241706,1.9279659923048962,-0.5127693073557238,-1.871211429814701,0.02912550945834269,0.010911153061219592,0.013921392190530346,0.034075705757268336
185,1.9520183187325268,-0.5190788378850447,-1.8700948402126238,1.9225504059505998,-0.5298361409084934,-1.884983152854841,0.029467912781927064,0.010757303023448683,0.014888312642217238,0.03472375707486107
186,1.9461078206712774,-0.5382334546740075,-1.8844287503314896,1.9169425661578283,-0.5466910470692872,-1.899065031120944,0.02916525451344909,0.008457592395279656,0.014636280789454448,0.03370999340413326
187,1.9399233786343943,-0.5573013860866303,-1.8987626604503554,1.911143033705888,-0.5633272841003701,-1.9134722669486295,0.02878034492850645,0.006025898013739872,0.01470960649827413,0.032878446198229466
188,1.933466263261639,-0.5762787144741294,-1.913096570569221,1.9051523885431907,-0.5797381977287431,-1.928220391512157,0.028313874718448373,0.00345948325461376,0.01512382094293585,0.03228580935759437
189,1.9267378012155447,-0.5951615408027889,-1.9274304806880869,1.898971229729261,-0.5959172238077642,-1.9433252449633298,0.02776657148628381,0.0007556830049753049,0.015894764275242945,0.03200307923110614
190,1.9197393749088427,-0.6139459854550461,-1.9417643908069526,1.892600175374829,-0.6118578909427194,-1.958802949622059,0.02713919953401378,-0.0020880945123267214,0.017038558815106297,0.03211243959177283
191,1.9136840300581879,-0.6295133339773916,-1.9579354340613573,1.886039862580021,-0.6275538230792937,-1.9746698752097716,0.027644167478166892,-0.0019595108980978715,0.01673444114841427,0.032374082212017145
192,1.9073777476399476,-0.6449807301169466,-1.974106477315762,1.8792909473706498,-0.6429987420539088,-1.9909425950243342,0.028086800269297774,-0.001981988063037732,0.016836117708572296,0.03280627204585049
193,1.9008221767276856,-0.6603441291969299,-1.9902775205701666,1.8723541046326122,-0.6581864701049049,-2.007637831866406,0.028468072095073405,-0.0021576590920249217,0.017360311296239272,0.03341357553255903
194,1.8940190315831442,-0.6755995137354733,-2.0064485638245713,1.865230028044401,-0.6731109323435617,-2.024772392446539,0.028789003538743252,-0.0024885813919116595,0.018323828621967575,0.03421640626169233
195,1.8869700912079703,-0.690742894496181,-2.022619607078976,1.8579194300077386,-0.6877661591839738,-2.0423630889355304,0.029050661200231698,-0.0029767353122072127,0.01974348185655428,0.03525063042145029
196,1.8797511945924408,-0.705617839178525,-2.0410565786277393,1.8504230415763365,-0.7021462887308055,-2.060426646274568,0.029328153016104253,-0.003471550447719518,0.019370067646828915,0.03531843346596526
197,1.8722592914777971,-0.7203571687212584,-2.0594935501765024,1.8427416123827909,-0.7162455691239705,-2.078979593845187,0.029517679095006244,-0.004111599597287907,0.019486043668684783,0.0356076470475385
198,1.8644969284539918,-0.7349558730451071,-2.0779305217252655,1.8348759105636196,-0.7300583608392996,-2.0980381401223296,0.029621017890372192,-0.004897512205807475,0.020107618397064098,0.03613456301478867
199,1.8564667440436244,-0.7494089898710375,-2.0963674932740286,1.8268267226824504,-0.7435791389442745,-2.1176180290088564,0.02964002136117405,-0.005829850926763025,0.021250535734827825,0.03693376906215135
200,1.8481714678050758,-0.7637116064069959,-2.1148044648227917,1.8185948536513634,-0.7568024953079283,-2.137734376690414,0.029576614153712377,-0.006909111099067555,0.022929911867622277,0.038056442020159516
201,1.8400436135408011,-0.7771484949101722,-2.135922352500566,1.8101811266504018,-0.7697231407640244,-2.1584014880706035,0.029862486890399387,-0.007425354146147867,0.022479135570037556,0.038107945935869046
202,1.8316338339676321,-0.7904107569766068,-2.15704024017834,1.8015863830452545,-0.7823359072266527,-2.179632652163961,0.030047450922377594,-0.008074849749954094,0.022592411985620675,0.03845087235349857
203,1.8229458794150504,-0.8034924783190124,-2.1781581278561144,1.7928114823031196,-0.7946357497573974,-2.201439916254256,0.030134397111930777,-0.008856728561615013,0.023281788398141767,0.039096869454337616
204,1.8139836242642815,-0.8163878251619862,-2.1992760155338886,1.7838573019067592,-0.8066177485832404,-2.22383383918308,0.030126322357522328,-0.009770076578745734,0.024557823649191235,0.04007663156415072
205,1.8047510652205208,-0.8290910468435735,-2.220393903211663,1.774724737266751,-0.8182771110644103,-2.246823224830935,0.030026327953769805,-0.01081393577916323,0.02642932161927236,0.04143706817184515
206,1.795615477870134,-0.8411183677007374,-2.2445058837806533,1.7654147016319481,-0.8296091736113709,-2.270414837697643,0.030200776238185956,-0.01150919408936657,0.025908953916989663,0.041422485766167895
207,1.7861925716227438,-0.8529219366987403,-2.2686178643496437,1.7559281259981563,-0.8406094035501944,-2.294613103481373,0.03026444562458752,-0.012312533148545857,0.025995239131729075,0.041752695709539926
208,1.776487824573848,-0.8644948917213207,-2.292729844918634,1.746265959015033,-0.8512734009355746,-2.319419798686549,0.03022186555881512,-0.013221490785746082,0.02668995376791461,0.042432565425461644
209,1.7665068786697553,-0.875830504721829,-2.3168418254876246,1.7364291668912253,-0.8615969003107405,-2.3448337345377843,0.030077711778530025,-0.014233604411088452,0.02799190905015969,0.04348345906935294
210,1.7562555364275858,-0.8869221856346406,-2.340953806056615,1.7264187332977474,-0.8715757724135882,-2.3708504418018905,0.029836803129838385,-0.015346413221052457,0.029896635745275457,0.04493947094309978
211,1.7460840232855386,-0.8974085635483235,-2.368128202953416,1.7162356592696177,-0.8812060258283252,-2.3974618644663783,0.029848364015920836,-0.016202537719998356,0.02933366151296246,0.04487661708230626
212,1.7356313395531193,-0.9076146991606616,-2.3953025998502167,1.7058809631057523,-0.8904838085819884,-2.424656071515499,0.029750376447367,-0.01713089057867323,0.02935347166528235,0.04516833636058625
213,1.7249052035171424,-0.9175330562365656,-2.4224769967470174,1.6953556802671397,-0.8994054096851778,-2.4524169971891108,0.029549523250002707,-0.018127646551387766,0.02994000044209333,0.04580599873670522
214,1.7139135353822608,-0.9271563110373098,-2.4496513936438182,1.6846608632732913,-0.9079672606164054,-2.4807242209956297,0.029252672108969424,-0.019189050420904352,0.031072827351811494,0.04679165610668607
215,1.702664451422668,-0.9364773577283985,-2.476825790540619,1.6737975815969954,-0.9161659367494548,-2.509552799257385,0.02886686982567266,-0.020311420978943673,0.032727008716765926,0.04813426113760839
216,1.6913989103715887,-0.9453069673280989,-2.5066946252038544,1.6627669215573662,-0.9239981587231878,-2.5388731599736905,0.028631988814222575,-0.021308808604911134,0.03217853476983601,0.04805532444539363
217,1.6798747032711734,-0.9537962000121178,-2.53656345986709,1.6515699862112163,-0.9314607937532426,-2.5686510721830618,0.028304717059957074,-0.0223354062588752,0.0320876123159719,0.048266367635583875
218,1.6681021106471425,-0.9619374826976222,-2.5664322945303253,1.6402078952427481,-0.9385508568851079,-2.598847699706418,0.027894215404394407,-0.023386625812514383,0.03241540517609254,0.04874197382802183
219,1.6560916346052128,-0.9697235527013476,-2.5963011291935607,1.628681784851592,-0.9452655121880633,-2.6294197471130945,0.02740984975362082,-0.024458040513284263,0.033118617919533744,0.04946047373575776
220,1.6438539894623683,-0.977147464218499,-2.626169963856796,1.6169928076391802,-0.951602073889516,-2.6603197029822847,0.026861181823188085,-0.025545390328982953,0.034149739125488576,0.05040133667212995
221,1.631457576173662,-0.9841700298531223,-2.657791848424804,1.6051421324934945,-0.957558007449271,-2.691496182110619,0.026315443680167583,-0.0266120224038513,0.033704333685814714,0.05036550825427953
222,1.6188453304727972,-0.9907971520715532,-2.6894137329928123,1.593130944472173,-0.9631309305733167,-2.722894364390203,0.025714386000624145,-0.0276662214982365,0.03348063139739077,0.050473776737495354
223,1.6060298628430705,-0.9970222046776307,-2.7210356175608204,1.5809604446840095,-0.9683186141667071,-2.7544565238654024,0.02506941815906094,-0.028703590510923638,0.033420906304582054,0.050688547160796515
224,1.59302398696131,-1.0028389634886223,-2.7526575021288284,1.5686318501688397,-0.9731189832251738,-2.7861226372410264,0.02439213679247043,-0.029719980263448575,0.03346513511219795,0.05097223589602507
225,1.579840706885989,-1.0082416125585363,-2.7842793866968365,1.5561463937758424,-0.9775301176650971,-2.817831057161089,0.02369431311014658,-0.030711494893439162,0.03355167046425267,0.051286752512644126
226,1.5663241685859075,-1.0132878574512134,-2.816209751424775,1.5435053240402514,-0.9815502530915156,-2.8495192322111245,0.02281884454565608,-0.03173760435969786,0.03330948078634943,0.05135656440171707
227,1.55265341901989,-1.0179000154534577,-2.8481401161527136,1.530709905058507,-0.9851777815038595,-2.881124453092601,0.021943513961383054,-0.03272223394959817,0.03298433693988745,0.05138315758095907
228,1.538842394991771,-1.0220733846474248,-2.880070480880652,1.5177614163618436,-0.9884112519391305,-2.912584602987957,0.021080978629927305,-0.03366213270829432,0.03251412210730509,0.051329474718479394
229,1.5249051763098085,-1.0258037104435982,-2.9120008456085906,1.5046611527883416,-0.9912493710522671,-2.9438388899030694,0.020244023521466925,-0.034554339391331124,0.031838044294478784,0.05116135185475651
230,1.5108559714328613,-1.02908718991818,-2.943931210336529,1.49141042435344,-0.9936910036334646,-2.974828539761162,0.019445547079421255,-0.0353961862847153,0.030897329424632858,0.05084942743330095
231,1.4963000257785632,-1.0320024042549263,-2.9745713425733253,1.4780105561189416,-0.9957351730622453,-3.0054974311418126,0.018289469659621638,-0.03626723119268094,0.03092608856848722,0.05105134388984785
232,1.4816616037022965,-1.0344703239531976,-3.0052114748101215,1.4644628880605028,-0.9973810616980933,-3.0357926556293995,0.01719871564179365,-0.03708926225510434,0.030581180819277964,0.051055046906809905
233,1.466954446938725,-1.0364886322675488,-3.0358516070469177,1.450768774933639,-0.9986280112074989,-3.0656649915020315,0.016185672005085916,-0.03786062106004995,0.029813384455113834,0.05083542562010613
234,1.4521923617468055,-1.03805543452264,-3.066491739283714,1.4369295861382525,-0.9994755228272839,-3.095069282657533,0.015262775608553047,-0.03857991169535613,0.028577543373819125,0.05037894293235053
235,1.4373892059492417,-1.0391692598918516,-3.09713187152051,1.4229467055816887,-0.9999232575641007,-3.1239647189303588,0.014442500367553013,-0.039246002327750884,0.026832847409848704,0.04968738487480319
236,1.4219297508545354,-1.0398570526161068,-3.1251870373799266,1.4088215315403523,-0.9999710363300244,3.1308702891621083,0.013108219314183156,-0.03988601628608246,0.02712798063755173,0.049986468591347206
237,1.4064570857623113,-1.040110913996872,3.129943103940243,1.3945554765198755,-0.9996188400141854,3.1030967943149705,0.011901609242435773,-0.040492073982686616,0.026846309625272458,0.05001980306313686
238,1.3909833882898357,-1.0399306442349068,3.1018879380808264,1.3801499671138728,-0.9988668094904141,3.0759271557872387,0.010833421175962865,-0.04106383474449271,0.02596078229358767,0.049775131899311556
239,1.3755208368669005,-1.039316385209852,3.07383277222141,1.3656064438612794,-0.9977152455608932,3.0493838894183343,0.009914393005621136,-0.04160113964895873,0.024448882803075556,0.04926152534260991
240,1.3600816011509027,-1.0382686203685645,3.0457776063619932,1.350926361102302,-0.9961646088358407,3.023485121228019,0.009155240048600799,-0.042104011532723806,0.022292485133974083,0.04851310236362645
241,1.3438688176814746,-1.0367104204703106,3.0210245997440204,1.3361111868329818,-0.9942155195492712,2.998244789888664,0.007757630848492791,-0.04249490092103936,0.022779809855356437,0.04883561382553344
242,1.3276995670303495,-1.0347514237550068,2.9962715931260475,1.3211624025584014,-0.9918687573109126,2.9736728934044856,0.006537164471948076,-0.04288266644409422,0.02259869972156192,0.04891174531535414
243,1.311583755774868,-1.0323928304608638,2.9715185865080747,1.3060815031445296,-0.9891252607943699,2.9497757684852686,0.005502252630338322,-0.04326756966649392,0.021742818022806087,0.04873507468370015
244,1.2955312577511189,-1.0296360856509454,2.946765579890102,1.2908699966687416,-0.9859861273616705,2.9265563918596627,0.004661261082377299,-0.04364995828927498,0.02020918803043914,0.04832657130795827
245,1.2795519080044369,-1.026482878327807,2.922012573272129,1.2755294042690073,-0.9824526126243325,2.904014693833692,0.004022503735429561,-0.04403026570347457,0.017997879438437003,0.0477364483230647
246,1.262714852740112,-1.022725208834274,2.900724176758108,1.2600612599917844,-0.9785261299411385,2.8821478756489345,0.002653592748327549,-0.04419907889313546,0.01857630110917352,0.048017487360067786
247,1.2459616012893555,-1.018609983952899,2.879435780244087,1.2444671106386092,-0.974208249852809,2.8609507235309106,0.0014944906507463607,-0.04440173410009007,0.018485056713176462,0.04811906914196928
248,1.2292997458690627,-1.0141390686159888,2.858147383730066,1.2287485156114235,-0.9695006994538089,2.8404159136590224,0.0005512302576391459,-0.04463836916217989,0.01773147007104381,0.048034288660667314
249,1.2127368372773932,-1.009314488947192,2.8368589872160452,1.2129070467566294,-0.9644053617015306,2.820534303571183,-0.00017020947923618301,-0.04490912724566132,0.01632468364486206,0.047784453301661284
250,1.196280381471911,-1.0041384313433033,2.8155705907020243,1.1969442882079129,-0.9589242746631383,2.8012952066945758,-0.000663906736001918,-0.04521415668016493,0.014275384007448544,0.04741884989129038
251,1.1789152546851682,-0.9982675207444062,2.7975463907220273,1.1808618362278254,-0.9530596307003675,2.7826866477405034,-0.0019465815426571442,-0.04520789004403869,0.014859742981523816,0.047627244969796985
252,1.1616587612791491,-0.9920845881952097,2.77952219074203,1.1646612990481637,-0.9468137755926088,2.764695597602315,-0.0030025377690146016,-0.04527081260260091,0.01482659313971535,0.047731431686937935
253,1.1445165072498964,-0.9855916423016681,2.761497990762033,1.1483442967091446,-0.9401892075986283,2.747308187147715,-0.003827789459248221,-0.04540243470303973,0.014189803614318208,0.047721940192337484
254,1.1274940614813072,-0.9787907923815973,2.743473790782036,1.1319124608974056,-0.9331885764572977,2.7305098999059307,-0.004418399416098451,-0.04560221592429958,0.012963890876105388,0.04761456517972405
255,1.1105969539360085,-0.9716842477794361,2.725449590802039,1.1153674347828333,-0.9258146823277321,2.71428574412675,-0.004770480846824743,-0.04586956545170395,0.011163846675289246,0.04744898307474504
256,1.0927726920625644,-0.9638067374776841,2.7103227847987625,1.0987108728542532,-0.918070474669267,2.69862040504676,-0.00593818079168873,-0.04573626280841714,0.01170237975200239,0.047581650020312005
257,1.075069626452097,-0.955660514556673,2.695195978795486,1.081944440753977,-0.9099590510617106,2.6834983784538204,-0.006874814301880194,-0.0457014634949624,0.01169760034166556,0.04767306043270195
258,1.0574918078474376,-0.9472474430017048,2.6800691727922095,1.0650698151112423,-0.9014836559663549,2.6689040868100813,-0.0075780072638047535,-0.04576378703534989,0.011165085982128176,0.04771173380726644
259,1.0400432583329118,-0.9385694478572912,2.664942366788933,1.0480886833745522,-0.8926476794282345,2.654821979292142,-0.008045425041640408,-0.04592176842905671,0.010120387496790784,0.04770702173514674
260,1.0227279704140224,-0.9296285147866724,2.6498155607856564,1.0310027436429283,-0.8834546557201532,2.6412366171483908,-0.008274773228905907,-0.04617385906651916,0.008578943637265635,0.047687476416937526
261,1.0044966330248661,-0.9198624796719371,2.637182491174649,1.0138137044961069,-0.8739082619290224,2.6281327457710297,-0.009317071471240723,-0.04595421774291475,0.009049745403619358,0.04775453738686784
262,0.9863901221462666,-0.9098669122211795,2.624549421563642,0.9965232848236771,-0.8640123164850744,2.615495354844479,-0.01013316267741049,-0.045854595736105175,0.009054066719162979,0.04782573637826766
263,0.9684113274383976,-0.8996434076502514,2.6119163519526345,0.979133213653199,-0.8537707776345435,2.603309727872266,-0.010721886214801413,-0.04587263001570796,0.008606624080368608,0.04788873569663288
264,0.9505631181789121,-0.8891935975520198,2.599283282341627,0.9616452299772965,-0.8431877418564168,2.591561482308587,-0.011082111798384364,-0.046005855695603004,0.007721800033040349,0.04794766058888378
265,0.9328483428050279,-0.8785191496359769,2.58665021273062,0.9440610825797653,-0.8322674422239013,2.5802366014347324,-0.011212739774737357,-0.04625170741207563,0.006413611295887467,0.048021665752480555
266,0.9142535509713754,-0.86699175038791,2.5761353716984705,0.9263825298606904,-0.821014246711247,2.56932145902926,-0.012128978889314967,-0.04597750367666298,0.006813912669210609,0.04803615699760582
267,0.8957809936029499,-0.8552694707021392,2.565620530666321,0.9086113396606129,-0.8094326564466194,2.558802837787985,-0.012830346057662978,-0.045836814255519776,0.006817692878336334,0.04808442842789885
268,0.877432713041641,-0.8433536066040263,2.5551056896341717,0.8907492890837423,-0.7975273039117043,2.5486679423582137,-0.013316576042101236,-0.04582630269232191,0.006437747275958028,0.04815418783369189
269,0.8592107378891872,-0.8312454755217924,2.5445908486020223,0.8727981643202526,-0.7853029510887806,2.538904407763251,-0.013587426431065364,-0.04594252443301183,0.005686440838771123,0.04824592540008272
270,0.8411170827828918,-0.8189464161408628,2.534076007569873,0.8547597604676596,-0.7727644875559871,2.5295003039093875,-0.01364267768476779,-0.04618192858487569,0.004575703660485431,0.04837179184418951
271,0.8221992037974264,-0.8057941614981555,2.5253565252419103,0.836635881351318,-0.759916928531561,2.5204441367892327,-0.014436677553891553,-0.04587723296659452,0.004912388452677607,0.04834531749586741
272,0.8033967233633846,-0.7924774548098334,2.5166370429139477,0.8184283393440346,-0.7467654128678123,2.5117248469228364,-0.015031615980649948,-0.045712041942021164,0.004912195991111368,0.048370134659249435
273,0.7847110710124899,-0.7789973085303292,2.507917560585985,0.800138955184839,-0.7333152009956565,2.503331805511806,-0.015427884172349082,-0.04568210753467272,0.004585755074179243,0.04843453012516156
274,0.7661436673941563,-0.7653547475402066,2.4991980782580225,0.7817695577969044,-0.7195716728205074,2.495254808721464,-0.01562589040274809,-0.045783074719699224,0.003943269536558436,0.04853666404179635
275,0.7476959241674777,-0.7515508090682392,2.49047859593006,0.7633219841046635,-0.7055403255703919,2.4874840704519436,-0.0156260599371858,-0.04601048349784731,0.0029945254781162944,0.04868372955829586
276,0.7284947837123004,-0.7369202356328655,2.483288307323267,0.7447980788501106,-0.6912267715971265,2.480010213910566,-0.01630329513781026,-0.04569346403573893,0.003278093412701022,0.048625466417899874
277,0.7093993367458926,-0.7221519798461986,2.4760980187164745,0.7261996944083366,-0.6766367361314569,2.4728242622546763,-0.016800357662444032,-0.04551524371474169,0.003273756461798172,0.04862722395294163
278,0.6904105705033877,-0.7072468052274691,2.468907730109682,0.7075286906022854,-0.6617760549930369,2.4659176285357978,-0.017118120098897682,-0.045470750234432145,0.0029901015738840186,0.04867812516957221
279,0.6715294667045228,-0.6922054823746147,2.461717441502889,0.68878693451678,-0.6466506722561834,2.4592821051422575,-0.01725746781225712,-0.04555481011843121,0.002435336360631535,0.04877490936338915
280,0.6527570015028837,-0.6770287889244405,2.4545271528960964,0.6699763003118093,-0.631266637872321,2.452909852907744,-0.017219298808925587,-0.04576215105211956,0.0016172999883523609,0.04892130803280303
281,0.6333131220545036,-0.6610767465354312,2.4486520885939913,0.65109866903512,-0.6156301052500863,2.446793390027349,-0.017785546980616407,-0.045446641285344924,0.001858698566642225,0.04883828053771108
282,0.613963296906974,-0.6450107460641279,2.4427770242918863,0.6321559284341076,-0.5997473287940437,2.440925580900035,-0.018192631527133574,-0.045263417270084205,0.0018514433918510598,0.04881779007166384
283,0.5947081939443024,-0.6288313420491216,2.436901959989781,0.6131499727670459,-0.5836246614030073,2.435299624996844,-0.01844177882274345,-0.04520668064611433,0.001602334992937049,0.04884987879837929
284,0.5755484777810386,-0.6125390929432721,2.431026895687676,0.5940827026136648,-0.5672685519289687,2.4299090458371793,-0.018534224832626234,-0.04527054101430339,0.0011178498504968992,0.04893045025505406
285,0.5564848097393347,-0.5961345610944322,2.425151831385571,0.5749560246850888,-0.5506855425976376,2.4247476801408347,-0.0184712149457541,-0.04544901849679461,0.00040415124473636155,0.0490608031133088
286,0.5368398741107183,-0.5790279397225991,2.4204230503055437,0.5557718516331736,-0.5338822663916443,2.419809667210888,-0.018931977522455234,-0.04514567333095487,0.0006133830946555285,0.048958429634097224
287,0.5172760512915399,-0.5618286133604554,2.4156942692255163,0.5365321018592358,-0.5168654443974288,2.4150894385917674,-0.01925605056769597,-0.044963168963026656,0.0006048306337489429,0.04891674423711036
288,0.4977937787548746,-0.5445369666077936,2.410965488145489,0.5172386993222217,-0.4996418831169025,2.410581708037644,-0.019444920567347035,-0.04489508349089111,0.0003837801078447889,0.048926687448627625
289,0.47839349215022525,-0.5271533861288128,2.4062367070654616,0.49789357334630513,-0.48221847174493154,2.4062814618184905,-0.019500081196079877,-0.04493491438388125,-4.47547530288972e-05,0.04898368810459626
290,0.45907562529378,-0.5096782606434724,2.401507925985434,0.47849865842796485,-0.4646021794137574,2.402183949384547,-0.019423033134184864,-0.045076081229715015,-0.0006760233991127684,0.04908731325704899
291,0.43927256766649764,-0.49159321900238495,2.397794320528704,0.4590558940425284,-0.44680005240543,2.398284674404404,-0.019783326376030752,-0.044793166596954925,-0.0004903538757004,0.048969870565548024
292,0.4195368071446666,-0.4734347614915095,2.3940807150719734,0.4395672244502339,-0.42881921133339584,2.394579386187274,-0.02003041730556726,-0.04461555015811364,-0.000498671115300553,0.048908216142357484
293,0.39986861590119277,-0.45520313853140326,2.390367109615243,0.4200345985017983,-0.41066684829434086,2.3910640714961615,-0.020165982600605536,-0.044536290237062404,-0.0006969618809185008,0.04889410760195178
294,0.38026826517714424,-0.4368986015516372,2.3866535041585126,0.40045996944354106,-0.39235022399145386,2.387734946755494,-0.020191704266396826,-0.044548377560183317,-0.0010814425969813968,0.04892271847022442
295,0.36073602527801074,-0.41852140298732843,2.3829398987017822,0.3808452947220541,-0.373876664830236,2.3845884506541766,-0.020109269444043343,-0.04464473815709241,-0.0016485519523943282,0.04899237783807009
296,0.3408189600374164,-0.39964220708005777,2.3801419867701656,0.36119253578846583,-0.35525355998804264,2.381621237142953,-0.020373575751049422,-0.04438864709201512,-0.0014792503727871775,0.04886330690005131
297,0.32095479501383345,-0.3807073589470766,2.377344074838549,0.34150365790229065,-0.3364883584585042,2.3788301688233062,-0.020548862888457198,-0.04421900048857236,-0.0014860939847571863,0.048783032352945295
298,0.30114368571002553,-0.36171700681617147,2.3745461629069324,0.3217806299349115,-0.31758856607203484,2.3762123107238504,-0.02063694422488599,-0.04412844074413663,-0.0016661478169179844,0.048744012945157206
299,0.2813857872134199,-0.3426712993496313,2.371748250975316,0.3020254241726877,-0.2985617424935936,2.373764924459197,-0.020639636959267793,-0.044109556856037735,-0.0020166734838813483,0.04874130272968696
300,0.26168125419489324,-0.32357038564308344,2.3689503390436992,0.2822400161197344,-0.27941549819892586,2.371485462765573,-0.020558761924841185,-0.044154887444157576,-0.002535123721873589,0.04877236542729633
301,0.24169534555054675,-0.3040879564581275,2.3669953285868512,0.2624263843003676,-0.260157491430468,2.3693715644070066,-0.020731038749820824,-0.04393046502765946,-0.002376235820155337,0.048634434528078696
302,0.22174756342843663,-0.28456649186922406,2.3650403181300033,0.2425865100612595,-0.2407954251341592,2.3674210494456176,-0.020838946632822875,-0.04377106673506487,-0.0023807313156143373,0.04853695356620859
303,0.20183798407027612,-0.26500606648867325,2.3630853076731553,0.22272237737329917,-0.22133704387835867,2.365631914869418,-0.020884393303023052,-0.04366902261031458,-0.0025466071962627623,0.04847294737879653
304,0.18196668357176507,-0.24540675507768583,2.3611302972163073,0.20283597263320371,-0.2017901307561289,2.364002330571082,-0.020869289061438645,-0.04361662432155694,-0.0028720333547744836,0.048437441290066635
305,0.16213373788229907,-0.2257686325460975,2.3591752867594593,0.1829292844648735,-0.182162504272095,2.3625306356712543,-0.02079554658257443,-0.04360612827400251,-0.0033553489117950086,0.04842734296899499
306,0.14212505718860322,-0.20587888131355614,2.3580134031004785,0.16300430352053824,-0.16246201521515416,2.3612153351802236,-0.020879246331935025,-0.04341686609840198,-0.0032019320797451734,0.04828270454561851
307,0.1221394995722403,-0.18596589575242803,2.3568515194414976,0.14306302228168652,-0.14269654351825772,2.360055096992098,-0.020923522709446224,-0.043269352234170305,-0.0032035775506003006,0.04816942551515557
308,0.10217709201318319,-0.1660297027447157,2.3556896357825168,0.1231074348598263,-0.12287399510655006,2.3590487492060004,-0.020930342846643107,-0.04315570763816565,-0.003359113423483606,0.0480809525323769
309,0.08223786146015279,-0.14607032920375113,2.354527752123536,0.10313953679706928,-0.10300229873509785,2.3581952777692634,-0.02090167533691649,-0.043068030468653276,-0.0036675256457274763,0.048012352834461036
310,0.06232183483058165,-0.12608780207415934,2.353365868464555,0.08316132486658098,-0.0830894028174964,2.3574938244380585,-0.02083949003599933,-0.04299839925666295,-0.004127955973503461,0.047960261718584175
311,0.04233722424863485,-0.10598981267661897,2.352967840497692,0.06317479687290779,-0.06314327224661277,2.356943685051464,-0.020837572624272944,-0.0428465404300062,-0.003975844553771868,0.047810436095143106
312,0.022360614811378323,-0.08588387043739482,2.3525698125308288,0.04318195145219192,-0.04317188520872868,2.3565443081154838,-0.020821336640813596,-0.042711985228666136,-0.003974495584655013,0.04768268403557337
313,0.0023920096836315997,-0.06576997854179609,2.3521717845639656,0.02318478787231655,-0.02318322999237945,2.356295293694157,-0.02079277818868495,-0.04258674854941664,-0.004123509130191216,0.047570727389455204
314,-0.017568587971053887,-0.04564814017639146,2.3517737565971024,0.0031853058329736565,-0.0031853017931379904,2.356196392605459,-0.02075389380402754,-0.04246283838325347,-0.004422636008356573,0.047469742582550094
315,-0.0375211749903953,-0.025518358529008554,2.3513757286302392,-0.016814494734297237,0.016813900484349713,2.3562475059203347,-0.02070668025609806,-0.04233225901335827,-0.004871777290095469,0.04737637569893484
316,-0.057434227829915405,-0.005412462423919347,2.351731325090556,-0.03681261386610762,0.03680637742582691,2.3564486847638113,-0.020621613963807787,-0.042218839849746254,-0.0047173596732554834,0.04722218634304951
317,-0.07735442899578007,0.014686351399031627,2.3520869215508724,-0.05680705176720758,0.05678413230707805,2.3568001304177795,-0.020547377228572493,-0.042097780908046424,-0.00471320886690707,0.04708112367157595
318,-0.09728177596910294,0.03477808039837266,2.352442518011189,-0.07679580901047076,0.07673917429251892,2.3573021947256567,-0.020485966958632182,-0.04196109389414626,-0.004859676714467742,0.046947041448771494
319,-0.11721626623009407,0.05486272203352788,2.3527981144715056,-0.0967768867368283,0.09666352163141724,2.357955380799775,-0.02043937949326577,-0.04180079959788936,-0.005157266328269294,0.0468153017407059
320,-0.13715789725806027,0.07494027376481764,2.353153710931822,-0.11674828685516017,0.11654920485049365,2.358760344032969,-0.020409610402900097,-0.04160893108567601,-0.005606633101146841,0.0466828627830554
321,-0.15695137586670183,0.09485449509606239,2.354271250396361,-0.13670801224209556,0.13638826994159764,2.359717893416455,-0.02024336362460627,-0.04153377484553525,-0.005446643020093678,0.04652433926393779
322,-0.17676709703897273,0.11474658400304673,2.3553887898609003,-0.1566540669417306,0.1561727815432119,2.3608289931666846,-0.020113030097242135,-0.041426197540165174,-0.005440203305784319,0.046370892102024754
323,-0.19660503602713125,0.1346165156426537,2.3565063293254394,-0.1765844563652152,0.175894826114484,2.3620947646644646,-0.02002057966191606,-0.04127831047183031,-0.0055884353390251995,0.046216373018081035
324,-0.21646516805568797,0.15446426519943846,2.3576238687899784,-0.19649718749021736,0.19554651510054424,2.363516488710183,-0.01996798056547061,-0.04108224990110579,-0.005892619920204734,0.04605642706858525
325,-0.23634746832143672,0.17428980788565923,2.3587414082545175,-0.21639026906021674,0.21511998808781552,2.365095608099521,-0.01995719926121997,-0.040830180202156285,-0.0063541998450036274,0.04588866170812609
326,-0.25597294129626263,0.1938155656681025,2.360648213018292,-0.23626171178363561,0.23460741594808077,2.366833730524539,-0.01971122951262702,-0.04079185027997825,-0.0061855175062466294,0.04572491929991462
327,-0.2756356103783215,0.21330386603097953,2.362555017782067,-0.25610952853275937,0.2540010039700232,2.3687326318054684,-0.01952608184556215,-0.04069713793904364,-0.006177614023401556,0.0455597171160145
328,-0.29533540407604986,0.23275463811671457,2.3644618225458416,-0.27593173454245457,0.2732929949770132,2.3707942594589726,-0.01940366953359529,-0.040538356860298635,-0.006332436913131012,0.04538678800665101
329,-0.31507225076290263,0.25216781120418114,2.3663686273096163,-0.29572634760863703,0.29247567242986966,2.373020736608938,-0.019345903154265598,-0.040307861225688524,-0.006652109299321918,0.04520219246423467
330,-0.3348460786776137,0.271543314708959,2.368275432073391,-0.3154913882864973,0.3115413635133787,2.3754143662461753,-0.01935469039111637,-0.039998048804419706,-0.007138934172784328,0.04500458120480693
331,-0.3542548199318464,0.29048867969150105,2.3710192456145522,-0.33522488008843665,0.3304824422053109,2.3779776358435334,-0.019029939843409727,-0.03999376251380987,-0.006958390228981148,0.044833679806966516
332,-0.3737154706104031,0.3093807194586272,2.3737630591557135,-0.35492484968172117,0.34929133232673576,2.3807132223330263,-0.018790620928681945,-0.03991061286810854,-0.006950163177312785,0.04465701761856389
333,-0.39322788420361904,0.3282192917814645,2.3765068726968748,-0.37458932708580633,0.3679605105723846,2.3836239974514886,-0.018638557117812704,-0.03974121879092013,-0.007117124754613791,0.044468120571871335
334,-0.4127919138121318,0.34700425483366987,2.379250686238036,-0.3942163458693397,0.38648250951987934,2.3867130334610547,-0.018575567942792137,-0.03947825468620947,-0.007462347223018639,0.04426365262315573
335,-0.4324074121479875,0.36573546719249833,2.3819944997791973,-0.4138039433467995,0.4048499206165983,2.389983609250355,-0.018603468801188017,-0.03911445342409997,-0.007989109471157718,0.04404378944011294
336,-0.45155054004705597,0.3839154448958062,2.3856459325118764,-0.43335016077475924,0.42305539714299684,2.3934392168216947,-0.01820037927229673,-0.039139952247190635,-0.0077932843098182936,0.04386256887029614
337,-0.4707599231471291,0.40202540171429385,2.3892973652445555,-0.4528530435477663,0.44109165715120235,2.3970835681686076,-0.017906879599362824,-0.039066255436908504,-0.007786202924052077,0.04367440448159971
338,-0.49003530533053574,0.42006509618888166,2.3929487979772346,-0.472310641393794,0.4589514863776903,2.400920602546995,-0.01772466393674177,-0.03888639018880863,-0.007971804569760543,0.043472574362293764
339,-0.5093764295996426,0.43803428779729386,2.3966002307099137,-0.49172100856927403,0.47662774112889944,2.404954494141537,-0.017655421030368545,-0.038593453331605576,-0.008354263431623377,0.04325462113235252
340,-0.5287830380802804,0.45593273695726577,2.4002516634425928,-0.5110822040536624,0.49411335113860816,2.409189660127124,-0.01770083402661793,-0.03818061418134239,-0.008937996684531324,0.04302286147195571
341,-0.5476116921641959,0.47317134070041766,2.4049077603015,-0.5303922917435467,0.5114013223959523,2.4136307691226384,-0.017219400420649178,-0.0382299816955346,-0.0087230088211383,0.042826745547393866
342,-0.5665204064717722,0.4903220898636356,2.4095638571604074,-0.549649340646248,0.5284847399429308,2.4182827500314454,-0.016871065825524112,-0.038162650079295146,-0.008718892871037998,0.04262675000584176
343,-0.5855087710772326,0.5073846126324191,2.4142199540193148,-0.5688514250729251,0.5453567706403021,2.42315080125933,-0.01665734600430757,-0.037972158007883006,-0.00893084724001536,0.04241594030676846
344,-0.6045763743280465,0.524358539104945,2.418876050878222,-0.5879966248311352,0.5620106659007431,2.4282404002962408,-0.01657974949691121,-0.0376521267957981,-0.00936434941801867,0.04219314856288793
345,-0.6237228028538521,0.541243501300087,2.4235321477371294,-0.6070830254168587,0.5784397643882002,2.433557313642975,-0.016639777436993408,-0.03719626308811319,-0.010025165905845679,0.041963652513961856
346,-0.6421883874053939,0.5573758166238796,2.429321159312401,-0.6261087182059404,0.5946374946823286,2.439107607057674,-0.016079669199453472,-0.037261678058449044,-0.00978644774527293,0.04174641269338377
347,-0.6607470521809382,0.5734009647444237,2.4351101708876723,-0.645071800644958,0.6105973779069791,2.4448976560896263,-0.01567525153598026,-0.0371964131625554,-0.009787485201953938,0.04153410080228346
348,-0.6793981752320919,0.5893184086179587,2.440899182462944,-0.6639703764414682,0.6263130303216559,2.4509341568591303,-0.015427798790623726,-0.03699462170369716,-0.010034974396186502,0.04131972557575559
349,-0.6981411315119479,0.6051276148101689,2.4466881940382152,-0.6828025557536419,0.6417781658749337,2.4572241370319414,-0.015338575758305995,-0.03665055106476489,-0.010535942993726177,0.0411040252823404
350,-0.7169752928960326,0.6208280535140607,2.4524772056134867,-0.7015664553792397,0.6569865987187891,2.463774966924827,-0.015408837516792895,-0.03615854520472839,-0.011297761311340082,0.04089635773011239
351,-0.7350298347548069,0.6357022896091117,2.459564538956035,-0.7202601989439371,0.671932245682862,2.4705943706648235,-0.014769635810869763,-0.03622995607375035,-0.01102983170878824,0.0406498345213827
352,-0.7531893409598956,0.6504481946518308,2.4666518722985837,-0.7388819170889542,0.6866091287076386,2.477690437308543,-0.014307423870941416,-0.03616093405580778,-0.011038565009959367,0.040424812270316884
353,-0.7714528993577833,0.6650650279541743,2.4737392056411323,-0.7574297476579961,0.7010113772355988,2.4850716318091606,-0.014023151699787184,-0.03594634928142448,-0.01133242616802832,0.04021458309010829
354,-0.7898195925684036,0.6795520553113826,2.4808265389836808,-0.7759018358834606,0.715133230559358,2.4927468056970676,-0.013917756684942995,-0.03558117524797533,-0.011920266713386862,0.04002270282835339
355,-0.8082884980312203,0.6939085490388598,2.4879138723262293,-0.7942963345719204,0.7289690401258765,2.5007252073153747,-0.013992163459299878,-0.0350604910870167,-0.01281133498914544,0.039864131468509964
356,-0.8258851960553543,0.7073880683221626,2.4965088882081887,-0.8126114042888336,0.7425132717958018,2.509016491422985,-0.01327379176652066,-0.03512520347363923,-0.012507603214796159,0.039577943416810944
357,-0.8435970993674873,0.7207158476766967,2.505103904090148,-0.8308452135424925,0.7557605080570542,2.5176307279456003,-0.012751885824994758,-0.03504466038035747,-0.012526823855452118,0.039340311757455906
358,-0.8614228995212507,0.7338909025281796,2.5136989199721076,-0.8489959389671652,0.7687054501917557,2.5265784096181902,-0.012426960554085542,-0.03481454766357617,-0.012879489646082654,0.03914541264536325
359,-0.8793612796562786,0.7469122595846744,2.522293935854067,-0.8670617655054355,0.78134292039565,2.5358704582208973,-0.012299514150843183,-0.034430660810975566,-0.013576522366830268,0.039000902704992395
360,-0.8974109145954892,0.7597789569084916,2.5308889517360265,-0.8850408865897049,0.7936678638491532,2.545518229063543,-0.01237002800578424,-0.0338889069406616,-0.014629277327516732,0.0389293123702706
361,-0.9145050051532427,0.771744253276638,2.5412515473427932,-0.9029315043228463,0.8056753507392133,2.5555335133215724,-0.011573500830396433,-0.03393109746257528,-0.014281965978779176,0.038590670487890916
362,-0.9317221672170176,0.7835317712360717,2.55161414294956,-0.9207318296579966,0.8173605782311729,2.565928537768054,-0.010990337559021013,-0.03382880699510127,-0.014314394818494058,0.03834159101279927
363,-0.949060551966169,0.7951402450145083,2.561976738556327,-0.9384400825774543,0.8287188723898353,2.5767159613820527,-0.010620469388714748,-0.03357862737532702,-0.014739222825725928,0.038178047042169254
364,-0.9665182975628661,0.8065684280658625,2.5723393341630936,-0.9560544922706857,0.83974569004898,2.5879088682432516,-0.010463805292180384,-0.033177261983117545,-0.015569534080158043,0.03811341398198647
365,-0.9840935293520208,0.8178150932041045,2.5827019297698603,-0.9735732973113987,0.8504366206285644,2.5995207560461813,-0.010520232040622024,-0.032621527424459895,-0.01681882627632092,0.03817999804880014
366,-1.0006436588840983,0.8281656321566147,2.5951463149884146,-0.9909947458336898,0.8607873878989016,2.6115655194852865,-0.009648913050408492,-0.032621755742286984,-0.016419204496871842,0.03777394269961601
367,-1.017321309703074,0.8383094187916094,2.607590700206969,-1.008317095707223,0.870793851691091,2.6240574276749693,-0.009004213995851051,-0.03248443289948166,-0.016466727468000375,0.03751622800854858
368,-1.0341238990958517,0.8482448822349367,2.620035085425523,-1.0255386147114476,0.8804520095530344,2.637011094678,-0.00858528438440409,-0.03220712731809772,-0.016976009252476665,0.03740576223238102
369,-1.051048825001257,0.8579704838735251,2.6324794706440775,-1.042657580708813,0.8897579983503596,2.650441442122924,-0.008391244292444089,-0.03178751447683448,-0.017961971478846372,0.03746320163570283
370,-1.068093466412995,0.8674847175936545,2.644923855862632,-1.0596722818169868,0.8987080958116269,2.664363652799013,-0.008421184596008269,-0.031223378217972386,-0.019439796936381093,0.037732232935122345
371,-1.084063837137281,0.8761404180683469,2.6598140134821597,-1.0765810165800351,0.9072987220171839,2.678793114029098,-0.007482820557245917,-0.031158303948837007,-0.018979100546938188,0.037242969350346426
372,-1.1001613174263571,0.8845573664536897,2.6747041711016877,-1.0933820941385743,0.9155264408310896,2.693745349540943,-0.0067792232877827985,-0.03096907437739993,-0.019041178439255457,0.036981183222472916
373,-1.1163823382644467,0.8927336966053523,2.6895943287212156,-1.1100738343988477,0.9233879612755189,2.709235938492216,-0.006308503865599002,-0.03065426467016663,-0.01964160977100038,0.03694961431310429
374,-1.1327233032452644,0.9006675957271216,2.7044844863407436,-1.12665456820074,0.9308801388471135,2.7252804202598746,-0.0060687350445243204,-0.030212543119991886,-0.020795933919131038,0.03717658099377714
375,-1.1491805893693856,0.9083573047728222,2.7193746439602715,-1.1431226374846875,0.9379999767747388,2.7418941835904724,-0.006057951884698154,-0.029642672001916615,-0.022519539630200924,0.03771626240240036
376,-1.164544170001446,0.9152591710463902,2.7371011032184,-1.1594763954574863,0.9447446272181542,2.7590923387340904,-0.005067774543959791,-0.029485456171764013,-0.021991235515690377,0.03713070028954457
377,-1.1800276761120514,0.9218876253472726,2.7548275624765286,-1.1757142067569655,0.9511113924071088,2.776889571263257,-0.004313469355085919,-0.029223767059836203,-0.02206200878672826,0.03686959195259025
378,-1.1956262424873871,0.928240584888328,2.772554021734657,-1.1918344476155285,0.9570977257204172,2.7952999764232915,-0.003791794871858656,-0.028857140832089234,-0.022745954688634384,0.03693901379369371
379,-1.2113349677595024,0.9343160534481383,2.7902804809927857,-1.2078355060225212,0.9627012327045702,2.814336873086924,-0.0034994617369812353,-0.028385179256431914,-0.024056392094138346,0.03737211038268096
380,-1.2271489159464142,0.9401121219982604,2.8080069402509142,-1.2237157818854385,0.9679196720314864,2.834012596709942,-0.0034331340609756733,-0.02780755003322599,-0.026005656459027637,0.03822748247263955
381,-1.2418918110124084,0.9452210690149181,2.8289282760257795,-1.2394736871899266,0.9727509563950139,2.8543382711218332,-0.0024181238224818546,-0.027529887380095763,-0.025409995096053795,0.03754210799573045
382,-1.2567383578954059,0.9500204794158834,2.8498496118006447,-1.2551076461585875,0.9771931533458231,2.875323559550972,-0.001630711736818391,-0.027172673929939717,-0.025473947750327408,0.0372818379812186
383,-1.2716820584648538,0.954508252564853,2.87077094757551,-1.2706160954085512,0.9812444860643621,2.896976395989684,-0.0010659630563025768,-0.026736233499509043,-0.02620544841417427,0.03745247636092466
384,-1.28671637206736,0.9586824242248875,2.891692283350375,-1.2859974841078177,0.9849033340715609,2.9193026988581225,-0.0007188879595423359,-0.026220909846673468,-0.027610415507747454,0.038083959321428405
385,-1.301834718389446,0.9625411674181306,2.9126136191252403,-1.3012502741303347,0.9881682338770005,2.9423060699269263,-0.0005844442591114163,-0.025627066458869918,-0.029692450801686032,0.039226645854442986
386,-1.3159609792518125,0.9658335281567112,2.936943339190845,-1.3163729402098099,0.9910378795642899,2.9659874825973085,0.0004119609579973371,-0.025204351407578707,-0.02904414340646344,0.0384576560378144
387,-1.3301631537171363,0.968781260444603,2.96127305925645,-1.3313639700922384,0.993511123313416,2.990344964890073,0.001200816375102054,-0.024729862868812957,-0.029071905633623274,0.03818617255823505
388,-1.3444328354320008,0.9713826195011422,2.9856027793220545,-1.3462218646871233,0.9955869758598548,3.01537328382298,0.0017890292551225873,-0.024204356358712542,-0.029770504500925554,0.038410082408852776
389,-1.3587615780850377,0.9736360655660868,3.0099324993876593,-1.360945138217388,0.9972646068902659,3.0410636392016177,0.002183560132350326,-0.02362854132417902,-0.03113113981395843,0.03914362995528459
390,-1.3731409004063506,0.9755402648110097,3.034262219453264,-1.3755323183679475,0.998543345374605,3.067403376135589,0.00239141796159692,-0.023003080563595235,-0.03314115668232498,0.04041283040724461
391,-1.3866751255724774,0.9769985029267887,3.0618962003628853,-1.389981946432944,0.9994226798345278,3.0943757267243446,0.0033068208604665195,-0.022424176907739124,-0.03247952636145923,0.03960679748297661
392,-1.4002444752463092,0.9780822273747046,3.0895301812725067,-1.4042925774616108,0.9999022585479752,3.1219595922240613,0.004048102215301608,-0.021820031173270582,-0.032429410951554605,0.039295897834415734
393,-1.413838588031101,0.978790610635441,3.117164162182128,-1.4184627804027723,0.9999818896898556,-3.1330559296913743,0.004624192371671221,-0.021191279054414536,-0.032965215306083984,0.03946085254057196
394,-1.4274470836212858,0.9791231117958232,-3.138387164087837,-1.432491138247941,0.9996615414087742,-3.1043304177311337,0.005044054626655248,-0.020538429612950937,-0.034056746356703194,0.040089045267350014
395,-1.4410595707287543,0.9790794769618529,-3.1107531831782156,-1.4463762481730242,0.9989413418397719,-3.0750839964195906,0.0053166774442698905,-0.019861864877918967,-0.03566918675862496,0.041171004596642836
396,-1.4540419129602418,0.9786789814278599,-3.0804219411560414,-1.460116721678599,0.9978215790530742,-3.045356048786323,0.006074808718357305,-0.019142597625214308,-0.035065892369718465,0.040409889290743795
397,-1.4670061382099338,0.9778849599146379,-3.050090699133867,-1.4737111847287665,0.9963027009388654,-3.0151903723094278,0.006705046518832747,-0.018417741024227552,-0.03490032682443944,0.04002753609339342
398,-1.4799403205092336,0.9766981428534658,-3.019759457111693,-1.4871582778885493,0.9943853150281404,-2.9846349301467145,0.0072179573793156315,-0.017687172174674637,-0.035124526964978475,0.039983338564703444
399,-1.4928325615264668,0.9751196220136341,-2.989428215089519,-1.5004566564598378,0.992070188249698,-2.953741503402485,0.007624094933371017,-0.016950566236063835,-0.035686711687033856,0.040236673698377697
400,-1.5056710015123191,0.973150849498111,-2.9590969730673446,-1.5136049906158564,0.9893582466233818,-2.9225652469480483,0.007933989103537264,-0.01620739712527075,-0.03653172611929634,0.04074548954088735
401,-1.518139174384311,0.9708498603434698,-2.927248853722505,-1.5266019655341467,0.9862505748896836,-2.891164155538977,0.008462791149835835,-0.015400714546213834,-0.03608469818352811,0.040136097039647725
402,-1.5305277547505673,0.9681530173067957,-2.8954007343776658,-1.5394462815280487,0.9827484160758617,-2.859598451199729,0.008918526777481395,-0.014595398769066015,-0.035802283177936545,0.03967832236702888
403,-1.5428241779025904,0.9650630555720744,-2.8635526150328263,-1.5521366541766646,0.9788531709987472,-2.827929906773413,0.009312476274074166,-0.013790115426672855,-0.03562270825941338,0.039317513166163415
404,-1.5550159725992931,0.9615831090309478,-2.831704495687987,-1.5646718144533056,0.9745663977044351,-2.7962211238571486,0.00965584185401247,-0.012983288673487303,-0.03548337183083827,0.038998342826001335
405,-1.5670907737155442,0.9577167071042684,-2.7998563763431474,-1.57705050885239,0.9698898108450863,-2.7645347857899107,0.009959735136845893,-0.012173103740817925,-0.03532159055323669,0.038665172156494246
406,-1.5790525647281908,0.9534619983070698,-2.7680565127752557,-1.5892714995147947,0.964825280993091,-2.732932907721797,0.010218934786603961,-0.011363282686021159,-0.03512360505345846,0.0383042876650464
407,-1.590873031824311,0.94882912135978,-2.736256649207364,-1.6013335643516353,0.9593748338928642,-2.7014761059532435,0.010460532527324373,-0.010545712533084117,-0.03478054325412039,0.03781958464390372
408,-1.6025402227845813,0.9438227607779027,-2.704456785639472,-1.613235497166481,0.9535406496505743,-2.6702229076755954,0.010695274381899766,-0.009717888872671554,-0.03423387796387667,0.03715891089215769
409,-1.6140423403742468,0.9384479787234659,-2.6726569220715803,-1.6249761077759686,0.9473250618621301,-2.639229120063048,0.010933767401721806,-0.008877083138664199,-0.033427802008532126,0.036273514053195004
410,-1.625367754271849,0.9327102098864363,-2.6408570585036886,-1.6365542221288205,0.940730556679773,-2.608547274546721,0.011186467856971527,-0.008020346793336741,-0.032309783956967486,0.0351195837837859
411,-1.6367822539898016,0.9264635335450452,-2.610626928026442,-1.6479686824232516,0.9337597718176508,-2.578226158302969,0.011186428433449969,-0.007296238272605615,-0.032400769723472944,0.035045415573236594
412,-1.6480027293928345,0.9198747020207785,-2.580396797549195,-1.6592183472227418,0.926415495496766,-2.54831044080868,0.01121561782990721,-0.006540793475987572,-0.032086356740514965,0.03461367289788306
413,-1.6590189273093132,0.9129497361298727,-2.5501666670719483,-1.670302091570187,0.9187006653297247,-2.518840399062686,0.011283164260873724,-0.005750929199851984,-0.031326268009262304,0.033789318575367856
414,-1.669820781234572,0.9056949638451893,-2.5199365365947015,-1.681218807100389,0.9106183671457304,-2.4898517410274974,0.011398025865817063,-0.004923403300541085,-0.030084795567204115,0.03254611832489518
415,-1.680398420529597,0.8981170145137685,-2.4897064061174548,-1.691967402150893,0.9021718337562933,-2.4613755232435177,0.011568981621296048,-0.004054819242524821,-0.028330882873937036,0.030869431793607315
416,-1.691183213580093,0.8898862221563477,-2.462110488560029,-1.702546801871149,0.893364443662152,-2.4334381555791036,0.011363588291055882,-0.0034782215058042354,-0.028672332980925308,0.03103758757154168
417,-1.7017367929545648,0.8813609851297467,-2.434514571002603,-1.7129559483300023,0.8841997197019128,-2.4060614838033527,0.011219155375437495,-0.0028387345721661017,-0.028453087199250326,0.030716543302877715
418,-1.7120511222464896,0.8725477952854992,-2.406918653445177,-1.723193800621481,0.8746813276429652,-2.3792629391356055,0.0111426783749915,-0.0021335323574660503,-0.0276557143095717,0.02989230295011588
419,-1.7221183472350141,0.8634533637472758,-2.3793227358877513,-1.7332593349688885,0.8648130747152218,-2.353055743107651,0.011140987733874397,-0.0013597109679460706,-0.026266992780100473,0.028564406720822035
420,-1.7319308018658364,0.854084615800455,-2.3517268183303255,-1.7431515448271764,0.8545989080882805,-2.327449155898217,0.011220742961340013,-0.000514292287825513,-0.024277662432108382,0.02675022359400356
421,-1.7419885679894467,0.8439365761663883,-2.3272243299531827,-1.7528694409836028,0.8440429132926041,-2.3024487566599667,0.010880872994156077,-0.00010633712621577196,-0.024775573293216002,0.027059817750806913
422,-1.7517946877205492,0.833545167040042,-2.30272184157604,-1.7624120516566506,0.833149312585366,-2.278056745137869,0.010617363936101354,0.00039585445467604785,-0.02466509643817094,0.026856137101325377
423,-1.7613432740345925,0.8229166268197153,-2.2782193531988972,-1.7717784225932054,0.8219224632616022,-2.2542722549523493,0.010435148558612939,0.0009941635581131036,-0.02394709824654795,0.026140853104870576
424,-1.7706285945151254,0.8120573362634392,-2.2537168648217545,-1.780967617163977,0.8103668559113548,-2.2310916701770687,0.010339022648851559,0.0016904803520844114,-0.02262519464468582,0.024932961032820968
425,-1.7796450747952082,0.8009738146583395,-2.2292143764446117,-1.789978716457167,0.7984871126234903,-2.208508938179551,0.010333641661958826,0.002486702034849242,-0.02070543826506066,0.023274084530999984
426,-1.7888878218769684,0.7890256924914096,-2.207774352448757,-1.7988108193703554,0.7862879851369292,-2.186515873031657,0.009922997493386987,0.002737707354480423,-0.021258479417099796,0.023619565363058575
427,-1.7978722963111764,0.7768821668059124,-2.186334328452902,-1.8074630427006113,0.7737743529400123,-2.165102445073569,0.009590746389434912,0.0031078138659000887,-0.021231883379333016,0.02350391021011477
428,-1.8065943683210801,0.7645488194586866,-2.1648943044570474,-1.8159345212328108,0.7609512213187744,-2.144257053386,0.009340152911730737,0.003597598139912228,-0.020637251071047302,0.022936375052746566
429,-1.8150500287450442,0.7520313195594305,-2.1434542804611927,-1.8242244078261607,0.7478237193548899,-2.123966778963472,0.009174379081116513,0.004207600204540585,-0.019487501497720494,0.02194620344453538
430,-1.823235390879389,0.7393354208648558,-2.122014256465338,-1.8323318734989098,0.7343970978741133,-2.104217617273643,0.009096482619520785,0.004938322990742483,-0.01779663919169483,0.020587700127199928
431,-1.8315949718249886,0.7257377910638413,-2.1033245882839053,-1.840256107511248,0.7206767273460168,-2.084994689631238,0.00866113568625937,0.005061063717824443,-0.01832989865266743,0.020895330146918804
432,-1.8396989724025898,0.7119863073464489,-2.0846349201024728,-1.8479963174463758,0.7066680957358779,-2.0662824334160166,0.008297345043785986,0.005318211610571,-0.01835248668645617,0.020831300417568827
433,-1.8475445619372313,0.6980857730169565,-2.06594525192104,-1.855551729289751,0.6923768063095604,-2.048064771633234,0.008007167352519717,0.005708966707396068,-0.01788048028780631,0.020406337378374502
434,-1.8551290000152565,0.6840410434420565,-2.0472555837396076,-1.862921587506485,0.6778085753922868,-2.030325262666764,0.007792587491228575,0.006232468049769735,-0.016930321072843757,0.019652069851021546
435,-1.8624496374415231,0.6698570243549072,-2.028565915558175,-1.8701051551168988,0.662969230082182,-2.0130472313250416,0.007655517675375645,0.006887794272725234,-0.015518684233133406,0.018624667007736777
436,-1.8698776724140105,0.6547800441361069,-2.0122048568907336,-1.8771017137702157,0.6478647059195176,-1.996213882444517,0.007224041356205246,0.006915338216589295,-0.015990974446216555,0.01886053922626644
437,-1.8770580488718736,0.63958355671322,-1.995843798223292,-1.883910563816402,0.6325010445125663,-1.9798083984096402,0.006852514944528432,0.007082512200653701,-0.016035399813651763,0.018821609583695467
438,-1.8839888447843673,0.624271629855703,-1.9794827395558503,-1.8905310243761266,0.6168843911210447,-1.963814021986842,0.0065421795917592895,0.007387238734658297,-0.015668717569008228,0.018517022443984205
439,-1.8906682049280354,0.6088483622336401,-1.9631216808884087,-1.8969624334088513,0.6010209921980904,-1.9482141258648502,0.006294228480815844,0.007827370035549785,-0.01490755502355845,0.017975545349795615
440,-1.8970943413833132,0.5933178823206193,-1.946760622220967,-1.9032041477790322,0.5849171928917617,-1.9329922702561362,0.0061098063957190085,0.008400689428857633,-0.013768351964830838,0.017247284797925453
441,-1.9035581110233544,0.5769431594480398,-1.9322964630028872,-1.9092555433204328,0.5685794345070697,-1.9181322498532611,0.00569743229707842,0.008363724940970041,-0.014164213149626015,0.017407974144513057
442,-1.9097843661860676,0.5604766597057727,-1.9178323037848073,-1.9151160148985422,0.5520142519295328,-1.9036181313569873,0.0053316487124746015,0.008462407776239855,-0.014214172427819971,0.017380492546886995
443,-1.9157718042874787,0.5439218280214858,-1.9033681445667274,-1.9207849764710867,0.5352282710113162,-1.8894342827063793,0.005013172183607972,0.008693557010169606,-0.013933861860348173,0.017171555991663517
444,-1.9215191727061138,0.5272821278026185,-1.8889039853486476,-1.9262618611466333,0.5182282059209752,-1.8755653950493394,0.004742688440519505,0.009053921881643334,-0.013338590299308173,0.01680430261140091
445,-1.9270252690450584,0.510561040211808,-1.8744398261305677,-1.9315461212412777,0.5010208564578846,-1.8619964983989576,0.004520852196219227,0.009540183753923404,-0.012443327731610054,0.016318382753046947
446,-1.9325034219719666,0.49307755000536874,-1.8614751557665266,-1.9366372283334143,0.4836131053324,-1.8487129718292505,0.004133806361447778,0.009464444672968753,-0.012762183937276017,0.016417594429468
447,-1.937754453176443,0.4755245086569623,-1.8485104854024854,-1.9415346733165766,0.4660119154128712,-1.8357005489754596,0.003780220140133572,0.009512593244091094,-0.01280993642702577,0.016397376796300094
448,-1.9427774800634647,0.4579048664874542,-1.8355458150384443,-1.9462379664503477,0.44822432694058495,-1.8229453195202048,0.0034604863868830105,0.00968053954686926,-0.012600495518239496,0.016262235370866945
449,-1.9475716583610487,0.4402215850119976,-1.8225811446744031,-1.950746637409333,0.4302574547137687,-1.810433727268505,0.003174979048284232,0.009964130298228902,-0.012147417405898198,0.016028853177637057
450,-1.9521361822621563,0.42247763644226066,-1.809616474310362,-1.955060235330194,0.41211848524175654,-1.7981525653422639,0.0029240530680376686,0.010359151200504124,-0.011463908968098124,0.015725244315063825
451,-1.9566154760416912,0.40407965235598486,-1.7978008777661658,-1.9591783288567337,0.39381467387048763,-1.7860889689586406,0.002562852815042538,0.010264978485497234,-0.011711908807525262,0.01578311774571426
452,-1.9608770790523777,0.385630028213972,-1.7859852812219696,-1.9631005061830311,0.37535334188046116,-1.7742304061965488,0.002223427130653377,0.010276686333510865,-0.01175487502542083,0.015771207850572413
453,-1.9649203963458939,0.36713133970731865,-1.7741696846777735,-1.9668263750946215,0.3567418735583286,-1.7625646671013775,0.0019059787487276658,0.010389466148990056,-0.011605017576395982,0.015692361033320366
454,-1.968744863448065,0.3485861693768352,-1.7623540881335773,-1.970355563007719,0.33798771324326765,-1.7510798514294241,0.001610699559653872,0.010598456133567524,-0.011274236704153173,0.015557314638069735
455,-1.9723499464376697,0.3299971062525059,-1.7505384915893811,-1.973687717006473,0.3190983623493521,-1.7397643552903157,0.0013377705688033537,0.010898743903153763,-0.010774136299065429,0.015383571163813918
456,-1.9758230647199642,0.31088286455788483,-1.7395662115770347,-1.9768225038782612,0.3000813763650833,-1.7286068569072703,0.000999439158297033,0.010801488192801523,-0.010959354669764387,0.015420067463797123
457,-1.9790862513344671,0.2917316661807041,-1.7285939315646883,-1.9797596101470079,0.2809443618313017,-1.7175963016812124,0.0006733588125407142,0.010787304349402393,-0.010997629883475968,0.015419702016283768
458,-1.9821391134270527,0.27254581672839023,-1.717621651552342,-1.982498742104534,0.2616949732986626,-1.706721886714927,0.000359628677481183,0.010850843429727641,-0.01089976483741495,0.015384245494436108
459,-1.984981283464506,0.25332762598000286,-1.7066493715399955,-1.9850396258399263,0.2423409102659238,-1.6959730449273882,5.834237542035048e-05,0.010986715714079054,-0.010676326612607312,0.015319767490201293
460,-1.9876124192787696,0.23407940760816132,-1.6956770915276491,-1.987382007266929,0.22288991410024592,-1.6853394288655676,-0.00023041201184059723,0.011189493507915399,-0.01033766266208147,0.015235653053737953
461,-1.9900765920640031,0.21444988586100344,-1.6852785949320948,-1.9895256521493512,0.20334976494075557,-1.6748108943012632,-0.0005509399146519378,0.011100120920247869,-0.010467700630831578,0.015267251741239905
462,-1.992336517789913,0.19479580213138123,-1.6748800983365404,-1.9914703461244907,0.183728278586583,-1.6643774836832836,-0.000866171665422355,0.01106752354479823,-0.010502614653256748,0.015282187190433411
463,-1.9943919520957993,0.17511928157128687,-1.664481601740986,-1.993215894724571,0.16403330337065347,-1.6540294095005519,-0.0011760573712282785,0.011085978200633395,-0.010452192240434144,0.0152816997168617
464,-1.9962426727321605,0.1554224517587567,-1.6540831051454317,-1.9947621233961865,0.14427271702045727,-1.6437570375989194,-0.0014805493359739685,0.011149734738299444,-0.010326067546512219,0.015268800936741142
465,-1.997888479584725,0.13570744246782102,-1.6436846085498773,-1.996108877517759,0.12445442350706172,-1.6335508704836228,-0.001779602066966035,0.011253018960759295,-0.010133738066254505,0.015247624944345055
466,-1.999344629386105,0.1157650023920235,-1.6336162212690655,-1.9972560224149978,0.10458634988363526,-1.6234015306300522,-0.002088606971107243,0.011178652508388245,-0.010214690639013257,0.015286087002035468
467,-2.0005999205637655,0.09580891228198136,-1.6235478339882536,-1.9982034433743696,0.08467644311472142,-1.613299743817685,-0.0023964771893958403,0.011132469167259948,-0.010248090170568602,0.015319866997575168
468,-2.0016542258668735,0.07584119511780178,-1.6134794467074418,-1.998951045654568,0.06473266689756589,-1.6032363224955564,-0.0027031802123054227,0.011108528220235891,-0.010243124211885446,0.015350184888140293
469,-2.0025074384188497,0.05586387505824464,-1.60341105942663,-1.999498754495988,0.04476299847674028,-1.5932021491822361,-0.003008683922861799,0.011100876581504361,-0.010208910244393854,0.015378669910091989
470,-2.003159471728201,0.03587897723553036,-1.5933426721458182,-1.9998465151282017,0.024775425453357765,-1.5831881598989876,-0.003312956599999417,0.011103551782172594,-0.010154512246830505,0.0154070977988685
471,-2.0036116743085786,0.01582579580536159,-1.5833759354348245,-1.999994292775436,0.0047779425901285115,-1.5731853276313745,-0.0036173815331426162,0.011047853215233078,-0.010190607803449936,0.015459268974482325
472,-2.0038639929585877,-0.004230896542675843,-1.5734091987238308,-1.999942072660049,-0.015221451386431743,-1.5631846458120962,-0.0039219202985387724,0.0109905548437559,-0.01022455291173463,0.01551500038177756
473,-2.0039164026141507,-0.02428910747667914,-1.563442462012837,-1.9996898600040087,-0.03521475698538918,-1.5531771118160986,-0.004226542610141992,0.010925649508710038,-0.010265350196738465,0.015575971696308396
474,-2.0037688980691533,-0.04434684451389674,-1.5534757253018434,-1.9992376800283709,-0.05519397715107451,-1.5431537104581057,-0.004531218040782381,0.010847132637177771,-0.010322014843737737,0.01564404723260516
475,-2.003421493975962,-0.06440211521865163,-1.5435089885908497,-1.998585577950756,-0.0751511204618093,-1.5331053974825013,-0.004835916025205833,0.010749005243157667,-0.010403591108348431,0.015721383700869975
476,-2.0028766020197124,-0.08436583258425134,-1.5334201933601936,-1.9977336189808284,-0.09507820432636097,-1.5230230830361118,-0.0051429830388840525,0.010712371742109622,-0.01039711032408186,0.015789397897656748
477,-2.00213033135396,-0.10432303675695474,-1.5233313981295376,-1.9966818883137751,-0.11496725817687632,-1.5128976151157174,-0.0054484430401848805,0.010644221419921579,-0.010433783013820142,0.015869745088625025
478,-2.0011827579363164,-0.12427169643412873,-1.5132426028988815,-1.9954304911217866,-0.1348103266569955,-1.5027197629842826,-0.005752266814529783,0.01053863022286676,-0.010522839914598903,0.015965007370751107
479,-2.0000339782135765,-0.144209781182824,-1.5031538076682254,-1.993979552543539,-0.15459947280389894,-1.4924802005528235,-0.006054425670037444,0.010389691621074948,-0.010673607115401884,0.016078795073916487
480,-1.9986841091119016,-0.1641352616464383,-1.4930650124375693,-1.9923292176716814,-0.17432678122297965,-1.4821694897287272,-0.006354891440220278,0.010191519576541352,-0.010895522708842087,0.01621616883221509
481,-1.9971514236151584,-0.1838132685901671,-1.4826248644123876,-1.9904796515383252,-0.19398436125389898,-1.4717780637361624,-0.006671772076833227,0.010171092663731868,-0.010846800676225232,0.016297753020867382
482,-1.9954133840731971,-0.20347420195203847,-1.472184716387206,-1.9884310390985427,-0.21356435012673866,-1.4612962104201923,-0.006982344974654442,0.010090148174700192,-0.010888505967013629,0.01640499295111641
483,-1.9934701799248555,-0.2231159187748428,-1.4617445683620243,-1.9861835852118708,-0.2330589161070144,-1.450714055553347,-0.007286594712984762,0.009942997332171605,-0.011030512808677173,0.016541761432243552
484,-1.9913220229710316,-0.24273627819589072,-1.4513044203368426,-1.9837375146218252,-0.25246026162825813,-1.4400215461719812,-0.00758450834920632,0.009723983432367411,-0.0112828741648614,0.016714779989944025
485,-1.9889691473515976,-0.2623331416803578,-1.440864272311661,-1.9810930719334263,-0.2717606264109441,-1.4292084339797944,-0.007876075418171258,0.0094274847305863,-0.011655838331866564,0.016934243400777295
486,-1.9864600335470768,-0.2815353161857397,-1.4298275267173226,-1.9782505215887396,-0.2909522905664908,-1.4182642588677388,-0.00820951195833719,0.00941697438075112,-0.011563267849583836,0.017023062487197288
487,-1.983739147345885,-0.3007086293083937,-1.4187907811229843,-1.9752101478404307,-0.31002757768512307,-1.4071783326133003,-0.008528999505454271,0.009318948376729363,-0.011612448509684015,0.017159125612986475
488,-1.980806820175135,-0.3198507455754854,-1.407754035528646,-1.9719722547233407,-0.32897885790632714,-1.3959397228381787,-0.008834565451794285,0.009128112330841764,-0.011814312690467288,0.017347909551143015
489,-1.9776634092172503,-0.33895933331422273,-1.3967172899343077,-1.9685371660240831,-0.347798550970695,-1.384537237321871,-0.009126243193167127,0.008839217656472276,-0.01218005261243671,0.017600391053639884
490,-1.9743092973664575,-0.35803206493587425,-1.3856805443399693,-1.964905225248665,-0.36647912925192844,-1.372959408789994,-0.009404072117792595,0.008447064316054187,-0.012721135549975449,0.017933676634673917
491,-1.9708366304432312,-0.3765767239293695,-1.3737756433375796,-1.9610767955881379,-0.38501312076778266,-1.3611944803206513,-0.009759834855093352,0.008436396838413185,-0.012581163016928354,0.018019789978587674
492,-1.9671434424872647,-0.3950787280226183,-1.36187074233519,-1.957052259882277,-0.4033931121687696,-1.3492303915401058,-0.010091182604987647,0.008314384146151321,-0.012640350795084077,0.018186242556387518
493,-1.9632302569155986,-0.4135354550192013,-1.3499658413328002,-1.9528320205812995,-0.42161175170339216,-1.337054765810933,-0.010398236334299149,0.008076296684190853,-0.0129110755218671,0.018440329664254025
494,-1.9590976283244348,-0.4319442891395955,-1.3380609403304105,-1.9484164997056181,-0.43966175215875003,-1.3246548986519633,-0.010681128618816649,0.007717463019154547,-0.013406041678447167,0.01879807696302961
495,-1.9547461424105357,-0.45030262139189525,-1.3261560393280207,-1.9438061388036416,-0.4575358937753214,-1.3120177476702315,-0.010940003606894066,0.007233272383426137,-0.014138291657789237,0.019284584498827115
496,-1.9503234330229906,-0.46801893455689453,-1.3130753903647239,-1.9390013989076176,-0.47522702713477977,-1.2991299243311092,-0.011322034115373025,0.007208092577885239,-0.013945466033614684,0.01935513053471187
497,-1.945669367735423,-0.4856758818237939,-1.299994741401427,-1.934002760487532,-0.4927280760196602,-1.2859776879442872,-0.011666607247891037,0.007052194195866279,-0.014017053457139772,0.01955302931192678
498,-1.9407847428627674,-0.5032704420723605,-1.2869140924381302,-1.928810723403061,-0.5100320402437544,-1.272546942300503,-0.011974019459706442,0.006761598171393879,-0.014367150137627238,0.019887467282938467
499,-1.9356703941689193,-0.5207996048568388,-1.2738334434748333,-1.9234258068535868,-0.527131998452086,-1.2588232354572375,-0.012244587315332511,0.006332393595247177,-0.015010208017595783,0.020379780958082596
500,-1.9303271967237354,-0.5382603709210408,-1.2607527945115364,-1.917848549326277,-0.5440211108893698,-1.2447917632410141,-0.01247864739745852,0.005760739968328932,-0.015961031270522286,0.021063173670446505
501,-1.9249671896516234,-0.5549907607002462,-1.2461456430783076,-1.9120795085422362,-0.5606926221358159,-1.2304373771094976,-0.012887681109387206,0.005701861435569722,-0.01570826596880992,0.021103392332858833
502,-1.9193633797521763,-0.5716410739882325,-1.2315384916450787,-1.906119261400735,-0.5771398638092112,-1.2157445970978271,-0.013244118351441347,0.005498789820978733,-0.015793894547251552,0.021332849443334734
503,-1.913516962682737,-0.5882077581895868,-1.2169313402118498,-1.8999684039215217,-0.5933562572321769,-1.200697630660021,-0.013548558761215412,0.005148499042590071,-0.01623370955182879,0.021762440412573105
504,-1.9074291858645465,-0.604687278552423,-1.202324188778621,-1.8936275511852179,-0.6093353160635608,-1.1852803983066504,-0.0138016346793286,0.004648037511137848,-0.017043790471970466,0.02241829980571724
505,-1.9011013482165873,-0.6210761189225743,-1.187717037345392,-1.8870973372718132,-0.625070648892882,-1.16947656703277,-0.014004010944774103,0.003994529970307692,-0.018240470312621992,0.023340594453669844
506,-1.894813827322179,-0.6366783855009479,-1.1711894375687408,-1.8803784151972567,-0.6405559617968117,-1.153269592622839,-0.014435412124922387,0.003877576295863827,-0.01791984494590193,0.023335328667746857
507,-1.8882693088848748,-0.6521746082601896,-1.1546618377920896,-1.8734714568481579,-0.6557850608566534,-1.136642772009011,-0.014797852036716908,0.0036104525964638645,-0.018019065783078547,0.023594459615485824
508,-1.8814695805748094,-0.6675605543243597,-1.1381342380154384,-1.8663771529145952,-0.6707518546358369,-1.119579306941384,-0.015092427660214236,0.0031913003114771854,-0.01855493107405448,0.024129882666928712
509,-1.8744164997740564,-0.6828320209401862,-1.1216066382387873,-1.8590962128210502,-0.6854503566164047,-1.1020623802982807,-0.015320286953006246,0.0026183356762184973,-0.019544257940506515,0.024970880891167294
510,-1.8671119930692743,-0.6979848366250696,-1.105079038462136,-1.8516293646554642,-0.6998746875935437,-1.0840752464144137,-0.015482628413810096,0.0018898509684740494,-0.021003792047722403,0.026161853903481858
511,-1.8599005289063117,-0.7123334453885456,-1.0862098194349916,-1.8439773550964327,-0.7140190780271819,-1.06560133682667,-0.015923173809879065,0.001685632638636303,-0.02060848260832171,0.026097861540546823
512,-1.8524196175415728,-0.7265434332130976,-1.0673406004078472,-1.836140949338534,-0.7278778703497366,-1.0466243828210473,-0.016278668203038915,0.001334437136639055,-0.020716217586799868,0.026380626073691044
513,-1.8446719224552697,-0.7406097408192418,-1.0484713813807027,-1.828120931015814,-0.7414455212290605,-1.0271285560983872,-0.01655099143945571,0.0008357804098186872,-0.02134282528231557,0.027021288599062436
514,-1.836660202112454,-0.7545273600829487,-1.0296021623535583,-1.8199181021234212,-0.754716603785701,-1.007098628747356,-0.016742099989032866,0.0001892437027523064,-0.022503533606202275,0.028048934917163624
515,-1.828387308980901,-0.76829133581872,-1.0107329433264138,-1.811533282937409,-0.7676858097635824,-0.9865201535059736,-0.016854026043492176,-0.0006055260551376396,-0.024212789820440284,0.02950735580439189
516,-1.8202449380305077,-0.781276789780555,-0.9891206892818879,-1.8029673119327096,-0.7803479516532316,-0.9653796649918884,-0.017277626097798038,-0.0009288381273234725,-0.02374102428999947,0.029377122700843705
517,-1.8118238455314872,-0.7940832498851932,-0.967508435237362,-1.7942210456992849,-0.79269796476672,-0.9436649021705272,-0.017602799832202365,-0.001385285118473134,-0.023843533066834732,0.029669709231829152
518,-1.8031279647348322,-0.8067047346021,-0.945896181192836,-1.7852953588564693,-0.804730909263467,-0.9213650517940357,-0.017832605878362884,-0.001973825338632995,-0.02453112939880031,0.030392007641173314
519,-1.7941613572372745,-0.8191353487974441,-0.9242839271483101,-1.7761911439655085,-0.8164419721261122,-0.8984710118695688,-0.017970213271766067,-0.0026933766713318485,-0.0258129152787413,0.03156722094378769
520,-1.7849282110842304,-0.831369286487545,-0.9026716731037842,-1.7669093114403063,-0.8278264690856536,-0.8749756733946423,-0.018018899643924113,-0.0035428174018914405,-0.027695999709141828,0.03323102013796353
521,-1.775832927436205,-0.8428938829062905,-0.8780322131449259,-1.7574507894563798,-0.8388798464951001,-0.8508742176279203,-0.01838213797982524,-0.004014036411190469,-0.027157995517005595,0.03303894982473554
522,-1.7664564734347092,-0.8541909009912027,-0.8533927531860676,-1.7478165238580448,-0.8495976831508637,-0.8261644250538847,-0.018639949576664483,-0.004593217840338948,-0.0272283281321829,0.03331557028212522
523,-1.7568045412649882,-0.8652534826358325,-0.8287532932272093,-1.7380074780638322,-0.8599756920611862,-0.8008469909691761,-0.01879706320115604,-0.005277790574646279,-0.027906302258033144,0.03405798531996256
524,-1.7468829903474448,-0.8760749120535938,-0.804113833268351,-1.7280246329701487,-0.8700097221608728,-0.7749258413027453,-0.01885835737729602,-0.006065189892720979,-0.02918799196560562,0.03527553041966681
525,-1.7366978437805478,-0.8866486198547308,-0.7794743733094927,-1.717868986853184,-0.8796957599716702,-0.7484084409343449,-0.018828856927363802,-0.0069528598830606025,-0.031065932375147765,0.03698594689989514
526,-1.7266107943645745,-0.8966168645286894,-0.7517998436394733,-1.7075415552690867,-0.8890299312075991,-0.721306085468987,-0.019069239095487855,-0.007586933321090283,-0.030493758170486274,0.036756859553825474
527,-1.7162517761638054,-0.9063021734920795,-0.7241253139694539,-1.6970433709524082,-0.8980085023246204,-0.6936341662499572,-0.019208405211397217,-0.00829367116745916,-0.03049114771949668,0.03697915495858907
528,-1.7056287224325324,-0.9156971294378347,-0.6964507842994345,-1.6863754837128333,-0.9066278820139979,-0.6654123974581106,-0.019253238719699084,-0.009069247423836746,-0.031038386841323873,0.03763402593058782
529,-1.6947497686315662,-0.9247945374201467,-0.6687762546294151,-1.6755389603301956,-0.9148846226387805,-0.6366649935694167,-0.019210808301370674,-0.009909914781366269,-0.0321112610599984,0.038709102978877245
530,-1.68362324619785,-0.9335874303645765,-0.6411017249593958,-1.6645348844478025,-0.9227754216128066,-0.6074207853483693,-0.019088361750047467,-0.010812008751769908,-0.03368093961102647,0.04019540745695503
531,-1.6724952410944773,-0.9418917897474006,-0.6108510367918192,-1.6533643564640714,-0.9302971227216964,-0.5777132630548064,-0.01913088463040591,-0.01159466702570422,-0.033137773737012766,0.03998173455997509
532,-1.66112115297098,-0.9498557712704014,-0.5806003486242426,-1.642028493422494,-0.9374467173852932,-0.5475805367263731,-0.019092659548485935,-0.012409053885108268,-0.03301981189786951,0.04011012646113942
533,-1.6495113895087143,-0.9574720876169058,-0.550349660456666,-1.6305284288999269,-0.9442213458610588,-0.5170652053199697,-0.018982960608787458,-0.013250741755847062,-0.03328445513669631,0.04054367896851092
534,-1.6376765740400685,-0.9647337695958201,-0.5200989722890894,-1.6188653128932389,-0.95061829838793,-0.48621412915210704,-0.018811261146829628,-0.01411547120789014,-0.03388484313698237,0.04124672917666198
535,-1.6256275358277472,-0.9716341725186796,-0.4898482841215129,-1.6070403117043106,-0.9566350162701883,-0.4550781034039326,-0.018587224123436608,-0.014999156248491241,-0.03477018071758026,0.04218323192827581
536,-1.613419354698793,-0.9781434926932671,-0.45806058207294675,-1.5950546078234087,-0.9622690929009017,-0.4237114343156453,-0.018364746875384252,-0.01587439979236538,-0.03434914775730147,0.042060961094793285
537,-1.601010459492341,-0.9842615197746015,-0.4262728800243807,-1.582909399810932,-0.9675182747245379,-0.3921714238816628,-0.01810105968140907,-0.016743245050063638,-0.03410145614271787,0.04208199053574015
538,-1.5884133878200624,-0.9899820722738026,-0.3944851779758146,-1.5706059021775611,-0.972380462138356,-0.3605177731102454,-0.01780748564250123,-0.017601610135446588,-0.033967404865569206,0.04219843382839745
539,-1.5756408674220321,-0.9952993702995437,-0.36269747592724855,-1.5581453452628062,-0.9768537103322188,-0.32881191793031006,-0.017495522159225896,-0.018445659967324946,-0.03388555799693849,0.042362326518004416
540,-1.5627058033069676,-1.0002080413978978,-0.3309097738786825,-1.5455289751119743,-0.9809362300664917,-0.29711631530754834,-0.017176828194993332,-0.019271811331406097,-0.03379345857113414,0.042525803708249765
541,-1.5494183975976246,-1.004772819293563,-0.2990867457254375,-1.5327580533515686,-0.9846263883877127,-0.265493699789787,-0.016660344246056003,-0.020146430905850332,-0.03359304593565049,0.042566870731544464
542,-1.5359924788941193,-1.0089125118773548,-0.26726371757219247,-1.519833857063122,-0.9879227092817555,-0.23400633231352022,-0.016158621830997255,-0.02098980259559924,-0.03325738525867225,0.04251736758929409
543,-1.5224416425456766,-1.012622927215179,-0.23544068941894744,-1.506757678655493,-0.9908238742642128,-0.20271526353027572,-0.01568396389018356,-0.02179905295096618,-0.03272542588867172,0.04233366193069712
544,-1.5087796103955848,-1.01590030806752,-0.2036176612657024,-1.4935308257356246,-0.9933287229077735,-0.17167963311530354,-0.015248784659960268,-0.022571585159746443,-0.03193802815039887,0.04197665461140509
545,-1.4950202168861866,-1.018741335694095,-0.17179463311245738,-1.4801546209777887,-0.9954362533063774,-0.1409560245718928,-0.014865595908397866,-0.02330508238771767,-0.030838608540564583,0.0414141592155179
546,-1.4807148844625337,-1.0212233810710847,-0.141514342952997,-1.466630401991313,-0.997145622475965,-0.11059789210988624,-0.014084482471220738,-0.024077758595119625,-0.03091645084311076,0.04164058162635898
547,-1.4663409642191023,-1.0232711852219067,-0.11123405279353663,-1.452959521186826,-0.99845614669166,-0.08065507250195922,-0.013381443032276286,-0.02481503853024669,-0.030578980291577407,0.04159234533608754
548,-1.4519116345384875,-1.0248828706666446,-0.08095376263407625,-1.439143345641015,-0.9993673017612495,-0.05117339069845843,-0.012768288897472502,-0.02551556890539508,-0.02978037193561782,0.041242502476923217
549,-1.4374401246040924,-1.0260569597703142,-0.050673472474615865,-1.425183256959923,-0.9998787232348542,-0.022194363718999813,-0.012256867644169445,-0.02617823653546003,-0.028479108755616052,0.040578202375997255
550,-1.42293970227127,-1.0267923760975972,-0.02039318231515548,-1.4110806511407838,-0.9999902065507035,0.006244996773392763,-0.011859051130486131,-0.02680216954689374,-0.026638179088548243,0.03960537806017626
551,-1.407728189359365,-1.0271026302645874,0.007136115299010128,-1.396836938432427,-0.9997017071169574,0.03411228652508152,-0.010891250926937879,-0.027400923147629985,-0.02697617122607139,0.03996428092827609
552,-1.392513900198449,-1.0269940574999448,0.034665412913175736,-1.3824535431942528,-0.9990133403295429,0.061379721814441665,-0.010060357004196163,-0.027980717170401848,-0.02671430890126593,0.039972310622406554
553,-1.3773083643954076,-1.02646674008167,0.062194710527341344,-1.3679319037538011,-0.9979253815259969,0.08802407252366619,-0.009376460641606466,-0.02854135855567319,-0.025829361996324844,0.03961922643747962
554,-1.3621231049237061,-1.0255210776184778,0.08972400814150695,-1.3532734722629136,-0.9964382658753348,0.11402652573356668,-0.008849632660792528,-0.029082811743142978,-0.02430251759205973,0.03891963898124485
555,-1.3469696293911149,-1.0241577867469676,0.11725330575567255,-1.338479714552524,-0.9945525882039893,0.13937249138381436,-0.00848991483859085,-0.029605198542978273,-0.022119185628141802,0.037918396690628714
556,-1.3309809253313432,-1.0222744193630495,0.14141666562089128,-1.3235521099860739,-0.9922691027578862,0.16405136184929442,-0.007428815345269291,-0.030005316605163368,-0.02263469622840314,0.038312345208330545
557,-1.3150423927459738,-1.020005298555581,0.16558002548611,-1.3084921513115828,-0.9895887229007583,0.18805623702960433,-0.00655024143439098,-0.030416575654822697,-0.02247621154349433,0.03838298871586569
558,-1.2991633371807318,-1.0173517491270376,0.18974338535132873,-1.293301344512367,-0.9865125207488105,0.21138362585071127,-0.005861992668364957,-0.030839228378227168,-0.02164024049938254,0.03812769300494764
559,-1.2833530294563054,-1.014315320324529,0.21390674521654746,-1.2779812086564475,-0.9830417267418881,0.234033134057412,-0.005371820799857874,-0.031273593582640924,-0.02012638884086454,0.03757613128106274
560,-1.2676207002556739,-1.0108977849352871,0.23807010508176618,-1.2625332757446417,-0.979177729151317,0.25600714694934407,-0.005087424511032168,-0.03172005578397019,-0.017937041867577885,0.03679376710874919
561,-1.2509713019873037,-1.0068574388848583,0.2587817707817211,-1.2469590905573706,-0.9749220735246148,0.2773105143849678,-0.004012211429933021,-0.03193536536024355,-0.01852874360324669,0.037138655613330754
562,-1.2344091509771669,-1.0024731472860424,0.279493436481676,-1.2312602105001726,-0.97027646206729,0.2979502440332553,-0.003148940476994211,-0.03219668521875241,-0.018456807551579302,0.03724508169140077
563,-1.2179413516884856,-0.9977467908147492,0.30020510218163093,-1.2154382054479715,-0.9652427529619856,0.3179352075580311,-0.0025031462405140648,-0.03250403785276357,-0.017730105376400185,0.03710976764267787
564,-1.201574968111579,-0.9926803968782704,0.32091676788158585,-1.1994946575880876,-0.9598229596252282,0.3372758632229733,-0.0020803105234914465,-0.03285743725304213,-0.016359095341387464,0.03676355362448461
565,-1.1853170207337096,-0.9872761387456077,0.34162843358154077,-1.1834311612620187,-0.954019249902089,0.35598399733641756,-0.0018858594716908428,-0.03325688884351874,-0.014355563754876788,0.036272018584819064
566,-1.1681972782982049,-0.9811888696200933,0.35913626663923087,-1.1672493228060146,-0.9478339451990766,0.3740724860305142,-0.0009479554921902889,-0.03335492442101673,-0.014936219391283312,0.03655872334274625
567,-1.1511867290505926,-0.974802819138064,0.376644099696921,-1.1509507603904343,-0.9412695195556019,0.39155507809344553,-0.0002359686601582922,-0.033533299582462095,-0.014910978396524555,0.03669979753128553
568,-1.1342905870029982,-0.9681199447286515,0.3941519327546111,-1.1345371038579373,-0.9343285986543979,0.4084461989420335,0.0002465168549390384,-0.0337913460742536,-0.01429426618742241,0.03669116904524345
569,-1.117514031099865,-0.961142294802386,0.4116597658123012,-1.1180099945604975,-0.92701395877128,0.4247607753253133,0.0004959634606325203,-0.03412833603110599,-0.01310100951301213,0.03655989264571771
570,-1.1008622036305233,-0.9538720081233244,0.4291675988699913,-1.1013710851952752,-0.9193285256646756,0.4405140799735253,0.0005088815647518175,-0.0345434824586488,-0.011346481103534034,0.03636280756832146
571,-1.1008567614162663,-0.9538695176902978,0.4450521709952027,-1.0846220396393396,-0.9112753734053558,0.4557215951360275,-0.016234721776926753,-0.042594144284942015,-0.01066942414082478,0.04681521045597779
572,-1.1008513594463831,-0.9538669411278476,0.46093674312041416,-1.0677645327832885,-0.90285772314685,0.470398893769609,-0.03308682666309459,-0.05100921798099767,-0.009462150649194812,0.061532192489579474
573,-1.1008459990838682,-0.9538642790860775,0.4768213152456256,-1.0508002503637583,-0.894078941837027,0.48456153703014543,-0.050045748720109806,-0.05978533724905055,-0.0077402217845198296,0.07835033215125918
574,-1.1008406816812175,-0.9538615322366587,0.49270588737083704,-1.0337308887948575,-0.8849425408713637,0.498224986670857,-0.06710979288635999,-0.068918991365295,-0.005519099300019981,0.09635357870439075
575,-1.1008354085800882,-0.9538587012726607,0.5085904594960484,-1.0165581549985165,-0.8754521746884284,0.5114045309468265,-0.08427725358157168,-0.0784065265842323,-0.002814071450778055,0.11514407444756568
576,-1.1071555582563146,-0.9573822454647046,0.5240420552715352,-0.9992837662338049,-0.865611639308158,0.5241152226565137,-0.10787179202250974,-0.09177060615654664,-7.316738497842312e-05,0.14162687958842354
577,-1.1134205112598288,-0.9610030215509807,0.5394936510470221,-0.9819094499252019,-0.8554248708134978,0.5363718280074358,-0.13151106133462687,-0.10557815073748289,0.0031218230395863023,0.16867617183703554
578,-1.1196287718515088,-0.9647201650818367,0.5549452468225089,-0.9644369434898631,-0.8448959437760261,0.5481887850668954,-0.1551918283616457,-0.11982422130581061,0.006756461755613508,0.19618358080438192
579,-1.125778857827379,-0.9685327886001761,0.5703968425979957,-0.9468679941638701,-0.8340290696261731,0.5595801706434279,-0.17891086366350895,-0.13450371897400304,0.010816671954567814,0.22409227551799504
580,-1.1318693008724827,-0.9724399818533361,0.5858484383734825,-0.9292043588275147,-0.8228285949687089,0.570559674535322,-0.202664942044968,-0.14961138688462727,0.01528876383816058,0.25236955466008754
581,-1.1486568814280205,-0.9835795412876297,0.6114399805719455,-0.9114478038296094,-0.8112989998441578,0.581140580175409,-0.23720907759841103,-0.17228054144347194,0.030299400396536447,0.2947317171929999
582,-1.1651539175746748,-0.995145026304472,0.6370315227704084,-0.89360010481086,-0.7994448959368459,0.5913357507932551,-0.27155381276381474,-0.19570013036762612,0.045695771977153354,0.33782853317779243
583,-1.181349605547183,-1.0071288627684754,0.6626230649688714,-0.8756630465262938,-0.7872710247302823,0.6011576203049405,-0.30568655902088926,-0.21985783803819303,0.06146544466393089,0.38152292486899747
584,-1.1972333389305767,-1.0195232025695335,0.6882146071673343,-0.8576384226667918,-0.7747822556106337,0.6106181882251972,-0.3395949162637849,-0.2447409469588998,0.07759641894213709,0.425727662365496
585,-1.2127947156062298,-1.032319928762481,0.7138061493657972,-0.8395280356797178,-0.7619835839190322,0.619729017975972,-0.37326667992651197,-0.2703363448434487,0.09407713138982521,0.4703830995446325
586,-1.190296142378636,-1.0128323730643072,0.7216375981147576,-0.8213336965886817,-0.7488801289535097,0.6285012380388306,-0.3689624457899543,-0.26395224411079743,0.09313636007592696,0.46311818701344876
587,-1.167950873317814,-0.9931692203423681,0.7294690468637179,-0.8030572248124292,-0.7354771319213411,0.6369455454658797,-0.36489364850538486,-0.257692088421027,0.09252350139783827,0.45619424093830635
588,-1.1457602788876293,-0.9733316765629112,0.7373004956126783,-0.7847004479829077,-0.721779953842635,0.6450722113249574,-0.3610598309047216,-0.25155172272027615,0.0922282842877209,0.4496093049739313
589,-1.1237257200655542,-0.95332095838781,0.7451319443616387,-0.7662652017625027,-0.7077940734059962,0.6528910877099849,-0.3574605183030515,-0.24552688498181374,0.09224085665165371,0.44336198419597267
590,-1.1018485482591982,-0.9331382930999447,0.752963393110599,-0.747753329660472,-0.6935250847771224,0.6604116159967486,-0.35409521859872617,-0.2396132083228223,0.09255177711385043,0.4374514200276046
591,-1.079542589628111,-0.9122343300277049,0.7592690954111274,-0.7291666828486026,-0.6789786953612166,0.6676428360684155,-0.35037590677950836,-0.23325563466648835,0.09162625934271196,0.43077469581716027
592,-1.057368887753503,-0.8911901287419982,0.7655747977116558,-0.7105071199760853,-0.6641607235200951,0.6745933962741206,-0.34686176777741773,-0.22702940522190307,0.09098140143753519,0.4244208432542213
593,-1.035328324300559,-0.8700065259970898,0.7718805000121842,-0.6917765069836577,-0.6490770962449237,0.6812715639183997,-0.34355181731690143,-0.22092942975216612,0.09060893609378451,0.41838695416134863
594,-1.0134217756406478,-0.848684364090091,0.7781862023127126,-0.6729767169170084,-0.6337338467854989,0.6876852361095336,-0.3404450587236394,-0.21495051730459203,0.09050096620317905,0.41267055599177777
595,-0.991650112816475,-0.8272244908274674,0.784491904613241,-0.6541096297394813,-0.6181371122370333,0.6938419508213524,-0.3375404830769937,-0.20908737859043414,0.09064995379188867,0.4072695958749454
596,-0.9694729335654171,-0.8050874717189326,0.7894923523001475,-0.6351771321440697,-0.6022931310853911,0.6997488980461777,-0.3342958014213474,-0.20279434063354151,0.08974345425396979,0.4011646981258049
597,-0.9474067261228516,-0.7828398340095745,0.7944927999870539,-0.6161811173647562,-0.5862082407117827,0.7054129309366325,-0.33122560875809537,-0.19663159329779178,0.08907986905042142,0.39536010224862
598,-0.9254520422416068,-0.760482133988781,0.7994932476739603,-0.5971234849871871,-0.5698888748578939,0.71084057685146,-0.3283285572544197,-0.1905932591308871,0.08865267082250039,0.38985218734651833
599,-0.9036094308859285,-0.7380149306979845,0.8044936953608668,-0.5780061407587223,-0.5533415610524803,0.7160380482354703,-0.32560329012720624,-0.18467336964550418,0.08845564712539644,0.38463769641866785
600,-0.8818794382177534,-0.7154387859166841,0.8094941430477732,-0.5588309963978517,-0.5365729180004349,0.7210112532766491,-0.32304844181990167,-0.17886586791624914,0.08848288977112417,0.3797137293408659
601,-0.8597853476815266,-0.6922534315884241,0.8133638671678985,-0.5395999694030323,-0.5195896529353996,0.7257658062944856,-0.32018537827849425,-0.1726637786530245,0.08759806087341293,0.37417225604107157
602,-0.8377811432729506,-0.6689827530358862,0.8172335912880239,-0.5203149828609361,-0.5023985589369582,0.7303070378230215,-0.3174661604120145,-0.166584194098928,0.08692655346500233,0.36890551964919166
603,-0.8158671544993991,-0.6456270987315726,0.8211033154081492,-0.5009779652541498,-0.48500651221350166,0.7346400043601177,-0.3148891892452492,-0.16062058651807098,0.08646331104803151,0.36390943718778185
604,-0.7940437095172894,-0.6221868184204762,0.8249730395282745,-0.4815908502683184,-0.467420469351827,0.7387694977612211,-0.31245285924897104,-0.15476634906864917,0.08620354176705336,0.3591802648672118
605,-0.7723111351271688,-0.5986622631148425,0.8288427636483998,-0.4621555765987845,-0.44964746453460147,0.7427000542616012,-0.3101555585283843,-0.14901479858024103,0.08614270938679858,0.3547145994492787
606,-0.750269919847062,-0.5746176048685517,0.8317172454087411,-0.44267408775671735,-0.4316946067267801,0.7464359631158108,-0.3075958320903447,-0.14292299814177162,0.0852812822929303,0.3497357236924916
607,-0.7282979114626481,-0.5505096889743859,0.8345917271690825,-0.4231483318747701,-0.4135690768321209,0.7499812748470809,-0.30514957958787803,-0.136940612142265,0.0846104523220016,0.34500424029088494
608,-0.7063952915207158,-0.526338714627368,0.8374662089294238,-0.4035802615122578,-0.39527812482090974,0.7533398091026414,-0.302815030008458,-0.1310605898064583,0.08412639982678238,0.3405158905943388
609,-0.6845622409947221,-0.5021048815435503,0.8403406906897651,-0.38397183345991004,-0.37682906683007494,0.756515162113617,-0.30059040753481203,-0.12527581471347532,0.08382552857614811,0.33626677221387785
610,-0.6627989402832971,-0.4778083899583641,0.8432151724501065,-0.36432500854419003,-0.35822928223682704,0.7595107137603188,-0.2984739317391071,-0.11957910772153707,0.08370445868978771,0.3322533481183154
611,-0.6376075340926424,-0.449521583591266,0.8347910810453572,-0.3446417514312205,-0.3394862107070128,0.7623296342454584,-0.29296578266142187,-0.11003537288425319,0.07246144679989874,0.3212279476766159
612,-0.6121787339307521,-0.421447993107701,0.8263669896406078,-0.3249240304303084,-0.32060734921933826,0.764974890379158,-0.2872547035004437,-0.10084064388836272,0.06139209926144984,0.3105689778369293
613,-0.5865143443497934,-0.39358961074710713,0.8179428982358585,-0.3051738172971223,-0.30160024906668353,0.7674492514806304,-0.28134052705267115,-0.0919893616804236,0.05049364675522816,0.300273447356386
614,-0.5606161866205123,-0.36594841347670043,0.8095188068311092,-0.28539308703651545,-0.2824725128356836,0.7697552949021605,-0.2752230995839968,-0.08347590064101684,0.03976351192894867,0.290339658698868
615,-0.5344860986029868,-0.33852636285117943,0.8010947154263599,-0.2655838177050335,-0.263231791365801,0.7718954111815078,-0.2689022808979533,-0.07529457148537844,0.029199304244852065,0.2807673566062693
616,-0.5081031213021674,-0.31130186389719466,0.7950448703175887,-0.2457479902131001,-0.24388578068908245,0.77387180882917,-0.2623551310890673,-0.06741608320811221,0.0211730614884188,0.2717046956102841
617,-0.48155592381949,-0.28423747511106473,0.7889950252088176,-0.22588758812693474,-0.2244422189518554,0.7756865187570767,-0.2556683356925552,-0.05979525615920933,0.013308506451740865,0.26290471064422294
618,-0.4548454777960331,-0.2573341870633359,0.7829451801000464,-0.2060045974701957,-0.20490888331957058,0.777341398355284,-0.24884088032583743,-0.052425303743765306,0.005603781744762393,0.2543650891215356
619,-0.427972760847856,-0.2305929844281845,0.7768953349912753,-0.1861010065253778,-0.18529358686603822,0.7788381352231183,-0.2418717543224782,-0.045299397562146265,-0.0019428002318430115,0.24608485412813907
620,-0.4009387565302171,-0.2040148459473775,0.7708454898825041,-0.1661788056349928,-0.16560417544830938,0.7801782505609888,-0.2347599508952243,-0.03841067049906813,-0.009332760678484653,0.23806451767199155
621,-0.3737199363570446,-0.17757692986627197,0.7713055425005225,-0.14623998700252616,-0.14584852456842748,0.7813631022287947,-0.22747994935451843,-0.031728405297844486,-0.010057559728272158,0.22990209561629993
622,-0.3465132818963611,-0.15112649449389953,0.7717655951185409,-0.12628654449322554,-0.1260345362233393,0.7823938874764594,-0.22022673740313556,-0.02509195827056024,-0.010628292357918512,0.22190624785148919
623,-0.3193187989064117,-0.1246635454284527,0.7722256477365593,-0.10632047343471225,-0.10617013574419806,0.7832716453517061,-0.21299832547169945,-0.01849340968425464,-0.011045997615146796,0.2140848124431332
624,-0.2921364931428654,-0.09818808827077254,0.7726857003545777,-0.08634377041745736,-0.08626326862634384,0.7839972587896967,-0.20579272272540802,-0.011924819644428694,-0.011311558435118996,0.206448050134943
625,-0.26496637035881393,-0.07170012862434737,0.7731457529725961,-0.06635843309511363,-0.06632189735120068,0.7845714563886423,-0.1986079372637003,-0.005378231273146683,-0.011425703416046207,0.19900900686732953
626,-0.23778336717390824,-0.04517520987328422,0.7734067564711691,-0.0463664599847589,-0.04635399820139721,0.7849948138749364,-0.19141690718914933,0.0011787883281129952,-0.011588057403767338,0.19177097010281538
627,-0.21060728801140885,-0.018643197166844847,0.773667759969742,-0.026369850267042503,-0.026367558070356484,0.7852677552607884,-0.18423743774436635,0.007724360903511637,-0.011599995291046383,0.18476379274286742
628,-0.18343813472262704,0.007895907687535054,0.773928763468315,-0.006370603586275981,-0.006370571267652135,0.7853905536967359,-0.17706753113635107,0.014266478955187189,-0.011461790228420976,0.1780107177664923
629,-0.15627590915840234,0.034442102881936665,0.7741897669668879,0.013629280149540351,0.013628963678619457,0.7853633320208057,-0.16990518930794268,0.020813139203317208,-0.011173565053917756,0.17153952510508658
630,-0.12912061316910228,0.06099538660795816,0.7744507704654608,0.033627800968699426,0.033623047221136695,0.7851860630054648,-0.16274841413780172,0.027372339386821466,-0.010735292540003938,0.1653830032796485
631,-0.10195801439044362,0.0875696829785042,0.7740217007684042,0.053622959035786476,0.053603681993068565,0.7848585693028844,-0.1555809734262301,0.03396600098543564,-0.010836868534480293,0.15961380339691658
632,-0.07478401588716974,0.11413232225520398,0.7735926310713475,0.07361275485165383,0.07356287600690768,0.7843805230883966,-0.14839677073882357,0.040569446248296295,-0.010787892017049105,0.15422016777573508
633,-0.04759862266203553,0.14068329954785427,0.7731635613742908,0.09359518945337977,0.09349264585116929,0.7837514454014016,-0.14119381211541532,0.04719065369668499,-0.010587884027110861,0.14924729030764747
634,-0.020401839719893712,0.1672226099683989,0.7727344916772341,0.1135682646141561,0.11338501988364241,0.7829707051823518,-0.13397010433404982,0.0538375900847565,-0.01023621350511772,0.14474548361981046
635,0.006806327932306167,0.19375024863092952,0.7723054219801774,0.1335299830431127,0.13323204141994396,0.7820375180038213,-0.12672365511080652,0.06051820721098555,-0.009732096023643888,0.14076949904609254
636,0.03250195205849737,0.21878167860249817,0.7711317836083014,0.15347834858503784,0.15302577191607933,0.7809509444930636,-0.12097639652654046,0.06575590668641884,-0.009819160884762201,0.1380418186680421
637,0.05822693632774027,0.24378293397104417,0.7699581452364254,0.17341136642000265,0.17275829414376465,0.7797098884428689,-0.11518443009226238,0.07102463982727952,-0.009751743206443564,0.13567257974195993
638,0.08398124530575031,0.2687539802991666,0.7687845068645494,0.19332704326283448,0.1924217153572057,0.7783130946069631,-0.10934579795708417,0.07633226494196088,-0.009528587742413719,0.13369335131713192
639,0.10976484351785029,0.2936947831910752,0.7676108684926733,0.2132233875624471,0.21200817045009426,0.7767591461756517,-0.10345854404459681,0.08168661274098096,-0.009148277682978323,0.1321365355285496
640,0.13557769544901924,0.31860530829263806,0.7664372301207973,0.23309840970098727,0.23150982510153895,0.7750464619269026,-0.09752071425196804,0.08709548319109911,-0.008609231806105289,0.131034467880769
641,0.15444642437596334,0.3367717319960957,0.7644792470173889,0.2529501221928054,0.25091887890969955,0.7731732930475957,-0.09850369781684204,0.08585285308639617,-0.008694046030206848,0.1309552492382089
642,0.17335068666234998,0.35490117624845896,0.7625212639139805,0.2727765398831953,0.2702275685118367,0.7711377196192538,-0.0994258532208453,0.08467360773662225,-0.008616455705273363,0.13087919408656742
643,0.19229040983497295,0.3729935715469388,0.760563280810572,0.2925756801469099,0.28942817068955534,0.7689376467622203,-0.10028527031193693,0.08356540085738345,-0.00837436595164831,0.13080688692528986
644,0.21126552128467974,0.39104884853078076,0.7586052977071636,0.3123455630864238,0.30851300545799065,0.7665708004319635,-0.10108004180174407,0.0825358430727901,-0.0079655027247999,0.13073939527180534
645,0.23027594826664993,0.40906693798153065,0.7566473146037551,0.3320842117299144,0.32747443913769303,0.7640347228610073,-0.10180826346326449,0.08159249884383762,-0.007387408257252148,0.1306783538989776
646,0.25045790944187607,0.4281205326980188,0.753850512032049,0.351789652228968,0.34630488740800797,0.7613267676398998,-0.10133174278709195,0.08181564529001084,-0.0074762556078508124,0.13045235263652458
647,0.27069308075767884,0.4471176080076193,0.7510537094603429,0.37145991405595574,0.3649968183406966,0.7584440944306824,-0.1007668332982769,0.08212078966692271,-0.007390384970339503,0.1302013693418449
648,0.2909813039325343,0.4660580153133183,0.7482569068886368,0.3910930302010885,0.38354275541260996,0.7553836633065133,-0.10011172626855419,0.08251525990070835,-0.007126756417876523,0.1299304294997562
649,0.31132242026994156,0.48494160646136486,0.7454601043169307,0.4106870373691092,0.40193528049619187,0.7521422287114786,-0.09936461709916766,0.08300632596517299,-0.006682124394547961,0.12964577921369044
650,0.3317162706596642,0.5037682337424295,0.7426633017452245,0.43023997617563103,0.4201670368266409,0.7487163330352061,-0.09852370551596684,0.0836011969157886,-0.006053031289981581,0.1293550148318453
651,0.3513964631296831,0.5218343598190116,0.7389583587596071,0.4497498913430674,0.43823073194451173,0.7451022997977352,-0.09835342821338433,0.08360362787449988,-0.006143941038128098,0.12923123247335835
652,0.37114345434272217,0.5398274480782322,0.7352534157739897,0.4692148318961616,0.45611914061260495,0.7412962264412188,-0.09807137755343942,0.0837083074656273,-0.006042810667229115,0.12907978693331204
653,0.39095697323999196,0.5577472515364033,0.7315484727883723,0.48863285135707546,0.4738251077059589,0.7372939767265044,-0.0976758781170835,0.08392214383044433,-0.005745503938132113,0.1289050588865473
654,0.410836747849505,0.5755935242157866,0.7278435298027549,0.5080020079400462,0.4913415510738144,0.733091172734505,-0.09716526009054122,0.08425197314197219,-0.005247642931750063,0.12871293836719475
655,0.43078250528980916,0.5933660211479709,0.7241385868171375,0.5273203647455568,0.5086614643723737,0.7286831864746114,-0.09653785945574761,0.08470455677559718,-0.004544599657473891,0.12851098642876707
656,0.442012504477593,0.6032980211375419,0.7215366267613296,0.5465859899540265,0.5257779198672481,0.7240651311052729,-0.10457348547643353,0.07752010127029385,-0.0025285043439433608,0.13019743968244463
657,0.4532683082888369,0.6132007675299955,0.7189346667055216,0.5657969570189859,0.5426840712044526,0.7192318517753863,-0.112528648730149,0.07051669632554292,-0.0002971850698646472,0.13279830407301088
658,0.4645498405195845,0.6230741932818341,0.7163327066497137,0.5849513448597394,0.5593731561488667,0.7141779160993728,-0.12040150434015495,0.06370103713296738,0.002154790550340957,0.1362313748792982
659,0.47585702479169295,0.6329182315480666,0.7137307465939058,0.6040472380534647,0.5758384992890305,0.708897604283927,-0.12819021326177177,0.057079732259036065,0.004833142309978777,0.14040721447080373
660,0.48718978455335027,0.6427328156826607,0.7111287865380979,0.6230827270267574,0.5920735147072245,0.7033848989304824,-0.1358929424734071,0.05065930097543625,0.007743887607615463,0.14523506596094468
661,0.4742554184323371,0.6315899460021916,0.7163405123912567,0.6420559082465795,0.6080717086137423,0.6976334745446516,-0.16780048981424245,0.02351823738844938,0.0187070378466051,0.17047012974933015
662,0.46137930129220367,0.6203798175880345,0.7215522382444156,0.6609648844106218,0.6238266819443293,0.6916366867923863,-0.19958558311841818,-0.003446864356294821,0.029915551452029288,0.20184455920655556
663,0.44856178287436416,0.6091027349299764,0.7267639640975745,0.6798077646370254,0.6393321329197169,0.6853875615526078,-0.23124598176266126,-0.03022939798974056,0.04137640254496666,0.23685549871548753
664,0.43580321132857286,0.5977590043364169,0.7319756899507334,0.6985826646534714,0.6545818595662526,0.6788787838277314,-0.26277945332489855,-0.056822855229835656,0.053096906123002,0.2740459074790906
665,0.4231039332034676,0.586348933926049,0.7371874158038922,0.7172877069856007,0.6695697621966022,0.672102686587147,-0.2941837737821331,-0.08322082827055322,0.06508472921674524,0.3125793035246436
666,0.44512379473467284,0.6063417615968357,0.7294851215591164,0.7359210211447693,0.6842898458495512,0.6650512396345386,-0.2907972264100965,-0.07794808425271549,0.06443388192457777,0.3078809118252442
667,0.46729699222017707,0.6261643944541545,0.7217828273143405,0.7544807438150888,0.6987362226879031,0.6577160386082651,-0.2871837515949117,-0.07257182823374864,0.0640667887060754,0.3030606058999183
668,0.4896222102340785,0.6458156565194519,0.7140805330695646,0.7729650190397587,0.7129031143535387,0.6500882942451496,-0.2833428088056802,-0.06708745783408676,0.06399223882441507,0.2981256126707224
669,0.5120981243318508,0.6652943819807543,0.7063782388247888,0.7913719984066616,0.7267848542786822,0.6421588220623271,-0.27927387407481086,-0.06149047229792792,0.06421941676246168,0.29308549676414614
670,0.5347234011289159,0.6845994152618292,0.6986759445800129,0.8096998412331966,0.7403758899524486,0.6339180326396285,-0.2749764401042807,-0.055776474690619415,0.06475791194038438,0.28795250459097405
671,0.5563137029242944,0.7027358623824064,0.6894662555376854,0.827946714750356,0.7536707851417809,0.6253559227167048,-0.2716330118260616,-0.0509349227593745,0.06411033282098055,0.28370582342387274
672,0.5780701177761236,0.7206727032014614,0.6802565664953578,0.8461107942859937,0.7666642220658663,0.61646206735519,-0.26804067650987007,-0.04599151886440489,0.06379449914016777,0.2793398686043018
673,0.599990800353753,0.7384084163561059,0.6710468774530303,0.8641902634472943,0.7793510035231799,0.607225613456968,-0.26419946309354136,-0.040942587167073996,0.06382126399606225,0.27486506777126857
674,0.622073891393709,0.7559414975426522,0.6618371884107027,0.8821833143024047,0.791726054970291,0.5976352749755627,-0.26010942290869565,-0.03578455742763886,0.06420191343514003,0.2702948984441251
675,0.6443175178573947,0.7732704596442045,0.6526274993683752,0.9000881475612352,0.803784426551621,0.5876793302090884,-0.25577062970384057,-0.03051396690741648,0.0649481691592868,0.26564634737309933
676,0.6654319005323244,0.7894094210194647,0.6416443090881735,0.9179029727553806,0.8155212950793129,0.5773456216204795,-0.2524710722230562,-0.026111874059848272,0.06429868746769396,0.26183543206839904
677,0.6867222634210759,0.8053155103591102,0.6306611188079718,0.9356260084171686,0.8269319659624466,0.5666215586940145,-0.2489037449960927,-0.02161645560333636,0.06403956011395728,0.25791744936223315
678,0.708186038283012,0.8209868089234166,0.6196779285277701,0.953255482257799,0.8380118750848067,0.5554941244066477,-0.24506944397478703,-0.0170250661613901,0.06418380412112246,0.2539063724276522
679,0.729820635958938,0.8364214262952961,0.6086947382475685,0.9707896313445805,0.8487565906304755,0.5439498859681842,-0.24096899538564254,-0.012335164335179338,0.06474485227938431,0.24982015313625316
680,0.7516234466834305,0.8516175006083372,0.5977115479673668,0.9882267022772163,0.8591618148564958,0.5319750105656659,-0.2366032555937858,-0.007544314248158601,0.06573653740170093,0.24568131712569952
681,0.7830352226861618,0.8730020882450613,0.6547115481336707,1.0055649513631455,0.8692233858119127,0.5195552869336455,-0.22252972867698373,0.0037787024331485952,0.13515626120002522,0.2603862010143773
682,0.8131777225128599,0.8961414478782923,0.7117115482999746,1.0228026447919047,0.8789372790024944,0.5066761536623483,-0.20962492227904483,0.0172041688757979,0.20503539463762632,0.2937313475293533
683,0.8419530396935003,0.9209604200808643,0.7687115484662785,1.0399380588085174,0.8882996090004824,0.4933227352482483,-0.1979850191150171,0.03266081108038188,0.2753888132180302,0.34074006929041556
684,0.8692677085319663,0.9473783898416811,0.8257115486325824,1.0569694798858615,0.8973066309987076,0.4794798869840495,-0.1877017713538952,0.050071758842973546,0.346231661648533,0.3970081857228174
685,0.8950330076938882,0.9753095484129822,0.8827115487988864,1.0738952048960235,0.9059547423084627,0.4651322498740918,-0.17886219720213536,0.0693548061045195,0.41757929892479456,0.45953699046789914
686,0.9191652467511923,1.0046631700411288,0.8262474210522814,1.090713541280604,0.9142404838005289,0.4502643168426439,-0.17154829452941167,0.0904226862405999,0.37598310420963754,0.4230465390403648
687,0.9449155729344032,1.0326081296235923,0.7697832933056765,1.1074228072199814,0.9221605412887859,0.4348605115707623,-0.16250723428557823,0.11044758833480639,0.33492278173491424,0.38830470083321894
688,0.972201910921744,1.0590553567721588,0.7133191655590716,1.124021331801486,0.9297117468558371,0.4189052813456625,-0.15181942087974198,0.12934360991632166,0.2944138842134091,0.35560995655362704
689,1.000937289583044,1.0839205548972288,0.6568550378124667,1.1405074551864933,0.936891080120138,0.4023832053261955,-0.13957016560344937,0.14702947477709083,0.2544718324862712,0.32535121193676586
690,1.0310301191872362,1.107124469890616,0.6003909100658618,1.1568795287764002,0.9436956694441047,0.3852791196091139,-0.12584940958916402,0.1634288004465113,0.2151117904567479,0.29802706102438853
691,1.0540612944605658,1.1228941651370492,0.5441220299637726,1.1731359153774927,0.9501227930827353,0.36757826041131964,-0.11907462091692689,0.17277137205431392,0.17654376955245293,0.2742196472097315
692,1.0779428937667757,1.1373436473843082,0.4878531498616834,1.1892749893646573,0.9561698802722672,0.3492664265498517,-0.1113320955978816,0.18117376711204092,0.1385867233118317,0.2538209000025295
693,1.1025993234482185,1.1504271789412033,0.4315842697595942,1.2052951368439446,0.9618345122584524,0.3303301621888942,-0.10269581339572609,0.18859266668275088,0.10125410757069997,0.23741528660863404
694,1.1279525372367096,1.1621033458306955,0.375315389657505,1.2211947558139582,0.9671144232640236,0.31075696051584134,-0.09324221857724857,0.19498892256667189,0.06455842914166365,0.22557167823589505
695,1.153922283297403,1.172335188879693,0.3190465095554158,1.236972256326048,0.9720075013949759,0.29053548859030254,-0.08304997302864492,0.20032768748471697,0.028511020965113265,0.21872667580683022
696,1.1717490952472358,1.1782239470782474,0.2950155794377915,1.2526260606433117,0.9765117894852975,0.2696558330657038,-0.08087696539607592,0.20171215759294991,0.02535974637208771,0.21879669738946642
697,1.189712258798076,1.1836826513806908,0.2709846493201672,1.2681546033983628,0.9806254858798085,0.24810976580033245,-0.07844234460028687,0.20305716550088238,0.022874883519834743,0.218880502063772
698,1.2078014009808018,1.1887081496155802,0.24695371920254292,1.2835563317498675,0.9843469451548001,0.22589102754483356,-0.0757549307690657,0.2043612044607801,0.021062691657709354,0.2189656329298149
699,1.2260060760789466,1.1932975397697003,0.22292278908491864,1.2988297055378224,0.9876746787761803,0.2029956269152212,-0.07282362945887577,0.20562286099352,0.01992716216969745,0.2190459626719048
700,1.244315771660659,1.1974481716638539,0.19889185896729436,1.3139731974375781,0.9906073556948702,0.17942215074251594,-0.06965742577691914,0.20684081596898363,0.01946970822477842,0.21912176901198102
701,1.263972409868529,1.2014100971837967,0.17397585724639658,1.328985293112564,0.9931438028792042,0.15517208065333724,-0.06501288324403509,0.20826629430459243,0.018803776593059346,0.2189865437537917
702,1.2837216520308805,1.2048810788134616,0.14905985552549877,1.3438644913657243,0.9952830057841277,0.13025010941636972,-0.06014283933484377,0.20959807302933398,0.018809746109129055,0.21886598614119268
703,1.3035512383114038,1.2078589618541387,0.12414385380460098,1.3586093042896297,0.9970241087570001,0.10466444924219856,-0.05505806597822582,0.21083485309713856,0.019479404562402422,0.21877425148280227
704,1.3234488589981677,1.2103418977104068,0.09922785208370319,1.373218257415277,0.9983664153798475,0.07842712292189793,-0.049769398417109256,0.2119754823305593,0.020800729161805254,0.21873104137670307
705,1.3434021621451802,1.2123283450376963,0.0743118503628054,1.3876898898595273,0.9993093887479177,0.051554227525755024,-0.04428772771434719,0.21301895628977852,0.02275762283705037,0.21876102934956254
706,1.3629489878405903,1.2137835855450363,0.046302284490501305,1.4020227544711974,0.9998526516844362,0.024066159466105345,-0.03907376663060713,0.21393093386060014,0.02223612502439596,0.2186038630886293
707,1.3825289017705646,1.214690828729496,0.018292718618197215,1.4162154179757676,0.9999959868914717,-0.004012210822560227,-0.03368651620520291,0.21469484183802423,0.022304929440757442,0.2184631922390012
708,1.402126543796303,1.2150493628728682,-0.009716847254106875,1.4302664611187157,0.999739337036853,-0.03265142639572878,-0.02813991732241261,0.21531002583601522,0.022934579141621905,0.21834893426078608
709,1.4217265398715893,1.2148589067106783,-0.037726413126410965,1.4441744788074369,0.9990828047770997,-0.06181740477477093,-0.022447938935847622,0.21577610193357866,0.024090991648359962,0.21827416706225
710,1.4413135141034916,1.2141196096528317,-0.06573597899871506,1.457938080251753,0.9980266527163616,-0.0914714824314205,-0.016624566148261355,0.21609295693647013,0.025735503432705448,0.21825411422032767
711,1.4610029891847924,1.2128234351764204,-0.09630614830774739,1.4715558891029872,0.9965713033013819,-0.12157055086072027,-0.010552899918194747,0.21625213187503856,0.02526440255297288,0.21797852709278767
712,1.4806436466265205,1.2109260494731016,-0.12687631761677973,1.4850265435916035,0.9947173386525217,-0.1520672896241892,-0.004382896965082983,0.2162087108205799,0.025190972007409468,0.21771541399538474
713,1.5002171329713283,1.208429225578614,-0.15744648692581206,1.4983486966633788,0.9924655003309216,-0.18291049838327378,0.001868436307949528,0.21596372524769236,0.025464011457461716,0.21746778510069797
714,1.519705157530738,1.2053352966811917,-0.1880166562348444,1.5115210161141086,0.9898166890418857,-0.21404552605890018,0.008184141416629487,0.21551860763930597,0.026028869824055778,0.217238929462079
715,1.5390895094771033,1.201647153941287,-0.21858682554387673,1.5245421847228224,0.9867719642746133,-0.24541479105467268,0.014547324754280888,0.21487518966667363,0.026827965510795942,0.21703159107660788
716,1.558462043345906,1.1973438158252203,-0.25046793187120436,1.5374109003835117,0.9833325438784152,-0.2769583822343691,0.021051142962394298,0.21401127194680514,0.02649045036316472,0.21666960816126438
717,1.5776875609387562,1.1924251512985322,-0.282349038198532,1.550125876235334,0.9794998035755915,-0.30861472634854564,0.02756168470342213,0.2129253477229407,0.026265688150013622,0.21630241917421963
718,1.5967465229996531,1.1868961592927159,-0.3142301445258597,1.5626858407913,0.9752752764111607,-0.3403213041667633,0.03406068220835312,0.21162088288155512,0.02609115964090364,0.2159265540767842
719,1.6156195595461234,1.1807624590265884,-0.34611125085318734,1.5750895380654217,0.9706606521396621,-0.37201539497002895,0.04053002148070162,0.21010180688692626,0.02590414411684161,0.21553764539124826
720,1.634287489555299,1.1740302842953731,-0.377992357180515,1.5873357276983062,0.9656577765492774,-0.4036348275127553,0.04695176185699279,0.20837250774609573,0.02564247033224032,0.2151304399907468
721,1.6528343283035547,1.1666655820355016,-0.40959466603064876,1.5994231850811964,0.9602686507235386,-0.43511871520880985,0.05341114322235829,0.20639693131196302,0.02552404917816109,0.21471823528001444
722,1.6711392035464283,1.1587185316850137,-0.4411969748807825,1.6113507014784265,0.9544954302409214,-0.46640815416292103,0.05978850206800179,0.20422310144409228,0.025211179282138507,0.21428332577168852
723,1.6891838356179747,1.1501970693496588,-0.4727992837309163,1.6231170841482976,0.9483404243126435,-0.49744686468148896,0.06606675146967711,0.20185664503701528,0.02464758095057268,0.21381867093888388
724,1.706950204737016,1.1411097047560963,-0.5044015925810501,1.6347211564623458,0.9418060948590116,-0.528181759882355,0.07222904827467014,0.19930360989708473,0.023780167301304944,0.21331774583834326
725,1.7244205690021055,1.1314655127538888,-0.5360039014311839,1.646161758023011,0.934895055524683,-0.5585634287330091,0.07825881097909448,0.19657045722920585,0.0225595273018252,0.21277527681392516
726,1.7416124270668478,1.1212533665772564,-0.5658558412425267,1.6574377447796707,0.927610070633246,-0.5885465249860494,0.08417468228717717,0.19364329594401042,0.022690683743522677,0.21236282709305643
727,1.7584918184413314,1.1105326361880448,-0.5957077810538696,1.668547989143047,0.9199540540815242,-0.6180900577424485,0.08994382929828437,0.19057858210652057,0.02238227668857895,0.21192228456756224
728,1.7750437023702437,1.0993128745303726,-0.6255597208652124,1.6794913800979598,0.9119300681740611,-0.6471575834684962,0.09555232227228383,0.18738280635631155,0.02159786260328378,0.21144509944338663
729,1.791253329931031,1.0876040792212163,-0.6554116606765552,1.6902668233144347,0.9035413223982338,-0.6757173029780909,0.10098650661659625,0.18406275682298245,0.020305642301535642,0.21092579756202923
730,1.8071062571762522,1.0754166836418122,-0.685263600487898,1.7008732412571288,0.8947911721405041,-0.7037420699869326,0.10623301591912337,0.18062551150130812,0.018478469499034533,0.21036274126234583
731,1.822590124230849,1.062760103919462,-0.7123939618967241,1.7113095732930879,0.8856831173443074,-0.7312093202389199,0.11128055093776124,0.1770769865751547,0.01881535834219583,0.20998485159909613
732,1.8377249576749983,1.049688150513391,-0.7395243233055502,1.7215747757978035,0.8762208011101247,-0.7581009318558724,0.11615018187719484,0.17346734940326636,0.01857660855032217,0.20958739571914203
733,1.8524996180993076,1.0362104445298426,-0.7666546847143763,1.7316678222595798,0.8664080082382859,-0.7844030284895931,0.1208317958397278,0.16980243629155667,0.017748343775216835,0.20916068933517384
734,1.8669032311858202,1.022336905713568,-0.7937850461232023,1.7415877033821823,0.8562486637151049,-0.8101057371275008,0.12531552780363797,0.16608824199846317,0.01632069100429845,0.20869990559102375
735,1.8809251957116357,1.0080777451467815,-0.8209154075320284,1.7513334271857652,0.8457468311429333,-0.8352029121201988,0.1295917685258705,0.16233091400384825,0.014287504588170408,0.20820539113659994
736,1.8945727440431894,0.9934246117163162,-0.8449516348715048,1.7609040191060688,0.8349067111147797,-0.8596918362790572,0.13366872493712068,0.1585179006015366,0.014740201407552389,0.20787622849900242
737,1.9078641780623082,0.9784477069456862,-0.8689878622109812,1.7702985220918765,0.823732639534121,-0.8835729088565338,0.1375656559704317,0.15471506741156515,0.014585046645552602,0.20754224960810574
738,1.9207918191426137,0.9631556831786398,-0.8930240895504576,1.7795159967007192,0.8122290858806044,-0.9068493289873355,0.1412758224418944,0.15092659729803537,0.013825239436877856,0.20719274365692447
739,1.9333481988254222,0.9475573748070802,-0.9170603168899341,1.7885555211928177,0.8004006514223111,-0.9295267818372679,0.1447926776326045,0.14715672338476915,0.012466464947333833,0.20682222675922404
740,1.9455260631343674,0.9316617931673279,-0.9410965442294105,1.7974161916232538,0.7882520673753163,-0.9516131333632378,0.14810987151111354,0.1434097257920116,0.010516589133827359,0.20643033240729972
741,1.9573776352854526,0.9153967954416934,-0.9621226323369104,1.8060971219323696,0.7757881930112588,-0.9731181382979247,0.151280513353083,0.1396086024304346,0.010995505961014285,0.20614862780113327
742,1.968884623687372,0.8988862190924146,-0.9831487204444104,1.814597444034368,0.7630140137137015,-0.9940531647825135,0.1542871796530041,0.13587220537871314,0.010904444338103114,0.20587544026929575
743,1.9800419413296124,0.8821373631166345,-1.0041748085519104,1.8229163079041226,0.7499346389840432,-1.0144309380104182,0.1571256334254898,0.13220272413259126,0.010256129458507734,0.20559964284723137
744,1.9908446557841426,0.8651576318501757,-1.0252008966594104,1.8310528816621792,0.7365553003977854,-1.0342653043291206,0.15979177412196344,0.1286023314523903,0.009064407669710173,0.20531471992635536
745,2.0012879913859423,0.8479545316942311,-1.0462269847669103,1.8390063516579414,0.722881349511976,-1.0535710164801917,0.16228163972800091,0.12507318218225505,0.0073440317132813515,0.20501845354945472
746,2.011463488642628,0.8303694911523808,-1.064575451225195,1.8467759225510378,0.7089182557246515,-1.0723635400346438,0.1646875660915903,0.12145123542772929,0.007788088809448812,0.20477561216950987
747,2.0213146326521128,0.8126007163779703,-1.0829239176834797,1.854360817390854,0.6946716040871542,-1.090658880591542,0.16695381526125885,0.11792911229081604,0.007734962908062304,0.20454994892978964
748,2.030838106960013,0.7946541893494308,-1.1012723841417644,1.8617602776942273,0.6801470930701856,-1.1084734309385513,0.16907782926578574,0.11450709627924516,0.007201046796786903,0.20433071849945625
749,2.040030705424171,0.7765359518866946,-1.1196208506000491,1.868973563521292,0.665350532284497,-1.125823837107909,0.1710571419028788,0.11118541960219752,0.006202986507859887,0.20411080414744104
750,2.048889333294023,0.758252103617175,-1.1379693170583338,1.8759999535494778,0.6502878401571169,-1.1427268820842833,0.1728893797445452,0.10796426346005805,0.004757565025949484,0.2038863758025595
751,2.0575239470181517,0.7395643686379957,-1.1540619420276697,1.8828387451456365,0.6349650415640629,-1.1591993858163752,0.17468520187251513,0.10459932707393282,0.005137443788705509,0.20367211960954068
752,2.0658567209719454,0.7207401058090844,-1.1701545669970055,1.8894892544363082,0.6193882654204694,-1.1752581201377648,0.17636746653563717,0.101351840388615,0.005103553140759276,0.203479053116086
753,2.073885497242019,0.7017841899931166,-1.1862471919663413,1.895950816376105,0.6035637422291092,-1.1909197372013636,0.1779346808659139,0.0982204477640074,0.004672545235022252,0.203297416837475
754,2.0816081966403517,0.6827015301465453,-1.2023398169356772,1.902222784814218,0.5874978015882669,-1.2062007100649477,0.17938541182613377,0.09520372855827841,0.003860893129270515,0.20312011816456196
755,2.0890228192427296,0.6634970680483436,-1.218432441905013,1.9083045325590295,0.5711968696599886,-1.2211172841230187,0.18071828668370005,0.09230019838835501,0.0026848422180056897,0.20294244046565835
756,2.0962362913697614,0.6438797650569889,-1.2326916954169316,1.9141954514408346,0.5546674665997017,-1.2356854381550875,0.18204083992892683,0.08921229845728718,0.002993742738155891,0.2027477844358441
757,2.1031693115475583,0.6241616011466156,-1.2469509489288502,1.9198949523726523,0.5379162039482439,-1.2499208538459183,0.18327435917490598,0.08624539719837165,0.002969904917068167,0.20257487406905567
758,2.10982047013459,0.6043465854708147,-1.2612102024407688,1.9254024654091402,0.5209497819873273,-1.2638388927244983,0.18441800472544978,0.08339680348348733,0.0026286902837295845,0.20241525957987258
759,2.116188414798233,0.5844387468753554,-1.2754694559526873,1.9307174398035836,0.5037749870595203,-1.2774545795615464,0.18547097499464926,0.08066375981583507,0.001985123608859052,0.2022623678019097
760,2.1222718507897302,0.5644421330790289,-1.289728709464606,1.935839344062973,0.4863986888537981,-1.2907825913575508,0.18643250672675715,0.0780434442252308,0.0010538818929448635,0.2021112797891383
761,2.128159739499756,0.5440483921580791,-1.3025402271503788,1.94076766600115,0.4688278376577654,-1.3038372511423686,0.18739207349860587,0.07522055450031367,0.0012970239919898319,0.2019296989070141
762,2.133785877386969,0.5235808941505908,-1.3153517448361516,1.9455019127900275,0.45106946157762406,-1.3166325258920903,0.1882839645969414,0.07251143257296677,0.0012807810559387622,0.2017681827698298
763,2.13914934101794,0.5030429984431013,-1.3281632625219244,1.9500416110088725,0.433130663727031,-1.3291820279480693,0.18910773000906733,0.06991233471607028,0.0010187654261448742,0.20161970632264015
764,2.1442492500726855,0.48243807597671495,-1.3409747802076972,1.954386306691646,0.415018619385944,-1.3414990193963932,0.18986294338103948,0.06741945659077098,0.0005242391886959297,0.20147852298206284
765,2.1490847674891564,0.46176950869382194,-1.35378629789347,1.9585355653724,0.39674057313061206,-1.3535964189332585,0.19054920211675652,0.06502893556320988,-0.00018987896021149808,0.2013400033322642
766,2.1537198082415565,0.4407472018317877,-1.365489477885391,1.9624889721287242,0.37830383593583167,-1.3654868108028255,0.19123083611283231,0.06244336589595606,-2.6670825654662167e-06,0.20116760830696007
767,2.1581085093548276,0.4196720911294376,-1.377192657877312,1.9662461316232376,0.3597157822506608,-1.3771824554492114,0.19186237773158998,0.05995630887877679,-1.0202428100569705e-05,0.20101226596224459
768,2.162250269739919,0.39854706309417987,-1.3888958378692329,1.9698066681431217,0.3409838470487362,-1.3886953015737538,0.1924436015967974,0.05756321604544368,-0.00020053629547911456,0.20086837444417951
769,2.166144522129489,0.3773750110702435,-1.4005990178611538,1.9731702256376917,0.3221155228543811,-1.4000369993327406,0.19297429649179731,0.05525948821586241,-0.0005620185284131995,0.20073117846814284
770,2.1697907331555975,0.3561588348423974,-1.4123021978530748,1.9763364677540007,0.30311835674570226,-1.4112189144499225,0.19345426540159671,0.053040478096695154,-0.0010832834031522243,0.20059665655670578
771,2.173227346720194,0.3346577929818028,-1.4231938687808847,1.979305077870476,0.2839999473358494,-1.422252143052719,0.1939222688497182,0.05065784564595344,-0.0009417257281656433,0.20043190995612128
772,2.176429578804194,0.31312059670272296,-1.4340855397086947,1.9820757591285796,0.26476794173367757,-1.4331475270714018,0.1943538196756145,0.048352654969045394,-0.0009380126372928732,0.20028046917451672
773,2.1793970495353783,0.29154980090509475,-1.4449772106365046,1.984648234462495,0.24543003248500284,-1.4439156700672382,0.19474881507288333,0.04611976842009191,-0.0010615405692664392,0.20013810451734376
774,2.1821294068906383,0.269947964474676,-1.4558688815643146,1.9870222466268317,0.22599395449569257,-1.4545669533788361,0.1951071602638066,0.04395400997898344,-0.0013019281854784737,0.20000113498787808
775,2.1846263267377353,0.24831764997949168,-1.4667605524921246,1.9891975582223522,0.20646748193779657,-1.4651115524962097,0.19542876851538304,0.04185016804169511,-0.001648999995914835,0.19986635367050606
776,2.186905194727934,0.22649207762513146,-1.4771037955779451,1.9911739517197096,0.18685842513998854,-1.4755594535896255,0.19573124300822453,0.03963365248514292,-0.001544341988319653,0.1997096164210292
777,2.188958197644323,0.20464410227414156,-1.4874470386637657,1.9929512294812013,0.1671746274635352,-1.4859204701354887,0.1960069681631218,0.03746947481060636,-0.0015265685282770391,0.19956207937018805
778,2.190785115853112,0.18277606126058574,-1.4977902817495863,1.9945292137805317,0.14742396216506348,-1.4962042595945497,0.19625590207258026,0.035352099095522255,-0.0015860221550365594,0.19942082507867154
779,2.192385753907441,0.16089029406518687,-1.5081335248354069,1.9959077468205864,0.12761432924735241,-1.5064203401089062,0.1964780070868548,0.03327596481783446,-0.0017131847265006162,0.19928329610202417
780,2.193759940568293,0.13898914206504537,-1.5184767679212274,1.99708669074921,0.10775365229944407,-1.516578107193738,0.19667324981908307,0.031235489765601296,-0.001898660727489343,0.1991472518712085
781,2.194911596595415,0.11699727063457796,-1.5285112850623952,1.998065927672992,0.0878498753273104,-1.5266868504077726,0.19684566892242317,0.029147395307267565,-0.0018244346546225643,0.19900029293577268
782,2.1958425205345615,0.09499495027424915,-1.538545802203563,1.9988453596690559,0.06791095957636362,-1.536755769993164,0.19699716086550567,0.02708399069788553,-0.001790032210398973,0.19885831176118168
783,2.196552618650359,0.07298439641286354,-1.5485803193447307,1.999424908794852,0.04794488034705368,-1.5467939934810255,0.1971277098555071,0.025039516065809862,-0.001786325863705196,0.1987196576028106
784,2.1970418194425387,0.05096782530826266,-1.5586148364858985,1.9998045170959504,0.02795962380486148,-1.5568105922633153,0.19723730234658832,0.02300820150340118,-0.0018042442225831845,0.19858294506476465
785,2.197310073653136,0.028947453824168374,-1.5686493536270663,1.9999841466118375,0.007963183785935567,-1.5668145981353296,0.19732592704129837,0.020984270038232805,-0.0018347554917366171,0.19844703928116372
786,2.1973573023084745,0.006949702068685209,-1.5786019990656739,1.9999637793797111,-0.012036441400328576,-1.5768150198156834,0.19739352292876333,0.018986143469013783,-0.0017869792499904946,0.19831255591337146
787,2.197185596415478,-0.015047430242778891,-1.5885546445042815,1.999743417436278,-0.03203125217051633,-1.5868208594525117,0.19744217897920002,0.016983821927737442,-0.0017337850517697984,0.19817888449058665
788,2.1967949729823597,-0.037041764198942395,-1.5985072899428892,1.9993230828175483,-0.05201325086691355,-1.5968411291256488,0.19747189016481137,0.014971486667971157,-0.0016661608172403586,0.19804562330478667
789,2.1961854707020634,-0.05903112116571296,-1.6084599353814968,1.998702817556634,-0.07197444495646654,-1.606884867354864,0.19748265314542945,0.01294332379075358,-0.0015750680266328754,0.19791262911547308
790,2.195357149948431,-0.08101332300199066,-1.6184125808201044,1.997882683679544,-0.09190685022768164,-1.6169611556237677,0.19747446626888698,0.01089352722569098,-0.0014514251963366753,0.197780030333447
791,2.194316251239583,-0.1028569545938664,-1.6285077202440634,1.9968627631989828,-0.111802493984214,-1.6270791349278113,0.19745348804060026,0.008945539390347604,-0.0014285853162521178,0.19766118351965198
792,2.193054894809278,-0.12468896529374014,-1.6386028596680224,1.9956431581061487,-0.13165341823383273,-1.6372480223527806,0.19741173670312917,0.006964452940092583,-0.0013548373152418858,0.197539193521314
793,2.1915732092035785,-0.14650713018012637,-1.6486979990919814,1.994223990360534,-0.15145168287151517,-1.6474771276873965,0.19734921884304435,0.004944552691388798,-0.0012208714045849334,0.19741492675647468
794,2.1898713454225085,-0.16830922574257992,-1.6587931385159405,1.9926054018777313,-0.1711893688553761,-1.6577758700698915,0.19726594354477722,0.0028801431127961907,-0.0010172684460489911,0.19728959055675682
795,2.187949476904665,-0.1900930301082961,-1.6688882779398995,1.9907875545152398,-0.1908585813741894,-1.668153794663767,0.19716192238942498,0.0007655512658933106,-0.0007344832761324582,0.19716477670901886
796,2.1858304736900975,-0.21162591282495768,-1.6793580640032217,1.9887706300562809,-0.21045145300520013,-1.6786205893521406,0.19705984363381668,-0.0011744598197575562,-0.0007374746510810937,0.19706472337207767
797,2.1834861460565897,-0.2331354302686295,-1.689827850066544,1.9865548301916196,-0.22996014686099078,-1.689186101433152,0.19693131586497015,-0.0031752834076387293,-0.0006417486333920586,0.19695795854530967
798,2.1809167509785974,-0.25461922466454656,-1.7002976361298663,1.984140376499396,-0.24937685972413318,-1.699860354290574,0.1967763744792015,-0.005242364940413385,-0.0004372818392923694,0.1968466793185864
799,2.1781225701014377,-0.27607494105758656,-1.7107674221931886,1.981527510422967,-0.2686938251683646,-1.7106535640039524,0.19659505967847068,-0.0073811158892219675,-0.00011385818923614899,0.19673360497240636
800,2.1751039097104186,-0.2975002275704093,-1.7212372082565108,1.9787164932467636,-0.2879033166650653,-1.7215761558510787,0.19638741646365498,-0.00959691090534398,0.00033894759456787327,0.196622056061028
801,2.1719097015372766,-0.3185721204603654,-1.7323319248123392,1.9757076060701602,-0.30699765067375967,-1.7326387806421168,0.19620209546711642,-0.011574469786605757,0.00030685582977763026,0.1965434424676356
802,2.1684819080713305,-0.3396072783578943,-1.7434266413681676,1.9725011497793674,-0.325969189715432,-1.7438523308090974,0.19598075829196304,-0.013638088642462298,0.00042568944092979955,0.1964551762973239
803,2.1648209512447267,-0.3606031120144295,-1.754521357923996,1.9690974450173422,-0.344810345427416,-1.7552279561563868,0.19572350622738455,-0.015792766587013507,0.0007065982323908315,0.19636089643173596
804,2.160927281690033,-0.38155703702188354,-1.7656160744798244,1.9654968321517237,-0.3635135815986424,-1.7667770791568955,0.19543044953830946,-0.01804345542324115,0.0011610046770711424,0.19626506266326765
805,2.15680137868477,-0.402466474130766,-1.7767107910356528,1.961699671240799,-0.3820714171840091,-1.7785114096548387,0.19510170744397093,-0.020395056946756918,0.0018006186191859008,0.19617307874126366
806,2.1525257425747926,-0.42293630625790024,-1.7887091680871463,1.9577063419974947,-0.4004764292967199,-1.7904429588085071,0.19481940057729785,-0.022459876961180347,0.0017337907213608172,0.19611744171458714
807,2.1480048153524947,-0.4433533655101208,-1.8007075451386398,1.9535172437514072,-0.41872125617732653,-1.80258405207521,0.19448757160108743,-0.02463210933279425,0.0018765069365702658,0.1960501915218494
808,2.1432392478475064,-0.46371471266136294,-1.8127059221901334,1.94913279540887,-0.43679860013833777,-1.814947341005158,0.19410645243863645,-0.02691611252302517,0.0022414188150245984,0.1959765699005091
809,2.138229726107708,-0.4840174165058386,-1.824704299241627,1.944553435411064,-0.45470123048319755,-1.8275458135709115,0.19367629069664405,-0.029316186022641078,0.002841514329284589,0.19590308457144978
810,2.1329769713004674,-0.5042585542800104,-1.8367026762931205,1.9397796216901726,-0.4724219863984661,-1.8403928027138892,0.19319734961029478,-0.03183656788154432,0.0036901264207687134,0.19583768785379363
811,2.1276012217603695,-0.5239965134768669,-1.8499213808594486,1.9348118316235898,-0.4899537798180512,-1.8535019927388603,0.19278939013677965,-0.034042733658815716,0.0035806118794117214,0.19580469209318627
812,2.121965039223837,-0.5436616898755043,-1.8631400854257767,1.9296505619861817,-0.5072895982583422,-1.8668874231310342,0.19231447723765527,-0.03637209161716215,0.0037473377052574808,0.19575962235271377
813,2.116069408510097,-0.5632506473480663,-1.8763587899921048,1.9242963289006125,-0.5244225076230977,-1.8805634893080148,0.1917730796094843,-0.03882813972496857,0.004204699315909943,0.19570952453507343
814,2.1099153597721725,-0.582759963084552,-1.889577494558433,1.9187496677857283,-0.541345654977011,-1.894544939750472,0.19116569198644418,-0.04141430810754099,0.004967445192038955,0.1956633389790185
815,2.1035039683168844,-0.6021862281908892,-1.902796199124761,1.9130111333030182,-0.5580522712867794,-1.9088468688807356,0.19049283501386616,-0.04413395690410982,0.006050669755974569,0.19563214702121354
816,2.096992090491475,-0.6210743263179983,-1.9175962262738075,1.9070812993011486,-0.5745356741286307,-1.9234847049782011,0.1899107911903264,-0.04653865218936759,0.005888478704393574,0.19561858025144435
817,2.090201391676607,-0.6398639834005029,-1.932396253422854,1.9009607587585777,-0.5907892703612041,-1.9384741923347701,0.1892406329180294,-0.04907471303929878,0.006077938911916103,0.19559469816056585
818,2.083133359285256,-0.6585510838119409,-1.9471962805719005,1.89465012372426,-0.6068065587627183,-1.9538313667637117,0.188483235560996,-0.05174452504922267,0.00663508619181119,0.19556955368585444
819,2.0757895414766563,-0.6771315343895362,-1.961996307720947,1.8881500252564394,-0.6225811326313736,-1.9695725234828305,0.1876395162202169,-0.054550401758162614,0.007576215761883498,0.19555493710107297
820,2.068171546817201,-0.6956012653307512,-1.9767963348699935,1.8814611133595462,-0.6381066823479474,-1.9857141762998443,0.1867104334576546,-0.057494582982803744,0.008917841429850748,0.19556569466570495
821,2.060463889937985,-0.7135308928905941,-1.9935811990973025,1.8745840569191952,-0.6533769978995605,-2.0022730069375108,0.18587983301878985,-0.06015389499103363,0.008691807840208288,0.1955641862131628
822,2.0524563865453724,-0.7313286289381847,-2.010366063324611,1.8675195436353014,-0.6683859713635882,-2.019265803252276,0.18493684291007106,-0.0629426575745965,0.008899739927664907,0.1955572023191099
823,2.0441512925536793,-0.7489894594053953,-2.02715092755192,1.8602682799533052,-0.6831275993507646,-2.036709385028378,0.1838830126003741,-0.06586186005463068,0.009558457476458226,0.19555590260121106
824,2.0355509477159495,-0.7665084087938301,-2.0439357917792287,1.8528309909935323,-0.6975959854064473,-2.0546205159757753,0.18271995672241714,-0.06891242338738279,0.010684724196546647,0.19557522341268122
825,2.026657774964786,-0.7838805415765476,-2.0607206560065374,1.8452084204786805,-0.711785342369123,-2.073015800533438,0.18144935448610533,-0.07209519920742458,0.012295144526900614,0.195634241816508
826,2.017664341378111,-0.8007445696764789,-2.0799165376472883,1.8374013306594494,-0.7256899946851959,-2.091911564088844,0.18026301071866158,-0.07505457499128299,0.011995026441555812,0.1956318555854645
827,2.0083488646922385,-0.8174328645428863,-2.0991124192880393,1.8294105022383151,-0.7393043806791324,-2.1113237152817104,0.17893836245392336,-0.07812848386375393,0.0122112959936711,0.19563259773970582
828,1.9987147773860527,-0.8339392770304618,-2.11830830092879,1.8212367342914608,-0.7526230547780576,-2.1312675891780724,0.17747804309459192,-0.0813162222524042,0.012959288249282164,0.19564950021407213
829,1.9887656293370717,-0.8502577250121988,-2.137504182569541,1.812880844188868,-0.765640689689914,-2.1517577702945823,0.17588478514820372,-0.08461703532228482,0.01425358772504115,0.19570044730760844
830,1.9785050865134204,-0.8663821956204767,-2.156700064210292,1.8043436675125866,-0.7783520785342984,-2.172807894737887,0.17416141900083382,-0.08803011708617825,0.016107830527595013,0.19580848701447026
831,1.968101795392353,-0.8820583206538833,-2.1787018175242228,1.7956260579731689,-0.7907521369251587,-2.1944304311165266,0.1724757374191841,-0.09130618372872468,0.01572861359230382,0.19578582295695204
832,1.957356147757436,-0.8975017794348327,-2.2007035708381535,1.786728887324304,-0.8028359050044701,-2.216636440398034,0.17062726043313203,-0.09466587443036256,0.01593286955988038,0.1957783085967217
833,1.9462733451213063,-0.9127050964393971,-2.222705324152084,1.777653045275642,-0.8145985494261158,-2.2394353155356597,0.1686202998456643,-0.09810654701328136,0.01672999138357545,0.19579987920988468
834,1.9348587521990495,-0.9276609123861064,-2.244707077466015,1.7683994394038254,-0.8260353652891601,-2.262834502486271,0.16645931279522408,-0.10162554709694627,0.018127425020256105,0.19587000325950094
835,1.9231178943113674,-0.9423619877982635,-2.2667088307799457,1.7589689950617298,-0.8371417780197469,-2.2868392051869093,0.1641488992496376,-0.10522020977851665,0.020130374406963636,0.1960137384074577
836,1.9111536572040355,-0.9566848416200923,-2.2917723407940898,1.7493626552859305,-0.8479133452008673,-2.311452078146046,0.16179100191810503,-0.10877149641922501,0.019679737351956383,0.1959460609381667
837,1.8988342343371478,-0.9707033626329787,-2.316835850808234,1.739581380702398,-0.8583457583492696,-2.3366729115189178,0.15925285363474972,-0.11235760428370911,0.019837060710683918,0.1959061295846175
838,1.8861673641149181,-0.9844087451498997,-2.341899360822378,1.7296261494304437,-0.868434844638788,-2.3624983148415106,0.15654121468447446,-0.11597390051111178,0.020598954019132698,0.19590664715964673
839,1.8731610031894523,-0.9977923801807294,-2.366962870836522,1.7194979569848965,-0.8781765685694278,-2.3889214069446996,0.15366304620455584,-0.11961581161130153,0.02195853610817755,0.1959654343610321
840,1.8598233214628048,-1.0108458608399475,-2.392026380850666,1.709197816176561,-0.8875670335815046,-2.4159315208889622,0.15062550528624374,-0.12327882725844297,0.023905140038296135,0.19610499181102914
841,1.8461511335232506,-1.023571750715259,-2.420100159783329,1.6987267570109346,-0.8966024836142181,-2.443513933963093,0.147424376512316,-0.12696926710104095,0.02341377417976398,0.19596771774851482
842,1.8321271161167536,-1.035908846481902,-2.4481739387159918,1.6880858265852081,-0.9052793046080264,-2.471649633771164,0.1440412895315455,-0.13062954187387554,0.02347569505517244,0.19586494979554808
843,1.8177623213653011,-1.0478474254560382,-2.4762477176486546,1.6772760889835565,-0.9135940259502211,-2.5003151320731636,0.14048623238174462,-0.13425339950581705,0.024067414424508993,0.19580499790548536
844,1.8030680699524968,-1.0593780790190563,-2.5043214965813174,1.666298625170732,-0.921543321863127,-2.52948233822374,0.1367694447817649,-0.1378347571559293,0.025160841642422493,0.19579930862569792
845,1.7880559422018971,-1.070491720032366,-2.5323952755139802,1.655154532883968,-0.9291240127343685,-2.559118503655017,0.13290140931792904,-0.14136770729799752,0.02672322814103678,0.19586154341182427
846,1.7725996510860063,-1.0812759582637723,-2.5629325018540885,1.6438449265232045,-0.9363330663886721,-2.5891862477784504,0.1287547245628018,-0.14494289187510023,0.026253745924361915,0.19564120265787802
847,1.7568212965343242,-1.0915832497087787,-2.5934697281941967,1.6323709370396566,-0.9431675993006936,-2.619643673878287,0.12445035949466754,-0.14841565040808513,0.02617394568409015,0.19544864465398737
848,1.740735591069266,-1.1014039833362776,-2.624006954534305,1.6207337118227096,-0.949624877748395,-2.6504445810272683,0.12000187924655625,-0.15177910558788266,0.02643762649296333,0.19528516587376557
849,1.7243575338025225,-1.110729001805866,-2.6545441808744132,1.6089344145851874,-0.9557023189064935,-2.6815387748284367,0.11542311921733517,-0.1550266828993725,0.026994593954023482,0.19515244544556534
850,1.707702396449143,-1.1195496100066051,-2.6850814072145215,1.5969742252469805,-0.9613974918795568,-2.712872476001037,0.11072817120216238,-0.15815211812704832,0.027791068786515716,0.1950516953787997
851,1.6905465096515242,-1.1279750566659656,-2.7169541164118445,1.5848543398170567,-0.9667081186743309,-2.7443888216776147,0.1056921698344675,-0.16126693799163472,0.027434705265770187,0.19475760089540886
852,1.6731308398417934,-1.1358495120948109,-2.7488268256091675,1.5725759702738584,-0.9716320751109048,-2.7760284500182753,0.10055486956793502,-0.16421743698390612,0.027201624409107783,0.1944699893913757
853,1.6554730775716435,-1.1431649775504948,-2.7806995348064905,1.5601403444441087,-0.976167391672356,-2.807730154671101,0.09533273312753487,-0.16699758587813884,0.02703061986461064,0.19418336207038242
854,1.637591159306317,-1.1499140221032162,-2.8125722440038134,1.5475487058800246,-0.9803122542925307,-2.8394315920225517,0.09004245342629247,-0.1696017678106856,0.02685934801873824,0.19389127788409527
855,1.6195032492050392,-1.1560897901842349,-2.8444449532011364,1.5348023137349744,-0.9840650050816433,-2.8710700213760587,0.08470093547006474,-0.17202478510259156,0.026625068174922273,0.19358633581535692
856,1.6009460116589356,-1.1617722717260746,-2.8761092618123953,1.5219024426375487,-0.9874241429894152,-2.9025830564067965,0.07904356902138687,-0.1743481287366594,0.026473794594401134,0.19325117748112183
857,1.5822181745593729,-1.1668644008866624,-2.9077735704236543,1.5088503825641069,-0.9903883244054711,-2.9339094056196564,0.073367791995266,-0.17647607648119135,0.026135835196002155,0.19289821241745217
858,1.563338513399628,-1.1713610725790462,-2.939437879034913,1.4956474387097796,-0.9929563636967662,-2.9649895801409523,0.06769107468984847,-0.17840470888228,0.025551701106039104,0.19251808012093327
859,1.5443259558833802,-1.1752577786889848,-2.971102187646172,1.4822949313579503,-0.9951272336818244,-2.9957665489487293,0.062031024525429856,-0.18013054500716041,0.024664361302557225,0.19210203530081144
860,1.5251995629488426,-1.1785506125945349,-3.002766496257431,1.4687941957482267,-0.9969000660415961,-3.0261863244390357,0.05640536720061595,-0.18165054655293877,0.023419828181604707,0.1916428314967027
861,1.5056976954187797,-1.1812755098350922,-3.0326785534054532,1.4551465819429195,-0.9982741516667748,-3.0561984648014353,0.050551113475860276,-0.18300135816831742,0.023519911395982085,0.19130629471392974
862,1.48612305657453,-1.183415934150248,-3.0625906105534755,1.4413534546920337,-0.9992489409414315,-3.085756483749059,0.044769601882496346,-0.18416699320881647,0.023165873195583497,0.19094097601407437
863,1.4664931591496444,-1.1849699705784533,-3.0925026677014977,1.4274161932968048,-0.999824043962853,-3.1148181624090387,0.039076965852839596,-0.18514592661560036,0.022315494707541017,0.1905360981721195
864,1.4468255653155615,-1.1859362287785578,-3.12241472484952,1.413336191471756,-0.999999230697499,3.139839544846084,0.03348937384380557,-0.1859369980810588,0.020931037483982173,0.19008475411247924
865,1.4271378709693574,-1.1863138442736971,3.130858525182044,1.399114857205336,-0.999774431073011,3.111879164795771,0.028023013764021387,-0.18653941320068612,0.018979360386273125,0.18958496274321673
866,1.4071566116657288,-1.1860993546325798,3.1038171534390475,1.3847536126191209,-0.9991497350062423,3.084514521703087,0.02240299904660792,-0.1869496196263375,0.019302631735960585,0.18927399778270837
867,1.3871884568101376,-1.185344688595105,3.076775781696051,1.3702538938256013,-0.9981253923672896,3.057769563448156,0.016934562984536328,-0.1872192962278153,0.019006218247894946,0.1889420033650599
868,1.367248006942254,-1.184050397966459,3.0497344099530546,1.3556171507845733,-0.9967018128795511,3.0316637948036833,0.011630856157680558,-0.18734858508690788,0.01807061514937125,0.18857708312757335
869,1.3473498423441035,-1.1822174291205962,3.022693038210058,1.3408448471581444,-0.9948795659558413,3.006212463340424,0.006504995185959039,-0.18733786316475498,0.016480574869634168,0.18817385388395336
870,1.3275085123790944,-1.179847122308258,2.9956516664670616,1.325938460164364,-0.9926593804706327,2.9814267933001624,0.0015700522147303886,-0.18718774183762532,0.014224873166899243,0.18773402135692083
871,1.3073874605304705,-1.1768896091320387,2.9720013467435344,1.3108994804295147,-0.9900421444685181,2.957314255765872,-0.00351201989904415,-0.18684746466352053,0.014687090977662631,0.18745671494065763
872,1.2873419752620177,-1.1734570980927619,2.9483510270200073,1.295729411839035,-0.987028904809002,2.9338788640941087,-0.008387436577017349,-0.18642819328375992,0.01447216292589859,0.18717709219649234
873,1.267383268245211,-1.1695515090335045,2.92470070729648,1.2804297713871424,-0.9836208667477723,2.9111214845518916,-0.013046503141931343,-0.1859306422857322,0.01357922274458856,0.1868818083050474
874,1.2475225026154475,-1.1651750263953442,2.901050387572953,1.2650020890251326,-0.9798193934546138,2.8890401533006966,-0.017479586409685055,-0.18535563294073043,0.012010234272256337,0.1865649815243657
875,1.2277707867283745,-1.160330097995578,2.877400067849426,1.2494479075083849,-0.9756260054681576,2.867630392188506,-0.021677120780010384,-0.18470409252742037,0.009769675660920019,0.18622820926005973
876,1.2076861256820577,-1.1548968785384623,2.857162392132945,1.2337687822420895,-0.9710423800876875,2.8468855171578986,-0.026082656560031836,-0.18385449845077484,0.010276874975046368,0.18597955729882593
877,1.1877155256955683,-1.1490583325555788,2.836924716416464,1.217966281125707,-0.9660703507022413,2.826796934384504,-0.030250755430138776,-0.18298798185333742,0.010127782031960297,0.18574789817313767
878,1.1678671657189457,-1.142816851220749,2.8166870406999833,1.2020419843961807,-0.9607119060572806,2.807354420475193,-0.03417481867723504,-0.18210494516346842,0.009332620224790311,0.18551880520548825
879,1.1481491746388897,-1.1361749907297833,2.7964493649835025,1.1859974844699102,-0.9549691894592174,2.7885463841460103,-0.0378483098310205,-0.18120580127056596,0.00790298083749219,0.18528489975518925
880,1.1285696279495783,-1.129135471253591,2.7762116892670217,1.1698343857835234,-0.9488444979181241,2.7703601077480107,-0.04126475783394512,-0.18029097333546695,0.0058515815190109954,0.18504555199090256
881,1.1085732008491305,-1.121485663822569,2.759116632109198,1.153554304633417,-0.9423402812289547,2.7527819678085708,-0.044981103784286436,-0.17914538259361423,0.006334664300627235,0.184814760703973
882,1.0887104630910347,-1.1134951507434006,2.7420215749513743,1.1371588690141392,-0.9354591409916634,2.735797634409647,-0.04844840592310451,-0.17803600975173717,0.00622394054172748,0.18461529254283762
883,1.0689872192398606,-1.105166267114584,2.7249265177935507,1.1206497184555895,-0.9282038295705979,2.7193922497417313,-0.05166249921572885,-0.17696243754398622,0.0055342680518193355,0.18443249781313972
884,1.0494092330953346,-1.0965014469179506,2.707831460635727,1.1040285038590658,-0.9205772489935901,2.703550586566602,-0.05461927076373119,-0.17592419792436054,0.00428087406912514,0.18425773806515447
885,1.0299822260079623,-1.0875032223073715,2.6907364034779033,1.0872968873321767,-0.9125824497911844,2.688257187608608,-0.05731466132421437,-0.1749207725161871,0.002479215869295448,0.18408800496418998
886,1.0100595907220988,-1.0778584444142578,2.676398927689081,1.0704565420226324,-0.9042226297764663,2.6734964870893,-0.060396951300533575,-0.17363581463779154,0.0029024405997808422,0.18386302513763822
887,0.990277280113581,-1.0679290272949526,2.6620614519002586,1.0535091519509268,-0.8955011327659768,2.6592529157394935,-0.0632318718373458,-0.1724278945289759,0.0028085361607650405,0.18367780569006284
888,0.9706393606280581,-1.0577170120373676,2.647723976111436,1.0364564118419504,-0.8864214472422383,2.6455109906809953,-0.06581705121389225,-0.1712955647951293,0.002212985430440906,0.1835182608175268
889,0.951149869030185,-1.0472244978202,2.633386500322614,1.0193000269555008,-0.8769872049583982,2.632255391580335,-0.06815015792531587,-0.1702372928618019,0.0011311087422787303,0.18337518728864943
890,0.9318128115738257,-1.036453641481427,2.6190490245337914,1.0020417129157693,-0.8672021794855813,2.619471024450662,-0.0702289013419436,-0.16925146199584562,-0.00042199991687041916,0.18324391955903327
891,0.911926677830579,-1.0250003368360674,2.6070745194977576,0.9846831955397783,-0.8570702847035119,2.607143074424953,-0.07275651770919933,-0.16793005213255552,-6.85549271954855e-05,0.1830137098093744
892,0.8921791141710399,-1.0133097324006175,2.595100014461724,0.9672262106648,-0.8465955732350124,2.5952570487522775,-0.07504709649376007,-0.16671415916560506,-0.00015703429055369256,0.1828269734426702
893,0.8725729521402544,-1.0013835044564476,2.58312550942569,0.9496725039747743,-0.8357822348250097,2.5837988111854746,-0.07709955183451989,-0.16560126963143795,-0.0006733017597846391,0.18267067288398475
894,0.8531110030081052,-0.9892233630702899,2.571151004389656,0.9320238308257422,-0.8246345946646914,2.572754608838554,-0.07891282781763709,-0.16458876840559855,-0.001603604448897844,0.18253566398563412
895,0.8337960573662114,-0.9768310518490365,2.5591764993536223,0.9142819560703085,-0.8131571116614865,2.562111092499413,-0.08048589870409706,-0.16367394018755,-0.002934593145790476,0.18241642037836173
896,0.8139098756292448,-0.9637334714796959,2.549209403405129,0.8964486538811698,-0.8013543766555692,2.5518553312912466,-0.08253877825192502,-0.1623790948241267,-0.002645927886117505,0.1821719552664507
897,0.7941552243393856,-0.9504383374817601,2.539242307456636,0.8785257075736812,-0.7892311105835723,2.5419748224863588,-0.08437048323429563,-0.16120722689818778,-0.0027325150297228262,0.18197146777387938
898,0.774534065966743,-0.9369469706228135,2.5292752115081427,0.8605149094275374,-0.7767921625902832,2.532457497190761,-0.08598084346079438,-0.16015480803253035,-0.0031822856826182466,0.18180317632080048
899,0.7550483497199487,-0.9232607111646408,2.5193081155596495,0.8424180605075443,-0.7640425080890486,2.523291722537723,-0.08736971078759559,-0.1592182030755922,-0.0039836069780734285,0.18165839280992324
900,0.7357000113525186,-0.9093809187300821,2.5093410196111563,0.8242369704835132,-0.750987246771676,2.5144663009541306,-0.08853695913099457,-0.15839367195840603,-0.005125281342974297,0.18153131123163074
901,0.7157876989900466,-0.8947937754321686,2.501080661812204,0.8059734574492955,-0.7376316005686248,2.505970466995288,-0.09018575845924892,-0.1571621748635439,-0.004889805183083684,0.18126591083664254
902,0.695996559619814,-0.8800426488432417,2.492820304013252,0.7876293477409753,-0.7239809115603028,2.4977938821817167,-0.09163278812116127,-0.15606173728293893,-0.004973578168464776,0.18104300644439297
903,0.6763279436530675,-0.865128545478736,2.4845599462142998,0.7692064757542365,-0.710040639840307,2.489926628215464,-0.09287853210116903,-0.155087905638429,-0.005366682001164413,0.18085209834636634
904,0.6567831931408992,-0.8500524829745004,2.4762995884153476,0.7507066837609222,-0.6958163613314545,2.482359198903139,-0.09392349062002303,-0.1542361216430459,-0.006059610487791467,0.18068514656440843
905,0.6373636416826745,-0.8348154900173621,2.4680392306163954,0.732131821724822,-0.6813137655554999,2.475082491068045,-0.0947681800421476,-0.15350172446186217,-0.007043260451649491,0.18053640873534657
906,0.6174119479667053,-0.8188929547369209,2.461240100068171,0.7134837471166572,-0.6665386533573856,2.4680877946939646,-0.0960717991499519,-0.15235430137953532,-0.006847694625793377,0.18024570636340578
907,0.5975689739760925,-0.802835134364884,2.454440969519947,0.6947643247283485,-0.6514969345849919,2.4613667825080277,-0.09719535075225594,-0.15133819977989205,-0.006925812988080704,0.17999487161032796
908,0.5778356370118007,-0.7866427712221413,2.4476418389717227,0.6759754264865352,-0.6361946257252741,2.454911499179146,-0.09813978947473445,-0.15044814549686725,-0.007269660207423367,0.17977461089131336
909,0.558212849306494,-0.7703166138492259,2.4408427084234985,0.6571189312653843,-0.6206378474977482,2.448714350281457,-0.09890608195889039,-0.1496787663514777,-0.007871641857958522,0.1795775845992449
910,0.5387015179823655,-0.7538574169717102,2.4340435778752743,0.6381967246987043,-0.6048328224062841,2.4427680911485643,-0.09949520671633871,-0.14902459456542605,-0.008724513273290047,0.17939828058477147
911,0.5187092035473458,-0.7367584707685454,2.4285095200552362,0.619210698991383,-0.5887858722501876,2.4370658157238534,-0.10050149544403719,-0.14797259851835776,-0.008556295668617153,0.17908001198998094
912,0.4988118213257646,-0.7195491483398232,2.422975462235198,0.6001627527301665,-0.5725034155955617,2.431600945494345,-0.10135093140440188,-0.14704573274426147,-0.008625483259146804,0.1787983718502223
913,0.47900998068923467,-0.7022299767333956,2.41744140441516,0.5810547906938144,-0.5559919652079778,2.426367218580206,-0.10204481000457971,-0.14623801152541782,-0.008925814165045676,0.17854514673406258
914,0.45930428808333906,-0.6848014863613247,2.411907346595122,0.5618887236626036,-0.5392581254474379,2.4213586790388097,-0.1025844355792645,-0.14554336091388675,-0.009451332443687566,0.1783136674912702
915,0.4396953470090585,-0.6672642109836381,2.406373288775084,0.5426664682272655,-0.5223085896267315,2.4165696664309295,-0.102971121218207,-0.14495562135690654,-0.010196377655845357,0.17809870882519663
916,0.4196713327274809,-0.6491552701735563,2.40195018856454,0.5233899465973252,-0.5051501373341961,2.4119948056869718,-0.10371861386984427,-0.14400513283936023,-0.010044617122431987,0.17775242186901388
917,0.399727611717385,-0.6309579385701777,2.3975270883539954,0.504061086408882,-0.48778963172197237,2.4076289973029317,-0.10433347469149701,-0.1431683068482053,-0.010101908948936256,0.17743924760716193
918,0.3798645741534123,-0.6126725721821592,2.393103988143451,0.48468182053184755,-0.470234016760835,2.4034674078887996,-0.10481724637843526,-0.14243855542132422,-0.010363419745348601,0.17715190565638728
919,0.36008260863173086,-0.5942995287404517,2.3886808879329067,0.46525408687666003,-0.4524903144626965,2.3995054610862865,-0.10517147824492917,-0.14180921427775517,-0.010824573153379813,0.1768843251230893
920,0.3403821021624329,-0.5758391676913005,2.3842577877223623,0.44577982820049183,-0.43456562207189353,2.395738828867818,-0.10539772603805891,-0.14127354561940697,-0.011481041145455784,0.17663156470930114
921,0.32034354319692016,-0.5568948831417859,2.380826687256359,0.426260991912989,-0.416467109226396,2.3921634232246705,-0.10591744871606884,-0.1404277739153899,-0.01133673596831164,0.17625829685937666
922,0.30037010179877416,-0.5378819559283835,2.3773955867903553,0.40669952988151115,-0.3982020150900286,2.388775388248735,-0.10632942808273699,-0.1396799408383549,-0.011379801458379468,0.17591456173449768
923,0.28046201310411256,-0.5188006098796165,2.373964486324352,0.38709739823596034,-0.3797776454569147,2.385571092609647,-0.10663538513184778,-0.1390229644227018,-0.011606606285295307,0.17559385897164845
924,0.26061951147969237,-0.49965106962946454,2.3705333858583484,0.367456557173166,-0.3612013698292525,2.382547122426782,-0.10683704569347363,-0.13844969980021204,-0.012013736568433409,0.17529062602892923
925,0.2408428305201507,-0.48043356061471937,2.367102285392345,0.3477789707608671,-0.3424806184696126,2.379700274533819,-0.1069361402407164,-0.13795294214510678,-0.01259798914147403,0.17500017618986
926,0.2208134699155756,-0.46083645453656896,2.3645736379593454,0.328066606741307,-0.3236228794289322,2.377027550132213,-0.1072531368257314,-0.13721357510763676,-0.012453912172867732,0.17460212049453364
927,0.2008337274645815,-0.4411887639735962,2.362044990526346,0.30832143633446063,-0.3046356955513944,2.3745261488288225,-0.10748770886987913,-0.13655306842220177,-0.012481158302476647,0.17423009890999286
928,0.18090373091872924,-0.421490614554204,2.3595163430933463,0.28854543404091454,-0.2855266614573912,2.3721934630521706,-0.1076417031221853,-0.1359639530968128,-0.012677119958824257,0.1738782394758108
929,0.1610236077115016,-0.401742132229432,2.356987695660347,0.2687405774444146,-0.26630342050577305,2.370027072841291,-0.107716969732913,-0.13543871172365896,-0.013039377180944278,0.1735413943676627
930,0.14119348495748846,-0.38194344327215113,2.3544590482273473,0.2489088470141234,-0.2469736617366209,2.3680247410007484,-0.10771536205663496,-0.13496978153553024,-0.013565692773401139,0.17321509510190797
931,0.12120237201369485,-0.36188282279963596,2.3527682627047457,0.22905222590655416,-0.22754511679571235,2.366184408615277,-0.10784985389285931,-0.1343377060039236,-0.013416145910531085,0.1727952638534991
932,0.10124520583525701,-0.341788430333079,2.351077477182144,0.20917269976727051,-0.20802555684197999,2.36450419091746,-0.10792749393201351,-0.133762873491099,-0.013426713735315676,0.17239816389036944
933,0.08132204347482355,-0.3216603233174251,2.3493866916595425,0.1892722565323201,-0.1884227894391479,2.3629823735019793,-0.10795021305749655,-0.13323753387827722,-0.013595681842436758,0.1720184045324358
934,0.061432941887834575,-0.301498559294001,2.347695906136941,0.16935288622944283,-0.16874465543281053,2.361617408880159,-0.10791994434160826,-0.13275390386119046,-0.013921502743218017,0.17165116258188132
935,0.04157795793235872,-0.2813031959003504,2.3460051206143393,0.14941658077906955,-0.1489990258141988,2.3604079133688436,-0.10783862284671084,-0.1323041700861516,-0.01440279275450429,0.1712921552167223
936,0.0216585102979775,-0.26097362191589296,2.3451093402054495,0.12946533379513178,-0.12919379857188856,2.3593526643079974,-0.10780682349715429,-0.1317798233440044,-0.014243324102547916,0.1708540468195407
937,0.0017572814871635312,-0.2406262126393287,2.3442135597965597,0.10950114038569836,-0.10933689553270708,2.3584505976018466,-0.10774385889853483,-0.13128931710662162,-0.014237037805286956,0.17043566869097443
938,-0.018125712530889668,-0.22026098439787642,2.34331777938767,0.08952599695348055,-0.08943625919312186,2.3577008055788626,-0.10765170948437022,-0.13082472520475458,-0.014383026191192805,0.17003196970635648
939,-0.03799045580162058,-0.1998779535330532,2.34242199897878,0.06954190099617216,-0.06949984954232696,2.357102535166389,-0.10753235679779274,-0.13037810399072625,-0.014680536187608784,0.16963836801107265
940,-0.057836932385112505,-0.17947713640066137,2.34152621856989,0.04955085090671553,-0.04953564087836742,2.3566551863762744,-0.10738778329182803,-0.12994149552229395,-0.015128967806384175,0.16925074276288885
941,-0.07764757670345707,-0.1590766215719293,2.3414022208888015,0.029554845773460472,-0.029551618618522946,2.356358311098441,-0.10720242247691754,-0.12952500295340635,-0.014956090209639505,0.1687980166037454
942,-0.0974556912529778,-0.13867365042608049,2.3412782232077127,0.009555885180257023,-0.009555776105247387,2.3562116121999095,-0.10701157643323482,-0.1291178743208331,-0.014933388992196761,0.16836243365623096
943,-0.11726127572911652,-0.11826822327681925,2.341154225526624,-0.010444030993501241,0.010443888591061618,2.3562149429274206,-0.10681724473561527,-0.12871211186788087,-0.01506071740079662,0.16793914589226916
944,-0.13706432982735395,-0.09786034043788772,2.3410302278455353,-0.030442902772863486,0.030439375871184192,2.3563683066123997,-0.10662142705449046,-0.12829971630907192,-0.015338078766864438,0.16752373734006445
945,-0.15686485324320973,-0.07745000222306575,2.3409062301644465,-0.050438730287320994,0.05042268780681477,2.3566718566776563,-0.10642612295588874,-0.12787269002988053,-0.015765626513209785,0.16711223618351195
946,-0.17652624969040043,-0.057178046738173845,2.3415493464117385,-0.07042951397077836,0.07038583133961263,2.3571258969458246,-0.10609673571962207,-0.12756387807778646,-0.015576550534086131,0.166648400073762
947,-0.19620067929466717,-0.03691874000813507,2.3421924626590305,-0.09041325476152971,0.09032082147833986,2.3577308822501957,-0.10578742453313746,-0.12723956148647492,-0.015538419591165198,0.16619966209356682
948,-0.21588813391869552,-0.016672090412168165,2.3428355789063224,-0.11038795430214902,0.11021968449273731,2.3584874193492102,-0.1055001796165465,-0.12689177490490547,-0.01565184044288781,0.16576124561214658
949,-0.2355886054197839,0.003561893675743104,2.3434786951536144,-0.1303516151393278,0.1300744611029139,2.359396268146511,-0.1052369902804561,-0.1265125674271708,-0.015917572992896645,0.16532883284620212
950,-0.255302085649847,0.023783203886853406,2.3441218114009064,-0.1503022409236186,0.14987720966295232,2.3604583432190505,-0.10499984472622842,-0.12609400577609892,-0.016336531818144095,0.164898599014789
951,-0.27477070884336025,0.043727671787604366,2.3455458007901977,-0.17023783660906852,0.16962000933746174,2.3616747156563527,-0.10453287223429172,-0.12589233754985737,-0.016128914866154975,0.1644267129333846
952,-0.29426771299923504,0.06364439636372099,2.346969790179489,-0.1901564086527219,0.18929496326980613,2.3630466152146,-0.10411130434651314,-0.12565056690608514,-0.016076825035110875,0.16396857308570575
953,-0.31379305858251016,0.08353333722915587,2.3483937795687804,-0.21005596521397318,0.2088942017407418,2.364575432789753,-0.10373709336853698,-0.12536086451158593,-0.016181653220972425,0.1635193468449791
954,-0.33334670600075517,0.1033944540541999,2.3498177689580717,-0.22993451635375262,0.22840988531620351,2.366262723214435,-0.10341218964700255,-0.1250154312620036,-0.016444954256363165,0.16307475445851893
955,-0.35292861560415073,0.12322770656556405,2.351241758347363,-0.24979007423350463,0.2478342079829598,2.3681102083837824,-0.1031385413706461,-0.12460650141739575,-0.016868450036419347,0.16263112715030634
956,-0.37215793015966153,0.1426484460396694,2.3534796222155423,-0.269620653313991,0.267159400270935,2.3701197807158785,-0.10253727684567054,-0.1245109542312656,-0.016640158500336177,0.16215352522045987
957,-0.391430657499542,0.16202610433159098,2.3557174860837216,-0.2894242705538291,0.28637773236087966,2.3722935069527646,-0.1020063869457129,-0.12435162802928867,-0.016576020869043084,0.1616891920911971
958,-0.4107467011053452,0.18136058439738434,2.357955349951901,-0.30919894560779787,0.30548151717619876,2.3746336323082975,-0.10154775549754735,-0.12412093277881442,-0.01667828235639668,0.16123311602407342
959,-0.43010596424169517,0.20065178940934295,2.36019321382008,-0.32894270102487083,0.3244631134576801,2.3771425849693415,-0.10116326321682434,-0.12381132404833714,-0.016949371149261427,0.1607810031366711
960,-0.4495083499567708,0.21989962275648314,2.3624310776882593,-0.3486535624459593,0.3433149288198954,2.379822980956867,-0.1008547875108115,-0.12341530606341225,-0.017391903268607845,0.1603293617335305
961,-0.46844874709288276,0.2386052342220727,2.3655368467680202,-0.3683295588013468,0.36202942278805417,2.3826776293535232,-0.10011918829153593,-0.12342418856598147,-0.017140782585503,0.1598473916426867
962,-0.48744714809772377,0.25725193106721095,2.368642615847781,-0.38796872250779796,0.38059910981409556,2.3857095379040607,-0.09947842558992581,-0.12334717874688461,-0.017066922056279576,0.1593793069728358
963,-0.5065033697166348,0.27583953342970463,2.371748384927542,-0.40756908966530103,0.3990165622707952,2.388921918994649,-0.09893428005133376,-0.12317702884109055,-0.017173534067107088,0.1589197988790216
964,-0.525617228137231,0.2943678620173737,2.374854154007303,-0.4271287002534774,0.4172744134227364,2.39231819601659,-0.09848852788375362,-0.12290655140536272,-0.017464042009287084,0.15846451737335435
965,-0.544788538991175,0.3128367381097807,2.377959923087064,-0.4466455983275678,0.4353653603728932,2.3959020101191086,-0.09814294066360718,-0.12252862226311251,-0.017942087032044807,0.15801018499724093
966,-0.5633871495661065,0.33064285880215855,2.382011492976112,-0.4661178322140288,0.45328216698369495,2.3996772273548608,-0.09726931735207767,-0.1226393081815364,-0.017665734378748965,0.157523960655278
967,-0.582057750036183,0.3483734799846287,2.38606306286516,-0.4855434547056987,0.47101766677138485,2.4036479462203655,-0.09651429533048428,-0.12264418678675615,-0.017584883355205694,0.15705360192730652
968,-0.6008000339198363,0.3660283106055673,2.3901146327542078,-0.5049205232565162,0.48856476577251795,2.407818505591774,-0.09587951066332012,-0.12253645516695066,-0.017703872837566248,0.1565933923362303
969,-0.6196136935588009,0.3836070608574673,2.3941662026432557,-0.5242471001757738,0.5059164453814522,2.4121934930541324,-0.09536659338302711,-0.12230938452398488,-0.018027290410876695,0.15613889930340136
970,-0.6384984201231643,0.4011094421816961,2.3982177725323037,-0.5435212528218883,0.5230657651576994,2.416777753619516,-0.09497716730127592,-0.12195632297600334,-0.01855998108721213,0.1556871218834733
971,-0.6566988097390453,0.41784101149870934,2.4033208816745533,-0.5627410537956501,0.5400058656019979,2.4215763988259873,-0.09395775594339517,-0.12216485410328859,-0.01825551715143403,0.1551952814568236
972,-0.6749843450244483,0.43447948478522713,2.408423990816803,-0.5819045811329816,0.5567299709000376,2.4265948162052435,-0.09307976389146666,-0.12225048611481049,-0.018170825388440726,0.15472298696927955
973,-0.6933545497935635,0.45102442874767873,2.4135270999590523,-0.6010099184971187,0.5732313916326847,2.431838679101828,-0.09234463129644477,-0.12220696288500593,-0.018311579142775702,0.15426401601655415
974,-0.7118089456556465,0.4674754125281528,2.418630209101302,-0.620055155370246,0.589503527451662,2.4373139568209106,-0.09175379028540043,-0.12202811492350923,-0.01868374771960868,0.1538138527323609
975,-0.7303470520274765,0.48383200771561763,2.4237333182435514,-0.6390383872445473,0.605539869719601,2.4430269250746033,-0.0913086647829292,-0.12170786200398342,-0.019293606831051857,0.1533698771029475
976,-0.7480888086208054,0.49932566418945135,2.4300267277453496,-0.6579577158126543,0.6213340041134094,2.4489841766885143,-0.09013109280815113,-0.1220083399239581,-0.018957448943164756,0.15286933561778948
977,-0.7659277211475943,0.5147073584331837,2.4363201372471477,-0.6768112491574763,0.6368796131899154,2.455192632520491,-0.08911647199011807,-0.12217225475673166,-0.018872495273343226,0.15239414847739924
978,-0.7838630830643106,0.5299764812260129,2.442613546748946,-0.69559710194139,0.6521704789127604,2.4616595525321086,-0.08826598112292061,-0.12219399768674744,-0.019046005783162734,0.15193750962337405
979,-0.8018941840073629,0.5451324278057406,2.448906956250744,-0.7143133955947752,0.6672004851395333,2.4683925469401653,-0.08758078841258765,-0.12206805733379278,-0.01948559068942135,0.15149486250276684
980,-0.8200203098212363,0.5601745978927237,2.455200365752542,-0.7329582585038568,0.6819636200681355,2.4753995873599552,-0.08706205131737954,-0.12178902217541177,-0.020199221607413165,0.15106414285189704
981,-0.8372385587266006,0.5742813176285892,2.4628621428297643,-0.7515298261978846,0.6964539786414377,2.4826890178342347,-0.08570873252871603,-0.1221726610128484,-0.019826875004470335,0.15054982863850178
982,-0.8545643837389371,0.5882557022202353,2.4705239199069866,-0.7700262415355653,0.7106657649092125,2.490269565621063,-0.08453814220337175,-0.12241006268897725,-0.019745645714076332,0.15006935549732553
983,-0.8719967677882957,0.6020969313357799,2.478185696984209,-0.7884456548907789,0.7245932943464408,2.4981503515899917,-0.08355111289751682,-0.12249636301066091,-0.019964654605782783,0.14961528949536348
984,-0.8895346875494405,0.6158041924599063,2.485847474061431,-0.8067862243375392,0.7382309961270456,2.5063409000487984,-0.08274846321190132,-0.12242680366713932,-0.020493425987367253,0.14918314559219942
985,-0.9071771135019209,0.6293766809415586,2.4935092511386534,-0.8250461158341854,0.7515734153521484,2.514851147791886,-0.08213099766773546,-0.12219673441058976,-0.021341896653232606,0.14877170171530282
986,-0.9238020596051072,0.6419648336994497,2.502763639221449,-0.8432235034067843,0.7646152152319554,2.523691452126122,-0.08057855619832288,-0.12265038153250574,-0.020927812904672827,0.1482362747847115
987,-0.9405427877904573,0.6543985959062025,2.5120180273042445,-0.8613165693317297,0.7773511792204058,2.5328725975898596,-0.07922621845872757,-0.12295258331420322,-0.020854570285615104,0.14774655507558804
988,-0.9573978643303215,0.666676902696032,2.52127241538704,-0.8793235043175001,0.7897762131017095,2.542405801035813,-0.07807436001282142,-0.12309931040567756,-0.021133385648772762,0.14729448700730371
989,-0.9743658457039039,0.6787987025168345,2.5305268034698356,-0.8972425076856059,0.8018853470279821,2.5523027146979134,-0.07712333801829807,-0.12308664451114759,-0.02177591122807776,0.14687587151711273
990,-0.9914452787208904,0.6907629572202468,2.539781191552631,-0.9150717875506427,0.8136737375071053,2.5625754268059584,-0.07637349117024772,-0.12291078028685842,-0.022794235253327244,0.14649077522165113
991,-1.0074020190061619,0.7017220371209248,2.5509046058940883,-0.9328095609994818,0.8251366693400644,2.5732364592495207,-0.07459245800668013,-0.12341463221913951,-0.02233185335543242,0.14592435681390664
992,-1.0234796720078234,0.712502949269682,2.5620280202355454,-0.9504540542695596,0.836269557506963,2.584298761724097,-0.07302561773826377,-0.12376660823728092,-0.022270741488551682,0.14541973761173377
993,-1.0396762484528073,0.7231043597542754,2.5731514345770026,-0.9680035029262528,0.8470679490009707,2.5957757017178724,-0.07167274552655445,-0.12396358924669526,-0.022624267140869847,0.14496831161981247
994,-1.0559897443537591,0.733524956872036,2.5842748489184597,-0.9854561520393205,0.8575275246094671,2.6076810496170584,-0.07053359231443868,-0.12400256773743112,-0.023406200698598667,0.14456650608421964
995,-1.0724181412569889,0.7437634512921646,2.595398263259917,-1.0028102563583978,0.8676441006416691,2.620028958122165,-0.06960788489859104,-0.12388064934950449,-0.024630694862248337,0.1442163099399911
996,-1.0876164499332528,0.7530022181087546,2.608693313930274,-1.0200640804875087,0.8774136306020465,2.632833935077795,-0.06755236944574405,-0.1244114124932919,-0.024140621147521024,0.1436116003869411
997,-1.1029362416696054,0.762038112091372,2.621988364600631,-1.0372158990586215,0.8868322068088755,2.646110808726245,-0.0657203426109838,-0.12479409471750358,-0.024122444125613818,0.1430895587380844
998,-1.1183748086044818,0.7708695360936298,2.635283415270988,-1.054263996904172,0.8958960619572528,2.659874684302496,-0.06411081170030974,-0.12502652586362295,-0.024591269031507768,0.1426413644739132
