timestep,px,py,theta,px_ref,py_ref,theta_ref,error_px,error_py,error_theta,error_norm
0,0.0,0.0,0.7853981633974483,0.0,0.0,0.7853981633974483,0.0,0.0,0.0,0.0
1,0.0,0.0,0.7853231571470295,0.01999966666833333,0.01999866669333308,0.7853231571470295,-0.01999966666833333,-0.01999866669333308,0.0,0.028283092765033196
2,0.0,0.0,0.7852481508966107,0.03999733338666616,0.03998933418663416,0.7850980633706443,-0.03999733338666616,-0.03998933418663416,0.00015008752596645802,0.05655931446720228
3,0.0,0.0,0.7851731446461919,0.05999100040499132,0.0599640064794446,0.7847226568420766,-0.05999100040499132,-0.0599640064794446,0.0004504878041152738,0.08482219722407691
4,0.0,0.0,0.7850981383957731,0.07997866837326832,0.07991469396917268,0.7841965616812204,-0.07997866837326832,-0.07991469396917268,0.0009015767145527098,0.11306528444894118
5,0.0,0.0,0.7850231321453544,0.09995833854135666,0.09983341664682815,0.7835192505983565,-0.09995833854135666,-0.09983341664682815,0.0015038815469978761,0.14128213681508026
6,0.014722959276935217,0.014711920276683449,0.7838571206563626,0.11992801295888919,0.11971220728891936,0.7826900438339384,-0.10520505368195397,-0.10500028701223592,0.001167076822424229,0.1486422741389009
7,0.02946306280951116,0.029406663416552365,0.7826911091673708,0.13988569467506554,0.1395431146442365,0.7817081077917023,-0.11042263186555437,-0.11013645122768413,0.0009830013756685352,0.15596205246420794
8,0.04422029055733898,0.0440842094408891,0.7815250976783791,0.1598293879383454,0.15931820661424598,0.7805724533623122,-0.11560909738100641,-0.11523399717335688,0.0009526443160668974,0.16323371291799124
9,0.05899462245674804,0.05874453839435691,0.7803590861893873,0.17975709839602208,0.17902957342582415,0.7792819339341677,-0.12076247593927404,-0.12028503503146724,0.0010771522552196489,0.17045006748161168
10,0.07378603842081319,0.07338763034502706,0.7791930747003956,0.1996668332936563,0.19866933079506124,0.7778352430874435,-0.12588079487284312,-0.12528170045003417,0.0013578316129521095,0.1776043994166812
11,0.09676535848251026,0.09608352799202552,0.7773113352288035,0.21955660167434962,0.21822962308086932,0.7762309119668949,-0.12279124319183936,-0.1221460950888438,0.001080423261908603,0.17320082350980662
12,0.11978734560122432,0.11873614438851951,0.7754295957572114,0.23942441457783872,0.23770262642713458,0.7744673063284713,-0.1196370689766144,-0.11896648203861507,0.000962289428740104,0.16872159945574242
13,0.1428519182574252,0.14134539932289927,0.7735478562856193,0.2592682852393897,0.2570805518921551,0.7725426232543283,-0.11641636698196453,-0.11573515256925584,0.001005233031290964,0.16415969826652207
14,0.1659589947807897,0.16391121273709552,0.7716661168140272,0.279086229288473,0.27635564856411376,0.7704548875304338,-0.11312723450768328,-0.11244443582701824,0.0012112292835934069,0.15950858726786538
15,0.18910849335049104,0.1864335047268629,0.7697843773424351,0.29887626494719843,0.29552020666133955,0.7682019476806334,-0.10976777159670739,-0.10908670193447664,0.0015824296618016653,0.1547623219775499
16,0.21533304750172635,0.21185165520452015,0.7670601902326859,0.31863641322849195,0.31456656061611776,0.765781471650788,-0.1033033657267656,-0.10271490541159761,0.0012787185818978752,0.14568312285712107
17,0.24162674805649104,0.2371982708616896,0.7643360031229367,0.33836469813399206,0.33348709214081446,0.7631909421364422,-0.09673795007750102,-0.09628882127912486,0.0011450609864944727,0.13649571148275363
18,0.26798939988421594,0.26247316359629985,0.7616118160131875,0.35805914685164836,0.35227423327509,0.760427651547437,-0.09006974696743242,-0.08980106967879015,0.0011841644657505368,0.12719352845060225
19,0.2944208073426313,0.28767614583854895,0.7588876289034383,0.37771778995300115,0.3709204694129827,0.7574886966029721,-0.08329698261036983,-0.08324432357443373,0.0013989323004661713,0.11777080169099031
20,0.32092077427921883,0.3128070305522965,0.7561634417936891,0.39733866159012243,0.38941834230865047,0.7543709725508718,-0.0764178873109036,-0.076611311756354,0.001792469242817285,0.10822291594702885
21,0.34307920374225725,0.33370632082967,0.752860816145348,0.4169197996921991,0.40776045305957015,0.7510711670052485,-0.07384059594994186,-0.07405413222990015,0.0017896491400996029,0.10459278634117539
22,0.36530653476731284,0.354532316264918,0.749558190497007,0.43645924616173865,0.4259394650659996,0.7475857533974175,-0.0711527113944258,-0.07140714880108162,0.001972437099589497,0.10082449973488636
23,0.3876025249136342,0.3752847897021136,0.746255564848666,0.4559550470703768,0.44394810696551984,0.7439109840358401,-0.06835252215674259,-0.06866331726340624,0.002344580812825847,0.096913443247008
24,0.4099669309915826,0.39596351478725833,0.7429529392003249,0.47540525285426916,0.46177917554148284,0.7400428827720981,-0.06543832186268655,-0.06581566075422451,0.002910056428226837,0.09285657541141172
25,0.4323995090652843,0.4165682659707511,0.7396503135519839,0.4948079185090459,0.479425538604203,0.7359772372714972,-0.06240840944376158,-0.06285727263345192,0.0036730762804866313,0.08865290622184117
26,0.4526351855819348,0.43503227878682654,0.7353459364065799,0.5141611037843102,0.49688013784373675,0.7317095908888981,-0.06152591820237546,-0.061847859056910204,0.0036363455176817716,0.08731448499128189
27,0.47295015046834166,0.45340901884111184,0.7310415592611759,0.5334628733776623,0.5141359916531132,0.7272352341528829,-0.06051272290932064,-0.060726972812001345,0.0038063251082929295,0.08581400218868591
28,0.4933440273362707,0.47169814565609314,0.7267371821157719,0.5527112971282275,0.5311861979208834,0.7225491958644261,-0.059367269791956834,-0.05948805226479026,0.004187986251345754,0.08414772910572732
29,0.5138164383354353,0.4898993203775225,0.7224328049703679,0.5719044502096711,0.5480239367918736,0.7176462338199793,-0.058088011874235734,-0.05812461641435107,0.004786571150388608,0.08231402930360374
30,0.5343670041604974,0.5080122057806963,0.7181284278249639,0.5910404133226791,0.5646424733950353,0.712520825173375,-0.056673409162181665,-0.05663026761433898,0.005607602651588883,0.08031380780185816
31,0.5058982995798115,0.4831373321896369,0.7514398396290467,0.610117272886887,0.5810351605373051,0.7071671564563529,-0.10421897330707552,-0.09789782834766819,0.04427268317269384,0.14968516849601418
32,0.4782738526102422,0.4573281011608168,0.7847512514331295,0.6291331212322355,0.597195441362392,0.7015791132839158,-0.15085926862199334,-0.1398673402015752,0.08317213814921376,0.22189861727495694
33,0.45152431388924175,0.4306131492632885,0.8180626632372123,0.6480860567897367,0.6131168519734339,0.6957502697783335,-0.196561742900495,-0.18250370271014543,0.12231239345887879,0.2947955933670533
34,0.4256793633019586,0.4030221180064752,0.8513740750412951,0.6669741842816288,0.6287930240184685,0.6896738777545541,-0.2412948209796702,-0.2257709060119933,0.161700197286741,0.3678894486604072
35,0.40076767704999383,0.3745856209515068,0.884685486845378,0.6857956149109028,0.6442176872376911,0.6833428557202919,-0.28502793786090896,-0.2696320662861843,0.2013426311250861,0.4410002626295952
36,0.3768315418009761,0.34535309644920753,0.926685486845378,0.7045484665501799,0.6593846719714731,0.6767497777563413,-0.3277169247492038,-0.31403157552226557,0.24993570908903673,0.5181525565602386
37,0.3541439202177345,0.3151413291005001,0.968685486845378,0.723230863929924,0.6742879116281452,0.6698868623569647,-0.3690869437121895,-0.3591465825276451,0.2987986244884133,0.5953923561453064
38,0.3327448273820059,0.28400360462929525,1.010685486845378,0.7418409388259654,0.6889214451105513,0.6627459613267954,-0.40909611144395946,-0.40491784048125606,0.34793952551858265,0.6725920006636035
39,0.3126720057449229,0.251994841907774,1.052685486845378,0.7603768302463229,0.7032794192004101,0.6553185488498808,-0.4477048245014,-0.45128457729263616,0.39736693799549727,0.7496651672553154
40,0.293960858559116,0.21917149609373682,1.0946854868453781,0.778836684617301,0.7173560908995228,0.6475957108685986,-0.484875826058185,-0.498184594805786,0.44708977597677957,0.8265480778396254
41,0.30899173694404786,0.24831932010869612,1.0821870131525686,0.7972186559688459,0.731145829726896,0.6395681349355568,-0.48822691902479803,-0.4828265096181999,0.44261887821701185,0.816944572296448
42,0.3243857351706217,0.2772770093885729,1.069688539459759,0.8155209061191403,0.7446431199708592,0.6312261007306176,-0.4911351709485186,-0.4673661105822863,0.4384624387291415,0.807399620782516
43,0.34014044854528175,0.30604004045819344,1.0571900657669495,0.8337416048584215,0.757842562895277,0.6225594714682599,-0.4936011563131398,-0.4518025224370835,0.43463059429868967,0.79791689685995
44,0.3562534160272271,0.3346039202499063,1.04469159207414,0.8518789301319992,0.7707388788989693,0.6135576864580234,-0.4956255141047721,-0.436134958649063,0.43113390561611653,0.7885016150644499
45,0.3727221206128503,0.36296418680544357,1.0321931183813304,0.8699310682224605,0.7833269096274834,0.6042097551231719,-0.49720894760961015,-0.42036272282203985,0.42798336325815856,0.7791606480997227
46,0.38904765881150644,0.39028577583497465,1.0182077824559272,0.8878962139310396,0.795601620036366,0.5945042528303504,-0.49884855511953313,-0.4053158442013914,0.4237035296255769,0.7698412144869256
47,0.40575368962813524,0.4173763823052666,1.004222446530524,0.9057725707581367,0.8075581004051143,0.5844293189362826,-0.5000188811300015,-0.39018171809984775,0.4197931275942415,0.7605832792016944
48,0.42283694558975926,0.44423070766123135,0.990237110605121,0.9235583510829657,0.8191915683009982,0.5739726575167142,-0.5007214054932064,-0.3749608606397668,0.41626445308840676,0.7513944821701827
49,0.4402940854432805,0.4708434995611612,0.9762517746797179,0.941251776342316,0.8304973704919704,0.5631215413080933,-0.5009576908990355,-0.35965387093080914,0.4131302333716246,0.7422843826136326
50,0.45812169480898424,0.49720955290401575,0.9622664387543148,0.958851077208406,0.8414709848078965,0.5518628194639037,-0.5007293823994218,-0.34426143190388075,0.41040361929041114,0.733264603414951
51,0.47562942189527346,0.5223378739662935,0.9464825129025081,0.976354493765815,0.852108021949363,0.540182929805001,-0.5007250718705415,-0.3297701479830695,0.406299583097507,0.7242605189610589
52,0.49353157524455554,0.5471867357630777,0.9306985870507013,0.9937602756874735,0.8624042272433384,0.5280679163262988,-0.500228700442918,-0.3152174914802607,0.4026306707244025,0.7153336820602684
53,0.5118236949445113,0.5717499477684199,0.9149146611988945,1.0110666824096939,0.8723554823449863,0.5155034528098956,-0.4992429874651826,-0.30060553457656636,0.3994112083889989,0.7064959740423041
54,0.5305012239316187,0.5960213906194879,0.8991307353470878,1.0282719833062262,0.8819578068849474,0.5024748734859666,-0.49777075937460746,-0.2859364162654595,0.3966558618611211,0.6977615895016694
55,0.549559509126441,0.6199950176410653,0.883346809495281,1.0453744578613184,0.8912073600614354,0.4889672117755554,-0.4958149487348774,-0.27121234242037007,0.3943795977197256,0.6891472013784035
56,0.5681079328859389,0.6425859185908479,0.865401049983679,1.0623723958417668,0.900100442176505,0.4749652482411506,-0.49426446295582793,-0.2575145235856571,0.39043580174252834,0.6804786583581383
57,0.5870587590785169,0.6648403342493973,0.8474552904720769,1.0792640974679386,0.9086334961158833,0.4604535689580829,-0.4922053383894217,-0.24379316186648603,0.387001721513994,0.6719163142584788
58,0.6064058847490001,0.686751097768164,0.8295095309604749,1.0960478735837471,0.916803108771767,0.44541663559766037,-0.48964198883474697,-0.23005201100360295,0.3840928953628145,0.6634761165746951
59,0.6261430793172792,0.7083111529688978,0.8115637714488728,1.1127220458255676,0.9246060124080204,0.4298388685756445,-0.48657896650828836,-0.21629485943912263,0.3817249028732283,0.6551766619329777
60,0.6462639865848164,0.7295135566160307,0.7936180119372708,1.1292849467900707,0.9320390859672264,0.4137047446598081,-0.4830209602052543,-0.20252552935119572,0.37991326727746266,0.6470393563687025
61,0.6656807515285088,0.7492521801716278,0.7731130450435642,1.1457349202009626,0.9390993563190677,0.3969989104388761,-0.48005416867245376,-0.18984717614743996,0.37611413460468807,0.638714175042633
62,0.6854981461509475,0.768588542061257,0.7526080781498575,1.1620703210746102,0.945783999449539,0.37970631302149005,-0.47657217492366266,-0.1771954573882819,0.3729017651283675,0.6305354823214667
63,0.7057078384478284,0.7875145125255045,0.7321031112561509,1.178289515884539,0.9520903415905158,0.36181234924553096,-0.47258167743671065,-0.16457582906501123,0.37029076201061994,0.6225222034528058
64,0.7263013314776303,0.8060221343494902,0.7115981443624443,1.1943908827247842,0.958015860289225,0.3433030345211741,-0.4680895512471539,-0.15199372593973481,0.3682951098412702,0.6146960294688737
65,0.7472699669340606,0.8241036262083913,0.6910931774687377,1.210372811472079,0.963558185417193,0.3241651921901698,-0.46310284453801853,-0.13945455920880168,0.36692798527856785,0.6070815143651751
66,0.7765509195734465,0.8483241155835959,0.7279297268130498,1.2262337039468676,0.9687151001182652,0.30438666394296926,-0.44968278437342113,-0.12039098453466934,0.42354306287008053,0.6293626314172369
67,0.8049200108474124,0.8736065393861855,0.7647662761573619,1.2419719740731194,0.9734845416953194,0.283956541378582,-0.43705196322570705,-0.0998780023091339,0.4808097347787799,0.6573948851054051
68,0.8323387501988542,0.8999165949813768,0.801602825501674,1.2575860480369372,0.9778646024353163,0.26286541820488024,-0.425247297838083,-0.07794800745393948,0.5387374072967939,0.6907598354026545
69,0.8587699364871876,0.9272185854662439,0.8384393748459862,1.273074364443936,0.9818535303723597,0.24110566184802507,-0.4143044279567484,-0.05463494490611576,0.5973337129979611,0.7289997948651245
70,0.8841777084620349,0.9554754681024888,0.8752759241902983,1.2884353744753823,0.9854497299884603,0.2186717023624417,-0.40425766601334734,-0.02997426188597141,0.6566042218278566,0.7716552475220608
71,0.9085275432195967,0.9846488444316635,0.8212759241902983,1.3036675420430732,0.9886517628517197,0.19556033550876473,-0.3951399988234765,-0.0040029184200562895,0.6257155886815335,0.7400484037853015
72,0.9344164813515514,1.0124654441800875,0.7672759241902982,1.3187693439429462,0.9914583481916864,0.1717710357084244,-0.3843528625913948,0.021007095988401114,0.5955048884818739,0.7090800330497782
73,0.9617690490571141,1.0388441738514878,0.7132759241902982,1.3337392700073958,0.9938683634116449,0.14730627331565815,-0.37197022095028165,0.04497581043984289,0.56596965087464,0.678753500550593
74,0.9905055056286729,1.063708131759977,0.6592759241902981,1.34857582325629,0.99588084453764,0.12217182931261213,-0.3580703176276172,0.067827287222337,0.537104094877686,0.649072955831825
75,1.0205420759191943,1.0869848322208837,0.6052759241902981,1.3632775200466682,0.9974949866040543,0.0963770991912814,-0.3427354441274739,0.08948984561682938,0.5088988249990167,0.6200435720295475
76,1.051791190938335,1.1086064143540382,0.548905472462814,1.3778428902211026,0.998710143975583,0.06993537651704462,-0.32605169928276756,0.10989627037845517,0.47897009594576934,0.589745075145672
77,1.0842088430371248,1.1284330589471623,0.49253502073532984,1.3922704772547134,0.9995258306054791,0.0428641055705861,-0.3080616342175886,0.12890722834168322,0.4496709151647437,0.5601097891848029
78,1.117692048256862,1.1464017809838905,0.4361645690078457,1.4065588384008205,0.9999417202299663,0.015185091651111312,-0.28886679014395855,0.14646006075392415,0.4209794773567344,0.5311480887658979
79,1.1521344376041027,1.1624554976711037,0.3797941172803616,1.4207065448352156,0.99995764649874,-0.013075342784616575,-0.2685721072311129,0.1624978511723637,0.3928694600649782,0.5028746773003624
80,1.1874265949622411,1.176543209778775,0.3234236655528775,1.4347121817990456,0.9995736030415051,-0.041886267855577024,-0.24728558683680446,0.1769696067372698,0.3653099334084545,0.4753101625390058
81,1.2234564046404786,1.18862016363933,0.26689850674234594,1.4485743487402851,0.998789743470524,-0.07121213282096248,-0.22511794409980657,0.18983042016880614,0.33811063956330845,0.4483664592307264
82,1.260110958606218,1.1986423227666183,0.2103733479318144,1.4622916594537918,0.9976063813191736,-0.10101283897581732,-0.20218070084757378,0.20103594144744474,0.3113861869076317,0.4222011877597588
83,1.297273173308848,1.2065776739494978,0.15384818912128284,1.4758627422199255,0.9960239899165367,-0.13124390617594112,-0.17858956891107747,0.21055368403296104,0.28509209529722396,0.39686848046255563
84,1.334824343606027,1.2124008697483921,0.09732303031075129,1.4892862399417186,0.994043202198076,-0.16185673736972372,-0.15446189633569163,0.21835766755031616,0.259179767680475,0.3724415395367941
85,1.3726445219367474,1.2160933094611708,0.04079787150021973,1.5025608102805854,0.9916648104524687,-0.19279898196781758,-0.12991628834383806,0.2244284990087021,0.23359685346803732,0.3490184566674175
86,1.4070742282910003,1.2174987480517412,-0.015986752538778633,1.515685125790554,0.9888897660047016,-0.22401499487154508,-0.10861089749955366,0.2286089820470396,0.20802824233276646,0.3276188995407659
87,1.4415282047959597,1.2169478939261682,-0.07277137657777699,1.5286578740510102,0.9857191788355535,-0.25544638373627454,-0.0871296692550505,0.2312287150906147,0.18267500715849755,0.307292134925885
88,1.4758953846767175,1.2144425228327795,-0.12955600061677536,1.5414777577979386,0.9821543171376185,-0.28703263284555847,-0.06558237312122106,0.23228820569516107,0.1574766322287831,0.28819741127811666
89,1.5100649809583222,1.2099907111539125,-0.18634062465577372,1.5541434950536477,0.9781966068080447,-0.3187117881210078,-0.04407851409532548,0.2317941043458679,0.1323711634652341,0.2705430596624031
90,1.5439268436016815,1.2036068098706678,-0.2431252486947721,1.5666538192549668,0.9738476308781951,-0.3504211845928371,-0.022726975653285297,0.22975917899247267,0.10729593589806502,0.2545942136300073
91,1.5715371885340417,1.1967585702681085,-0.2960115897406535,1.579007479379901,0.9691091288804564,-0.38209819537047346,-0.007470290845859262,0.22764944138765209,0.08608660562981996,0.24349738618370406
92,1.5987469203548024,1.1884603760560977,-0.3488979307865349,1.591203240072732,0.9639829961524481,-0.41368097997668896,0.007543680282070309,0.22447737990364958,0.06478304919015404,0.23376022900181165
93,1.6254799521313728,1.1787354315847476,-0.40178427183241633,1.6032398817675544,0.9584712830789142,-0.44510920994479974,0.022240070363818365,0.22026414850583342,0.043324938112383415,0.2255836122355285
94,1.651661529933794,1.1676109308447715,-0.45467061287829774,1.6151162008102287,0.9525761942715953,-0.4763247508234524,0.03654532912356534,0.21503473657317618,0.02165413794515464,0.21919032985967415
95,1.677218441870141,1.1551179814245676,-0.5075569539241791,1.6268310095787475,0.9463000876874145,-0.5072722820789922,0.05038743229139353,0.2088178937371531,-0.00028467184518687905,0.21481128256169454
96,1.6989876270487934,1.1430109259883714,-0.538757881938143,1.6383831366019965,0.9396454736853249,-0.5378998396315425,0.06060449044679683,0.20336545230304648,-0.0008580423066004705,0.21220543746411985
97,1.7203685268808198,1.130230654588654,-0.5699588099521069,1.6497714266769001,0.9326150140222006,-0.5681592696408527,0.07059710020391963,0.19761564056645342,-0.0017995403112541775,0.20985502209626486
98,1.7413403287934412,1.1167896077836115,-0.6011597379660708,1.660994740983941,0.9252115207881683,-0.5980065863693985,0.0803455878095003,0.1915780869954432,-0.003153151596672288,0.2077679457045271
99,1.7618826184375407,1.102700869342732,-0.6323606659800347,1.672051957201041,0.9174379552818098,-0.6274022311885141,0.08983066123649963,0.1852629140609222,-0.004958434791520583,0.20595261858037436
100,1.7819753995593761,1.0879781535108077,-0.6635615939939986,1.682941969615793,0.9092974268256818,-0.6563112337819401,0.0990334299435831,0.1786807266851259,-0.007250360212058493,0.2044186636741368
101,1.7997989823073586,1.0740431839459386,-0.6911799612191565,1.6936636892360304,0.9007931915226274,-0.6847032801150899,0.10613529307132819,0.17324999242331118,-0.006476681104066628,0.20327864547988772
102,1.8172309556212538,1.0596213329852728,-0.7187983284443143,1.704216043898726,0.8919286509533796,-0.7125526946185239,0.11301491172252787,0.16769268203189325,-0.006245633825790464,0.20231711203105454
103,1.8342580236865944,1.0447236005455267,-0.7464166956694722,1.7145979783772067,0.8827073508159741,-0.7398383461925445,0.11966004530938767,0.16201624972955264,-0.006578349476927703,0.20152187549175418
104,1.8508671995205621,1.0293613495104619,-0.7740350628946301,1.7248084544866769,0.8731329795075166,-0.7665434890556865,0.12605874503388526,0.15622837000294532,-0.00749157383894361,0.20088363415639318
105,1.867045814877493,1.013546297064122,-0.801653430119788,1.734846451188034,0.8632093666488738,-0.7926555501696838,0.13219936368945917,0.1503369304152482,-0.008997879950104148,0.2003966722532427
106,1.881809478073323,0.9982946845780328,-0.8260573667800906,1.7447109646899726,0.8529404815528762,-0.8181658750569212,0.13709851338335044,0.14535420302515667,-0.007891491723169386,0.19996530286682246
107,1.8961965827796856,0.982687357691154,-0.8504613034403932,1.7544010085493633,0.8423304316366457,-0.8430694433909002,0.1417955742303223,0.14035692605450834,-0.007391860049492993,0.199651424131582
108,1.9101985611510366,0.9667336109188767,-0.8748652401006958,1.763915613769895,0.8313834607786832,-0.8673645649064725,0.14628294738114156,0.13535015014019347,-0.007500675194223261,0.19943576400900612
109,1.9238070746932558,0.9504429450774518,-0.8992691767609984,1.7732538288989745,0.8201039476213741,-0.8910525650657036,0.1505532457942813,0.1303389974560777,-0.008216611695294751,0.1993039055934428
110,1.9370140192294085,0.9338250616260396,-0.923673113421301,1.7824147201228708,0.8084964038195901,-0.914137468639516,0.1545992991065377,0.12532865780644953,-0.009535644781785035,0.19924644105530018
111,1.94934404907367,0.9175084835010057,-0.9449640903726176,1.7913973713600952,0.7965654722360865,-0.9366256880218409,0.15794667771357473,0.12094301126491913,-0.008338402350776764,0.19910774452126578
112,1.9613239147438066,0.9009331048870435,-0.9662550673239343,1.8002008843530102,0.7843159250844199,-0.9585257217604746,0.16112303039079645,0.11661717980262354,-0.007729345563459722,0.1990475830807054
113,1.9729481859035687,0.8841064392139211,-0.987546044275251,1.808824378757652,0.7717526620201257,-0.9798478675264842,0.1641238071459168,0.11235377719379536,-0.007698176748766716,0.19904586719406747
114,1.9842115934036355,0.8670361138169596,-1.0088370212265676,1.8172669922317666,0.7588807081809217,-1.0006039525927415,0.16694460117186893,0.10815540563603787,-0.008233068633826113,0.19908760646474097
115,1.995109031670061,0.8497298664796493,-1.0301279981778844,1.8255278805210422,0.7457052121767199,-1.0208070838766747,0.16958115114901884,0.1040246543029294,-0.009320914301209626,0.19916268468586387
116,2.005469939858319,0.8324714215709202,-1.0486545412252855,1.8336062175435337,0.7322314440302513,-1.0404714187339885,0.1718637223147852,0.10023997754066893,-0.008183122491296935,0.19912849027438284
117,2.015509348963675,0.8150239975785815,-1.0671810842726865,1.8415011954722713,0.7184647930691263,-1.0596119569697484,0.17400815349140375,0.09655920450945521,-0.007569127302938128,0.19914770685376923
118,2.025223813230219,0.7973935828594891,-1.0857076273200876,1.8492120248160406,0.7044107657701763,-1.078244353954232,0.17601178841417853,0.09298281708931289,-0.007463273365855727,0.19920254612819502
119,2.034609998430576,0.7795862285771219,-1.1042341703674887,1.8567379344983332,0.6900749835569364,-1.0963847542815959,0.17787206393224286,0.08951124502018548,-0.007849416085892846,0.1992795710690613
120,2.0436646830102907,0.7616080466246824,-1.1227607134148898,1.8640781719344526,0.675463180551151,-1.1140496450750117,0.17958651107583812,0.08614486607353145,-0.008711068339878114,0.19936934474196585
121,2.0523805578893595,0.7434739486878823,-1.1389670957542357,1.871232003106772,0.6605812012792008,-1.1312557278065778,0.1811485547825875,0.08289274740868147,-0.007711367947657921,0.19936266367703792
122,2.060801412935118,0.7252009855130888,-1.1551734780935816,1.8781987126381352,0.6454349983343708,-1.1480198073479873,0.182602700296983,0.07976598717871797,-0.007153670745594365,0.19939291329302947
123,2.068925036485103,0.7067939563310842,-1.1713798604329275,1.884977603863395,0.6300306299958922,-1.16435869688339,0.1839474326217081,0.076763326335192,-0.0070211635495374125,0.1994456391494945
124,2.076749294942052,0.6882576955838919,-1.1875862427722734,1.891567998899078,0.6143742578057116,-1.1802891372852227,0.18518129604297418,0.0738834377781803,-0.007297105487050759,0.1995097053543186
125,2.084272133334274,0.6695970716550532,-1.2037926251116193,1.8979692387111724,0.5984721441039565,-1.1958277295646969,0.1863028946231018,0.07112492755109667,-0.00796489554692248,0.19957696115826773
126,2.091556522588776,0.6506480383018614,-1.2181207444269895,1.9041806831810315,0.5823306495240819,-1.2109908790505335,0.1873758394077445,0.06831738877777949,-0.0071298653764559905,0.19956905016424142
127,2.098568669410558,0.6315965819590708,-1.2324488637423596,1.9102017111693845,0.5659562304487028,-1.2257947500135267,0.18836695824117333,0.06564035151036796,-0.0066541137288329555,0.1995871837893226
128,2.1053071342655434,0.6124466137285591,-1.2467769830577298,1.9160317205784498,0.5493554364271267,-1.2402552295333436,0.18927541368709355,0.06309117730143243,-0.00652175352438622,0.19962016969418203
129,2.111770533804236,0.5932020649358566,-1.2611051023731,1.9216701284121454,0.532534907555621,-1.2543878994917435,0.1901004053920905,0.06066715738023554,-0.0067172028813564655,0.19965918193107152
130,2.1179575411457074,0.5738668863230778,-1.27543322168847,1.927116370834386,0.5155013718214642,-1.2682080156685605,0.19084117031132153,0.05836551450161365,-0.0072252060199096135,0.19969749415268845
131,2.1239468616092045,0.554182197379148,-1.288282685790703,1.932369903225468,0.4982616424118385,-1.2817304930098559,0.19157695838373656,0.055920554967309466,-0.006552192780847177,0.1996791693734056
132,2.129682756891328,0.5344221760293051,-1.301132149892936,1.9374302002365305,0.4808226149886482,-1.2949698962289915,0.19225255665479768,0.053599561040656885,-0.006162253663944517,0.19967957295195743
133,2.1351642799587363,0.5145900847806443,-1.313981613995169,1.9422967558420892,0.4631912649303451,-1.3079404349891695,0.1928675241166471,0.05139881985029915,-0.006041179005999542,0.19969030117827827
134,2.140390525776582,0.4946891980394665,-1.326831078097402,1.9469690833906388,0.44537464454187115,-1.3206559629989763,0.19342144238594305,0.04931455349759534,-0.006175115098425721,0.19970456080872234
135,2.1453606314579403,0.4747228015706525,-1.339680542199635,1.9514467156533182,0.4273798802338298,-1.333129980429876,0.19391391580462214,0.04734292133682272,-0.006550561769758989,0.19971697174473205
136,2.1501415125998142,0.45440634556128245,-1.3513999478573726,1.9557292048706325,0.40921416967201735,-1.3453756391359823,0.19441230772918172,0.04519217588926511,-0.006024308721390259,0.1996866807119667
137,2.154683974092329,0.4340352569094108,-1.3631193535151103,1.9598161227972284,0.3908847788984522,-1.3574057502217107,0.19486785129510054,0.043150478010958615,-0.005713603293399538,0.1996699488744813
138,2.1589873920606633,0.41361233343936843,-1.374838759172848,1.9637070607447196,0.3723990394250553,-1.3692327935620554,0.1952803313159437,0.04121329401431312,-0.005605965610792518,0.19966063771510983
139,2.163051175460927,0.3931403800946303,-1.3865581648305856,1.9674016296225532,0.3537643453011427,-1.380868928933525,0.1956495458383738,0.03937603479348761,-0.005689235897060607,0.19965366089283781
140,2.1668747661613343,0.37262220855257644,-1.3982775704883232,1.9708994599769205,0.3349881501559047,-1.3923260084614568,0.19597530618441383,0.03763405839667172,-0.005951562026866419,0.1996448448521486
141,2.1705029882621867,0.3518003843102912,-1.4091693692060185,1.9742002020277007,0.3160779642170538,-1.4036155901318894,0.19630278623448594,0.035722420093237395,-0.005553779074129128,0.19960390688246624
142,2.1739042125202506,0.3309402780321322,-1.4200611679237138,1.9773035257034395,0.29704135130683235,-1.4147489521538088,0.1966006868168111,0.03389892672529987,-0.005312215769905038,0.19957251044759425
143,2.17707803544793,0.3100443643547295,-1.4309529666414091,1.9802091206743555,0.2778859258165868,-1.4257371079907708,0.1968689147735747,0.03215843853814271,-0.005215858650638339,0.19954633535798136
144,2.1800240805342734,0.28911512216254864,-1.4418447653591044,1.9829166963833729,0.2586193496611108,-1.4365908219100985,0.19710738415090057,0.030495772501437868,-0.005253943449005982,0.199521720494375
145,2.1827419982896377,0.2681550342938205,-1.4527365640767997,1.985425982075177,0.23924932921398243,-1.4473206249233783,0.1973160162144607,0.028905705079838057,-0.005415939153421423,0.1994955699704168
146,2.1852545420412692,0.24697203795117317,-1.4630668150614594,1.9877367268232897,0.21978361222511697,-1.457936831014273,0.1975178152179795,0.027188425726056203,-0.005129984047186342,0.19944626985298464
147,2.187548129955305,0.2257642171145794,-1.473397066046119,1.9898486995551619,0.20022998472177053,-1.4684495535690345,0.19769943040014293,0.02553423239280886,-0.004947512477084581,0.19940295806266725
148,2.1896225172757844,0.2045338349371172,-1.4837273170307788,1.99176168907528,0.18059626789423294,-1.4788687219418666,0.19786082820050432,0.023937567042884245,-0.0048585950889121765,0.1993627858913495
149,2.191477482638331,0.18328315697945607,-1.4940575680154384,1.9934755040862868,0.1608903149674558,-1.4892040981017618,0.19800197855204416,0.022392842012000286,-0.0048534699136766335,0.19932330283762992
150,2.193112828093773,0.16201445096809192,-1.504387819000098,1.994989973208109,0.1411200080598672,-1.499465293319851,0.19812285488566395,0.020894442908224703,-0.004922525680247203,0.19928239920164453
151,2.194535214134811,0.14062721425576583,-1.5143971369597549,1.9963049449950963,0.12129325503062975,-1.5096617848669232,0.19823026913971464,0.019333959225136074,-0.004735352092831713,0.19922716968818788
152,2.1957434608465056,0.11922681201369367,-1.5244064549194116,1.997420287951166,0.10141798631660187,-1.5198029326997817,0.19832317289533963,0.0178088256970918,-0.004603522219629896,0.19917436480835277
153,2.1967374471799235,0.09781538825421923,-1.5344157728790684,1.998335890542952,0.08150215176026913,-1.5298979961226906,0.19840155663697145,0.016313236493950098,-0.004517776756377767,0.19912234848881583
154,2.1975170735519383,0.07639508809388376,-1.5444250908387251,1.9990516612109581,0.06155371742991314,-1.5399561504164885,0.19846541234098014,0.014841370663970621,-0.004468940422236667,0.19906973051510907
155,2.1980822618552063,0.05496805753851615,-1.554434408798382,1.999567528378714,0.04158066243329049,-1.5499865034331373,0.1985147334764923,0.013387395105225658,-0.004447905365244642,0.19901534015518593
156,2.1984328723686057,0.033541521522000996,-1.5643488095910807,1.9998834404599326,0.02159097572609596,-1.5599981121576436,0.19854943190867314,0.011950545795905036,-0.0043506974334370785,0.19895632943999084
157,2.1985710378649395,0.012112562525009331,-1.5742632103837795,1.9999993658636692,0.0015926529164868282,-1.56999999924253,0.19857167200127024,0.010519909608522504,-0.004263211141249501,0.19889583301011213
158,2.1984967447632937,-0.009316713102836213,-1.5841776111764783,1.9999152929974802,-0.018406306933053812,-1.580001169522415,0.19858145176581354,0.0090895938302176,-0.004176441654063279,0.19883323757940033
159,2.198210000366274,-0.03074419898078991,-1.594092011969177,1.9996312302685817,-0.03839790450523538,-1.5900106265178413,0.19857877009769243,0.0076537055244454665,-0.0040813854513357395,0.19876811829106167
160,2.1977108328592894,-0.05216778890402868,-1.6040064127618758,1.9991472060830102,-0.058374143427580086,-1.600037388938299,0.19856362677627915,0.006206354523551408,-0.003969023823576778,0.198700241230688
161,2.197003291191789,-0.07346497948825105,-1.6140478113908274,1.998463268842781,-0.0783270334708653,-1.610090507194452,0.19854002234900792,0.004862053982614245,-0.003957304196375411,0.19863896974102807
162,2.1960819352080385,-0.09475399179843459,-1.624089210019779,1.997579486941048,-0.09824859374510869,-1.6201790799288849,0.1985024482669906,0.0034946019466741,-0.003910130090894137,0.19857170827709242
163,2.194946857807292,-0.11603267928818015,-1.6341306086487306,1.996495948755265,-0.11813085589181781,-1.6303122705732334,0.19845090905202722,0.002098176603637661,-0.003818338075497252,0.19849872884805791
164,2.1935981734380863,-0.1372988964521282,-1.6441720072776822,1.9952127626383473,-0.13796586727122728,-1.6404993239373136,0.19838541079973893,0.0006669708190990831,-0.003672683340368632,0.19842052482334918
165,2.1920360180867005,-0.15855049904228777,-1.6542134059066338,1.9937300569078378,-0.15774569414324865,-1.6507495828327603,0.19830596117886268,-0.0008048048990391132,-0.0034638230738734954,0.198337843137121
166,2.1902802292103947,-0.17954996947936638,-1.6646099273581356,1.9920479798330735,-0.17746242484086058,-1.6610725047296746,0.1982322493773212,-0.0020875446385058005,-0.0035374226284610177,0.1982747989399121
167,2.188306217710873,-0.20053005126699666,-1.6750064488096374,1.9901666996203604,-0.19710817293466984,-1.671477678439753,0.19813951809051278,-0.003421878332326822,-0.0035287703698845263,0.19820047956749565
168,2.186114196952495,-0.2214884767376931,-1.6854029702611393,1.988086404396152,-0.21667508038737962,-1.6819748408132476,0.19802779255634317,-0.00481339635031347,-0.0034281294478917257,0.19811594453923892
169,2.1837044038635165,-0.24242298056472966,-1.695799491712641,1.985807302188237,-0.236155320696897,-1.692573893429715,0.19789710167527952,-0.006267659867832676,-0.003225598282926123,0.19802260198264635
170,2.1810770989104835,-0.2633313000069915,-1.706196013164143,1.9833296209049371,-0.2555411020268312,-1.7032849192537511,0.19774747800554637,-0.007790197980160285,-0.002911093910391793,0.19792227441568888
171,2.178279223620463,-0.2838686922639695,-1.7171923398775566,1.980653608312316,-0.27482467032312397,-1.714118199216562,0.19762561530814682,-0.009044021940845526,-0.003074140660994651,0.19785633297823377
172,2.175255686163349,-0.3043740771201705,-1.7281886665909703,1.977779532009403,-0.2939983124155676,-1.725084228672093,0.19747615415394626,-0.010375764704602886,-0.0031044379188771565,0.19777291393775487
173,2.172006852139192,-0.32484497510582244,-1.739184993304384,1.9747076794014329,-0.3130543591029702,-1.7361937336623283,0.19729917273775932,-0.01179061600285225,-0.0029912596420555992,0.1976737965006417
174,2.1685331143904487,-0.345278910921236,-1.7501813200177976,1.971438357671107,-0.33198518822073414,-1.7474576869099745,0.19709475671934173,-0.013293722700501887,-0.002723633107823087,0.19756134330075906
175,2.1648348929544796,-0.365673413736113,-1.7611776467312112,1.9679718937478738,-0.35078322768961984,-1.7588873234378162,0.19686299920660577,-0.01489018604649317,-0.002290323293395069,0.1974386073641817
176,2.1609962836387133,-0.38559196461271844,-1.7730454139735876,1.964308634275237,-0.36944095854447706,-1.7704941556922353,0.19668764936347638,-0.01615100606824138,-0.0025512582813522755,0.19736614534403912
177,2.156921561465463,-0.405463558150073,-1.784913181215964,1.960448945576091,-0.3879509179417303,-1.7822899880233805,0.19647261588937215,-0.0175126402083427,-0.0026231931925835283,0.19726901050090268
178,2.1526113003277527,-0.4252853955883064,-1.7967809484583404,1.9563932136160893,-0.40630570214441675,-1.7942869303459041,0.1962180867116634,-0.018979693443889667,-0.0024940181124362137,0.19714965493846306
179,2.148066107292443,-0.4450546851753092,-1.8086487157007167,1.9521418439650484,-0.4244979694835826,-1.8064974107716563,0.19592426332739454,-0.020556715691726624,-0.0021513049290604602,0.19701148096826873
180,2.1432866225147302,-0.4647686425599294,-1.820516482943093,1.9476952617563903,-0.44252044329485246,-1.818934186968815,0.19559136075833994,-0.02224819926507693,-0.0015822959742781695,0.19685900140554374
181,2.1384015358423665,-0.4839225512515103,-1.8335641342281148,1.9430539116446306,-0.46036591482899825,-1.8316103559602837,0.19534762419773588,-0.023556636422512045,-0.0019537782678311633,0.19677252513692584
182,2.1332669585551387,-0.5030110924750666,-1.8466117855131365,1.9382182577609126,-0.47802724613534286,-1.8445393620273418,0.1950487007942261,-0.024983846339723725,-0.0020724234857947277,0.1966532054113203
183,2.1278837647572657,-0.5220310166204586,-1.8596594367981583,1.933188783666595,-0.4954973729168449,-1.8577350023321744,0.19469498109067063,-0.026533643703613663,-0.001924434465983893,0.19650413063877506
184,2.1222528708771398,-0.5409790857588349,-1.87270708808318,1.9279659923048962,-0.5127693073557238,-1.871211429814701,0.19428687857224358,-0.02820977840311112,-0.0014956582684790831,0.1963298748956827
185,2.116375235511316,-0.5598520741938534,-1.8857547393682017,1.9225504059505998,-0.5298361409084934,-1.884983152854841,0.19382482956071612,-0.030015933285360008,-0.0007715865133606226,0.19613672820504433
186,2.1104269312626474,-0.5781094143388876,-1.9003349627929569,1.9169425661578283,-0.5466910470692872,-1.899065031120944,0.19348436510481903,-0.031418367269600456,-0.0012699316720128362,0.1960227692599867
187,2.1042130725896073,-0.5962780893868291,-1.914915186217712,1.911143033705888,-0.5633272841003701,-1.9134722669486295,0.19307003888371943,-0.032950805286458995,-0.0014429192690825765,0.19586698930550844
188,2.0977349804289855,-0.6143542370561944,-1.9294954096424672,1.9051523885431907,-0.5797381977287431,-1.928220391512157,0.19258259188579485,-0.034616039327451276,-0.0012750181303102792,0.19567307057283814
189,2.090994031888102,-0.6323340147348915,-1.9440756330672224,1.898971229729261,-0.5959172238077642,-1.9433252449633298,0.19202280215884127,-0.03641679092712724,-0.0007503881038926075,0.19544692960665833
190,2.083991659952063,-0.6502136002970788,-1.9586558564919776,1.892600175374829,-0.6118578909427194,-1.958802949622059,0.19139148457723398,-0.03835570935435939,0.00014709313008132163,0.19519703492917764
191,2.0769463283951333,-0.6674581133057754,-1.975166201059395,1.886039862580021,-0.6275538230792937,-1.9746698752097716,0.19090646581511228,-0.039904290226481676,-0.0004963258496235579,0.19503301619942434
192,2.069617257148263,-0.6845839604472304,-1.9916765456268126,1.8792909473706498,-0.6429987420539088,-1.9909425950243342,0.19032630977761333,-0.04158521839332152,-0.0007339506024783837,0.19481779504416727
193,2.062006444008432,-0.7015864734675091,-2.00818689019423,1.8723541046326122,-0.6581864701049049,-2.007637831866406,0.18965233937581982,-0.04340000336260419,-0.0005490583278242589,0.19455557454784622
194,2.054115963571313,-0.7184610177317439,-2.0246972347616476,1.865230028044401,-0.6731109323435617,-2.024772392446539,0.1888859355269119,-0.04535008538818219,7.515768489119168e-05,0.19425378383256717
195,2.0459479666657696,-0.7352029934874668,-2.041207579329065,1.8579194300077386,-0.6877661591839738,-2.0423630889355304,0.188028536658031,-0.04743683430349299,0.001155509606465266,0.19392348761547215
196,2.037745990185771,-0.7513332681728295,-2.0600754294270627,1.8504230415763365,-0.7021462887308055,-2.060426646274568,0.18732294860943433,-0.04918697944202399,0.00035121684750549775,0.19367335742336073
197,2.0292411480492984,-0.7673059273076571,-2.07894327952506,1.8427416123827909,-0.7162455691239705,-2.078979593845187,0.18649953566650757,-0.051060358183686594,3.631432012696223e-05,0.1933629703443737
198,2.0204364678543354,-0.7831152848615912,-2.0978111296230577,1.8348759105636196,-0.7300583608392996,-2.0980381401223296,0.18556055729071574,-0.05305692402229156,0.00022701049927187356,0.19299691485232348
199,2.011335083936778,-0.7987557129372206,-2.1166789797210552,1.8268267226824504,-0.7435791389442745,-2.1176180290088564,0.18450836125432746,-0.055176573992946065,0.0009390492878011969,0.192584193286784
200,2.0019402362546583,-0.8142216437735291,-2.1355468298190527,1.8185948536513634,-0.7568024953079283,-2.137734376690414,0.18334538260329492,-0.05741914846560081,0.0021875468713612456,0.19213868245040536
201,1.9924851702492616,-0.8291447155264657,-2.1571835355409763,1.8101811266504018,-0.7697231407640244,-2.1584014880706035,0.18230404359885988,-0.059421574762441365,0.0012179525296271976,0.1917476760435647
202,1.982709456418535,-0.8438597338006454,-2.1788202412629,1.8015863830452545,-0.7823359072266527,-2.179632652163961,0.18112307337328049,-0.06152382657399269,0.0008124109010609892,0.19128881032606596
203,1.9726176710553827,-0.8583598100726436,-2.2004569469848234,1.7928114823031196,-0.7946357497573974,-2.201439916254256,0.17980618875226306,-0.06372406031524624,0.000982969269432754,0.19076684094794946
204,1.962214538414887,-0.8726381564395713,-2.222093652706747,1.7838573019067592,-0.8066177485832404,-2.22383383918308,0.17835723650812785,-0.0660204078563309,0.0017401864763328945,0.19019207743043598
205,1.9515049285027488,-0.8866880887966874,-2.2437303584286705,1.774724737266751,-0.8182771110644103,-2.246823224830935,0.17678019123599786,-0.06841097773227711,0.0030928664022646934,0.1895807577532708
206,1.9406536346612233,-0.9003025636446252,-2.2684339875094595,1.7654147016319481,-0.8296091736113709,-2.270414837697643,0.17523893302927518,-0.07069339003325437,0.0019808501881835028,0.18897132801327468
207,1.9294693590275216,-0.913644845382381,-2.2931376165902484,1.7559281259981563,-0.8406094035501944,-2.294613103481373,0.1735412330293653,-0.07303544183218658,0.0014754868911244223,0.1882894377986749
208,1.9179589266744863,-0.9267067920392336,-2.3178412456710373,1.746265959015033,-0.8512734009355746,-2.319419798686549,0.1716929676594534,-0.07543339110365899,0.0015785530155114635,0.18753976502792807
209,1.906129361708267,-0.9394804327156524,-2.3425448747518263,1.7364291668912253,-0.8615969003107405,-2.3448337345377843,0.1697001948170418,-0.07788353240491186,0.002288859785958053,0.18673307050420573
210,1.8939878829819425,-0.9519579724474454,-2.367248503832615,1.7264187332977474,-0.8715757724135882,-2.3708504418018905,0.16756914968419512,-0.08038220003385721,0.003601937969275326,0.1858862339316759
211,1.8815524365331155,-0.9641214905309525,-2.395041476142086,1.7162356592696177,-0.8812060258283252,-2.3974618644663783,0.1653167772634978,-0.08291546470262734,0.0024203883242921442,0.1849607239693929
212,1.8687837758505936,-0.9759347375411555,-2.422834448451557,1.7058809631057523,-0.8904838085819884,-2.424656071515499,0.1629028127448413,-0.08545092895916706,0.0018216230639418463,0.1839633277877755
213,1.855691763442626,-0.9873885889309314,-2.450627420761028,1.6953556802671397,-0.8994054096851778,-2.4524169971891108,0.1603360831754863,-0.0879831792457536,0.0017895764280826398,0.18289861120861148
214,1.8422865115742018,-0.998474197750187,-2.478420393070499,1.6846608632732913,-0.9079672606164054,-2.4807242209956297,0.15762564830091041,-0.09050693713378155,0.0023038279251306193,0.1817763964180421
215,1.82857837445634,-1.0091830014792385,-2.50621336537997,1.6737975815969954,-0.9161659367494548,-2.509552799257385,0.15478079285934454,-0.09301706472978366,0.0033394338774148657,0.1806112399263504
216,1.8143609495434174,-1.0196667345968133,-2.536641624881447,1.6627669215573662,-0.9239981587231878,-2.5388731599736905,0.15159402798605126,-0.09566857587362554,0.0022315350922434973,0.1792713180617336
217,1.7998311534021374,-1.0297130700146644,-2.567069884382924,1.6515699862112163,-0.9314607937532426,-2.5686510721830618,0.14826116719092108,-0.09825227626142174,0.0015811878001379398,0.17786900697486424
218,1.7850024378273341,-1.039312706759704,-2.5974981438844007,1.6402078952427481,-0.9385508568851079,-2.598847699706418,0.14479454258458602,-0.10076184987459624,0.0013495558220171233,0.17640927201637363
219,1.769888531355708,-1.0484567574158445,-2.6279264033858776,1.628681784851592,-0.9452655121880633,-2.6294197471130945,0.14120674650411602,-0.10319124522778123,0.0014933437272168781,0.1748999954986431
220,1.7545034265558417,-1.0571367563520344,-2.6583546628873544,1.6169928076391802,-0.951602073889516,-2.6603197029822847,0.1375106189166615,-0.1055346824625184,0.0019650400949302593,0.17335109142974145
221,1.7383860324571925,-1.0655940915139432,-2.6903583628125753,1.6051421324934945,-0.957558007449271,-2.691496182110619,0.133243899963698,-0.10803608406467224,0.0011378192980435742,0.1715430761363451
222,1.7220062718535063,-1.0735313676927063,-2.7223620627377962,1.593130944472173,-0.9631309305733167,-2.722894364390203,0.12887532738133323,-0.11040043711938963,0.000532301652406808,0.16969793713786646
223,1.705380920066616,-1.0809404559317657,-2.754365762663017,1.5809604446840095,-0.9683186141667071,-2.7544565238654024,0.12442047538260637,-0.11262184176505863,9.076120238526997e-05,0.16782175715497535
224,1.6885270039404146,-1.08781376821792,-2.786369462588238,1.5686318501688397,-0.9731189832251738,-2.7861226372410264,0.11989515377157489,-0.11469478499274632,-0.0002468253472116544,0.1659210731799729
225,1.6714617844028246,-1.0941442652525835,-2.818373162513459,1.5561463937758424,-0.9775301176650971,-2.817831057161089,0.11531539062698215,-0.11661414758748634,-0.0005421053523697594,0.16400241647982688
226,1.6535341780565338,-1.1001494089662338,-2.8503977125303623,1.5435053240402514,-0.9815502530915156,-2.8495192322111245,0.11002885401628237,-0.11859915587471825,-0.0008784803192378732,0.16178034558624044
227,1.635423484793113,-1.1055774481930125,-2.8824222625472657,1.530709905058507,-0.9851777815038595,-2.881124453092601,0.10471357973460615,-0.12039966668915303,-0.0012978094546647334,0.1595703538539521
228,1.6171482768415761,-1.1104228165646892,-2.914446812564169,1.5177614163618436,-0.9884112519391305,-2.912584602987957,0.09938686047973255,-0.12201156462555873,-0.0018622095762119706,0.1573786445579592
229,1.598727295138143,-1.1146805452327637,-2.9464713625810726,1.5046611527883416,-0.9912493710522671,-2.9438388899030694,0.09406614234980148,-0.12343117418049665,-0.0026324726780031504,0.15521154534553688
230,1.5801794301077068,-1.1183462679639424,-2.978495912597976,1.49141042435344,-0.9936910036334646,-2.974828539761162,0.08876900575426672,-0.1246552643304778,-0.0036673728368139535,0.15307619322228563
231,1.5608130811508278,-1.121533164331197,-3.0088990014259815,1.4780105561189416,-0.9957351730622453,-3.0054974311418126,0.08280252503188623,-0.12579799126895164,-0.0034015702841689865,0.15064183827661398
232,1.541358805558516,-1.1241298817886052,-3.039302090253987,1.4644628880605028,-0.9973810616980933,-3.0357926556293995,0.07689591749801306,-0.12674882009051192,-0.0035094346245876373,0.14829214966943613
233,1.5218345844626833,-1.1261340202509564,-3.0697051790819927,1.450768774933639,-0.9986280112074989,-3.0656649915020315,0.07106580952904418,-0.12750600904345755,-0.004040187579961163,0.1460289517249574
234,1.5022584636442349,-1.1275437273399447,-3.1001082679099983,1.4369295861382525,-0.9994755228272839,-3.095069282657533,0.06532887750598237,-0.12806820451266077,-0.005038985252465267,0.14385659044917934
235,1.4826485368537756,-1.1283577000962794,-3.130511356738004,1.4229467055816887,-0.9999232575641007,-3.1239647189303588,0.05970183127208695,-0.12843444253217873,-0.006546637807645084,0.14178354330590257
236,1.4624140323432884,-1.128581933825755,3.1251376977898753,1.4088215315403523,-0.9999710363300244,3.1308702891621083,0.053592500802936094,-0.12861089749573063,-0.005732591372233031,0.13944813265444267
237,1.4421810249297917,-1.1282489705308585,3.097601445138168,1.3945554765198755,-0.9996188400141854,3.1030967943149705,0.047625548409916174,-0.12863013051667305,-0.005495349176802389,0.1372738219787611
238,1.4219648552248771,-1.1273590626634613,3.070065192486461,1.3801499671138728,-0.9988668094904141,3.0759271557872387,0.04181488811100431,-0.12849225317304724,-0.005861963300777706,0.13525201147103855
239,1.4017808510738312,-1.1259128849493056,3.042528939834754,1.3656064438612794,-0.9977152455608932,3.0493838894183343,0.03617440721255183,-0.12819763938841244,-0.00685494958358035,0.1333799565741959
240,1.3816443159341043,-1.1239115338764298,3.014992687183047,1.350926361102302,-0.9961646088358407,3.023485121228019,0.030717954831802396,-0.12774692504058915,-0.008492434044972352,0.13166241317241137
241,1.3611038422666517,-1.1212971281455113,2.9909296326703494,1.3361111868329818,-0.9942155195492712,2.998244789888664,0.024992655433669908,-0.12708160859624007,-0.00731515721831455,0.12972231725560088
242,1.3406322196101808,-1.118189260448804,2.966866578157652,1.3211624025584014,-0.9918687573109126,2.9736728934044856,0.019469817051779303,-0.12632050313789134,-0.006806315246833616,0.1279932389475282
243,1.3202413010885272,-1.1145897302499501,2.9428035236449546,1.3060815031445296,-0.9891252607943699,2.9497757684852686,0.014159797943997576,-0.1254644694555802,-0.006972244840314001,0.12645333199128578
244,1.2999428930976187,-1.110500621686486,2.918740469132257,1.2908699966687416,-0.9859861273616705,2.9265563918596627,0.009072896428877097,-0.12451449432481543,-0.0078159227274055,0.1250890298733442
245,1.2797487484695402,-1.105924302363119,2.8946774146195597,1.2755294042690073,-0.9824526126243325,2.904014693833692,0.004219344200532937,-0.12347168973878642,-0.009337279214132188,0.12389610896051728
246,1.2592813558895208,-1.1007653198171505,2.874134846874254,1.2600612599917844,-0.9785261299411385,2.8821478756489345,-0.0007799041022635844,-0.12223918987601201,-0.008013028774680464,0.12250402614647529
247,1.2389242530425015,-1.0951870025430865,2.8535922791289483,1.2444671106386092,-0.974208249852809,2.8609507235309106,-0.00554285759610762,-0.12097875269027758,-0.007358444401962316,0.1213290096260694
248,1.2186860302645381,-1.0891917044917996,2.8330497113836426,1.2287485156114235,-0.9695006994538089,2.8404159136590224,-0.010062485346885364,-0.11969100503799068,-0.007366202275379763,0.12033890158349628
249,1.1985752277264075,-1.0827819555726488,2.812507143638337,1.2129070467566294,-0.9644053617015306,2.820534303571183,-0.01433181903022196,-0.11837659387111821,-0.008027159932846306,0.119510896197084
250,1.1786003318298066,-1.0759604605859026,2.791964575893031,1.1969442882079129,-0.9589242746631383,2.8012952066945758,-0.018343956378106263,-0.11703618592276421,-0.009330630801544615,0.11883194108531775
251,1.1583620305492475,-1.068581432800885,2.7746598041503914,1.1808618362278254,-0.9530596307003675,2.7826866477405034,-0.0224998056785779,-0.11552180210051743,-0.008026843590112076,0.11796591979951246
252,1.1382544454431658,-1.0608533081269151,2.7573550324077516,1.1646612990481637,-0.9468137755926088,2.764695597602315,-0.02640685360499795,-0.11403953253430632,-0.0073405651945632755,0.1172869165565134
253,1.118283597680716,-1.0527784007327838,2.740050260665112,1.1483442967091446,-0.9401892075986283,2.747308187147715,-0.030060699028428672,-0.1125891931341555,-0.00725792648260315,0.11675893770287914
254,1.0984554674853761,-1.0443591286305534,2.722745488922472,1.1319124608974056,-0.9331885764572977,2.7305098999059307,-0.03345699341202946,-0.11117055217325567,-0.007764410983458703,0.11635526699122475
255,1.078775992344184,-1.0355980129514892,2.7054407171798323,1.1153674347828333,-0.9258146823277321,2.71428574412675,-0.03659144243864931,-0.10978333062375711,-0.008845026946917578,0.11605838118928702
256,1.0587628424390008,-1.0262701223687147,2.6909638173196004,1.0987108728542532,-0.918070474669267,2.69862040504676,-0.03994803041525241,-0.10819964769944779,-0.007656587727159714,0.11559252671330549
257,1.0388868239024678,-1.0166534909945304,2.6764869174593686,1.081944440753977,-0.9099590510617106,2.6834983784538204,-0.04305761685150933,-0.1066944399328198,-0.007011460994451824,0.1152684799361308
258,1.019152102290311,-1.0067501342533938,2.662010017599137,1.0650698151112423,-0.9014836559663549,2.6689040868100813,-0.04591771282093138,-0.10526647828703883,-0.006894069210944487,0.1150521446646973
259,0.9995628135456747,-0.9965621276607962,2.647533117738905,1.0480886833745522,-0.8926476794282345,2.654821979292142,-0.04852586982887752,-0.10391444823256168,-0.007288861553237158,0.11491779712850907
260,0.9801230631323238,-0.9860916063882821,2.633056217878673,1.0310027436429283,-0.8834546557201532,2.6412366171483908,-0.05087968051060454,-0.10263695066812883,-0.008180399269717586,0.11484774470369499
261,0.9602571992737314,-0.9750176031064937,2.620989262821733,1.0138137044961069,-0.8739082619290224,2.6281327457710297,-0.05355650522237543,-0.10110934117747128,-0.007143482949296676,0.11464042687299934
262,0.9405264080026852,-0.9637046913967883,2.608922307764793,0.9965232848236771,-0.8640123164850744,2.615495354844479,-0.05599687682099197,-0.0996923749117139,-0.0065730470796858675,0.11453132661920422
263,0.9209335623125487,-0.9521545185281387,2.596855352707853,0.979133213653199,-0.8537707776345435,2.603309727872266,-0.058199651340650305,-0.09838374089359525,-0.006454375164413051,0.11449112999335075
264,0.90148151511048,-0.9403687663170289,2.5847883976509127,0.9616452299772965,-0.8431877418564168,2.591561482308587,-0.06016371486681649,-0.09718102446061216,-0.006773084657674122,0.1144975928898495
265,0.8821730988020201,-0.9283491508825658,2.5727214425939726,0.9440610825797653,-0.8322674422239013,2.5802366014347324,-0.06188798377774518,-0.0960817086586645,-0.007515158840759817,0.11453512512432501
266,0.8623643241073577,-0.9156838727557123,2.5626909127944324,0.9263825298606904,-0.821014246711247,2.56932145902926,-0.06401820575333261,-0.09466962604446527,-0.006630546234827506,0.11447546858015961
267,0.8426835832192954,-0.9028205425869186,2.552660382994892,0.9086113396606129,-0.8094326564466194,2.558802837787985,-0.06592775644131754,-0.09338788614029914,-0.006142454793092611,0.11447923872049616
268,0.8231328562306454,-0.8897604545646378,2.542629853195352,0.8907492890837423,-0.7975273039117043,2.5486679423582137,-0.06761643285309693,-0.09223315065293347,-0.006038089162861748,0.11452246326325136
269,0.8037141101534326,-0.8765049226732657,2.5325993233958117,0.8727981643202526,-0.7853029510887806,2.538904407763251,-0.06908405416681995,-0.09120197158448518,-0.006305084367439484,0.11458691133764748
270,0.7844292987209922,-0.8630552805609394,2.5225687935962715,0.8547597604676596,-0.7727644875559871,2.5295003039093875,-0.07033046174666735,-0.09029079300495224,-0.006931510313116007,0.11465970079406018
271,0.7646050904756739,-0.8489317932639767,2.5142610060538555,0.836635881351318,-0.759916928531561,2.5204441367892327,-0.07203079087564401,-0.08901486473241571,-0.00618313073537724,0.11467481015110421
272,0.7448988999353405,-0.8346440999452747,2.5059532185114395,0.8184283393440346,-0.7467654128678123,2.5117248469228364,-0.07352943940869405,-0.08787868707746238,-0.00577162841139689,0.11472817350910197
273,0.7253120872003129,-0.8201931867262365,2.4976454309690235,0.800138955184839,-0.7333152009956565,2.503331805511806,-0.07482686798452609,-0.08687798573058003,-0.005686374542782424,0.11480060728244153
274,0.7058460041315829,-0.8055800509935297,2.4893376434266075,0.7817695577969044,-0.7195716728205074,2.495254808721464,-0.07592355366532144,-0.08600837817302232,-0.005917165294856641,0.11487749980849697
275,0.6865019942575091,-0.7908057013302469,2.4810298558841914,0.7633219841046635,-0.7055403255703919,2.4874840704519436,-0.07681998984715432,-0.08526537575985493,-0.006454214567752192,0.11494847554131693
276,0.6666161439708642,-0.7753542544754342,2.4741899144173116,0.7447980788501106,-0.6912267715971265,2.480010213910566,-0.0781819348792464,-0.08412748287830762,-0.005820299493254577,0.11499445292314689
277,0.6468364450281393,-0.7597671520742459,2.467349972950432,0.7261996944083366,-0.6766367361314569,2.4728242622546763,-0.07936324938019734,-0.08313041594278903,-0.0054742893042445395,0.11506154548932093
278,0.6271638228149713,-0.7440451233632962,2.460510031483552,0.7075286906022854,-0.6617760549930369,2.4659176285357978,-0.08036486778731411,-0.08226906837025927,-0.005407597052245805,0.11513450260830732
279,0.6075991977074533,-0.7281889038916747,2.453670090016672,0.68878693451678,-0.6466506722561834,2.4592821051422575,-0.08118773680932667,-0.08153823163549123,-0.005612015125585401,0.1152016776797687
280,0.588143485029075,-0.7121992354865342,2.4468301485497923,0.6699763003118093,-0.631266637872321,2.452909852907744,-0.08183281528273434,-0.08093259761421323,-0.006079704357951687,0.115254751827256
281,0.5681744952642988,-0.6955575908505299,2.4412550195355234,0.65109866903512,-0.6156301052500863,2.446793390027349,-0.08292417377082129,-0.0799274856004436,-0.005538370491825706,0.11530609306401467
282,0.5482985946726503,-0.6788048757246856,2.4356798905212544,0.6321559284341076,-0.5997473287940437,2.440925580900035,-0.08385733376145732,-0.07905754693064193,-0.005245690378780754,0.11536752324558734
283,0.5285164010365342,-0.6619416108166083,2.4301047615069855,0.6131499727670459,-0.5836246614030073,2.435299624996844,-0.08463357173051167,-0.07831694941360101,-0.005194863489858648,0.11542691469494656
284,0.508828529225757,-0.6449683202700115,2.4245296324927166,0.5940827026136648,-0.5672685519289687,2.4299090458371793,-0.08525417338790775,-0.07769976834104275,-0.00537941334446268,0.1154749590527649
285,0.4892355911784162,-0.6278855316484238,2.4189545034784476,0.5749560246850888,-0.5506855425976376,2.4247476801408347,-0.08572043350667258,-0.07719998905078618,-0.005793176662387101,0.11550494329618541
286,0.46918176182529114,-0.6102031422605497,2.4144849410172506,0.5557718516331736,-0.5338822663916443,2.419809667210888,-0.08659008980788241,-0.07632087586890546,-0.005324726193637552,0.11554684095799082
287,0.4492071650600866,-0.592431297948376,2.4100153785560536,0.5365321018592358,-0.5168654443974288,2.4150894385917674,-0.08732493679914921,-0.07556585355094725,-0.005074060035713757,0.11559233925786189
288,0.42931219991443015,-0.5745703537392427,2.4055458160948566,0.5172386993222217,-0.4996418831169025,2.410581708037644,-0.08792649940779151,-0.0749284706223402,-0.005035891942787529,0.11563176559912372
289,0.40949726382915186,-0.5566206664404346,2.4010762536336596,0.49789357334630513,-0.48221847174493154,2.4062814618184905,-0.08839630951715327,-0.07440219469550308,-0.005205208184830834,0.11565763400661168
290,0.3897627526463449,-0.5385825946320532,2.3966066911724626,0.47849865842796485,-0.4646021794137574,2.402183949384547,-0.08873590578161994,-0.07398041521829574,-0.005577258212084324,0.11566446567515988
291,0.3696371555335803,-0.5200212727221221,2.3931198691580837,0.4590558940425284,-0.44680005240543,2.398284674404404,-0.0894187385089481,-0.07322122031669204,-0.0051648052463204586,0.11568808544716096
292,0.34957640065817763,-0.5013898894128125,2.389633047143705,0.4395672244502339,-0.42881921133339584,2.394579386187274,-0.08999082379205625,-0.07257067807941664,-0.004946339043569115,0.11571222041605277
293,0.32958073191709847,-0.4826886712229074,2.386146225129326,0.4200345985017983,-0.41066684829434086,2.3910640714961615,-0.09045386658469984,-0.07202182292856651,-0.004917846366835565,0.1157291241259704
294,0.3096503924159925,-0.46391784552023607,2.382659403114947,0.40045996944354106,-0.39235022399145386,2.387734946755494,-0.09080957702754855,-0.07156762152878221,-0.0050755436405469645,0.11573273035082332
295,0.2897856244662422,-0.4450776405189103,2.379172581100568,0.3808452947220541,-0.373876664830236,2.3845884506541766,-0.09105967025581191,-0.07120097568867428,-0.005415869553608399,0.11571851247375281
296,0.2696120325831975,-0.42581048133492594,2.376576024753648,0.36119253578846583,-0.35525355998804264,2.381621237142953,-0.09158050320526834,-0.0705569213468833,-0.005045212389304776,0.11571828673694419
297,0.24948853691460093,-0.40649100529232546,2.373979468406728,0.34150365790229065,-0.3364883584585042,2.3788301688233062,-0.09201512098768971,-0.07000264683382124,-0.004850700416578313,0.11571811590520852
298,0.22941527313509424,-0.38711934264496906,2.371382912059808,0.3217806299349115,-0.31758856607203484,2.3762123107238504,-0.09236535679981728,-0.06953077657293422,-0.004829398664042639,0.11571175877606003
299,0.20939237658065074,-0.36769562399856426,2.3687863557128876,0.3020254241726877,-0.2985617424935936,2.373764924459197,-0.09263304759203694,-0.06913388150497068,-0.004978568746309531,0.11569425752773402
300,0.1894199822476628,-0.34821998030978546,2.3661897993659675,0.2822400161197344,-0.27941549819892586,2.371485462765573,-0.09282003387207163,-0.0688044821108596,-0.005295663399605299,0.11566183250060516
301,0.169229880798051,-0.3284295103410814,2.3644166953694548,0.2624263843003676,-0.260157491430468,2.3693715644070066,-0.09319650350231656,-0.06827201891061341,-0.004954869037551823,0.11563393774479769
302,0.14907490162924603,-0.3086032723511644,2.362643591372942,0.2425865100612595,-0.2407954251341592,2.3674210494456176,-0.09351160843201348,-0.06780784721700522,-0.0047774580726756,0.11560773832829319
303,0.12895510810642555,-0.28874132867168373,2.3608704873764292,0.22272237737329917,-0.22133704387835867,2.365631914869418,-0.09376726926687362,-0.06740428479332505,-0.004761427492988801,0.11557815358465043
304,0.10887056348414725,-0.2688437417465437,2.3590973833799165,0.20283597263320371,-0.2017901307561289,2.364002330571082,-0.09396540914905646,-0.06705361099041479,-0.004904947191165299,0.11554108953247577
305,0.08882133090614988,-0.24891057413170736,2.3573242793834037,0.1829292844648735,-0.182162504272095,2.3625306356712543,-0.09410795355872362,-0.06674806985961237,-0.0052063562878506,0.11549336733678958
306,0.0686518265502234,-0.22878659293959208,2.3563300640768743,0.16300430352053824,-0.16246201521515416,2.3612153351802236,-0.09435247697031485,-0.06632457772443792,-0.0048852711033493534,0.1154348534651126
307,0.04850233972954471,-0.20864256886674,2.355335848770345,0.14306302228168652,-0.14269654351825772,2.360055096992098,-0.09456068255214181,-0.06594602534848229,-0.00471924822175307,0.11538142072174414
308,0.02837289036115605,-0.1884785218247937,2.3543416334638154,0.1231074348598263,-0.12287399510655006,2.3590487492060004,-0.09473454449867025,-0.06560452671824363,-0.004707115742184964,0.11532885495792283
309,0.008263498342293348,-0.16829447174518755,2.353347418157286,0.10313953679706928,-0.10300229873509785,2.3581952777692634,-0.09487603845477594,-0.0652921730100897,-0.004847859611977423,0.11527372758815883
310,-0.011825816449633441,-0.14809043857912838,2.3523532028507566,0.08316132486658098,-0.0830894028174964,2.3574938244380585,-0.09498714131621443,-0.06500103576163198,-0.005140621587301997,0.11521335710678379
311,-0.03193341833782111,-0.12782776208889468,2.3521132912648666,0.06317479687290779,-0.06314327224661277,2.356943685051464,-0.0951082152107289,-0.06468448984228191,-0.00483039378659722,0.11512162494883485
312,-0.05203615839653193,-0.10756026213518503,2.3518733796789766,0.04318195145219192,-0.04317188520872868,2.3565443081154838,-0.09521810984872385,-0.06438837692645635,-0.004670928436507182,0.11503985873968219
313,-0.07213403546870105,-0.08728793988454744,2.3516334680930866,0.02318478787231655,-0.02318322999237945,2.356295293694157,-0.0953188233410176,-0.06410470989216799,-0.004661825601070202,0.1149644489892851
314,-0.09222704839754353,-0.0670107965038075,2.3513935565071966,0.0031853058329736565,-0.0031853017931379904,2.356196392605459,-0.0954123542305172,-0.0638254947106695,-0.004802836098262375,0.11489246428490497
315,-0.1123151960265544,-0.04672883316006825,2.3511536449213066,-0.016814494734297237,0.016813900484349713,2.3562475059203347,-0.09550070129225717,-0.06354273364441795,-0.005093860999028088,0.11482164589569249
316,-0.13231633627543712,-0.026525024266815554,2.35166218541768,-0.03681261386610762,0.03680637742582691,2.3564486847638113,-0.0955037224093295,-0.06333140169264247,-0.00478649934613129,0.11469410625827126
317,-0.15232774839259844,-0.00633138937540282,2.3521707259140534,-0.05680705176720758,0.05678413230707805,2.3568001304177795,-0.09552069662539087,-0.06311552168248087,-0.0046294045037260645,0.11458273843433307
318,-0.17234942720281843,0.013852066291824758,2.352679266410427,-0.07679580901047076,0.07673917429251892,2.3573021947256567,-0.09555361819234767,-0.06288710800069416,-0.004622928315229924,0.11448429485544155
319,-0.19238136752822202,0.03402533751515446,2.3531878069068,-0.0967768867368283,0.09666352163141724,2.357955380799775,-0.09560448079139372,-0.06263818411626279,-0.004767573892974664,0.11439619144709225
320,-0.21242356418828043,0.054188419077507405,2.3536963474031736,-0.11674828685516017,0.11654920485049365,2.358760344032969,-0.09567527733312026,-0.062360785772986246,-0.0050639966297953976,0.11431653579802153
321,-0.23227103200089783,0.07413529905991992,2.354965930949474,-0.13670801224209556,0.13638826994159764,2.359717893416455,-0.09556301975880227,-0.06225297088167772,-0.004751962466980952,0.11415035819612589
322,-0.2521438080418451,0.09405696495491991,2.3562355144957743,-0.1566540669417306,0.1561727815432119,2.3608289931666846,-0.09548974110011452,-0.06211581658829199,-0.0045934786709103115,0.11400774259714705
323,-0.27204186027934385,0.11395338465192631,2.3575050980420746,-0.1765844563652152,0.175894826114484,2.3620947646644646,-0.09545740391412866,-0.0619414414625577,-0.00458966662238991,0.11388557051790735
324,-0.2919651566408745,0.13382452608105092,2.358774681588375,-0.19649718749021736,0.19554651510054424,2.363516488710183,-0.09546796915065717,-0.06172198901949333,-0.0047418071218081614,0.1137814650857235
325,-0.311913665013228,0.15367035721315012,2.3600442651346754,-0.21639026906021674,0.21511998808781552,2.365095608099521,-0.09552339595301124,-0.0614496308746654,-0.005051342964845773,0.113693853724715
326,-0.33155794483538886,0.17316396423488073,2.362106569423709,-0.23626171178363561,0.23460741594808077,2.366833730524539,-0.09529623305175325,-0.06144345171320004,-0.004727161100829935,0.11348575172399226
327,-0.35124238460390395,0.192617017348691,2.3641688737127424,-0.25610952853275937,0.2540010039700232,2.3687326318054684,-0.09513285607114458,-0.06138398662133218,-0.004563758092726022,0.11330967304564037
328,-0.3709669005989322,0.21202943381884987,2.366231178001776,-0.27593173454245457,0.2732929949770132,2.3707942594589726,-0.09503516605647766,-0.06126356115816334,-0.004563081457196638,0.11316239846144704
329,-0.39073140893018454,0.23140113108245794,2.3682934822908095,-0.29572634760863703,0.29247567242986966,2.373020736608938,-0.09500506132154751,-0.06107454134741172,-0.004727254318128704,0.11304162158645803
330,-0.41053582553728046,0.2507320267497985,2.370355786579843,-0.3154913882864973,0.3115413635133787,2.3754143662461753,-0.09504443725078315,-0.06080933676358019,-0.005058579666332275,0.11294604782012159
331,-0.4299252397036402,0.26957991494426026,2.3732631861016618,-0.33522488008843665,0.3304824422053109,2.3779776358435334,-0.09470035961520357,-0.060902527261050665,-0.004714449741871629,0.11269206704289585
332,-0.4493693701848928,0.28837135078438664,2.3761705856234805,-0.35492484968172117,0.34929133232673576,2.3807132223330263,-0.09444452050317165,-0.06091998154234912,-0.0045426367095458,0.11247954103955564
333,-0.4688680526204639,0.30710617542680896,2.3790779851452992,-0.37458932708580633,0.3679605105723846,2.3836239974514886,-0.09427872553465755,-0.060854335145575644,-0.00454601230618934,0.1123049171779106
334,-0.4884211221886533,0.32578423050669103,2.381985384667118,-0.3942163458693397,0.38648250951987934,2.3867130334610547,-0.09420477631931362,-0.060698279013188305,-0.004727648793936723,0.11216582197645403
335,-0.5080284136080283,0.3444053581390678,2.3848927841889367,-0.4138039433467995,0.4048499206165983,2.389983609250355,-0.09422447026122882,-0.060444562477530495,-0.005090825061418336,0.1120611994800843
336,-0.5271090849996447,0.36242113246234675,2.3887210016663105,-0.43335016077475924,0.42305539714299684,2.3934392168216947,-0.09375892422488546,-0.060634264680650085,-0.004718215155384176,0.11175648294136427
337,-0.5462585847091112,0.3803637299916709,2.3925492191436843,-0.4528530435477663,0.44109165715120235,2.3970835681686076,-0.09340554116134486,-0.06072792715953146,-0.004534349024923223,0.11150352719899433
338,-0.5654766320960829,0.39823288777412597,2.396377436621058,-0.472310641393794,0.4589514863776903,2.400920602546995,-0.09316599070228893,-0.06071859860356432,-0.004543165925936954,0.11129820482177755
339,-0.5847629455156331,0.41602834393307403,2.400205654098432,-0.49172100856927403,0.47662774112889944,2.404954494141537,-0.0930419369463591,-0.06059939719582541,-0.0047488400431050515,0.11113793435628841
340,-0.6041172423223805,0.4337498376719916,2.404033871575806,-0.5110822040536624,0.49411335113860816,2.409189660127124,-0.09303503826871806,-0.06036351346661656,-0.005155788551318263,0.11102186387951761
341,-0.6228328818043439,0.4507552970404579,2.4088857719950614,-0.5303922917435467,0.5114013223959523,2.4136307691226384,-0.09244059006079719,-0.06064602535549435,-0.004744997127577033,0.11066037267219163
342,-0.6416308094666056,0.4676697501843158,2.413737672414317,-0.549649340646248,0.5284847399429308,2.4182827500314454,-0.09198146882035751,-0.06081498975861499,-0.004545077617128523,0.11036172940035223
343,-0.6605105827891901,0.484492798922259,2.4185895728335725,-0.5688514250729251,0.5453567706403021,2.42315080125933,-0.09165915771626498,-0.060863971718043086,-0.00456122842575768,0.11012097462019589
344,-0.6794717573254021,0.5012240472247226,2.423441473252828,-0.5879966248311352,0.5620106659007431,2.4282404002962408,-0.09147513249426686,-0.06078661867602053,-0.004798927043412782,0.10993517442418328
345,-0.6985138867122893,0.5178631012232056,2.4282933736720835,-0.6070830254168587,0.5784397643882002,2.433557313642975,-0.09143086129543065,-0.06057666316499466,-0.005263939970891585,0.10980365923523062
346,-0.7168053979959885,0.5336904121939959,2.4343039827488377,-0.6261087182059404,0.5946374946823286,2.439107607057674,-0.09069667979004814,-0.06094708248833269,-0.004803624308836074,0.10937782862755412
347,-0.7351917100742854,0.5494074948039229,2.440314591825592,-0.645071800644958,0.6105973779069791,2.4448976560896263,-0.09011990942932746,-0.061189883103056175,-0.00458306426403432,0.10902662219735203
348,-0.753672158699134,0.5650137812370283,2.446325200902346,-0.6639703764414682,0.6263130303216559,2.4509341568591303,-0.08970178225766579,-0.06129924908462758,-0.004608955956784122,0.10874396605583445
349,-0.7722460762215877,0.5805087076801219,2.4523358099791004,-0.6828025557536419,0.6417781658749337,2.4572241370319414,-0.08944352046794579,-0.06126945819481189,-0.004888327052841035,0.10852642812956287
350,-0.7909127916159202,0.5958917143431506,2.4583464190558546,-0.7015664553792397,0.6569865987187891,2.463774966924827,-0.08934633623668053,-0.06109488437563848,-0.005428547868972178,0.1083735291838202
351,-0.808717685989292,0.6103856921170789,2.4656891250445185,-0.7202601989439371,0.671932245682862,2.4705943706648235,-0.08845748704535483,-0.06154655356578309,-0.004905245620304921,0.10787384625014743
352,-0.8266285244475108,0.6247485442391905,2.4730318310331825,-0.7388819170889542,0.6866091287076386,2.477690437308543,-0.08774660735855655,-0.06186058446844811,-0.004658606275360633,0.10746116333887105
353,-0.8446443413261272,0.6389794963350348,2.4803745370218464,-0.7574297476579961,0.7010113772355988,2.4850716318091606,-0.08721459366813111,-0.062031880900563996,-0.004697094787314171,0.1071279715863228
354,-0.8627641653007707,0.6530777811415631,2.4877172430105103,-0.7759018358834606,0.715133230559358,2.4927468056970676,-0.08686232941731009,-0.06205544941779484,-0.0050295626865572984,0.10687019965857554
355,-0.8809870194395192,0.6670426385484954,2.4950599489991743,-0.7942963345719204,0.7289690401258765,2.5007252073153747,-0.08669068486759879,-0.06192640157738105,-0.005665258316200461,0.10668762443191648
356,-0.8982386587744374,0.6800632732740423,2.5039534996088575,-0.8126114042888336,0.7425132717958018,2.509016491422985,-0.08562725448560382,-0.06244999852175959,-0.005062991814127393,0.10610213434337716
357,-0.9156054139999288,0.692929966762895,2.5128470502185407,-0.8308452135424925,0.7557605080570542,2.5176307279456003,-0.08476020045743626,-0.06283054129415921,-0.004783677727059565,0.10561653314466533
358,-0.933085911497332,0.7056417013275205,2.521740600828224,-0.8489959389671652,0.7687054501917557,2.5265784096181902,-0.08408997253016681,-0.06306374886423527,-0.004837808789966314,0.105221501105163
359,-0.9506787686515727,0.7181974715368185,2.530634151437907,-0.8670617655054355,0.78134292039565,2.5358704582208973,-0.08361700314613729,-0.06314544885883155,-0.005236306782990141,0.10491220060340949
360,-0.9683825939605208,0.730596284295646,2.5395277020475904,-0.8850408865897049,0.7936678638491532,2.545518229063543,-0.08334170737081592,-0.06307157955350717,-0.005990527015952818,0.10468882819473126
361,-0.9850093671491027,0.7420217462475955,2.5502428017616436,-0.9029315043228463,0.8056753507392133,2.5555335133215724,-0.0820778628262564,-0.06365360449161772,-0.0052907115599287735,0.10400263727286642
362,-1.0017576084803907,0.7532683981844577,2.560957901475697,-0.9207318296579966,0.8173605782311729,2.565928537768054,-0.08102577882239415,-0.06409218004671524,-0.004970636292357167,0.10342964566345085
363,-1.0186253950508901,0.7643349488526682,2.57167300118975,-0.9384400825774543,0.8287188723898353,2.5767159613820527,-0.08018531247343585,-0.06438392353716715,-0.005042960192302548,0.10295827015836796
364,-1.0356107902318465,0.775220127676497,2.5823881009038034,-0.9560544922706857,0.83974569004898,2.5879088682432516,-0.07955629796116082,-0.06452556237248308,-0.005520767339448174,0.10258280370893809
365,-1.052711843891595,0.785922684903926,2.5931032006178567,-0.9735732973113987,0.8504366206285644,2.5995207560461813,-0.07913854658019626,-0.06451393572463837,-0.006417555428324562,0.1023041664605322
366,-1.0686366047273514,0.7956531720272265,2.605965828511971,-0.9909947458336898,0.8607873878989016,2.6115655194852865,-0.0776418588936616,-0.06513421587167512,-0.005599690973315585,0.10149916683735814
367,-1.0846852044116597,0.8051780255959476,2.618828456406085,-1.008317095707223,0.870793851691091,2.6240574276749693,-0.07636810870443678,-0.06561582609514338,-0.005228971268884219,0.10082096409860196
368,-1.1008549877853044,0.8144956697714976,2.6316910843001993,-1.0255386147114476,0.8804520095530344,2.637011094678,-0.07531637307385686,-0.06595633978153681,-0.00532001037780061,0.1002551610681357
369,-1.1171432796398453,0.823604562997025,2.6445537121943135,-1.042657580708813,0.8897579983503596,2.650441442122924,-0.0744856989310323,-0.06615343535333462,-0.005887729928610419,0.09979509866724148
370,-1.133547385160216,0.8325031982524618,2.6574163400884276,-1.0596722818169868,0.8987080958116269,2.664363652799013,-0.07387510334322922,-0.06620489755916514,-0.006947312710585241,0.0994428705774879
371,-1.1486879837688238,0.8404661036507521,2.6728017130233064,-1.0765810165800351,0.9072987220171839,2.678793114029098,-0.07210696718878862,-0.06683261836643173,-0.005991401005791541,0.09849827653766509
372,-1.1639492978854473,0.8481951320530059,2.688187085958185,-1.0933820941385743,0.9155264408310896,2.693745349540943,-0.07056720374687298,-0.06733130877808369,-0.005558263582758016,0.09769406164387755
373,-1.1793277150802541,0.8556884539593147,2.703572458893064,-1.1100738343988477,0.9233879612755189,2.709235938492216,-0.06925388068140648,-0.06769950731620422,-0.005663479599152144,0.09701236148791188
374,-1.1948195952045242,0.8629442956626837,2.7189578318279426,-1.12665456820074,0.9308801388471135,2.7252804202598746,-0.06816502700378413,-0.0679358431844298,-0.006322588431932008,0.09644544997088071
375,-1.2104212712522906,0.869960939668877,2.7343432047628213,-1.1431226374846875,0.9379999767747388,2.7418941835904724,-0.06729863376760314,-0.06803903710586179,-0.0075509788276511,0.09599705182209736
376,-1.2246940136713906,0.8761177006173964,2.752649029812122,-1.1594763954574863,0.9447446272181542,2.7590923387340904,-0.06521761821390437,-0.06862692660075786,-0.006443308921968427,0.09489209139872677
377,-1.2390770630305104,0.8820121702858496,2.7709548548614227,-1.1757142067569655,0.9511113924071088,2.776889571263257,-0.06336285627354488,-0.0690992221212593,-0.005934716401834184,0.09394027310837048
378,-1.2535655996579347,0.8876423734735661,2.7892606799107234,-1.1918344476155285,0.9570977257204172,2.7952999764232915,-0.0617311520424062,-0.06945535224685107,-0.006039296512568182,0.09311956932129545
379,-1.268154768533811,0.8930064235339542,2.807566504960024,-1.2078355060225212,0.9627012327045702,2.814336873086924,-0.06031926251128983,-0.06969480917061599,-0.006770368126900017,0.09242087285785726
380,-1.2828396809170373,0.8981025230067041,2.8258723300093247,-1.2237157818854385,0.9679196720314864,2.834012596709942,-0.05912389903159876,-0.06981714902478231,-0.008140266700617182,0.09184951647452765
381,-1.2961691526840482,0.902456547466403,2.847453382744616,-1.2394736871899266,0.9727509563950139,2.8543382711218332,-0.05669546549412163,-0.07029440892861083,-0.006884888377217457,0.09057086409096825
382,-1.3095894776629804,0.9065219163356499,2.869034435479907,-1.2551076461585875,0.9771931533458231,2.875323559550972,-0.0544818315043929,-0.0706712370101732,-0.0062891240710651886,0.08945527813495627
383,-1.323094405689609,0.9102967362755646,2.890615488215198,-1.2706160954085512,0.9812444860643621,2.896976395989684,-0.05247831028105776,-0.07094774978879748,-0.006360907774486169,0.08847608376145671
384,-1.3366776471980593,0.913779249262807,2.912196540950489,-1.2859974841078177,0.9849033340715609,2.9193026988581225,-0.05068016309024159,-0.07112408480875398,-0.00710615790763347,0.08762198269238455
385,-1.350332876150007,0.9169678334083302,2.93377759368578,-1.3012502741303347,0.9881682338770005,2.9423060699269263,-0.049082602019672406,-0.07120040046867027,-0.008528476241146166,0.08689841054309547
386,-1.3626729137828444,0.9195698451394233,2.9588213516643904,-1.3163729402098099,0.9910378795642899,2.9659874825973085,-0.0462999735730345,-0.0714680344248666,-0.007166130932918069,0.08545595900793189
387,-1.3750742391855315,0.9218620323231526,2.9838651096430007,-1.3313639700922384,0.993511123313416,2.990344964890073,-0.04371026909329312,-0.0716490909902634,-0.006479855247072397,0.08417938220230742
388,-1.3875290747796138,0.9238429573982028,3.008908867621611,-1.3462218646871233,0.9955869758598548,3.01537328382298,-0.0413072100924905,-0.07174401846165201,-0.006464416201369172,0.08303781347961625
389,-1.4000296094273441,0.9255113780134798,3.033952625600221,-1.360945138217388,0.9972646068902659,3.0410636392016177,-0.03908447120995606,-0.07175322887678603,-0.007111013601396543,0.08201639018175313
390,-1.4125680033304917,0.9268662478072596,3.0589963835788314,-1.3755323183679475,0.998543345374605,3.067403376135589,-0.03703568496254417,-0.07167709756734542,-0.008406992556757586,0.08111674179953823
391,-1.423935969454712,0.9278073404705295,3.0873371979768702,-1.389981946432944,0.9994226798345278,3.0943757267243446,-0.03395402302176809,-0.07161533936399833,-0.0070385287474743485,0.07956867096107884
392,-1.435326038261532,0.9284259209246236,3.115678012374909,-1.4042925774616108,0.9999022585479752,3.1219595922240613,-0.031033460799921198,-0.0714763376233516,-0.00628157984915223,0.07817544866944397
393,-1.4467290618399573,0.9287214923578866,-3.1391664804066384,-1.4184627804027723,0.9999818896898556,-3.1330559296913743,-0.028266281437185015,-0.07126039733196898,-0.006110550715264118,0.07690491352469006
394,-1.4581358818743941,0.9286938173827127,-3.1108256660085996,-1.432491138247941,0.9996615414087742,-3.1043304177311337,-0.02564474362645308,-0.07096772402606144,-0.006495248277465837,0.07573809463732005
395,-1.4695373370001332,0.928342918226203,-3.0824848516105607,-1.4463762481730242,0.9989413418397719,-3.0750839964195906,-0.02316108882710899,-0.07059842361356894,-0.007400855190970113,0.07466824030292846
396,-1.4800501337812748,0.9277208052482865,-3.0515559936899836,-1.460116721678599,0.9978215790530742,-3.045356048786323,-0.01993341210267574,-0.07010077380478774,-0.006199944903660715,0.07314300187231547
397,-1.4905386645463736,0.9267738928402743,-3.0206271357694066,-1.4737111847287665,0.9963027009388654,-3.0151903723094278,-0.016827479817607127,-0.06952880809859108,-0.005436763459978788,0.07174243952879245
398,-1.5009928968269735,0.9255030867409278,-2.9896982778488295,-1.4871582778885493,0.9943853150281404,-2.9846349301467145,-0.013834618938424192,-0.06888222828721258,-0.005063347702114918,0.07044001380561753
399,-1.5114028309617358,0.9239096024991539,-2.9587694199282524,-1.5004566564598378,0.992070188249698,-2.953741503402485,-0.010946174501897943,-0.06816058575054407,-0.005027916525767395,0.06921679081460912
400,-1.521758509661296,0.9219949643113102,-2.9278405620076753,-1.5136049906158564,0.9893582466233818,-2.9225652469480483,-0.008153519045439594,-0.06736328231207156,-0.005275315059626973,0.06805968429002977
401,-1.5316346566001011,0.9198511673632851,-2.895625629514581,-1.5266019655341467,0.9862505748896836,-2.891164155538977,-0.005032691065954387,-0.0663994075263985,-0.0044614739756037025,0.06673914929977062
402,-1.5414366289111021,0.9173903783585947,-2.8634106970214863,-1.5394462815280487,0.9827484160758617,-2.859598451199729,-0.0019903473830533702,-0.065358037717267,-0.0038122458217570987,0.06549937247914997
403,-1.5511542549687738,0.9146151508878286,-2.831195764528392,-1.5521366541766646,0.9788531709987472,-2.827929906773413,0.0009823992078907828,-0.06423802011091861,-0.003265857754978896,0.06432848640260552
404,-1.560777450674721,0.9115283648381853,-2.7989808320352974,-1.5646718144533056,0.9745663977044351,-2.7962211238571486,0.003894363778584653,-0.06303803286624976,-0.0027597081781487454,0.0632184755124234
405,-1.5702962299220697,0.9081332234049787,-2.766765899542203,-1.57705050885239,0.9698898108450863,-2.7645347857899107,0.006754278930320323,-0.06175658744010759,-0.0022311137522921243,0.06216489559785242
406,-1.5797865555607753,0.9043994777997545,-2.734918849745193,-1.5892714995147947,0.964825280993091,-2.732932907721797,0.009484943954019442,-0.06042580319333646,-0.001985942023395637,0.06119792332335313
407,-1.5891531802150072,0.9003654376958463,-2.703071799948183,-1.6013335643516353,0.9593748338928642,-2.7014761059532435,0.012180384136628142,-0.05900939619701784,-0.0015956939949393067,0.060274512329656645
408,-1.5983866047330406,0.896035194210431,-2.6712247501511728,-1.613235497166481,0.9535406496505743,-2.6702229076755954,0.014848892433440453,-0.057505455440143294,-0.0010018424755773303,0.05940009006915782
409,-1.6074774650479173,0.8914131388550071,-2.6393777003541627,-1.6249761077759686,0.9473250618621301,-2.639229120063048,0.01749864272805124,-0.055911923007123,-0.00014858029111453064,0.05858641231361874
410,-1.6164165416740033,0.886503959081749,-2.6075306505571527,-1.6365542221288205,0.940730556679773,-2.608547274546721,0.02013768045481723,-0.05422659759802406,0.001016623989568366,0.05785398504420004
411,-1.6256875325175013,0.8810212198499047,-2.5775776311556906,-1.6479686824232516,0.9337597718176508,-2.578226158302969,0.022281149905750253,-0.05273855196774613,0.000648527147278255,0.05725578653933531
412,-1.6347901647434302,0.8752632872987101,-2.5476246117542285,-1.6592183472227418,0.926415495496766,-2.54831044080868,0.024428182479311555,-0.05115220819805599,0.000685829054451581,0.05668998910100213
413,-1.643716272232092,0.8692353269632829,-2.5176715923527664,-1.670302091570187,0.9187006653297247,-2.518840399062686,0.026585819338095007,-0.04946533836644185,0.0011688067099195898,0.056169311894570716
414,-1.6524578472270066,0.8629427466250663,-2.4877185729513043,-1.681218807100389,0.9106183671457304,-2.4898517410274974,0.028760959873382452,-0.0476756205206641,0.002133168076193126,0.055719906774060315
415,-1.6610070475188015,0.85639119146042,-2.457765553549842,-1.691967402150893,0.9021718337562933,-2.4613755232435177,0.03096035463209157,-0.04578064229587331,0.003609969693675552,0.05538449827484974
416,-1.6700696366340184,0.849005083233644,-2.430689194749973,-1.702546801871149,0.893364443662152,-2.4334381555791036,0.03247716523713051,-0.044359360428507966,0.0027489608291304535,0.05504612525061369
417,-1.6789289394467133,0.8413763303944263,-2.403612835950104,-1.7129559483300023,0.8841997197019128,-2.4060614838033527,0.03402700888328902,-0.042823389307486526,0.002448647853248609,0.05475103543891385
418,-1.687578461340048,0.833510525462595,-2.376536477150235,-1.723193800621481,0.8746813276429652,-2.3792629391356055,0.03561533928143312,-0.04117080218037028,0.0027264619853704097,0.054506155058529356
419,-1.6960118614843072,0.8254134347371734,-2.349460118350366,-1.7332593349688885,0.8648130747152218,-2.353055743107651,0.03724747348458135,-0.039399639978048406,0.00359562475728481,0.054338148926694405
420,-1.704222957485262,0.8170909940691962,-2.322383759550497,-1.7431515448271764,0.8545989080882805,-2.327449155898217,0.03892858734191429,-0.037507914019084376,0.005065396347720075,0.05429490553136244
421,-1.712960025706402,0.8077421963871387,-2.2985232591780997,-1.7528694409836028,0.8440429132926041,-2.3024487566599667,0.03990941527720082,-0.036300716905465324,0.003925497481866991,0.054091709217762296
422,-1.7214715611115392,0.7981876087849452,-2.2746627588057025,-1.7624120516566506,0.833149312585366,-2.278056745137869,0.040940490545111397,-0.03496170380042074,0.0033939863321665875,0.0539440788402735
423,-1.7297527181136323,0.7884326706555884,-2.250802258433305,-1.7717784225932054,0.8219224632616022,-2.2542722549523493,0.0420257044795731,-0.03348979260601381,0.003469996519044116,0.053849483949620226
424,-1.7377987822792509,0.7784829354508888,-2.226941758060908,-1.780967617163977,0.8103668559113548,-2.2310916701770687,0.043168834884726115,-0.031883920460466064,0.004149912116160781,0.053827079242755975
425,-1.7456051730124862,0.7683440675199533,-2.2030812576885106,-1.789978716457167,0.7984871126234903,-2.208508938179551,0.04437354344468081,-0.030143045103536936,0.005427680491040476,0.05391729074669515
426,-1.7538504938818833,0.7570895035156511,-2.1823003359291473,-1.7988108193703554,0.7862879851369292,-2.186515873031657,0.044960325488472064,-0.02919848162127814,0.004215537102509881,0.053775021618592635
427,-1.7618601710770354,0.7456660365114657,-2.161519414169784,-1.8074630427006113,0.7737743529400123,-2.165102445073569,0.0456028716235759,-0.02810831642854661,0.0035830309037852004,0.05368926767260965
428,-1.7696307457696805,0.734078599516501,-2.1407384924104207,-1.8159345212328108,0.7609512213187744,-2.144257053386,0.04630377546313036,-0.026872621802273344,0.0035185609755794545,0.053652191903098244
429,-1.7771588623834698,0.7223321963472138,-2.1199575706510574,-1.8242244078261607,0.7478237193548899,-2.123966778963472,0.047065545442690926,-0.025491523007676098,0.004009208312414803,0.05367547917216222
430,-1.78444127004301,0.7104318994666093,-2.099176648891694,-1.8323318734989098,0.7343970978741133,-2.104217617273643,0.047890603455899905,-0.023965198407503996,0.005040968381949007,0.05378895794035327
431,-1.7920409961726962,0.6974129486366021,-2.081096253025441,-1.840256107511248,0.7206767273460168,-2.084994689631238,0.04821511133855183,-0.023263778709414762,0.0038984366057968067,0.05367586207224794
432,-1.7994041051980294,0.6842587271301259,-2.063015857159188,-1.8479963174463758,0.7066680957358779,-2.0662824334160166,0.04859221224834642,-0.022409368605751934,0.0032665762568284684,0.053610198777270766
433,-1.806528190178977,0.6709735349544509,-2.044935461292935,-1.855551729289751,0.6923768063095604,-2.048064771633234,0.04902353911077406,-0.021403271355109554,0.00312931034029873,0.05358357952630589
434,-1.813410922310509,0.6575617149300859,-2.026855065426682,-1.862921587506485,0.6778085753922868,-2.030325262666764,0.04951066519597602,-0.020246860462200922,0.003470197240081685,0.05360301853075941
435,-1.8200500516838651,0.6440276512711466,-2.008774669560429,-1.8701051551168988,0.662969230082182,-2.0130472313250416,0.050055103433033654,-0.01894157881103542,0.004272561764612437,0.053689399061442204
436,-1.8268862446419778,0.6294301687742544,-1.992941793934042,-1.8771017137702157,0.6478647059195176,-1.996213882444517,0.05021546912823793,-0.01843453714526322,0.003272088510475113,0.05359227614824257
437,-1.8334904703009776,0.6147262838164403,-1.9771089183076547,-1.883910563816402,0.6325010445125663,-1.9798083984096402,0.050420093515424425,-0.017774760696125935,0.0026994801019855075,0.053529572581234974
438,-1.8398610731484866,0.5999196822898599,-1.9612760426812674,-1.8905310243761266,0.6168843911210447,-1.963814021986842,0.050669951227640064,-0.016964708831184727,0.0025379793055746447,0.053494734713743795
439,-1.8459964562354585,0.5850140758351153,-1.9454431670548802,-1.8969624334088513,0.6010209921980904,-1.9482141258648502,0.050965977173392796,-0.01600691636297502,0.0027709588099700255,0.05349233976390099
440,-1.851895081576493,0.5700132009108407,-1.929610291428493,-1.9032041477790322,0.5849171928917617,-1.9329922702561362,0.05130906620253928,-0.014903991980920961,0.0033819788276432394,0.05353678205061023
441,-1.8578852541863957,0.5540415105829003,-1.9155852124494739,-1.9092555433204328,0.5685794345070697,-1.9181322498532611,0.05137028913403707,-0.014537923924169416,0.0025470374037872556,0.05344852885978992
442,-1.863650840789333,0.5379873811779128,-1.9015601334704548,-1.9151160148985422,0.5520142519295328,-1.9036181313569873,0.051465174109209144,-0.014026870751620013,0.002057997886532492,0.05338213750380212
443,-1.869190707296634,0.5218539705369684,-1.8875350544914358,-1.9207849764710867,0.5352282710113162,-1.8894342827063793,0.051594269174452645,-0.013374300474347844,0.0018992282149434825,0.05333336284762524
444,-1.8745037640186837,0.5056444520957457,-1.8735099755124167,-1.9262618611466333,0.5182282059209752,-1.8755653950493394,0.051758097127949654,-0.012583753825229471,0.0020554195369226758,0.05330549904196574
445,-1.8795889658792646,0.48936201426029863,-1.8594848965333977,-1.9315461212412777,0.5010208564578846,-1.8619964983989576,0.05195715536201306,-0.011658842197586006,0.002511601865559987,0.05330837400101094
446,-1.8846778464361782,0.4722268784427291,-1.8468740307957037,-1.9366372283334143,0.4836131053324,-1.8487129718292505,0.051959381897236145,-0.011386226889670892,0.0018389410335468703,0.05322410388208296
447,-1.8895502391764456,0.4550289316526707,-1.8342631650580097,-1.9415346733165766,0.4660119154128712,-1.8357005489754596,0.051984434140130986,-0.01098298376020046,0.0014373839174499636,0.0531514195264114
448,-1.894205369234547,0.4377709089110225,-1.8216522993203157,-1.9462379664503477,0.44822432694058495,-1.8229453195202048,0.05203259721580067,-0.010453418029562456,0.0012930201998890833,0.05308801204377359
449,-1.8986424962966446,0.42045555479267166,-1.8090414335826217,-1.950746637409333,0.4302574547137687,-1.810433727268505,0.05210414111268835,-0.009801899921097035,0.001392293685883228,0.05303637661890085
450,-1.9028609147183149,0.4030856229900191,-1.7964305678449277,-1.955060235330194,0.41211848524175654,-1.7981525653422639,0.05219932061187915,-0.009032862251737439,0.0017219974973361474,0.05300308432706013
451,-1.9070123543152766,0.38499994483180944,-1.7848918077421063,-1.9591783288567337,0.39381467387048763,-1.7860889689586406,0.052165974541457105,-0.008814729038678193,0.0011971612165342371,0.05291900927704185
452,-1.910954835877033,0.3668675692482083,-1.773353047639285,-1.9631005061830311,0.37535334188046116,-1.7742304061965488,0.05214567030599815,-0.008485772632252864,0.0008773585572638964,0.052838896911897706
453,-1.9146878344956457,0.3486909104110347,-1.7618142875364635,-1.9668263750946215,0.3567418735583286,-1.7625646671013775,0.052138540598975824,-0.008050963147293866,0.0007503795649139722,0.052761809037234264
454,-1.9182108531540512,0.33047238838804693,-1.7502755274336421,-1.970355563007719,0.33798771324326765,-1.7510798514294241,0.052144709853667814,-0.0075153248552207175,0.0008043239957820081,0.05268963665174481
455,-1.9215234227922344,0.3122144288207308,-1.7387367673308207,-1.973687717006473,0.3190983623493521,-1.7397643552903157,0.05216429421423863,-0.006883933528621322,0.00102758795949498,0.05262659089006835
456,-1.9247145294746406,0.29339198520611803,-1.7279732207800598,-1.9768225038782612,0.3000813763650833,-1.7286068569072703,0.05210797440362058,-0.006689391158965274,0.0006336361272105684,0.05253941801417034
457,-1.9277028589715606,0.27453628494594173,-1.7172096742292988,-1.9797596101470079,0.2809443618313017,-1.7175963016812124,0.05205675117544728,-0.006408076885359992,0.00038662745191353487,0.05245110364041628
458,-1.9304880650766074,0.25564951252617174,-1.7064461276785379,-1.982498742104534,0.2616949732986626,-1.706721886714927,0.0520106770279265,-0.0060454607724908516,0.0002757590363891005,0.052361571442243376
459,-1.933069825115811,0.23673385603257507,-1.695682581127777,-1.9850396258399263,0.2423409102659238,-1.6959730449273882,0.05196980072411539,-0.005607054233348729,0.00029046379961128466,0.052272206895240834
460,-1.935447839985001,0.21779150689722004,-1.684919034577016,-1.987382007266929,0.22288991410024592,-1.6853394288655676,0.05193416728192801,-0.005098407203025873,0.00042039428855167316,0.052185517326486235
461,-1.9376651868461154,0.19844643264111744,-1.6746687925191075,-1.9895256521493512,0.20334976494075557,-1.6748108943012632,0.05186046530323574,-0.00490333229963813,0.00014210178215567915,0.0520919448861845
462,-1.9396841290013085,0.17907964670099302,-1.664418550461199,-1.9914703461244907,0.183728278586583,-1.6643774836832836,0.05178621712318221,-0.004648631885589977,-4.106677791537727e-05,0.05199445882800727
463,-1.941504454327309,0.1596931838780813,-1.6541683084032905,-1.993215894724571,0.16403330337065347,-1.6540294095005519,0.051711440397262054,-0.004340119492572181,-0.00013889890273866,0.051893438873084646
464,-1.943125971568829,0.14028908104099885,-1.643918066345382,-1.9947621233961865,0.14427271702045727,-1.6437570375989194,0.05163615182735759,-0.003983635979458416,-0.00016102874646262144,0.05178983936460846
465,-1.9445485103586584,0.12086937691173757,-1.6336678242874736,-1.996108877517759,0.12445442350706172,-1.6335508704836228,0.051560367159100506,-0.0035850465953241456,-0.00011695380385079446,0.05168498523617986
466,-1.9457858060509179,0.10121555855890274,-1.623692901875815,-1.9972560224149978,0.10458634988363526,-1.6234015306300522,0.05147021636407989,-0.0033707913247325166,-0.00029137124576283924,0.05158129800541032
467,-1.9468269981266741,0.08155037624249149,-1.6137179794641565,-1.9982034433743696,0.08467644311472142,-1.613299743817685,0.05137644524769547,-0.003126066872229924,-0.0004182356464714765,0.0514731613701265
468,-1.9476719829891356,0.061875786613771855,-1.603743057052498,-1.998951045654568,0.06473266689756589,-1.6032363224955564,0.05127906266543247,-0.002856880283794036,-0.0005067345569416126,0.05136108266686441
469,-1.948320676563785,0.04219374726002298,-1.5937681346408394,-1.999498754495988,0.04476299847674028,-1.5932021491822361,0.05117807793220286,-0.0025692512167172984,-0.0005659854586033131,0.051245653983421686
470,-1.9487730143067459,0.022506216509758634,-1.583793212229181,-1.9998465151282017,0.024775425453357765,-1.5831881598989876,0.051073500821455786,-0.002269208943599131,-0.0006050523301932564,0.051127467018337876
471,-1.9490297151814417,0.0027563755233666123,-1.5738687078863427,-1.999994292775436,0.0047779425901285115,-1.5731853276313745,0.0509645775939942,-0.002021567066761899,-0.0006833802549681689,0.05100923358875873
472,-1.9490903992492588,-0.01699504042007281,-1.5639442035435045,-1.999942072660049,-0.015221451386431743,-1.5631846458120962,0.05085167341079022,-0.0017735890336410664,-0.0007595577314083446,0.05088826224862923
473,-1.948955060533121,-0.03674608590528077,-1.5540196992006663,-1.9996898600040087,-0.03521475698538918,-1.5531771118160986,0.05073479947088777,-0.001531328919891592,-0.0008425873845676612,0.05076489731214595
474,-1.948623712363212,-0.05649481555346669,-1.544095194857828,-1.9992376800283709,-0.05519397715107451,-1.5431537104581057,0.05061396766515891,-0.0013008384023921807,-0.0009414843997224143,0.050639434201359426
475,-1.9480963873756627,-0.0762392842139383,-1.5341706905149899,-1.998585577950756,-0.0751511204618093,-1.5331053974825013,0.05048919057509327,-0.001088163752129001,-0.00106529303248859,0.050512150167307306
476,-1.9473769015295768,-0.09587482301471906,-1.5240743002966377,-1.9977336189808284,-0.09507820432636097,-1.5230230830361118,0.05035671745125159,-0.0007966186883580917,-0.0010512172605259273,0.05037398784619553
477,-1.9464592076605691,-0.11550209694266103,-1.5139779100782855,-1.9966818883137751,-0.11496725817687632,-1.5128976151157174,0.05022268065320601,-0.0005348387657847092,-0.001080294962568118,0.05023714503935758
478,-1.9453433993148928,-0.13511910526746437,-1.5038815198599333,-1.9954304911217866,-0.1348103266569955,-1.5027197629842826,0.05008709180689386,-0.00030877861046887944,-0.0011617568756507879,0.050101514836785314
479,-1.9440295902338431,-0.15472384830526612,-1.4937851296415812,-1.993979552543539,-0.15459947280389894,-1.4924802005528235,0.04994996230969595,-0.0001243755013671799,-0.001304929088757678,0.04996715965443776
480,-1.9425179143421643,-0.17431432762248042,-1.483688739423229,-1.9923292176716814,-0.17432678122297965,-1.4821694897287272,0.04981130332951711,1.2453600499229278e-05,-0.0015192496945017897,0.049834468133126204
481,-1.9408311800212694,-0.19362913187238648,-1.4731904312110013,-1.9904796515383252,-0.19398436125389898,-1.4717780637361624,0.04964847151705576,0.0003552293815125007,-0.0014123674748389714,0.04966982679431618
482,-1.938941769607444,-0.21292516421506258,-1.4626921229987737,-1.9884310390985427,-0.21356435012673866,-1.4612962104201923,0.049489269491098664,0.0006391859116760823,-0.0013959125785814042,0.04951307832602732
483,-1.936849891339153,-0.23220029796796104,-1.452193814786546,-1.9861835852118708,-0.2330589161070144,-1.450714055553347,0.0493336938727178,0.0008586181390533576,-0.001479759233198985,0.04936334939632827
484,-1.9345557757695446,-0.25145240875184016,-1.4416955065743184,-1.9837375146218252,-0.25246026162825813,-1.4400215461719812,0.04918173885228061,0.0010078528764179695,-0.001673960402337249,0.049220537861577915
485,-1.9320596757410404,-0.27067937472489934,-1.4311971983620908,-1.9810930719334263,-0.2717606264109441,-1.4292084339797944,0.04903339619238589,0.0010812516860447818,-0.0019887643822964485,0.049085621429664605
486,-1.9294189794863945,-0.289472615534537,-1.4200488350220166,-1.9782505215887396,-0.2909522905664908,-1.4182642588677388,0.04883154210234508,0.0014796750319537866,-0.0017845761542778504,0.048886538580101016
487,-1.9265689377938733,-0.3082352496563554,-1.4089004716819424,-1.9752101478404307,-0.31002757768512307,-1.4071783326133003,0.048641210046557415,0.0017923280287676646,-0.001722139068642159,0.048704676546793405
488,-1.9235099048801045,-0.32696494518166525,-1.3977521083418682,-1.9719722547233407,-0.32897885790632714,-1.3959397228381787,0.04846234984323616,0.0020139127246618926,-0.001812385503689562,0.04853802569125315
489,-1.9202422609361312,-0.34565937429554155,-1.386603745001794,-1.9685371660240831,-0.347798550970695,-1.384537237321871,0.04829490508795198,0.0021391766751534536,-0.002066507679923113,0.048386407061208746
490,-1.9167664120801589,-0.36431621356613525,-1.3754553816617199,-1.964905225248665,-0.36647912925192844,-1.372959408789994,0.0481388131685061,0.0021629156857931875,-0.002495972871725982,0.04825197838547741
491,-1.9131893563124416,-0.3823945623552015,-1.3633803486683518,-1.9610767955881379,-0.38501312076778266,-1.3611944803206513,0.047887439275696275,0.0026185584125811845,-0.0021858683477005147,0.04800876700121632
492,-1.9093942699671167,-0.40042840117382306,-1.3513053156749837,-1.957052259882277,-0.4033931121687696,-1.3492303915401058,0.04765798991516035,0.002964710994946551,-0.0020749241348778646,0.047795175741936355
493,-1.9053817063854215,-0.4184151006044397,-1.3392302826816156,-1.9528320205812995,-0.42161175170339216,-1.337054765810933,0.047450314195877974,0.003196651098952452,-0.0021755168706825145,0.04760760201050455
494,-1.9011522506177851,-0.43635203810263323,-1.3271552496882475,-1.9484164997056181,-0.43966175215875003,-1.3246548986519633,0.047264249087833,0.003309714056116797,-0.0025003510362842096,0.04744591873148445
495,-1.8967065193385264,-0.4542365983795065,-1.3150802166948794,-1.9438061388036416,-0.4575358937753214,-1.3120177476702315,0.047099619465115206,0.0032992953958149163,-0.003062469024647907,0.0473142496547756
496,-1.892215061854516,-0.47141630649763266,-1.3017637986600912,-1.9390013989076176,-0.47522702713477977,-1.2991299243311092,0.046786337053101645,0.0038107206371471025,-0.002633874328981989,0.04701510630214167
497,-1.8874952371791076,-0.48853468306750897,-1.288447380625303,-1.934002760487532,-0.4927280760196602,-1.2859776879442872,0.04650752330842445,0.004193392952151209,-0.0024696926810157116,0.0467614547536051
498,-1.8825478822522332,-0.5055886925838138,-1.2751309625905147,-1.928810723403061,-0.5100320402437544,-1.272546942300503,0.04626284115082768,0.0044433476599405886,-0.0025840202900118125,0.046547513044554886
499,-1.8773738743604829,-0.5225753109550727,-1.2618145445557265,-1.9234258068535868,-0.527131998452086,-1.2588232354572375,0.04605193249310391,0.004556687497013323,-0.0029913090984889923,0.04637339557782608
500,-1.8719741309815405,-0.5394915260399034,-1.2484981265209383,-1.917848549326277,-0.5440211108893698,-1.2447917632410141,0.04587441834473638,0.004529584849466417,-0.0037063632799241297,0.0462462595907947
501,-1.8665945974445504,-0.5556007141771593,-1.233580831228741,-1.9120795085422362,-0.5606926221358159,-1.2304373771094976,0.04548491109768582,0.005091907958656661,-0.0031434541192434384,0.045876856562144734
502,-1.8609753658345896,-0.5716278648793498,-1.2186635359365439,-1.906119261400735,-0.5771398638092112,-1.2157445970978271,0.0451438955661454,0.005511998929861428,-0.0029189388387167448,0.045572729159377816
503,-1.8551176865519114,-0.5875694117596997,-1.2037462406443467,-1.8999684039215217,-0.5933562572321769,-1.200697630660021,0.044850717369610216,0.005786845472477209,-0.0030486099843256564,0.0453251414992553
504,-1.8490228630565209,-0.6034218074801307,-1.1888289453521494,-1.8936275511852179,-0.6093353160635608,-1.1852803983066504,0.044604688128697,0.005913508583430094,-0.0035485470454990065,0.045134687026263345
505,-1.8426922515781252,-0.6191815245406211,-1.1739116500599522,-1.8870973372718132,-0.625070648892882,-1.16947656703277,0.04440508569368795,0.005889124352260855,-0.004435083027182207,0.045012924616804915
506,-1.836455150475055,-0.634062738126232,-1.1569904734381784,-1.8803784151972567,-0.6405559617968117,-1.153269592622839,0.04392326472220165,0.006493223670579695,-0.0037208808153395,0.04455625760243719
507,-1.8299671466463867,-0.648836287268861,-1.1400692968164046,-1.8734714568481579,-0.6557850608566534,-1.136642772009011,0.043504310201771146,0.006948773587792445,-0.0034265248073934718,0.044188816829170856
508,-1.8232300977333955,-0.663497942014982,-1.1231481201946307,-1.8663771529145952,-0.6707518546358369,-1.119579306941384,0.043147055181199656,0.007253912620854841,-0.003568813253246761,0.04389788203498017
509,-1.8162459326837925,-0.678043504448604,-1.106226943572857,-1.8590962128210502,-0.6854503566164047,-1.1020623802982807,0.04285028013725767,0.007406852167800793,-0.00416456327457615,0.043684683289970896
510,-1.8090166511994297,-0.6924688098932155,-1.089305766951083,-1.8516293646554642,-0.6998746875935437,-1.0840752464144137,0.04261271345603457,0.0074058777003281895,-0.005230520536669392,0.04356660094249778
511,-1.8019559653541355,-0.7059819065218562,-1.06995317472884,-1.8439773550964327,-0.7140190780271819,-1.06560133682667,0.04202138974229719,0.00803717150532568,-0.004351837902170086,0.043003858138623126
512,-1.7946351045363562,-0.7193558387030669,-1.050600582506597,-1.836140949338534,-0.7278778703497366,-1.0466243828210473,0.04150584480217767,0.008522031646669759,-0.003976199685549631,0.04255784698582231
513,-1.7870568104899998,-0.7325855977503011,-1.0312479902843539,-1.828120931015814,-0.7414455212290605,-1.0271285560983872,0.04106412052581421,0.008859923478759413,-0.004119434185966719,0.04221054342958142
514,-1.7792239213705854,-0.745666228971457,-1.0118953980621108,-1.8199181021234212,-0.754716603785701,-1.007098628747356,0.04069418075283582,0.009050374814244089,-0.004796769314754812,0.041963491600220185
515,-1.7711393706823226,-0.7585928335244642,-0.9925428058398679,-1.811533282937409,-0.7676858097635824,-0.9865201535059736,0.04039391225508626,0.0090929762391182,-0.006022652333894318,0.04184044341652869
516,-1.7632907151276458,-0.7706181964277701,-0.9703597603651782,-1.8029673119327096,-0.7803479516532316,-0.9653796649918884,0.03967659680506386,0.00972975522546149,-0.004980095373289806,0.04115460874198734
517,-1.755177253311922,-0.782466507882866,-0.9481767148904886,-1.7942210456992849,-0.79269796476672,-0.9436649021705272,0.039043792387362775,0.010231456883854073,-0.004511812719961372,0.04061350622605314
518,-1.7468029776046254,-0.7941319377227966,-0.925993669415799,-1.7852953588564693,-0.804730909263467,-0.9213650517940357,0.038492381251843844,0.010598971540670465,-0.0046286176217632535,0.040192358891283544
519,-1.7381720087132242,-0.8056087457706742,-0.9038106239411093,-1.7761911439655085,-0.8164419721261122,-0.8984710118695688,0.038019135252284286,0.010833226355438041,-0.005339612071540545,0.039891413808916136
520,-1.7292885936555165,-0.8168912846642324,-0.8816275784664197,-1.7669093114403063,-0.8278264690856536,-0.8749756733946423,0.037620717784789814,0.010935184421421162,-0.006651905071777375,0.03973845122871839
521,-1.7206852245101452,-0.8273330322851897,-0.8563513013600492,-1.7574507894563798,-0.8388798464951001,-0.8508742176279203,0.03676556494623462,0.011546814209910328,-0.005477083732128962,0.03892343934472819
522,-1.7118207031188202,-0.8375540065310254,-0.8310750242536787,-1.7478165238580448,-0.8495976831508637,-0.8261644250538847,0.03599582073922458,0.012043676619838295,-0.004910599199794086,0.038273531868833956
523,-1.7027006926357267,-0.8475476776692787,-0.8057987471473083,-1.7380074780638322,-0.8599756920611862,-0.8008469909691761,0.0353067854281055,0.012428014391907438,-0.0049517561781321495,0.037756383940194954
524,-1.6933310194358324,-0.8573076611814819,-0.7805224700409378,-1.7280246329701487,-0.8700097221608728,-0.7749258413027453,0.034693613534316325,0.012702060979390861,-0.005596628738192444,0.037367250720729
525,-1.6837176693926723,-0.8668277218419488,-0.7552461929345673,-1.717868986853184,-0.8796957599716702,-0.7484084409343449,0.0341513174605117,0.01286803812972137,-0.006837752000222408,0.03713022679722223
526,-1.6743831174312416,-0.8756156787957767,-0.7269225797994812,-1.7075415552690867,-0.8890299312075991,-0.721306085468987,0.03315843783784511,0.01341425241182237,-0.0056164943304941595,0.03620730832551342
527,-1.664803436020206,-0.8841357581267478,-0.698598966664395,-1.6970433709524082,-0.8980085023246204,-0.6936341662499572,0.03223993493220223,0.013872744197872544,-0.004964800414437809,0.03544736491147744
528,-1.6549863097254782,-0.8923811252535861,-0.6702753535293089,-1.6863754837128333,-0.9066278820139979,-0.6654123974581106,0.03138917398735508,0.01424675676041176,-0.004862956071198243,0.034812334933887884
529,-1.6449396135849483,-0.9003451659618473,-0.6419517403942228,-1.6755389603301956,-0.9148846226387805,-0.6366649935694167,0.030599346745247225,0.014539456676933127,-0.00528674682480601,0.03428797914263662
530,-1.6346714067913373,-0.9080214917096657,-0.6136281272591366,-1.6645348844478025,-0.9227754216128066,-0.6074207853483693,0.029863477656465243,0.014753929903140839,-0.006207341910767328,0.03388269232103849
531,-1.6246086301323308,-0.9151090377592618,-0.5828106539727091,-1.6533643564640714,-0.9302971227216964,-0.5777132630548064,0.028755726331740616,0.015188084962434623,-0.005097390917902733,0.03291736799718366
532,-1.61433224579868,-0.9218831582277274,-0.5519931806862817,-1.642028493422494,-0.9374467173852932,-0.5475805367263731,0.027696247623814063,0.015563559157565798,-0.004412643959908591,0.032074568318335855
533,-1.603852012671404,-0.9283374201291488,-0.5211757073998542,-1.6305284288999269,-0.9442213458610588,-0.5170652053199697,0.026676416228522903,0.015883925731909998,-0.004110502079884504,0.03131814979852685
534,-1.5931778832147965,-0.9344656942285812,-0.4903582341134267,-1.6188653128932389,-0.95061829838793,-0.48621412915210704,0.025687429678442397,0.016152604159348827,-0.004144104961319672,0.03062554931007721
535,-1.5823199940251513,-0.9402621608626245,-0.45954076082699924,-1.6070403117043106,-0.9566350162701883,-0.4550781034039326,0.024720317679159276,0.016372855407563836,-0.004462657423066618,0.029984659605058025
536,-1.5715011709398519,-0.9456161468260985,-0.42739071476180934,-1.5950546078234087,-0.9622690929009017,-0.4237114343156453,0.023553436883556822,0.016652946074803165,-0.003679280446164057,0.02907958229754207
537,-1.5605158374347199,-0.9506196002763774,-0.39524066869661945,-1.582909399810932,-0.9675182747245379,-0.3921714238816628,0.02239356237621215,0.01689867444816051,-0.0030692448149566287,0.028221571496576083
538,-1.5493753472521643,-0.955267349962028,-0.36309062263142955,-1.5706059021775611,-0.972380462138356,-0.3605177731102454,0.021230554925396827,0.01711311217632805,-0.0025728495211841396,0.027390046101796475
539,-1.5380912144946732,-0.9595545922644176,-0.33094057656623965,-1.5581453452628062,-0.9768537103322188,-0.32881191793031006,0.020054130768133005,0.017299118067801156,-0.0021286586359295923,0.02656988585555875
540,-1.5266751017245692,-0.9634768961624285,-0.29879053050104976,-1.5455289751119743,-0.9809362300664917,-0.29711631530754834,0.018853873387405073,0.01745933390406318,-0.001674215193501416,0.025750725787752515
541,-1.5150421859010432,-0.9670599685061749,-0.2669131552883942,-1.5327580533515686,-0.9846263883877127,-0.265493699789787,0.017715867450525336,0.01756641988153773,-0.001419455498607225,0.02498891596071333
542,-1.5033009804716662,-0.9702704564820014,-0.2350357800757387,-1.519833857063122,-0.9879227092817555,-0.23400633231352022,0.01653287659145586,0.01765225279975413,-0.0010294477622184717,0.024207391432987432
543,-1.4914634154522357,-0.9731050979740629,-0.20315840486308318,-1.506757678655493,-0.9908238742642128,-0.20271526353027572,0.01529426320325733,0.01771877629014995,-0.00044314133280745627,0.023410807213586925
544,-1.4795415187676986,-0.9755610127569869,-0.17128102965042766,-1.4935308257356246,-0.9933287229077735,-0.17167963311530354,0.013989306967925996,0.017767710150786598,0.00039860346487588516,0.022617495842100623
545,-1.4675474040308045,-0.9776357054224157,-0.13940365443777214,-1.4801546209777887,-0.9954362533063774,-0.1409560245718928,0.01260721694698419,0.01780054788396168,0.0015523701341206564,0.02186804237125143
546,-1.4550319821642903,-0.9793917912931583,-0.10940546157657392,-1.466630401991313,-0.997145622475965,-0.11059789210988624,0.011598419827022699,0.017753831182806712,0.0011924305333123192,0.021240144884822437
547,-1.4424695196348138,-0.9807717033475096,-0.0794072687153757,-1.452959521186826,-0.99845614669166,-0.08065507250195922,0.010490001552012185,0.017684443344150425,0.0012478037865835123,0.02059943405153395
548,-1.4298713204488294,-0.9817741999073566,-0.04940907585417749,-1.439143345641015,-0.9993673017612495,-0.05117339069845843,0.009272025192185618,0.017593101853892956,0.0017643148442809398,0.01996498161471046
549,-1.4172487207694957,-0.9823983789021413,-0.019410882992979273,-1.425183256959923,-0.9998787232348542,-0.022194363718999813,0.007934536190427277,0.01748034433271284,0.00278348072602054,0.019397604684587576
550,-1.4046130787161235,-0.9826436786805657,0.010587309868218944,-1.4110806511407838,-0.9999902065507035,0.006244996773392763,0.0064675724246603394,0.017346527870137796,0.004342313094826181,0.01901544649045068
551,-1.3911682642025514,-0.9825013289444358,0.037561635157762285,-1.396836938432427,-0.9997017071169574,0.03411228652508152,0.005668674229875714,0.017200378172521624,0.003449348632680767,0.018435967096737615
552,-1.3777321800340054,-0.9819964101712768,0.06453596044730563,-1.3824535431942528,-0.9990133403295429,0.061379721814441665,0.004721363160247405,0.017016930158266108,0.0031562386328639613,0.017939593763790496
553,-1.364314601903687,-0.9811292897248948,0.09151028573684897,-1.3679319037538011,-0.9979253815259969,0.08802407252366619,0.0036173018501142185,0.016796091801102087,0.003486213213182779,0.017531322113111113
554,-1.3509252920403565,-0.979900598496206,0.11848461102639231,-1.3532734722629136,-0.9964382658753348,0.11402652573356668,0.002348180222557117,0.016537667379128762,0.004458085292825625,0.01728823059709744
555,-1.3375739921056287,-0.9783112304442196,0.14545893631593565,-1.338479714552524,-0.9945525882039893,0.13937249138381436,0.0009057224468953518,0.016241357759769648,0.006086444932121293,0.017367983387353434
556,-1.3231974575807655,-0.9762051604081259,0.16891051033821972,-1.3235521099860739,-0.9922691027578862,0.16405136184929442,0.0003546524053084088,0.016063942349760274,0.004859148488925297,0.016786522754353793
557,-1.308874262381713,-0.9737625480296774,0.19236208436050378,-1.3084921513115828,-0.9895887229007583,0.18805623702960433,-0.0003821110701300867,0.015826174871080845,0.004305847330899448,0.016405917869993153
558,-1.29461228356569,-0.9709847366262837,0.21581365838278785,-1.293301344512367,-0.9865125207488105,0.21138362585071127,-0.0013109390533230236,0.015527784122526755,0.004430032532076578,0.01620048854795985
559,-1.2804193645238973,-0.9678732538584327,0.23926523240507191,-1.2779812086564475,-0.9830417267418881,0.234033134057412,-0.002438155867449776,0.015168472883455353,0.005232098347659919,0.01622966502333569
560,-1.2663033106680357,-0.9644298108895525,0.26271680642735595,-1.2625332757446417,-0.979177729151317,0.25600714694934407,-0.0037700349233940056,0.01474791826176447,0.006709659478011887,0.016635317450838478
561,-1.2510387090001807,-0.9603246600310613,0.2826719945403604,-1.2469590905573706,-0.9749220735246148,0.2773105143849678,-0.004079618442810018,0.01459741349355348,0.005361480155392617,0.016077102873259277
562,-1.2358590601073165,-0.9559157387186964,0.30262718265336486,-1.2312602105001726,-0.97027646206729,0.2979502440332553,-0.004598849607143851,0.014360723348593618,0.004676938620109539,0.015787765758974295
563,-1.2207704084697497,-0.9512048025686931,0.3225823707663693,-1.2154382054479715,-0.9652427529619856,0.3179352075580311,-0.00533220302177817,0.014037950393292475,0.00464716320833819,0.015719178292612268
564,-1.2057787623330143,-0.9461937274584835,0.34253755887937376,-1.1994946575880876,-0.9598229596252282,0.3372758632229733,-0.0062841047449266885,0.01362923216674472,0.005261695656400445,0.015903816619944486
565,-1.1908900913154112,-0.9408845087797284,0.3624927469923782,-1.1834311612620187,-0.954019249902089,0.35598399733641756,-0.007458930053392487,0.013134741122360571,0.006508749655960655,0.016447519082730972
566,-1.1748124221609753,-0.9347870294809015,0.3792691248860129,-1.1672493228060146,-0.9478339451990766,0.3740724860305142,-0.0075630993549606895,0.013046915718175067,0.005196638855498703,0.0159507848397704
567,-1.1588393042768004,-0.9284206958187864,0.39604550277964756,-1.1509507603904343,-0.9412695195556019,0.39155507809344553,-0.007888543886366062,0.012848823736815507,0.0044904246862020325,0.015731665834530353
568,-1.1429752331412455,-0.9217872995359476,0.41282188067328224,-1.1345371038579373,-0.9343285986543979,0.4084461989420335,-0.008438129283308227,0.012541299118450255,0.004375681731248748,0.01573635281739225
569,-1.1272246735425246,-0.9148887075371217,0.4295982585669169,-1.1180099945604975,-0.92701395877128,0.4247607753253133,-0.009214678982027102,0.012125251234158307,0.004837483241603602,0.015979151114688953
570,-1.111592058322136,-0.9077268613637948,0.4463746364605516,-1.1013710851952752,-0.9193285256646756,0.4405140799735253,-0.010220973126860766,0.011601664300880832,0.005860556487026269,0.016535205730439775
571,-1.1094148151835301,-0.906684851197615,0.46100080703357904,-1.0846220396393396,-0.9112753734053558,0.4557215951360275,-0.02479277554419057,0.00459052220774081,0.005279211897551539,0.025760914028497228
572,-1.1072530449990396,-0.9056111088912508,0.4756269776066065,-1.0677645327832885,-0.90285772314685,0.470398893769609,-0.039488512215751115,-0.0027533857444008714,0.005228083836997521,0.039928142840328425
573,-1.1051072102168165,-0.9045058641407862,0.49025314817963395,-1.0508002503637583,-0.894078941837027,0.48456153703014543,-0.05430695985305811,-0.01042692230375919,0.005691611149488518,0.05559101577312001
574,-1.1029777698760947,-0.9033693533813407,0.5048793187526615,-1.0337308887948575,-0.8849425408713637,0.498224986670857,-0.06924688108123722,-0.01842681250997702,0.006654332081804437,0.07196497824783793
575,-1.1008651795089923,-0.9022018197364918,0.519505489325689,-1.0165581549985165,-0.8754521746884284,0.5114045309468265,-0.08430702451047578,-0.02674964504806343,0.008100958378862488,0.0888191613260529
576,-1.0822565209190156,-0.8915594275619518,0.5321351714515875,-0.9992837662338049,-0.865611639308158,0.5241152226565137,-0.0829727546852107,-0.025947788253793846,0.008019948795073839,0.08730455494412352
577,-1.0637837528893557,-0.8806828689592779,0.544764853577486,-0.9819094499252019,-0.8554248708134978,0.5363718280074358,-0.08187430296415377,-0.025257998145780114,0.008393025570050283,0.08609187438090651
578,-1.045449821951211,-0.869573878812988,0.5573945357033846,-0.9644369434898631,-0.8448959437760261,0.5481887850668954,-0.08101287846134786,-0.024677935036961918,0.009205750636489207,0.08518704595807307
579,-1.0272576524903267,-0.8582342290819999,0.5700242178292831,-0.9468679941638701,-0.8340290696261731,0.5595801706434279,-0.08038965832645661,-0.024205159455826797,0.010444047185855232,0.0846018027688938
580,-1.0092101462805356,-0.8466657285169923,0.5826538999551817,-0.9292043588275147,-0.8228285949687089,0.570559674535322,-0.0800057874530209,-0.02383713354828343,0.012094225419859717,0.08435286154175824
581,-1.0409403482342345,-0.8675749206640442,0.6171722365799404,-0.9114478038296094,-0.8112989998441578,0.581140580175409,-0.1294925444046251,-0.056275920819886416,0.03603165640453132,0.1457174614923144
582,-1.0719300413379935,-0.8895667135331964,0.651690573204699,-0.89360010481086,-0.7994448959368459,0.5913357507932551,-0.17832993652713347,-0.09012181759635052,0.060354822411443965,0.20872520896374322
583,-1.1021423045563936,-0.9126149061627057,0.6862089098294577,-0.8756630465262938,-0.7872710247302823,0.6011576203049405,-0.22647925803009983,-0.12534388143242337,0.08505128952451724,0.2724658965452249
584,-1.1315411430818505,-0.93669203899905,0.7207272464542164,-0.8576384226667918,-0.7747822556106337,0.6106181882251972,-0.2739027204150587,-0.16190978338841622,0.11010905822901917,0.33669197037015186
585,-1.1600915312187292,-0.9617694266121652,0.755245583078975,-0.8395280356797178,-0.7619835839190322,0.619729017975972,-0.3205634955390114,-0.19978584269313304,0.13551656510300303,0.40129799031407015
586,-1.1877594540589953,-0.9878171918204756,0.8122455835863805,-0.8213336965886817,-0.7488801289535097,0.6285012380388306,-0.3664257574703136,-0.2389370628669658,0.18374434554754993,0.4744689033750082
587,-1.2138985237423976,-1.0153988716592457,0.869245584093786,-0.8030572248124292,-0.7354771319213411,0.6369455454658797,-0.41084129892996835,-0.2799217397379046,0.23230003862790638,0.5487349644690828
588,-1.238423837421204,-1.044424877509144,0.9262455846011916,-0.7847004479829077,-0.721779953842635,0.6450722113249574,-0.45372338943829627,-0.322644923666509,0.28117337327623415,0.6237171848928645
589,-1.2612557339216208,-1.0748009294059333,0.983245585108597,-0.7662652017625027,-0.7077940734059962,0.6528910877099849,-0.49499053215911815,-0.3670068559999371,0.3303544973986121,0.6991736216631854
590,-1.2823200524928835,-1.1064283622731539,1.0402455856160024,-0.747753329660472,-0.6935250847771224,0.6604116159967486,-0.5345667228324115,-0.4129032774960315,0.37983396961925386,0.7749351858081225
591,-1.2650249178124957,-1.07694753639045,1.0436784659914768,-0.7291666828486026,-0.6789786953612166,0.6676428360684155,-0.5358582349638931,-0.39796884102923336,0.3760356299230614,0.7661109850278898
592,-1.2478310889905646,-1.047407512206621,1.0471113463669512,-0.7105071199760853,-0.6641607235200951,0.6745933962741206,-0.5373239690144793,-0.38324678868652595,0.3725179500928306,0.7578685716253
593,-1.2307387686504498,-1.0178086378406936,1.0505442267424256,-0.6917765069836577,-0.6490770962449237,0.6812715639183997,-0.5389622616667922,-0.36873154159576993,0.36927266282402593,0.7502036848601342
594,-1.2137481582192684,-0.9881512621052229,1.0539771071179,-0.6729767169170084,-0.6337338467854989,0.6876852361095336,-0.54077144130226,-0.3544174153197239,0.36629187100836647,0.7431118292537451
595,-1.1968594579255214,-0.9584357345021826,1.0574099874933744,-0.6541096297394813,-0.6181371122370333,0.6938419508213524,-0.5427498281860401,-0.3402986222651493,0.3635680366720221,0.7365882469881553
596,-1.1794542727817598,-0.927565243611751,1.0596812543514795,-0.6351771321440697,-0.6022931310853911,0.6997488980461777,-0.5442771406376902,-0.3252721125263599,0.35993235630530185,0.7291027733616076
597,-1.162119247594205,-0.8966553005601748,1.0619525212095846,-0.6161811173647562,-0.5862082407117827,0.7054129309366325,-0.5459381302294488,-0.31044705984839216,0.3565395902729521,0.7221816242739374
598,-1.1448544717882008,-0.8657060648010604,1.0642237880676897,-0.5971234849871871,-0.5698888748578939,0.71084057685146,-0.5477309868010136,-0.2958171899431665,0.35338321121622973,0.7158189280379348
599,-1.1276600344266987,-0.8347176959907113,1.0664950549257948,-0.5780061407587223,-0.5533415610524803,0.7160380482354703,-0.5496538936679765,-0.281376134938231,0.3504570066903244,0.7100084828193863
600,-1.110536024209799,-0.8036903539873049,1.0687663217838999,-0.5588309963978517,-0.5365729180004349,0.7210112532766491,-0.5517050278119473,-0.26711743598687,0.3477550685072508,0.7047437477506727
601,-1.0929239640411075,-0.7716066666274494,1.0700433241166638,-0.5395999694030323,-0.5195896529353996,0.7257658062944856,-0.5533239946380751,-0.25201701369204976,0.3442775178221782,0.6987181316598959
602,-1.075352889165182,-0.739500514791778,1.0713203264494278,-0.5203149828609361,-0.5023985589369582,0.7303070378230215,-0.5550379063042459,-0.23710195585481986,0.34101328862640623,0.693234792782776
603,-1.0578228282357844,-0.707371950836908,1.0725973287821917,-0.5009779652541498,-0.48500651221350166,0.7346400043601177,-0.5568448629816346,-0.2223654386234063,0.33795732442207405,0.6882860908472161
604,-1.0403338098397943,-0.6752210271560045,1.0738743311149557,-0.4815908502683184,-0.467420469351827,0.7387694977612211,-0.5587429595714759,-0.2078005578041775,0.33510483335373453,0.683864033292769
605,-1.0228858624971613,-0.6430477961786957,1.0751513334477196,-0.4621555765987845,-0.44964746453460147,0.7427000542616012,-0.5607302858983768,-0.1934003316440942,0.3324512791861184,0.6799602891612182
606,-1.0049891121103294,-0.6099461928038616,1.0755627295100678,-0.44267408775671735,-0.4316946067267801,0.7464359631158108,-0.562315024353612,-0.17825158607708153,0.329126766394257,0.675497033975678
607,-0.9871059811068822,-0.5768372295777662,1.075974125572416,-0.4231483318747701,-0.4135690768321209,0.7499812748470809,-0.5639576492321121,-0.16326815274564527,0.3259928507253351,0.671547510271921
608,-0.969236472513481,-0.5437209121039926,1.0763855216347642,-0.4035802615122578,-0.39527812482090974,0.7533398091026414,-0.5656562110012232,-0.1484427872830829,0.3230457125321228,0.6681023443500388
609,-0.9513805893544816,-0.5105972459873691,1.0767969176971124,-0.38397183345991004,-0.37682906683007494,0.756515162113617,-0.5674087558945715,-0.13376817915729416,0.32028175558349536,0.6651518811373304
610,-0.9335383346519335,-0.47746623683396733,1.0772083137594606,-0.36432500854419003,-0.35822928223682704,0.7595107137603188,-0.5692133261077434,-0.11923695459714029,0.3176975999991418,0.6626862206244035
611,-0.9152963137177819,-0.44355950133269556,1.076850258244609,-0.3446417514312205,-0.3394862107070128,0.7623296342454584,-0.5706545622865613,-0.10407329062568277,0.3145206239991505,0.6598493026448841
612,-0.8970421534596005,-0.4096592996609671,1.0764922027297572,-0.3249240304303084,-0.32060734921933826,0.764974890379158,-0.5721181230292921,-0.08905195044162884,0.3115173123505992,0.6574894922887813
613,-0.8787758562176413,-0.3757656361649149,1.0761341472149055,-0.3051738172971223,-0.30160024906668353,0.7674492514806304,-0.573602038920519,-0.07416538709823134,0.30868489573427516,0.6555960406772507
614,-0.860497424333712,-0.3418785151898337,1.0757760917000538,-0.28539308703651545,-0.2824725128356836,0.7697552949021605,-0.5751043372971966,-0.05940600235415011,0.3060207967978933,0.6541580848438444
615,-0.8422068601511762,-0.3079979410801796,1.0754180361852022,-0.2655838177050335,-0.263231791365801,0.7718954111815078,-0.5766230424461427,-0.04476614971437859,0.3035226250036943,0.6531646998493026
616,-0.8235748277140998,-0.27351438971003855,1.0743592075828272,-0.2457479902131001,-0.24388578068908245,0.77387180882917,-0.5778268375009997,-0.029628609020956098,0.30048739875365726,0.6519619508979515
617,-0.8049062935576963,-0.23905058579513944,1.0733003789804523,-0.22588758812693474,-0.2244422189518554,0.7756865187570767,-0.5790187054307615,-0.014608366843284037,0.29761386022337555,0.6511912740643887
618,-0.7862012786115934,-0.20460656797346988,1.0722415503780773,-0.2060045974701957,-0.20490888331957058,0.777341398355284,-0.5801966811413977,0.0003023153461007011,0.2949001520227933,0.6508412862327709
619,-0.7674598038463184,-0.17018237486083493,1.0711827217757024,-0.1861010065253778,-0.18529358686603822,0.7788381352231183,-0.5813587973209406,0.015111212005203295,0.2923445865525841,0.6509007276361873
620,-0.7486818902732743,-0.13577804505081387,1.0701238931733275,-0.1661788056349928,-0.16560417544830938,0.7801782505609888,-0.5825030846382815,0.029826130397495515,0.2899456426123387,0.6513585167459495
621,-0.7304676715726265,-0.102490362412096,1.0132779595934684,-0.14623998700252616,-0.14584852456842748,0.7813631022287947,-0.5842276845701003,0.04335816215633148,0.23191485736467377,0.630068582544942
622,-0.7103916237801914,-0.07029129591371926,0.9564320260136094,-0.12628654449322554,-0.1260345362233393,0.7823938874764594,-0.5841050792869659,0.05574324030962004,0.17403813853715,0.6120255927283801
623,-0.688518604376486,-0.039284867539974594,0.8995860924337504,-0.10632047343471225,-0.10617013574419806,0.7832716453517061,-0.5821981309417738,0.06688526820422347,0.1163144470820443,0.5974590809209007
624,-0.6649192761206599,-0.009571246350277899,0.8427401588538914,-0.08634377041745736,-0.08626326862634384,0.7839972587896967,-0.5785755057032026,0.07669202227606595,0.05874290006419469,0.5865850410541179
625,-0.6396698787680868,0.018753575125998026,0.7858942252740324,-0.06635843309511363,-0.06632189735120068,0.7845714563886423,-0.5733114456729731,0.08507547247719871,0.0013227688853900688,0.579590889744117
626,-0.6128272275247536,0.04562287082070979,0.7834319737320196,-0.0463664599847589,-0.04635399820139721,0.7849948138749364,-0.5664607675399947,0.091976869022107,-0.0015628401429168548,0.5738815104761802
627,-0.5859184987527104,0.07242599177282442,0.7809697221900067,-0.026369850267042503,-0.026367558070356484,0.7852677552607884,-0.5595486484856679,0.09879354984318091,-0.004298033070781693,0.568219437014462
628,-0.5589438555909579,0.0991627754836075,0.7785074706479939,-0.006370603586275981,-0.006370571267652135,0.7853905536967359,-0.552573252004682,0.10553334675125964,-0.006883083048742078,0.562602757671705
629,-0.531903461578115,0.125833059856506,0.776045219105981,0.013629280149540351,0.013628963678619457,0.7853633320208057,-0.5455327417276553,0.11220409617788654,-0.00931811291482465,0.5570301237135048
630,-0.5047974806514264,0.15243668319813117,0.7735829675639682,0.033627800968699426,0.033623047221136695,0.7851860630054648,-0.5384252816201258,0.11881363597699447,-0.011603095441496625,0.5515007668223229
631,-0.47761183085199654,0.17898739778329367,0.7728351127695973,0.053622959035786476,0.053603681993068565,0.7848585693028844,-0.531234789887783,0.12538371579022511,-0.01202345653328718,0.5459634069051595
632,-0.45040633257750823,0.20551777402707905,0.7720872579752264,0.07361275485165383,0.07356287600690768,0.7843805230883966,-0.524019087429162,0.13195489802017135,-0.012293265113170193,0.5405175514900032
633,-0.42318100104363654,0.23202779709139895,0.7713394031808555,0.09359518945337977,0.09349264585116929,0.7837514454014016,-0.5167761904970163,0.13853515124022966,-0.012412042220546149,0.535166962718969
634,-0.3959358514771492,0.25851745214954824,0.7705915483864846,0.1135682646141561,0.11338501988364241,0.7829707051823518,-0.5095041160913053,0.14513243226590583,-0.012379156795867208,0.5299161355652201
635,-0.36867089911589784,0.2849867243862134,0.7698436935921137,0.1335299830431127,0.13323204141994396,0.7820375180038213,-0.5022008821590105,0.15175468296626946,-0.012193824411707577,0.5247703299513653
636,-0.3413861592088095,0.31143559899748074,0.7684589028336837,0.15347834858503784,0.15302577191607933,0.7809509444930636,-0.49486450779384733,0.15840982708140142,-0.012492041659379893,0.5197505223612825
637,-0.314064819317519,0.3378466646053766,0.7670741120752537,0.17341136642000265,0.17275829414376465,0.7797098884428689,-0.48747618573752166,0.16508837046161196,-0.012635776367615259,0.5148270239287032
638,-0.286706931834661,0.36421987056284943,0.7656893213168237,0.19332704326283448,0.1924217153572057,0.7783130946069631,-0.48003397509749546,0.17179815520564373,-0.012623773290139417,0.5100064539121503
639,-0.2593125492229554,0.39055516629544906,0.7643045305583936,0.2132233875624471,0.21200817045009426,0.7767591461756517,-0.4725359367854025,0.1785469958453548,-0.012454615617258025,0.5052963078523657
640,-0.23188172401510676,0.41685250130142365,0.7629197397999636,0.23309840970098727,0.23150982510153895,0.7750464619269026,-0.46498013371609404,0.1853426761998847,-0.012126722126938994,0.5007049927463436
641,-0.20441450881370377,0.4431118251518166,0.7607606495110385,0.2529501221928054,0.25091887890969955,0.7731732930475957,-0.45736463100650915,0.19219294624211702,-0.012412643536557244,0.4962606250756866
642,-0.1768906614267652,0.4693117836445416,0.7586015592221134,0.2727765398831953,0.2702275685118367,0.7711377196192538,-0.4496672013099605,0.1990842151327049,-0.01253616039714045,0.49192710025616654
643,-0.149310310161359,0.4954522546440628,0.7564424689331882,0.2925756801469099,0.28942817068955534,0.7689376467622203,-0.4418859903082689,0.20602408395450744,-0.01249517782903209,0.4877143437187311
644,-0.12167358358795546,0.521533116292155,0.7542833786442631,0.3123455630864238,0.30851300545799065,0.7665708004319635,-0.43401914667437924,0.2130201108341644,-0.01228742178770037,0.48363329913679937
645,-0.09398061053982787,0.5475542470084724,0.752124288355338,0.3320842117299144,0.32747443913769303,0.7640347228610073,-0.4260648222697423,0.2200798078707794,-0.01191043450566931,0.4796959589764126
646,-0.06866427294383866,0.5712395094933885,0.7491363795872559,0.351789652228968,0.34630488740800797,0.7613267676398998,-0.42045392517280666,0.22493462208538056,-0.012190388052643941,0.47699653349556653
647,-0.043277279056665105,0.5948490234575955,0.7461484708191738,0.37145991405595574,0.3649968183406966,0.7584440944306824,-0.41473719311262086,0.2298522051168989,-0.0122956236115086,0.4743312744359497
648,-0.01781985552303493,0.6183825781249814,0.7431605620510917,0.3910930302010885,0.38354275541260996,0.7553836633065133,-0.40891288572412343,0.23483982271237147,-0.012223101255421587,0.471708484815684
649,0.007707770383557001,0.6418399633975681,0.7401726532830096,0.4106870373691092,0.40193528049619187,0.7521422287114786,-0.4029792669855522,0.23990468290137623,-0.011969575428468993,0.4691373117053904
650,0.033305370762877665,0.6652209698573865,0.7371847445149275,0.43023997617563103,0.4201670368266409,0.7487163330352061,-0.3969346054127534,0.24505393303074563,-0.01153158852027858,0.4666277837868384
651,0.05558361792695248,0.6854482889536769,0.7332915665524756,0.4497498913430674,0.43823073194451173,0.7451022997977352,-0.39416627341611493,0.2472175570091652,-0.011810733245259608,0.46542783007907684
652,0.07794044461140182,0.7055887217972941,0.7293983885900237,0.4692148318961616,0.45611914061260495,0.7412962264412188,-0.3912743872847598,0.2494695811846892,-0.011897837851195137,0.46418991439610335
653,0.10037551195792836,0.7256419631234134,0.7255052106275718,0.48863285135707546,0.4738251077059589,0.7372939767265044,-0.3882573393991471,0.2518168554174545,-0.011788766098932646,0.4629195019393491
654,0.12288847992235555,0.7456077089887558,0.7216120326651199,0.5080020079400462,0.4913415510738144,0.733091172734505,-0.3851135280176907,0.25426615791494145,-0.011479140069385108,0.46162265886738185
655,0.14547900727978152,0.7654856567761948,0.7177188547026679,0.5273203647455568,0.5086614643723737,0.7286831864746114,-0.38184135746577524,0.25682419240382115,-0.010964331771943447,0.4603060988585597
656,0.166607635796857,0.7839317954517662,0.7128040813422073,0.5465859899540265,0.5257779198672481,0.7240651311052729,-0.3799783541571695,0.2581538755845181,-0.011261049763065634,0.4595147270208697
657,0.18782666735945514,0.8022738693420449,0.7078893079817467,0.5657969570189859,0.5426840712044526,0.7192318517753863,-0.3779702896595308,0.2595897981375923,-0.011342543793639637,0.45866878732058514
658,0.20913558942295996,0.8205114353951798,0.702974534621286,0.5849513448597394,0.5593731561488667,0.7141779160993728,-0.3758157554367795,0.26113827924631305,-0.011203381478086749,0.45777308645090325
659,0.23053388727145513,0.8386440530837009,0.6980597612608254,0.6040472380534647,0.5758384992890305,0.708897604283927,-0.3735133507820096,0.2628055537946704,-0.010837843023101645,0.4568330561147271
660,0.25202104403015674,0.8566712844151607,0.6931449879003647,0.6230827270267574,0.5920735147072245,0.7033848989304824,-0.37106168299660064,0.26459776970793625,-0.010239911030117677,0.4558548103295484
661,0.27271624755249335,0.8738614897501867,0.6870620610608703,0.6420559082465795,0.6080717086137423,0.6976334745446516,-0.3693396606940862,0.26578978113644447,-0.010571413483781322,0.45515683835489806
662,0.29351563431060806,0.890925490417605,0.6809791342213759,0.6609648844106218,0.6238266819443293,0.6916366867923863,-0.3674492501000138,0.2670988084732757,-0.01065755257101042,0.4543944413323186
663,0.31441843468798736,0.9078626550172281,0.6748962073818815,0.6798077646370254,0.6393321329197169,0.6853875615526078,-0.36538932994903806,0.26853052209751116,-0.01049135417072633,0.4535725655844989
664,0.3354238752416188,0.9246723568420417,0.6688132805423871,0.6985826646534714,0.6545818595662526,0.6788787838277314,-0.3631587894118526,0.27009049727578915,-0.01006550328534428,0.4526969156092768
665,0.35653117873061013,0.9413539739013951,0.6627303537028927,0.7172877069856007,0.6695697621966022,0.672102686587147,-0.3607565282549906,0.27178421170479283,-0.00937233288425432,0.45177402651578225
666,0.3770914165718171,0.9574010167852661,0.6552953054536896,0.7359210211447693,0.6842898458495512,0.6650512396345386,-0.3588296045729522,0.2731111709357149,-0.009755934180848969,0.4510471982615562
667,0.3977703955701145,0.9732947511794157,0.6478602572044866,0.7544807438150888,0.6987362226879031,0.6577160386082651,-0.3567103482449743,0.2745585284915125,-0.009855781403778519,0.45024637093435255
668,0.418566972597999,0.9890342984831682,0.6404252089552835,0.7729650190397587,0.7129031143535387,0.6500882942451496,-0.35439804644175965,0.27613118412962945,-0.009663085289866036,0.449377103764629
669,0.439479998027185,1.0046187886192623,0.6329901607060805,0.7913719984066616,0.7267848542786822,0.6421588220623271,-0.3518920003794766,0.2778339343405801,-0.00916866135624661,0.4484459157504959
670,0.4605083157921555,1.0200473600819489,0.6255551124568774,0.8096998412331966,0.7403758899524486,0.6339180326396285,-0.3491915254410411,0.2796714701295002,-0.008362920182751088,0.44746037933902066
671,0.48109893085534816,1.0349205553782692,0.6165380255955311,0.827946714750356,0.7536707851417809,0.6253559227167048,-0.3468477838950078,0.28124977023648834,-0.008817897121173757,0.44663472072891414
672,0.5018228199113307,1.049607481176352,0.6075209387341847,0.8461107942859937,0.7666642220658663,0.61646206735519,-0.34428797437466296,0.2829432591104858,-0.008941128621005379,0.4457252976398013
673,0.5226782979565441,1.0641069433218486,0.5985038518728383,0.8641902634472943,0.7793510035231799,0.607225613456968,-0.34151196549075025,0.28475593979866876,-0.008721761584129739,0.4447386164356642
674,0.5436636692882832,1.0784177629025742,0.5894867650114919,0.8821833143024047,0.791726054970291,0.5976352749755627,-0.33851964501412146,0.28669170793228316,-0.008148509964070794,0.4436824130752209
675,0.5647772276425702,1.092538776344363,0.5804696781501455,0.9000881475612352,0.803784426551621,0.5876793302090884,-0.335310919918665,0.28875434979274206,-0.007209652058942861,0.4425657766069826
676,0.5855432866094927,1.1061579872302882,0.5695877818068674,0.9179029727553806,0.8155212950793129,0.5773456216204795,-0.33235968614588784,0.2906366921509753,-0.007757839813612111,0.4415799269419156
677,0.6064563159914077,1.1195504221188426,0.5587058854635893,0.9356260084171686,0.8269319659624466,0.5666215586940145,-0.3291696924257609,0.29261845615639603,-0.007915673230425191,0.440500743674416
678,0.6275138393824077,1.1327144951515515,0.5478239891203113,0.953255482257799,0.8380118750848067,0.5554941244066477,-0.3257416428753913,0.29470262006674486,-0.007670135286336421,0.4393359570450316
679,0.6487133632663994,1.1456486475112955,0.5369420927770332,0.9707896313445805,0.8487565906304755,0.5439498859681842,-0.3220762680781811,0.29689205688082,-0.007007793191150968,0.43809488134821023
680,0.6700523773123724,1.158351347606896,0.5260601964337551,0.9882267022772163,0.8591618148564958,0.5319750105656659,-0.3181743249648439,0.2991895327504003,-0.0059148141319107506,0.4367885788347172
681,0.6911684486830365,1.1706121165782508,0.5129753489060015,1.0055649513631455,0.8692233858119127,0.5195552869336455,-0.314396502680109,0.3013887307663381,-0.006579938027644006,0.43557275341195945
682,0.7124431381186863,1.1825955432716704,0.49989050137824786,1.0228026447919047,0.8789372790024944,0.5066761536623483,-0.31035950667321843,0.30365826426917597,-0.006785652284100441,0.4342550056341699
683,0.7338728031628938,1.1942995759951798,0.48680565385049424,1.0399380588085174,0.8882996090004824,0.4933227352482483,-0.3060652556456236,0.30599996699469734,-0.006517081397754088,0.43284453659959915
684,0.7554537748257345,1.2057222108920667,0.4737208063227406,1.0569694798858615,0.8973066309987076,0.4794798869840495,-0.30151570506012704,0.3084155798933591,-0.0057590806613088685,0.4313525904975255
685,0.7771823582119576,1.2168614922839636,0.460635958794987,1.0738952048960235,0.9059547423084627,0.4651322498740918,-0.29671284668406595,0.31090674997550083,-0.004496291079104819,0.429792667691247
686,0.7988763603718986,1.227626947478646,0.4449630968300482,1.090713541280604,0.9142404838005289,0.4502643168426439,-0.29183718090870536,0.3133864636781172,-0.005301220012595698,0.4282617408910563
687,0.8207364167299553,1.2380510873130317,0.4292902348651094,1.1074228072199814,0.9221605412887859,0.4348605115707623,-0.2866863904900261,0.3158905460242458,-0.005570276705652855,0.4266227274094448
688,0.8427571577223564,1.2481313512683967,0.41361737290017064,1.124021331801486,0.9297117468558371,0.4189052813456625,-0.2812641740791296,0.31841960441255956,-0.0052879084454918734,0.42488650492854413
689,0.8649331743157891,1.2578652632934786,0.39794451093523187,1.1405074551864933,0.936891080120138,0.4023832053261955,-0.27557428087070424,0.3209741831733406,-0.004438694390963616,0.4230665580604254
690,0.8872590193360402,1.2672504324126777,0.3822716489702931,1.1568795287764002,0.9436956694441047,0.3852791196091139,-0.26962050944036,0.323554762968573,-0.003007470638820786,0.4211792357538202
691,0.9098160213605202,1.2763194562283642,0.36361056846435147,1.1731359153774927,0.9501227930827353,0.36757826041131964,-0.26331989401697253,0.3261966631456289,-0.003967691946968166,0.4192342688901261
692,0.9325383238809958,1.2849659874097035,0.34494948795840985,1.1892749893646573,0.9561698802722672,0.3492664265498517,-0.2567366654836615,0.32879610713743623,-0.004316938591441832,0.41718009472073836
693,0.9554180144050377,1.293187015011284,0.32628840745246823,1.2052951368439446,0.9618345122584524,0.3303301621888942,-0.24987712243890692,0.3313525027528317,-0.004041754736425984,0.4150293883332399
694,0.9784471256336501,1.3009796762590276,0.3076273269465266,1.2211947558139582,0.9671144232640236,0.31075696051584134,-0.2427476301803081,0.3338652529950039,-0.003129633569314727,0.4127980301816516
695,1.0016176382356896,1.3083412575470805,0.288966246440585,1.236972256326048,0.9720075013949759,0.29053548859030254,-0.2353546180903583,0.3363337561521046,-0.0015692421497175424,0.41050536452617303
696,1.025349179699432,1.3153963439995695,0.2669756279608304,1.2526260606433117,0.9765117894852975,0.2696558330657038,-0.22727688094387966,0.338884554514272,-0.002680205104873379,0.4080498810186314
697,1.049230116468772,1.3219278954321314,0.24498500948107582,1.2681546033983628,0.9806254858798085,0.24810976580033245,-0.21892448692959077,0.34130240955232294,-0.0031247563192566274,0.4054935632604553
698,1.0732489004913348,1.3279327533967222,0.22299439100132123,1.2835563317498675,0.9843469451548001,0.22589102754483356,-0.21030743125853268,0.3435858082419221,-0.0028966365435123265,0.4028508579748621
699,1.0973939170562503,1.3334080141373061,0.20100377252156665,1.2988297055378224,0.9876746787761803,0.2029956269152212,-0.20143578848157206,0.3457333353611258,-0.0019918543936545408,0.4001398299907757
700,1.1216534904106543,1.3383510299940193,0.17901315404181206,1.3139731974375781,0.9906073556948702,0.17942215074251594,-0.1923197070269238,0.3477436742991491,-0.0004089967007038786,0.39738230962675686
701,1.14680124685508,1.3429015212619644,0.15354613320060795,1.328985293112564,0.9931438028792042,0.15517208065333724,-0.1821840462574842,0.34975771838276015,-0.0016259474527292872,0.3943654802137002
702,1.1720567236402635,1.3468101677439124,0.12807911235940383,1.3438644913657243,0.9952830057841277,0.13025010941636972,-0.1718077677254608,0.35152716195978473,-0.0021709970569658843,0.3912722426578813
703,1.197403541728354,1.3500744345493438,0.10261209151819972,1.3586093042896297,0.9970241087570001,0.10466444924219856,-0.16120576256127572,0.35305032579234374,-0.0020523577239988378,0.3881185934701786
704,1.2228252628435508,1.352692204689931,0.07714507067699561,1.373218257415277,0.9983664153798475,0.07842712292189793,-0.15039299457172617,0.3543257893100835,-0.0012820522449023264,0.3849239683943098
705,1.2483054001328862,1.3546617804524776,0.0516780498357915,1.3876898898595273,0.9993093887479177,0.051554227525755024,-0.1393844897266412,0.3553523917045599,0.00012382231003647826,0.38171111275213304
706,1.2748512493336468,1.3560348406958491,0.02297521809341724,1.4020227544711974,0.9998526516844362,0.024066159466105345,-0.1271715051375506,0.35618218901141296,-0.0010909413726881041,0.378205676373307
707,1.3014255696582635,1.3566454989522603,-0.0057276136489570195,1.4162154179757676,0.9999959868914717,-0.004012210822560227,-0.11478984831750405,0.35664951206078854,-0.0017154028263967926,0.37467122432448824
708,1.3280064692882023,1.3564932521638877,-0.03443044539133128,1.4302664611187157,0.999739337036853,-0.03265142639572878,-0.10225999183051337,0.3567539151270347,-0.0017790189956024965,0.37112481296220395
709,1.3545720509849244,1.3555782257510254,-0.06313327713370553,1.4441744788074369,0.9990828047770997,-0.06181740477477093,-0.08960242782251249,0.3564954209739257,-0.001315872358934607,0.36758578830951844
710,1.3811004301287428,1.3539011735087632,-0.09183610887607979,1.457938080251753,0.9980266527163616,-0.0914714824314205,-0.07683765012301014,0.35587452079240156,-0.0003646264446592884,0.3640753108603929
711,1.4085236266190704,1.3513756298184119,-0.12296768387590745,1.4715558891029872,0.9965713033013819,-0.12157055086072027,-0.0630322624839168,0.35480432651703,-0.0013971330151871797,0.3603624955648225
712,1.4358549237915974,1.347997720472973,-0.1540992588757351,1.4850265435916035,0.9947173386525217,-0.1520672896241892,-0.04917161980000606,0.3532803818204513,-0.0020319692515459176,0.3566917510568466
713,1.4630678349767146,1.3437707189932104,-0.18523083387556277,1.4983486966633788,0.9924655003309216,-0.18291049838327378,-0.03528086168666422,0.3513052186622888,-0.002320335492288994,0.35307999067847057
714,1.4901359882322809,1.3386987217522648,-0.21636240887539043,1.5115210161141086,0.9898166890418857,-0.21404552605890018,-0.021385027881827723,0.3488820327103791,-0.0023168828164902566,0.3495445037639956
715,1.517033151900586,1.3327866440058713,-0.2474939838752181,1.5245421847228224,0.9867719642746133,-0.24541479105467268,-0.007509032822236472,0.346014679731258,-0.002079192820545417,0.34610239410647753
716,1.544203694666354,1.325921348426127,-0.27967180075386777,1.5374109003835117,0.9833325438784152,-0.2769583822343691,0.006792794282842296,0.3425888045477118,-0.0027134185194986893,0.3426668844456103
717,1.5711393001903664,1.318185468861496,-0.31184961763251745,1.550125876235334,0.9794998035755915,-0.30861472634854564,0.021013423955032362,0.3386856652859045,-0.003234891283971808,0.33935233663272274
718,1.5978120814324939,1.3095870144426314,-0.34402743451116713,1.5626858407913,0.9752752764111607,-0.3403213041667633,0.03512624064119385,0.33431173803147063,-0.003706130344403813,0.3361724652158999
719,1.6241944234605161,1.300134887343394,-0.3762052513898168,1.5750895380654217,0.9706606521396621,-0.37201539497002895,0.04910488539509439,0.32947423520373187,-0.004189856419787863,0.3331397849695647
720,1.650259012040484,1.289838873564232,-0.4083830682684665,1.5873357276983062,0.9656577765492774,-0.4036348275127553,0.06292328434217787,0.3241810970149547,-0.004748240755711175,0.330265452574895
721,1.6757110591521451,1.2788255137814653,-0.439941332797819,1.5994231850811964,0.9602686507235386,-0.43511871520880985,0.07628787407094872,0.31855686305792663,-0.004822617589009148,0.32759971363232504
722,1.7008029283293224,1.2670145486611077,-0.4714995973271715,1.6113507014784265,0.9544954302409214,-0.46640815416292103,0.08945222685089593,0.3125191184201863,-0.005091443164250475,0.3251089402957252
723,1.725509632049699,1.2544177400512886,-0.503057861856524,1.6231170841482976,0.9483404243126435,-0.49744686468148896,0.1023925479014014,0.30607731573864505,-0.0056109971750350485,0.32279876140532704
724,1.7498065663546682,1.241047632375623,-0.5346161263858765,1.6347211564623458,0.9418060948590116,-0.528181759882355,0.11508540989232241,0.2992415375166114,-0.0064343665035214714,0.32067358858766504
725,1.7736695353509753,1.2269175401409567,-0.566174390915229,1.646161758023011,0.934895055524683,-0.5585634287330091,0.12750777732796426,0.29202248461627367,-0.007610962182219905,0.31873702569033097
726,1.7961947054021117,1.2126008933826384,-0.5956569109359566,1.6574377447796707,0.927610070633246,-0.5885465249860494,0.13875696062244103,0.28499082274939247,-0.007110385949907205,0.31705491757881615
727,1.8182880568304831,1.1976264657509206,-0.6251394309566842,1.668547989143047,0.9199540540815242,-0.6180900577424485,0.14974006768743608,0.2776724116693964,-0.00704937321423571,0.3155530854484714
728,1.8399303870665433,1.182007272359827,-0.6546219509774118,1.6794913800979598,0.9119300681740611,-0.6471575834684962,0.1604390069685835,0.27007720418576586,-0.007464367508915659,0.3142261732576922
729,1.861102885548534,1.1657568887254268,-0.6841044709981394,1.6902668233144347,0.9035413223982338,-0.6757173029780909,0.17083606223409942,0.262215566327193,-0.008387168020048574,0.31306917441891363
730,1.8817871500717973,1.148889438966594,-0.713586991018867,1.7008732412571288,0.8947911721405041,-0.7037420699869326,0.1809139088146685,0.25409826682608994,-0.009844921031934462,0.31207802562300024
731,1.9008781844984588,1.1323607076583873,-0.7401196204220538,1.7113095732930879,0.8856831173443074,-0.7312093202389199,0.18956861120537094,0.24667759031407988,-0.008910300183133879,0.3112322048998909
732,1.9195240002131537,1.1153313180488769,-0.7666522498252406,1.7215747757978035,0.8762208011101247,-0.7581009318558724,0.19794922441535023,0.23911051693875218,-0.008551317969368255,0.3105331863044097
733,1.9377114716966835,1.0978132577916835,-0.7931848792284274,1.7316678222595798,0.8664080082382859,-0.7844030284895931,0.20604364943710363,0.23140524955339759,-0.008781850738834307,0.30996692710131096
734,1.9554277960762863,1.079818858534816,-0.8197175086316142,1.7415877033821823,0.8562486637151049,-0.8101057371275008,0.21384009269410398,0.2235701948197112,-0.009611771504113409,0.3095215717952367
735,1.9726605021380805,1.0613607872399418,-0.846250138034801,1.7513334271857652,0.8457468311429333,-0.8352029121201988,0.2213270749523153,0.2156139560970085,-0.011047225914602166,0.30918779628432747
736,1.9884736893746133,1.0434956756593128,-0.8695848963536683,1.7609040191060688,0.8349067111147797,-0.8596918362790572,0.22756967026854458,0.20858896454453313,-0.009893060074611104,0.3088611072853532
737,2.0038657313500683,1.0252664643162017,-0.8929196546725356,1.7702985220918765,0.823732639534121,-0.8835729088565338,0.23356720925819174,0.2015338247820807,-0.009346745816001811,0.30863714201194786
738,2.018828247309406,1.006683078765325,-0.916254412991403,1.7795159967007192,0.8122290858806044,-0.9068493289873355,0.23931225060868666,0.19445399288472054,-0.009405084004067477,0.3084982402629379
739,2.033353090368592,0.9877556374043807,-0.9395891713102703,1.7885555211928177,0.8004006514223111,-0.9295267818372679,0.24479756917577444,0.18735498598206957,-0.01006238947300242,0.3084298823535358
740,2.0474323519504636,0.9684944459647213,-0.9629239296291376,1.7974161916232538,0.7882520673753163,-0.9516131333632378,0.25001616032720975,0.18024237858940506,-0.011310796265899814,0.3084207022501832
741,2.060450300543603,0.9497839548693501,-0.983247179614403,1.8060971219323696,0.7757881930112588,-0.9731181382979247,0.2543531786112332,0.1739957618580913,-0.010129041316478293,0.3083385510963662
742,2.073085328986588,0.9308127788686766,-1.0035704295996684,1.814597444034368,0.7630140137137015,-0.9940531647825135,0.2584878849522201,0.16779876515497516,-0.009517264817154869,0.3083228674364043
743,2.085332218756514,0.9115887534430052,-1.0238936795849336,1.8229163079041226,0.7499346389840432,-1.0144309380104182,0.26241591085239135,0.16165411445896194,-0.009462741574515432,0.30835646007195544
744,2.097185911639616,0.8921198185045787,-1.0442169295701988,1.8310528816621792,0.7365553003977854,-1.0342653043291206,0.2661330299774367,0.15556451810679328,-0.009951625241078288,0.30842526450294067
745,2.1086415118204145,0.8724140151182341,-1.064540179555464,1.8390063516579414,0.722881349511976,-1.0535710164801917,0.26963516016247313,0.1495326656062581,-0.010969163075272403,0.3085181683754256
746,2.1193748145307896,0.853055677013939,-1.0822465636301648,1.8467759225510378,0.7089182557246515,-1.0723635400346438,0.27259889197975173,0.14413742128928753,-0.009883023595520957,0.308518113374083
747,2.1297636864945027,0.8335103353552645,-1.0999529477048655,1.854360817390854,0.6946716040871542,-1.090658880591542,0.27540286910364875,0.1388387312681103,-0.009294067113323479,0.30856006432162764
748,2.139804870718682,0.8137841177601745,-1.1176593317795662,1.8617602776942273,0.6801470930701856,-1.1084734309385513,0.2780445930244546,0.13363702468998884,-0.009185900841014893,0.3086292773739851
749,2.149495219213289,0.793883208552658,-1.135365715854267,1.868973563521292,0.665350532284497,-1.125823837107909,0.2805216556919967,0.128532676268161,-0.009541878746357924,0.308713614262224
750,2.1588316939780396,0.7738138468238955,-1.1530720999289676,1.8759999535494778,0.6502878401571169,-1.1427268820842833,0.28283174042856185,0.1235260066667786,-0.01034521784468434,0.3088033213052353
751,2.167685421954227,0.7538660852600639,-1.1686111549017708,1.8828387451456365,0.6349650415640629,-1.1591993858163752,0.28484667680859066,0.11890104369600107,-0.00941176908539565,0.30881008545417177
752,2.1762281241421157,0.7337831589341309,-1.184150209874574,1.8894892544363082,0.6193882654204694,-1.1752581201377648,0.28673886970580753,0.1143948935136615,-0.008892089736809217,0.30884371504379604
753,2.184457737843295,0.7135699170166855,-1.1996892648473771,1.895950816376105,0.6035637422291092,-1.1909197372013636,0.28850692146719004,0.11000617478757624,-0.008769527646013575,0.3088923871528794
754,2.1923722759568776,0.6932312401439767,-1.2152283198201803,1.902222784814218,0.5874978015882669,-1.2062007100649477,0.29014949114265964,0.10573343855570982,-0.009027609755232646,0.30894624933319903
755,2.1999698274592996,0.6727720392394484,-1.2307673747929835,1.9083045325590295,0.5711968696599886,-1.2211172841230187,0.29166529490027004,0.10157516957945978,-0.009650090669964806,0.3089972225996474
756,2.2072261893888845,0.6522604832943625,-1.24456796665106,1.9141954514408346,0.5546674665997017,-1.2356854381550875,0.2930307379480499,0.0975930166946608,-0.008882528495972597,0.3089827011378223
757,2.2141987976927906,0.6316507416855549,-1.2583685585091366,1.9198949523726523,0.5379162039482439,-1.2499208538459183,0.2943038453201383,0.093734537737311,-0.008447704663218314,0.3089858906958767
758,2.2208863244146677,0.6109467396065921,-1.2721691503672132,1.9254024654091402,0.5209497819873273,-1.2638388927244983,0.29548385900552754,0.08999695761926474,-0.008330257642714889,0.30899766424022723
759,2.2272874958928965,0.5901524202032592,-1.2859697422252898,1.9307174398035836,0.5037749870595203,-1.2774545795615464,0.296570056089313,0.08637743314373891,-0.008515162663743414,0.30901030261224194
760,2.233401093003163,0.5692717438225751,-1.2997703340833664,1.935839344062973,0.4863986888537981,-1.2907825913575508,0.29756174894019005,0.08287305496877695,-0.008987742725815595,0.30901734124723174
761,2.239245720876462,0.5482375389452383,-1.3122139784616427,1.94076766600115,0.4688278376577654,-1.3038372511423686,0.2984780548753121,0.07940970128747288,-0.00837672731927408,0.30897446409257995
762,2.2448281608415406,0.5271322359662377,-1.324657622839919,1.9455019127900275,0.45106946157762406,-1.3166325258920903,0.2993262480515131,0.07606277438861364,-0.008025096947828603,0.3089436042408244
763,2.2501475485006255,0.505959102878962,-1.3371012672181952,1.9500416110088725,0.433130663727031,-1.3291820279480693,0.30010593749175296,0.07282843915193093,-0.007919239270125944,0.308917901096275
764,2.2552030601875646,0.4847214181797688,-1.3495449115964715,1.954386306691646,0.415018619385944,-1.3414990193963932,0.3008167534959185,0.06970279879382485,-0.008045892200078342,0.308891462693309
765,2.2599939130953643,0.46342247036033546,-1.3619885559747478,1.9585355653724,0.39674057313061206,-1.3535964189332585,0.3014583477229644,0.0666818972297234,-0.008392137041489223,0.30885925402056236
766,2.264546815752322,0.44193601126656806,-1.3734066955717028,1.9624889721287242,0.37830383593583167,-1.3654868108028255,0.30205784362359767,0.0636321753307364,-0.007919884768877283,0.30878911769460343
767,2.2688540915641164,0.4203989682459257,-1.3848248351686578,1.9662461316232376,0.3597157822506608,-1.3771824554492114,0.30260795994087886,0.0606831859952649,-0.007642379719446479,0.3087271164797363
768,2.272915178980452,0.39881414913645086,-1.3962429747656129,1.9698066681431217,0.3409838470487362,-1.3886953015737538,0.30310851083733037,0.05783030208771467,-0.007547673191859117,0.30866823703159263
769,2.276729548547228,0.3771843680048739,-1.407661114362568,1.9731702256376917,0.3221155228543811,-1.4000369993327406,0.30355932290953636,0.05506884515049282,-0.007624115029827294,0.30860811292234874
770,2.2802967029755656,0.35551244477973626,-1.419079253959523,1.9763364677540007,0.30311835674570226,-1.4112189144499225,0.3039602352215649,0.052394088034034,-0.007860339509600411,0.3085429467579406
771,2.2836358850129157,0.3336723046784512,-1.4297603798450647,1.979305077870476,0.2839999473358494,-1.422252143052719,0.30433080714243976,0.049672357342601836,-0.0075082367923455795,0.30844927764491514
772,2.2867416037241886,0.31179774485182227,-1.4404415057306064,1.9820757591285796,0.26476794173367757,-1.4331475270714018,0.30466584459560897,0.0470298031181447,-0.007293978659204559,0.3083606352457592
773,2.28961350479233,0.28989126086700334,-1.451122631616148,1.984648234462495,0.24543003248500284,-1.4439156700672382,0.3049652703298349,0.044461228382000506,-0.007206961548909874,0.308273510427596
774,2.2922512605754566,0.2679553519332276,-1.4618037575016898,1.9870222466268317,0.22599395449569257,-1.4545669533788361,0.3052290139486249,0.04196139743753505,-0.007236804122853657,0.308184816570955
775,2.294654570144236,0.24599252061668436,-1.4724848833872315,1.9891975582223522,0.20646748193779657,-1.4651115524962097,0.30545701192188357,0.03952503867888779,-0.007373330891021768,0.3080918382937818
776,2.2968315997272737,0.2239196955291527,-1.4826849053514934,1.9911739517197096,0.18685842513998854,-1.4755594535896255,0.3056576480075641,0.03706127038916415,-0.0071254517618679625,0.3079787453886801
777,2.298783376665002,0.20182581330045551,-1.4928849273157554,1.9929512294812013,0.1671746274635352,-1.4859204701354887,0.3058321471838008,0.03465118583692031,-0.0069644571802667254,0.30786768358302
778,2.3005096978954342,0.17971317256807015,-1.5030849492800173,1.9945292137805317,0.14742396216506348,-1.4962042595945497,0.30598048411490253,0.03228921040300667,-0.0068806896854676225,0.30775638686822965
779,2.302010383812893,0.15758407392110013,-1.5132849712442793,1.9959077468205864,0.12761432924735241,-1.5064203401089062,0.3061026369923068,0.029969744673747717,-0.006864631135373056,0.30764286621028336
780,2.303285278286697,0.13544081966092297,-1.5234849932085412,1.99708669074921,0.10775365229944407,-1.516578107193738,0.3061985875374871,0.0276871673614789,-0.00690688601480316,0.30752537996216855
781,2.304334886408722,0.11327224415857759,-1.5334381969836923,1.998065927672992,0.0878498753273104,-1.5266868504077726,0.3062689587357299,0.025422368831267195,-0.006751346575919692,0.30739640954742686
782,2.3051637978345347,0.0910943199351259,-1.5433914007588434,1.9988453596690559,0.06791095957636362,-1.536755769993164,0.3063184381654789,0.023183360358762284,-0.006635630765679412,0.3072661474248684
783,2.305771930447654,0.06890924405655678,-1.5533446045339945,1.999424908794852,0.04794488034705368,-1.5467939934810255,0.30634702165280214,0.020964363709503102,-0.0065506110529689465,0.30713337937523827
784,2.30615922400315,0.04671921429734105,-1.5632978083091456,1.9998045170959504,0.02795962380486148,-1.5568105922633153,0.30635470690719946,0.01875959049247957,-0.006487216045830246,0.3069970889954282
785,2.3063256401336134,0.024526428922707923,-1.5732510120842966,1.9999841466118375,0.007963183785935567,-1.5668145981353296,0.30634149352177587,0.016563245136772355,-0.00643641394896699,0.30685644716566657
786,2.3062713485611437,0.0024089445918135596,-1.5831807649257075,1.9999637793797111,-0.012036441400328576,-1.5768150198156834,0.30630756918143254,0.014445385992142136,-0.006365745110024079,0.30671406688495045
787,2.305997442121436,-0.01970691026311994,-1.5931105177671183,1.999743417436278,-0.03203125217051633,-1.5868208594525117,0.30625402468515794,0.012324341907396393,-0.006289658314606594,0.30656643136687717
788,2.305503947821441,-0.04181895503690944,-1.6030402706085292,1.9993230828175483,-0.05201325086691355,-1.5968411291256488,0.30618086500389285,0.010194295830004113,-0.006199141482880366,0.30641324239844214
789,2.3047909143192933,-0.06392500950004269,-1.61297002344994,1.998702817556634,-0.07197444495646654,-1.606884867354864,0.30608809676265936,0.00804943545642385,-0.006085156095076094,0.30625438040239633
790,2.3038584119195122,-0.08602289401364718,-1.6228997762913508,1.997882683679544,-0.09190685022768164,-1.6169611556237677,0.3059757282399682,0.005883956214034453,-0.0059386206675831055,0.3060899123266577
791,2.3027155277322273,-0.10793794548787253,-1.633028921065563,1.9968627631989828,-0.111802493984214,-1.6270791349278113,0.3058527645332445,0.0038645484963414772,-0.005949786137751767,0.30593503928578347
792,2.301350725240875,-0.129840296492801,-1.6431580658397753,1.9956431581061487,-0.13165341823383273,-1.6372480223527806,0.30570756713472647,0.0018131217410317368,-0.005910043486994754,0.3057700649636901
793,2.299764144472412,-0.15172769987576615,-1.6532872106139875,1.994223990360534,-0.15145168287151517,-1.6474771276873965,0.30554015411187785,-0.00027601700425097797,-0.00581008292659102,0.30559551538546925
794,2.297955948207957,-0.17359791001770816,-1.6634163553881998,1.9926054018777313,-0.1711893688553761,-1.6577758700698915,0.30535054633022574,-0.0024085411623320507,-0.005640485318308297,0.30541213513762683
795,2.2959263219660904,-0.19544868306357127,-1.673545500162412,1.9907875545152398,-0.1908585813741894,-1.668153794663767,0.30513876745085056,-0.00459010168938187,-0.005391705498644983,0.3052209149503475
796,2.2937030483248377,-0.21701035665621174,-1.6841066491925576,1.9887706300562809,-0.21045145300520013,-1.6786205893521406,0.3049324182685569,-0.0065589036510116105,-0.005486059840416946,0.3050522836839384
797,2.29125218685702,-0.2385473479006968,-1.6946677982227032,1.9865548301916196,-0.22996014686099078,-1.689186101433152,0.30469735666540054,-0.008587201039706005,-0.005481696789551238,0.30486762402766093
798,2.2885740109239614,-0.26005725462924967,-1.7052289472528488,1.984140376499396,-0.24937685972413318,-1.699860354290574,0.3044336344245655,-0.010680394905116491,-0.005368592962274876,0.30466823003830545
799,2.285668819240921,-0.2815376776950148,-1.7157900962829944,1.981527510422967,-0.2686938251683646,-1.7106535640039524,0.3041413088179541,-0.012843852526650212,-0.005136532279041983,0.30445571802986077
800,2.2825369358437766,-0.3029862212396509,-1.72635124531314,1.9787164932467636,-0.2879033166650653,-1.7215761558510787,0.303820442597013,-0.01508290457458561,-0.004775089462061288,0.3042320772529117
801,2.27923391131166,-0.32404849317601375,-1.737597158029247,1.9757076060701602,-0.30699765067375967,-1.7326387806421168,0.3035263052414998,-0.017050842502254082,-0.004958377387130231,0.30404528397905795
802,2.2756942361659105,-0.34507228850520266,-1.7488430707453542,1.9725011497793674,-0.325969189715432,-1.7438523308090974,0.3031930863865431,-0.01910309878977068,-0.004990739936256761,0.30383529008507365
803,2.271918358066483,-0.3660549483642226,-1.7600889834614613,1.9690974450173422,-0.344810345427416,-1.7552279561563868,0.3028209130491408,-0.021244602936806578,-0.004861027305074428,0.3036041306048364
804,2.2679067545457348,-0.3869938190924492,-1.7713348961775683,1.9654968321517237,-0.3635135815986424,-1.7667770791568955,0.3024099223940111,-0.023480237493806788,-0.004557817020672816,0.3033543413421198
805,2.263659932948034,-0.4078862525672353,-1.7825808088936754,1.961699671240799,-0.3820714171840091,-1.7785114096548387,0.301960261707235,-0.02581483538322621,-0.004069399238836757,0.3030890387102938
806,2.2592681711742784,-0.42831222433124977,-1.7947947164642135,1.9577063419974947,-0.4004764292967199,-1.7904429588085071,0.30156182917678365,-0.027835795034529875,-0.00435175765570639,0.30287506681195464
807,2.254627262248645,-0.44868303330698056,-1.8070086240347516,1.9535172437514072,-0.41872125617732653,-1.80258405207521,0.30111001849723795,-0.029961777129654033,-0.00442457195954149,0.30262935773847055
808,2.2497378984911776,-0.46899564062433147,-1.8192225316052897,1.94913279540887,-0.43679860013833777,-1.814947341005158,0.3006051030823076,-0.0321970404859937,-0.004275190600131706,0.302354683558646
809,2.244600809285835,-0.48924701609559484,-1.8314364391758278,1.944553435411064,-0.45470123048319755,-1.8275458135709115,0.3000473738747709,-0.034545785612397295,-0.0038906256049162646,0.30205458917275513
810,2.2392167609716855,-0.5094341386674881,-1.8436503467463659,1.9397796216901726,-0.4724219863984661,-1.8403928027138892,0.29943713928151294,-0.03701215226902199,-0.003257544032476689,0.3017335105516207
811,2.2337136610547565,-0.5290997822626754,-1.8571553004087258,1.9348118316235898,-0.4899537798180512,-1.8535019927388603,0.2989018294311667,-0.039146002444624184,-0.003653307669865491,0.30147646641425185
812,2.227945487435721,-0.548689315687678,-1.8706602540710857,1.9296505619861817,-0.5072895982583422,-1.8668874231310342,0.2982949254495395,-0.04139971742933579,-0.0037728309400515414,0.30117774387473817
813,2.22191329211986,-0.5681991661837719,-1.8841652077334456,1.9242963289006125,-0.5244225076230977,-1.8805634893080148,0.2976169632192476,-0.04377665856067414,-0.0036017184254308887,0.3008408632586353
814,2.215618175264996,-0.5876257755248854,-1.8976701613958056,1.9187496677857283,-0.541345654977011,-1.894544939750472,0.29686850747926763,-0.04628012054787434,-0.0031252216453336867,0.3004705098694816
815,2.2090612849808453,-0.606965600666552,-1.9111751150581655,1.9130111333030182,-0.5580522712867794,-1.9088468688807356,0.2960501516778271,-0.04891332937977266,-0.0023282461774298824,0.30007270257346186
816,2.202404107797208,-0.6257625244186563,-1.9263398013951591,1.9070812993011486,-0.5745356741286307,-1.9234847049782011,0.2953228084960595,-0.051226850290025605,-0.002855096416958025,0.29974639778350476
817,2.195462657539238,-0.6444563367348451,-1.9415044877321528,1.9009607587585777,-0.5907892703612041,-1.9384741923347701,0.29450189878066046,-0.05366706637364105,-0.003030295397382643,0.29936717436746896
818,2.1882385304857763,-0.663042738724262,-1.9566691740691464,1.89465012372426,-0.6068065587627183,-1.9538313667637117,0.29358840676151643,-0.05623617996154373,-0.002837807305434703,0.2989393143628578
819,2.1807333879209523,-0.6815174561964841,-1.97183386040614,1.8881500252564394,-0.6225811326313736,-1.9695725234828305,0.2925833626645129,-0.05893632356511047,-0.0022613369233095426,0.2984688057203399
820,2.1729489557521524,-0.6998762406444292,-1.9869985467431337,1.8814611133595462,-0.6381066823479474,-1.9857141762998443,0.29148784239260617,-0.061769558296481786,-0.0012843704432894398,0.2979635719383745
821,2.165065021809784,-0.7177121833467573,-2.004233922378054,1.8745840569191952,-0.6533769978995605,-2.0022730069375108,0.29048096489058883,-0.06433518544719685,-0.0019609154405433316,0.2975265572006265
822,2.1568748648791667,-0.7354096011228122,-2.0214692980129745,1.8675195436353014,-0.6683859713635882,-2.019265803252276,0.2893553212438653,-0.06702362975922393,-0.0022034947606983657,0.2970244506221709
823,2.1483809178531303,-0.7529632369401363,-2.038704673647895,1.8602682799533052,-0.6831275993507646,-2.036709385028378,0.2881126378998251,-0.06983563758937172,-0.0019952886195166997,0.2964622903031429
824,2.1395857038656017,-0.7703678764768214,-2.0559400492828153,1.8528309909935323,-0.6975959854064473,-2.0546205159757753,0.28675471287206933,-0.07277189107037407,-0.0013195333070399329,0.29584751926025965
825,2.1304918355421054,-0.7876183496704259,-2.0731754249177357,1.8452084204786805,-0.711785342369123,-2.073015800533438,0.2852834150634249,-0.07583300730130282,-0.0001596243842976186,0.2951902731909605
826,2.1212651242387555,-0.8044126423605032,-2.0929113710586424,1.8374013306594494,-0.7256899946851959,-2.091911564088844,0.283863793579306,-0.07872264767530734,-0.0009998069697982892,0.29457920526782316
827,2.1117087800747334,-0.8210215783485222,-2.1126473171995492,1.8294105022383151,-0.7393043806791324,-2.1113237152817104,0.28229827783641825,-0.08171719766938979,-0.001323601917838868,0.29389074498252343
828,2.101826525197614,-0.8374386885381686,-2.132383263340456,1.8212367342914608,-0.7526230547780576,-2.1312675891780724,0.280589790906153,-0.08481563376011103,-0.001115674162383673,0.2931306316639811
829,2.091622208695541,-0.853657578548304,-2.152119209481363,1.812880844188868,-0.765640689689914,-2.1517577702945823,0.278741364506673,-0.0880168888583901,-0.0003614391867805544,0.2923078029229426
830,2.081099805098028,-0.8696719312035441,-2.1718551556222696,1.8043436675125866,-0.7783520785342984,-2.172807894737887,0.27675613758544126,-0.0913198526692457,0.0009527391156174403,0.29143469747881234
831,2.070355790395965,-0.8853407873967747,-2.194479709005486,1.7956260579731689,-0.7907521369251587,-2.1944304311165266,0.27472973242279597,-0.09458865047161602,-4.9277888959586846e-05,0.2905571219286372
832,2.0592600547171593,-0.9007625757518382,-2.2171042623887027,1.786728887324304,-0.8028359050044701,-2.216636440398034,0.27253116739285543,-0.09792667074736805,-0.00046782199066885966,0.2895912445181846
833,2.047818277398184,-0.9159294026482349,-2.2397288157719193,1.777653045275642,-0.8145985494261158,-2.2394353155356597,0.27016523212254184,-0.1013308532221191,-0.00029350023625962507,0.28854337733681956
834,2.036036314896533,-0.9308335049671262,-2.262353369155136,1.7683994394038254,-0.8260353652891601,-2.262834502486271,0.26763687549270765,-0.10479813967796614,0.0004811333311351973,0.2874236919475218
835,2.0239201977930055,-0.9454672540648761,-2.2849779225383524,1.7589689950617298,-0.8371417780197469,-2.2868392051869093,0.2649512027312757,-0.10832547604512921,0.0018612826485568945,0.28624641999901285
836,2.0114169890676017,-0.9598913840360265,-2.3107185746486847,1.7493626552859305,-0.8479133452008673,-2.311452078146046,0.2620543337816712,-0.11197803883515922,0.000733503497361454,0.28497735535039376
837,1.9985466767971332,-0.9739889304862522,-2.336459226759017,1.739581380702398,-0.8583457583492696,-2.3366729115189178,0.25896529609473506,-0.11564317213698261,0.00021368475990080071,0.2836131405709443
838,1.9853177881373325,-0.9877505531624574,-2.3621998788693492,1.7296261494304437,-0.868434844638788,-2.3624983148415106,0.2556916387068888,-0.11931570852366946,0.0002984359721613927,0.28216048885191014
839,1.9717390878167782,-1.001167134376024,-2.3879405309796815,1.7194979569848965,-0.8781765685694278,-2.3889214069446996,0.2522411308318817,-0.12299056580659617,0.0009808759650180576,0.2806300580451636
840,1.9578195723298717,-1.0142297850436879,-2.413681183090014,1.709197816176561,-0.8875670335815046,-2.4159315208889622,0.2486217561533106,-0.1266627514621833,0.002250337798948454,0.2790363672730428
841,1.9432660118665093,-1.0271993848138108,-2.442423143903179,1.6987267570109346,-0.8966024836142181,-2.443513933963093,0.2445392548555747,-0.13059690119959266,0.0010907900599139708,0.2772294854289685
842,1.9283457419337402,-1.039745387583268,-2.471165104716344,1.6880858265852081,-0.9052793046080264,-2.471649633771164,0.24025991534853208,-0.13446608297524165,0.0004845290548201042,0.27532923775435353
843,1.9130710873227075,-1.0518574298087384,-2.4999070655295093,1.6772760889835565,-0.9135940259502211,-2.5003151320731636,0.23579499833915096,-0.13826340385851732,0.0004080665436543285,0.27334267249481503
844,1.8974546655616935,-1.0635255064171625,-2.5286490263426744,1.666298625170732,-0.921543321863127,-2.52948233822374,0.2311560403909616,-0.14198218455403544,0.0008333118810655016,0.271279837342651
845,1.8815093764934943,-1.0747399790703676,-2.5573909871558396,1.655154532883968,-0.9291240127343685,-2.559118503655017,0.22635484360952618,-0.14561596633599905,0.0017275164991774616,0.2691533191151742
846,1.8646439438198237,-1.0858912391335487,-2.5884833038945136,1.6438449265232045,-0.9363330663886721,-2.5891862477784504,0.22079901729661922,-0.1495581727448766,0.0007029438839367685,0.2666839837786346
847,1.8474400000188762,-1.0965128086014122,-2.6195756206331877,1.6323709370396566,-0.9431675993006936,-2.619643673878287,0.21506906297921957,-0.1533452093007186,6.805324509917554e-05,0.26413909157389953
848,1.8299141753565902,-1.1065944200883528,-2.650667937371862,1.6207337118227096,-0.949624877748395,-2.6504445810272683,0.20918046353388053,-0.15696954233995786,-0.00022335634459347276,0.2615262002834928
849,1.8120834112464166,-1.1161263281614597,-2.681760254110536,1.6089344145851874,-0.9557023189064935,-2.6815387748284367,0.2031489966612292,-0.16042400925496625,-0.00022147928209914625,0.25885406437406777
850,1.79396494387283,-1.1250993187609806,-2.71285257084921,1.5969742252469805,-0.9613974918795568,-2.712872476001037,0.1969907186258495,-0.16370182688142376,1.9905151827259715e-05,0.25613205919068255
851,1.7747141428946172,-1.1338988018193141,-2.7450413885173766,1.5848543398170567,-0.9667081186743309,-2.7443888216776147,0.18985980307756045,-0.1671906831449832,-0.0006525668397618922,0.25298200568146456
852,1.7551901180794696,-1.142074173090037,-2.777230206185543,1.5725759702738584,-0.9716320751109048,-2.7760284500182753,0.18261414780561114,-0.17044209797913223,-0.00120175616726792,0.24979967966389244
853,1.7354130969130455,-1.1496169626389687,-2.80941902385371,1.5601403444441087,-0.976167391672356,-2.807730154671101,0.1752727524689368,-0.17344957096661273,-0.0016888691826086877,0.24659307310963782
854,1.7154035689929452,-1.156519355905901,-2.8416078415218764,1.5475487058800246,-0.9803122542925307,-2.8394315920225517,0.16785486311292064,-0.1762071016133704,-0.0021762494993247117,0.24336995252398205
855,1.6951822648008632,-1.1627742018007212,-2.873796659190043,1.5348023137349744,-0.9840650050816433,-2.8710700213760587,0.16037995106588876,-0.17870919671907792,-0.0027266378139843006,0.2401377526538541
856,1.6738353062004938,-1.168631524542174,-2.9054419196381502,1.5219024426375487,-0.9874241429894152,-2.9025830564067965,0.1519328635629451,-0.18120738155275873,-0.0028588632313537587,0.23649076780842662
857,1.6523137098020488,-1.173810497379124,-2.9370871800862575,1.5088503825641069,-0.9903883244054711,-2.9339094056196564,0.14346332723794197,-0.18342217297365282,-0.0031777744666010577,0.232885203589919
858,1.6306390260180752,-1.1783059344043953,-2.9687324405343647,1.4956474387097796,-0.9929563636967662,-2.9649895801409523,0.13499158730829564,-0.18534957070762914,-0.0037428603934124283,0.22932771531029605
859,1.6088329585534804,-1.1821133341618377,-3.000377700982472,1.4822949313579503,-0.9951272336818244,-2.9957665489487293,0.1265380271955301,-0.1869861004800133,-0.004611152033742627,0.2258250137215464
860,1.5869173426727676,-1.1852288841538097,-3.032022961430579,1.4687941957482267,-0.9969000660415961,-3.0261863244390357,0.11812314692454096,-0.18832881811221358,-0.005836636991543465,0.22238454960331883
861,1.564156740033734,-1.1877327846142405,-3.061568416433939,1.4551465819429195,-0.9982741516667748,-3.0561984648014353,0.10901015809081449,-0.18945863294746568,-0.0053699516325038665,0.21864726054959466
862,1.5413321028072582,-1.1895632177562883,-3.091113871437299,1.4413534546920337,-0.9992489409414315,-3.085756483749059,0.0999786481152245,-0.1903142768148568,-0.005357387688240234,0.2150440783684869
863,1.5184633539438415,-1.1907185858490221,-3.1206593264406592,1.4274161932968048,-0.999824043962853,-3.1148181624090387,0.09104716064703666,-0.19089454188616917,-0.005841164031620494,0.21157606381881197
864,1.4955704548977278,-1.1911978804058188,3.132980525735567,1.413336191471756,-0.999999230697499,3.139839544846084,0.08223426342597184,-0.1911986497083198,-0.006859019110517117,0.20824611370840837
865,1.4726733882031409,-1.191000683064641,3.103435070732207,1.399114857205336,-0.999774431073011,3.111879164795771,0.07355853099780485,-0.1912262519916299,-0.008444094063563945,0.2050600879202866
866,1.449364459190018,-1.1901108387611379,3.0770294632702853,1.3847536126191209,-0.9991497350062423,3.084514521703087,0.06461084657089722,-0.1909611037548956,-0.007485058432801672,0.20173430729957284
867,1.4260871500001906,-1.1886058897572032,3.0506238558083636,1.3702538938256013,-0.9981253923672896,3.057769563448156,0.05583325617458934,-0.19048049738991357,-0.007145707639792498,0.19862334585501165
868,1.4028576899365777,-1.1864868853267483,3.024218248346442,1.3556171507845733,-0.9967018128795511,3.0316637948036833,0.047240539152004324,-0.18978507244719722,-0.007445546457241381,0.19571785412988485
869,1.379692274940942,-1.1837553028727028,2.9978126408845203,1.3408448471581444,-0.9948795659558413,3.006212463340424,0.03884742778279748,-0.18887573691686155,-0.00839982245590365,0.1930122370693575
870,1.3566070563018258,-1.180413046896946,2.9714070334225986,1.325938460164364,-0.9926593804706327,2.9814267933001624,0.030668596137461757,-0.1877536664263133,-0.01001975987756376,0.19050563675012375
871,1.3334814744806769,-1.1764389638101949,2.9485390744566478,1.3108994804295147,-0.9900421444685181,2.957314255765872,0.022581994051162235,-0.18639681934167673,-0.008775181309224056,0.18796468956437046
872,1.3104528103313045,-1.1719371310231557,2.925671115490697,1.295729411839035,-0.987028904809002,2.9338788640941087,0.014723398492269446,-0.1849082262141537,-0.00820774860341178,0.18567497871809116
873,1.2875331060202326,-1.1669099026376442,2.902803156524746,1.2804297713871424,-0.9836208667477723,2.9111214845518916,0.007103334633090208,-0.1832890358898719,-0.008318328027145494,0.18361514812649743
874,1.2647343467366245,-1.1613599074957408,2.8799351975587952,1.2650020890251326,-0.9798193934546138,2.8890401533006966,-0.0002677422885080105,-0.18154051404112703,-0.0091049557419014,0.18176889212214414
875,1.2420684544249776,-1.155290047805115,2.8570672385928444,1.2494479075083849,-0.9756260054681576,2.867630392188506,-0.007379453083407261,-0.17966404233695732,-0.010563153595661401,0.18012552470583323
876,1.2195346128350155,-1.1486997925242743,2.8376470344961895,1.2337687822420895,-0.9710423800876875,2.8468855171578986,-0.014234169407074004,-0.17765741243658684,-0.009238482661709124,0.17846601170604864
877,1.1971329964247772,-1.1416731956469308,2.818226830399534,1.217966281125707,-0.9660703507022413,2.826796934384504,-0.02083328470092982,-0.17560284494468947,-0.008570103984969712,0.17704189217925753
878,1.1748720535712844,-1.1342129071309495,2.798806626302879,1.2020419843961807,-0.9607119060572806,2.807354420475193,-0.02716993082489627,-0.17350100107366884,-0.008547794172314216,0.17582339804419414
879,1.1527601795989926,-1.1263217404933963,2.7793864222062235,1.1859974844699102,-0.9549691894592174,2.7885463841460103,-0.03323730487091758,-0.1713525510341789,-0.009159961939786854,0.17478649857395037
880,1.1308057136136407,-1.1180026717494693,2.759966218109568,1.1698343857835234,-0.9488444979181241,2.7703601077480107,-0.039028672169882705,-0.16915817383134524,-0.010393889638442566,0.17391307589458566
881,1.108960718453724,-1.1092362784551375,2.743650322877954,1.153554304633417,-0.9423402812289547,2.7527819678085708,-0.04459358617969289,-0.16689599722618276,-0.009131644930616911,0.17299204824970008
882,1.087261656098915,-1.1001146471399728,2.7273344276463396,1.1371588690141392,-0.9354591409916634,2.735797634409647,-0.0498972129152242,-0.16465550614830937,-0.008463206763307252,0.17225792704657064
883,1.0657143028945475,-1.0906402060053242,2.7110185324147253,1.1206497184555895,-0.9282038295705979,2.7193922497417313,-0.05493541556104198,-0.1624363764347263,-0.00837371732700598,0.17167875644348393
884,1.0443243948005956,-1.0808154771714082,2.694702637183111,1.1040285038590658,-0.9205772489935901,2.703550586566602,-0.059704109058470234,-0.1602382281778182,-0.00884794938349076,0.17122837561667473
885,1.0230976258647464,-1.0706430760059136,2.678386741951497,1.0872968873321767,-0.9125824497911844,2.688257187608608,-0.06419926146743027,-0.15806062621472916,-0.009870445657111038,0.1708863143432668
886,1.0018481143888474,-1.060030049994699,2.664753889272911,1.0704565420226324,-0.9042226297764663,2.6734964870893,-0.06860842763378505,-0.1558074202182328,-0.008742597816389086,0.17046847671643114
887,0.9807452588812302,-1.049128327722337,2.651121036594325,1.0535091519509268,-0.8955011327659768,2.6592529157394935,-0.07276389306969655,-0.15362719495636035,-0.00813187914516833,0.1701823334639921
888,0.9597929813454428,-1.0379399352934662,2.6374881839157394,1.0364564118419504,-0.8864214472422383,2.6455109906809953,-0.07666343049650759,-0.15151848805122792,-0.008022806765255908,0.16999852712660654
889,0.9389951757998467,-1.0264669520908876,2.6238553312371535,1.0193000269555008,-0.8769872049583982,2.632255391580335,-0.08030485115565411,-0.14947974713248935,-0.008400060343181526,0.1698929808311509
890,0.9183557075539072,-1.0147115103891085,2.6102224785585677,1.0020417129157693,-0.8672021794855813,2.619471024450662,-0.0836860053618621,-0.14750933090352714,-0.009248545892094118,0.16984665377377928
891,0.8975383697702127,-1.0024759317732557,2.5988668985144385,0.9846831955397783,-0.8570702847035119,2.607143074424953,-0.08714482576956561,-0.1454056470697438,-0.00827617591051455,0.1697218841100953
892,0.876861313267902,-0.9900047541678569,2.5875113184703094,0.9672262106648,-0.8465955732350124,2.5952570487522775,-0.09036489739689801,-0.1434091809328445,-0.007745730281968122,0.16968206798298469
893,0.8563272043081795,-0.9772995857039837,2.57615573842618,0.9496725039747743,-0.8357822348250097,2.5837988111854746,-0.09334529966659477,-0.141517350878974,-0.007643072759294434,0.16970245175262758
894,0.8359386907194772,-0.9643620646853166,2.564800158382051,0.9320238308257422,-0.8246345946646914,2.572754608838554,-0.09608514010626501,-0.13972747002062524,-0.007954450456503004,0.16976275595568735
895,0.8156984015560221,-0.95119385937689,2.553444578337922,0.9142819560703085,-0.8131571116614865,2.562111092499413,-0.09858355451428635,-0.13803674771540353,-0.008666514161491001,0.16984689990761845
896,0.7951542782391181,-0.9374934598966499,2.5440129112411536,0.8964486538811698,-0.8013543766555692,2.5518553312912466,-0.10129437564205168,-0.1361390832410807,-0.007842420050093057,0.16987025659213292
897,0.7747402843717044,-0.9235999073214617,2.5345812441443853,0.8785257075736812,-0.7892311105835723,2.5419748224863588,-0.10378542320197681,-0.13436879673788937,-0.007393578341973406,0.1699442632356284
898,0.7544582358945847,-0.909514437561809,2.525149577047617,0.8605149094275374,-0.7767921625902832,2.532457497190761,-0.10605667353295267,-0.1327222749715259,-0.007307920143143853,0.17004889288469713
899,0.7343099370112703,-0.8952383036002999,2.515717909950849,0.8424180605075443,-0.7640425080890486,2.523291722537723,-0.10810812349627397,-0.13119579551125127,-0.0075738125868740624,0.1701677577063786
900,0.7142971800274858,-0.880772775380207,2.5062862428540806,0.8242369704835132,-0.750987246771676,2.5144663009541306,-0.10993979045602742,-0.129785528608531,-0.008180058100049958,0.17028785720723374
901,0.6939026382116342,-0.8657364157605613,2.4984856788895273,0.8059734574492955,-0.7376316005686248,2.505970466995288,-0.11207081923766127,-0.1281048151919365,-0.007484788105760476,0.1703723400465841
902,0.6736260077798126,-0.8505414262962293,2.490685114924974,0.7876293477409753,-0.7239809115603028,2.4977938821817167,-0.11400333996116263,-0.12656051473592655,-0.0071087672567426985,0.1704841927699857
903,0.6534685225343573,-0.8351887315793699,2.4828845509604207,0.7692064757542365,-0.710040639840307,2.489926628215464,-0.11573795321987923,-0.12514809173906294,-0.007042077255043466,0.17060747209170488
904,0.6334314090277998,-0.8196792657982682,2.4750839869958674,0.7507066837609222,-0.6958163613314545,2.482359198903139,-0.11727527473312238,-0.1238629044668137,-0.00727521190727165,0.17072913598732953
905,0.6135158864882334,-0.8040139726804917,2.467283423031314,0.732131821724822,-0.6813137655554999,2.475082491068045,-0.11861593523658864,-0.12270020712499174,-0.007799068036730805,0.1708388316010386
906,0.5931880394767661,-0.7877660823639183,2.460877856362043,0.7134837471166572,-0.6665386533573856,2.4680877946939646,-0.12029570763989106,-0.12122742900653272,-0.007209938331921517,0.17093604076047328
907,0.5729646857356325,-0.7713883148932892,2.454472289692772,0.6947643247283485,-0.6514969345849919,2.4613667825080277,-0.12179963899271595,-0.11989138030829727,-0.006894492815255671,0.17104569319969537
908,0.5528466550521733,-0.7548813422671408,2.448066723023501,0.6759754264865352,-0.6361946257252741,2.454911499179146,-0.12312877143436185,-0.11868671654186669,-0.00684477615564516,0.17115514014789512
909,0.5328347728922036,-0.7382458417854448,2.44166115635423,0.6571189312653843,-0.6206378474977482,2.448714350281457,-0.12428415837318074,-0.11760799428769664,-0.0070531939272271416,0.1712540215220648
910,0.5129298603661432,-0.7214824960218181,2.435255589684959,0.6381967246987043,-0.6048328224062841,2.4427680911485643,-0.12526686433256107,-0.11664967361553402,-0.007512501463605492,0.1713340927327762
911,0.4926211825875498,-0.704155547424253,2.430057971646658,0.619210698991383,-0.5887858722501876,2.4370658157238534,-0.12658951640383326,-0.11536967517406538,-0.0070078440771954575,0.17141813641425463
912,0.47240283758525903,-0.6867232765972567,2.424860353608357,0.6001627527301665,-0.5725034155955617,2.431600945494345,-0.12775991514490748,-0.11421986100169501,-0.006740591885987968,0.17150570877977775
913,0.45227537156134795,-0.6691861544766321,2.419662735570056,0.5810547906938144,-0.5559919652079778,2.426367218580206,-0.12877941913246643,-0.11319418926865432,-0.006704483010149698,0.17158675172843849
914,0.4322393282627822,-0.6515446548307574,2.4144651175317553,0.5618887236626036,-0.5392581254474379,2.4213586790388097,-0.12964939539982134,-0.11228652938331951,-0.0068935615070544465,0.17165299763983685
915,0.4122952489667268,-0.6337992542477879,2.4092674994934544,0.5426664682272655,-0.5223085896267315,2.4165696664309295,-0.13037121926053868,-0.11149066462105639,-0.007302166937475096,0.1716978297798405
916,0.3919855458207128,-0.6155385242322029,2.4051318878873245,0.5233899465973252,-0.5051501373341961,2.4119948056869718,-0.13140440077661236,-0.11038838689800679,-0.006862917799647317,0.17175509350854581
917,0.3717515354274729,-0.5971939575709935,2.4009962762811945,0.504061086408882,-0.48778963172197237,2.4076289973029317,-0.13230955098140912,-0.1094043258490211,-0.006632721021737176,0.17181128246868155
918,0.35159356385452706,-0.578765868016034,2.3968606646750645,0.48468182053184755,-0.470234016760835,2.4034674078887996,-0.1330882566773205,-0.10853185125519904,-0.006606743213735111,0.17185835987283607
919,0.3315119758688836,-0.5602545707477128,2.3927250530689346,0.46525408687666003,-0.4524903144626965,2.3995054610862865,-0.13374211100777644,-0.10776425628501629,-0.006780408017351913,0.1718896771838287
920,0.3115071149311426,-0.541660382369541,2.3885894414628046,0.44577982820049183,-0.43456562207189353,2.395738828867818,-0.13427271326934925,-0.10709476029764742,-0.007149387405013474,0.17189986315349526
921,0.29119623420413165,-0.522624581542263,2.385404048766574,0.426260991912989,-0.416467109226396,2.3921634232246705,-0.13506475770885734,-0.10615747231586697,-0.006759374458096268,0.17192320043121337
922,0.27094609291988925,-0.5035241792687274,2.3822186560703438,0.40669952988151115,-0.3982020150900286,2.388775388248735,-0.1357534369616219,-0.10532216417869877,-0.006556732178391034,0.17194401603730494
923,0.25075689655088945,-0.48435936935533075,2.3790332633741134,0.38709739823596034,-0.3797776454569147,2.385571092609647,-0.1363405016850709,-0.10458172389841602,-0.00653782923553381,0.17195584486842644
924,0.23062884995121546,-0.4651303462619957,2.375847870677883,0.367456557173166,-0.3612013698292525,2.382547122426782,-0.13682770722195053,-0.10392897643274318,-0.006699251748898849,0.1719532889478088
925,0.21056215735448103,-0.44583730510019787,2.3726624779816525,0.3477789707608671,-0.3424806184696126,2.379700274533819,-0.13721681340638608,-0.10335668663058528,-0.007037796552166409,0.17193193168508772
926,0.19026436574465244,-0.42619726861670093,2.3703440798703967,0.328066606741307,-0.3236228794289322,2.377027550132213,-0.13780224099665456,-0.10257438918776873,-0.006683470261816371,0.17191751427846
927,0.1700121620675061,-0.40651022659590713,2.368025681759141,0.30832143633446063,-0.3046356955513944,2.3745261488288225,-0.13830927426695452,-0.10187453104451272,-0.006500467069681548,0.17190151685169927
928,0.14980565517797648,-0.38677628485502547,2.365707283647885,0.28854543404091454,-0.2855266614573912,2.3721934630521706,-0.13873977886293806,-0.10124962339763427,-0.006486179404285419,0.17187868687060737
929,0.12964495368537923,-0.3669955494633494,2.3633888855366294,0.2687405774444146,-0.26630342050577305,2.370027072841291,-0.13909562375903536,-0.10069212895757634,-0.006638187304661702,0.17184458942200093
930,0.10953016595282755,-0.3471681267416867,2.3610704874253736,0.2489088470141234,-0.2469736617366209,2.3680247410007484,-0.13937868106129586,-0.10019446500506579,-0.006954253575374825,0.17179554474673783
931,0.08927012578512478,-0.3271047052198364,2.3595601851486827,0.22905222590655416,-0.22754511679571235,2.366184408615277,-0.1397821001214294,-0.09955958842412407,-0.006624223466594081,0.1717411642503732
932,0.06904041054380763,-0.30701070780728573,2.358049882871992,0.20917269976727051,-0.20802555684197999,2.36450419091746,-0.14013228922346288,-0.09898515096530575,-0.006454308045467982,0.1716880213846569
933,0.048841066373110135,-0.2868861803386945,2.356539580595301,0.1892722565323201,-0.1884227894391479,2.3629823735019793,-0.14043119015920996,-0.09846339089954662,-0.006442792906678374,0.1716317805577028
934,0.02867213934798949,-0.26673116871836217,2.35502927831861,0.16935288622944283,-0.16874465543281053,2.361617408880159,-0.14068074688145335,-0.09798651328555164,-0.006588130561548944,0.17156874072300918
935,0.008533675474021028,-0.24654571892012284,2.353518976041919,0.14941658077906955,-0.1489990258141988,2.3604079133688436,-0.14088290530504852,-0.09754669310592404,-0.006888937326924527,0.1714957952854439
936,-0.011656319443460197,-0.22624739667867327,2.352779189518277,0.12946533379513178,-0.12919379857188856,2.3593526643079974,-0.141121653238592,-0.09705359810678471,-0.006573474789720368,0.1713999197464158
937,-0.03183129241223301,-0.20593414370690802,2.352039402994635,0.10950114038569836,-0.10933689553270708,2.3584505976018466,-0.14133243279793137,-0.09659724817420094,-0.006411194607211623,0.1713096270841236
938,-0.051991232390855985,-0.18560597112194693,2.351299616470993,0.08952599695348055,-0.08943625919312186,2.3577008055788626,-0.14151722934433653,-0.09616971192882508,-0.006401189107869687,0.17122124551516804
939,-0.07213612834611499,-0.16526289004907518,2.350559829947351,0.06954190099617216,-0.06949984954232696,2.357102535166389,-0.14167802934228715,-0.09576304050674822,-0.006542705219037881,0.17113161869448412
940,-0.09226596925302928,-0.14490491162173708,2.349820043423709,0.04955085090671553,-0.04953564087836742,2.3566551863762744,-0.1418168201597448,-0.09536927074336965,-0.006835142952565487,0.1710380877510198
941,-0.11234783942532403,-0.12456537384617092,2.3498326013700157,0.029554845773460472,-0.029551618618522946,2.356358311098441,-0.14190268519878452,-0.09501375522764798,-0.006525709728425255,0.17089929969588644
942,-0.1324299650188586,-0.1042260882592559,2.3498451593163225,0.009555885180257023,-0.009555776105247387,2.3562116121999095,-0.1419858501991156,-0.09467031215400852,-0.006366452883586948,0.17077172301766486
943,-0.15251234603046596,-0.08388705486419959,2.3498577172626294,-0.010444030993501241,0.010443888591061618,2.3562149429274206,-0.1420683150369647,-0.0943309434552612,-0.006357225664791244,0.1706521237745227
944,-0.1725949824569791,-0.06354827366420948,2.349870275208936,-0.030442902772863486,0.030439375871184192,2.3563683066123997,-0.1421520796841156,-0.09398764953539368,-0.0064980314034635,0.17053772730931868
945,-0.19267787429523098,-0.04320974466249304,2.349882833155243,-0.050438730287320994,0.05042268780681477,2.3566718566776563,-0.14223914400791,-0.0936324324693078,-0.0067890235224132844,0.17042622256745094
946,-0.2126089440748485,-0.02302547727049935,2.3506480586677205,-0.07042951397077836,0.07038583133961263,2.3571258969458246,-0.14217943010407014,-0.09341130861011197,-0.006477838278104109,0.17024284216885308
947,-0.23255545353379883,-0.0028564675497547917,2.351413284180198,-0.09041325476152971,0.09032082147833986,2.3577308822501957,-0.14214219877226913,-0.09317728902809466,-0.006317598069997654,0.17007740563582924
948,-0.25251739099200327,0.017297272689372475,2.3521785096926755,-0.11038795430214902,0.11021968449273731,2.3584874193492102,-0.14212943668985423,-0.09292241180336483,-0.006308909656534745,0.16992690702235394
949,-0.27249474476034896,0.03743573164545563,2.352943735205153,-0.1303516151393278,0.1300744611029139,2.359396268146511,-0.14214312962102116,-0.09263872945745827,-0.006452532941358058,0.16978880609542515
950,-0.29248750314069577,0.057558897526016145,2.3537089607176305,-0.1503022409236186,0.14987720966295232,2.3604583432190505,-0.14218526221707717,-0.09231831213693617,-0.006749382501419987,0.16966105537719092
951,-0.31222121254903085,0.0773909490017325,2.3552456983462005,-0.17023783660906852,0.16962000933746174,2.3616747156563527,-0.14198337593996233,-0.09222906033572924,-0.0064290173101522186,0.1694308439372669
952,-0.33198537530393507,0.09719265153827544,2.3567824359747704,-0.1901564086527219,0.18929496326980613,2.3630466152146,-0.14182896665121317,-0.09210231173153069,-0.0062641792398294704,0.16922627322372757
953,-0.3517799447311113,0.11696395837269524,2.3583191736033404,-0.21005596521397318,0.2088942017407418,2.364575432789753,-0.1417239795171381,-0.09193024336804656,-0.006256259186412372,0.16904436339283843
954,-0.3716048740844551,0.1367048228138235,2.3598559112319104,-0.22993451635375262,0.22840988531620351,2.366262723214435,-0.14167035773070247,-0.09170506250238,-0.006406811982524463,0.1688826692940695
955,-0.39146011654616514,0.15641519824238348,2.3613926488604804,-0.24979007423350463,0.2478342079829598,2.3681102083837824,-0.1416700423126605,-0.09141900974057632,-0.006717559523301997,0.16873933103093575
956,-0.41094636565588905,0.1756999079412457,2.363739230850972,-0.269620653313991,0.267159400270935,2.3701197807158785,-0.14132571234189806,-0.09145949232968928,-0.006380549864906548,0.1684592150127976
957,-0.43047781422657877,0.1949388385057576,2.3660858128414635,-0.2894242705538291,0.28637773236087966,2.3722935069527646,-0.1410535436727497,-0.09143889385512205,-0.006207694111301176,0.16821328413139094
958,-0.45005435470939653,0.21413188399781552,2.368432394831955,-0.30919894560779787,0.30548151717619876,2.3746336323082975,-0.14085540910159866,-0.09134963317838324,-0.0062012374763424916,0.16799838422211652
959,-0.46967587930720844,0.23327893873197947,2.3707789768224465,-0.32894270102487083,0.3244631134576801,2.3771425849693415,-0.1407331782823376,-0.09118417472570062,-0.006363608146894961,0.16781202787196914
960,-0.48934227997517804,0.25237989727605503,2.373125558812938,-0.3486535624459593,0.3433149288198954,2.379822980956867,-0.14068871752921874,-0.09093503154384036,-0.006697422143929099,0.1676524699050674
961,-0.5085274639868619,0.2709261860823376,2.3763417576449517,-0.3683295588013468,0.36202942278805417,2.3826776293535232,-0.14019790518551506,-0.09110323670571657,-0.006335871708571528,0.16731824654523478
962,-0.5277721972230474,0.2894106757078661,2.3795579564769653,-0.38796872250779796,0.38059910981409556,2.3857095379040607,-0.1398034747152494,-0.09118843410622945,-0.006151581427095376,0.1670274947763323
963,-0.5470762806176377,0.30783317495044754,2.382774155308979,-0.40756908966530103,0.3990165622707952,2.388921918994649,-0.13950719095233666,-0.09118338732034764,-0.00614776368567016,0.16677668137050547
964,-0.5664395144906226,0.3261934932491128,2.3859903541409926,-0.4271287002534774,0.4172744134227364,2.39231819601659,-0.1393108142371452,-0.09108092017362363,-0.006327841875597429,0.16656313687575935
965,-0.5858616985501435,0.34449144068608784,2.389206552973006,-0.4466455983275678,0.4353653603728932,2.3959020101191086,-0.1392161002225757,-0.09087391968680536,-0.006695457146102424,0.16638515855334418
966,-0.6046884516736859,0.36211447387396406,2.3933766071906377,-0.4661178322140288,0.45328216698369495,2.3996772273548608,-0.1385706194596571,-0.09116769310973089,-0.006300620164223059,0.16599115235107256
967,-0.6235885298958304,0.37965884548176526,2.397546661408269,-0.4855434547056987,0.47101766677138485,2.4036479462203655,-0.13804507519013165,-0.09135882128961959,-0.006101284812096264,0.16565054388089423
968,-0.6425616045569367,0.39712425042467697,2.4017167156259007,-0.5049205232565162,0.48856476577251795,2.407818505591774,-0.13764108130042052,-0.09144051534784098,-0.006101789965873294,0.16535920581998254
969,-0.6616073457280058,0.41451038499106174,2.4058867698435322,-0.5242471001757738,0.5059164453814522,2.4121934930541324,-0.13736024555223203,-0.09140606039039045,-0.006306723210600218,0.1651141414050181
970,-0.6807254222164171,0.43181694684774075,2.4100568240611637,-0.5435212528218883,0.5230657651576994,2.416777753619516,-0.13720416939452873,-0.09124881830995868,-0.006720929558352129,0.16491361931731022
971,-0.6991320572945375,0.4483403471623443,2.415293639095967,-0.5627410537956501,0.5400058656019979,2.4215763988259873,-0.13639100349888744,-0.09166551843965365,-0.006282759730020349,0.16445226108530456
972,-0.7176249695750132,0.4647671292039484,2.42053045413077,-0.5819045811329816,0.5567299709000376,2.4265948162052435,-0.1357203884420316,-0.0919628416960892,-0.006064362074473362,0.16405476091551327
973,-0.7362036519050917,0.48109684248170576,2.4257672691655734,-0.6010099184971187,0.5732313916326847,2.431838679101828,-0.13519373340797303,-0.0921345491509789,-0.006071409936254657,0.1637161651110063
974,-0.7548675947798484,0.4973290391667991,2.4310040842003766,-0.620055155370246,0.589503527451662,2.4373139568209106,-0.1348124394096024,-0.09217448828486291,-0.006309872620533952,0.16343299728828145
975,-0.7736162863561591,0.5134632741047227,2.43624089923518,-0.6390383872445473,0.605539869719601,2.4430269250746033,-0.13457789911161178,-0.09207659561487835,-0.0067860258394234485,0.1632034329786427
976,-0.7915358955067403,0.5287214351185593,2.4426914795032846,-0.6579577158126543,0.6213340041134094,2.4489841766885143,-0.13357817969408603,-0.09261256899485015,-0.006292697185229734,0.1626647351581664
977,-0.8095535551510679,0.543863687611994,2.4491420597713893,-0.6768112491574763,0.6368796131899154,2.455192632520491,-0.1327423059935916,-0.09301592557792138,-0.00605057274910159,0.1622007757139462
978,-0.8276685155771795,0.5588894015183004,2.455592640039494,-0.69559710194139,0.6521704789127604,2.4616595525321086,-0.13207141363578945,-0.09328107739446001,-0.006066912492614485,0.1618055163670883
979,-0.8458800230244429,0.5737979516199041,2.462043220307599,-0.7143133955947752,0.6672004851395333,2.4683925469401653,-0.13156662742966763,-0.09340253351962924,-0.006349326632566488,0.16147484221942887
980,-0.8641873197149195,0.5885887175743983,2.4684938005757036,-0.7329582585038568,0.6819636200681355,2.4753995873599552,-0.1312290612110627,-0.09337490249373714,-0.0069057867842516885,0.16120678897974894
981,-0.8815464983626103,0.602429373057828,2.476345788663674,-0.7515298261978846,0.6964539786414377,2.4826890178342347,-0.1300166721647258,-0.0940246055836097,-0.006343229170560516,0.1605777009807196
982,-0.8990138174293762,0.6161332992161678,2.4841977767516448,-0.7700262415355653,0.7106657649092125,2.490269565621063,-0.12898757589381094,-0.09453246569304474,-0.006071788869418171,0.16003452260385292
983,-0.916588199995605,0.6296996511557744,2.4920497648396154,-0.7884456548907789,0.7245932943464408,2.4981503515899917,-0.12814254510482614,-0.0948936431906664,-0.00610058675037628,0.15956983594225688
984,-0.9342685625408556,0.643127592464923,2.499901752927586,-0.8067862243375392,0.7382309961270456,2.5063409000487984,-0.12748233820331634,-0.09510340366212255,-0.006439147121212407,0.15917872520394794
985,-0.9520538150106607,0.6564162952653745,2.5077537410155566,-0.8250461158341854,0.7515734153521484,2.514851147791886,-0.12700769917647525,-0.0951571200867739,-0.007097406776329418,0.15885907697157073
986,-0.9687710155924582,0.6687036211166656,2.517242472110877,-0.8432235034067843,0.7646152152319554,2.523691452126122,-0.12554751218567384,-0.09591159411528982,-0.006448980015244743,0.15812274044230654
987,-0.9856040529861422,0.6808317711804921,2.5267312032061975,-0.8613165693317297,0.7773511792204058,2.5328725975898596,-0.12428748365441245,-0.09651940803991366,-0.006141394383662124,0.15748362278820252
988,-1.0025514116234295,0.692799653494712,2.536219934301518,-0.8793235043175001,0.7897762131017095,2.542405801035813,-0.12322790730592947,-0.09697655960699758,-0.006185866734294887,0.1569325817013878
989,-1.019611565643085,0.704606190526945,2.5457086653968384,-0.8972425076856059,0.8018853470279821,2.5523027146979134,-0.12236905795747921,-0.09727915650103713,-0.006594049301074989,0.15646374059551046
990,-1.0367829790283025,0.7162503192715883,2.555197396492159,-0.9150717875506427,0.8136737375071053,2.5625754268059584,-0.12171119147765985,-0.09742341823551692,-0.007378030313799577,0.15607489190422455
991,-1.0527666604827028,0.7268690369235412,2.566611832248527,-0.9328095609994818,0.8251366693400644,2.5732364592495207,-0.11995709948322109,-0.09826763241652314,-0.006624627000993755,0.15520991907761117
992,-1.0688705047352065,0.7373046220867577,2.578026268004895,-0.9504540542695596,0.836269557506963,2.584298761724097,-0.11841645046564686,-0.09896493542020524,-0.006272493719202021,0.15445341809447216
993,-1.0850924136492963,0.7475557151304586,2.5894407037612632,-0.9680035029262528,0.8470679490009707,2.5957757017178724,-0.1170889107230435,-0.09951223387051211,-0.00633499795660919,0.15379411530783157
994,-1.1014302737060548,0.7576209804609609,2.6008551395176314,-0.9854561520393205,0.8575275246094671,2.6076810496170584,-0.11597412166673438,-0.0999065441485062,-0.006825910099427013,0.15322502246289077
995,-1.1178819562795306,0.7674991066956895,2.6122695752739995,-1.0028102563583978,0.8676441006416691,2.620028958122165,-0.11507169992113275,-0.10014499394597953,-0.007759382848165686,0.152743981738607
996,-1.132998568328417,0.7763424466585112,2.6259491554594985,-1.0200640804875087,0.8774136306020465,2.632833935077795,-0.1129344878409082,-0.10107118394353531,-0.006884779618296477,0.15171348970354845
997,-1.1482347354118387,0.7849781767458073,2.6396287356449974,-1.0372158990586215,0.8868322068088755,2.646110808726245,-0.11101883635321719,-0.10185403006306826,-0.006482073081247375,0.15080266157048244
998,-1.1635876064163841,0.7934046809707135,2.6533083158304964,-1.054263996904172,0.8958960619572528,2.659874684302496,-0.1093236095122121,-0.10249138098653932,-0.006566368471999429,0.1499975065399977
