timestep,px,py,theta,px_ref,py_ref,theta_ref,error_px,error_py,error_theta,error_norm
0,0.0,0.0,0.7853981633974483,0.0,0.0,0.7853981633974483,0.0,0.0,0.0,0.0
1,0.00025637019904936473,0.00025637019904936473,0.7853045109730195,0.01999966666833333,0.01999866669333308,0.7853231571470295,-0.019743296469283963,-0.019742296494283714,-1.864617401003965e-05,0.0279205367789026
2,0.0005127644066651038,0.0005127163872837893,0.7852108585485906,0.03999733338666616,0.03998933418663416,0.7850980633706443,-0.03948456898000106,-0.03947661779935037,0.00011279517794637872,0.05583410483892991
3,0.0007691826205984409,0.0007690385624549188,0.7851172061241618,0.05999100040499132,0.0599640064794446,0.7847226568420766,-0.05922181778439288,-0.05919496791698969,0.00039454928208515483,0.08373424387619001
4,0.001025624838600389,0.0010253367223146085,0.785023553699733,0.07997866837326832,0.07991469396917268,0.7841965616812204,-0.07895304353466794,-0.07888935724685807,0.0008269920185125512,0.11161450481907918
5,0.001282091058421751,0.0012816108646149247,0.7849299012753042,0.09995833854135666,0.09983341664682815,0.7835192505983565,-0.09867624748293491,-0.09855180578221323,0.0014106506769476779,0.13946845584425485
6,0.017074516082240532,0.017059252820792924,0.7838777547405378,0.11992801295888919,0.11971220728891936,0.7826900438339384,-0.10285349687664866,-0.10265295446812644,0.0011877109065994151,0.14531992822041878
7,0.03288353275310367,0.03282027010175094,0.7828256082057714,0.13988569467506554,0.1395431146442365,0.7817081077917023,-0.10700216192196187,-0.10672284454248555,0.0011175004140691058,0.1511306620457567
8,0.04870912357023639,0.04856464525985011,0.781773461671005,0.1598293879383454,0.15931820661424598,0.7805724533623122,-0.111120264368109,-0.11075356135439587,0.0012010083086928525,0.15689329790299494
9,0.06455127101451615,0.0642923608658746,0.7807213151362387,0.17975709839602208,0.17902957342582415,0.7792819339341677,-0.11520582738150593,-0.11473721255994955,0.0014393812020709884,0.16260099146969942
10,0.08040995754849198,0.08000339950905092,0.7796691686014723,0.1996668332936563,0.19866933079506124,0.7778352430874435,-0.11925687574516433,-0.11866593128601033,0.0018339255140288335,0.16824734453555187
11,0.10239106539238237,0.1017340800052218,0.77790487304147,0.21955660167434962,0.21822962308086932,0.7762309119668949,-0.11716553628196726,-0.11649554307564752,0.001673961074575181,0.1652324925503765
12,0.12441047834878291,0.1234259455295814,0.7761405774814678,0.23942441457783872,0.23770262642713458,0.7744673063284713,-0.11501393622905581,-0.11427668089755318,0.001673271152996536,0.16214242245696825
13,0.1464681278770298,0.14507892856103527,0.7743762819214656,0.2592682852393897,0.2570805518921551,0.7725426232543283,-0.1128001573623599,-0.11200162333111985,0.0018336586671372501,0.1589704420132459
14,0.16856394531743887,0.16669296169952,0.7726119863614633,0.279086229288473,0.27635564856411376,0.7704548875304338,-0.11052228397103411,-0.10966268686459377,0.002157098831029547,0.15571041461605153
15,0.19069786189151916,0.18826797766621295,0.7708476908014611,0.29887626494719843,0.29552020666133955,0.7682019476806334,-0.10817840305567927,-0.1072522289951266,0.0026457431208276594,0.15235684254001025
16,0.21480639970251988,0.21168494806633492,0.7682714258110177,0.31863641322849195,0.31456656061611776,0.765781471650788,-0.10383001352597207,-0.10288161254978284,0.0024899541602296793,0.1461899373464782
17,0.23897518576196836,0.23503973084240135,0.7656951608205743,0.33836469813399206,0.33348709214081446,0.7631909421364422,-0.0993895123720237,-0.09844736129841311,0.002504218684132087,0.13991579334509346
18,0.2632040596583052,0.25833217098550465,0.7631188958301309,0.35805914685164836,0.35227423327509,0.760427651547437,-0.09485508719334318,-0.09394206228958535,0.002691244282693961,0.13352842929303935
19,0.28749286058115964,0.28156211390051383,0.7605426308396875,0.37771778995300115,0.3709204694129827,0.7574886966029721,-0.09022492937184151,-0.08935835551246885,0.0030539342367154054,0.1270227542386353
20,0.31184142732241715,0.30472940540710064,0.7579663658492442,0.39733866159012243,0.38941834230865047,0.7543709725508718,-0.08549723426770528,-0.08468893690154983,0.003595393298372329,0.12039485019680679
21,0.3355857775032358,0.3272055268366299,0.7544937601606286,0.4169197996921991,0.40776045305957015,0.7510711670052485,-0.0813340221889633,-0.08055492622294025,0.0034225931553801825,0.1145252524473331
22,0.35940803506801994,0.3495990581468403,0.7510211544720131,0.43645924616173865,0.4259394650659996,0.7475857533974175,-0.07705121109371871,-0.07634040691915933,0.003435401074595612,0.10851980851501242
23,0.3833079127446861,0.37190972929462696,0.7475485487833976,0.4559550470703768,0.44394810696551984,0.7439109840358401,-0.0726471343256907,-0.07203837767089288,0.003637564747557498,0.10237365803995585
24,0.40728512232513164,0.3941372712360941,0.7440759430947821,0.47540525285426916,0.46177917554148284,0.7400428827720981,-0.06812013052913751,-0.06764190430538874,0.004033060322684023,0.09608353124720442
25,0.43133937466871003,0.41628141592979906,0.7406033374061666,0.4948079185090459,0.479425538604203,0.7359772372714972,-0.06346854384033584,-0.06314412267440395,0.004626100134669353,0.08964840817320069
26,0.4515730942436005,0.43477901160070076,0.7362894300222207,0.5141611037843102,0.49688013784373675,0.7317095908888981,-0.06258800954070975,-0.06210112624303599,0.004579839133322605,0.08828807249798006
27,0.47188642221312627,0.4531891490320712,0.7319755226382748,0.5334628733776623,0.5141359916531132,0.7272352341528829,-0.06157645116453603,-0.060946842621042,0.004740288485391875,0.08676777799631204
28,0.4922789805509654,0.4715114856155229,0.7276616152543289,0.5527112971282275,0.5311861979208834,0.7225491958644261,-0.06043231657726211,-0.05967471230536048,0.005112419389902811,0.08508391744413409
29,0.5127503897563372,0.4897456803766218,0.723347707870383,0.5719044502096711,0.5480239367918736,0.7176462338199793,-0.05915406045333382,-0.05827825641525175,0.005701474050403776,0.08323499771890387
30,0.5333002688610645,0.5078913939812326,0.7190338004864372,0.5910404133226791,0.5646424733950353,0.712520825173375,-0.05774014446161457,-0.05675107941380264,0.006512975313062164,0.08122209148075671
31,0.5048540969949653,0.48299075581868417,0.7534127992783597,0.610117272886887,0.5810351605373051,0.7071671564563529,-0.10526317589192169,-0.09804440471862091,0.04624564282200683,0.15110162466202345
32,0.4772806243474593,0.4571270731556321,0.7877917980702822,0.6291331212322355,0.597195441362392,0.7015791132839158,-0.1518524968847762,-0.14006836820675989,0.08621268478636646,0.22385476452449882
33,0.45061243722514344,0.4303309116703192,0.8221707968622047,0.6480860567897367,0.6131168519734339,0.6957502697783335,-0.1974736195645933,-0.18278594030311468,0.1264205270838712,0.2973023378054726
34,0.4248810520689483,0.40263393904366995,0.8565497956541273,0.6669741842816288,0.6287930240184685,0.6896738777545541,-0.24209313221268053,-0.22615908497479853,0.16687591789957312,0.370950924457683
35,0.40011687820803526,0.37406888753445167,0.8909287944460498,0.6857956149109028,0.6442176872376911,0.6833428557202919,-0.28567873670286753,-0.27014879970323946,0.20758593872575792,0.44461740467721395
36,0.3763637159142149,0.344687493069168,0.9329287944460498,0.7045484665501799,0.6593846719714731,0.6767497777563413,-0.328184750635965,-0.3146971789023051,0.25617901668970855,0.5218881427577808
37,0.3538651566281071,0.3143346696464506,0.9749287944460499,0.723230863929924,0.6742879116281452,0.6698868623569647,-0.3693657073018169,-0.35995324198169454,0.30504193208908514,0.5992060934906669
38,0.3326608819745791,0.28306395177655,1.0169287944460499,0.7418409388259654,0.6889214451105513,0.6627459613267954,-0.40918005685138625,-0.4058574933340013,0.35418283311925447,0.6764570223574031
39,0.312788290796005,0.25093049289751823,1.05892879444605,0.7603768302463229,0.7032794192004101,0.6553185488498808,-0.44758853945031785,-0.4523489263028919,0.4036102455961691,0.7535623943143978
40,0.2942824331904049,0.21799096809884477,1.10092879444605,0.778836684617301,0.7173560908995228,0.6475957108685986,-0.4845542514268961,-0.499365122800678,0.4533330835774514,0.8304632641552885
41,0.309128129008622,0.24722633132769675,1.0883678876772336,0.7972186559688459,0.731145829726896,0.6395681349355568,-0.48809052696022387,-0.48391949839919923,0.4487997527416768,0.8208725001486114
42,0.32433986670760917,0.27627291776443924,1.0758069809084172,0.8155209061191403,0.7446431199708592,0.6312261007306176,-0.49118103941153113,-0.46837020220641995,0.4445808801777996,0.8113455606657016
43,0.3399152462660319,0.3051261446041015,1.0632460741396008,0.8337416048584215,0.757842562895277,0.6225594714682599,-0.4938263585923896,-0.4527164182911755,0.44068660267134097,0.8018860951562998
44,0.3558518102892144,0.33378145954888866,1.0506851673707844,0.8518789301319992,0.7707388788989693,0.6135576864580234,-0.4960271198427848,-0.43695741935008064,0.437127480912761,0.7924992899137178
45,0.37214704439685314,0.36223434152641754,1.038124260601968,0.8699310682224605,0.7833269096274834,0.6042097551231719,-0.4977840238256073,-0.4210925681010659,0.4339145054787962,0.7831919837120856
46,0.38831608906241005,0.389662186537601,1.0240796132543586,0.8878962139310396,0.795601620036366,0.5945042528303504,-0.4995801248686295,-0.40593943349876505,0.42957536042400823,0.7738876631116886
47,0.4048687408117696,0.4168602454282406,1.0100349659067491,0.9057725707581367,0.8075581004051143,0.5844293189362826,-0.5009038299463671,-0.39069785497687376,0.42560564697046654,0.7646500032509113
48,0.42180173465296666,0.4438231534117697,0.9959903185591397,0.9235583510829657,0.8191915683009982,0.5739726575167142,-0.501756616429999,-0.37536841488922845,0.42201766104242544,0.7554866347325098
49,0.4391117305719856,0.47054559208487406,0.9819456712115302,0.941251776342316,0.8304973704919704,0.5631215413080933,-0.5021400457703304,-0.3599517784070963,0.41882412990343687,0.746407100806277
50,0.4567953141915745,0.49702229047654073,0.9679010238639207,0.958851077208406,0.8414709848078965,0.5518628194639037,-0.5020557630168315,-0.3444486943313558,0.41603820440001704,0.7374229991839005
51,0.4741762183857154,0.5222707116262651,0.9520607521610179,0.976354493765815,0.852108021949363,0.540182929805001,-0.5021782753800996,-0.3298373103230978,0.4118778223560169,0.7284360041167937
52,0.49195486719365716,0.54724065851695,0.9362204804581151,0.9937602756874735,0.8624042272433384,0.5280679163262988,-0.5018054084938164,-0.3151635687263884,0.40815256413181633,0.7195312770501191
53,0.5101267997930964,0.5719258659651606,0.9203802087552123,1.0110666824096939,0.8723554823449863,0.5155034528098956,-0.5009398826165975,-0.3004296163798257,0.4048767559453167,0.7107206961239156
54,0.5286874566833022,0.5963201402311398,0.9045399370523095,1.0282719833062262,0.8819578068849474,0.5024748734859666,-0.49958452662292396,-0.28563766665380763,0.40206506356634286,0.7020184407785098
55,0.5476321808291355,0.6204173605728729,0.8886996653494067,1.0453744578613184,0.8912073600614354,0.4889672117755554,-0.497742277032183,-0.2707899994885625,0.3997324535738513,0.6934411529526996
56,0.5660837141969199,0.6431371463124558,0.8707003772792634,1.0623723958417668,0.900100442176505,0.4749652482411506,-0.49628868164484685,-0.2569632958640492,0.3957351290381128,0.6847911238508476
57,0.5849411766212039,0.6655211553053001,0.8527010892091201,1.0792640974679386,0.9086334961158833,0.4604535689580829,-0.4943229208467347,-0.2431123408105832,0.3922475202510372,0.6762520813069163
58,0.6041984589323965,0.6875621359019535,0.8347018011389769,1.0960478735837471,0.916803108771767,0.44541663559766037,-0.49184941465135057,-0.2292409728698135,0.3892851655413165,0.6678399587069531
59,0.6238493224330074,0.709252947582372,0.8167025130688336,1.1127220458255676,0.9246060124080204,0.4298388685756445,-0.48887272339256016,-0.21535306482564842,0.38686364449318905,0.6595733178636104
60,0.6438874009187703,0.7305865632692036,0.7987032249986903,1.1292849467900707,0.9320390859672264,0.4137047446598081,-0.48539754587130046,-0.20145252269802283,0.3849984803388822,0.6514735039144165
61,0.6632366999884943,0.7504577237639397,0.7781474059743695,1.1457349202009626,0.9390993563190677,0.3969989104388761,-0.48249822021246824,-0.188641632555128,0.3811484955354934,0.6431674538487108
62,0.6829903504730885,0.769926973529395,0.7575915869500487,1.1620703210746102,0.945783999449539,0.37970631302149005,-0.47907997060152163,-0.17585702592014396,0.37788527392855864,0.6350122770853291
63,0.7031400059254794,0.7889860862854265,0.7370357679257279,1.178289515884539,0.9520903415905158,0.36181234924553096,-0.4751495099590596,-0.1631042553050892,0.37522341868019693,0.6270268485790832
64,0.7236771525758746,0.8076270090457769,0.7164799489014071,1.1943908827247842,0.958015860289225,0.3433030345211741,-0.4707137301489096,-0.15038885124344814,0.373176914380233,0.6192327767127449
65,0.7445931129290592,0.8258418655206767,0.6959241298770863,1.210372811472079,0.963558185417193,0.3241651921901698,-0.4657796985430199,-0.13771631989651623,0.3717589376869165,0.6116544940493536
66,0.7646331326095147,0.8425821894499955,0.6724280122530166,1.2262337039468676,0.9687151001182652,0.30438666394296926,-0.4616005713373529,-0.1261329106682697,0.36804134831004737,0.6036878603040631
67,0.785060917252317,0.8588470733610126,0.6489318946289468,1.2419719740731194,0.9734845416953194,0.283956541378582,-0.45691105682080246,-0.11463746833430677,0.36497535325036484,0.5959164970626593
68,0.8058651898594007,0.8746275383523149,0.6254357770048771,1.2575860480369372,0.9778646024353163,0.26286541820488024,-0.4517208581775365,-0.10323706408300137,0.36257035879999683,0.5883594906122329
69,0.827034465595477,0.889914872942149,0.6019396593808073,1.273074364443936,0.9818535303723597,0.24110566184802507,-0.44603989884845896,-0.09193865743021068,0.3608339975327822,0.5810382791781459
70,0.8485570581281465,0.9047006378775266,0.5784435417567375,1.2884353744753823,0.9854497299884603,0.2186717023624417,-0.43987831634723573,-0.08074909211093362,0.3597718393942958,0.5739765896710194
71,0.8690441105671641,0.9180775799311841,0.5517344565091172,1.3036675420430732,0.9886517628517197,0.19556033550876473,-0.4346234314759091,-0.07057418292053563,0.3561741210003525,0.5663375733192786
72,0.889881099370026,0.930902625505192,0.525025371261497,1.3187693439429462,0.9914583481916864,0.1717710357084244,-0.4288882445729202,-0.06055572268649445,0.35325433555307256,0.558928213163343
73,0.9110531608286013,0.9431666260735334,0.4983162860138767,1.3337392700073958,0.9938683634116449,0.14730627331565815,-0.42268610917879446,-0.05070173733811145,0.3510100126982185,0.5517628494889939
74,0.9325451922164345,0.9548608333220115,0.4716072007662564,1.34857582325629,0.99588084453764,0.12217182931261213,-0.4160306310398556,-0.04102001121562848,0.3494353714536443,0.544857051075323
75,0.9543418625620159,0.9659769053887094,0.4448981155186361,1.3632775200466682,0.9974949866040543,0.0963770991912814,-0.4089356574846523,-0.03151808121534494,0.3485210163273547,0.5382273313645027
76,0.974995245860624,0.9758239864685647,0.4149711826811258,1.3778428902211026,0.998710143975583,0.06993537651704462,-0.4028476443604786,-0.02288615750701828,0.3450358061640812,0.5309046131910328
77,0.9959340299916175,0.9850486580935129,0.3850442498436155,1.3922704772547134,0.9995258306054791,0.0428641055705861,-0.3963364472630959,-0.014477172511966119,0.3421801442730294,0.5238123892079923
78,1.0171394631333497,0.9936426590676806,0.3551173170061052,1.4065588384008205,0.9999417202299663,0.015185091651111312,-0.38941937526747084,-0.006299061162285735,0.3399322253549939,0.5169536205889576
79,1.0385925546654615,1.0015982929951122,0.3251903841685949,1.4207065448352156,0.99995764649874,-0.013075342784616575,-0.3821139901697541,0.001640646496372189,0.3382657269532115,0.5103307704181296
80,1.0602740921760163,1.0089084351723119,0.2952634513310846,1.4347121817990456,0.9995736030415051,-0.041886267855577024,-0.37443808962302927,0.00933483213080677,0.33714971918666164,0.5039453891039175
81,1.096629663680626,1.0199661283916857,0.2472634513310846,1.4485743487402851,0.998789743470524,-0.07121213282096248,-0.35194468505965903,0.021176384921161695,0.3184755841520471,0.4751212459163023
82,1.1334739270901224,1.0292666881905483,0.19926345133108458,1.4622916594537918,0.9976063813191736,-0.10101283897581732,-0.3288177323636694,0.03166030687137478,0.3002762903069019,0.44641833146551024
83,1.1707220095190813,1.0367886901930776,0.15126345133108457,1.4758627422199255,0.9960239899165367,-0.13124390617594112,-0.3051407327008442,0.04076470027654089,0.2825073575070257,0.41783134706176206
84,1.2082881078616807,1.042514807033897,0.10326345133108455,1.4892862399417186,0.994043202198076,-0.16185673736972372,-0.2809981320800379,0.048471604835821025,0.2651201887008083,0.3893560853057039
85,1.246085686444103,1.0464318482726616,0.05526345133108455,1.5025608102805854,0.9916648104524687,-0.19279898196781758,-0.2564751238364824,0.054767037820192876,0.24806243329890212,0.3609901499940264
86,1.2834197861078904,1.0484971624242025,0.0012634513310845405,1.515685125790554,0.9888897660047016,-0.22401499487154508,-0.2322653396826635,0.05960739641950097,0.22527844620262963,0.3290146015745892
87,1.3208109386503106,1.0485444043507905,-0.052736548668915466,1.5286578740510102,0.9857191788355535,-0.25544638373627454,-0.20784693540069954,0.06282522551523706,0.20270983506735907,0.2970498859611612
88,1.3581501379628969,1.0465734363284396,-0.10673654866891547,1.5414777577979386,0.9821543171376185,-0.28703263284555847,-0.18332761983504176,0.0644191191908211,0.180296084176643,0.2650764362992945
89,1.3953285293959905,1.0425900043034342,-0.16073654866891546,1.5541434950536477,0.9781966068080447,-0.3187117881210078,-0.15881496565765718,0.06439339749538953,0.15797523945209235,0.23307698135549118
90,1.432237727101774,1.0366057211412214,-0.21473654866891545,1.5666538192549668,0.9738476308781951,-0.3504211845928371,-0.13441609215319272,0.06275809026302626,0.13568463592392166,0.20103876280211466
91,1.4575302455377315,1.0310894427435087,-0.26544890155294437,1.579007479379901,0.9691091288804564,-0.38209819537047346,-0.12147723384216946,0.06198031386305225,0.11664929381752909,0.17945845033498928
92,1.4825106244504438,1.0242981626306258,-0.3161612544369733,1.591203240072732,0.9639829961524481,-0.41368097997668896,-0.10869261562228827,0.060315166478177695,0.09751972553971566,0.1579939899725501
93,1.5071146344988058,1.016249342485137,-0.3668736073210022,1.6032398817675544,0.9584712830789142,-0.44510920994479974,-0.0961252472687486,0.05777805940622294,0.07823560262379753,0.13674493346788333
94,1.531279014058185,1.0069636773660098,-0.41758596020503114,1.6151162008102287,0.9525761942715953,-0.4763247508234524,-0.08383718675204377,0.054387483094414435,0.058738790618421244,0.11591771962541797
95,1.5549416318781812,0.9964650424976513,-0.46829831308906006,1.6268310095787475,0.9463000876874145,-0.5072722820789922,-0.07188937770056625,0.05016495481023686,0.03897396898993216,0.09593526763456686
96,1.5724727083060734,0.9875973511942991,-0.5001582416942048,1.6383831366019965,0.9396454736853249,-0.5378998396315425,-0.06591042829592308,0.04795187750897423,0.03774159793733778,0.08982202029375284
97,1.5897124117647197,0.978175715750806,-0.5320181702993495,1.6497714266769001,0.9326150140222006,-0.5681592696408527,-0.060059014912180464,0.04556070172860538,0.036141099341503224,0.08360048968658536
98,1.6066432444862262,0.9682096988368875,-0.5638780989044943,1.660994740983941,0.9252115207881683,-0.5980065863693985,-0.05435149649771476,0.04299817804871919,0.03412848746490427,0.07725077438895085
99,1.6232480221969818,0.9577094156526804,-0.595738027509639,1.672051957201041,0.9174379552818098,-0.6274022311885141,-0.04880393500405922,0.04027146037087059,0.031664203678875125,0.07075476229131383
100,1.6395098915591662,0.9466855236621267,-0.6275979561147838,1.682941969615793,0.9092974268256818,-0.6563112337819401,-0.043432078056626855,0.03738809683644484,0.028713277667156367,0.0640988884752265
101,1.6529669790744532,0.9369231849758032,-0.6557412433539554,1.6936636892360304,0.9007931915226274,-0.6847032801150899,-0.040696710161577165,0.0361299934531758,0.028962036761134402,0.06164736992163774
102,1.6661440295997034,0.926786035451623,-0.6838845305931271,1.704216043898726,0.8919286509533796,-0.7125526946185239,-0.038072014299022516,0.03485738449824338,0.028668164025396736,0.05904556846563851
103,1.6790306070118355,0.9162821036343598,-0.7120278178322988,1.7145979783772067,0.8827073508159741,-0.7398383461925445,-0.03556737136537125,0.033574752818385734,0.027810528360245668,0.05626479734553355
104,1.6916165052402485,0.905419708557554,-0.7401711050714705,1.7248084544866769,0.8731329795075166,-0.7665434890556865,-0.03319194924642832,0.03228672905003749,0.02637238398421593,0.053288282056554774
105,1.7038917563499523,0.8942074531549019,-0.7683143923106422,1.734846451188034,0.8632093666488738,-0.7926555501696838,-0.030954694838081664,0.03099808650602809,0.024341157859041562,0.05011553118019144
106,1.7151283372065846,0.883348386017776,-0.7933263554227413,1.7447109646899726,0.8529404815528762,-0.8181658750569212,-0.029582627483387913,0.030407904464899826,0.024839519634179852,0.049160698107575514
107,1.7260898251854018,0.8722116957676841,-0.8183383185348404,1.7544010085493633,0.8423304316366457,-0.8430694433909002,-0.028311183363961545,0.02988126413103842,0.024731124856059772,0.04802126181372949
108,1.7367693631556682,0.8608043491358909,-0.8433502816469395,1.763915613769895,0.8313834607786832,-0.8673645649064725,-0.02714625061422682,0.029420888357207686,0.02401428325953303,0.04668183152583859
109,1.7471602703648983,0.8491334821670057,-0.8683622447590386,1.7732538288989745,0.8201039476213741,-0.8910525650657036,-0.026093558534076244,0.02902953454563162,0.02269032030666507,0.045149067637398003
110,1.7572560466181062,0.8372063957549181,-0.8933742078711376,1.7824147201228708,0.8084964038195901,-0.914137468639516,-0.02515867350476464,0.028709991935327972,0.02076326076837831,0.04345498230561855
111,1.7670679712683417,0.8250086779030038,-0.915292579586558,1.7913973713600952,0.7965654722360865,-0.9366256880218409,-0.02432940009175355,0.02844320566691727,0.02133310843528291,0.043081749882597754
112,1.7766102064073008,0.812598845724863,-0.9372109513019783,1.8002008843530102,0.7843159250844199,-0.9585257217604746,-0.02359067794570935,0.02828292064044302,0.02131477045849628,0.042553062470169656
113,1.785878167985436,0.7999828608515757,-0.9591293230173986,1.808824378757652,0.7717526620201257,-0.9798478675264842,-0.022946210772215814,0.02823019883144995,0.020718544509085612,0.04186562792364534
114,1.794867403713063,0.7871667839491082,-0.9810476947328189,1.8172669922317666,0.7588807081809217,-1.0006039525927415,-0.022399588518703606,0.028286075768186536,0.019556257859922543,0.04104011293423314
115,1.803573595199221,0.7741567718067943,-1.0029660664482392,1.8255278805210422,0.7457052121767199,-1.0208070838766747,-0.02195428532182131,0.028451559630074397,0.01784101742843558,0.04012211101446882
116,1.8122554100015997,0.7605470267567768,-1.0220719518959758,1.8336062175435337,0.7322314440302513,-1.0404714187339885,-0.02135080754193397,0.028315582726525457,0.018399466838012746,0.039952091156265426
117,1.820675629859246,0.7467739019792189,-1.0411778373437124,1.8415011954722713,0.7184647930691263,-1.0596119569697484,-0.0208255656130254,0.02830910891009264,0.018434119626036027,0.03968534486145886
118,1.828831181191892,0.7328424249918405,-1.060283722791449,1.8492120248160406,0.7044107657701763,-1.078244353954232,-0.020380843624148604,0.02843165922166424,0.017960631162782903,0.039323304854683466
119,1.836719087029569,0.7187576811146796,-1.0793896082391856,1.8567379344983332,0.6900749835569364,-1.0963847542815959,-0.020018847468764145,0.02868269755774322,0.01699514604241026,0.03888812649343584
120,1.8443364680992718,0.7045248116138301,-1.0984954936869222,1.8640781719344526,0.675463180551151,-1.1140496450750117,-0.019741703835180813,0.029061631062679116,0.015554151388089466,0.03842193248319082
121,1.851983268323108,0.6895564381400936,-1.1151998570100061,1.871232003106772,0.6605812012792008,-1.1312557278065778,-0.019248734783664068,0.02897523686089276,0.01605587079657167,0.03831278023000785
122,1.8593789761856128,0.674462423984641,-1.13190422033309,1.8781987126381352,0.6454349983343708,-1.1480198073479873,-0.01881973645252244,0.029027425650270167,0.016115587014897237,0.03816393670546959
123,1.8665215280678522,0.6592469808191582,-1.148608583656174,1.884977603863395,0.6300306299958922,-1.16435869688339,-0.01845607579554276,0.029216350823266013,0.0157501132272162,0.037977466422460394
124,1.8734089309888193,0.6439143541975787,-1.1653129469792578,1.891567998899078,0.6143742578057116,-1.1802891372852227,-0.018159067910258564,0.029540096391867054,0.014976190305964865,0.03777109103918836
125,1.880039263161535,0.6284688223714495,-1.1820173103023417,1.8979692387111724,0.5984721441039565,-1.1958277295646969,-0.017929975549637378,0.02999667826749297,0.013810419262355156,0.03757675359176348
126,1.8866780157822973,0.6122620516494821,-1.1967537971044213,1.9041806831810315,0.5823306495240819,-1.2109908790505335,-0.017502667398734184,0.02993140212540024,0.014237081946112173,0.037482351868625315
127,1.8930772253482275,0.5959592123101092,-1.211490283906501,1.9102017111693845,0.5659562304487028,-1.2257947500135267,-0.017124485821157,0.030002981861406375,0.014304466107025737,0.037390435753303745
128,1.8992355022062515,0.5795638446797684,-1.2262267707085805,1.9160317205784498,0.5493554364271267,-1.2402552295333436,-0.016796218372198357,0.030208408252641705,0.014028458824763002,0.03730225915092699
129,1.905151509024269,0.5630795091783517,-1.2409632575106602,1.9216701284121454,0.532534907555621,-1.2543878994917435,-0.016518619387876354,0.03054460162273065,0.013424641981083285,0.0372298064337314
130,1.9108239610815696,0.5465097855460238,-1.2556997443127398,1.927116370834386,0.5155013718214642,-1.2682080156685605,-0.016292409752816317,0.031008413724559647,0.012508271355820666,0.037194370401688034
131,1.9164605173286766,0.5292174168630113,-1.2688727734918352,1.932369903225468,0.4982616424118385,-1.2817304930098559,-0.01590938589679136,0.030955774451172757,0.012857719518020616,0.0371037664218741
132,1.921868798241529,0.5118523001469131,-1.2820458026709307,1.9374302002365305,0.4808226149886482,-1.2949698962289915,-0.015561401995001445,0.031029685158264875,0.01292409355806079,0.03704093394298511
133,1.9270478653417542,0.4944174487002445,-1.2952188318500262,1.9422967558420892,0.4631912649303451,-1.3079404349891695,-0.015248890500334955,0.031226183769899385,0.012721603139143278,0.037005977905638344
134,1.9319968199255786,0.47691588792632267,-1.3083918610291216,1.9469690833906388,0.44537464454187115,-1.3206559629989763,-0.014972263465060198,0.03154124338445152,0.012264101969854613,0.03700576853182994
135,1.9367148032197765,0.45935065480428006,-1.321564890208217,1.9514467156533182,0.4273798802338298,-1.333129980429876,-0.01473191243354166,0.03197077457045028,0.011565090221658858,0.03705281342110473
136,1.9413490317956654,0.4411431798756967,-1.3335328547687908,1.9557292048706325,0.40921416967201735,-1.3453756391359823,-0.014380173074967084,0.03192901020367933,0.01184278436719155,0.03696623610567437
137,1.945765027277343,0.4228815479202996,-1.3455008193293645,1.9598161227972284,0.3908847788984522,-1.3574057502217107,-0.01405109551988537,0.03199676902184739,0.011904930892346233,0.036918205437127295
138,1.949962157159718,0.4045683745601457,-1.3574687838899382,1.9637070607447196,0.3723990394250553,-1.3692327935620554,-0.013744903585001467,0.032169335135090404,0.011764009672117215,0.03690772847467608
139,1.9539398202859215,0.38620628279959135,-1.3694367484505119,1.9674016296225532,0.3537643453011427,-1.380868928933525,-0.013461809336631658,0.03244193749844865,0.011432180483013088,0.03693770932076402
140,1.9576974469334094,0.3677979026495981,-1.3814047130110856,1.9708994599769205,0.3349881501559047,-1.3923260084614568,-0.013202013043511096,0.03280975249369339,0.010921295450371238,0.037014155419416994
141,1.9613281757924779,0.34885717872488603,-1.3924804846435594,1.9742002020277007,0.3160779642170538,-1.4036155901318894,-0.012872026235222878,0.03277921450783222,0.011135105488329966,0.036934489808131646
142,1.9647489031144765,0.329877404241801,-1.4035562562760333,1.9773035257034395,0.29704135130683235,-1.4147489521538088,-0.012554622588963005,0.03283605293496866,0.011192695877775494,0.03689310723850373
143,1.9679592092737794,0.3108609074770503,-1.4146320279085072,1.9802091206743555,0.2778859258165868,-1.4257371079907708,-0.012249911400576075,0.03297498166046353,0.01110508008226363,0.03688810849668709
144,1.970958700457433,0.2918100212121172,-1.425707799540981,1.9829166963833729,0.2586193496611108,-1.4365908219100985,-0.011957995925939935,0.03319067155100641,0.010883022369117423,0.03691956825937016
145,1.9737470087134643,0.2727270824470952,-1.436783571173455,1.985425982075177,0.23924932921398243,-1.4473206249233783,-0.011678973361712641,0.03347775323311278,0.01053705374992342,0.03698902380503657
146,1.976373872459928,0.25324297270503215,-1.4472422398870506,1.9877367268232897,0.21978361222511697,-1.457936831014273,-0.011362854363361707,0.033459360479915184,0.010694591127222486,0.03691906746366089
147,1.9787968184056017,0.23373245557893874,-1.4577009086006463,1.9898486995551619,0.20022998472177053,-1.4684495535690345,-0.011051881149560128,0.033502470857168204,0.010748644968388232,0.036879438704186716
148,1.9810155815219845,0.214197665182914,-1.468159577314242,1.99176168907528,0.18059626789423294,-1.4788687219418666,-0.010746107553295525,0.033601397288681056,0.010709144627624623,0.036867580690278
149,1.9830299191146559,0.19464073828613412,-1.4786182460278376,1.9934755040862868,0.1608903149674558,-1.4892040981017618,-0.01044558497163095,0.033750423318678335,0.010585852073924151,0.036881724250915286
150,1.984839610849822,0.17506381407912672,-1.4890769147414333,1.994989973208109,0.1411200080598672,-1.499465293319851,-0.010150362358286813,0.033943806019259504,0.010388378578417568,0.03692059361069603
151,1.9864638928200133,0.1552317492939762,-1.4991659586029022,1.9963049449950963,0.12129325503062975,-1.5096617848669232,-0.00984105217508291,0.033938494263346455,0.010495826264020902,0.03686231232221353
152,1.9878880089469755,0.13538430666732976,-1.5092550024643712,1.997420287951166,0.10141798631660187,-1.5198029326997817,-0.009532279004190514,0.033966320350727885,0.010547930235410563,0.036821652508179085
153,1.9891118142728577,0.11552350642953878,-1.51934404632584,1.998335890542952,0.08150215176026913,-1.5298979961226906,-0.009224076270094361,0.03402135466926964,0.010553949796850537,0.03679567926921848
154,1.9901351842290336,0.09565137017059841,-1.529433090187309,1.9990516612109581,0.06155371742991314,-1.5399561504164885,-0.008916476981924548,0.03409765274068527,0.010523060229179482,0.036781629664555254
155,1.9909580146487809,0.0757699206343741,-1.539522134048778,1.999567528378714,0.04158066243329049,-1.5499865034331373,-0.008609513729933127,0.03418925820108361,0.010464369384359351,0.036776787918721056
156,1.9915831138902294,0.055788735661067915,-1.5494720476023154,1.9998834404599326,0.02159097572609596,-1.5599981121576436,-0.008300326569703254,0.034197759934971955,0.01052606455532823,0.03673118893742254
157,1.9920093744064875,0.03580232017525817,-1.5594219611558529,1.9999993658636692,0.0015926529164868282,-1.56999999924253,-0.007989991457181711,0.03420966725877134,0.010578038086677122,0.03668836582903196
158,1.99223675399778,0.015812652831337707,-1.5693718747093903,1.9999152929974802,-0.018406306933053812,-1.580001169522415,-0.0076785389997000575,0.034218959764391516,0.010629294813024659,0.036645314526541496
159,1.9922652301535357,-0.0041782873943667816,-1.5793217882629278,1.9996312302685817,-0.03839790450523538,-1.5900106265178413,-0.007366000115045956,0.0342196171108686,0.010688838254913513,0.03659906305015213
160,1.9920948000546164,-0.02416852139951336,-1.5892717018164653,1.9991472060830102,-0.058374143427580086,-1.600037388938299,-0.007052406028393854,0.03420562202806672,0.010765687121833789,0.03654669654457852
161,1.9917265411428726,-0.04409867220430007,-1.5993064812735798,1.998463268842781,-0.0783270334708653,-1.610090507194452,-0.006736727699908407,0.03422836126656523,0.010784025920872242,0.03651382519210032
162,1.9911583094608005,-0.06402412423137108,-1.6093412607306943,1.997579486941048,-0.09824859374510869,-1.6201790799288849,-0.0064211774802473975,0.034224469513737615,0.010837819198190601,0.03646922207426778
163,1.9903901622270312,-0.08394287106833026,-1.6193760401878088,1.996495948755265,-0.11813085589181781,-1.6303122705732334,-0.006105786528233681,0.03418798482348755,0.010936230385424572,0.036410164383897776
164,1.9894221767908833,-0.103852906977967,-1.6294108196449233,1.9952127626383473,-0.13796586727122728,-1.6404993239373136,-0.005790585847464058,0.03411296029326029,0.011088504292390278,0.036334279569970304
165,1.9882544506245732,-0.12375222710022579,-1.6394455991020378,1.9937300569078378,-0.15774569414324865,-1.6507495828327603,-0.0054756062832646,0.03399346704302286,0.0113039837307225,0.03623973115185662
166,1.9868878662745655,-0.14362770213042392,-1.6498815608362594,1.9920479798330735,-0.17746242484086058,-1.6610725047296746,-0.005160113558507984,0.033834722710436665,0.01119094389341524,0.03600906077717669
167,1.985313940408857,-0.16348783349532098,-1.660317522570481,1.9901666996203604,-0.19710817293466984,-1.671477678439753,-0.004852759211503521,0.03362033943934886,0.011160155869271993,0.03575507761155491
168,1.9835328444410518,-0.1833304582615958,-1.6707534843047025,1.988086404396152,-0.21667508038737962,-1.6819748408132476,-0.004553559955100095,0.03334462212578382,0.011221356508545055,0.03547559125466226
169,1.9815447723472999,-0.20315341540254123,-1.681189446038924,1.985807302188237,-0.236155320696897,-1.692573893429715,-0.004262529840937113,0.03300190529435576,0.01138444739079092,0.03516959704199342
170,1.9793499406451707,-0.22295454603341794,-1.6916254077731456,1.9833296209049371,-0.2555411020268312,-1.7032849192537511,-0.0039796802597664716,0.032586555993413285,0.011659511480605511,0.03483770506862078
171,1.9769890748605272,-0.24239825348190264,-1.7025752828507625,1.980653608312316,-0.27482467032312397,-1.714118199216562,-0.003664533451788854,0.03242641684122133,0.011542916365799405,0.03461416231555751
172,1.9744154486950296,-0.26181494462523663,-1.7135251579283794,1.977779532009403,-0.2939983124155676,-1.725084228672093,-0.003364083314373323,0.032183367790330986,0.01155907074371365,0.03436129123493376
173,1.9716293707227648,-0.28120229142999104,-1.7244750330059964,1.9747076794014329,-0.3130543591029702,-1.7361937336623283,-0.0030783086786680958,0.031852067672979156,0.01171870065633196,0.03407870514614547
174,1.9686311749904872,-0.30055796938108104,-1.7354249080836133,1.971438357671107,-0.33198518822073414,-1.7474576869099745,-0.0028071826806197464,0.031427218839653104,0.012032778826361223,0.03376889285839774
175,1.9654212209775666,-0.31987965776047206,-1.7463747831612302,1.9679718937478738,-0.35078322768961984,-1.7588873234378162,-0.002550672770307294,0.03090356992914778,0.012512540276585993,0.033438005773671675
176,1.9620820109402108,-0.33870215958678807,-1.7581067408184152,1.964308634275237,-0.36944095854447706,-1.7704941556922353,-0.002226623335026101,0.030738798957688995,0.012387414873820113,0.033215653841125035
177,1.9585222109739158,-0.35748419150229743,-1.7698386984756003,1.960448945576091,-0.3879509179417303,-1.7822899880233805,-0.001926734602175184,0.03046672643943288,0.012451289547780187,0.03296920286517582
178,1.9547423110397655,-0.37622316839974457,-1.7815706561327853,1.9563932136160893,-0.40630570214441675,-1.7942869303459041,-0.0016509025763238316,0.03008253374467218,0.012716274213118828,0.03270149760605902
179,1.950742831392799,-0.39491651109784826,-1.7933026137899704,1.9521418439650484,-0.4244979694835826,-1.8064974107716563,-0.0013990125722493918,0.02958145838573434,0.013194796981685908,0.032421020708672206
180,1.9465243225104034,-0.4135616466962931,-1.8050345714471554,1.9476952617563903,-0.44252044329485246,-1.818934186968815,-0.0011709392459868795,0.028958796598559378,0.013899615521659525,0.032143153404799674
181,1.9377044426874055,-0.4505239210729188,-1.8056656617271258,1.9430539116446306,-0.46036591482899825,-1.8316103559602837,-0.005349468957225101,0.00984199375607947,0.025944694233157817,0.028259667692155807
182,1.9288612380902397,-0.48748062194891356,-1.8062967520070963,1.9382182577609126,-0.47802724613534286,-1.8445393620273418,-0.009357019670672928,-0.009453375813570697,0.03824261002024554,0.04048971909695778
183,1.9199947122409329,-0.5244317346053501,-1.8069278422870667,1.933188783666595,-0.4954973729168449,-1.8577350023321744,-0.013194071425662202,-0.02893436168850516,0.05080716004510766,0.05993870468199905
184,1.9111048686707999,-0.5613772443255265,-1.8075589325670371,1.9279659923048962,-0.5127693073557238,-1.871211429814701,-0.01686112363409631,-0.0486079369698027,0.06365249724766375,0.08184539958072436
185,1.9021917109204425,-0.5983171363949726,-1.8081900228470076,1.9225504059505998,-0.5298361409084934,-1.884983152854841,-0.020358695030157303,-0.06848099548647923,0.0767931300078335,0.10488712038448837
186,1.9019240665359232,-0.5994233057211208,-1.8338167892000508,1.9169425661578283,-0.5466910470692872,-1.899065031120944,-0.015018499621905157,-0.05273225865183362,0.06524824192089329,0.0852266361367411
187,1.9016281655916127,-0.6005222537298237,-1.859443555553094,1.911143033705888,-0.5633272841003701,-1.9134722669486295,-0.009514868114275155,-0.03719496962945357,0.054028711395535556,0.0662804657197737
188,1.9013042024042448,-0.6016132587471844,-1.885070321906137,1.9051523885431907,-0.5797381977287431,-1.928220391512157,-0.003848186138945886,-0.021875061018441277,0.04315006960601986,0.04853097297731484
189,1.9009523897188938,-0.6026956043154305,-1.9106970882591803,1.898971229729261,-0.5959172238077642,-1.9433252449633298,0.0019811599896328858,-0.006778380507666215,0.032628156704149536,0.03338364939789792
190,1.9005729585692661,-0.6037685796634082,-1.9363238546122234,1.892600175374829,-0.6118578909427194,-1.958802949622059,0.007972783194437172,0.008089311279311118,0.02247909500983547,0.02518555024811449
191,1.8958103544824827,-0.6162124557604597,-1.9532432350134301,1.886039862580021,-0.6275538230792937,-1.9746698752097716,0.009770491902461709,0.011341367318834061,0.02142664019634144,0.02613790417727217
192,1.890837899435585,-0.6285739743084696,-1.9701626154146368,1.8792909473706498,-0.6429987420539088,-1.9909425950243342,0.011546952064935168,0.014424767745439215,0.020779979609697463,0.02780671823641216
193,1.885657016836614,-0.6408495967163923,-1.9870819958158434,1.8723541046326122,-0.6581864701049049,-2.007637831866406,0.013302912204001816,0.01733687338851264,0.020555836050562437,0.030001284101423067
194,1.8802691897577914,-0.6530358089816911,-2.00400137621705,1.865230028044401,-0.6731109323435617,-2.024772392446539,0.015039161713390481,0.02007512336187056,0.020771016229488737,0.0325671932816065
195,1.8746759605109766,-0.6651291226962521,-2.0209207566182568,1.8579194300077386,-0.6877661591839738,-2.0423630889355304,0.016756530503238,0.02263703648772164,0.02144233231727366,0.03539760374173349
196,1.8680205465228874,-0.6789025009491262,-2.0394009747849764,1.8504230415763365,-0.7021462887308055,-2.060426646274568,0.01759750494655088,0.023243787781679348,0.02102567148959178,0.0359447452678672
197,1.86111174842865,-0.6925505408355956,-2.057881192951696,1.8427416123827909,-0.7162455691239705,-2.078979593845187,0.01837013604585902,0.023695028288374886,0.02109840089349113,0.036661407286037485
198,1.853951925643224,-0.7060685814307003,-2.0763614111184157,1.8348759105636196,-0.7300583608392996,-2.0980381401223296,0.019076015079604325,0.023989779408599365,0.02167672900391393,0.03754043750011011
199,1.8465435233086966,-0.7194520062053748,-2.0948416292851353,1.8268267226824504,-0.7435791389442745,-2.1176180290088564,0.019716800626246256,0.02412713273889977,0.02277639972372114,0.038595791810900296
200,1.8388890714592445,-0.7326962446030335,-2.113321847451855,1.8185948536513634,-0.7568024953079283,-2.137734376690414,0.0202942178078811,0.024106250704894805,0.024412529238559078,0.03986148746979296
201,1.8311498124600003,-0.7455336507421023,-2.1344373719726337,1.8101811266504018,-0.7697231407640244,-2.1584014880706035,0.020968685809598542,0.024189490021922055,0.02396411609796978,0.03998869930942116
202,1.8231412303092485,-0.7582047887403819,-2.1555528964934125,1.8015863830452545,-0.7823359072266527,-2.179632652163961,0.021554847263993926,0.02413111848627081,0.02407975567054832,0.04033307517566509
203,1.8148668956238085,-0.7707040091860781,-2.1766684210141913,1.7928114823031196,-0.7946357497573974,-2.201439916254256,0.022055413320688944,0.023931740571319304,0.024771495240064834,0.04089983422885609
204,1.806330497505951,-0.783025739316633,-2.19778394553497,1.7838573019067592,-0.8066177485832404,-2.22383383918308,0.02247319559919192,0.023592009266607428,0.026049893648109723,0.041715996700942636
205,1.7975358418986163,-0.7951644855033344,-2.218899470055749,1.774724737266751,-0.8182771110644103,-2.246823224830935,0.02281110463186531,0.02311262556107585,0.02792375477518627,0.04282844890487095
206,1.788915020908929,-0.806549381158048,-2.2430063780284972,1.7654147016319481,-0.8296091736113709,-2.270414837697643,0.02350031927698093,0.023059792453322903,0.027408459669145735,0.04283973267360054
207,1.7800222767131688,-0.8177231676368438,-2.2671132860012455,1.7559281259981563,-0.8406094035501944,-2.294613103481373,0.02409415071501253,0.022886235913350594,0.02749981748012731,0.043134068372918326
208,1.7708627770172105,-0.8286793516862604,-2.291220193973994,1.746265959015033,-0.8512734009355746,-2.319419798686549,0.02459681800217761,0.022594049249314185,0.028199604712555004,0.043711694353536994
209,1.7614418445425166,-0.8394115665048432,-2.315327101946742,1.7364291668912253,-0.8615969003107405,-2.3448337345377843,0.025012677651291337,0.022185333805897378,0.029506632591042248,0.044592201630209494
210,1.7517649539330244,-0.849913575442988,-2.3394340099194904,1.7264187332977474,-0.8715757724135882,-2.3708504418018905,0.025346220635277028,0.021662196970600234,0.031416431882400175,0.04581128540334483
211,1.7423324872752752,-0.8596676478248636,-2.366601570312131,1.7162356592696177,-0.8812060258283252,-2.3974618644663783,0.02609682800565749,0.02153837800346159,0.030860294154247292,0.04579633079476495
212,1.7326385395896193,-0.8691618952172684,-2.3937691307047717,1.7058809631057523,-0.8904838085819884,-2.424656071515499,0.026757576483867007,0.021321913364720002,0.030886940810727292,0.04609332925129177
213,1.7226902653094027,-0.8783893105718518,-2.4209366910974124,1.6953556802671397,-0.8994054096851778,-2.4524169971891108,0.02733458504226305,0.021016099113326026,0.031480306091698385,0.046689031185074684
214,1.712495006568868,-0.8873430837705635,-2.448104251490053,1.6846608632732913,-0.9079672606164054,-2.4807242209956297,0.027834143295576652,0.020624176845841946,0.03261996950557666,0.0475831757463918
215,1.7020602877844315,-0.8960166066517317,-2.4752718118826937,1.6737975815969954,-0.9161659367494548,-2.509552799257385,0.028262706187436093,0.020149330097723128,0.03428098737469121,0.04878485584490424
216,1.6918533657369466,-0.9040421370532092,-2.5051305674450126,1.6627669215573662,-0.9239981587231878,-2.5388731599736905,0.029086444179580395,0.019956021669978563,0.03374259252867784,0.048814204761123435
217,1.6814113965731154,-0.9117593694515548,-2.5349893230073315,1.6515699862112163,-0.9314607937532426,-2.5686510721830618,0.029841410361899134,0.019701424301687864,0.03366174917573028,0.049109767353065076
218,1.670743689089667,-0.919161424095777,-2.5648480785696504,1.6402078952427481,-0.9385508568851079,-2.598847699706418,0.030535793846918846,0.019389432789330918,0.033999621136767466,0.049642311058181336
219,1.6598597533243122,-0.9262417022092487,-2.5947068341319692,1.628681784851592,-0.9452655121880633,-2.6294197471130945,0.031177968472720252,0.019023809978814588,0.03471291298112522,0.050388067950965884
220,1.6487692920777453,-0.9329938918723782,-2.624565589694288,1.6169928076391802,-0.951602073889516,-2.6603197029822847,0.03177648443856507,0.018608182017137764,0.0357541132879966,0.051326075422422394
221,1.637812418574295,-0.9392242000406836,-2.6561724366459947,1.6051421324934945,-0.957558007449271,-2.691496182110619,0.03267028608080058,0.018333807408587366,0.035323745464624245,0.051490223153003396
222,1.6266641299226055,-0.9451051418854286,-2.6877792835977012,1.593130944472173,-0.9631309305733167,-2.722894364390203,0.03353318545043238,0.018025788687888067,0.03511508079250181,0.051792591008149154
223,1.615335562255362,-0.9506308428772801,-2.719386130549408,1.5809604446840095,-0.9683186141667071,-2.7544565238654024,0.034375117571352476,0.017687771289427,0.0350703933159946,0.052196153580220284
224,1.6038380317876915,-0.9557957833404073,-2.7509929775011144,1.5686318501688397,-0.9731189832251738,-2.7861226372410264,0.035206181618851806,0.017323199884766494,0.035129659739912,0.052665562485073175
225,1.5921830235132859,-0.9605948039661389,-2.782599824452821,1.5561463937758424,-0.9775301176650971,-2.817831057161089,0.03603662973744348,0.016935313698958177,0.03523123270826822,0.05316656177579913
226,1.5804884634279615,-0.9649832276461072,-2.814508721704858,1.5435053240402514,-0.9815502530915156,-2.8495192322111245,0.03698313938771003,0.016567025445408334,0.03501051050626636,0.053553289133245426
227,1.5686598504088076,-0.9689963202225713,-2.8464176189568953,1.530709905058507,-0.9851777815038595,-2.881124453092601,0.03794994535030072,0.016181461281288168,0.034706834135705744,0.05391291475158831
228,1.5567092270642593,-0.9726299960007474,-2.8783265162089324,1.5177614163618436,-0.9884112519391305,-2.912584602987957,0.03894781070241571,0.015781255938383087,0.034258086779024755,0.05421804595578072
229,1.5446487602204069,-0.975880555566807,-2.9102354134609696,1.5046611527883416,-0.9912493710522671,-2.9438388899030694,0.03998760743206531,0.015368815485460097,0.03360347644209982,0.054446330147787186
230,1.5324907285340554,-0.9787446895542177,-2.9421443107130067,1.49141042435344,-0.9936910036334646,-2.974828539761162,0.04108030418061537,0.014946314079246958,0.03268422904815527,0.05458243787702833
231,1.5200538376622945,-0.9812586301192741,-2.9727557080134543,1.4780105561189416,-0.9957351730622453,-3.0054974311418126,0.042043281543352906,0.014476542942971293,0.03274172312835821,0.055219817565140494
232,1.5075458301619507,-0.9833907417702122,-3.003367105313902,1.4644628880605028,-0.9973810616980933,-3.0357926556293995,0.04308294210144781,0.013990319927881023,0.03242555031549754,0.05570713836721494
233,1.4949784258418508,-0.9851390267515188,-3.0339785026143495,1.450768774933639,-0.9986280112074989,-3.0656649915020315,0.04420965090821172,0.013488984455980124,0.031686488887681996,0.05603998138033964
234,1.48236340016472,-0.9865018469473102,-3.064589899914797,1.4369295861382525,-0.9994755228272839,-3.095069282657533,0.0454338140264674,0.012973675879973667,0.030479382742735872,0.056227577710661
235,1.4697125732137553,-0.9874779254162225,-3.0952012972152447,1.4229467055816887,-0.9999232575641007,-3.1239647189303588,0.04676586763206658,0.01244533214787824,0.028763421715114035,0.05629624407020843
236,1.4565114874324192,-0.9880907814086267,-3.1232205088508196,1.4088215315403523,-0.9999710363300244,3.1308702891621083,0.047689955892066926,0.01188025492139766,0.0290945091666579,0.05711359569869001
237,1.4432984137463543,-0.9883335612270674,3.131945586693192,1.3945554765198755,-0.9996188400141854,3.1030967943149705,0.04874293722647871,0.011285278787118047,0.028848792378221244,0.0577536515594394
238,1.430083724746881,-0.9882060742833515,3.103926375057617,1.3801499671138728,-0.9988668094904141,3.0759271557872387,0.04993375763300811,0.010660735207062566,0.027999219270378184,0.05823218788829608
239,1.4168777942933803,-0.9877084206578991,3.075907163422042,1.3656064438612794,-0.9977152455608932,3.0493838894183343,0.05127135043210096,0.010006824902994094,0.026523274003707797,0.05858644880555779
240,1.4036909893695575,-0.986840991021178,3.047887951786467,1.350926361102302,-0.9961646088358407,3.023485121228019,0.05276462826725559,0.009323617814662732,0.024402830558448052,0.058877279018309685
241,1.3896988973177682,-0.9855260152068002,3.023177259013726,1.3361111868329818,-0.9942155195492712,2.998244789888664,0.05358771048478639,0.008689504342471066,0.024932469125062084,0.059739251898490345
242,1.3757435676191516,-0.9838657217444706,2.998466566240985,1.3211624025584014,-0.9918687573109126,2.9736728934044856,0.05458116506075017,0.008003035566441996,0.024793672836499248,0.060480396579304534
243,1.3618335212203245,-0.9818611243882365,2.9737558734682437,1.3060815031445296,-0.9891252607943699,2.9497757684852686,0.055752018075794885,0.007264136406133437,0.023980104982975092,0.061123650351113515
244,1.3479772514184976,-0.9795134471197182,2.9490451806955025,1.2908699966687416,-0.9859861273616705,2.9265563918596627,0.057107254749755976,0.0064726802419522445,0.022488788835839824,0.06171612234960229
245,1.3341832186755755,-0.9768241234007624,2.9243344879227613,1.2755294042690073,-0.9824526126243325,2.904014693833692,0.05865381440656825,0.005628489223570066,0.020319794089069365,0.062328515682648626
246,1.3193893836421284,-0.9735584991637353,2.903093390355471,1.2600612599917844,-0.9785261299411385,2.8821478756489345,0.05932812365034401,0.0049676307774032535,0.020945514706536716,0.06311274196018471
247,1.3046682460827614,-0.9699793979340267,2.881852292788181,1.2444671106386092,-0.974208249852809,2.8609507235309106,0.06020113544415229,0.004228851918782306,0.02090156925727049,0.06386654440888932
248,1.2900264476928036,-0.9660884344849395,2.860611195220891,1.2287485156114235,-0.9695006994538089,2.8404159136590224,0.061277932081380104,0.003412264968869372,0.020195281561868672,0.06461019973464839
249,1.2754705943723479,-0.9618873642918006,2.839370097653601,1.2129070467566294,-0.9644053617015306,2.820534303571183,0.06256354761571847,0.0025179974097300217,0.018835794082417756,0.06538596898368124
250,1.2610072532458856,-0.9573780827399468,2.818129000086311,1.1969442882079129,-0.9589242746631383,2.8012952066945758,0.06406296503797271,0.0015461919231914978,0.016833793391735075,0.06625579822834737
251,1.2454315906437037,-0.9521565308445458,2.800155481827093,1.1808618362278254,-0.9530596307003675,2.7826866477405034,0.06456975441587831,0.0009030998558217096,0.017468834086589613,0.06689715194999872
252,1.22995228841756,-0.9466558879471126,2.7821819635678753,1.1646612990481637,-0.9468137755926088,2.764695597602315,0.06529098936939626,0.00015788764549617973,0.017486365965560413,0.06759224227694126
253,1.2145743469805357,-0.9408779309679697,2.7642084453086575,1.1483442967091446,-0.9401892075986283,2.747308187147715,0.06623005027139106,-0.0006887233693413375,0.01690025816094254,0.06835577974638991
254,1.199302734002258,-0.9348245264106089,2.7462349270494397,1.1319124608974056,-0.9331885764572977,2.7305098999059307,0.06739027310485235,-0.0016359499533111777,0.015725027143508985,0.06921995174846932
255,1.184142382804151,-0.9284976297587395,2.728261408790222,1.1153674347828333,-0.9258146823277321,2.71428574412675,0.06877494802131778,-0.0026829474310073875,0.01397566466347211,0.0702318366913349
256,1.1678346236502164,-0.9213450874753061,2.713187003057742,1.0987108728542532,-0.918070474669267,2.69862040504676,0.06912375079596322,-0.0032746128060391344,0.014566598010981924,0.07071776149416385
257,1.1516365335710748,-0.9139475373722614,2.698112597325262,1.081944440753977,-0.9099590510617106,2.6834983784538204,0.06969209281709765,-0.003988486310550821,0.014614218871441764,0.07131950096221096
258,1.1355517933138917,-0.906306660420105,2.6830381915927823,1.0650698151112423,-0.9014836559663549,2.6689040868100813,0.07048197820264934,-0.004823004453750057,0.014134104782701051,0.07204681492840612
259,1.1195840578689664,-0.898424192881325,2.6679637858603025,1.0480886833745522,-0.8926476794282345,2.654821979292142,0.07149537449441423,-0.005776513453090493,0.01314180656816033,0.07292231319455804
260,1.1037369556391967,-0.8903019259158611,2.6528893801278226,1.0310027436429283,-0.8834546557201532,2.6412366171483908,0.0727342119962684,-0.006847270195707855,0.011652762979431852,0.07397930513938313
261,1.0867653841209253,-0.8812777399967044,2.6403087832443215,1.0138137044961069,-0.8739082619290224,2.6281327457710297,0.07295167962481841,-0.007369478067682067,0.012176037473291768,0.07432706543126265
262,1.069908682292809,-0.8720407613358384,2.6277281863608204,0.9965232848236771,-0.8640123164850744,2.615495354844479,0.07338539746913186,-0.008028444850764038,0.01223283151634158,0.07482990481974051
263,1.0531695180537604,-0.8625924518636912,2.6151475894773193,0.979133213653199,-0.8537707776345435,2.603309727872266,0.0740363044005613,-0.008821674229147702,0.011837861605053401,0.07549391546924943
264,1.0365505407000961,-0.852934306957877,2.602566992593818,0.9616452299772965,-0.8431877418564168,2.591561482308587,0.0749053107227996,-0.009746565101460214,0.011005510285231335,0.07633428038826653
265,1.020054380506235,-0.8430678552065237,2.589986395710317,0.9440610825797653,-0.8322674422239013,2.5802366014347324,0.0759932979264697,-0.010800412982622465,0.009749794275584645,0.07737369539289568
266,1.0024937507523797,-0.8322624934473419,2.5795225248578197,0.9263825298606904,-0.821014246711247,2.56932145902926,0.07611122089168931,-0.011248246736094925,0.010201065828559841,0.07761122821021585
267,0.9850471462158581,-0.8212739744277013,2.5690586540053224,0.9086113396606129,-0.8094326564466194,2.558802837787985,0.07643580655524518,-0.0118413179810819,0.010255816217337621,0.07802455447847018
268,0.9677164771532138,-0.8101035012980669,2.558594783152825,0.8907492890837423,-0.7975273039117043,2.5486679423582137,0.07696718806947156,-0.012576197386362509,0.009926840794611369,0.07861711612736579
269,0.9505036411270306,-0.7987522971313492,2.5481309123003277,0.8727981643202526,-0.7853029510887806,2.538904407763251,0.07770547680677797,-0.013449346042568644,0.009226504537076519,0.07939870540956041
270,0.9334105227981649,-0.7872216047889883,2.5376670414478304,0.8547597604676596,-0.7727644875559871,2.5295003039093875,0.07865076233050539,-0.014457117233001138,0.00816673753844288,0.08038436574284949
271,0.9153343690652868,-0.7747505893073707,2.528995570320965,0.836635881351318,-0.759916928531561,2.5204441367892327,0.07869848771396881,-0.01483366077580972,0.008551433531732044,0.08053953362122931
272,0.8973670356364181,-0.7621232978173778,2.520324099194099,0.8184283393440346,-0.7467654128678123,2.5117248469228364,0.07893869629238348,-0.01535788494956547,0.008599252271262792,0.0808772498425241
273,0.8795098735461564,-0.749340679814812,2.5116526280672336,0.800138955184839,-0.7333152009956565,2.503331805511806,0.07937091836131738,-0.016025478819155503,0.008320822555427654,0.08139898488863988
274,0.8617642255448824,-0.7364036964750889,2.502981156940368,0.7817695577969044,-0.7195716728205074,2.495254808721464,0.07999466774797803,-0.016832023654581474,0.0077263482189038335,0.08211065914494625
275,0.8441314259977929,-0.7233133205809614,2.4943096858135023,0.7633219841046635,-0.7055403255703919,2.4874840704519436,0.08080944189312944,-0.017772995010569503,0.006825615361558679,0.08302189034097417
276,0.8256089554342491,-0.7093117036577633,2.4871631513483154,0.7447980788501106,-0.6912267715971265,2.480010213910566,0.08081087658413844,-0.01808493206063677,0.007152937437749252,0.08311815118205564
277,0.8071870200535033,-0.6951780739375194,2.4800166168831286,0.7261996944083366,-0.6766367361314569,2.4728242622546763,0.08098732564516664,-0.018541337806062486,0.007192354628452247,0.08339339355066568
278,0.7888665607142253,-0.6809131532633902,2.4728700824179417,0.7075286906022854,-0.6617760549930369,2.4659176285357978,0.08133787011193994,-0.01913709827035326,0.0069524538821439386,0.08384756561486628
279,0.7706485130924258,-0.6665176701839246,2.465723547952755,0.68878693451678,-0.6466506722561834,2.4592821051422575,0.0818615785756458,-0.01986699792774116,0.0064414428104973,0.08448377263734386
280,0.7525338076336685,-0.651992359915851,2.458577013487568,0.6699763003118093,-0.631266637872321,2.452909852907744,0.08255750732185918,-0.02072572204353007,0.005667160579823971,0.0853077621231621
281,0.7336295726986849,-0.6366107164789637,2.4527403343007,0.65109866903512,-0.6156301052500863,2.446793390027349,0.08253090366356486,-0.0209806112288774,0.0059469442733508515,0.0853633542760139
282,0.7148154369747771,-0.6211189977150895,2.446903655113832,0.6321559284341076,-0.5997473287940437,2.440925580900035,0.0826595085406695,-0.021371668921045806,0.0059780742137967025,0.08558668094955821
283,0.6960920413979748,-0.6055177313763856,2.441066975926964,0.6131499727670459,-0.5836246614030073,2.435299624996844,0.0829420686309289,-0.021893069973378365,0.005767350930119708,0.0859764828216886
284,0.6774600238130876,-0.5898074489469367,2.435230296740096,0.5940827026136648,-0.5672685519289687,2.4299090458371793,0.08337732119942276,-0.022538897017967963,0.005321250902916574,0.08653378115135192
285,0.6589200189519762,-0.5739886856246488,2.429393617553228,0.5749560246850888,-0.5506855425976376,2.4247476801408347,0.08396399426688739,-0.023303143027011197,0.004645937412393053,0.08726152383855734
286,0.6396947186781768,-0.5573903385865472,2.4246969424239158,0.5557718516331736,-0.5338822663916443,2.419809667210888,0.08392286704500329,-0.023508072194902918,0.004887275213027564,0.087290105569772
287,0.6205475872042198,-0.5407018799598793,2.4200002672946037,0.5365321018592358,-0.5168654443974288,2.4150894385917674,0.08401548534498393,-0.02383643556245052,0.004910828702836323,0.08746938708270835
288,0.6014790468912542,-0.5239236778706264,2.4153035921652917,0.5172386993222217,-0.4996418831169025,2.410581708037644,0.08424034756903254,-0.02428179475372394,0.004721884127647513,0.08779714064095887
289,0.5824895183668092,-0.5070561024243956,2.4106069170359796,0.49789357334630513,-0.48221847174493154,2.4062814618184905,0.08459594502050405,-0.02483763067946404,0.004325455217489171,0.08827282353318093
290,0.563579420515515,-0.4900995256982553,2.4059102419066676,0.47849865842796485,-0.4646021794137574,2.402183949384547,0.08508076208755017,-0.0254973462844979,0.0037262925221206444,0.08889733404838597
291,0.5440909053809319,-0.47245845801977054,2.402221760850602,0.4590558940425284,-0.44680005240543,2.398284674404404,0.08503501133840347,-0.025658405614340518,0.003937086446197835,0.08890898481974284
292,0.5246675914121739,-0.454745627487673,2.3985332797945365,0.4395672244502339,-0.42881921133339584,2.394579386187274,0.08510036696194001,-0.025926416154277154,0.003953893607262504,0.08904990054075954
293,0.50530974286104,-0.43696127508284477,2.394844798738471,0.4200345985017983,-0.41066684829434086,2.3910640714961615,0.08527514435924172,-0.02629442678850391,0.0037807272423093785,0.08931708136804654
294,0.48601762308868024,-0.41910564275921414,2.3911563176824053,0.40045996944354106,-0.39235022399145386,2.387734946755494,0.08555765364513918,-0.026755418767760275,0.0034213709269113046,0.08970880842882337
295,0.46679149456201263,-0.40117897344046405,2.3874678366263398,0.3808452947220541,-0.373876664830236,2.3845884506541766,0.08594619983995855,-0.027302308610228032,0.0028793859721631954,0.09022447664550298
296,0.44709560899301576,-0.3826780204196246,2.3846875712993367,0.36119253578846583,-0.35525355998804264,2.381621237142953,0.08590307320454993,-0.027424460431581976,0.0030663341563839097,0.09022661149078068
297,0.4274512370392721,-0.3641223791865845,2.3819073059723337,0.34150365790229065,-0.3364883584585042,2.3788301688233062,0.08594757913698148,-0.0276340207280803,0.0030771371490274646,0.09033323991832459
298,0.40785853054922927,-0.34551219317404397,2.3791270406453306,0.3217806299349115,-0.31758856607203484,2.3762123107238504,0.08607790061431775,-0.02792362710200913,0.0029147299214802302,0.09054076195402595
299,0.38831764097196736,-0.3268476062363273,2.3763467753183276,0.3020254241726877,-0.2985617424935936,2.373764924459197,0.08629221679927968,-0.02828586374273373,0.00258185085913043,0.09084658893797376
300,0.36882871935602857,-0.3081287626482709,2.3735665099913246,0.2822400161197344,-0.27941549819892586,2.371485462765573,0.08658870323629414,-0.028713264449345022,0.002081047225751753,0.09124903200054697
301,0.3489799008967868,-0.28895786368971416,2.3716213706632763,0.2624263843003676,-0.260157491430468,2.3693715644070066,0.08655351659641924,-0.028800372259246143,0.002249806256269693,0.09124710573858508
302,0.32916841003320396,-0.26974839230528247,2.369676231335228,0.2425865100612595,-0.2407954251341592,2.3674210494456176,0.08658189997194446,-0.02895296717112328,0.0022551818896103804,0.09132242635913243
303,0.3093943217233595,-0.25050042117527505,2.3677310920071797,0.22272237737329917,-0.22133704387835867,2.365631914869418,0.08667194435006034,-0.02916337729691637,0.002099177137761643,0.09147095198716343
304,0.289657710783818,-0.23121402312565736,2.3657859526791314,0.20283597263320371,-0.2017901307561289,2.364002330571082,0.08682173815061431,-0.02942389236952847,0.0017836221080496095,0.0916894812150868
305,0.26995865188934587,-0.21188927112778574,2.363840813351083,0.1829292844648735,-0.182162504272095,2.3625306356712543,0.08702936742447237,-0.029726766855690756,0.0013101776798287723,0.09197558386631274
306,0.25001031255920136,-0.19224368564222272,2.3626809138413254,0.16300430352053824,-0.16246201521515416,2.3612153351802236,0.08700600903866312,-0.029781670427068557,0.0014655786611017518,0.0919735909001836
307,0.230084773547837,-0.17257497530809685,2.3615210143315677,0.14306302228168652,-0.14269654351825772,2.360055096992098,0.08702175126615047,-0.02987843178983912,0.0014659173394697689,0.0920198608632614
308,0.2101820616624098,-0.1528831665870365,2.36036111482181,0.1231074348598263,-0.12287399510655006,2.3590487492060004,0.0870746268025835,-0.03000917148048643,0.0013123656158096075,0.09211006084714086
309,0.19030220367936607,-0.13316828597174576,2.3592012153120523,0.10313953679706928,-0.10300229873509785,2.3581952777692634,0.08716266688229679,-0.030165987236647915,0.0010059375427888817,0.0922406049109384
310,0.17044522634440512,-0.11343035998596901,2.3580413158022946,0.08316132486658098,-0.0830894028174964,2.3574938244380585,0.08728390147782414,-0.030340957168472613,0.0005474913642360413,0.09240861911035958
311,0.15044996518640658,-0.09350881828556995,2.357637443548081,0.06317479687290779,-0.06314327224661277,2.356943685051464,0.08727516831349878,-0.030365546038957178,0.0006937584966171251,0.09240942966626943
312,0.13046275141688474,-0.07357920267892212,2.3572335712938672,0.04318195145219192,-0.04317188520872868,2.3565443081154838,0.08728079996469282,-0.030407317470193443,0.0006892631783834702,0.09242844844493998
313,0.1104835882960099,-0.05364151641680086,2.3568296990396536,0.02318478787231655,-0.02318322999237945,2.356295293694157,0.08729880042369335,-0.03045828642442141,0.0005344053454967579,0.09246119919404697
314,0.09051247908263924,-0.0336957627512979,2.35642582678544,0.0031853058329736565,-0.0031853017931379904,2.356196392605459,0.08732717324966557,-0.030510460958159912,0.00022943417998089188,0.0925039245421482
315,0.07054942703431619,-0.013741944935820882,2.356021954531226,-0.016814494734297237,0.016813900484349713,2.3562475059203347,0.08736392176861342,-0.030555845420170594,-0.0002255513891085137,0.09255358118172897
316,0.05055911676197705,0.0062552646097549965,2.356364088194762,-0.03681261386610762,0.03680637742582691,2.3564486847638113,0.08737173062808468,-0.030551112816071913,-8.459656904946655e-05,0.0925591538629564
317,0.030561965941196385,0.02624563362698451,2.3567062218582975,-0.05680705176720758,0.05678413230707805,2.3568001304177795,0.08736901770840397,-0.03053849868009354,-9.390855948199217e-05,0.09255243905907086
318,0.010557976912749522,0.04622915977588617,2.357048355521833,-0.07679580901047076,0.07673917429251892,2.3573021947256567,0.08735378592322028,-0.030510014516632752,-0.0002538392038236026,0.09252896484488701
319,-0.009452847981787745,0.06620584071727946,2.3573904891853688,-0.0967768867368283,0.09666352163141724,2.357955380799775,0.08732403875504055,-0.03045768091413778,-0.0005648916144060934,0.09248501053519584
320,-0.029470506400039446,0.08617567411278518,2.3577326228489044,-0.11674828685516017,0.11654920485049365,2.358760344032969,0.08727778045512072,-0.030373530737708473,-0.0010277211840645784,0.09241763111808779
321,-0.04940472887786421,0.10604866776323021,2.3588294224670343,-0.13670801224209556,0.13638826994159764,2.359717893416455,0.08730328336423135,-0.030339602178367425,-0.0008884709494205723,0.09242913029529616
322,-0.06936073605303711,0.12589978561715698,2.3599262220851642,-0.1566540669417306,0.1561727815432119,2.3608289931666846,0.08729333088869348,-0.030272995926054924,-0.0009027710815203704,0.09239802430575826
323,-0.08933850391909452,0.1457290037942805,2.361023021703294,-0.1765844563652152,0.175894826114484,2.3620947646644646,0.08724595244612067,-0.03016582232020351,-0.0010717429611704077,0.09231999614092093
324,-0.10933800844339539,0.16553629844066045,2.362119821321424,-0.19649718749021736,0.19554651510054424,2.363516488710183,0.08715917904682197,-0.030010216659883793,-0.0013966673887590986,0.09219157377919068
325,-0.12935922556715013,0.18532164572872978,2.363216620939554,-0.21639026906021674,0.21511998808781552,2.365095608099521,0.08703104349306662,-0.02979834235908574,-0.0018789871599671493,0.092010186020835
326,-0.149187047866096,0.2048729381898479,2.365095862148931,-0.23626171178363561,0.23460741594808077,2.366833730524539,0.08707466391753962,-0.029734477758232875,-0.0017378683756077429,0.09202801992001272
327,-0.16905157672646753,0.2243869348889922,2.366975103358308,-0.25610952853275937,0.2540010039700232,2.3687326318054684,0.08705795180629183,-0.02961406908103098,-0.0017575284471602615,0.09197374063549489
328,-0.1889527419957577,0.24386356691157626,2.3688543445676853,-0.27593173454245457,0.2732929949770132,2.3707942594589726,0.08697899254669686,-0.02942942806543694,-0.0019399148912873088,0.09184334298403185
329,-0.20889047339207628,0.2633027654749688,2.3707335857770624,-0.29572634760863703,0.29247567242986966,2.373020736608938,0.08683587421656075,-0.02917290695490088,-0.002287150831875806,0.09163382896115066
330,-0.22886470050439806,0.2827044619287364,2.3726128269864395,-0.3154913882864973,0.3115413635133787,2.3754143662461753,0.08662668778209925,-0.028836901584642305,-0.002801539259735808,0.09134330052786296
331,-0.2485367973544613,0.3017409707430641,2.375322800342549,-0.33522488008843665,0.3304824422053109,2.3779776358435334,0.08668808273397535,-0.028741471462246815,-0.0026548355009845537,0.09136708390577535
332,-0.2682604103376023,0.32072409886272657,2.378032773698658,-0.35492484968172117,0.34929133232673576,2.3807132223330263,0.08666443934411888,-0.02856723346400919,-0.0026804486343681155,0.09129072614181111
333,-0.2880353946045718,0.33965370687655916,2.3807427470547675,-0.37458932708580633,0.3679605105723846,2.3836239974514886,0.08655393248123455,-0.028306803695825444,-0.0028812503967210468,0.09111070171658603
334,-0.3078616049288524,0.35852965576644635,2.383452720410877,-0.3942163458693397,0.38648250951987934,2.3867130334610547,0.08635474094048728,-0.027952853753432982,-0.003260313050177821,0.0908247375831312
335,-0.32773889570772513,0.37735180690834264,2.386162693766986,-0.4138039433467995,0.4048499206165983,2.389983609250355,0.08606504763907435,-0.027498113708255667,-0.0038209154833688252,0.09043195274768397
336,-0.3472071709812868,0.39568684550500427,2.3897746349486013,-0.43335016077475924,0.42305539714299684,2.3934392168216947,0.08614298979347246,-0.027368551637992566,-0.0036645818730933755,0.09046038618989181
337,-0.3667415441992447,0.4139514463889484,2.3933865761302164,-0.4528530435477663,0.44109165715120235,2.3970835681686076,0.08611149934852158,-0.02714021076225398,-0.0036969920383911337,0.09036287462449348
338,-0.38634176051411645,0.4321453712782755,2.3969985173118316,-0.472310641393794,0.4589514863776903,2.400920602546995,0.08596888087967752,-0.026806115099414773,-0.003922085235163575,0.09013655772781178
339,-0.40600756421942363,0.4502683828131328,2.4006104584934467,-0.49172100856927403,0.47662774112889944,2.404954494141537,0.0857134443498504,-0.026359358315766634,-0.004344035648090383,0.08978018132553396
340,-0.4257386987530278,0.4683202445588104,2.404222399675062,-0.5110822040536624,0.49411335113860816,2.409189660127124,0.08534350530063467,-0.025793106579797775,-0.004967260452062305,0.08929429948454093
341,-0.4449566242459343,0.485775479301779,2.4088340448981964,-0.5303922917435467,0.5114013223959523,2.4136307691226384,0.08543566749761244,-0.025625843094173262,-0.004796724224441995,0.08932494432315716
342,-0.46425484244737675,0.5031419024923085,2.413445690121331,-0.549649340646248,0.5284847399429308,2.4182827500314454,0.0853944981988713,-0.02534283745062227,-0.004837059910114405,0.08920693292149288
343,-0.48363294293763337,0.5204191447946136,2.4180573353444657,-0.5688514250729251,0.5453567706403021,2.42315080125933,0.0852184821352917,-0.024937625845688483,-0.005093465914864481,0.08893828351890128
344,-0.5030905135981071,0.5376068387695397,2.4226689805676003,-0.5879966248311352,0.5620106659007431,2.4282404002962408,0.08490611123302816,-0.02440382713120337,-0.005571419728640503,0.08851912347712043
345,-0.5226271406200902,0.5547046188823779,2.427280625790735,-0.6070830254168587,0.5784397643882002,2.433557313642975,0.08445588479676847,-0.02373514550582234,-0.006276687852240226,0.08795197791625864
346,-0.5415502227458917,0.5711119588553595,2.433020974538498,-0.6261087182059404,0.5946374946823286,2.439107607057674,0.08455849546004868,-0.023525535826969146,-0.006086632519175961,0.08798089045830675
347,-0.5605671764358148,0.5874104040107769,2.438761323286261,-0.645071800644958,0.6105973779069791,2.4448976560896263,0.08450462420914318,-0.023186973896202168,-0.006136332803365452,0.08784259702140715
348,-0.5796773750524576,0.6035994172901985,2.444501672034024,-0.6639703764414682,0.6263130303216559,2.4509341568591303,0.08429300138901052,-0.022713613031457358,-0.006432484825106499,0.08753625055447455
349,-0.5988801888858573,0.6196784652411385,2.4502420207817868,-0.6828025557536419,0.6417781658749337,2.4572241370319414,0.08392236686778465,-0.022099700633795294,-0.006982116250154657,0.08706382932151034
350,-0.6181749851742389,0.635647018034635,2.4559823695295497,-0.7015664553792397,0.6569865987187891,2.463774966924827,0.08339147020500082,-0.02133958068415409,-0.0077925973952770455,0.0864305477299082
351,-0.636761407176971,0.6508503915043409,2.4630176306435754,-0.7202601989439371,0.671932245682862,2.4705943706648235,0.08349879176696606,-0.021081854178521153,-0.007576740021248085,0.08645171942475853
352,-0.6554543280349101,0.6659226294775761,2.470052891757601,-0.7388819170889542,0.6866091287076386,2.477690437308543,0.08342758905404413,-0.020686499230062494,-0.007637545550942093,0.08629267621188112
353,-0.6742528225476432,0.6808629859585221,2.4770881528716266,-0.7574297476579961,0.7010113772355988,2.4850716318091606,0.0831769251103529,-0.020148391277076683,-0.007983478937533928,0.08595402537294855
354,-0.6931559602894217,0.6956707214787949,2.4841234139856523,-0.7759018358834606,0.715133230559358,2.4927468056970676,0.0827458755940389,-0.019462509080563017,-0.008623391711415351,0.08544022514099356
355,-0.7121628056552126,0.7103451031340443,2.491158675099678,-0.7942963345719204,0.7289690401258765,2.5007252073153747,0.08213352891670778,-0.01862393699183218,-0.00956653221569681,0.08476016835767478
356,-0.7303743097062633,0.7242020436062041,2.499699062388896,-0.8126114042888336,0.7425132717958018,2.509016491422985,0.08223709458257034,-0.01831122818959774,-0.009317429034088942,0.08476470543215155
357,-0.7487034918037035,0.7379029473241816,2.508239449678114,-0.8308452135424925,0.7557605080570542,2.5176307279456003,0.08214172173878898,-0.01785756073287259,-0.009391278267486314,0.08458339691120374
358,-0.7671490150578338,0.7514468149745891,2.516779836967332,-0.8489959389671652,0.7687054501917557,2.5265784096181902,0.08184692390933135,-0.01725863521716664,-0.009798572650858262,0.08421871210706827
359,-0.7857095340932898,0.7648326586978997,2.52532022425655,-0.8670617655054355,0.78134292039565,2.5358704582208973,0.08135223141214565,-0.016510261697750273,-0.010550233964347289,0.08367844246737605
360,-0.804383695147171,0.7780595021604997,2.533860611545768,-0.8850408865897049,0.7936678638491532,2.545518229063543,0.08065719144253392,-0.015608361688653538,-0.011657617517775165,0.08297652398234173
361,-0.8221867752088337,0.7904424055119286,2.544166926548265,-0.9029315043228463,0.8056753507392133,2.5555335133215724,0.08074472911401265,-0.015232945227284689,-0.011366586773307485,0.08295151110659689
362,-0.840116529599394,0.8026411703095211,2.554473241550762,-0.9207318296579966,0.8173605782311729,2.565928537768054,0.08061530005860262,-0.014719407921651828,-0.011455296217292243,0.08274485714851669
363,-0.8581710538348868,0.8146545008103773,2.5647795565532587,-0.9384400825774543,0.8287188723898353,2.5767159613820527,0.08026902874256747,-0.014064371579458057,-0.01193640482879399,0.08236140651686959
364,-0.8763484301783953,0.8264811209682776,2.5750858715557556,-0.9560544922706857,0.83974569004898,2.5879088682432516,0.07970606209229048,-0.013264569080702393,-0.01282299668749598,0.08181341192741153
365,-0.8946467278437514,0.8381197745692239,2.5853921865582525,-0.9735732973113987,0.8504366206285644,2.5995207560461813,0.07892656946764731,-0.01231684605934047,-0.014128569487928733,0.08112166505044185
366,-0.9120141680304342,0.848916575290869,2.597779594291145,-0.9909947458336898,0.8607873878989016,2.6115655194852865,0.07898057780325562,-0.011870812608032688,-0.01378592519414168,0.08104874826651928
367,-0.9295140166881123,0.8594974155892235,2.610167002024037,-1.008317095707223,0.870793851691091,2.6240574276749693,0.07880307901911066,-0.01129643610186748,-0.013890425650932237,0.08081137702242086
368,-0.9471435885366155,0.8698606718776389,2.6225544097569293,-1.0255386147114476,0.8804520095530344,2.637011094678,0.07839502617483207,-0.01059133767539544,-0.01445668492107055,0.08041736318491154
369,-0.9649001783902812,0.8800047539568424,2.6349418174898216,-1.042657580708813,0.8897579983503596,2.650441442122924,0.07775740231853179,-0.009753244393517213,-0.015499624633102282,0.07988477799488936
370,-0.9827810615730532,0.8899281052589469,2.647329225222714,-1.0596722818169868,0.8987080958116269,2.664363652799013,0.07689122024393358,-0.008779990552679973,-0.017034427576299027,0.07924342059476248
371,-0.9996936925772509,0.8990419339311538,2.6621627094961515,-1.0765810165800351,0.9072987220171839,2.678793114029098,0.0768873240027842,-0.008256788086030031,-0.016630404532946397,0.07909744304802885
372,-1.016739647830038,0.9079038959075152,2.676996193769589,-1.0933820941385743,0.9155264408310896,2.693745349540943,0.07664244630853645,-0.0076225449235743925,-0.01674915577135394,0.07882069516517778
373,-1.0339151767402013,0.9165120413063008,2.691829678043027,-1.1100738343988477,0.9233879612755189,2.709235938492216,0.07615865765864638,-0.006875919969218103,-0.017406260449189137,0.07842446885134126
374,-1.0512165002066667,0.9248644760925909,2.7066631623164645,-1.12665456820074,0.9308801388471135,2.7252804202598746,0.07543806799407338,-0.006015662754522588,-0.01861725794341007,0.07793389887838317
375,-1.068639811450007,0.9329593624950167,2.721496646589902,-1.1431226374846875,0.9379999767747388,2.7418941835904724,0.07448282603468037,-0.005040614279722133,-0.02039753700057023,0.07738965487789069
376,-1.0850878902267576,0.9403065170491114,2.7391677687334135,-1.1594763954574863,0.9447446272181542,2.7590923387340904,0.07438850523072871,-0.00443811016904283,-0.019924570000676933,0.07713841469752013
377,-1.101663226669955,0.9473618836081747,2.756838890876925,-1.1757142067569655,0.9511113924071088,2.776889571263257,0.07405098008701039,-0.003749508798934098,-0.020050680386332065,0.0768090896446178
378,-1.1183606449578827,0.9541232590603977,2.774510013020436,-1.1918344476155285,0.9570977257204172,2.7952999764232915,0.0734738026576458,-0.002974466660019437,-0.020789963402855438,0.07641642302004403
379,-1.135174931147494,0.9605885320957611,2.7921811351639474,-1.2078355060225212,0.9627012327045702,2.814336873086924,0.0726605748750273,-0.0021127006088090816,-0.022155737922976648,0.07599275865464772
380,-1.1521008348025203,0.9667556838653144,2.8098522573074587,-1.2237157818854385,0.9679196720314864,2.834012596709942,0.07161494708291816,-0.0011639881661720253,-0.02416033940248319,0.0755895330993871
381,-1.1680834044966464,0.9722612094723687,2.830720623307792,-1.2394736871899266,0.9727509563950139,2.8543382711218332,0.07139028269328018,-0.0004897469226451401,-0.023617647814041298,0.0751971116688852
382,-1.1841773771874158,0.9774320304194035,2.851588989308125,-1.2551076461585875,0.9771931533458231,2.875323559550972,0.07093026897117172,0.00023887707358039023,-0.023734570242846864,0.0747963230593034
383,-1.20037574438594,0.9822658949540486,2.8724573553084585,-1.2706160954085512,0.9812444860643621,2.896976395989684,0.07024035102261128,0.0010214088896864926,-0.02451904068122568,0.07440385436136478
384,-1.2166714521423518,0.9867606980593183,2.8933257213087917,-1.2859974841078177,0.9849033340715609,2.9193026988581225,0.06932603196546583,0.0018573639877573767,-0.025976977549330815,0.07405641006461389
385,-1.2330574041176097,0.9909144823702896,2.914194087309125,-1.3012502741303347,0.9881682338770005,2.9423060699269263,0.068192870012725,0.002746248493289083,-0.028111982617801345,0.07381119812103627
386,-1.2485763177730336,0.9945055741080577,2.938474178800812,-1.3163729402098099,0.9910378795642899,2.9659874825973085,0.06779662243677631,0.0034676945437678297,-0.027513303796496302,0.07324881435956473
387,-1.2641778407453812,0.9977188437601225,2.9627542702924994,-1.3313639700922384,0.993511123313416,2.990344964890073,0.06718612934685719,0.0042077204467065865,-0.027590694597573684,0.0727525072856382
388,-1.2798527760323106,1.000552397123683,2.9870343617841866,-1.3462218646871233,0.9955869758598548,3.01537328382298,0.06636908865481272,0.004965421263828151,-0.028338922038793513,0.07233675303411458
389,-1.2955918833553697,1.003004563836367,3.0113144532758738,-1.360945138217388,0.9972646068902659,3.0410636392016177,0.06535325486201837,0.005739956946101077,-0.029749185925743937,0.07203477694868989
390,-1.3113858846070838,1.0050738983608998,3.035594544767561,-1.3755323183679475,0.998543345374605,3.067403376135589,0.06414643376086371,0.006530552986294791,-0.031808831368028034,0.07189725196099864
391,-1.3264303500937613,1.0066745826281691,3.0631830730344056,-1.389981946432944,0.9994226798345278,3.0943757267243446,0.06355159633918261,0.007251902793641296,-0.031192653689938954,0.07116443729565557
392,-1.3415132454913528,1.0078596557603559,3.0907716013012503,-1.4042925774616108,0.9999022585479752,3.1219595922240613,0.06277933197025809,0.007957397212380646,-0.031187990922810993,0.07054966669537718
393,-1.356623091530689,1.0086282158236397,3.118360129568095,-1.4184627804027723,0.9999818896898556,-3.1330559296913743,0.061839688872083354,0.008646326133784132,-0.03176924792011704,0.07005848406023134
394,-1.3717483884310433,1.0089796778833904,-3.1372366493446466,-1.432491138247941,0.9996615414087742,-3.1043304177311337,0.060742749816897756,0.009318136474616212,-0.032906231613512915,0.06970889040631735
395,-1.3868776246523697,1.0089137744493497,-3.109648121077802,-1.4463762481730242,0.9989413418397719,-3.0750839964195906,0.05949862352065449,0.009972432609577808,-0.03456412465821135,0.06952851448430007
396,-1.401400000157444,1.0084497060887954,-3.0793575580014423,-1.460116721678599,0.9978215790530742,-3.045356048786323,0.058716721521155035,0.010628127035721135,-0.03400150921511935,0.06867833063919174
397,-1.4159016591574292,1.0075460269411989,-3.0490669949250826,-1.4737111847287665,0.9963027009388654,-3.0151903723094278,0.05780952557133734,0.011243326002333465,-0.03387662261565483,0.06794099783062764
398,-1.430369297133404,1.0062035660852413,-3.018776431848723,-1.4871582778885493,0.9943853150281404,-2.9846349301467145,0.05678898075514516,0.011818251057100881,-0.03414150170200836,0.06730751467499861
399,-1.4447896407789702,1.0044235551590308,-2.988485868772363,-1.5004566564598378,0.992070188249698,-2.953741503402485,0.055667015680867626,0.012353366909332864,-0.03474436536987824,0.06677269826632856
400,-1.459149460177821,1.0022076272301392,-2.9581953056960035,-1.5136049906158564,0.9893582466233818,-2.9225652469480483,0.054455530438035415,0.012849380606757443,-0.03563005874795522,0.06633258975532205
401,-1.4730479431971846,0.9996297149499874,-2.9263828275586996,-1.5266019655341467,0.9862505748896836,-2.891164155538977,0.05355402233696216,0.013379140060303829,-0.03521867201972251,0.06547816090922112
402,-1.4868573979966277,0.9966110364136356,-2.8945703494213957,-1.5394462815280487,0.9827484160758617,-2.859598451199729,0.052588883531420993,0.013862620337773857,-0.034971898221666464,0.06465907963261788
403,-1.5005638501202254,0.9931546463680501,-2.8627578712840918,-1.5521366541766646,0.9788531709987472,-2.827929906773413,0.05157280405643916,0.014301475369302818,-0.03482796451067882,0.06385353105302592
404,-1.514153429345447,0.9892640425016666,-2.830945393146788,-1.5646718144533056,0.9745663977044351,-2.7962211238571486,0.050518385107858554,0.014697644797231457,-0.03472426928963923,0.06303889969051547
405,-1.5276123837191071,0.984943161904909,-2.799132915009484,-1.57705050885239,0.9698898108450863,-2.7645347857899107,0.04943812513328294,0.01505335105982275,-0.03459812921957317,0.062191334929543776
406,-1.5407473239328744,0.980260466153164,-2.7673638042753077,-1.5892714995147947,0.964825280993091,-2.732932907721797,0.04852417558192035,0.015435185160073028,-0.034430896553510504,0.06146809899703516
407,-1.5537268962545934,0.9751629180888569,-2.7355946935411315,-1.6013335643516353,0.9593748338928642,-2.7014761059532435,0.04760666809704195,0.015788084195992758,-0.034118587587887994,0.06066083142254195
408,-1.5665380018100328,0.969655662114232,-2.7038255828069553,-1.613235497166481,0.9535406496505743,-2.6702229076755954,0.04669749535644829,0.016115012463657763,-0.03360267513135984,0.059745204621400906
409,-1.5791677117401925,0.9637442561052797,-2.672056472072779,-1.6249761077759686,0.9473250618621301,-2.639229120063048,0.04580839603577602,0.016419194243149637,-0.03282735200973086,0.058699524077589924
410,-1.5916032802489977,0.9574346658027747,-2.640287361338603,-1.6365542221288205,0.940730556679773,-2.608547274546721,0.04495094187982285,0.016704109123001687,-0.03174008679188178,0.05750693477340405
411,-1.603848722919957,0.9507241809470515,-2.610083688388448,-1.6479686824232516,0.9337597718176508,-2.578226158302969,0.044119959503294615,0.01696440912940067,-0.03185753008547909,0.05700231773208222
412,-1.6158859300154502,0.9436469556046699,-2.579880015438293,-1.6592183472227418,0.926415495496766,-2.54831044080868,0.04333241720729153,0.017231460107903884,-0.03156957462961296,0.05631393824597744
413,-1.627703921285324,0.9362094455675788,-2.549676342488138,-1.670302091570187,0.9187006653297247,-2.518840399062686,0.04259817028486301,0.01750878023785407,-0.03083594342545215,0.05542577833439366
414,-1.6392919164464586,0.9284184352767268,-2.519472669537983,-1.681218807100389,0.9106183671457304,-2.4898517410274974,0.041926890653930515,0.017800068130996438,-0.02962092851048581,0.054333286217548744
415,-1.6506393450164625,0.9202810316333466,-2.4892689965878283,-1.691967402150893,0.9021718337562933,-2.4613755232435177,0.04132805713443055,0.01810919787705334,-0.027893473344310582,0.053047122537106514
416,-1.661925362446413,0.9116598977876283,-2.4616961987758597,-1.702546801871149,0.893364443662152,-2.4334381555791036,0.04062143942473595,0.018295454125476396,-0.028258043196756066,0.052757387993575225
417,-1.6729694113374491,0.9027308932346372,-2.434123400963891,-1.7129559483300023,0.8841997197019128,-2.4060614838033527,0.03998653699255317,0.018531173532724377,-0.028061917160538297,0.05224747580392455
418,-1.6837630958819623,0.8935008059019803,-2.4065506031519224,-1.723193800621481,0.8746813276429652,-2.3792629391356055,0.03943070473951882,0.018819478259015088,-0.02728766401631688,0.05151281244179984
419,-1.6942982106020776,0.8839766526037105,-2.3789778053399537,-1.7332593349688885,0.8648130747152218,-2.353055743107651,0.03896112436681087,0.01916357788848866,-0.025922062232302867,0.050568421369365076
420,-1.7045667465875487,0.8741656737060661,-2.351405007527985,-1.7431515448271764,0.8545989080882805,-2.327449155898217,0.03858479823962768,0.019566765617785586,-0.023955851629767988,0.04945227799850669
421,-1.7148760027809433,0.8637571894954251,-2.3269234173193527,-1.7528694409836028,0.8440429132926041,-2.3024487566599667,0.037993438202659435,0.01971427620282107,-0.02447466065938597,0.049306825562517344
422,-1.7249273789193065,0.8530994625074904,-2.3024418271107203,-1.7624120516566506,0.833149312585366,-2.278056745137869,0.03748467273734413,0.019950149922124405,-0.024385081972851275,0.04896673763856141
423,-1.7347148510287282,0.8421988801133473,-2.277960236902088,-1.7717784225932054,0.8219224632616022,-2.2542722549523493,0.03706357156447715,0.020276416851745083,-0.023687981949738646,0.048435130910445524
424,-1.7442325532978191,0.8310619752317766,-2.2534786466934555,-1.780967617163977,0.8103668559113548,-2.2310916701770687,0.03673506386615788,0.020695119320421784,-0.02238697651638688,0.04773813568293646
425,-1.7534747815931984,0.8196954224139562,-2.228997056484823,-1.789978716457167,0.7984871126234903,-2.208508938179551,0.036503934863968635,0.02120830979046595,-0.020488118305272085,0.04692646008822809
426,-1.7628119740584527,0.8076197888978738,-2.2075767364826877,-1.7988108193703554,0.7862879851369292,-2.186515873031657,0.03599884531190267,0.021331803760944568,-0.02106086345103053,0.04684573283436496
427,-1.7718883803589622,0.795346935251879,-2.1861564164805523,-1.8074630427006113,0.7737743529400123,-2.165102445073569,0.03557466234164908,0.02157258231186676,-0.021053971406983063,0.04662834567439287
428,-1.780699836125467,0.7828824924154395,-2.164736096478417,-1.8159345212328108,0.7609512213187744,-2.144257053386,0.035234685107343955,0.02193127109666515,-0.02047904309241666,0.046280178181486775
429,-1.7892422985513403,0.7702321792315504,-2.1433157764762814,-1.8242244078261607,0.7478237193548899,-2.123966778963472,0.03498210927482037,0.022408459876660514,-0.019348997512809163,0.04582871095841637
430,-1.7975118482474812,0.7574017998228583,-2.121895456474146,-1.8323318734989098,0.7343970978741133,-2.104217617273643,0.03482002525142858,0.023004701948744932,-0.01767783920050281,0.04532280297002323
431,-1.8058811061148743,0.7437848040111452,-2.1032250645829738,-1.840256107511248,0.7206767273460168,-2.084994689631238,0.03437500139637373,0.023108076665128374,-0.01823037495173585,0.04525450805216011
432,-1.8139946854537932,0.7300139332144888,-2.0845546726918016,-1.8479963174463758,0.7066680957358779,-2.0662824334160166,0.03400163199258266,0.023345837478610965,-0.01827223927578503,0.04511112760603838
433,-1.8218497580862396,0.7160939875922486,-2.0658842808006295,-1.855551729289751,0.6923768063095604,-2.048064771633234,0.03370197120351137,0.023717181282688182,-0.01781950916739561,0.044898356962867814
434,-1.8294435859427791,0.7020298192673039,-2.0472138889094573,-1.862921587506485,0.6778085753922868,-2.030325262666764,0.03347800156370595,0.024221243875017118,-0.016888626242693494,0.04463934296019541
435,-1.836773522016959,0.687826330634733,-2.028543497018285,-1.8701051551168988,0.662969230082182,-2.0130472313250416,0.033331633099939806,0.02485710055255097,-0.015496265693243583,0.044373499562511756
436,-1.8441725536954725,0.6728073702684627,-2.0122017441190403,-1.8771017137702157,0.6478647059195176,-1.996213882444517,0.032929160074743224,0.0249426643489451,-0.015987861674523263,0.0442953474867947
437,-1.8513251722144006,0.6576695075201773,-1.9958599912197952,-1.883910563816402,0.6325010445125663,-1.9798083984096402,0.03258539160200136,0.025168463007610997,-0.016051592810155002,0.04419177420928338
438,-1.8582294674888207,0.6424167849098739,-1.97951823832055,-1.8905310243761266,0.6168843911210447,-1.963814021986842,0.03230155688730596,0.02553239378882921,-0.015704216333708,0.0440671773612471
439,-1.864883595747774,0.6270532756305249,-1.963176485421305,-1.8969624334088513,0.6010209921980904,-1.9482141258648502,0.03207883766107722,0.026032283432434578,-0.014962359556454752,0.04393863686880815
440,-1.871285780026639,0.6115830824603445,-1.9468347325220599,-1.9032041477790322,0.5849171928917617,-1.9329922702561362,0.03191836775239332,0.026665889568582846,-0.013842462265923672,0.04383452552548502
441,-1.877708125379286,0.5953168299465398,-1.9323900984671254,-1.9092555433204328,0.5685794345070697,-1.9181322498532611,0.031547417941146794,0.02673739543947007,-0.014257848613864255,0.043742589552241376
442,-1.883894848846127,0.5789595091568638,-1.917945464412191,-1.9151160148985422,0.5520142519295328,-1.9036181313569873,0.031221166052415317,0.026945257227330988,-0.014327333055203617,0.04365868263237284
443,-1.8898446596055118,0.5625145329452959,-1.9035008303572565,-1.9207849764710867,0.5352282710113162,-1.8894342827063793,0.030940316865574857,0.02728626193397965,-0.014066547650877226,0.04358567495045043
444,-1.8955563162661648,0.5459853324545781,-1.889056196302322,-1.9262618611466333,0.5182282059209752,-1.8755653950493394,0.030705544880468505,0.02775712653360296,-0.013490801252982632,0.04353493170152434
445,-1.9010286271261922,0.5293753564003283,-1.8746115622473876,-1.9315461212412777,0.5010208564578846,-1.8619964983989576,0.03051749411508542,0.028354499942443656,-0.01261506384842992,0.04352510712164042
446,-1.906466797091911,0.5120299124367141,-1.8616666334766308,-1.9366372283334143,0.4836131053324,-1.8487129718292505,0.030170431241503426,0.028416807104314157,-0.01295366164738021,0.04342311823645205
447,-1.9116799821579995,0.4946155269942808,-1.848721704705874,-1.9415346733165766,0.4660119154128712,-1.8357005489754596,0.029854691158577085,0.028603611581409616,-0.013021155730414291,0.04334766056236336
448,-1.9166673087570791,0.4771351181814116,-1.8357767759351171,-1.9462379664503477,0.44822432694058495,-1.8229453195202048,0.02957065769326861,0.028910791240826628,-0.012831456414912346,0.04330016074232195
449,-1.9214279411686126,0.45959161516994945,-1.8228318471643603,-1.950746637409333,0.4302574547137687,-1.810433727268505,0.029318696240720366,0.029334160456180758,-0.012398119895855375,0.043287322576899975
450,-1.925961081658945,0.4419879577043591,-1.8098869183936035,-1.955060235330194,0.41211848524175654,-1.7981525653422639,0.029099153671249045,0.029869472462602575,-0.01173435305133963,0.043320216655859695
451,-1.9304085163447693,0.4237422999263919,-1.798091153501819,-1.9591783288567337,0.39381467387048763,-1.7860889689586406,0.02876981251196442,0.029927626055904266,-0.012002184543178362,0.04321362455434783
452,-1.9346404251275051,0.4054454518073859,-1.7862953886100343,-1.9631005061830311,0.37535334188046116,-1.7742304061965488,0.028460081055526,0.030092109926924737,-0.012064982413485525,0.043140179579818014
453,-1.938656219185898,0.3870999591425392,-1.7744996237182498,-1.9668263750946215,0.3567418735583286,-1.7625646671013775,0.028170155908723515,0.030358085584210603,-0.011934956616872272,0.04310004911489857
454,-1.942455339768563,0.3687083744953768,-1.7627038588264652,-1.970355563007719,0.33798771324326765,-1.7510798514294241,0.027900223239155864,0.03072066125210915,-0.011624007397041058,0.043096392337735635
455,-1.946037258271728,0.35027325684259103,-1.7509080939346806,-1.973687717006473,0.3190983623493521,-1.7397643552903157,0.02765045873474503,0.031174894493238903,-0.011143738644364909,0.04313472876790031
456,-1.949489287211515,0.3313149189786999,-1.7399555384634138,-1.9768225038782612,0.3000813763650833,-1.7286068569072703,0.027333216666746152,0.031233542613616605,-0.011348681556143436,0.043028263857732445
457,-1.9527334710076,0.31231991042750956,-1.729002982992147,-1.9797596101470079,0.2809443618313017,-1.7175963016812124,0.027026139139407768,0.031375548596207836,-0.011406681310934585,0.04295287679567985
458,-1.9557694204965446,0.29329050977843096,-1.71805042752088,-1.982498742104534,0.2616949732986626,-1.706721886714927,0.026729321607989354,0.03159553647976837,-0.011328540805953136,0.04290769623109409
459,-1.958596771494129,0.2742289997464573,-1.7070978720496133,-1.9850396258399263,0.2423409102659238,-1.6959730449273882,0.026442854345797295,0.03188808948053351,-0.011124827122225067,0.042893316206268746
460,-1.9612151848390407,0.2551376668983358,-1.6961453165783464,-1.987382007266929,0.22288991410024592,-1.6853394288655676,0.02616682242788837,0.03224775279808986,-0.010805887712778794,0.04291138969738149
461,-1.963669472979008,0.23566068162581608,-1.6857662060159204,-1.9895256521493512,0.20334976494075557,-1.6748108943012632,0.025856179170343108,0.0323109166850605,-0.010955311714657245,0.04280836592400033
462,-1.9659214787708672,0.21615927256151082,-1.6753870954534944,-1.9914703461244907,0.183728278586583,-1.6643774836832836,0.025548867353623494,0.032430993974927824,-0.011009611770210759,0.04272850973981677
463,-1.9679709596173638,0.19663554049410686,-1.6650079848910684,-1.993215894724571,0.16403330337065347,-1.6540294095005519,0.025244935107207267,0.03260223712345339,-0.010978575390516498,0.042670150358608334
464,-1.969817694738237,0.17709158861703586,-1.6546288743286424,-1.9947621233961865,0.14427271702045727,-1.6437570375989194,0.024944428657949436,0.03281887159657859,-0.010871836729722917,0.042632143833286104
465,-1.9714614851940038,0.1575295223019079,-1.6442497637662163,-1.996108877517759,0.12445442350706172,-1.6335508704836228,0.024647392323755124,0.03307509879484617,-0.010698893282593547,0.04261364131498578
466,-1.972918266257797,0.1377324889008854,-1.6342001831228388,-1.9972560224149978,0.10458634988363526,-1.6234015306300522,0.024337756157200685,0.03314613901725015,-0.010798652492786553,0.04251592410119058
467,-1.974176025224231,0.11792181539059349,-1.6241506024794612,-1.9982034433743696,0.08467644311472142,-1.613299743817685,0.024027418150138535,0.03324537227587207,-0.010850858661776153,0.042430092321615
468,-1.9752346350681762,0.09809950251476263,-1.6141010218360836,-1.998951045654568,0.06473266689756589,-1.6032363224955564,0.023716410586391845,0.033366835617196736,-0.01086469934052725,0.042353931835986625
469,-1.9760939888772144,0.07826755219262035,-1.604051441192706,-1.999498754495988,0.04476299847674028,-1.5932021491822361,0.02340476561877347,0.03350455371588008,-0.010849292010469913,0.04228528479859702
470,-1.9767539998624366,0.05842796731671094,-1.5940018605493285,-1.9998465151282017,0.024775425453357765,-1.5831881598989876,0.023092515265765057,0.033652541863353175,-0.010813700650340818,0.04222196060013689
471,-1.977216240061195,0.038512147708851974,-1.584053117556052,-1.999994292775436,0.0047779425901285115,-1.5731853276313745,0.022778052714240937,0.033734205118723465,-0.010867789924677407,0.04213009777216007
472,-1.9774803232821834,0.01859271506867569,-1.5741043745627754,-1.999942072660049,-0.015221451386431743,-1.5631846458120962,0.022461749377865603,0.03381416645510743,-0.010919728750679258,0.042037703483375134
473,-1.9775462233873236,-0.0013283590446915503,-1.5641556315694989,-1.9996898600040087,-0.03521475698538918,-1.5531771118160986,0.02214363661668517,0.03388639794069763,-0.010978519753400251,0.04194229969831073
474,-1.9774139338540426,-0.021249102909655832,-1.5542068885762224,-1.9992376800283709,-0.05519397715107451,-1.5431537104581057,0.02182374617432825,0.03394487424141868,-0.01105317811811668,0.04184140450388884
475,-1.9770834677759184,-0.04116754483731014,-1.5442581455829458,-1.998585577950756,-0.0751511204618093,-1.5331053974825013,0.021502110174837608,0.03398357562449916,-0.011152748100444532,0.04173257653666831
476,-1.976557023116789,-0.06100014232547529,-1.5341863170238164,-1.9977336189808284,-0.09507820432636097,-1.5230230830361118,0.021176595864039305,0.03407806200088567,-0.01116323398770458,0.041645891936531954
477,-1.9758308580145356,-0.080826431724931,-1.524114488464687,-1.9966818883137751,-0.11496725817687632,-1.5128976151157174,0.020851030299239515,0.03414082645194533,-0.01121687334896948,0.04154731932493932
478,-1.97490504613198,-0.10064440183957238,-1.5140426599055574,-1.9954304911217866,-0.1348103266569955,-1.5027197629842826,0.020525444989806685,0.034165924817423116,-0.011322896921274861,0.04143443381234025
479,-1.9737796813842876,-0.12045204231721009,-1.503970831346428,-1.993979552543539,-0.15459947280389894,-1.4924802005528235,0.02019987115925148,0.03414743048668885,-0.011490630793604462,0.04130516190173497
480,-1.972454877929441,-0.14024734385350215,-1.4938990027872985,-1.9923292176716814,-0.17432678122297965,-1.4821694897287272,0.019874339742240288,0.034079437369477494,-0.011729513058571284,0.04115797502551997
481,-1.9709486762176678,-0.15979590080214162,-1.483474609249828,-1.9904796515383252,-0.19398436125389898,-1.4717780637361624,0.019530975320657395,0.03418846045175736,-0.011696545513665724,0.0410745541910166
482,-1.9692387781831207,-0.17932769465427412,-1.4730502157123577,-1.9884310390985427,-0.21356435012673866,-1.4612962104201923,0.019192260915422032,0.034236655472464544,-0.011754005292165415,0.0409713082216583
483,-1.9673253696352835,-0.19884060294852418,-1.4626258221748873,-1.9861835852118708,-0.2330589161070144,-1.450714055553347,0.01885821557658729,0.03421831315849022,-0.011911766621540254,0.04084624137165603
484,-1.9652086584985164,-0.21833250527575318,-1.452201428637417,-1.9837375146218252,-0.25246026162825813,-1.4400215461719812,0.01852885612330879,0.03412775635250495,-0.012179882465435776,0.0406985478827691
485,-1.9628888747894615,-0.23780128350947785,-1.4417770350999466,-1.9810930719334263,-0.2717606264109441,-1.4292084339797944,0.018204197143964818,0.033959342901466266,-0.012568601120152234,0.040528995769364876
486,-1.960415143823654,-0.2568681206246004,-1.43075468485901,-1.9782505215887396,-0.2909522905664908,-1.4182642588677388,0.017835377765085703,0.034084169941890397,-0.012490425991271259,0.040445544650732586
487,-1.9577314060246382,-0.27590653373840657,-1.4197323346180735,-1.9752101478404307,-0.31002757768512307,-1.4071783326133003,0.017478741815792453,0.0341210439467165,-0.01255400200477319,0.04034048861643522
488,-1.954837987442336,-0.2949142098555283,-1.408709984377137,-1.9719722547233407,-0.32897885790632714,-1.3959397228381787,0.017134267281004645,0.03406464805079884,-0.012770261538958216,0.04021272114462157
489,-1.9517352396009913,-0.31388883971486525,-1.3976876341362003,-1.9685371660240831,-0.347798550970695,-1.384537237321871,0.016801926423091862,0.033909711255829755,-0.01315039681432939,0.040063776473955426
490,-1.948423539456464,-0.33282811807013923,-1.3866652838952638,-1.964905225248665,-0.36647912925192844,-1.372959408789994,0.016481685792200995,0.0336510111817892,-0.013705875105269882,0.039898465290171235
491,-1.9449981041339703,-0.35122064560642957,-1.3747733211852833,-1.9610767955881379,-0.38501312076778266,-1.3611944803206513,0.016078691454167515,0.033792475161353086,-0.013578840864632014,0.03981005671480493
492,-1.9413541929226816,-0.3695711384446623,-1.3628813584753028,-1.957052259882277,-0.4033931121687696,-1.3492303915401058,0.015698066959595414,0.033821973724107335,-0.013650966935196962,0.03970773364381287
493,-1.9374923211339923,-0.38787700151116394,-1.3509893957653223,-1.9528320205812995,-0.42161175170339216,-1.337054765810933,0.015339699447307176,0.03373475019222821,-0.01393462995438921,0.039591838320940834
494,-1.9334130349026517,-0.4061356460436746,-1.3390974330553418,-1.9484164997056181,-0.43966175215875003,-1.3246548986519633,0.015003464802966437,0.03352610611507545,-0.014442534403378504,0.039467588567404566
495,-1.9291169111095317,-0.4243444899574428,-1.3272054703453613,-1.9438061388036416,-0.4575358937753214,-1.3120177476702315,0.014689227694109963,0.033191403817878606,-0.0151877226751298,0.03934602416645862
496,-1.924759589779156,-0.4418771502369787,-1.314136268445039,-1.9390013989076176,-0.47522702713477977,-1.2991299243311092,0.014241809128461513,0.033349876897801056,-0.01500634411392987,0.03924581226087303
497,-1.9201735092133707,-0.4593513681221342,-1.301067066544717,-1.934002760487532,-0.4927280760196602,-1.2859776879442872,0.013829251274161347,0.033376707897526,-0.015089378600429804,0.039152805358336415
498,-1.9153594527221065,-0.4767641589884106,-1.287997864644395,-1.928810723403061,-0.5100320402437544,-1.272546942300503,0.01345127068095442,0.033267881255343745,-0.015450922343892115,0.03906942036208037
499,-1.9103182425539493,-0.494112548703143,-1.274928662744073,-1.9234258068535868,-0.527131998452086,-1.2588232354572375,0.013107564299637442,0.03301944974894305,-0.016105427286835505,0.03900611608047706
500,-1.905050739755698,-0.5113935741334864,-1.261859460843751,-1.917848549326277,-0.5440211108893698,-1.2447917632410141,0.012797809570578966,0.03262753675588337,-0.017067697602736853,0.03898264211183988
501,-1.8997858824133822,-0.5278897784718011,-1.24726231609713,-1.9120795085422362,-0.5606926221358159,-1.2304373771094976,0.012293626128853985,0.03280284366401487,-0.016824938987632265,0.03886178544250624
502,-1.8942807970389481,-0.544307376207967,-1.2326651713505088,-1.906119261400735,-0.5771398638092112,-1.2157445970978271,0.011838464361786816,0.03283248760124424,-0.016920574252681675,0.03878694772177449
503,-1.8885366566166333,-0.5606428691976229,-1.2180680266038877,-1.8999684039215217,-0.5933562572321769,-1.200697630660021,0.011431747304888384,0.032713388034554036,-0.01737039594386669,0.038763143040636244
504,-1.8825546850668156,-0.5768927767906998,-1.2034708818572666,-1.8936275511852179,-0.6093353160635608,-1.1852803983066504,0.011072866118402303,0.032442539272861004,-0.018190483550616143,0.038807478794073015
505,-1.8763361569852297,-0.5930536365730535,-1.1888737371106455,-1.8870973372718132,-0.625070648892882,-1.16947656703277,0.01076118028658346,0.03201701231982845,-0.019397170077875447,0.03895051072936562
506,-1.8701933806625568,-0.6083477286469867,-1.172354870200355,-1.8803784151972567,-0.6405559617968117,-1.153269592622839,0.010185034534699877,0.032208233149825016,-0.019085277577516102,0.03879887925336704
507,-1.8637988128377974,-0.6235382670064685,-1.1558360032900645,-1.8734714568481579,-0.6557850608566534,-1.136642772009011,0.009672644010360498,0.03224679385018492,-0.019193231281053436,0.03875301127364807
508,-1.8571541983759494,-0.6386211066585279,-1.139317136379774,-1.8663771529145952,-0.6707518546358369,-1.119579306941384,0.009222954538645745,0.03213074797730897,-0.019737829438390087,0.038820481281692645
509,-1.8502613503714265,-0.6535921319975914,-1.1227982694694836,-1.8590962128210502,-0.6854503566164047,-1.1020623802982807,0.008834862449623726,0.03185822461881338,-0.020735889171202837,0.03902535547675313
510,-1.8431221496533243,-0.6684472579284944,-1.106279402559193,-1.8516293646554642,-0.6998746875935437,-1.0840752464144137,0.008507215002139912,0.0314274296650493,-0.02220415614477944,0.03940914351449422
511,-1.8361373207722218,-0.6823866082856452,-1.087417967290265,-1.8439773550964327,-0.7140190780271819,-1.06560133682667,0.007840034324210876,0.03163246974153666,-0.021816630463595166,0.03921791229705
512,-1.8288908337279577,-0.6961917431417414,-1.068556532021337,-1.836140949338534,-0.7278778703497366,-1.0466243828210473,0.007250115610576202,0.03168612720799524,-0.02193214920028974,0.03921216650928314
513,-1.8213852664089771,-0.7098577514140181,-1.049695096752409,-1.828120931015814,-0.7414455212290605,-1.0271285560983872,0.006735664606836833,0.03158776981504241,-0.02256654065402186,0.03940057279626174
514,-1.8136232888697692,-0.7233797715130461,-1.030833661483481,-1.8199181021234212,-0.754716603785701,-1.007098628747356,0.0062948132536519985,0.031336832272654935,-0.023735032736124984,0.03981172578233435
515,-1.8056076623810142,-0.7367529930722089,-1.011972226214553,-1.811533282937409,-0.7676858097635824,-0.9865201535059736,0.005925620556394673,0.030932816691373488,-0.02545207270857941,0.0404939518027482
516,-1.7978240831947312,-0.749200493313604,-0.9903673433422034,-1.8029673119327096,-0.7803479516532316,-0.9653796649918884,0.005143228737978456,0.03114745833962751,-0.024987678350315012,0.04026165709715387
517,-1.789773414648114,-0.7614769383674941,-0.9687624604698539,-1.7942210456992849,-0.79269796476672,-0.9436649021705272,0.004447631051170964,0.03122102639922597,-0.025097558299326694,0.04030411075779501
518,-1.7814594144133125,-0.7735765981686783,-0.9471575775975044,-1.7852953588564693,-0.804730909263467,-0.9213650517940357,0.0038359444431568246,0.031154311094788723,-0.02579252580346869,0.04062708403127721
519,-1.7728859630732816,-0.7854938251669694,-0.9255526947251549,-1.7761911439655085,-0.8164419721261122,-0.8984710118695688,0.0033051808922268666,0.03094814695914283,-0.027081682855586098,0.041256872969550044
520,-1.7640570623105083,-0.797223056963203,-0.9039478118528054,-1.7669093114403063,-0.8278264690856536,-0.8749756733946423,0.002852249129797979,0.030603412122450657,-0.028972138458163044,0.04223847731007787
521,-1.7555264399645538,-0.8080605838209993,-0.8793161147692776,-1.7574507894563798,-0.8388798464951001,-0.8508742176279203,0.0019243494918259607,0.030819262674100734,-0.028441897141357364,0.0419818006491082
522,-1.7467314856536487,-0.8186847207116764,-0.8546844176857499,-1.7478165238580448,-0.8495976831508637,-0.8261644250538847,0.0010850382043960938,0.030912962439187286,-0.02851999263186522,0.04207348968641952
523,-1.7376775351870934,-0.8290890220794723,-0.8300527206022221,-1.7380074780638322,-0.8599756920611862,-0.8008469909691761,0.00032994287673870915,0.030886669981713855,-0.029205729633046018,0.04250964464988853
524,-1.7283700815045215,-0.8392671757406003,-0.8054210235186944,-1.7280246329701487,-0.8700097221608728,-0.7749258413027453,-0.0003454485343727942,0.03074254642027252,-0.030495182215949046,0.04330334436826382
525,-1.7188147713433883,-0.8492130067127865,-0.7807893264351666,-1.717868986853184,-0.8796957599716702,-0.7484084409343449,-0.0009457844902043266,0.03048275325888361,-0.03238088550082174,0.044481619803703396
526,-1.7095964728860744,-0.8583467231267489,-0.7531240553755558,-1.7075415552690867,-0.8890299312075991,-0.721306085468987,-0.002054917616987728,0.030683208080850233,-0.03181796990656882,0.04425002998327435
527,-1.70012904738693,-0.8672219502447978,-0.725458784315945,-1.6970433709524082,-0.8980085023246204,-0.6936341662499572,-0.0030856764345217336,0.030786552079822616,-0.0318246180659878,0.044386253537195386
528,-1.6904197404409702,-0.8758318956922404,-0.6977935132563342,-1.6863754837128333,-0.9066278820139979,-0.6654123974581106,-0.004044256728136908,0.030795986321757507,-0.03238111579822356,0.044869649501092825
529,-1.6804759827595344,-0.8841699701193301,-0.6701282421967234,-1.6755389603301956,-0.9148846226387805,-0.6366649935694167,-0.0049370224293388,0.03071465251945038,-0.03346324862730665,0.04568974806837213
530,-1.6703053844834255,-0.8922297922442166,-0.6424629711371126,-1.6645348844478025,-0.9227754216128066,-0.6074207853483693,-0.005770500035622961,0.030545629368589955,-0.035042185788743296,0.04684323781547548
531,-1.6604604037811603,-0.8995975707437647,-0.6122243979666837,-1.6533643564640714,-0.9302971227216964,-0.5777132630548064,-0.007096047317088905,0.030699551977931727,-0.034511134911877295,0.04673151840115933
532,-1.6503971665613646,-0.906664328253719,-0.5819858247962548,-1.642028493422494,-0.9374467173852932,-0.5475805367263731,-0.008368673138870575,0.03078238913157416,-0.034405288069881745,0.04691816298539891
533,-1.640124873658298,-0.9134236036261227,-0.5517472516258259,-1.6305284288999269,-0.9442213458610588,-0.5170652053199697,-0.009596444758371181,0.030797742234936032,-0.03468204630585625,0.0473649344423867
534,-1.6296529170461735,-0.9198692168444408,-0.5215086784553971,-1.6188653128932389,-0.95061829838793,-0.48621412915210704,-0.010787604152934671,0.03074908154348921,-0.03529454930329001,0.048037314971290095
535,-1.6189908712520598,-0.9259952746739586,-0.4912701052849682,-1.6070403117043106,-0.9566350162701883,-0.4550781034039326,-0.011950559547749151,0.03063974159622973,-0.03619200188103555,0.04890266494522471
536,-1.608565371793511,-0.9315731327697817,-0.45949881170288126,-1.5950546078234087,-0.9622690929009017,-0.4237114343156453,-0.013510763970102202,0.03069596013111997,-0.035787377387235975,0.04904609150262197
537,-1.5979679477660496,-0.9368170000335027,-0.42772751812079435,-1.582909399810932,-0.9675182747245379,-0.3921714238816628,-0.015058547955117518,0.03070127469103523,-0.03555609423913153,0.04933116633238035
538,-1.5872092954696704,-0.9417215836715859,-0.39595622453870744,-1.5706059021775611,-0.972380462138356,-0.3605177731102454,-0.016603393292109248,0.03065887846677018,-0.035438451428462026,0.04971441780107763
539,-1.5763002739369272,-0.9462819333397018,-0.3641849309566205,-1.5581453452628062,-0.9768537103322188,-0.32881191793031006,-0.01815492867412094,0.030571776992517008,-0.03537301302631046,0.050154611295494464
540,-1.5652518939725837,-0.9504934461392588,-0.3324136373745336,-1.5455289751119743,-0.9809362300664917,-0.29711631530754834,-0.019722918860609395,0.030442783927232875,-0.03529732206698527,0.05061282018148026
541,-1.5542499318276493,-0.9542915866100065,-0.30061249721663785,-1.5327580533515686,-0.9846263883877127,-0.265493699789787,-0.021491878476080695,0.0303348017777062,-0.03511879742685087,0.05114128441906338
542,-1.5431327675850084,-0.9577379907180948,-0.2688113570587421,-1.519833857063122,-0.9879227092817555,-0.23400633231352022,-0.023298910521886373,0.030184718563660673,-0.034805024745221874,0.05162699113632108
543,-1.5319116432245174,-0.9608291733656418,-0.2370102169008463,-1.506757678655493,-0.9908238742642128,-0.20271526353027572,-0.025153964569024412,0.029994700898571036,-0.03429495337057059,0.05204371088060579
544,-1.5205979058533405,-0.9635620086643993,-0.20520907674295052,-1.4935308257356246,-0.9933287229077735,-0.17167963311530354,-0.02706708011771597,0.02976671424337418,-0.03352944362764698,0.05237277625756637
545,-1.5092029962314457,-0.9659337330967376,-0.17340793658505474,-1.4801546209777887,-0.9954362533063774,-0.1409560245718928,-0.029048375253657,0.029502520209639838,-0.03245191201316194,0.052605450258575714
546,-1.4975638887008413,-0.9679725234902217,-0.14315559962567562,-1.466630401991313,-0.997145622475965,-0.11059789210988624,-0.030933486709528335,0.029173098985743384,-0.032557707515789375,0.05355328769668802
547,-1.485868438075912,-0.9696583245037975,-0.1129032626662965,-1.452959521186826,-0.99845614669166,-0.08065507250195922,-0.032908916889085926,0.028797822187862532,-0.032248190164337276,0.05433467716340801
548,-1.4741273472622667,-0.9709895934034823,-0.08265092570691737,-1.439143345641015,-0.9993673017612495,-0.05117339069845843,-0.034984001621251704,0.028377708357767206,-0.03147753500845894,0.054954616833192374
549,-1.4623513609324073,-0.9719651118997179,-0.052398588747538256,-1.425183256959923,-0.9998787232348542,-0.022194363718999813,-0.03716810397248427,0.027913611335136257,-0.030204225028538444,0.055434040627154686
550,-1.450551255692912,-0.9725839872622694,-0.02214625178815914,-1.4110806511407838,-0.9999902065507035,0.006244996773392763,-0.03947060455212825,0.02740621928843412,-0.028391248561551903,0.05581301348502918
551,-1.4381594688173056,-0.972858463768915,0.005349189594915513,-1.396836938432427,-0.9997017071169574,0.03411228652508152,-0.04132253038487854,0.026843243348042334,-0.028763096930166005,0.05705634912843227
552,-1.4257648198358586,-0.9727921618091654,0.03284463097799017,-1.3824535431942528,-0.9990133403295429,0.061379721814441665,-0.04331127664160572,0.02622117852037753,-0.028535090836451497,0.058117710694484064
553,-1.4133766785041693,-0.9723851315040974,0.060340072361064825,-1.3679319037538011,-0.9979253815259969,0.08802407252366619,-0.04544477475036812,0.025540250021899413,-0.027684000162601363,0.05902487431833922
554,-1.4010044096583674,-0.9716376805489503,0.08783551374413948,-1.3532734722629136,-0.9964382658753348,0.11402652573356668,-0.047730937395453754,0.024800585326384517,-0.026191011989427207,0.05982708856538419
555,-1.3886573661357502,-0.9705503739805217,0.11533095512721413,-1.338479714552524,-0.9945525882039893,0.13937249138381436,-0.05017765158322618,0.0240022142234676,-0.02404153625660023,0.06059619189036795
556,-1.3753926102886114,-0.9690137178313847,0.13945531844694076,-1.3235521099860739,-0.9922691027578862,0.16405136184929442,-0.05184050030253751,0.023255384926501477,-0.024596043402353662,0.06191296916436498
557,-1.362168781453678,-0.9671575360651591,0.16357968176666737,-1.3084921513115828,-0.9895887229007583,0.18805623702960433,-0.05367663014209523,0.022431186835599193,-0.02447655526293696,0.0631145032762237
558,-1.3489935753264837,-0.964982908899224,0.187704045086394,-1.293301344512367,-0.9865125207488105,0.21138362585071127,-0.05569223081411678,0.02152961184958646,-0.023679580764317282,0.06423294563244424
559,-1.3358746593062523,-0.9624911018723866,0.2118284084061206,-1.2779812086564475,-0.9830417267418881,0.234033134057412,-0.05789345064980478,0.020550624869501433,-0.02220472565129139,0.06532250494215198
560,-1.3228196680338038,-0.9596835651083928,0.23595277172584722,-1.2625332757446417,-0.979177729151317,0.25600714694934407,-0.060286392289162105,0.019494164042924145,-0.020054375223496845,0.06645787758106624
561,-1.3086138614378293,-0.9562680442483867,0.2566213926482766,-1.2469590905573706,-0.9749220735246148,0.2773105143849678,-0.061654770880458676,0.018654029276228057,-0.020689121736691185,0.06765591872701054
562,-1.2944816781163382,-0.9525596593768917,0.277290013570706,-1.2312602105001726,-0.97027646206729,0.2979502440332553,-0.06322146761616554,0.017716802690398326,-0.020660230462549334,0.06883083747767438
563,-1.2804291550085294,-0.9485599946294575,0.29795863449313537,-1.2154382054479715,-0.9652427529619856,0.3179352075580311,-0.06499094956055784,0.01668275833252808,-0.019976573064895753,0.07000858105819334
564,-1.2664622950246163,-0.9442707585696053,0.31862725541556475,-1.1994946575880876,-0.9598229596252282,0.3372758632229733,-0.06696763743652867,0.015552201055622938,-0.018648607807408568,0.07123416311475425
565,-1.2525870644815231,-0.939693783458969,0.33929587633799413,-1.1834311612620187,-0.954019249902089,0.35598399733641756,-0.06915590321950438,0.014325466443119939,-0.016688120998423428,0.072568941851018
566,-1.2374479332365231,-0.9343505051330608,0.3567511359293552,-1.1672493228060146,-0.9478339451990766,0.3740724860305142,-0.07019861043050857,0.013483440066015762,-0.017321350101158983,0.07355050803165852
567,-1.2224043718483577,-0.9287437967509568,0.3742063955207163,-1.1509507603904343,-0.9412695195556019,0.39155507809344553,-0.0714536114579234,0.012525722804645145,-0.017348682572729257,0.07458880015905879
568,-1.207460963764509,-0.9228753665553232,0.39166165511207734,-1.1345371038579373,-0.9343285986543979,0.4084461989420335,-0.0729238599065718,0.011453232099074673,-0.016784543829956144,0.0757019602174759
569,-1.1926222619179156,-0.9167470025297972,0.4091169147034384,-1.1180099945604975,-0.92701395877128,0.4247607753253133,-0.0746122673574181,0.010266956241482772,-0.015643860621874894,0.07692289129924856
570,-1.1778927873397922,-0.9103605718542265,0.4265721742947995,-1.1013710851952752,-0.9193285256646756,0.4405140799735253,-0.07652170214451703,0.008967953810449125,-0.01394190567872583,0.07829669104499257
571,-1.161888871442899,-0.903087132836372,0.44119590299946015,-1.0846220396393396,-0.9112753734053558,0.4557215951360275,-0.07726683180355942,0.008188240568983818,-0.014525692136567347,0.07904559641511619
572,-1.1459930277696613,-0.8955804429468622,0.4558196317041208,-1.0677645327832885,-0.90285772314685,0.470398893769609,-0.07822849498637274,0.007277280199987746,-0.014579262065488152,0.07990751602519165
573,-1.1302086556403697,-0.8878421074885535,0.4704433604087815,-1.0508002503637583,-0.894078941837027,0.48456153703014543,-0.0794084052766113,0.006236834348473441,-0.014118176621363943,0.08089447349712386
574,-1.114539130537166,-0.8798737813016217,0.48506708911344215,-1.0337308887948575,-0.8849425408713637,0.498224986670857,-0.08080824174230838,0.005068759569741954,-0.013157897557414866,0.08202922970009303
575,-1.0989878033821978,-0.8716771684096748,0.4996908178181028,-1.0165581549985165,-0.8754521746884284,0.5114045309468265,-0.08242964838368128,0.003775006278753601,-0.011713713128723657,0.08334331815043118
576,-1.0978731760111504,-0.8710686921004658,0.5131560253503319,-0.9992837662338049,-0.865611639308158,0.5241152226565137,-0.09858940977734554,-0.005457052792307793,-0.010959197306181778,0.0993466413675833
577,-1.0967668426983266,-0.8704452627170607,0.526621232882561,-0.9819094499252019,-0.8554248708134978,0.5363718280074358,-0.11485739277312468,-0.015020391903562857,-0.00975059512487475,0.11624502979854959
578,-1.0956690040319952,-0.869806993292864,0.5400864404147901,-0.9644369434898631,-0.8448959437760261,0.5481887850668954,-0.1312320605421321,-0.02491104951683798,-0.008102344652105242,0.13382100765958113
579,-1.0945798590602687,-0.8691539995519143,0.5535516479470193,-0.9468679941638701,-0.8340290696261731,0.5595801706434279,-0.14771186489639854,-0.03512492992574123,-0.006028522696408634,0.15195031694393152
580,-1.0934996052550139,-0.8684863998879022,0.5670168554792484,-0.9292043588275147,-0.8228285949687089,0.570559674535322,-0.16429524642749915,-0.04565780491919336,-0.003542819056073565,0.1705582443494769
581,-1.0729773753027882,-0.8554185040585414,0.5776331893098954,-0.9114478038296094,-0.8112989998441578,0.581140580175409,-0.1615295714731788,-0.0441195042143836,-0.00350739086551366,0.1674832376780294
582,-1.0525950323730882,-0.8421334778893852,0.5882495231405424,-0.89360010481086,-0.7994448959368459,0.5913357507932551,-0.1589949275622281,-0.04268858195253933,-0.003086227652712714,0.1646548718403473
583,-1.0323548736677681,-0.8286328186757572,0.5988658569711893,-0.8756630465262938,-0.7872710247302823,0.6011576203049405,-0.15669182714147434,-0.0413617939454749,-0.00229176333375114,0.16207522596158713
584,-1.0122591803637404,-0.814918048016008,0.6094821908018363,-0.8576384226667918,-0.7747822556106337,0.6106181882251972,-0.1546207576969486,-0.04013579240537424,-0.0011359974233609016,0.15974902513922165
585,-0.9923102173558743,-0.8009907116400224,0.6200985246324833,-0.8395280356797178,-0.7619835839190322,0.619729017975972,-0.15278218167615654,-0.03900712772099024,0.0003695066565112537,0.15768350448267235
586,-0.9716755912479185,-0.7862563968168692,0.6288670496287767,-0.8213336965886817,-0.7488801289535097,0.6285012380388306,-0.15034189465923675,-0.03737626786335946,0.00036581158994608565,0.15491870289684836
587,-0.9511709549546699,-0.7713417155127139,0.6376355746250701,-0.8030572248124292,-0.7354771319213411,0.6369455454658797,-0.1481137301422406,-0.03586458359137279,0.000690029159190475,0.15239560870665392
588,-0.9307978850066256,-0.756247814465767,0.6464040996213636,-0.7847004479829077,-0.721779953842635,0.6450722113249574,-0.1460974370237179,-0.03446786062313201,0.0013318882964061807,0.1501141846970798
589,-0.910557947818602,-0.7409758541938246,0.655172624617657,-0.7662652017625027,-0.7077940734059962,0.6528910877099849,-0.14429274605609932,-0.03318178078782841,0.002281536907672077,0.14807644158110544
590,-0.8904526995692983,-0.7255270089050402,0.6639411496139505,-0.747753329660472,-0.6935250847771224,0.6604116159967486,-0.14269936990882626,-0.0320019241279178,0.0035295336172018743,0.1462863319925002
591,-0.8697063881553956,-0.7092942779015178,0.6711370743494454,-0.7291666828486026,-0.6789786953612166,0.6676428360684155,-0.14053970530679294,-0.0303155825403012,0.0034942382810299044,0.14381464811917677
592,-0.8490774223774664,-0.6929126795653243,0.6783329990849403,-0.7105071199760853,-0.6641607235200951,0.6745933962741206,-0.13857030240138113,-0.028751956045229177,0.003739602810819642,0.14157114223322384
593,-0.8285668704262436,-0.6763830621537948,0.6855289238204352,-0.6917765069836577,-0.6490770962449237,0.6812715639183997,-0.13679036344258588,-0.027305965908871133,0.0042573599020354624,0.1395540913707177
594,-0.8081757943608607,-0.6597062815888561,0.6927248485559301,-0.6729767169170084,-0.6337338467854989,0.6876852361095336,-0.1351990774438523,-0.025972434803357203,0.005039612446396502,0.13776340444723803
595,-0.7879052500538575,-0.6428832014127063,0.699920773291425,-0.6541096297394813,-0.6181371122370333,0.6938419508213524,-0.1337956203143762,-0.024746089175673003,0.006078822470072631,0.1362005470892894
596,-0.7589969416884751,-0.6185379840864483,0.756920773647595,-0.6351771321440697,-0.6022931310853911,0.6997488980461777,-0.12381980954440541,-0.01624485300105727,0.057171875601417343,0.1373457820408866
597,-0.7315225082481651,-0.5925854233968989,0.8139207740037651,-0.6161811173647562,-0.5862082407117827,0.7054129309366325,-0.11534139088340889,-0.006377182685116223,0.10850784306713257,0.15848740302307984
598,-0.7055711900025619,-0.5651098163876591,0.8709207743599351,-0.5971234849871871,-0.5698888748578939,0.71084057685146,-0.1084477050153747,0.004779058470234743,0.16008019750847513,0.19341513321691264
599,-0.6812272799596587,-0.5362004071402565,0.9279207747161051,-0.5780061407587223,-0.5533415610524803,0.7160380482354703,-0.10322113920093645,0.017141153912223817,0.21188272648063478,0.23631062717586174
600,-0.6585698500719639,-0.505951096898617,0.9849207750722752,-0.5588309963978517,-0.5365729180004349,0.7210112532766491,-0.09973885367411217,0.030621821101817992,0.2639095217956261,0.28378472572394337
601,-0.637658619679009,-0.4744392307611447,0.9427281892101633,-0.5395999694030323,-0.5195896529353996,0.7257658062944856,-0.09805865027597671,0.04515042217425491,0.2169623829156777,0.24233599632928848
602,-0.6154368270935688,-0.44383744652716767,0.9005356033480516,-0.5203149828609361,-0.5023985589369582,0.7303070378230215,-0.0951218442326327,0.058561112409790506,0.17022856552503007,0.20360582913462674
603,-0.5919440260002554,-0.4142002138492805,0.8583430174859399,-0.5009779652541498,-0.48500651221350166,0.7346400043601177,-0.09096606074610558,0.07080629836422114,0.12370301312582221,0.1690881177141511
604,-0.5672220324155548,-0.38558028552632295,0.8161504316238282,-0.4815908502683184,-0.467420469351827,0.7387694977612211,-0.08563118214723642,0.08184018382550406,0.07738093386260703,0.1414861264222561
605,-0.541314850257399,-0.35802860360602373,0.7739578457617164,-0.4621555765987845,-0.44964746453460147,0.7427000542616012,-0.07915927365861453,0.09161886092857774,0.031257791500115206,0.12504901364454726
606,-0.5338269336234434,-0.3507100846882046,0.7703849359149048,-0.44267408775671735,-0.4316946067267801,0.7464359631158108,-0.091152845866726,0.08098452203857553,0.023948972799093915,0.12426136735748312
607,-0.5263129164309567,-0.34341836607744064,0.7668120260680931,-0.4231483318747701,-0.4135690768321209,0.7499812748470809,-0.1031645845561866,0.07015071075468027,0.016830751221012186,0.12588617045847805
608,-0.5187728946014118,-0.3361535408574141,0.7632391162212814,-0.4035802615122578,-0.39527812482090974,0.7533398091026414,-0.11519263308915406,0.059124583963495625,0.009899307118639955,0.12985782775134533
609,-0.5112069643882482,-0.32891570176849505,0.7596662063744697,-0.38397183345991004,-0.37682906683007494,0.756515162113617,-0.12723513092833816,0.04791336506157989,0.0031510442608526645,0.1359941108056133
610,-0.5036152223756432,-0.32170494120655746,0.756093296527658,-0.36432500854419003,-0.35822928223682704,0.7595107137603188,-0.13929021383145312,0.03652434103026958,-0.0034174172326607577,0.14403982052699682
611,-0.4874802002796222,-0.3064889203377404,0.7582887262554554,-0.3446417514312205,-0.3394862107070128,0.7623296342454584,-0.1428384488484017,0.0329972903692724,-0.0040409079900030065,0.14665596673342415
612,-0.4713786227459952,-0.29123751286013494,0.7604841559832528,-0.3249240304303084,-0.32060734921933826,0.764974890379158,-0.1464545923156868,0.029369836359203316,-0.004490734395905194,0.14943795231980053
613,-0.45531056738291276,-0.27595079228414876,0.7626795857110502,-0.3051738172971223,-0.30160024906668353,0.7674492514806304,-0.15013675008579047,0.025649456782534774,-0.004769665769580156,0.15238664006767697
614,-0.4392761116369516,-0.26062883229039546,0.7648750154388476,-0.28539308703651545,-0.2824725128356836,0.7697552949021605,-0.15388302460043618,0.021843680545288124,-0.004880279463312931,0.15550224682487093
615,-0.4232753327927415,-0.2452717067293395,0.767070445166645,-0.2655838177050335,-0.263231791365801,0.7718954111815078,-0.157691515087708,0.017960084636461482,-0.004824966014862819,0.15878431555997677
616,-0.4044992392317664,-0.22717154644315737,0.7688608708910349,-0.2457479902131001,-0.24388578068908245,0.77387180882917,-0.1587512490186663,0.01671423424592508,-0.005010937938135007,0.15970733918775962
617,-0.3857555827406118,-0.20903779798516964,0.7706512966154249,-0.22588758812693474,-0.2244422189518554,0.7756865187570767,-0.15986799461367704,0.015404420966685761,-0.005035222141651863,0.16068735279770252
618,-0.3670444234043818,-0.19087051948534503,0.7724417223398148,-0.2060045974701957,-0.20490888331957058,0.777341398355284,-0.16103982593418611,0.014038363834225548,-0.0048996760154692565,0.1617247909910896
619,-0.34836582120400705,-0.17266976918113697,0.7742321480642047,-0.1861010065253778,-0.18529358686603822,0.7788381352231183,-0.16226481467862924,0.012623817684901256,-0.004605987158913583,0.1628202873518518
620,-0.32971983601605215,-0.1544356054172968,0.7760225737885946,-0.1661788056349928,-0.16560417544830938,0.7801782505609888,-0.16354103038105935,0.01116857003101257,-0.004155676772394146,0.1639746176213649
621,-0.31008671623347217,-0.13516722086156893,0.7770555796332769,-0.14623998700252616,-0.14584852456842748,0.7813631022287947,-0.163846729230946,0.010681303706858547,-0.00430752259551781,0.16425101424182434
622,-0.2904735112764765,-0.11587856546261933,0.7780885854779591,-0.12628654449322554,-0.1260345362233393,0.7823938874764594,-0.16418696678325098,0.01015597076071996,-0.004305301998500322,0.16455710081572067
623,-0.2708802420743355,-0.09656965980339109,0.7791215913226414,-0.10632047343471225,-0.10617013574419806,0.7832716453517061,-0.16455976863962324,0.009600475940806971,-0.004150054029064765,0.16489181162647373
624,-0.25130692953504574,-0.07724052448843637,0.7801545971673236,-0.08634377041745736,-0.08626326862634384,0.7839972587896967,-0.16496315911758838,0.009022744137907476,-0.0038426616223731225,0.1652544094001034
625,-0.2317535945453084,-0.0578911801438944,0.7811876030120058,-0.06635843309511363,-0.06632189735120068,0.7845714563886423,-0.16539516145019476,0.008430717207306287,-0.003383853376636492,0.16564445927177926
626,-0.21182781642374368,-0.038132496831028824,0.7814690737728076,-0.0463664599847589,-0.04635399820139721,0.7849948138749364,-0.1654613564389848,0.008221501370368388,-0.003525740102128805,0.16570300058441761
627,-0.19190760058304782,-0.018368205777008498,0.7817505445336094,-0.026369850267042503,-0.026367558070356484,0.7852677552607884,-0.16553775031600532,0.007999352293347986,-0.003517210727179032,0.1657682333503515
628,-0.17199294860141556,0.0014016914523250351,0.7820320152944111,-0.006370603586275981,-0.006370571267652135,0.7853905536967359,-0.1656223450151396,0.00777226271997717,-0.0033585384023248066,0.16583862341536174
629,-0.15208386205660096,0.021177193290686076,0.7823134860552129,0.013629280149540351,0.013628963678619457,0.7853633320208057,-0.1657131422061413,0.00754822961206662,-0.003049845965592768,0.1659129977745057
630,-0.13218034252591707,0.0409582981713449,0.7825949568160147,0.033627800968699426,0.033623047221136695,0.7851860630054648,-0.16580814349461648,0.007335250950208205,-0.002591106189450132,0.16599054246227063
631,-0.11216622968774294,0.06086051699281736,0.7821326528322776,0.053622959035786476,0.053603681993068565,0.7848585693028844,-0.1657891887235294,0.007256834999748794,-0.002725916470606826,0.16597032075773172
632,-0.09214291811360802,0.0807534810837228,0.7816703488485406,0.07361275485165383,0.07356287600690768,0.7843805230883966,-0.16575567296526184,0.0071906050768151125,-0.002710174239855978,0.16593370051303
633,-0.07211041208299394,0.10063718619243807,0.7812080448648036,0.09359518945337977,0.09349264585116929,0.7837514454014016,-0.1657056015363737,0.007144540341268782,-0.0025434005365980727,0.165879051490865
634,-0.052068715877347474,0.12051162806931891,0.7807457408810665,0.1135682646141561,0.11338501988364241,0.7829707051823518,-0.16563698049150358,0.007126608185676495,-0.0022249643012852705,0.1658051516591595
635,-0.03201783378007951,0.1403768024667008,0.7802834368973295,0.1335299830431127,0.13323204141994396,0.7820375180038213,-0.1655478168231922,0.007144761046756848,-0.0017540811064917783,0.1657112068203856
636,-0.012012091268630277,0.16017893680004314,0.7790662174139865,0.15347834858503784,0.15302577191607933,0.7809509444930636,-0.16549043985366813,0.0071531648839638085,-0.0018847270790770532,0.16565568401651762
637,0.008017739960104221,0.17995670509018533,0.7778489979306435,0.17341136642000265,0.17275829414376465,0.7797098884428689,-0.16539362645989844,0.00719841094642068,-0.0018608905122253772,0.16556065869405226
638,0.028071630229463594,0.19971007803392926,0.7766317784473006,0.19332704326283448,0.1924217153572057,0.7783130946069631,-0.16525541303337088,0.007288362676723559,-0.0016813161596624937,0.16542460092551592
639,0.04814954982714101,0.21943902636422155,0.7754145589639576,0.2132233875624471,0.21200817045009426,0.7767591461756517,-0.1650738377353061,0.007430855914127288,-0.0013445872116940594,0.16524647481579913
640,0.06825146900522724,0.23914352085019683,0.7741973394806146,0.23309840970098727,0.23150982510153895,0.7750464619269026,-0.16484694069576003,0.007633695748657882,-0.0008491224462879865,0.16502578033890128
641,0.0881855708681131,0.2586359941185587,0.7721942289365872,0.2529501221928054,0.25091887890969955,0.7731732930475957,-0.16476455132469228,0.007717115208859149,-0.0009790641110085652,0.1649480821558936
642,0.10815867829132197,0.27808849809770414,0.7701911183925597,0.2727765398831953,0.2702275685118367,0.7711377196192538,-0.1646178615918733,0.007860929585867427,-0.0009466012266940993,0.16480816309551388
643,0.1281707111337488,0.29750095473542365,0.7681880078485323,0.2925756801469099,0.28942817068955534,0.7689376467622203,-0.16440496901316107,0.008072784045868309,-0.0007496389136880666,0.1646047558151665
644,0.1482215890981022,0.3168732861401957,0.7661848973045048,0.3123455630864238,0.30851300545799065,0.7665708004319635,-0.1641239739883216,0.008360280682205068,-0.0003859031274586755,0.1643372205315287
645,0.16831123173122667,0.3362054145814993,0.7641817867604773,0.3320842117299144,0.32747443913769303,0.7640347228610073,-0.16377297999868776,0.008730975443806244,0.00014706389947005682,0.16400561129925237
646,0.18812241349928469,0.3551932972497924,0.7613407320800257,0.351789652228968,0.34630488740800797,0.7613267676398998,-0.16366723872968333,0.008888409841784406,1.3964440125913136e-05,0.1639084166780958
647,0.20798746085386685,0.3741248187119493,0.7584996773995741,0.37145991405595574,0.3649968183406966,0.7584440944306824,-0.1634724532020889,0.00912800037125272,5.558296889174308e-05,0.16372710965552761
648,0.2279062134525297,0.3929998261605614,0.7556586227191225,0.3910930302010885,0.38354275541260996,0.7553836633065133,-0.16318681674855878,0.009457070747951435,0.0002749594126092436,0.16346084837152305
649,0.2478785105193433,0.41181816724437775,0.752817568038671,0.4106870373691092,0.40193528049619187,0.7521422287114786,-0.16280852684976593,0.009882886748185882,0.0006753393271923258,0.16310960716240866
650,0.2679041908461889,0.43057969006953484,0.7499765133582194,0.43023997617563103,0.4201670368266409,0.7487163330352061,-0.16233578532944215,0.010412653242893921,0.001260180323013227,0.16267427147686872
651,0.2875473781602497,0.44887835210477917,0.7462219002913175,0.4497498913430674,0.43823073194451173,0.7451022997977352,-0.1622025131828177,0.010647620160267435,0.0011196004935822845,0.16255546931175435
652,0.307259131252458,0.46710313276648235,0.7424672872244157,0.4692148318961616,0.45611914061260495,0.7412962264412188,-0.16195570064370357,0.010983992153877409,0.0011710607831968423,0.16233196985802675
653,0.3270391722442056,0.4852537751380393,0.7387126741575138,0.48863285135707546,0.4738251077059589,0.7372939767265044,-0.16159367911286987,0.011428667432080375,0.0014186974310094191,0.16200353166183448
654,0.34688722229422275,0.50333002334798,0.734958061090612,0.5080020079400462,0.4913415510738144,0.733091172734505,-0.1611147856458235,0.011988472274165662,0.0018668883561070437,0.16157098406985784
655,0.36680300160250917,0.5213316225735768,0.7312034480237102,0.5273203647455568,0.5086614643723737,0.7286831864746114,-0.1605173631430476,0.012670158201203097,0.00252026154909879,0.16103635768830715
656,0.38394373764346834,0.5367083562618363,0.7267682698306109,0.5465859899540265,0.5257779198672481,0.7240651311052729,-0.16264225231055818,0.010930436394588239,0.0027031387253380057,0.16303154184204915
657,0.4011525034290093,0.5520089167445078,0.7223330916375117,0.5657969570189859,0.5426840712044526,0.7192318517753863,-0.1646444535899766,0.009324845540055193,0.0031012398621254045,0.16493746248493785
658,0.41842896044940053,0.5672330030477337,0.7178979134444124,0.5849513448597394,0.5593731561488667,0.7141779160993728,-0.1665223844103389,0.007859846898866985,0.003719997345039694,0.16674927311153537
659,0.43577276886337146,0.5823803157019627,0.7134627352513132,0.6040472380534647,0.5758384992890305,0.708897604283927,-0.16827446919009326,0.0065418164129321665,0.0045651309673861995,0.16846344637320448
660,0.4531835875047976,0.5974505567478405,0.709027557058214,0.6230827270267574,0.5920735147072245,0.7033848989304824,-0.16989913952195979,0.005377042040616065,0.00564265812773157,0.17007783448220218
661,0.47467604399199,0.6158876284957653,0.7032197060911058,0.6420559082465795,0.6080717086137423,0.6976334745446516,-0.16737986425458956,0.007815919882023015,0.005586231546454212,0.16765534153249526
662,0.4962752171607446,0.6341995650104579,0.6974118551239977,0.6609648844106218,0.6238266819443293,0.6916366867923863,-0.16468966724987727,0.010372883066128602,0.005775168331611402,0.1651170365868929
663,0.5179803784485295,0.6523857486112914,0.6916040041568896,0.6798077646370254,0.6393321329197169,0.6853875615526078,-0.1618273861884959,0.013053615691574483,0.00621644260428178,0.16247197900523105
664,0.5397907957177238,0.6704455658594147,0.6857961531897815,0.6985826646534714,0.6545818595662526,0.6788787838277314,-0.1587918689357476,0.01586370629316214,0.006917369362050119,0.15973216587886857
665,0.5617057332803129,0.6883784075784454,0.6799883022226734,0.7172877069856007,0.6695697621966022,0.672102686587147,-0.1555819737052878,0.018808645381843125,0.007885615635526366,0.15691302883152838
666,0.5826770516010804,0.7053366969548291,0.6728579991137097,0.7359210211447693,0.6842898458495512,0.6650512396345386,-0.1532439695436889,0.02104685110527793,0.007806759479171088,0.15487940352584142
667,0.6037687535392416,0.7221450246537972,0.665727696004746,0.7544807438150888,0.6987362226879031,0.6577160386082651,-0.15071199027584714,0.02340880196589401,0.008011657396480909,0.15272937725475108
668,0.6249797667714302,0.7388025361230428,0.6585973928957823,0.7729650190397587,0.7129031143535387,0.6500882942451496,-0.14798525226832848,0.025899421769504105,0.008509098650632763,0.1504753125823691
669,0.6463090129083734,0.7553083844779085,0.6514670897868187,0.7913719984066616,0.7267848542786822,0.6421588220623271,-0.14506298549828822,0.028523530199226266,0.009308267724491559,0.1481334040138603
670,0.6677554075497186,0.771661730544442,0.644336786677855,0.8096998412331966,0.7403758899524486,0.6339180326396285,-0.14194443368347798,0.03128584059199335,0.010418754038226452,0.1457243168142502
671,0.6881716989106914,0.7870006242952675,0.635670489214549,0.827946714750356,0.7536707851417809,0.6253559227167048,-0.13977501583966456,0.03332983915348664,0.010314566497844235,0.144063609259987
672,0.7087201533486703,0.80216201059882,0.6270041917512431,0.8461107942859937,0.7666642220658663,0.61646206735519,-0.13739064093732334,0.03549778853295371,0.010542124396053065,0.14229342077088689
673,0.7293992275875676,0.8171447507706784,0.6183378942879372,0.8641902634472943,0.7793510035231799,0.607225613456968,-0.13479103585972674,0.03779374724749851,0.011112280830969157,0.1404296032338348
674,0.7502073685411941,0.8319477195435042,0.6096715968246312,0.8821833143024047,0.791726054970291,0.5976352749755627,-0.13197594576121063,0.04022166457321319,0.012036321849068554,0.13849298034290564
675,0.7711430134299031,0.8465698051515533,0.6010052993613253,0.9000881475612352,0.803784426551621,0.5876793302090884,-0.12894513413133213,0.04278537859993237,0.013325969152236938,0.13651013768923229
676,0.8024841831140457,0.868057738813019,0.6580052996091632,0.9179029727553806,0.8155212950793129,0.5773456216204795,-0.1154187896413349,0.05253644373370603,0.08065967798868368,0.15029157852552388
677,0.8325503037550551,0.8912962542520488,0.7150052998570011,0.9356260084171686,0.8269319659624466,0.5666215586940145,-0.10307570466211347,0.06436428828960228,0.14838374116298658,0.1917944137354956
678,0.8612437169714223,0.9162098699712609,0.772005300104839,0.953255482257799,0.8380118750848067,0.5554941244066477,-0.09201176528637667,0.07819799488645418,0.21651117569819134,0.24790760488050836
679,0.8884712231007051,0.9427176635457859,0.8290053003526769,0.9707896313445805,0.8487565906304755,0.5439498859681842,-0.08231840824387537,0.09396107291531042,0.2850554143844928,0.3112259514068782
680,0.9141443839232587,0.9707335344690512,0.8860053006005149,0.9882267022772163,0.8591618148564958,0.5319750105656659,-0.07408231835395762,0.11157171961255541,0.354030290034849,0.37851536926809076
681,0.9381798082449496,1.000166481766112,0.8294647102420348,1.0055649513631455,0.8692233858119127,0.5195552869336455,-0.06738514311819588,0.13094309595419928,0.30990942330838933,0.34311907925160445
682,0.9638400938020094,1.02819414228292,0.7729241198835548,1.0228026447919047,0.8789372790024944,0.5066761536623483,-0.058962550989895335,0.14925686328042553,0.2662479662212065,0.3108732429342808
683,0.991043230660491,1.054726939986404,0.7163835295250748,1.0399380588085174,0.8882996090004824,0.4933227352482483,-0.04889482814802637,0.16642733098592166,0.22306079427682646,0.2825683610422994
684,1.0197022779540523,1.0796800764053136,0.6598429391665948,1.0569694798858615,0.8973066309987076,0.4794798869840495,-0.03726720193180921,0.18237344540660605,0.18036305218254528,0.25919056410661656
685,1.0497256417458174,1.1029738016450132,0.6033023488081147,1.0738952048960235,0.9059547423084627,0.4651322498740918,-0.02416956315020613,0.1970190593365505,0.13817009893402293,0.24185047811441
686,1.0452356634365683,1.0998802254733042,0.5646561872765132,1.090713541280604,0.9142404838005289,0.4502643168426439,-0.045477877844035675,0.1856397416727753,0.11439187043386934,0.22274615840209439
687,1.0406295125722989,1.0969624364193655,0.5260100257449117,1.1074228072199814,0.9221605412887859,0.4348605115707623,-0.06679329464768258,0.17480189513057964,0.09114951417414946,0.20814725721305524
688,1.0359140677019976,1.0942247917340853,0.4873638642133102,1.124021331801486,0.9297117468558371,0.4189052813456625,-0.08810726409948844,0.16451304487824814,0.06845858286764767,0.19878131071722027
689,1.0310963705877552,1.0916713796515738,0.44871770268170863,1.1405074551864933,0.936891080120138,0.4023832053261955,-0.10941108459873816,0.1547802995314358,0.04633449735551315,0.19512716930581778
690,1.0261836156890212,1.08930601328404,0.4100715411501071,1.1568795287764002,0.9436956694441047,0.3852791196091139,-0.13069591308737905,0.14561034383993532,0.024792421540993204,0.19722692031463207
691,1.036408835622877,1.0937510826802461,0.3904023162689718,1.1731359153774927,0.9501227930827353,0.36757826041131964,-0.13672707975461584,0.14362828959751084,0.02282405585765218,0.19961041414897357
692,1.0467195030942422,1.097994183071203,0.37073309138783656,1.1892749893646573,0.9561698802722672,0.3492664265498517,-0.14255548627041503,0.14182430279893576,0.021466664837984872,0.20223010960157511
693,1.0571116292571088,1.1020336729459117,0.3510638665067013,1.2052951368439446,0.9618345122584524,0.3303301621888942,-0.14818350758683585,0.1401991606874593,0.020733704317807078,0.20504644125891122
694,1.0675811937518753,1.1058679895633463,0.33139464162556603,1.2211947558139582,0.9671144232640236,0.31075696051584134,-0.15361356206208288,0.13875356629932267,0.020637681109724693,0.2080278647003055
695,1.0781241462606876,1.109495649557025,0.31172541674443077,1.236972256326048,0.9720075013949759,0.29053548859030254,-0.15884811006536026,0.13748814816204902,0.021189928154128235,0.21115095550705773
696,1.094330142852381,1.1147177243736452,0.29025965459962166,1.2526260606433117,0.9765117894852975,0.2696558330657038,-0.15829591779093066,0.13820593488834776,0.020603821533917877,0.21114685763571486
697,1.1106444931039867,1.1195907487721364,0.26879389245481256,1.2681546033983628,0.9806254858798085,0.24810976580033245,-0.15751011029437612,0.1389652628923279,0.020684126654480106,0.21106542168517067
698,1.1270596799950632,1.1241124774516775,0.24732813031000347,1.2835563317498675,0.9843469451548001,0.22589102754483356,-0.15649665175480432,0.13976553229687738,0.021437102765169913,0.21091504309474568
699,1.1435681400435531,1.1282808269749027,0.2258623681651944,1.2988297055378224,0.9876746787761803,0.2029956269152212,-0.15526156549426928,0.1406061481987224,0.022866741249973205,0.21071101178250176
700,1.1601622667907419,1.1320938767278683,0.2043966060203853,1.3139731974375781,0.9906073556948702,0.17942215074251594,-0.15381093064683626,0.14148652103299808,0.024974455277869373,0.2104755601890471
701,1.1792863967234901,1.1360581447139293,0.17959903179119613,1.328985293112564,0.9931438028792042,0.15517208065333724,-0.14969889638907397,0.14291434183472507,0.024426951137858893,0.2084009228003818
702,1.198502941210626,1.1395470104785963,0.15480145756200694,1.3438644913657243,0.9952830057841277,0.13025010941636972,-0.14536155015509822,0.14426400469446865,0.024551348145637225,0.2062640346976348
703,1.217800084226127,1.1425583287595569,0.13000388333281776,1.3586093042896297,0.9970241087570001,0.10466444924219856,-0.14080922006350272,0.14553422000255678,0.0253394340906192,0.2040821711141798
704,1.2371659601848877,1.1450902479328005,0.10520630910362858,1.373218257415277,0.9983664153798475,0.07842712292189793,-0.13605229723038925,0.14672383255295296,0.02677918618173064,0.20187925954205638
705,1.2565886612387287,1.1471412111511603,0.08040873487443939,1.3876898898595273,0.9993093887479177,0.051554227525755024,-0.13110122862079865,0.14783182240324255,0.028854507348684368,0.19968565911272157
706,1.277376329123623,1.148816332986705,0.05236512114727504,1.4020227544711974,0.9998526516844362,0.024066159466105345,-0.12464642534757431,0.14896368130226878,0.028298961681169695,0.1962848464127698
707,1.298202793685606,1.1499079112500745,0.024321507420110685,1.4162154179757676,0.9999959868914717,-0.004012210822560227,-0.11801262429016157,0.1499119243586028,0.028333718242670912,0.19288173616546836
708,1.319051677144333,1.1504150875320571,-0.00372210630705367,1.4302664611187157,0.999739337036853,-0.03265142639572878,-0.11121478397438267,0.1506757504952041,0.02892932008867511,0.18949621506128986
709,1.3399065840894027,1.1503374629929115,-0.03176572003421803,1.4441744788074369,0.9990828047770997,-0.06181740477477093,-0.10426789471803422,0.15125465821581185,0.0300516847405529,0.18615281157333807
710,1.3607511143735873,1.149675098676011,-0.05980933376138238,1.457938080251753,0.9980266527163616,-0.0914714824314205,-0.09718696587816567,0.15164844595964933,0.03166214867003812,0.1828798763040483
711,1.3823141676599806,1.1483838868355658,-0.09040191805987556,1.4715558891029872,0.9965713033013819,-0.12157055086072027,-0.08924172144300657,0.15181258353418392,0.03116863280084471,0.17883687828887151
712,1.4038276358898,1.1464337125425124,-0.12099450235836874,1.4850265435916035,0.9947173386525217,-0.1520672896241892,-0.08119890770180338,0.1517163738899907,0.031072787265820453,0.17486177062685934
713,1.4252713860447352,1.1438264008347447,-0.1515870866568619,1.4983486966633788,0.9924655003309216,-0.18291049838327378,-0.07307731061864353,0.15136090050382311,0.03132341172641187,0.1709724295047721
714,1.4466253503509658,1.1405643917211818,-0.1821796709553551,1.5115210161141086,0.9898166890418857,-0.21404552605890018,-0.06489566576314276,0.15074770267929616,0.03186585510354509,0.16718776874941282
715,1.4678695450592523,1.1366507378983257,-0.21277225525384827,1.5245421847228224,0.9867719642746133,-0.24541479105467268,-0.05667263966357017,0.14987877362371238,0.03264253580082441,0.16352666453179124
716,1.4891468803725356,1.1320539320922238,-0.24464967416233682,1.5374109003835117,0.9833325438784152,-0.2769583822343691,-0.04826402001097607,0.14872138821380865,0.03230870807203226,0.1596600123924149
717,1.5102668964197825,1.1267813099915098,-0.27652709307082535,1.550125876235334,0.9794998035755915,-0.30861472634854564,-0.03985897981555153,0.1472815064159183,0.032087633277720295,0.15591727490385468
718,1.5312081334950622,1.1208382290220265,-0.3084045119793139,1.5626858407913,0.9752752764111607,-0.3403213041667633,-0.03147770729623778,0.14556295261086571,0.031916792187449416,0.15230922773409888
719,1.551949313546859,1.1142307278520038,-0.34028193088780245,1.5750895380654217,0.9706606521396621,-0.37201539497002895,-0.02314022451856279,0.1435700757123417,0.03173346408222649,0.14884505155857544
720,1.5724693617983556,1.1069655202562672,-0.372159349796291,1.5873357276983062,0.9656577765492774,-0.4036348275127553,-0.014866365899950607,0.14130774370698973,0.031475477716464306,0.14553210286432047
721,1.592292015389506,1.0992277584174008,-0.4037322426753552,1.5994231850811964,0.9602686507235386,-0.43511871520880985,-0.007131169691690475,0.13895910769386222,0.03138647253345467,0.14263799581576916
722,1.6118605267806045,1.0908680984000194,-0.43530513555441935,1.6113507014784265,0.9544954302409214,-0.46640815416292103,0.0005098253021780241,0.136372668159098,0.031103018608501676,0.13987552433943187
723,1.6311553907691156,1.0818948728186233,-0.4668780284334835,1.6231170841482976,0.9483404243126435,-0.49744686468148896,0.008038306620818059,0.13355444850597975,0.030568836248005438,0.13724379344299711
724,1.6501573749145906,1.0723170258682444,-0.4984509213125477,1.6347211564623458,0.9418060948590116,-0.528181759882355,0.015436218452244743,0.13051093100923283,0.02973083856980735,0.13474161463729792
725,1.6688475387088868,1.0621441044091875,-0.5300238141916119,1.646161758023011,0.934895055524683,-0.5585634287330091,0.02268578068587579,0.1272490488845045,0.028539614541397196,0.13236870735000097
726,1.686369345984151,1.051877218912172,-0.5598247406284074,1.6574377447796707,0.927610070633246,-0.5885465249860494,0.02893160120448024,0.12426714827892593,0.028721784357642055,0.1307834186214695
727,1.7035774559044976,1.0410928032595002,-0.5896256670652028,1.668547989143047,0.9199540540815242,-0.6180900577424485,0.03502946676145058,0.12113874917797596,0.02846439067724571,0.12927444306831498
728,1.7204565871608102,1.0298004343303295,-0.6194265935019982,1.6794913800979598,0.9119300681740611,-0.6471575834684962,0.04096520706285034,0.11787036615626845,0.02773098996649792,0.12783027502136185
729,1.736991750586728,1.0180101400813077,-0.6492275199387937,1.6902668233144347,0.9035413223982338,-0.6757173029780909,0.04672492727229338,0.11446881768307393,0.026489783039297166,0.12644381224809287
730,1.753168262469468,1.0057323906414513,-0.6790284463755891,1.7008732412571288,0.8947911721405041,-0.7037420699869326,0.0522950212123392,0.11094121850094718,0.024713623611343438,0.12511389370520393
731,1.768155838996503,0.9936365808073436,-0.7060918977820734,1.7113095732930879,0.8856831173443074,-0.7312093202389199,0.05684626570341522,0.10795346346303625,0.02511742245684656,0.12456457405283448
732,1.7828106127777692,0.9811396343356433,-0.7331553491885576,1.7215747757978035,0.8762208011101247,-0.7581009318558724,0.06123583697996571,0.10491883322551865,0.024945582667314725,0.12401641581118591
733,1.7971218508665328,0.9682507038112225,-0.7602188005950419,1.7316678222595798,0.8664080082382859,-0.7844030284895931,0.06545402860695293,0.10184269557293657,0.024184227894551213,0.12345461263677933
734,1.8110790719166885,0.9549792289024673,-0.7872822520015261,1.7415877033821823,0.8562486637151049,-0.8101057371275008,0.06949136853450621,0.09873056518736245,0.022823485125974652,0.12287264250560485
735,1.824672053859147,0.9413349294478004,-0.8143457034080104,1.7513334271857652,0.8457468311429333,-0.8352029121201988,0.07333862667338176,0.09558809830486714,0.020857208712188435,0.12227289910336794
736,1.8373700382191673,0.9278796612258942,-0.8383047196851088,1.7609040191060688,0.8349067111147797,-0.8596918362790572,0.07646601911309858,0.0929729501111145,0.02138711659394843,0.12226377340640067
737,1.8497420340643873,0.9141240526048037,-0.8622637359622072,1.7702985220918765,0.823732639534121,-0.8835729088565338,0.07944351197251076,0.09039141307068266,0.021309172894326656,0.12221276529430772
738,1.8617809397825646,0.9000759994001922,-0.8862227522393056,1.7795159967007192,0.8122290858806044,-0.9068493289873355,0.0822649430818454,0.08784691351958784,0.020626576748029923,0.12210674323525125
739,1.8734798449575225,0.8857435652929617,-0.910181768516404,1.7885555211928177,0.8004006514223111,-0.9295267818372679,0.08492432376470482,0.08534291387065063,0.019345013320863913,0.12194172073252904
740,1.8848320343357763,0.8711349772006435,-0.9341407847935024,1.7974161916232538,0.7882520673753163,-0.9516131333632378,0.08741584271252245,0.0828829098253272,0.017472348569735452,0.12172259142326917
741,1.8956353481348223,0.8565232331978144,-0.9550842336998937,1.8060971219323696,0.7757881930112588,-0.9731181382979247,0.08953822620245266,0.08073504018655564,0.018033904598031003,0.12190349617815405
742,1.9061302947592957,0.8416884515278902,-0.976027682606285,1.814597444034368,0.7630140137137015,-0.9940531647825135,0.09153285072492778,0.0786744378141887,0.018025482176228458,0.12203625664078724
743,1.9163122709994638,0.826637138904417,-0.9969711315126764,1.8229163079041226,0.7499346389840432,-1.0144309380104182,0.09339596309534115,0.07670249992037381,0.017459806497741814,0.1221102954688091
744,1.9261768109181656,0.8113758970140201,-1.0179145804190677,1.8310528816621792,0.7365553003977854,-1.0342653043291206,0.09512392925598645,0.07482059661623475,0.016350723910052878,0.12212301080259202
745,1.9357195878096267,0.7959114196208242,-1.038858029325459,1.8390063516579414,0.722881349511976,-1.0535710164801917,0.09671323615168537,0.07303007010884821,0.014712987154732682,0.12207912670907453
746,1.9449597522596644,0.780210837594545,-1.057122659173606,1.8467759225510378,0.7089182557246515,-1.0723635400346438,0.0981838297086266,0.07129258186989351,0.015240880861037809,0.12229056012361873
747,1.9539116261329654,0.764344115526513,-1.075387289021753,1.854360817390854,0.6946716040871542,-1.090658880591542,0.09955080874211153,0.06967251143935882,0.015271591569788967,0.12246568450202899
748,1.9625722231969336,0.7483165463557607,-1.0936519188699,1.8617602776942273,0.6801470930701856,-1.1084734309385513,0.10081194550270633,0.06816945328557511,0.014821512068651232,0.12259608451046067
749,1.9709386543852545,0.732133476677892,-1.1119165487180471,1.868973563521292,0.665350532284497,-1.125823837107909,0.10196509086396244,0.06678294439339494,0.013907288389861883,0.12267947704121575
750,1.9790081287616523,0.7158003049615252,-1.1301811785661942,1.8759999535494778,0.6502878401571169,-1.1427268820842833,0.10300817521217454,0.06551246480440831,0.012545703518089146,0.1227190363474823
751,1.9869029860616996,0.6990573194837134,-1.1461925232970451,1.8828387451456365,0.6349650415640629,-1.1591993858163752,0.10406424091606303,0.06409227791965055,0.013006862519330031,0.12290795254564647
752,1.9945287651498356,0.6821900782215131,-1.162203868027896,1.8894892544363082,0.6193882654204694,-1.1752581201377648,0.10503951071352735,0.06280181280104369,0.013054252109868658,0.12307631778771484
753,2.0018835110990003,0.6652029052218179,-1.178215212758747,1.895950816376105,0.6035637422291092,-1.1909197372013636,0.10593269472289535,0.06163916299270866,0.012704524442616494,0.12321739798830718
754,2.0089653384635606,0.6481001552769438,-1.194226557489598,1.902222784814218,0.5874978015882669,-1.2062007100649477,0.10674255364934271,0.060602353688676835,0.011974152575349617,0.12332882210614046
755,2.01577243176266,0.6308862128082445,-1.210237902220449,1.9083045325590295,0.5711968696599886,-1.2211172841230187,0.10746789920363042,0.05968934314825591,0.010879381902569651,0.1234120253269262
756,2.022451010035068,0.6131730552380406,-1.2244217214989603,1.9141954514408346,0.5546674665997017,-1.2356854381550875,0.10825555859423353,0.05850558863833888,0.011263716656127132,0.1235679617917912
757,2.028877684716318,0.5953669548398923,-1.2386055407774716,1.9198949523726523,0.5379162039482439,-1.2499208538459183,0.10898273234366562,0.05745075089164842,0.011315313068446686,0.12371685833766659
758,2.035051162904986,0.5774714937980081,-1.252789360055983,1.9254024654091402,0.5209497819873273,-1.2638388927244983,0.10964869749584594,0.056521711810680775,0.011049532668515383,0.12385327182088397
759,2.0409702026370495,0.5594902722739346,-1.2669731793344943,1.9307174398035836,0.5037749870595203,-1.2774545795615464,0.11025276283346597,0.05571528521441427,0.010481400227052129,0.12397469285969484
760,2.046633613135742,0.5414269076822851,-1.2811569986130056,1.935839344062973,0.4863986888537981,-1.2907825913575508,0.11079426907276901,0.05502821882848696,0.00962559274454522,0.12408113056580694
761,2.052170318421496,0.5228486090475011,-1.2939016916975776,1.94076766600115,0.4688278376577654,-1.3038372511423686,0.1114026524203462,0.054020771389735656,0.009935559444790965,0.12420752815071848
762,2.057469805753153,0.5042012575034849,-1.3066463847821497,1.9455019127900275,0.45106946157762406,-1.3166325258920903,0.11196789296312537,0.053131795925860814,0.009986141109940672,0.12433631732996143
763,2.062531214361465,0.48548788184637226,-1.3193910778667217,1.9500416110088725,0.433130663727031,-1.3291820279480693,0.1124896033525924,0.05235721811934124,0.00979095008134756,0.12446305417719461
764,2.0673537221471228,0.4667115215962657,-1.3321357709512938,1.954386306691646,0.415018619385944,-1.3414990193963932,0.11296741545547673,0.051692902210321745,0.009363248445099392,0.12458516571029163
765,2.071936545814283,0.4478752265035405,-1.3448804640358658,1.9585355653724,0.39674057313061206,-1.3535964189332585,0.11340098044188318,0.05113465337292844,0.008715954897392741,0.12470165600553706
766,2.076375034978269,0.4285639642227007,-1.3565276246057516,1.9624889721287242,0.37830383593583167,-1.3654868108028255,0.11388606284954461,0.050260128286869044,0.00895918619707392,0.12480537978827996
767,2.0805883068037487,0.40920231714754657,-1.3681747851756374,1.9662461316232376,0.3597157822506608,-1.3771824554492114,0.11434217518051115,0.04948653489688576,0.009007670273573964,0.12491672540083981
768,2.084575789740109,0.38979291177874553,-1.3798219457455232,1.9698066681431217,0.3409838470487362,-1.3886953015737538,0.11476912159698727,0.048809064730009344,0.008873355828230567,0.1250320459546939
769,2.088336942866086,0.37033838109560757,-1.391469106315409,1.9731702256376917,0.3221155228543811,-1.4000369993327406,0.11516671722839433,0.04822285824122646,0.00856789301733163,0.12514881383726656
770,2.091871255963146,0.3508413641989089,-1.4031162668852948,1.9763364677540007,0.30311835674570226,-1.4112189144499225,0.11553478820914531,0.04772300745320662,0.008102647564627752,0.12526542070526664
771,2.0952383535260917,0.33094942749872336,-1.4139643522262721,1.979305077870476,0.2839999473358494,-1.422252143052719,0.11593327565561573,0.04694948016287398,0.008287790826446928,0.12535336281324094
772,2.0983894677747896,0.31102213539281404,-1.4248124375672495,1.9820757591285796,0.26476794173367757,-1.4331475270714018,0.11631370864621005,0.04625419365913647,0.008335089504152293,0.125450400426362
773,2.10132422788674,0.29106183292096044,-1.4356605229082269,1.984648234462495,0.24543003248500284,-1.4439156700672382,0.11667599342424517,0.045631800435957603,0.008255147159011322,0.1255535587196894
774,2.104042288499956,0.2710708690075953,-1.4465086082492042,1.9870222466268317,0.22599395449569257,-1.4545669533788361,0.11702004187312443,0.04507691451190274,0.008058345129631883,0.12566047647581735
775,2.106543329753604,0.25105159618538386,-1.4573566935901816,1.9891975582223522,0.20646748193779657,-1.4651115524962097,0.11734577153125159,0.04458411424758729,0.007754858906028117,0.12576927755282294
776,2.108856772154436,0.23074555091855403,-1.4676698782767765,1.9911739517197096,0.18685842513998854,-1.4755594535896255,0.11768282043472622,0.04388712577856549,0.007889575312848951,0.12584741329559682
777,2.1109606752427035,0.21041672699989888,-1.4779830629633715,1.9929512294812013,0.1671746274635352,-1.4859204701354887,0.11800944576150219,0.04324209953636368,0.007937407172117217,0.12593296190380693
778,2.112854815245517,0.19006728662011815,-1.4882962476499664,1.9945292137805317,0.14742396216506348,-1.4962042595945497,0.11832560146498516,0.04264332445505467,0.007908011944583349,0.12602356023992195
779,2.114538990700562,0.16969939416269558,-1.4986094323365613,1.9959077468205864,0.12761432924735241,-1.5064203401089062,0.1186312438799757,0.04208506491534317,0.007810907772344944,0.12611714789697315
780,2.1160130224775306,0.14931521597369335,-1.5089226170231562,1.99708669074921,0.10775365229944407,-1.516578107193738,0.11892633172832068,0.04156156367424928,0.007655490170581869,0.12621189517297934
781,2.1172857778315333,0.1287712602748866,-1.5189412064676169,1.998065927672992,0.0878498753273104,-1.5266868504077726,0.11921985015854131,0.04092138494757622,0.007745643940155755,0.1262851037054665
782,2.1183526512968784,0.10821558458775296,-1.5289597959120775,1.9988453596690559,0.06791095957636362,-1.536755769993164,0.11950729162782259,0.040304625011389345,0.007795974081086454,0.12636151614078994
783,2.119213535790095,0.08765025211207891,-1.5389783853565382,1.999424908794852,0.04794488034705368,-1.5467939934810255,0.11978862699524329,0.039705371765025234,0.007815608124487339,0.12643937454274262
784,2.1198683449030926,0.06707732701691535,-1.5489969748009988,1.9998045170959504,0.02795962380486148,-1.5568105922633153,0.1200638278071422,0.03911770321205387,0.007813617462316458,0.12651707422374595
785,2.1203170129118316,0.0464988742333942,-1.5590155642454595,1.9999841466118375,0.007963183785935567,-1.5668145981353296,0.12033286629999407,0.03853569044745864,0.007799033889870133,0.12659313993992702
786,2.1205597065836828,0.025898981552048797,-1.5689665744771577,1.9999637793797111,-0.012036441400328576,-1.5768150198156834,0.12059592720397161,0.037935422952377375,0.00784844533852569,0.126665196747146
787,2.1205974018797953,0.005297693782446735,-1.578917584708856,1.999743417436278,-0.03203125217051633,-1.5868208594525117,0.12085398444351725,0.03732894595296307,0.00790327474365582,0.12673435806247196
788,2.120430095067514,-0.01530294909907201,-1.588868594940554,1.9993230828175483,-0.05201325086691355,-1.5968411291256488,0.12110701224996578,0.03671030176784154,0.007972534185094693,0.12679951093490802
789,2.1200578027138586,-0.03590090718002543,-1.5988196051722523,1.998702817556634,-0.07197444495646654,-1.606884867354864,0.12135498515722465,0.036073537776441116,0.00806526218261161,0.1268596902262212
790,2.119480561683883,-0.05649414081378527,-1.6087706154039505,1.997882683679544,-0.09190685022768164,-1.6169611556237677,0.12159787800433919,0.03541270941389637,0.008190540219817244,0.12691410036825565
791,2.1187027982833375,-0.07696561074917871,-1.6188781758152422,1.9968627631989828,-0.111802493984214,-1.6270791349278113,0.1218400350843547,0.034836883235035296,0.008200959112569128,0.12698763055216952
792,2.1177181615157865,-0.09742817382565894,-1.6289857362265339,1.9956431581061487,-0.13165341823383273,-1.6372480223527806,0.12207500340963784,0.03422524440817379,0.008262286126246687,0.1270509314577988
793,2.1165267519736006,-0.11787973954874562,-1.6390932966378255,1.994223990360534,-0.15145168287151517,-1.6474771276873965,0.12230276161306652,0.033571943322769554,0.008383831049570967,0.12710361717794494
794,2.1151286913734513,-0.13831821854746898,-1.6492008570491172,1.9926054018777313,-0.1711893688553761,-1.6577758700698915,0.12252328949572,0.03287115030790713,0.008575013020774236,0.12714558521523067
795,2.113524122543877,-0.158741522787824,-1.659308417460409,1.9907875545152398,-0.1908585813741894,-1.668153794663767,0.12273656802863697,0.032117058586365405,0.008845377203358096,0.1271770863070779
796,2.111735094968061,-0.17890095118234445,-1.669804080141721,1.9887706300562809,-0.21045145300520013,-1.6786205893521406,0.12296446491178004,0.03155050182285568,0.008816509210419543,0.12725338750293375
797,2.10973458325442,-0.1990404925312534,-1.6802997428230333,1.9865548301916196,-0.22996014686099078,-1.689186101433152,0.12317975306280027,0.030919654329737395,0.008886358610118661,0.12731160181943565
798,2.107522807775171,-0.21915792830448805,-1.6907954055043455,1.984140376499396,-0.24937685972413318,-1.699860354290574,0.1233824312757752,0.03021893141964513,0.009064948786228433,0.1273521945635942
799,2.1051000121749093,-0.23925104240708997,-1.7012910681856577,1.981527510422967,-0.2686938251683646,-1.7106535640039524,0.12357250175194223,0.029442782761274627,0.009362495818294736,0.12737620254156176
800,2.102466463343768,-0.25931762142332543,-1.7117867308669699,1.9787164932467636,-0.2879033166650653,-1.7215761558510787,0.12374997009700439,0.028585695241739872,0.009789424984108841,0.12738535988481017
801,2.0996750129947297,-0.27898512564359523,-1.7229198337610179,1.9757076060701602,-0.30699765067375967,-1.7326387806421168,0.12396740692456953,0.028012525030164437,0.009718946881098978,0.12746402420544012
802,2.096664779813457,-0.29862033416043665,-1.7340529366550659,1.9725011497793674,-0.325969189715432,-1.7438523308090974,0.12416363003408959,0.027348855554995333,0.009799394154031527,0.12751703827017133
803,2.093436136902398,-0.3182208132938238,-1.7451860395491139,1.9690974450173422,-0.344810345427416,-1.7552279561563868,0.12433869188505575,0.02658953213359222,0.010041916607272938,0.12754588824386925
804,2.0899894844347293,-0.33778413366825377,-1.756319142443162,1.9654968321517237,-0.3635135815986424,-1.7667770791568955,0.12449265228300566,0.025729447930388616,0.010457936713733629,0.12755310032911152
805,2.086325249604756,-0.357307870513855,-1.76745224533721,1.961699671240799,-0.3820714171840091,-1.7785114096548387,0.12462557836395693,0.024763546670154124,0.011059164317628767,0.12754243663047993
806,2.082539389496289,-0.37631024595713514,-1.7795002258424193,1.9577063419974947,-0.4004764292967199,-1.7904429588085071,0.12483304749879442,0.024166183339584757,0.010942732966087831,0.12762067845692482
807,2.078524869440213,-0.3952656314179381,-1.7915482063476287,1.9535172437514072,-0.41872125617732653,-1.80258405207521,0.12500762568880575,0.02345562475938845,0.011035845727581428,0.12766699927596317
808,2.0742822721524576,-0.4141712754826662,-1.803596186852838,1.94913279540887,-0.43679860013833777,-1.814947341005158,0.12514947674358767,0.022627324655671577,0.011351154152319909,0.12768412607233792
809,2.0698122134548376,-0.43302443395778883,-1.8156441673580475,1.944553435411064,-0.45470123048319755,-1.8275458135709115,0.1252587780437735,0.021676796525408715,0.011901646212864048,0.12767652159735346
810,2.0651153421856634,-0.45182237026816785,-1.8276921478632568,1.9397796216901726,-0.4724219863984661,-1.8403928027138892,0.1253357204954908,0.02059961613029826,0.01270065485063232,0.12765067038787664
811,2.0603411204966493,-0.4699960058225087,-1.8409700063114627,1.9348118316235898,-0.4899537798180512,-1.8535019927388603,0.12552928887305947,0.019957773995542494,0.012531986427397612,0.12772222121326282
812,2.055326019782756,-0.48810464980341917,-1.8542478647596685,1.9296505619861817,-0.5072895982583422,-1.8668874231310342,0.12567545779657419,0.019184948454923023,0.012639558371365656,0.12775813623961377
813,2.0500709242008974,-0.5061451096762547,-1.8675257232078744,1.9242963289006125,-0.5244225076230977,-1.8805634893080148,0.1257745953002849,0.01827739794684302,0.013037766100140402,0.12776265277278676
814,2.044576760218827,-0.5241142049271564,-1.8808035816560802,1.9187496677857283,-0.541345654977011,-1.894544939750472,0.12582709243309886,0.017231450049854602,0.013741358094391698,0.12774272966891909
815,2.0388444964518024,-0.5420087676237723,-1.894081440104286,1.9130111333030182,-0.5580522712867794,-1.9088468688807356,0.12583336314878424,0.016043503663007108,0.014765428776449596,0.12770844599348605
816,2.0330839312018822,-0.5592024691340277,-1.9089480716916798,1.9070812993011486,-0.5745356741286307,-1.9234847049782011,0.12600263190073369,0.015333204994603,0.014536633286521328,0.12776182578777243
817,2.027068399520588,-0.5763086335847074,-1.9238147032790736,1.9009607587585777,-0.5907892703612041,-1.9384741923347701,0.1261076407620103,0.014480636776496691,0.014659489055696584,0.12777999264120796
818,2.020799230916603,-0.5933234802968338,-1.9386813348664673,1.89465012372426,-0.6068065587627183,-1.9538313667637117,0.12614910719234307,0.01348307846588448,0.015150031897244398,0.12776898730454891
819,2.0142778109555817,-0.6102432487738061,-1.953547966453861,1.8881500252564394,-0.6225811326313736,-1.9695725234828305,0.1261277856991423,0.012337883857567511,0.016024557028969433,0.12773890609922367
820,2.0075055809539233,-0.6270641995325174,-1.9684145980412548,1.8814611133595462,-0.6381066823479474,-1.9857141762998443,0.12604446759437704,0.011042482815430077,0.01729957825858941,0.12770442296883883
821,2.0007532380265274,-0.6431416442257046,-1.9852708895531246,1.8745840569191952,-0.6533769978995605,-2.0022730069375108,0.12616918110733222,0.010235353673855863,0.017002117384386173,0.1277203849104604
822,1.9937308611024263,-0.6591029908232665,-2.0021271810649943,1.8675195436353014,-0.6683859713635882,-2.019265803252276,0.12621131746712488,0.009282980540321728,0.017138622187281793,0.12770748903246734
823,1.9864404454343783,-0.6749437042623363,-2.0189834725768643,1.8602682799533052,-0.6831275993507646,-2.036709385028378,0.12617216548107302,0.008183895088428317,0.017725912451513892,0.12767380096652722
824,1.9788840624324096,-0.6906592837552855,-2.0358397640887342,1.8528309909935323,-0.6975959854064473,-2.0546205159757753,0.12605307143887723,0.006936701651161781,0.01878075188704109,0.1276331120454818
825,1.9710638590752698,-0.7062452640685231,-2.052696055600604,1.8452084204786805,-0.711785342369123,-2.073015800533438,0.12585543859658932,0.005540078300599993,0.02031974493283384,0.1276055481789568
826,1.963301568718134,-0.7210863288408954,-2.071964904220466,1.8374013306594494,-0.7256899946851959,-2.091911564088844,0.12590023805868467,0.004603665844300497,0.01994665986837818,0.12755364723262216
827,1.955254766806549,-0.735775077397595,-2.0912337528403278,1.8294105022383151,-0.7393043806791324,-2.1113237152817104,0.12584426456823383,0.0035293032815374437,0.020089962441382614,0.12748663262189047
828,1.9469264409333042,-0.7503060561435458,-2.1105026014601895,1.8212367342914608,-0.7526230547780576,-2.1312675891780724,0.12568970664184342,0.0023169986345117355,0.02076498771788282,0.12741450291591147
829,1.938319683214573,-0.7646738700599804,-2.1297714500800513,1.812880844188868,-0.765640689689914,-2.1517577702945823,0.12543883902570507,0.0009668196299335019,0.021986320214530952,0.12735476179903707
830,1.9294376891418794,-0.7788731847074861,-2.149040298699913,1.8043436675125866,-0.7783520785342984,-2.172807894737887,0.12509402162929284,-0.0005211061731876798,0.02376759603797396,0.12733296674647157
831,1.9206272562546776,-0.7923724219349505,-2.1711124791005276,1.7956260579731689,-0.7907521369251587,-2.1944304311165266,0.12500119828150869,-0.001620285009791833,0.023317952015998955,0.12716780953349174
832,1.911521036012026,-0.8056739213344759,-2.193184659501142,1.786728887324304,-0.8028359050044701,-2.216636440398034,0.12479214868772215,-0.0028380163300057992,0.023451780896891705,0.12700834908786016
833,1.9021234646126464,-0.8187712029294028,-2.2152568399017567,1.777653045275642,-0.8145985494261158,-2.2394353155356597,0.12447041933700431,-0.004172653503286994,0.024178475633902963,0.12686565733549576
834,1.8924391201902881,-0.831657886230097,-2.2373290203023712,1.7683994394038254,-0.8260353652891601,-2.262834502486271,0.12403968078646277,-0.005622520940936848,0.025505482183899808,0.12675955495650845
835,1.88247272058344,-0.8443276933422776,-2.259401200702986,1.7589689950617298,-0.8371417780197469,-2.2868392051869093,0.12350372552171018,-0.007185915322530767,0.027438004483923528,0.12671878979387516
836,1.872548216249223,-0.8563867268819026,-2.2845276238832612,1.7493626552859305,-0.8479133452008673,-2.311452078146046,0.12318556096329258,-0.008473381681035397,0.02692445426278489,0.1263780315731432
837,1.8623238761059835,-0.8681926129064681,-2.3096540470635367,1.739581380702398,-0.8583457583492696,-2.3366729115189178,0.1227424954035854,-0.00984685455719847,0.027018864455381042,0.12606625146734574
838,1.8518061548198044,-0.8797378983137651,-2.334780470243812,1.7296261494304437,-0.868434844638788,-2.3624983148415106,0.12218000538936069,-0.011303053674977193,0.027717844597698438,0.12579344835270947
839,1.8410016922694366,-0.891015294519778,-2.3599068934240877,1.7194979569848965,-0.8781765685694278,-2.3889214069446996,0.12150373528454006,-0.012838725950350183,0.029014513520611906,0.12557799395977606
840,1.8299173093545171,-0.9020176820599956,-2.385033316604363,1.709197816176561,-0.8875670335815046,-2.4159315208889622,0.12071949317795605,-0.01445064847849098,0.030898204284599107,0.1254460692991387
841,1.8187831909150112,-0.9125274433125552,-2.4131566906089454,1.6987267570109346,-0.8966024836142181,-2.443513933963093,0.12005643390407661,-0.01592495969833707,0.030357243354147467,0.12485477118324516
842,1.8073579443212588,-0.9227199609251326,-2.4412800646135278,1.6880858265852081,-0.9052793046080264,-2.471649633771164,0.11927211773605073,-0.01744065631710623,0.030369569157636445,0.1243073822941913
843,1.7956506054813035,-0.9325871739205647,-2.46940343861811,1.6772760889835565,-0.9135940259502211,-2.5003151320731636,0.118374516497747,-0.01899314797034357,0.030911693455053513,0.1238095255550151
844,1.7836704334020577,-0.9421212785960131,-2.4975268126226924,1.666298625170732,-0.921543321863127,-2.52948233822374,0.11737180823132576,-0.020577956732886094,0.03195552560104753,0.12337240083272615
845,1.7714269028666136,-0.9513147346946953,-2.5256501866272747,1.655154532883968,-0.9291240127343685,-2.559118503655017,0.11627236998264556,-0.022190721960326787,0.033468317027742334,0.12301146453551073
846,1.7589757788606983,-0.9601276545336258,-2.556217467302382,1.6438449265232045,-0.9363330663886721,-2.5891862477784504,0.11513085233749387,-0.02379458814495372,0.03296878047606855,0.12209928775805774
847,1.7462611262640038,-0.9685559197432322,-2.586784747977489,1.6323709370396566,-0.9431675993006936,-2.619643673878287,0.11389018922434713,-0.02538832044253858,0.032858925900797864,0.12122397051658035
848,1.7332948241971482,-0.9765916559141847,-2.617352028652596,1.6207337118227096,-0.949624877748395,-2.6504445810272683,0.11256111237443855,-0.02696677816578974,0.033092552374672124,0.12038408601756428
849,1.7200889868933018,-0.9842273553714991,-2.6479193093277034,1.6089344145851874,-0.9557023189064935,-2.6815387748284367,0.11115457230811443,-0.028525036465005593,0.03361946550073336,0.11957961829210167
850,1.7066559523800282,-0.9914558841888513,-2.6784865900028105,1.5969742252469805,-0.9613974918795568,-2.712872476001037,0.10968172713304769,-0.030058392309294524,0.03438588599822667,0.1188106786908939
851,1.6928215961610307,-0.9983636999173077,-2.710364087899541,1.5848543398170567,-0.9667081186743309,-2.7443888216776147,0.10796725634397397,-0.03165558124297674,0.03402473377807347,0.11754440341821835
852,1.67877410182043,-1.0048270761931577,-2.742241585796272,1.5725759702738584,-0.9716320751109048,-2.7760284500182753,0.10619813154657165,-0.03319500108225293,0.03378686422200339,0.11628199961640581
853,1.664527742860233,-1.0108394456520013,-2.7741190836930025,1.5601403444441087,-0.976167391672356,-2.807730154671101,0.10438739841612432,-0.034672053979645345,0.03361107097809857,0.11501558315093176
854,1.6500969948465631,-1.0163946991924249,-2.805996581589733,1.5475487058800246,-0.9803122542925307,-2.8394315920225517,0.10254828896653856,-0.036082444899894206,0.03343501043281849,0.11373651270617223
855,1.635496520701201,-1.0214871921833908,-2.837874079486464,1.5348023137349744,-0.9840650050816433,-2.8710700213760587,0.10069420696622666,-0.037422187101747495,0.03319594188959485,0.1124353768258587
856,1.6203333695988156,-1.0262395566600009,-2.8695139997241883,1.5219024426375487,-0.9874241429894152,-2.9025830564067965,0.09843092696126687,-0.03881541367058572,0.03306905668260818,0.11085506858394206
857,1.6050274683151333,-1.030509861727147,-2.9011539199619127,1.5088503825641069,-0.9903883244054711,-2.9339094056196564,0.09617708575102646,-0.040121537321676004,0.032755485657743666,0.10923685926137564
858,1.5895941380732765,-1.0342938328050109,-2.932793840199637,1.4956474387097796,-0.9929563636967662,-2.9649895801409523,0.09394669936349698,-0.04133746910824465,0.03219573994131508,0.10757013685934938
859,1.5740488276528872,-1.0375876821346033,-2.9644337604373616,1.4822949313579503,-0.9951272336818244,-2.9957665489487293,0.09175389629493691,-0.042460448452778854,0.03133278851136767,0.10584616575016415
860,1.5584070979258826,-1.0403881125693155,-2.996073680675086,1.4687941957482267,-0.9969000660415961,-3.0261863244390357,0.08961290217765594,-0.043488046527719426,0.03011264376394962,0.10405985653437043
861,1.5421374955275633,-1.0427725026409864,-3.025931247965187,1.4551465819429195,-0.9982741516667748,-3.0561984648014353,0.08699091358464384,-0.04449835097421162,0.030267216836248334,0.10229187015949785
862,1.5258039630470894,-1.044670131404097,-3.055788815255288,1.4413534546920337,-0.9992489409414315,-3.085756483749059,0.08445050835505574,-0.04542119046266546,0.029967668493771082,0.1004640933837838
863,1.5094210603276033,-1.0460793072969978,-3.085646382545389,1.4274161932968048,-0.999824043962853,-3.1148181624090387,0.08200486703079846,-0.04625526333414487,0.029171779863649938,0.09856642604489255
864,1.4930033912212781,-1.0469987741688853,-3.1155039498354897,1.413336191471756,-0.999999230697499,3.139839544846084,0.07966719974952219,-0.04699954347138635,0.02784181249801243,0.0965970306252914
865,1.4765655905713262,-1.0474277123995426,3.1378237900539956,1.399114857205336,-0.999774431073011,3.111879164795771,0.07745073336599018,-0.04765328132653157,0.02594462525822472,0.09456518862617987
866,1.4595281543828307,-1.047363500323518,3.1108646040345094,1.3847536126191209,-0.9991497350062423,3.084514521703087,0.07477454176370979,-0.048213765317275725,0.026350082331422442,0.09279076517043526
867,1.44249864009978,-1.0468400518053842,3.083905418015023,1.3702538938256013,-0.9981253923672896,3.057769563448156,0.07224474627417865,-0.04871465943809461,0.026135854566867067,0.09096979884736701
868,1.4254894239845577,-1.0458577472632844,3.056946231995537,1.3556171507845733,-0.9967018128795511,3.0316637948036833,0.06987227319998435,-0.049155934383733335,0.025282437191853635,0.08909344576135313
869,1.4085128675477792,-1.0444173005906714,3.0299870459760507,1.3408448471581444,-0.9948795659558413,3.006212463340424,0.06766802038963471,-0.04953773463483013,0.023774582635626818,0.08716753361029045
870,1.391581308564518,-1.0425197586374833,3.0030278599565645,1.325938460164364,-0.9926593804706327,2.9814267933001624,0.06564284840015389,-0.049860378166850516,0.021601066656402157,0.08521529755696015
871,1.374101052539482,-1.0400819886695316,2.979482370660302,1.3108994804295147,-0.9900421444685181,2.957314255765872,0.06320157210996724,-0.050039844201013484,0.022168114894430158,0.08360532305305535
872,1.356683034914051,-1.0372333512553211,2.9559368813640394,1.295729411839035,-0.987028904809002,2.9338788640941087,0.06095362307501606,-0.05020444644631916,0.02205801726993073,0.08199016242716574
873,1.3393369116180618,-1.0339754255781775,2.932391392067777,1.2804297713871424,-0.9836208667477723,2.9111214845518916,0.058907140230919364,-0.05035455883040518,0.02126990751588531,0.08036194205545465
874,1.3220722987256892,-1.030310017716291,2.9088459027715143,1.2650020890251326,-0.9798193934546138,2.8890401533006966,0.05707020970055665,-0.050490624261677164,0.019805749470817702,0.07873105921871094
875,1.3048987671246384,-1.0262391596414906,2.885300413475252,1.2494479075083849,-0.9756260054681576,2.867630392188506,0.05545085961625351,-0.05061315417333301,0.017670021286745996,0.07712793825734672
876,1.287181779098475,-1.0215963292594272,2.865183762713565,1.2337687822420895,-0.9710423800876875,2.8468855171578986,0.05341299685638545,-0.05055394917173972,0.01829824555566617,0.07578572293284891
877,1.269561767701647,-1.016598055852391,2.845067111951878,1.217966281125707,-0.9660703507022413,2.826796934384504,0.05159548657594004,-0.050527705150149704,0.018270177567373924,0.0744912250610221
878,1.2520458631535265,-1.0112463620516432,2.8249504611901908,1.2020419843961807,-0.9607119060572806,2.807354420475193,0.0500038787573458,-0.05053445599436257,0.017596040714997763,0.07323755718392964
879,1.2346411535449842,-1.0055434135056587,2.8048338104285038,1.1859974844699102,-0.9549691894592174,2.7885463841460103,0.048643669075074,-0.050574224046441296,0.016287426282493467,0.07203637229825369
880,1.2173546819700805,-0.9994915180037618,2.7847171596668168,1.1698343857835234,-0.9488444979181241,2.7703601077480107,0.047520296186557065,-0.050647020085637706,0.014357051918806096,0.070918432956548
881,1.1994725601109792,-0.9928243504241012,2.7677526450607157,1.153554304633417,-0.9423402812289547,2.7527819678085708,0.04591825547756234,-0.050484069195146475,0.01497067725214496,0.0698659330860965
882,1.181706111217294,-0.9858547952426642,2.7507881304546147,1.1371588690141392,-0.9354591409916634,2.735797634409647,0.04454724220315476,-0.05039565425100079,0.014990496044967827,0.06891221754498358
883,1.1640604482572203,-0.9785848582127779,2.7338236158485136,1.1206497184555895,-0.9282038295705979,2.7193922497417313,0.043410729801630854,-0.05038102864217997,0.014431366106782306,0.06805147931281395
884,1.1465406494382293,-0.971016631534017,2.7168591012424126,1.1040285038590658,-0.9205772489935901,2.703550586566602,0.042512145579163496,-0.0504393825404269,0.013308514675810734,0.0672943563434541
885,1.129151756745621,-0.9631522932500939,2.6998945866363115,1.0872968873321767,-0.9125824497911844,2.688257187608608,0.04185486941344441,-0.05056984345890947,0.011637399027703665,0.06666759495590861
886,1.111090712645581,-0.9546120092403317,2.685691009571792,1.0704565420226324,-0.9042226297764663,2.6734964870893,0.040634170622948496,-0.05038937946386546,0.012194522482491976,0.06587056826492632
887,1.09315278885039,-0.945816063875056,2.6714874325072726,1.0535091519509268,-0.8955011327659768,2.6592529157394935,0.039643636899463264,-0.05031493110907925,0.012234516767779091,0.06521421347888008
888,1.0753416041246824,-0.9367662316325384,2.657283855442753,1.0364564118419504,-0.8864214472422383,2.6455109906809953,0.03888519228273202,-0.0503447843903001,0.011772864761757873,0.06469355330223782
889,1.0576607516649794,-0.9274643382097344,2.6430802783782337,1.0193000269555008,-0.8769872049583982,2.632255391580335,0.0383607247094786,-0.05047713325133618,0.010824886797898614,0.06431690567569985
890,1.040113798374804,-0.917912260153971,2.628876701313714,1.0020417129157693,-0.8672021794855813,2.619471024450662,0.03807208545903484,-0.05071008066838967,0.009405676863052381,0.06410509129427083
891,1.0218320663303824,-0.90762092701894,2.6170341044263186,0.9846831955397783,-0.8570702847035119,2.607143074424953,0.03714887079060403,-0.05055064231542816,0.009891030001365486,0.06350778309787913
892,1.0036734895119155,-0.8971138174179102,2.605191507538923,0.9672262106648,-0.8465955732350124,2.5952570487522775,0.036447278847115516,-0.05051824418289774,0.00993445878664545,0.06308082594628761
893,0.9856406145773973,-0.8863924049253211,2.5933489106515273,0.9496725039747743,-0.8357822348250097,2.5837988111854746,0.03596811060262295,-0.050610170100311436,0.009550099466052675,0.06281957256871838
894,0.9677359705557032,-0.8754581931706205,2.5815063137641316,0.9320238308257422,-0.8246345946646914,2.572754608838554,0.0357121397299609,-0.0508235985059291,0.008751704925577641,0.06272947814455745
895,0.9499620684919049,-0.8643127156273868,2.569663716876736,0.9142819560703085,-0.8131571116614865,2.562111092499413,0.03568011242159641,-0.05115560396590024,0.0075526243773231805,0.06282522084735336
896,0.9314252062711033,-0.8523806607529897,2.559822032188677,0.8964486538811698,-0.8013543766555692,2.5518553312912466,0.03497655238993347,-0.05102628409742049,0.007966700897430457,0.06237394655675996
897,0.9130066713978287,-0.8402667527278901,2.549980347500618,0.8785257075736812,-0.7892311105835723,2.5419748224863588,0.03448096382414745,-0.05103564214431777,0.00800552501425944,0.06211008022921048
898,0.8947082478540842,-0.827972164880697,2.5401386628125593,0.8605149094275374,-0.7767921625902832,2.532457497190761,0.034193338426546815,-0.05118000229041386,0.007681165621798325,0.06202884274681116
899,0.876531707988133,-0.8154980880403015,2.5302969781245004,0.8424180605075443,-0.7640425080890486,2.523291722537723,0.03411364748058865,-0.05145557995125294,0.007005255586777448,0.06213285168399832
900,0.8584788123428314,-0.8028457304205352,2.5204552934364415,0.8242369704835132,-0.750987246771676,2.5144663009541306,0.03424184185931822,-0.051858483648859144,0.005988992482310884,0.06243135503279362
901,0.8396721566035751,-0.7893871715800229,2.5123101111143793,0.8059734574492955,-0.7376316005686248,2.505970466995288,0.03369869915427959,-0.05175557101139816,0.006339644119091492,0.06208407640420572
902,0.8209757459186281,-0.7757758772382553,2.504164928792317,0.7876293477409753,-0.7239809115603028,2.4977938821817167,0.033346398177652836,-0.0517949656779525,0.006371046610600395,0.0619297261088509
903,0.8023908206757109,-0.7620127504178843,2.496019746470255,0.7692064757542365,-0.710040639840307,2.489926628215464,0.033184344921474374,-0.051972110577577335,0.0060931182547907525,0.06196311092756861
904,0.783918613866195,-0.7480987042146796,2.4878745641481927,0.7507066837609222,-0.6958163613314545,2.482359198903139,0.03321193010527279,-0.052282342883225086,0.005515365245053694,0.06218436244316563
905,0.7655603510033024,-0.7340346617369502,2.4797293818261306,0.732131821724822,-0.6813137655554999,2.475082491068045,0.03342852927848039,-0.05272089618145026,0.004646890758085664,0.06259834708372945
906,0.7464887344413029,-0.7191760638219071,2.4730321438048755,0.7134837471166572,-0.6665386533573856,2.4680877946939646,0.03300498732464574,-0.05263741046452153,0.004944349110910906,0.06232553856037757
907,0.7275170564102882,-0.7041900729311996,2.4663349057836204,0.6947643247283485,-0.6514969345849919,2.4613667825080277,0.032752731681939706,-0.0526931383462077,0.004968123275592706,0.06224138904525836
908,0.7086461678436976,-0.6890773612289214,2.4596376677623653,0.6759754264865352,-0.6361946257252741,2.454911499179146,0.032670741357162414,-0.052882735503647305,0.00472616858321917,0.06234017745124191
909,0.689876915154278,-0.6738386065629531,2.45294042974111,0.6571189312653843,-0.6206378474977482,2.448714350281457,0.032757983888893616,-0.05320075906520494,0.004226079459653143,0.0626200129445715
910,0.6712101401961192,-0.6584744924345592,2.446243191719855,0.6381967246987043,-0.6048328224062841,2.4427680911485643,0.03301341549741499,-0.053641670028275135,0.0034751005712907457,0.06308241189276054
911,0.6518933436365588,-0.6423571469075595,2.4407953355318797,0.619210698991383,-0.5887858722501876,2.4370658157238534,0.032682644645175785,-0.05357127465737188,0.0037295198080262715,0.06286450546546017
912,0.6326646382754499,-0.6261348059452999,2.4353474793439043,0.6001627527301665,-0.5725034155955617,2.431600945494345,0.03250188554528344,-0.053631390349738184,0.0037465338495592526,0.06282304601601699
913,0.6135245948027628,-0.6098079510116703,2.429899623155929,0.5810547906938144,-0.5559919652079778,2.426367218580206,0.0324698041089484,-0.05381598580369251,0.003532404575723014,0.06295177828293101
914,0.5944737812770655,-0.5933770666724373,2.4244517669679535,0.5618887236626036,-0.5392581254474379,2.4213586790388097,0.032585057614461954,-0.054118941224999384,0.0030930879291437563,0.06324723687237378
915,0.5755127631086653,-0.5768426405808628,2.419003910779978,0.5426664682272655,-0.5223085896267315,2.4165696664309295,0.032846294881399785,-0.05453405095413122,0.0024342443490485977,0.06370845584735613
916,0.555980861877933,-0.559622174595233,2.414649516629276,0.5233899465973252,-0.5051501373341961,2.4119948056869718,0.03259091528060787,-0.05447203726103689,0.0026547109423042947,0.06353281114812047
917,0.5365241302760403,-0.5423168225381029,2.410295122478574,0.504061086408882,-0.48778963172197237,2.4076289973029317,0.03246304386715826,-0.0545271908161305,0.002666125175642353,0.06351513188895967
918,0.5171429372165972,-0.5249269125313805,2.405940728327872,0.48468182053184755,-0.470234016760835,2.4034674078887996,0.03246111668474966,-0.05469289577054548,0.002473320439072335,0.06364867836949183
919,0.4978376501809487,-0.5074527743002535,2.40158633417717,0.46525408687666003,-0.4524903144626965,2.3995054610862865,0.03258356330428869,-0.05496245983755699,0.0020808730908834505,0.06392879337059332
920,0.47860863521120717,-0.4898947391669373,2.397231940026468,0.44577982820049183,-0.43456562207189353,2.395738828867818,0.03282880701071533,-0.05532911709504379,0.001493111158649807,0.064352708949942
921,0.45889849541703076,-0.4717393759369396,2.3938508166540764,0.426260991912989,-0.416467109226396,2.3921634232246705,0.032637503504041765,-0.05527226671054358,0.0016873934294059367,0.06421119371950194
922,0.43924985369185077,-0.4535174741955009,2.390469693281685,0.40669952988151115,-0.3982020150900286,2.388775388248735,0.03255032381033962,-0.05531545910547231,0.0016943050329500942,0.06420431656634795
923,0.4196629346586323,-0.4352292422551171,2.3870885699092934,0.38709739823596034,-0.3797776454569147,2.385571092609647,0.03256553642267196,-0.055451596798202385,0.0015174772996462416,0.0643249289725354
924,0.4001379622347276,-0.4168748891865699,2.383707446536902,0.367456557173166,-0.3612013698292525,2.382547122426782,0.032681405061561586,-0.0556735193573174,0.0011603241101201256,0.06456749450356569
925,0.38067515962931614,-0.3984546248165366,2.3803263231645104,0.3477789707608671,-0.3424806184696126,2.379700274533819,0.03289618886844903,-0.05597400634692401,0.0006260486306914892,0.06492796443353317
926,0.36082809612103867,-0.3795430596627879,2.377828225083229,0.328066606741307,-0.3236228794289322,2.377027550132213,0.03276148937973167,-0.0559201802338557,0.0008006749510158784,0.06481529776327777
927,0.3410283374359576,-0.3605819736580612,2.3753301270019476,0.30832143633446063,-0.3046356955513944,2.3745261488288225,0.03270690110149699,-0.0559462781066668,0.0008039781731250528,0.06481029080751352
928,0.32127600713428456,-0.34157148512883895,2.372832028920666,0.28854543404091454,-0.2855266614573912,2.3721934630521706,0.03273057309337002,-0.05604482367144775,0.0006385658684955331,0.06490547312632822
929,0.3015712284802545,-0.3225117127098995,2.3703339308393847,0.2687405774444146,-0.26630342050577305,2.370027072841291,0.03283065103583993,-0.05620829220412643,0.0003068579980936015,0.06509468428199458
930,0.28191412444135705,-0.3034027753435768,2.3678358327581033,0.2489088470141234,-0.2469736617366209,2.3680247410007484,0.03300527742723364,-0.056429113606955905,-0.00018890824264516937,0.06537299814785562
931,0.26197440479407125,-0.2839219840993405,2.3661559597139576,0.22905222590655416,-0.22754511679571235,2.366184408615277,0.032922178887517084,-0.05637686730362815,-2.844890131914468e-05,0.06528569398430684
932,0.2420674385221567,-0.26440772416044644,2.364476086669812,0.20917269976727051,-0.20802555684197999,2.36450419091746,0.03289473875488619,-0.05638216731846646,-2.8104247647764424e-05,0.06527643846847417
933,0.22219328180253037,-0.24486005059560506,2.3627962136256664,0.1892722565323201,-0.1884227894391479,2.3629823735019793,0.032921025270210263,-0.05643726115645717,-0.00018615987631287467,0.06533753138268633
934,0.20235199071952154,-0.22527901856781904,2.3611163405815208,0.16935288622944283,-0.16874465543281053,2.361617408880159,0.0329991044900787,-0.05653436313500851,-0.0005010682986381632,0.06546240281007137
935,0.1825436212647136,-0.20566468333422777,2.359436467537375,0.14941658077906955,-0.1489990258141988,2.3604079133688436,0.03312704048564405,-0.05666565752002897,-0.0009714458314684649,0.06564557304585125
936,0.16255751526794907,-0.18580774802727326,2.3585321899534066,0.12946533379513178,-0.12919379857188856,2.3593526643079974,0.033092181472817284,-0.0566139494553847,-0.0008204743545907611,0.06558128487406499
937,0.14258937362171997,-0.1659327478538238,2.357627912369438,0.10950114038569836,-0.10933689553270708,2.3584505976018466,0.033088233236021614,-0.05659585232111673,-0.000822685232408471,0.06556369795570291
938,0.12263921265433307,-0.14603969906602268,2.3567236347854696,0.08952599695348055,-0.08943625919312186,2.3577008055788626,0.033113215700852516,-0.056603439872900826,-0.0009771707933929896,0.06558497787036102
939,0.10270704867939193,-0.12612861793077182,2.355819357201501,0.06954190099617216,-0.06949984954232696,2.357102535166389,0.033165147683219764,-0.056628768388444856,-0.0012831779648876385,0.06563833465080815
940,0.08279289799578368,-0.10619952072971856,2.3549150796175327,0.04955085090671553,-0.04953564087836742,2.3566551863762744,0.03324204708906815,-0.056663879851351136,-0.0017401067587416996,0.06571801081904412
941,0.06280806309546572,-0.08616348267338862,2.3547637792565306,0.029554845773460472,-0.029551618618522946,2.356358311098441,0.033253217322005243,-0.05661186405486568,-0.0015945318419103849,0.06567512577700912
942,0.042826259883671565,-0.06612442113366572,2.3546124788955285,0.009555885180257023,-0.009555776105247387,2.3562116121999095,0.03327037470341454,-0.05656864502841833,-0.0015991333043809952,0.06564668049933664
943,0.02284748881782066,-0.04608233656928002,2.3544611785345264,-0.010444030993501241,0.010443888591061618,2.3562149429274206,0.033291519811321904,-0.05652622516034164,-0.0017537643928942082,0.06562480561320591
944,0.0028717503552630197,-0.0260372294390309,2.3543098781735243,-0.030442902772863486,0.030439375871184192,2.3563683066123997,0.03331465312812651,-0.05647660531021509,-0.0020584284388753815,0.06560266906194577
945,-0.017100955046720764,-0.005989100201786928,2.3541585778125222,-0.050438730287320994,0.05042268780681477,2.3566718566776563,0.033337775240600234,-0.05641178800860169,-0.002513278865134083,0.06557448936113895
946,-0.03703588198605233,0.014027163974504934,2.3547565047985732,-0.07042951397077836,0.07038583133961263,2.3571258969458246,0.03339363198472603,-0.056358667365107695,-0.0023693921472514035,0.06555187307354099
947,-0.05698277362564734,0.034031504942651,2.3553544317846242,-0.09041325476152971,0.09032082147833986,2.3577308822501957,0.03343048113588237,-0.05628931653568886,-0.0023764504655714447,0.06551131003000074
948,-0.07694162283415952,0.05402391555076591,2.355952358770675,-0.11038795430214902,0.11021968449273731,2.3584874193492102,0.033446331467989504,-0.0561957689419714,-0.002535060578535031,0.06544500032686153
949,-0.09691242247596756,0.07400438865122959,2.356550285756726,-0.1303516151393278,0.1300744611029139,2.359396268146511,0.03343919266336025,-0.056070072451684314,-0.00284598238978484,0.06534624890900333
950,-0.11689516541117766,0.09397291710068983,2.357148212742777,-0.1503022409236186,0.14987720966295232,2.3604583432190505,0.033407075512440945,-0.05590429256226248,-0.0033101304762732653,0.06520950532668471
951,-0.13673084572526067,0.113770797982246,2.3585102990181723,-0.17023783660906852,0.16962000933746174,2.3616747156563527,0.03350699088380785,-0.05584921135521574,-0.003164416638180345,0.06520633696004655
952,-0.15659347405247803,0.13354164259894383,2.3598723852935675,-0.1901564086527219,0.18929496326980613,2.3630466152146,0.03356293460024387,-0.055753320670862305,-0.0031742299210324454,0.06515350397637741
953,-0.17648301354211782,0.15328541427035572,2.3612344715689626,-0.21005596521397318,0.2088942017407418,2.364575432789753,0.03357295167185537,-0.055608787470386084,-0.003340961220790195,0.06504338820945699
954,-0.19639942729354035,0.17300207636628195,2.3625965578443577,-0.22993451635375262,0.22840988531620351,2.366262723214435,0.03353508906021227,-0.05540780894992156,-0.0036661653700771346,0.06486962509085535
955,-0.21634267835624674,0.19269159230681862,2.363958644119753,-0.24979007423350463,0.2478342079829598,2.3681102083837824,0.033447395877257896,-0.05514261567614118,-0.004151564264029517,0.06462717571126705
956,-0.23602926094493756,0.21207482474219602,2.3661192617004345,-0.269620653313991,0.267159400270935,2.3701197807158785,0.033591392369053424,-0.055084575528738966,-0.00400051901544396,0.06464283606762607
957,-0.25575767730270726,0.23141547679117558,2.368279879281116,-0.2894242705538291,0.28637773236087966,2.3722935069527646,0.03366659325112181,-0.05496225556970408,-0.004013627671648479,0.06457862065368515
958,-0.2755278353320504,0.250713458166439,2.370440496861798,-0.30919894560779787,0.30548151717619876,2.3746336323082975,0.033671110275747484,-0.054768059009759784,-0.004193135446499685,0.06442721738342244
959,-0.2953396427406002,0.2699686787798659,2.3726011144424795,-0.32894270102487083,0.3244631134576801,2.3771425849693415,0.033603058284270626,-0.054494434677814174,-0.004541470526862046,0.06418281616957144
960,-0.3151930070415596,0.28918104874295486,2.374761732023161,-0.3486535624459593,0.3433149288198954,2.379822980956867,0.03346055540439968,-0.05413388007694053,-0.005061248933706075,0.06384122477619317
961,-0.33468025138145485,0.3079577553985982,2.377776433102741,-0.3683295588013468,0.36202942278805417,2.3826776293535232,0.03364930741989197,-0.05407166738945596,-0.004901196250782114,0.06387521294526564
962,-0.35422401323934355,0.3266756286014222,2.380791134182321,-0.38796872250779796,0.38059910981409556,2.3857095379040607,0.03374470926845441,-0.053923481212673374,-0.004918403721739573,0.06380155111653692
963,-0.3738241149933933,0.3453344982356138,2.383805835261901,-0.40756908966530103,0.3990165622707952,2.388921918994649,0.033744974671907735,-0.05368206403518139,-0.005116083732747967,0.06361337616763865
964,-0.3934803785097312,0.363934194721609,2.386820536341481,-0.4271287002534774,0.4172744134227364,2.39231819601659,0.03364832174374616,-0.05334021870112743,-0.005497659675108846,0.06330570866168456
965,-0.41319262514406313,0.3824745490176339,2.389835237421061,-0.4466455983275678,0.4353653603728932,2.3959020101191086,0.03345297318350465,-0.052890811355259304,-0.006066772698047451,0.06287563177896253
966,-0.43242996654301546,0.40045924082922907,2.393783554323318,-0.4661178322140288,0.45328216698369495,2.3996772273548608,0.03368786567101334,-0.05282292615446588,-0.005893673031542868,0.06292749162958214
967,-0.45173816707288555,0.4183678375346169,2.3977318712255746,-0.4855434547056987,0.47101766677138485,2.4036479462203655,0.03380528763281315,-0.05264982923676792,-0.005916074994790854,0.06284744970117755
968,-0.4711169257345419,0.4362000599533504,2.4016801881278314,-0.5049205232565162,0.48856476577251795,2.407818505591774,0.03380359752197426,-0.05236470581916752,-0.006138317463942666,0.06262926282692241
969,-0.49056594042890916,0.45395563009559564,2.405628505030088,-0.5242471001757738,0.5059164453814522,2.4121934930541324,0.03368115974686464,-0.051960815285856554,-0.006564988024044371,0.062269140951361816
970,-0.5100849079616777,0.4716342711664651,2.409576821932345,-0.5435212528218883,0.5230657651576994,2.416777753619516,0.03343634486021063,-0.05143149399123431,-0.007200931687171064,0.061766019371047455
971,-0.529021463913763,0.48864979609326886,2.4145662234619834,-0.5627410537956501,0.5400058656019979,2.4215763988259873,0.03371958988188706,-0.05135606950872906,-0.0070101753640039455,0.06183525835493985
972,-0.5480426810956741,0.5055706275379617,2.419555624991622,-0.5819045811329816,0.5567299709000376,2.4265948162052435,0.03386190003730749,-0.05115934336207595,-0.007039191213621621,0.06175319344226109
973,-0.5671480859917853,0.5223963442720799,2.4245450265212605,-0.6010099184971187,0.5732313916326847,2.431838679101828,0.03386183250533337,-0.050835047360604735,-0.007293652580567578,0.06151441382911974
974,-0.5863372029906955,0.5391265274349528,2.429534428050899,-0.620055155370246,0.589503527451662,2.4373139568209106,0.03371795237955055,-0.050377000016709195,-0.0077795287700115345,0.06111680220067632
975,-0.605609554397068,0.5557607605441295,2.4345238295805376,-0.6390383872445473,0.605539869719601,2.4430269250746033,0.03342883284747933,-0.04977910917547157,-0.008503095494065693,0.06056194521999298
976,-0.6241940628372241,0.5716401964181413,2.440694894575853,-0.6579577158126543,0.6213340041134094,2.4489841766885143,0.03376365297543016,-0.0496938076952681,-0.008289282112661223,0.06064792645625113
977,-0.642876209819383,0.587404644450854,2.4468659595711686,-0.6768112491574763,0.6368796131899154,2.455192632520491,0.033935039338093276,-0.04947496873906132,-0.008326672949322322,0.06056973591666063
978,-0.6616552838914744,0.6030535043017823,2.453037024566484,-0.69559710194139,0.6521704789127604,2.4616595525321086,0.033941818049915584,-0.04911697461097808,-0.00862252796562446,0.06032306520715784
979,-0.6805305699102583,0.6185861800322606,2.4592080895617996,-0.7143133955947752,0.6672004851395333,2.4683925469401653,0.03378282568451696,-0.048614305107272715,-0.009184457378365707,0.05990813158185186
980,-0.6995013490685587,0.6340020801281384,2.465379154557115,-0.7329582585038568,0.6819636200681355,2.4753995873599552,0.03345690943529811,-0.04796153993999708,-0.010020432802840151,0.05933028885766452
981,-0.7176820227846222,0.6485905771201019,2.4729118652010578,-0.7515298261978846,0.6964539786414377,2.4826890178342347,0.03384780341326232,-0.047863401521335724,-0.009777152633176911,0.05943207647985971
982,-0.7359720705890282,0.6630417117664553,2.4804445758450004,-0.7700262415355653,0.7106657649092125,2.490269565621063,0.034054170946537066,-0.047624053142757194,-0.009824989776062498,0.05936554068396803
983,-0.7543704546777363,0.6773546640887006,2.487977286488943,-0.7884456548907789,0.7245932943464408,2.4981503515899917,0.034075200213042556,-0.04723863025774022,-0.01017306510104854,0.0591278167340601
984,-0.7728761310995468,0.691528621949007,2.495509997132886,-0.8067862243375392,0.7382309961270456,2.5063409000487984,0.033910093237992434,-0.046702374178038575,-0.010830902915912599,0.05872235209227222
985,-0.7914880498153364,0.7055627810962924,2.5030427077768285,-0.8250461158341854,0.7515734153521484,2.514851147791886,0.03355806601884903,-0.04601063425585594,-0.011808440015057542,0.05815979294272621
986,-0.8092123293858219,0.7187193785174137,2.512163345734714,-0.8432235034067843,0.7646152152319554,2.523691452126122,0.03401117402096243,-0.04589583671454167,-0.011528106391407889,0.05827593862807943
987,-0.8270558666533014,0.7317137742239579,2.5212839836925993,-0.8613165693317297,0.7773511792204058,2.5328725975898596,0.03426070267842829,-0.04563740499644786,-0.011588613897260291,0.05823112960341094
988,-0.8450171772949175,0.7445448872711393,2.5304046216504847,-0.8793235043175001,0.7897762131017095,2.542405801035813,0.03430632702258252,-0.04523132583057021,-0.012001179385328076,0.058024350205843817
989,-0.8630947671907806,0.7572116502969157,2.53952525960837,-0.8972425076856059,0.8018853470279821,2.5523027146979134,0.034147740494825274,-0.04467369673106636,-0.0127774550895432,0.05766342618234293
990,-0.8812871325482575,0.7697130096107767,2.5486458975662556,-0.9150717875506427,0.8136737375071053,2.5625754268059584,0.033784655002385144,-0.043960727896328544,-0.01392952923970281,0.05716625136953587
991,-0.8985013343258583,0.7813124878318616,2.5596330809089514,-0.9328095609994818,0.8251366693400644,2.5732364592495207,0.03430822667362343,-0.043824181508202775,-0.01360337834056935,0.0572945477740186
992,-0.915841940109947,0.7927221341402362,2.570620264251647,-0.9504540542695596,0.836269557506963,2.584298761724097,0.03461211415961263,-0.04354742336672679,-0.01367849747244998,0.05728418474223771
993,-0.933306856594903,0.8039405711978164,2.581607447594343,-0.9680035029262528,0.8470679490009707,2.5957757017178724,0.034696646331349834,-0.04312737780315434,-0.014168254123529511,0.05713639302342854
994,-0.9508939754686928,0.8149664447487222,2.5925946309370387,-0.9854561520393205,0.8575275246094671,2.6076810496170584,0.034562176570627656,-0.04256107986074498,-0.015086418680019698,0.056864660350702895
995,-0.9686011736673792,0.825798423782759,2.6035818142797345,-1.0028102563583978,0.8676441006416691,2.620028958122165,0.03420908269101863,-0.04184567685891005,-0.016447143842430734,0.056496287939252064
996,-0.9852762926609474,0.835748949899008,2.616745671137806,-1.0200640804875087,0.8774136306020465,2.632833935077795,0.034787787826561334,-0.041664680703038415,-0.016088263939988856,0.05661243711901773
997,-1.0020809504020654,0.8454791113387633,2.6299095279958777,-1.0372158990586215,0.8868322068088755,2.646110808726245,0.0351349486565562,-0.04135309547011223,-0.016201280730367085,0.05663059790752011
998,-1.0190122349019175,0.8549872220146482,2.6430733848539494,-1.054263996904172,0.8958960619572528,2.659874684302496,0.03525176200225455,-0.040908839942604636,-0.01680129944854647,0.056555314276140044
