timestep,px,py,theta,px_ref,py_ref,theta_ref,error_px,error_py,error_theta,error_norm
0,0.0,0.0,0.7853981633974483,0.0,0.0,0.7853981633974483,0.0,0.0,0.0,0.0
1,0.020000000000000004,0.020000000000000004,0.7853231571470295,0.01999966666833333,0.01999866669333308,0.7853231571470295,3.333316666749575e-07,1.3333066669236893e-06,0.0,1.3743422674397607e-06
2,0.039998819356608054,0.03999581950870429,0.785097907719183,0.03999733338666616,0.03998933418663416,0.7850980633706443,1.4859699418931505e-06,6.48532207012803e-06,-1.5565146127549667e-07,6.655203708294499e-06
3,0.059993958498434016,0.059978954946219826,0.7847217536776666,0.05999100040499132,0.0599640064794446,0.7847226568420766,2.9580934426953753e-06,1.4948466775223379e-05,-9.031644100376823e-07,1.5265080468089034e-05
4,0.07998303588536754,0.07994100899541234,0.7841939699981209,0.07997866837326832,0.07991469396917268,0.7841965616812204,4.367512099215376e-06,2.6315026239662198e-05,-2.591683099573139e-06,2.6800608000930046e-05
5,0.09996376287949969,0.09987367252489919,0.7835137523426793,0.09995833854135666,0.09983341664682815,0.7835192505983565,5.4243381430313375e-06,4.025587807103548e-05,-5.498255677194308e-06,4.099012050545618e-05
6,0.10313486962178295,0.10303285039475965,0.7833240372562943,0.11992801295888919,0.11971220728891936,0.7826900438339384,-0.016793143337106242,-0.01667935689415971,0.0006339934223559274,0.023677258228159345
7,0.1066348951728337,0.10651838698797915,0.7831059766674834,0.13988569467506554,0.1395431146442365,0.7817081077917023,-0.03325079950223184,-0.033024727656257344,0.001397868875781083,0.046884990580157604
8,0.11045612023804595,0.11032213416239704,0.7828577790214754,0.1598293879383454,0.15931820661424598,0.7805724533623122,-0.04937326770029944,-0.048996072451848935,0.002285325659163173,0.06959567078835215
9,0.1145909181842678,0.11443597734449593,0.7825776765339804,0.17975709839602208,0.17902957342582415,0.7792819339341677,-0.06516618021175428,-0.06459359608132823,0.00329574259981269,0.09181408180335322
10,0.11903175523333753,0.11885183413868643,0.7822639178128574,0.1996668332936563,0.19866933079506124,0.7778352430874435,-0.08063507806031878,-0.07981749665637482,0.0044286747254139724,0.11354497675418154
11,0.12377119059336704,0.12356165311804616,0.7819147627532103,0.21955660167434962,0.21822962308086932,0.7762309119668949,-0.09578541108098258,-0.09466796996282316,0.005683850786315392,0.13479308466162465
12,0.1288018765325615,0.12855741278887708,0.781528478773469,0.23942441457783872,0.23770262642713458,0.7744673063284713,-0.11062253804527722,-0.1091452136382575,0.00706117244499771,0.1555631181868558
13,0.13411655839958464,0.13383112072217618,0.7811033378737086,0.2592682852393897,0.2570805518921551,0.7725426232543283,-0.12515172683980508,-0.12324943116997894,0.008560714619380239,0.17585978178510012
14,0.13970807459395437,0.13937481284560338,0.7806376142133923,0.279086229288473,0.27635564856411376,0.7704548875304338,-0.1393781546945186,-0.13698083571851039,0.010182726682958498,0.195687780106195
15,0.14556935648958466,0.1451805528898782,0.780129582024371,0.29887626494719843,0.29552020666133955,0.7682019476806334,-0.15330690845761377,-0.15033965377146136,0.011927634343737559,0.2150518266325398
16,0.15169342831431817,0.15124043198379722,0.7795775137430626,0.31863641322849195,0.31456656061611776,0.765781471650788,-0.16694298491417378,-0.16332612863232054,0.013796042092274585,0.23395665257369191
17,0.1580734069880892,0.157546568392273,0.7789796782863173,0.33836469813399206,0.33348709214081446,0.7631909421364422,-0.18029129114590287,-0.17594052374854147,0.015788736149875082,0.25240701604586624
18,0.16470250192219746,0.16409110739196558,0.7783343394204604,0.35805914685164836,0.35227423327509,0.760427651547437,-0.1933566449294509,-0.1881831258831244,0.017906687873023408,0.27040771156921445
19,0.1715740147820468,0.17086622127922893,0.777639754188843,0.37771778995300115,0.3709204694129827,0.7574886966029721,-0.20614377517095434,-0.20005424813375375,0.02015105758587088,0.28796357991927307
20,0.17868133921560192,0.17786410950522663,0.7768941713735291,0.39733866159012243,0.38941834230865047,0.7543709725508718,-0.2186573223745205,-0.21155423280342384,0.022523198822657298,0.3050795183722519
21,0.18581086269215757,0.18487339377498443,0.776095829973596,0.4169197996921991,0.40776045305957015,0.7510711670052485,-0.23110893700004154,-0.22288705928458571,0.0250246629683476,0.32205002051622195
22,0.1929457807464987,0.19187678873388983,0.7752434424500422,0.43645924616173865,0.4259394650659996,0.7475857533974175,-0.24351346541523994,-0.23406267633210978,0.027657689052624668,0.3388939244867351
23,0.20008644869715667,0.19887388668209027,0.7743357829662962,0.4559550470703768,0.44394810696551984,0.7439109840358401,-0.2558685983732202,-0.24507422028342957,0.03042479893045613,0.3556062168620873
24,0.20723322854414225,0.20586426947789013,0.7733716465686814,0.47540525285426916,0.46177917554148284,0.7400428827720981,-0.2681720243101269,-0.2559149060635927,0.03332876379658334,0.3721820525822507
25,0.21438648870228647,0.21284750859243518,0.7723498460268085,0.4948079185090459,0.479425538604203,0.7359772372714972,-0.28042142980675944,-0.26657803001176783,0.03637260875531123,0.388616766297453
26,0.22154660374934215,0.21982316513682007,0.7712692088627588,0.5141611037843102,0.49688013784373675,0.7317095908888981,-0.2926145000349681,-0.27705697270691665,0.03955961797386076,0.4049058842872913
27,0.2287139541872594,0.226790789862881,0.7701285745470341,0.5334628733776623,0.5141359916531132,0.7272352341528829,-0.3047489191904029,-0.28734520179023215,0.04289334039415116,0.42104513699810914
28,0.23588892621518717,0.23374992313877763,0.7689267918425828,0.5527112971282275,0.5311861979208834,0.7225491958644261,-0.31682237091304033,-0.29743627478210577,0.046377595978156716,0.4370304722509971
29,0.2430719115128668,0.24070009490033448,0.7676627162809158,0.5719044502096711,0.5480239367918736,0.7176462338199793,-0.3288325386968043,-0.30732384189153905,0.050016482460936484,0.4528580691767854
30,0.2502633070331758,0.24764082457899547,0.766335207756524,0.5910404133226791,0.5646424733950353,0.712520825173375,-0.3407771062895033,-0.31700164881603976,0.05381438258314897,0.4685243529379671
31,0.2574635148026557,0.25457162100714414,0.7649431282276336,0.610117272886887,0.5810351605373051,0.7071671564563529,-0.3526537580842313,-0.32646353953016094,0.05777597177128069,0.48402601030069475
32,0.2646729417289194,0.2614919823014537,0.7634853395128423,0.6291331212322355,0.597195441362392,0.7015791132839158,-0.3644601795033161,-0.3357034590609383,0.0619062262289265,0.49936000612281267
33,0.27189199941388087,0.26840139572485294,0.7619607011744561,0.6480860567897367,0.6131168519734339,0.6957502697783335,-0.3761940573758559,-0.34471545624858096,0.0662104313961226,0.5145236008262758
34,0.2791211039717908,0.27529933752762514,0.7603680684804197,0.6669741842816288,0.6287930240184685,0.6896738777545541,-0.387853080309838,-0.35349368649084334,0.07069419072586558,0.5295143689241126
35,0.28636067585108926,0.2821852727680956,0.758706290437657,0.6857956149109028,0.6442176872376911,0.6833428557202919,-0.39943493905981353,-0.36203241446959555,0.07536343471736517,0.5443302186731879
36,0.2936111396591092,0.2890586551133088,0.7569742078904391,0.7045484665501799,0.6593846719714731,0.6767497777563413,-0.4109373268910707,-0.3703260168581643,0.08022443013409786,0.5589694129241357
37,0.300872923988679,0.29591892662004854,0.7551706516780872,0.723230863929924,0.6742879116281452,0.6698868623569647,-0.422357939941245,-0.3783689850080966,0.08528378932112246,0.5734305912387646
38,0.30814646124568146,0.30276551749650965,0.7532944408469393,0.7418409388259654,0.6889214451105513,0.6627459613267954,-0.4336944775802839,-0.38615592761404166,0.09054847952014389,0.5877127933425529
39,0.3154321874766287,0.3095978458448938,0.7513443809120542,0.7603768302463229,0.7032794192004101,0.6553185488498808,-0.44494464276969414,-0.39368157335551635,0.09602583206217341,0.6018154839752449
40,0.3227305421953109,0.31641531738516737,0.7493192621646222,0.778836684617301,0.7173560908995228,0.6475957108685986,-0.45610614242199016,-0.4009407735143554,0.10172355129602362,0.6157385791954514
41,0.33004196820757004,0.3232173251601905,0.7472178580215039,0.7972186559688459,0.731145829726896,0.6395681349355568,-0.46717668776127586,-0.4079285045667055,0.10764972308594711,0.6294824741850296
42,0.3373669114332392,0.33000324922240265,0.7450389234137382,0.8155209061191403,0.7446431199708592,0.6312261007306176,-0.4781539946859011,-0.41463987074845654,0.11381282268312065,0.6430480725851535
43,0.34470582072427114,0.3367724563022284,0.7427811932112488,0.8337416048584215,0.757842562895277,0.6225594714682599,-0.4890357841341504,-0.42107010659304855,0.12022172174298895,0.6564368173776005
44,0.3520591476780631,0.3435242994583533,0.7404433806813487,0.8518789301319992,0.7707388788989693,0.6135576864580234,-0.4998197824539361,-0.427214579440616,0.1268856942233253,0.6696507233009292
45,0.35942734644496077,0.35025811771000503,0.7380241759790009,0.8699310682224605,0.7833269096274834,0.6042097551231719,-0.5105037217774997,-0.4330687919174784,0.13381442085582906,0.682692410760896
46,0.3668108735288982,0.3569732356513703,0.7355222446671333,0.8878962139310396,0.795601620036366,0.5945042528303504,-0.5210853404021414,-0.43862838438499574,0.14101799183678299,0.6955651411563737
47,0.37421018758010266,0.3636689630482731,0.7329362262656469,0.9057725707581367,0.8075581004051143,0.5844293189362826,-0.5315623831780341,-0.4438891373568412,0.14850690732936433,0.7082728534949254
48,0.38162574917875947,0.37034459441724366,0.7302647328280917,0.9235583510829657,0.8191915683009982,0.5739726575167142,-0.5419326019042062,-0.4488469738837545,0.15629207531137745,0.7208202021145106
49,0.389058020608497,0.37699940858711267,0.7275063475453208,0.941251776342316,0.8304973704919704,0.5631215413080933,-0.552193755733819,-0.4534979619048577,0.1643848062372275,0.7332125952579724
50,0.3965074656185143,0.383632668243279,0.7246596233757755,0.958851077208406,0.8414709848078965,0.5518628194639037,-0.5623436115898917,-0.4578383165646175,0.1727968039118718,0.7454562341632429
51,0.4039745491731333,0.39024361945481595,0.7217230817024005,0.976354493765815,0.852108021949363,0.540182929805001,-0.5723799445926816,-0.461864402494547,0.18154015189739947,0.7575581522328811
52,0.411459737187513,0.3968314911846052,0.7186952110165501,0.9937602756874735,0.8624042272433384,0.5280679163262988,-0.5823005384999604,-0.4655727360587332,0.1906272946902513,0.7695262537298404
53,0.4189634962482199,0.4033954947827187,0.7155744656296136,1.0110666824096939,0.8723554823449863,0.5155034528098956,-0.5921031861614741,-0.4689599875622676,0.20007101281971795,0.7813693513106841
54,0.4264862933172997,0.4099348234633046,0.7123592644134799,1.0282719833062262,0.8819578068849474,0.5024748734859666,-0.6017856899889265,-0.4720229834216428,0.2098843909275132,0.7930972015514428
55,0.43402859541844785,0.41644865176527956,0.7090479895713618,1.0453744578613184,0.8912073600614354,0.4889672117755554,-0.6113458624428706,-0.47475870829615585,0.22008077779580643,0.8047205374440612
56,0.44159086930382524,0.42293613499718075,0.7056389854409318,1.0623723958417668,0.900100442176505,0.4749652482411506,-0.6207815265379415,-0.47716430717932423,0.23067373719978124,0.8162510966427029
57,0.44917358110001515,0.42939640866659445,0.7021305573321659,1.0792640974679386,0.9086334961158833,0.4604535689580829,-0.6300905163679235,-0.47923708744928883,0.24167698837408297,0.827701644019897
58,0.4567771959315651,0.4358285878946466,0.6985209704027724,1.0960478735837471,0.916803108771767,0.44541663559766037,-0.6392706776521819,-0.48097452087712034,0.253104334805112,0.8390859868547405
59,0.4644021775205061,0.44223176681612275,0.6948084485745838,1.1127220458255676,0.9246060124080204,0.4298388685756445,-0.6483198683050615,-0.4823742455918977,0.2649695799989393,0.8504189807231839
60,0.4720489877601907,0.4486050179658758,0.6909911734948253,1.1292849467900707,0.9320390859672264,0.4137047446598081,-0.65723595902988,-0.4834340680013506,0.2772864288350172,0.8617165239000222
61,0.47971808626174156,0.4549473916522834,0.687067283546744,1.1457349202009626,0.9390993563190677,0.3969989104388761,-0.666016833939221,-0.48415196466678434,0.29006837310786787,0.8729955378228323
62,0.48740992987135495,0.46125791531863153,0.6830348729146837,1.1620703210746102,0.945783999449539,0.37970631302149005,-0.6746603912032552,-0.4845260841309074,0.30332855989319363,0.8842739309222224
63,0.49512497215665885,0.4675355928934305,0.6788919907093358,1.178289515884539,0.9520903415905158,0.36181234924553096,-0.6831645437278802,-0.48455474869708526,0.31707964146380485,0.895570542906941
64,0.5028636628602852,0.4737794041308113,0.6746366401595749,1.1943908827247842,0.958015860289225,0.3433030345211741,-0.691527219864499,-0.4842364561584137,0.3313336056384008,0.9069050664274215
65,0.5106264473187804,0.4799883039423091,0.6702667778780138,1.210372811472079,0.963558185417193,0.3241651921901698,-0.6997463641532987,-0.48356988147488383,0.346101585687844,0.9182979429526313
66,0.51841376584495,0.48616122172151394,0.665780313208179,1.2262337039468676,0.9687151001182652,0.30438666394296926,-0.7078199381019176,-0.4825538783967513,0.3613936492652097,0.9297702297124675
67,0.5262260530717132,0.4922970606632595,0.6611751076620188,1.2419719740731194,0.9734845416953194,0.283956541378582,-0.7157459210014062,-0.4811874810320599,0.3772185662834368,0.941343434715015
68,0.534063737255531,0.4983946970792294,0.6564489744573128,1.2575860480369372,0.9778646024353163,0.26286541820488024,-0.7235223107814062,-0.47946990535608686,0.3935835562524325,0.9530393171810658
69,0.5419272395374748,0.5044529797120865,0.6515996781654563,1.273074364443936,0.9818535303723597,0.24110566184802507,-0.7311471249064612,-0.4774005506602732,0.4104940163174312,0.9648796512841028
70,0.549816973160015,0.5104707290504786,0.6466249344810413,1.2884353744753823,0.9854497299884603,0.2186717023624417,-0.7386184013153673,-0.4749790009379816,0.4279532321185996,0.9768859518769158
71,0.5577333426376404,0.5164467366475383,0.6415224101256483,1.3036675420430732,0.9886517628517197,0.19556033550876473,-0.7459341994054328,-0.4722050262041815,0.44596207461688353,0.9890791619540422
72,0.5656767428794696,0.5223797644457818,0.6362897228993025,1.3187693439429462,0.9914583481916864,0.1717710357084244,-0.7530926010634766,-0.4690785837459046,0.46451868719087813,1.0014793029589544
73,0.5736475582620828,0.5282685441116206,0.630924441894125,1.3337392700073958,0.9938683634116449,0.14730627331565815,-0.760091711745313,-0.46559981930002425,0.48361816857846684,1.014105090695893
74,0.5816461616509011,0.5341117763830251,0.6254240878858219,1.34857582325629,0.99588084453764,0.12217182931261213,-0.766929661605389,-0.46176906815461494,0.5032522585732098,1.026973521525056
75,0.5896729133685573,0.5399081304342314,0.6197861339198032,1.3632775200466682,0.9974949866040543,0.0963770991912814,-0.7736046066781109,-0.457586856169823,0.5234090347285218,1.040099435654313
76,0.5977281601088588,0.5456562432617503,0.6140080061098909,1.3778428902211026,0.998710143975583,0.06993537651704462,-0.7801147301122439,-0.45305390071383267,0.5440726295928463,1.0534950666055314
77,0.6058122337951264,0.5513547190963274,0.608087084668763,1.3922704772547134,0.9995258306054791,0.0428641055705861,-0.786458243459587,-0.4481711115091517,0.565222979098177,1.0671695882086905
78,0.6139254503819191,0.5570021288459087,0.602020705190472,1.4065588384008205,0.9999417202299663,0.015185091651111312,-0.7926333880189014,-0.4429395913840576,0.5868356135393608,1.0811286726083609
79,0.6220681085994202,0.5625970095750933,0.5958061602065587,1.4207065448352156,0.99995764649874,-0.013075342784616575,-0.7986384362357954,-0.4373606369236467,0.6088815029911753,1.095374074573708
80,0.6302404886400708,0.5681378640269868,0.5894407010384459,1.4347121817990456,0.9995736030415051,-0.041886267855577024,-0.8044716931589748,-0.43143573901451826,0.631326968894023,1.109903258687885
81,0.6384428507873998,0.5736231601938228,0.5829215399699121,1.4485743487402851,0.998789743470524,-0.07121213282096248,-0.8101314979528853,-0.4251665832767012,0.6541336727908746,1.124709086559475
82,0.6466754339874119,0.5790513309431699,0.5762458527645057,1.4622916594537918,0.9976063813191736,-0.10101283897581732,-0.8156162254663799,-0.4185550503760037,0.677258691740323,1.1397795808739064
83,0.654938454363366,0.5844207737070022,0.5694107815537264,1.4758627422199255,0.9960239899165367,-0.13124390617594112,-0.8209242878565596,-0.41160321620953455,0.7006546877296675,1.1550977817589254
84,0.6632321036753088,0.5897298502413612,0.5624134381226551,1.4892862399417186,0.994043202198076,-0.16185673736972372,-0.8260541362664098,-0.4043133519567148,0.7242701754923788,1.1706417085176317
85,0.6715565477263216,0.5949768864647799,0.555250907620418,1.5025608102805854,0.9916648104524687,-0.19279898196781758,-0.8310042625542639,-0.3966879239876888,0.7480498895882355,1.1863844363164875
86,0.6799119247180954,0.6001601723840635,0.5479202527233908,1.515685125790554,0.9888897660047016,-0.22401499487154508,-0.8357732010724586,-0.3887295936206381,0.7719352475949359,1.2022942930359546
87,0.6882983435591796,0.6052779621164143,0.5404185182793466,1.5286578740510102,0.9857191788355535,-0.25544638373627454,-0.8403595304918305,-0.3804412167191392,0.7958649020156212,1.21833517643033
88,0.6967158821300349,0.6103284740172432,0.5327427364607744,1.5414777577979386,0.9821543171376185,-0.28703263284555847,-0.8447618756679037,-0.37182584312037525,0.8197753693063329,1.234466986320601
89,0.7051645855098827,0.6153098909233188,0.5248899324553111,1.5541434950536477,0.9781966068080447,-0.3187117881210078,-0.848978909543765,-0.3628867158847259,0.8436017205763189,1.2506461611403312
90,0.7136444641712634,0.620220360521139,0.5168571307205638,1.5666538192549668,0.9738476308781951,-0.3504211845928371,-0.8530093550837035,-0.3536272703570561,0.8672783153134009,1.266826303173939
91,0.7221554921491916,0.6250579958505786,0.5086413618295198,1.579007479379901,0.9691091288804564,-0.38209819537047346,-0.8568519872307093,-0.3440511330298778,0.8907395571999932,1.2829588726538346
92,0.7306976051928288,0.629820875953929,0.5002396699311714,1.591203240072732,0.9639829961524481,-0.41368097997668896,-0.8605056348799033,-0.3341621201985191,0.9139206499078604,1.2989939278394034
93,0.7392706989086656,0.634507046680405,0.49164912084887513,1.6032398817675544,0.9584712830789142,-0.44510920994479974,-0.8639691828588888,-0.32396423639850913,0.9367583307936749,1.3148808865089177
94,0.7478746269053093,0.6391145216560229,0.482866810836247,1.6151162008102287,0.9525761942715953,-0.4763247508234524,-0.8672415739049194,-0.31346167261557245,0.9591915616596993,1.3305692840537118
95,0.7565091989510888,0.6436412834284323,0.47388987600702004,1.6268310095787475,0.9463000876874145,-0.5072722820789922,-0.8703218106276587,-0.3026588042589822,0.9811621580860123,1.3460095045391336
96,0.7651741791568093,0.6480852847958078,0.4647155024511867,1.6383831366019965,0.9396454736853249,-0.5378998396315425,-0.8732089574451872,-0.29156018888951707,1.0026153420827293,1.3611534635328486
97,0.7738692841970751,0.6524444503282387,0.45534093704487133,1.6497714266769001,0.9326150140222006,-0.5681592696408527,-0.875902142479825,-0.28017056369396187,1.023500206685724,1.3759552249426794
98,0.7825941815846461,0.6567166780891958,0.44576349895567696,1.660994740983941,0.9252115207881683,-0.5980065863693985,-0.8784005593992948,-0.2684948426989725,1.0437700853250755,1.3903715382330204
99,0.7913484880132546,0.6608998415635818,0.43598059183868726,1.672051957201041,0.9174379552818098,-0.6274022311885141,-0.8807034691877864,-0.256538113718228,1.0633828230272013,1.4043622868543604
100,0.8001317677851656,0.6649917917975734,0.4259897167108548,1.682941969615793,0.9092974268256818,-0.6563112337819401,-0.8828102018306274,-0.24430563502810843,1.082300950492795,1.417890843189393
101,0.8089435313404715,0.6689903597539322,0.4157884854831606,1.6936636892360304,0.9007931915226274,-0.6847032801150899,-0.8847201578955589,-0.2318028317686952,1.1004917655982505,1.4309243294990421
102,0.8177832339056438,0.6728933588846995,0.40537463512069594,1.704216043898726,0.8919286509533796,-0.7125526946185239,-0.8864328099930822,-0.2190352920686801,1.1179273297392198,1.4434337880144366
103,0.8266502742791687,0.676698587921185,0.39474604239072736,1.7145979783772067,0.8827073508159741,-0.7398383461925445,-0.887947704098038,-0.2060087628947891,1.1345843885832718,1.4553942663138724
104,0.8355439937721448,0.6804038338789339,0.3839007391479204,1.7248084544866769,0.8731329795075166,-0.7665434890556865,-0.889264460714532,-0.19272914562858268,1.150444228203607,1.4667848263708019
105,0.8444636753214684,0.6840068752729197,0.372836928094299,1.734846451188034,0.8632093666488738,-0.7926555501696838,-0.8903827758665656,-0.17920249137595412,1.1654924782639828,1.4775884871523328
106,0.8534085427926495,0.6875054855355844,0.3615529989393312,1.7447109646899726,0.8529404815528762,-0.8181658750569212,-0.891302421897323,-0.16543499601729172,1.1797188739962523,1.4877921114356871
107,0.8623777604883478,0.6908974366275683,0.3500475448729066,1.7544010085493633,0.8423304316366457,-0.8430694433909002,-0.8920232480610155,-0.15143299500907736,1.1931169882638069,1.4973862476804174
108,0.871370432877368,0.6941805028280819,0.33831937925110406,1.763915613769895,0.8313834607786832,-0.8673645649064725,-0.892545180892527,-0.13720295795060133,1.2056839441575766,1.506364937458463
109,0.8803856045570998,0.6973524646889236,0.3263675523817538,1.7732538288989745,0.8201039476213741,-0.8910525650657036,-0.8928682243418747,-0.12275148293245042,1.2174201174474575,1.51472549822313
110,0.8894222604601966,0.7004111131331976,0.3141913682841541,1.7824147201228708,0.8084964038195901,-0.914137468639516,-0.8929924596626743,-0.1080852906863925,1.22832883692367,1.5224682902101478
111,0.8984793263136905,0.7033542536769081,0.30179040128518514,1.7913973713600952,0.7965654722360865,-0.9366256880218409,-0.8929180450464047,-0.09321121855917847,1.238416089307026,1.5295964751166524
112,0.9075556693557315,0.7061797107488825,0.2891645123028065,1.8002008843530102,0.7843159250844199,-0.9585257217604746,-0.8926452149972787,-0.07813621433553741,1.2476902340632812,1.5361157729888435
113,0.9166500993117623,0.708885332081972,0.2763138646578655,1.808824378757652,0.7717526620201257,-0.9798478675264842,-0.8921742794458896,-0.0628673299381537,1.2561617321843497,1.5420342225394126
114,0.9257613696282446,0.7114689931462991,0.263238939246638,1.8172669922317666,0.7588807081809217,-1.0006039525927415,-0.891505622603522,-0.047411715034622604,1.2638428918393796,1.5473619489664154
115,0.9348881789580935,0.713928601593539,0.24994054889993128,1.8255278805210422,0.7457052121767199,-1.0208070838766747,-0.8906397015629487,-0.03177661058318093,1.270747632776606,1.552110942293637
116,0.9440291728878549,0.7162621016799217,0.23641985175025,1.8336062175435337,0.7322314440302513,-1.0404714187339885,-0.8895770446556788,-0.01596934235032965,1.2768912704842386,1.5562948483215788
117,0.9531829458924544,0.7184674786348958,0.22267836342678293,1.8415011954722713,0.7184647930691263,-1.0596119569697484,-0.8883182495798169,2.6855657695445956e-06,1.2822903203965312,1.5599287734785845
118,0.9623480434991852,0.720542762942276,0.20871796789910785,1.8492120248160406,0.7044107657701763,-1.078244353954232,-0.8868639813168554,0.016131997172099788,1.2869623218533397,1.563029104194827
119,0.9715229646386007,0.7224860345012344,0.19454092679476614,1.8567379344983332,0.6900749835569364,-1.0963847542815959,-0.8852149698597326,0.03241105094429797,1.290925681076362,1.5656133408825916
120,0.9807061641562658,0.7242954266357398,0.18014988702340584,1.8640781719344526,0.675463180551151,-1.1140496450750117,-0.8833720077781868,0.048832246084588804,1.2941995320984176,1.5676999461846945
121,0.9898960554560339,0.7259691299229936,0.16554788655112418,1.871232003106772,0.6605812012792008,-1.1312557278065778,-0.8813359476507381,0.06538792864379273,1.296803614357702,1.569308206836678
122,0.9990910132427824,0.7275053958140403,0.15073835818296533,1.8781987126381352,0.6454349983343708,-1.1480198073479873,-0.8791076993953528,0.08207039747966949,1.2987581655309526,1.5704581082639506
123,1.0082893763304752,0.7289025400230081,0.13572513122915436,1.884977603863395,0.6300306299958922,-1.16435869688339,-0.8766882275329198,0.09887191002711593,1.3000838281125444,1.571170220888555
124,1.0174894504801306,0.7301589456652842,0.12051243095137903,1.891567998899078,0.6143742578057116,-1.1802891372852227,-0.8740785484189473,0.11578468785957252,1.3008015682366016,1.5714655970385463
125,1.0266895112318433,0.7312730661292582,0.1051048757089734,1.8979692387111724,0.5984721441039565,-1.1958277295646969,-0.8712797274793291,0.1328009220253017,1.3009326052736703,1.5713656773238251
126,1.0358878066954889,0.7322434276709645,0.08950747175081226,1.9041806831810315,0.5823306495240819,-1.2109908790505335,-0.8682928764855427,0.14991277814688264,1.3004983508013457,1.5708922053547387
127,1.0450825602661584,0.7330686317258684,0.07372560562661146,1.9102017111693845,0.5659562304487028,-1.2257947500135267,-0.8651191509032261,0.16711240127716565,1.299520355640138,1.5700671497242435
128,1.05427197323272,0.7337473569370483,0.05776503422058023,1.9160317205784498,0.5493554364271267,-1.2402552295333436,-0.8617597473457299,0.1843919205099216,1.2980202637539238,1.5689126322426368
129,1.0634542272511345,0.7342783609039375,0.041631872440367174,1.9216701284121454,0.532534907555621,-1.2543878994917435,-0.8582159011610109,0.20174345334831645,1.2960197719321107,1.5674508614988447
130,1.072627486658195,0.7346604816604769,0.025332578624316673,1.927116370834386,0.5155013718214642,-1.2682080156685605,-0.8544888841761908,0.21915910983901277,1.293540594292877,1.565704070918151
131,1.081789900606085,0.7348926388958176,0.008873937759529268,1.932369903225468,0.4982616424118385,-1.2817304930098559,-0.850580002619383,0.23663099648397906,1.2906044307693851,1.563694460588308
132,1.0909396050034363,0.7349738349344775,-0.007736957368576814,1.9374302002365305,0.4808226149886482,-1.2949698962289915,-0.8464905952330941,0.25415121994582934,1.2872329388604147,1.561444142230279
133,1.1000747242542392,0.7349031554959692,-0.024492726948215394,1.9422967558420892,0.4631912649303451,-1.3079404349891695,-0.8422220315878499,0.27171189056562406,1.283447708040954,1.5589750867933359
134,1.1091933727918244,0.7346797702562842,-0.04138572666391774,1.9469690833906388,0.44537464454187115,-1.3206559629989763,-0.8377757105988144,0.289305125714413,1.2792702363350585,1.556309074254448
135,1.1182936564110355,0.7343029332351851,-0.05840807177840457,1.9514467156533182,0.4273798802338298,-1.333129980429876,-0.8331530592422827,0.30692305300135536,1.2747219086514714,1.5534676452969651
136,1.1273736734074153,0.7337719830339725,-0.07555166256475895,1.9557292048706325,0.40921416967201735,-1.3453756391359823,-0.8283555314632172,0.32455781336195516,1.2698239765712234,1.5504720546321231
137,1.1364315155375875,0.7330863429482738,-0.0928082108664315,1.9598161227972284,0.3908847788984522,-1.3574057502217107,-0.8233846072596409,0.3422015640498216,1.2645975393552793,1.547343225807928
138,1.1454652688198312,0.7322455209794726,-0.11016926755298388,1.9637070607447196,0.3723990394250553,-1.3692327935620554,-0.8182417919248883,0.3598464815544173,1.2590635260090715,1.544101707422779
139,1.154473014198003,0.7312491097667201,-0.1276262506338989,1.9674016296225532,0.3537643453011427,-1.380868928933525,-0.8129286154245501,0.3774847644655774,1.253242678299626,1.5407676307254539
140,1.1634528280953043,0.7300967864591413,-0.14517047379122797,1.9708994599769205,0.3349881501559047,-1.3923260084614568,-0.8074466318816163,0.3951086363032366,1.2471555346702288,1.5373606686386099
141,1.172402782886872,0.728788312544978,-0.1627931750941792,1.9742002020277007,0.3160779642170538,-1.4036155901318894,-0.8017974191408288,0.4127103483279242,1.2408224150377103,1.5338999962898057
142,1.1813209473217052,0.7273235336511216,-0.1804855456647397,1.9773035257034395,0.29704135130683235,-1.4147489521538088,-0.7959825783817343,0.4302821823442892,1.2342634064890692,1.5304042531724091
143,1.1902053869250298,0.7257023793229292,-0.19823875807276203,1.9802091206743555,0.2778859258165868,-1.4257371079907708,-0.7900037337493258,0.44781645350634247,1.2274983499180088,1.5268915070889313
144,1.1990541644118542,0.7239248627905172,-0.2160439942512456,1.9829166963833729,0.2586193496611108,-1.4365908219100985,-0.7838625319715187,0.4653055131294064,1.220546827658853,1.5233792200517604
145,1.2078653401412407,0.721991080724034,-0.23389247273737843,1.985425982075177,0.23924932921398243,-1.4473206249233783,-0.7775606419339363,0.4827417515100515,1.213428152186,1.5198842163313748
146,1.2166369726387656,0.7199012129768599,-0.2517754750618096,1.9877367268232897,0.21978361222511697,-1.457936831014273,-0.7710997541845241,0.5001176007517429,1.2061613559524635,1.5164226528505167
147,1.2253671192118907,0.7176555223123745,-0.26968437112711824,1.9898486995551619,0.20022998472177053,-1.4684495535690345,-0.7644815803432712,0.517425537590604,1.1987651824419163,1.513009992124993
148,1.2340538366796119,0.7152543541069828,-0.2876106434360569,1.99176168907528,0.18059626789423294,-1.4788687219418666,-0.7577078523956682,0.5346580862127499,1.1912580785058098,1.5096609779483903
149,1.2426951822339345,0.7126981360195802,-0.30554591005040777,1.9934755040862868,0.1608903149674558,-1.4892040981017618,-0.7507803218523523,0.5518078210521244,1.183658188051354,1.5063896140096125
150,1.2512892144465688,0.7099873776156144,-0.32348194618177273,1.994989973208109,0.1411200080598672,-1.499465293319851,-0.7437007587615401,0.5688673695557471,1.1759833471380783,1.5032091456194123
151,1.2598339944298942,0.7071226699324187,-0.34141070433591963,1.9963049449950963,0.12129325503062975,-1.5096617848669232,-0.7364709505652021,0.585829414901789,1.1682510805310036,1.500132044705546
152,1.2683275871568238,0.7041046849715593,-0.35932433295207933,1.997420287951166,0.10141798631660187,-1.5198029326997817,-0.7290927007943422,0.6026866986549575,1.1604785997477025,1.4971699982164979
153,1.2767680629398477,0.7009341751035522,-0.3772151934975282,1.998335890542952,0.08150215176026913,-1.5298979961226906,-0.7215678276031043,0.6194320233432831,1.1526828026251623,1.494333900051396
154,1.285153499065349,0.6976119723704494,-0.39507587599565014,1.9990516612109581,0.06155371742991314,-1.5399561504164885,-0.7138981621456091,0.6360582549405362,1.1448802744208384,1.4916338466094194
155,1.293481981575368,0.6941389876724287,-0.41289921298224996,1.999567528378714,0.04158066243329049,-1.5499865034331373,-0.706085546803346,0.6525583252391381,1.1370872904508873,1.4890791360261648
156,1.301751607185425,0.6905162098255949,-0.43067829190004553,1.9998834404599326,0.02159097572609596,-1.5599981121576436,-0.6981318332745077,0.668925234099499,1.129319820257598,1.486678271137689
157,1.3099604853238584,0.6867447044796645,-0.4484064659548964,1.9999993658636692,0.0015926529164868282,-1.56999999924253,-0.6900388805398108,0.6851520515631777,1.1215935332876334,1.4844389661857116
158,1.3181067402754405,0.6828256128859821,-0.46607736346938017,1.9999152929974802,-0.018406306933053812,-1.580001169522415,-0.6818085527220397,0.7012319198190359,1.1139238060530348,1.4823681572503142
159,1.3261885134098323,0.6787601505083467,-0.48368489577978935,1.9996312302685817,-0.03839790450523538,-1.5900106265178413,-0.6734427168587493,0.7171580550135821,1.1063257307380518,1.4804720163697933
160,1.3342039654737423,0.6745496054713354,-0.5012232637315119,1.9991472060830102,-0.058374143427580086,-1.600037388938299,-0.6649432406092679,0.7329237488989154,1.0988141252067871,1.478755969281596
161,1.3421512789244587,0.6701953368431306,-0.5186869628351218,1.998463268842781,-0.0783270334708653,-1.610090507194452,-0.6563119899183223,0.7485223703139959,1.0914035443593302,1.4772247166938208
162,1.3500286602817249,0.6656987727522261,-0.53607078715142,1.997579486941048,-0.09824859374510869,-1.6201790799288849,-0.6475508266593231,0.7639473664973349,1.084108292777465,1.47588225897402
163,1.3578343424746921,0.6610614083397345,-0.5533698319782127,1.996495948755265,-0.11813085589181781,-1.6303122705732334,-0.6386616062805728,0.7791922642315523,1.0769424385950206,1.4747319241211823
164,1.3655665871608842,0.6562848035513066,-0.570579495414902,1.9952127626383473,-0.13796586727122728,-1.6404993239373136,-0.6296461754774632,0.7942506708225339,1.0699198285224116,1.4737763988681825
165,1.3732236869946972,0.6513705807748387,-0.5876954788831003,1.9937300569078378,-0.15774569414324865,-1.6507495828327603,-0.6205063699131406,0.8091162749180874,1.0630541039496602,1.4730177627456909
166,1.380803967823907,0.6463204223321555,-0.6047137866825789,1.9920479798330735,-0.17746242484086058,-1.6610725047296746,-0.6112440120091664,0.8237828471730161,1.0563587180470957,1.4724575249247926
167,1.3883057907938907,0.6411360678346832,-0.6216307246620537,1.9901666996203604,-0.19710817293466984,-1.671477678439753,-0.6018609088264697,0.8382442407693531,1.049846953777699,1.4720966636443165
168,1.3957275543407677,0.6358193114147405,-0.6384428980836857,1.988086404396152,-0.21667508038737962,-1.6819748408132476,-0.5923588500553842,0.85249439180212,1.0435319427295617,1.4719356680201539
169,1.4030676960563568,0.6303719988454612,-0.6551472087588787,1.985807302188237,-0.236155320696897,-1.692573893429715,-0.5827396061318801,0.8665273195423582,1.0374266846708364,1.4719745820275314
170,1.4103246944096939,0.6247960245635125,-0.6717408515310664,1.9833296209049371,-0.2555411020268312,-1.7032849192537511,-0.5730049264952433,0.8803371265903437,1.0315440677226846,1.472213050443116
171,1.4174970703118033,0.6190933286096751,-0.6882213101788194,1.980653608312316,-0.27482467032312397,-1.714118199216562,-0.5631565380005128,0.8939179989327991,1.0258968890377425,1.4726503665317374
172,1.4245833885124362,0.6132658935030271,-0.7045863528098489,1.977779532009403,-0.2939983124155676,-1.725084228672093,-0.5531961434969668,0.9072642059185947,1.0204978758622443,1.4732855212620422
173,1.4315822588195182,0.6073157410648997,-0.7208340268134331,1.9747076794014329,-0.3130543591029702,-1.7361937336623283,-0.5431254205819147,0.9203701001678699,1.015359706848895,1.474117253836197
174,1.43849233713408,0.6012449292089975,-0.7369626534355096,1.971438357671107,-0.33198518822073414,-1.7474576869099745,-0.5329460205370269,0.9332301174297317,1.010495033474465,1.4751441033203245
175,1.4453123262954188,0.5950555487140748,-0.7529708220372473,1.9679718937478738,-0.35078322768961984,-1.7588873234378162,-0.522659567452455,0.9458387764036946,1.0059165014005689,1.4763644611641078
176,1.452040976733146,0.5887497199953843,-0.7688573840943743,1.964308634275237,-0.36944095854447706,-1.7704941556922353,-0.512267657542091,0.9581906785398613,1.0016367715978611,1.477776624399414
177,1.458677086924593,0.582329589890757,-0.7846214469909658,1.960448945576091,-0.3879509179417303,-1.7822899880233805,-0.5017718586514979,0.9702805078324873,0.9976685410324146,1.4793788493080449
178,1.4652195036577471,0.5757973284766715,-0.8002623676578196,1.9563932136160893,-0.40630570214441675,-1.7942869303459041,-0.4911737099583422,0.9821030306210883,0.9940245626880846,1.4811694053472093
179,1.4716671221014601,0.5691551259290334,-0.8157797461020078,1.9521418439650484,-0.4244979694835826,-1.8064974107716563,-0.4804747218635883,0.9936530954126159,0.9907176646696485,1.4831466291171105
180,1.478018885686119,0.5624051894426425,-0.8311734188707287,1.9476952617563903,-0.44252044329485246,-1.818934186968815,-0.46967637607027135,1.004925632737495,0.9877607680980862,1.4853089781473343
181,1.4842737857992554,0.5555497402224936,-0.8464434524892066,1.9430539116446306,-0.46036591482899825,-1.8316103559602837,-0.4587801258453752,1.0159156550514918,0.985166903471077,1.487655084266575
182,1.4904308613017239,0.5485910105591512,-0.861590136909133,1.9382182577609126,-0.47802724613534286,-1.8445393620273418,-0.44778739645918875,1.0266182566944941,0.9829492251182088,1.4901838063026414
183,1.4964891978710777,0.5415312409994869,-0.8766139790010133,1.933188783666595,-0.4954973729168449,-1.8577350023321744,-0.4366995857955174,1.0370286139163318,0.981121023331161,1.4928942818356528
184,1.5024479271796274,0.5343726776230815,-0.8915156961208002,1.9279659923048962,-0.5127693073557238,-1.871211429814701,-0.4255180651252688,1.0471419849788053,0.9796957336939007,1.495785977695785
185,1.508306225915381,0.5271175694335892,-0.9062962097783573,1.9225504059505998,-0.5298361409084934,-1.884983152854841,-0.4142441800352188,1.0569537103420825,0.9786869430764837,1.4988587388567804
186,1.5140633146546432,0.5197681658733588,-0.9209566394326199,1.9169425661578283,-0.5466910470692872,-1.899065031120944,-0.40287925150318515,1.066459212942646,0.9781083916883242,1.5021128353266726
187,1.5197184565954989,0.51232671446861,-0.9354982964357876,1.911143033705888,-0.5633272841003701,-1.9134722669486295,-0.391424577110389,1.0756539985689801,0.9779739705128419,1.5055490065767156
188,1.5252709561617348,0.5047954586114937,-0.949922678146521,1.9051523885431907,-0.5797381977287431,-1.928220391512157,-0.3798814323814559,1.0845336563402368,0.978297713365636,1.5091685029774977
189,1.5307201574869702,0.4971766354844264,-0.9642314622298895,1.898971229729261,-0.5959172238077642,-1.9433252449633298,-0.3682510722422907,1.0930938592921906,0.9790937827334403,1.512973123626844
190,1.5360654427888834,0.4894724741311921,-0.9784265011597549,1.892600175374829,-0.6118578909427194,-1.958802949622059,-0.3565347325859456,1.1013303650739115,0.980376448462304,1.5169652498569397
191,1.54130623064344,0.4816851936784562,-0.9925098169373429,1.886039862580021,-0.6275538230792937,-1.9746698752097716,-0.344733631936581,1.10923901675775,0.9821600582724287,1.5211478735979571
192,1.5464419741689766,0.4738170017105444,-1.0064835960379666,1.8792909473706498,-0.6429987420539088,-1.9909425950243342,-0.3328489732016733,1.1168157437644533,0.9844589989863677,1.525524619652793
193,1.5514721591298548,0.46587009279960195,-1.020350184596203,1.8723541046326122,-0.6581864701049049,-2.007637831866406,-0.3208819455027574,1.124056562904507,0.9872876472702028,1.5300997608034126
194,1.556396301969218,0.4578466471925754,-1.034112083838279,1.865230028044401,-0.6731109323435617,-2.024772392446539,-0.308833726075183,1.130957579536137,0.9906603086082599,1.5348782245258195
195,1.561213947780133,0.44974882965585133,-1.047771945768986,1.8579194300077386,-0.6877661591839738,-2.0423630889355304,-0.2967054822276056,1.137514988839825,0.9945911431665444,1.539865589941056
196,1.565924668224118,0.44157878847783943,-1.06133256911912,1.8504230415763365,-0.7021462887308055,-2.060426646274568,-0.2844983733522186,1.143725077208645,0.9990940771554482,1.545068073478666
197,1.5705280594057391,0.43333865462930843,-1.0747968955581824,1.8427416123827909,-0.7162455691239705,-2.078979593845187,-0.27221355297705174,1.149584223753279,1.0041826982870048,1.5504925015832192
198,1.5750237397116167,0.4250305410808693,-1.08816800617593,1.8348759105636196,-0.7300583608392996,-2.0980381401223296,-0.25985217085200296,1.1550889019201689,1.0098701339463996,1.5561462686626084
199,1.5794113476218221,0.4166565422766461,-1.1014491182352528,1.8268267226824504,-0.7435791389442745,-2.1176180290088564,-0.24741537506062827,1.1602356812209207,1.0161689107736036,1.5620372783699426
200,1.583690539501284,0.40821873376288514,-1.1146435821978218,1.8185948536513634,-0.7568024953079283,-2.137734376690414,-0.2349043141500795,1.1650212290708135,1.0230907944925922,1.5681738662429852
201,1.5878609873784533,0.3997191719700203,-1.1277548790229521,1.8101811266504018,-0.7697231407640244,-2.1584014880706035,-0.2223201392719485,1.1694423127340448,1.0306466090476514,1.5745647017128486
202,1.5919223767181152,0.391159894146536,-1.1407866177391615,1.8015863830452545,-0.7823359072266527,-2.179632652163961,-0.20966400632713933,1.1734958013731887,1.0388460344247994,1.5812186675566984
203,1.5958744041948871,0.3825429184428444,-1.1537425332869509,1.7928114823031196,-0.7946357497573974,-2.201439916254256,-0.19693707810823247,1.1771786682002419,1.0476973829673053,1.5881447150294723
204,1.5997167754736112,0.37387024414331826,-1.1666264846304026,1.7838573019067592,-0.8066177485832404,-2.22383383918308,-0.18414052643314793,1.1804879927265586,1.0572073545526772,1.5953516931908545
205,1.6034492030025405,0.36514385204458905,-1.1794424531342254,1.774724737266751,-0.8182771110644103,-2.246823224830935,-0.1712755342642105,1.1834209631089994,1.0673807716967099,1.6028481513702995
206,1.6070714038249365,0.35636570497822867,-1.192194541201911,1.7654147016319481,-0.8296091736113709,-2.270414837697643,-0.15834329780701162,1.1859748785895996,1.078220296495732,1.6106421143076322
207,1.6105830974144524,0.3475377484759777,-1.204886971169643,1.7559281259981563,-0.8406094035501944,-2.294613103481373,-0.1453450285837039,1.1881471520261722,1.0897261323117298,1.618740830289081
208,1.6139840035394575,0.33866191157575665,-1.2175240844495263,1.746265959015033,-0.8512734009355746,-2.319419798686549,-0.13228195547557542,1.1899353125113312,1.1018957142370225,1.6271504935806644
209,1.6172738401612985,0.3297401077667974,-1.2301103409145577,1.7364291668912253,-0.8615969003107405,-2.3448337345377843,-0.11915532672992679,1.191337008077538,1.1147233936232266,1.635875943644303
210,1.620452321371359,0.32077423607235006,-1.2426503185165154,1.7264187332977474,-0.8715757724135882,-2.3708504418018905,-0.10596641192638834,1.1923500084859382,1.1282001232853751,1.6449203449936733
211,1.623519155371707,0.31176618226855274,-1.2551487131265897,1.7162356592696177,-0.8812060258283252,-2.3974618644663783,-0.09271650389791075,1.1929722080968779,1.1423131513397886,1.6542848530741103
212,1.6264740425040902,0.3027178202381924,-1.2676103385870858,1.7058809631057523,-0.8904838085819884,-2.424656071515499,-0.0794069206016621,1.1932016288201808,1.1570457329284132,1.663968273179035
213,1.6293166733320728,0.2936310134582223,-1.280040126960882,1.6953556802671397,-0.8994054096851778,-2.4524169971891108,-0.06603900693506692,1.1930364231434,1.1723768702282287,1.6739667210640434
214,1.6320467267811836,0.28450761662003504,-1.2924431289634968,1.6846608632732913,-0.9079672606164054,-2.4807242209956297,-0.05261413649210778,1.1924748772364404,1.188281092032133,1.6842732954838273
215,1.6346638683421004,0.27534947738160537,-1.3048245145605775,1.6737975815969954,-0.9161659367494548,-2.509552799257385,-0.03913371325489501,1.1915154141310602,1.2047282846968075,1.6948777742284369
216,1.637167748342094,0.26615843825070884,-1.3171895737113546,1.6627669215573662,-0.9239981587231878,-2.5388731599736905,-0.025599173215272053,1.1901565969738965,1.2216835862623359,1.7057663462305128
217,1.639558000290229,0.2569363385984796,-1.329543717236064,1.6515699862112163,-0.9314607937532426,-2.5686510721830618,-0.01201198592098729,1.1883971323517222,1.2391073549469978,1.7169213928049554
218,1.6418342393021548,0.2476850168025826,-1.3418924777825085,1.6402078952427481,-0.9385508568851079,-2.598847699706418,0.001626344059406648,1.1862358736876906,1.2569552219239093,1.7283213309278984
219,1.643996060610721,0.23840631251923106,-1.3542415108637755,1.628681784851592,-0.9452655121880633,-2.6294197471130945,0.015314275759128915,1.1836718247072944,1.275178236249319,1.7399405305503537
220,1.6460430381691205,0.22910206908316438,-1.3665965959356063,1.6169928076391802,-0.951602073889516,-2.6603197029822847,0.02905023052994027,1.1807041429726803,1.2937231070466784,1.751749316207432
221,1.6479747233537994,0.21977413603450374,-1.3789636374780079,1.6051421324934945,-0.957558007449271,-2.691496182110619,0.04283259086030489,1.1773321434837747,1.312532544632611,1.763714060623111
222,1.649790643774973,0.21042437177110232,-1.391348666041363,1.593130944472173,-0.9631309305733167,-2.722894364390203,0.056659699302799904,1.173555302344419,1.33154569834884,1.7757973746959659
223,1.6514903022032539,0.20105464632459064,-1.4037578392125039,1.5809604446840095,-0.9683186141667071,-2.7544565238654024,0.07052985751924434,1.1693732604912976,1.3506986846528986,1.787958394336066
224,1.6530731756216177,0.19166684425776392,-1.4161974424509318,1.5686318501688397,-0.9731189832251738,-2.7861226372410264,0.08444132545277805,1.1647858274829377,1.3699251947900946,1.8001531603366454
225,1.6545387144127084,0.18226286768024796,-1.4286738897395717,1.5561463937758424,-0.9775301176650971,-2.817831057161089,0.09839232063686598,1.159792985345345,1.3891571674215175,1.8123350830945004
226,1.6558863416923106,0.17284463937848957,-1.441193723988107,1.5435053240402514,-0.9815502530915156,-2.8495192322111245,0.11238101765205921,1.1543948924700052,1.4083255082230175,1.8244554798626818
227,1.657115452800669,0.163414106055025,-1.4537636171200445,1.530709905058507,-0.9851777815038595,-2.881124453092601,0.12640554774216217,1.1485918875588845,1.4273608359725565,1.8364641686497323
228,1.6582254149642124,0.15397324167065812,-1.466390369767192,1.5177614163618436,-0.9884112519391305,-2.912584602987957,0.1404639986023688,1.1423844936097887,1.4461942332207651,1.848310100157562
229,1.6592155671411244,0.14452405088160478,-1.4790809104871983,1.5046611527883416,-0.9912493710522671,-2.9438388899030694,0.15455441435278283,1.1357734219338718,1.4647579794158712,1.859942007491033
230,1.6600852200650646,0.1350685725618028,-1.4918422944112235,1.49141042435344,-0.9936910036334646,-2.974828539761162,0.16867479571162458,1.1287595761952673,1.4829862453499385,1.8713090528979937
231,1.6608336565021613,0.12560888339842488,-1.5046817012197125,1.4780105561189416,-0.9957351730622453,-3.0054974311418126,0.1828231003832197,1.1213440564606703,1.5008157299221,1.8823614515217342
232,1.661460131737139,0.11614710154613489,-1.5176064323346916,1.4644628880605028,-0.9973810616980933,-3.0357926556293995,0.19699724367663607,1.1135281632442282,1.5181862232947079,1.8930510539750651
233,1.6619638743050733,0.10668539032277777,-1.5306239072070953,1.450768774933639,-0.9986280112074989,-3.0656649915020315,0.21119509937143421,1.1053134015302766,1.5350410842949362,1.9033318722898311
234,1.6623440869857264,0.09722596192596852,-1.5437416585674604,1.4369295861382525,-0.9994755228272839,-3.095069282657533,0.22541450084747394,1.0967014847532524,1.5513276240900726,1.913160537204668
235,1.6625999480776679,0.08777108114643367,-1.5569673264980828,1.4229467055816887,-0.9999232575641007,-3.1239647189303588,0.2396532424959792,1.0876943387105344,1.566997392432276,1.9224966785384405
236,1.6627306129693662,0.07832306904995504,-1.5703086511746132,1.4088215315403523,-0.9999710363300244,3.1308702891621083,0.2539090814290139,1.0782941053799795,1.5820063668428652,1.9313032242661168
237,1.6627352160240658,0.0688843065953759,-1.5837734641153403,1.3945554765198755,-0.9996188400141854,3.1030967943149705,0.2681797395041903,1.0685031466095614,1.5963150487492754,1.9395466176038334
238,1.66261287279448,0.05945723815137563,-1.597369677767414,1.3801499671138728,-0.9988668094904141,3.0759271557872387,0.28246290568060717,1.0583240476417897,1.6098884736249337,1.9471969547051093
239,1.6623626825820448,0.0500443748696382,-1.6111052732513758,1.3656064438612794,-0.9977152455608932,3.0493838894183343,0.2967562387207654,1.0477596204305315,1.6226961445098764,1.9542280483177097
240,1.6619837313536012,0.040648297866694987,-1.6249882860790852,1.350926361102302,-0.9961646088358407,3.023485121228019,0.3110573702512993,1.0368129067025356,1.6347118998724817,1.9606174248632275
241,1.6614750950258161,0.03127166116120135,-1.6390267896559987,1.3361111868329818,-0.9942155195492712,2.998244789888664,0.32536390819283434,1.0254871807104726,1.6459137276349232,1.9663462638541354
242,1.6608358431243198,0.021917194307829194,-1.6532288763774232,1.3211624025584014,-0.9918687573109126,2.9736728934044856,0.3396734405659183,1.0137859516187417,1.6562835373976776,1.9713992893830439
243,1.660065042820351,0.012587704663481638,-1.6676026361305374,1.3060815031445296,-0.9891252607943699,2.9497757684852686,0.3539835396758213,1.0017129654578516,1.66580690256378,1.9757646236728004
244,1.6591617633425733,0.003286079216357835,-1.6821561320204705,1.2908699966687416,-0.9859861273616705,2.9265563918596627,0.3682917666738317,0.9892722065780283,1.6744727832994535,1.9794336124553689
245,1.658125080755599,-0.00598471409624258,-1.6968973731503858,1.2755294042690073,-0.9824526126243325,2.904014693833692,0.38259567648659165,0.9764678985280899,1.6822732401955083,1.9824006313558293
246,1.6569540830896015,-0.015221625659298044,-1.711834284303266,1.2600612599917844,-0.9785261299411385,2.8821478756489345,0.39689282309781704,0.9633045042818404,1.6892031472273858,1.9846628815995786
247,1.655647875797205,-0.024421524121202586,-1.7269746723978536,1.2444671106386092,-0.974208249852809,2.8609507235309106,0.4111807651585959,0.9497867257316064,1.6952599112508224,1.9862201823328955
248,1.654205587504659,-0.03358119708635897,-1.7423261896238662,1.2287485156114235,-0.9695006994538089,2.8404159136590224,0.42545707189323556,0.9359195023674499,1.7004432038966977,1.9870747657333296
249,1.6526263760142386,-0.042697352640104144,-1.7578962932030109,1.2129070467566294,-0.9644053617015306,2.820534303571183,0.43971932925760915,0.9217080090614265,1.7047547104053926,1.9872310799552513
250,1.6509094345040303,-0.05176662178365297,-1.7736922017731753,1.1969442882079129,-0.9589242746631383,2.8012952066945758,0.4539651462961174,0.9071576528794854,1.708197898711835,1.9866956038590815
251,1.6490539978600178,-0.06078556185075153,-1.7897208484539353,1.1808618362278254,-0.9530596307003675,2.7826866477405034,0.46819216163219246,0.8922740688496159,1.7107778109851477,1.9854766764468446
252,1.6470593490640086,-0.06975066096852003,-1.805988830722407,1.1646612990481637,-0.9468137755926088,2.764695597602315,0.4823980500158449,0.8770631146240888,1.7125008788548648,1.9835843429942377
253,1.644924825549884,-0.07865834361217573,-1.822502357309289,1.1483442967091446,-0.9401892075986283,2.747308187147715,0.49658052884073944,0.8615308639864526,1.713374762722582,1.9810302190425204
254,1.6426498254304178,-0.08750497728668641,-1.839267192415006,1.1319124608974056,-0.9331885764572977,2.7305098999059307,0.5107373645330122,0.8456835991706113,1.7134082148586494,1.9778273726949451
255,1.6402338134881247,-0.09628688034777229,-1.8562885976439663,1.1153674347828333,-0.9258146823277321,2.71428574412675,0.5248663787052914,0.8295278019799598,1.71261096540887,1.973990225049661
256,1.6376763268169252,-0.1050003309500806,-1.873571272159186,1.0987108728542532,-0.918070474669267,2.69862040504676,0.538965453962672,0.8130701437191863,1.7109936299736397,1.9695344680870908
257,1.6349769799975813,-0.11364157708205493,-1.8911192916673527,1.081944440753977,-0.9099590510617106,2.6834983784538204,0.5530325392436042,0.7963174739796557,1.7085676370584135,1.9644769989060547
258,1.6321354696895864,-0.12220684761552013,-1.9089360469525136,1.0650698151112423,-0.9014836559663549,2.6689040868100813,0.5670656545783441,0.7792768083508348,1.7053451734169913,1.9588358688599863
259,1.6291515785261546,-0.13069236426410055,-1.9270241827810144,1.0480886833745522,-0.8926476794282345,2.654821979292142,0.5810628951516024,0.761955315164134,1.70133914510643,1.9526302458735794
260,1.6260251782077217,-0.13909435430938463,-1.9453855380965228,1.0310027436429283,-0.8834546557201532,2.6412366171483908,0.5950224345647934,0.7443603014107686,1.6965631519346722,1.945880388013162
261,1.622756231703359,-0.14740906391863526,-1.9640210885069433,1.0138137044961069,-0.8739082619290224,2.6281327457710297,0.6089425272072522,0.7264991980103871,1.6910314729016136,1.9386076262346363
262,1.6193447944888504,-0.15563277184447566,-1.982930892129532,0.9965232848236771,-0.8640123164850744,2.615495354844479,0.6228215096651732,0.7083795446405987,1.6847590602055753,1.9308343541359525
263,1.6157910147748002,-0.16376180326720258,-2.0021140399013766,0.979133213653199,-0.8537707776345435,2.603309727872266,0.6366578011216012,0.6900089743673409,1.6777615394059442,1.9225840224932345
264,1.612095132707527,-0.1717925435161409,-2.0215686114748306,0.9616452299772965,-0.8431877418564168,2.591561482308587,0.6504499027302305,0.6713951983402758,1.6700552133961688,1.9138811363582293
265,1.608257478558817,-0.1797214513896793,-2.041291637797446,0.9440610825797653,-0.8322674422239013,2.5802366014347324,0.6641963959790518,0.6525459908342219,1.6616570679474076,1.9047512525379668
266,1.6042784699566488,-0.18754507178607258,-2.0612790714205302,0.9263825298606904,-0.821014246711247,2.56932145902926,0.6778959400959584,0.6334691749251744,1.652584776729796,1.8952209753635683
267,1.600158608246182,-0.19526004736019403,-2.0815257654882298,0.9086113396606129,-0.8094326564466194,2.558802837787985,0.6915472685855691,0.6141726090864255,1.6428567039033712,1.8853179487822307
268,1.595898474106798,-0.20286312893612526,-2.1020254622303063,0.8907492890837423,-0.7975273039117043,2.5486679423582137,0.7051491850230558,0.5946641749755791,1.6324919025910667,1.8750708429719307
269,1.5914987225847763,-0.2103511844321305,-2.122770791618777,0.8727981643202526,-0.7853029510887806,2.538904407763251,0.7187005582645237,0.57495176665665,1.6215101077975582,1.8645093338787526
270,1.586960077730237,-0.21772120609281678,-2.1437532806554898,0.8547597604676596,-0.7727644875559871,2.5295003039093875,0.7322003172625775,0.5550432814631704,1.609931722614709,1.8536640743074209
271,1.5822833270493386,-0.22497031587202704,-2.1649633735406058,0.836635881351318,-0.759916928531561,2.5204441367892327,0.7456474456980207,0.5349466126595339,1.5977777968497477,1.8425666554504685
272,1.5774693159967155,-0.23209576886740943,-2.1863904627384283,0.8184283393440346,-0.7467654128678123,2.5117248469228364,0.7590409766526809,0.5146696440004028,1.5850699975183211,1.8312495580138954
273,1.5725189427375283,-0.23909495477117007,-2.20802293071599,0.800138955184839,-0.7333152009956565,2.503331805511806,0.7723799875526893,0.49422024622448646,1.5718305709517901,1.8197460923790207
274,1.5674331534025459,-0.24596539736825637,-2.229848201890686,0.7817695577969044,-0.7195716728205074,2.495254808721464,0.7856635956056415,0.473606275452251,1.5580822965674361,1.808090327523654
275,1.5622129380432948,-0.25270475217984534,-2.2518528040957055,0.7633219841046635,-0.7055403255703919,2.4874840704519436,0.7988909539386313,0.4528355733905466,1.543848432631937,1.796317008702253
276,1.5568593274680467,-0.25931080241315524,-2.2740224386650922,0.7447980788501106,-0.6912267715971265,2.480010213910566,0.812061248617936,0.4319159691839713,1.5291526546039282,1.784461464146898
277,1.5513733911044212,-0.2657814534350656,-2.2963420580619363,0.7261996944083366,-0.6766367361314569,2.4728242622546763,0.8251736966960845,0.4108552826963913,1.5140189868629736,1.7725595012919027
278,1.545756235992406,-0.2721147260340158,-2.3187959498299002,0.7075286906022854,-0.6617760549930369,2.4659176285357978,0.8382275453901206,0.3896613289590211,1.4984717288138878,1.7606472932394321
279,1.5400090069647492,-0.2783087487699526,-2.3413678255444585,0.68878693451678,-0.6466506722561834,2.4592821051422575,0.8512220724479692,0.36834192348623085,1.4825353764928701,1.7487612563677777
280,1.5341328880223846,-0.28436174973423156,-2.3640409133783002,0.6699763003118093,-0.631266637872321,2.452909852907744,0.8641565877105752,0.3469048881380894,1.4662345408935415,1.7369379201361745
281,1.528129104863293,-0.290272048049687,-2.3867980528754766,0.65109866903512,-0.6156301052500863,2.446793390027349,0.877030435828173,0.32535805720039934,1.4495938642767605,1.7252137902599216
282,1.521998928476403,-0.2960380454357093,-2.4096217905493575,0.6321559284341076,-0.5997473287940437,2.440925580900035,0.8898430000422954,0.3037092833583344,1.4326379357301935,1.7136252065185011
283,1.5157436796699593,-0.30165821814502614,-2.4324944749766835,0.6131499727670459,-0.5836246614030073,2.435299624996844,0.9025937069029134,0.28196644325798115,1.4153912072060582,1.702208196520191
284,1.509364734368053,-0.30713110954951867,-2.4553983501490992,0.5940827026136648,-0.5672685519289687,2.4299090458371793,0.9152820317543882,0.2601374423794501,1.3978779111933077,1.690998326782829
285,1.5028635294810642,-0.3124553236138725,-2.4783156459585856,0.5749560246850888,-0.5506855425976376,2.4247476801408347,0.9279075047959754,0.23823021898376506,1.3801219810801655,1.6800305525062293
286,1.4962415691364486,-0.317629519450533,-2.5012286648277677,0.5557718516331736,-0.5338822663916443,2.419809667210888,0.940469717503275,0.21625274694111124,1.3621469751409307,1.6693390674113673
287,1.489500431045961,-0.32265240709982207,-2.524119863643581,0.5365321018592358,-0.5168654443974288,2.4150894385917674,0.9529683291867251,0.1942130372976067,1.3439760049442384,1.6589571550088855
288,1.4826417727838823,-0.32752274462767367,-2.5469719303069147,0.5172386993222217,-0.4996418831169025,2.410581708037644,0.9654030734616607,0.17211913848922883,1.3256316688350278,1.6489170426379356
289,1.47566733775755,-0.33223933658258603,-2.569767854365861,0.49789357334630513,-0.48221847174493154,2.4062814618184905,0.9777737644112449,0.1499791351623455,1.307135990995235,1.639249759588232
290,1.4685789606655562,-0.33680103380511306,-2.592490991351007,0.47849865842796485,-0.4646021794137574,2.402183949384547,0.9900803022375912,0.12780114560864436,1.288510366444033,1.6299850005848207
291,1.4613785722592352,-0.3412067345392246,-2.615125120573724,0.4590558940425284,-0.44680005240543,2.398284674404404,1.0023226782167067,0.1055933178662054,1.2697755122014582,1.6211509958766892
292,1.4540682032481667,-0.34545538675643633,-2.637654496279394,0.4395672244502339,-0.42881921133339584,2.394579386187274,1.0145009787979329,0.08336382457695951,1.2509514247129179,1.6127743891261856
293,1.4466499872190106,-0.3495459915716283,-2.66006389216473,0.4200345985017983,-0.41066684829434086,2.3910640714961615,1.0266153887172123,0.06112085672271256,1.2320573435186946,1.604880124244753
294,1.439126162467683,-0.3534776076044151,-2.6823386393704007,0.40045996944354106,-0.39235022399145386,2.387734946755494,1.0386661930241419,0.03887261638703876,1.213111721053691,1.597491342259446
295,1.431499072676379,-0.35724935612191944,-2.7044646581464558,0.3808452947220541,-0.373876664830236,2.3845884506541766,1.050653777954325,0.01662730870831658,1.194132198378954,1.5906292892217
296,1.4237711663981019,-0.360860426787648,-2.7264284834586285,0.36119253578846583,-0.35525355998804264,2.381621237142953,1.062578630609636,-0.00560686679960537,1.1751355865780049,1.5843132360823062
297,1.4159449953411425,-0.3643100838364301,-2.7482172848590336,0.34150365790229065,-0.3364883584585042,2.3788301688233062,1.0744413374388517,-0.027821725377925877,1.1561378534972464,1.578560411352576
298,1.4080232114735742,-0.36759767249642833,-2.7698188809861057,0.3217806299349115,-0.31758856607203484,2.3762123107238504,1.0862425815386627,-0.05000910642439349,1.13715411546963,1.5733859472496445
299,1.400008562992646,-0.370722625485308,-2.7912217490870788,0.3020254241726877,-0.2985617424935936,2.373764924459197,1.0979831388199583,-0.07216088299171441,1.1181986336333107,1.568802839883481
300,1.3919038892255267,-0.37368446941792055,-2.8124150299733417,0.2822400161197344,-0.27941549819892586,2.371485462765573,1.1096638731057922,-0.09426897121899469,1.0992848144406722,1.5648219238848549
301,1.3837121145459297,-0.3764828309764634,-2.8333885288261533,0.2624263843003676,-0.260157491430468,2.3693715644070066,1.121285730245562,-0.11632533954599539,1.0804252139464268,1.5614518616992317
302,1.375436241405589,-0.3791174427101718,-2.8541327122689895,0.2425865100612595,-0.2407954251341592,2.3674210494456176,1.1328497313443295,-0.1383220175760126,1.0616315454649792,1.5586991475841574
303,1.3670793425904233,-0.381588148349382,-2.8746387021146966,0.22272237737329917,-0.22133704387835867,2.365631914869418,1.1443569652171242,-0.1602511044710233,1.042914690195472,1.5565681261514532
304,1.3586445528186253,-0.38389490753754424,-2.8948982661820413,0.20283597263320371,-0.2017901307561289,2.364002330571082,1.1558085801854217,-0.18210477678141535,1.0242847104264632,1.5550610250952446
305,1.3501350598020792,-0.38603779990381126,-2.9149038065584314,0.1829292844648735,-0.182162504272095,2.3625306356712543,1.1672057753372056,-0.20387529563171627,1.005750864949901,1.5541780015483815
306,1.3415540948937437,-0.3880170284176258,-2.934648345664666,0.16300430352053824,-0.16246201521515416,2.3612153351802236,1.1785497913732055,-0.22555501320247165,0.9873216263346967,1.5539172013189066
307,1.3329049234422425,-0.38983292198482067,-2.9541255104545403,0.14306302228168652,-0.14269654351825772,2.360055096992098,1.189841901160556,-0.24713637846656294,0.969004699732948,1.5542748300810496
308,1.3241908349712688,-0.39148593726175546,-2.973329515057818,0.1231074348598263,-0.12287399510655006,2.3590487492060004,1.2010834001114425,-0.2686119421552054,0.950807042915768,1.5552452354371262
309,1.3154151332958735,-0.39297665967967454,-2.992255142150186,0.10313953679706928,-0.10300229873509785,2.3581952777692634,1.2122755964988041,-0.2899743609445767,0.9327348872601373,1.5568209986327677
310,1.3065811266806562,-0.3943058036855803,-3.0108977233089176,0.08316132486658098,-0.0830894028174964,2.3574938244380585,1.2234198018140752,-0.31121640086808394,0.9147937594326105,1.5589930346017984
311,1.2976921181366317,-0.3954742122183561,-3.0292531185884988,0.06317479687290779,-0.06314327224661277,2.356943685051464,1.234517321263724,-0.33233093997174334,0.8969885035396237,1.561750698941709
312,1.288751395944464,-0.39648285544958584,-3.04731769552684,0.04318195145219192,-0.04317188520872868,2.3565443081154838,1.2455694444922722,-0.35331097024085717,0.8793233035372623,1.5650819003774237
313,1.279762224482108,-0.3973328288274995,-3.065088307770082,0.02318478787231655,-0.02318322999237945,2.356295293694157,1.2565774366097915,-0.37414959883512006,0.8618017057153473,1.5689732172600008
314,1.2707278354249656,-0.39802535046976495,-3.0825622734826656,0.0031853058329736565,-0.0031853017931379904,2.356196392605459,1.267542529591992,-0.394840048676627,0.8444266410914611,1.5734100166671225
315,1.2616514193766761,-0.39856175795652543,-3.099737353689352,-0.016814494734297237,0.016813900484349713,2.3562475059203347,1.2784659141109733,-0.41537565844087515,0.8272004475698989,1.578376574721203
316,1.252536117978809,-0.39894350457924865,-3.116611730677324,-0.03681261386610762,0.03680637742582691,2.3564486847638113,1.2893487318449166,-0.4357498820050756,0.8101248917384503,1.5838561968157867
317,1.243385016538187,-0.3991721551037338,-3.1331839865694078,-0.05680705176720758,0.05678413230707805,2.3568001304177795,1.3001920683053947,-0.45595628741081184,0.7932011901923985,1.5898313365374166
318,1.2342011372014785,-0.39924938110714586,3.133732225015772,-0.07679580901047076,0.07673917429251892,2.3573021947256567,1.3109969462119493,-0.4759885553996648,0.7764300302901153,1.5962837121842801
319,1.2249874326981411,-0.3991769559493607,3.1177669710580207,-0.0967768867368283,0.09666352163141724,2.357955380799775,1.3217643194349695,-0.4958404775807779,0.7598115902582459,1.6031944199097272
320,1.2157467806648792,-0.3989567494383456,3.1021059026096873,-0.11674828685516017,0.11654920485049365,2.358760344032969,1.3324950675200393,-0.5155059542888393,0.7433455585767184,1.6105440426539768
321,1.2064819785575311,-0.39859072224791614,3.0867490460012172,-0.13670801224209556,0.13638826994159764,2.359717893416455,1.3431899907996268,-0.5349789921895138,0.7270311525847624,1.618312754166245
322,1.1971957391497627,-0.3980809201441331,3.0716961294255767,-0.1566540669417306,0.1561727815432119,2.3608289931666846,1.3538498060914934,-0.554253701687345,0.7108671362588921,1.6264804175584215
323,1.1878906866121284,-0.3974294680739635,3.056946601786908,-0.1765844563652152,0.175894826114484,2.3620947646644646,1.3644751429773436,-0.5733242941884475,0.6948518371224432,1.6350266779664968
324,1.1785693531599708,-0.3966385641667504,3.0424996509640403,-0.19649718749021736,0.19554651510054424,2.363516488710183,1.375066540650188,-0.5921850792672947,0.6789831622538571,1.6439310490244825
325,1.1692341762542318,-0.39571047369562085,3.028354221467122,-0.21639026906021674,0.21511998808781552,2.365095608099521,1.3856244453144484,-0.6108304617834364,0.6632586133676011,1.6531729929749794
326,1.1598874963355414,-0.39464752304231626,3.0145090314719587,-0.23626171178363561,0.23460741594808077,2.366833730524539,1.396149208119177,-0.629254938990397,0.6476753009474199,1.6627319943493433
327,1.150531555068882,-0.39345209370513945,3.0009625892221745,-0.25610952853275937,0.2540010039700232,2.3687326318054684,1.4066410836016412,-0.6474530976751627,0.6322299574167061,1.6725876272471625
328,1.1411684940736593,-0.39212661638585206,2.98771320879412,-0.27593173454245457,0.2732929949770132,2.3707942594589726,1.4171002286161138,-0.6654196113628652,0.6169189493351475,1.6827196163291527
329,1.1318003541121162,-0.3906735651875,2.9747590252235927,-0.29572634760863703,0.29247567242986966,2.373020736608938,1.4275267017207534,-0.6831492376173697,0.6017382886146545,1.6931078917091549
330,1.1224290747076264,-0.3890954519513393,2.962098008997002,-0.3154913882864973,0.3115413635133787,2.3754143662461753,1.4379204629941238,-0.700636815464718,0.5866836427508266,1.7037326379902324
331,1.1130564941634888,-0.3873948207573347,2.9497279799126512,-0.33522488008843665,0.3304824422053109,2.3779776358435334,1.4482813742519256,-0.7178772629626456,0.5717503440691178,1.7145743377371947
332,1.1036843499523332,-0.3855742426091425,2.9376466203203755,-0.35492484968172117,0.34929133232673576,2.3807132223330263,1.4586091996340544,-0.7348655749358783,0.5569333979873492,1.7256138097142915
333,1.0943142794461034,-0.38363631032109985,2.9258514877499375,-0.37458932708580633,0.3679605105723846,2.3836239974514886,1.4689036065319097,-0.7515968208934845,0.542227490298449,1.7368322422430436
334,1.0849478209567756,-0.3815836336215444,2.9143400269403688,-0.3942163458693397,0.38648250951987934,2.3867130334610547,1.4791641668261153,-0.7680661431414237,0.5276269934793141,1.748211222052575
335,1.0755864150584222,-0.3794188344838013,2.903109581283913,-0.4138039433467995,0.4048499206165983,2.389983609250355,1.4893903584052217,-0.7842687551003996,0.5131259720335581,1.7597327590042044
336,1.0662314061619333,-0.37714454269340597,2.8921574036994153,-0.43335016077475924,0.42305539714299684,2.3934392168216947,1.4995815669366925,-0.8001999398364028,0.4987181868777206,1.7713793070748822
337,1.0568840443145961,-0.37476339165758843,2.8814806669509245,-0.4528530435477663,0.44109165715120235,2.3970835681686076,1.5097370878623624,-0.8158550488087908,0.48439709878231696,1.7831337819812194
338,1.047545487197792,-0.3722780144607294,2.8710764734280025,-0.472310641393794,0.4589514863776903,2.400920602546995,1.5198561285915861,-0.8312295008384196,0.4701558708810074,1.7949795758184466
339,1.0382168022972484,-0.36969104016740745,2.8609418644047526,-0.49172100856927403,0.47662774112889944,2.404954494141537,1.5299378108665225,-0.8463187812963069,0.45598737026321556,1.8069005690777442
340,1.0288989692215624,-0.36700509037278595,2.8510738287949464,-0.5110822040536624,0.49411335113860816,2.409189660127124,1.5399811732752249,-0.8611184415113942,0.4418841686678223,1.818881140391643
341,1.0195928821460645,-0.3642227759984299,2.8414693114208442,-0.5303922917435467,0.5114013223959523,2.4136307691226384,1.549985173889611,-0.8756240983943822,0.42783854229820584,1.8309061743416664
342,1.0102993523604846,-0.3613466943301894,2.8321252208133996,-0.549649340646248,0.5284847399429308,2.4182827500314454,1.5599486930067328,-0.8898314342731202,0.41384247078195413,1.8429610676454575
343,1.0010191109003084,-0.3583794262935247,2.8230384365615335,-0.5688514250729251,0.5453567706403021,2.42315080125933,1.5698705359732334,-0.9037361969338268,0.3998876353022034,1.8550317340231384
344,0.9917528112431384,-0.3553235339605688,2.814205816228066,-0.5879966248311352,0.5620106659007431,2.4282404002962408,1.5797494360742736,-0.9173341998613119,0.3859654159318251,1.867104608024844
345,0.9825010320528014,-0.35218155828231346,2.8056242018497124,-0.6070830254168587,0.5784397643882002,2.433557313642975,1.58958405746966,-0.9306213226705137,0.3720668882067373,1.8791666480838172
346,0.973264279955337,-0.34895601703855256,2.797290426038319,-0.6261087182059404,0.5946374946823286,2.439107607057674,1.5993729981612774,-0.9435935117208811,0.3581828189806453,1.8912053390422892
347,0.9640429923323792,-0.34564940299760794,2.789201317700219,-0.645071800644958,0.6105973779069791,2.4448976560896263,1.609114792977337,-0.956246780904587,0.34430366161059256,1.9032086943809774
348,0.9548375401187612,-0.34226418227738636,2.7813537073902475,-0.6639703764414682,0.6263130303216559,2.4509341568591303,1.6188079165602294,-0.9685772125990422,0.33041955053111716,1.9151652583673782
349,0.9456482305924565,-0.33880279289896087,2.7737444323165943,-0.6828025557536419,0.6417781658749337,2.4572241370319414,1.6284507863460984,-0.9805809587738946,0.31652029528465286,1.9270641083233948
350,0.9364753101461896,-0.3352676435236184,2.7663703410122507,-0.7015664553792397,0.6569865987187891,2.463774966924827,1.6380417655254291,-0.9922542422424074,0.3025953740874239,1.938894857199025
351,0.927318967031214,-0.33166111236416396,2.7592282976883977,-0.7202601989439371,0.671932245682862,2.4705943706648235,1.647579165975151,-1.003593358047026,0.28863392702357427,1.9506476566260065
352,0.9181793340648571,-0.3279855462612038,2.7523151862846325,-0.7388819170889542,0.6866091287076386,2.477690437308543,1.6570612511538112,-1.0145946749688424,0.27462474897608935,1.9623132006131807
353,0.9090564912944686,-0.32424325991513514,2.745627914230465,-0.7574297476579961,0.7010113772355988,2.4850716318091606,1.6664862389524648,-1.0252546371507338,0.26055628242130435,1.9738827300339363
354,0.8999504686113844,-0.32043653526464383,2.7391634159320626,-0.7759018358834606,0.715133230559358,2.4927468056970676,1.675852304494845,-1.0355697658240017,0.24641661023499495,1.9853480380450086
355,0.8908612483094221,-0.3165676210026382,2.7329186559977363,-0.7942963345719204,0.7289690401258765,2.5007252073153747,1.6851575828813425,-1.0455366611285146,0.23219344868236158,1.9967014765651023
356,0.8817887675832733,-0.3126387322207239,2.7268906322151887,-0.8126114042888336,0.7425132717958018,2.509016491422985,1.694400171872107,-1.0551520040165259,0.2178741407922038,2.007935963930687
357,0.8727329209629323,-0.30865205017354047,2.7210763782930725,-0.8308452135424925,0.7557605080570542,2.5176307279456003,1.7035781345054248,-1.0644125582305946,0.2034456503474722,2.0190449938347803
358,0.8636935626810266,-0.3046097221545292,2.715472966378921,-0.8489959389671652,0.7687054501917557,2.5265784096181902,1.7126895016481918,-1.0733151723462848,0.18889455676073075,2.030022645641792
359,0.854670508970567,-0.30051386147497916,2.71007750936505,-0.8670617655054355,0.78134292039565,2.5358704582208973,1.7217322744760024,-1.0818567818706293,0.1742070511441529,2.0408635961573043
360,0.8456635402912432,-0.2963665475384945,2.7048871629935616,-0.8850408865897049,0.7936678638491532,2.545518229063543,1.7307044268809482,-1.0900344113876477,0.15936893393001839,2.0515631329151236
361,0.8366724034829351,-0.2921698260033403,2.6998991277711126,-0.9029315043228463,0.8056753507392133,2.5555335133215724,1.7396039078057814,-1.0978451767425534,0.1443656144495402,2.0621171690244537
362,0.8276968138456045,-0.28792570902544873,2.6951106507036675,-0.9207318296579966,0.8173605782311729,2.565928537768054,1.7484286435036012,-1.1052862872566216,0.12918211293561344,2.0725222595967163
363,0.8187364571451816,-0.2836361755752001,2.6905190268610006,-0.9384400825774543,0.8287188723898353,2.5767159613820527,1.7571765397226358,-1.1123550479650355,0.11380306547894792,2.082775619743355
364,0.8097909915454583,-0.27930317182142916,2.6861216007802806,-0.9560544922706857,0.83974569004898,2.5879088682432516,1.7658454838161441,-1.119048861870409,0.098212732537029,2.092875144101941
365,0.8008600494663549,-0.27492861157644466,2.6819157677176455,-0.9735732973113987,0.8504366206285644,2.5995207560461813,1.7744333467777538,-1.125365232205009,0.08239501167146424,2.102819427806647
366,0.7919432393692466,-0.2705143767961848,2.677898974756256,-0.9909947458336898,0.8607873878989016,2.6115655194852865,1.7829379852029366,-1.1313017646950865,0.06633345527096957,2.1126077887695835
367,0.7830401474703106,-0.26606231812996284,2.6740687217789048,-1.008317095707223,0.870793851691091,2.6240574276749693,1.7913572431775335,-1.136856169821054,0.050011294103935455,2.1222402910798674
368,0.7741503393830999,-0.26157425551458185,2.670422562312877,-1.0255386147114476,0.8804520095530344,2.637011094678,1.7996889540945475,-1.1420262650676163,0.03341146763487712,2.1317177692564586
369,0.7652733616917586,-0.2570519788079147,2.6669581042543538,-1.042657580708813,0.8897579983503596,2.650441442122924,1.8079309424005716,-1.1468099771582743,0.016516662131429882,2.141041853006882
370,0.7564087434564762,-0.2524972484573536,2.663673010479294,-1.0596722818169868,0.8987080958116269,2.664363652799013,1.816081025273463,-1.1512053442689805,-0.0006906423197188261,2.150214992045816
371,0.7475559976529306,-0.2479117961988316,2.6605649993473497,-1.0765810165800351,0.9072987220171839,2.678793114029098,1.8241370142329658,-1.1552105182160155,-0.01822811468174823,2.159240480413547
372,0.7387146225475983,-0.24329732578240537,2.657631845105031,-1.0933820941385743,0.9155264408310896,2.693745349540943,1.8320967166861726,-1.1588237666134948,-0.03611350443591199,2.1681224796037664
373,0.7298841030109187,-0.23865551372066313,2.65487137819399,-1.1100738343988477,0.9233879612755189,2.709235938492216,1.8399579374097663,-1.162043474996182,-0.05436456029822612,2.1768660396622534
374,0.7210639117703793,-0.23398801005648576,2.652281485469953,-1.12665456820074,0.9308801388471135,2.7252804202598746,1.8477184799711193,-1.1648681489035992,-0.07299893478992159,2.185477117253197
375,0.712253510605663,-0.22929643914693854,2.649860110337529,-1.1431226374846875,0.9379999767747388,2.7418941835904724,1.8553761480903503,-1.1672964159216774,-0.09203407325294322,2.193962589509153
376,0.7034523514880411,-0.22458240046030917,2.6476052528057914,-1.1594763954574863,0.9447446272181542,2.7590923387340904,1.8629287469455273,-1.1693270276784633,-0.11148708592829903,2.202330262286782
377,0.6946598776662364,-0.2198474693835328,2.645514969469241,-1.1757142067569655,0.9511113924071088,2.776889571263257,1.8703740844232017,-1.1709588617906417,-0.13137460179401605,2.2105888712477726
378,0.6858755247009996,-0.215093198037457,2.64358737341847,-1.1918344476155285,0.9570977257204172,2.7952999764232915,1.877709972316528,-1.1721909237578743,-0.15171260300482148,2.2187480739795076
379,0.6770987214506513,-0.21032111609759863,2.6418206340845583,-1.2078355060225212,0.9627012327045702,2.814336873086924,1.8849342274731726,-1.173022348802169,-0.1725162390023658,2.2268184311723225
380,0.6683288910098442,-0.20553273161823268,2.6402129770209632,-1.2237157818854385,0.9679196720314864,2.834012596709942,1.8920446728952827,-1.1734524036497191,-0.19379961968897863,2.23481137469235
381,0.6595654516037847,-0.20072953185782713,2.638762683626411,-1.2394736871899266,0.9727509563950139,2.8543382711218332,1.8990391387937113,-1.173480488252841,-0.21557558749542238,2.2427391602467917
382,0.6508078174401398,-0.1959129841040011,2.637468090812034,-1.2551076461585875,0.9771931533458231,2.875323559550972,1.9059154635987272,-1.1731061374498242,-0.23785546873893804,2.2506148022520907
383,0.642055399520826,-0.19108453649633556,2.636327590615763,-1.2706160954085512,0.9812444860643621,2.896976395989684,1.9126714949293773,-1.1723290225606977,-0.2606488053739211,2.2584519885081358
384,0.6333076064158454,-0.1862456188455049,2.635339629766741,-1.2859974841078177,0.9849033340715609,2.9193026988581225,1.919305090523663,-1.1711489529170658,-0.28396306909138147,2.2662649723800135
385,0.624563845001299,-0.1813976434473281,2.6345027092023034,-1.3012502741303347,0.9881682338770005,2.9423060699269263,1.9258141191316338,-1.1695658773243285,-0.3078033607246229,2.2740684404216043
386,0.6158235211636631,-0.17654200589045643,2.6338153835398503,-1.3163729402098099,0.9910378795642899,2.9659874825973085,1.932196461373473,-1.1675798854547463,-0.33217209905745815,2.2818773537714354
387,0.6070860404723688,-0.1716800858565238,2.6332762605057205,-1.3313639700922384,0.993511123313416,2.990344964890073,1.9384500105646072,-1.1651912091699397,-0.35706870438435256,2.2897067622373726
388,0.5983508088226778,-0.16681324791168525,2.632884000322982,-1.3462218646871233,0.9955869758598548,3.01537328382298,1.9445726735098012,-1.16240022377154,-0.3824892834999982,2.2975715907839573
389,0.5896172330507933,-0.161942842288559,2.6326373150598497,-1.360945138217388,0.9972646068902659,3.0410636392016177,1.9505623712681812,-1.159207449178825,-0.40842632414176805,2.305486399155498
390,0.5808847215230918,-0.15707020565766966,2.6325349679402623,-1.3755323183679475,0.998543345374605,3.067403376135589,1.9564170398910394,-1.1556135510322747,-0.4348684081953267,2.3134651166057765
391,0.5721526847013059,-0.15219666188756212,2.632575772617959,-1.389981946432944,0.9994226798345278,3.0943757267243446,1.9621346311342498,-1.15161934172209,-0.4617999541063855,2.3215207551381956
392,0.5634205356854293,-0.1473235227928226,2.6327585924152332,-1.4042925774616108,0.9999022585479752,3.1219595922240613,1.96771311314704,-1.1472257813407978,-0.48920099980882803,2.3296651062411904
393,0.5546876907360583,-0.14245208886929983,2.6330823395273697,-1.4184627804027723,0.9999818896898556,-3.1330559296913743,1.9731504711388306,-1.1424339785591555,-0.5170470379608423,2.337908427758874
394,0.5459535697778233,-0.13758365001587128,2.6335459741936074,-1.432491138247941,0.9996615414087742,-3.1043304177311337,1.9784447080257643,-1.1372451914246455,-0.5453089152548447,2.3462591291649875
395,0.5372175968855026,-0.13271948624214278,2.6341485038353314,-1.4463762481730242,0.9989413418397719,-3.0750839964195906,1.9835938450585269,-1.1316608280819147,-0.5739528069246642,2.354723464983907
396,0.528479200754353,-0.1278608683615088,2.634888982162034,-1.460116721678599,0.9978215790530742,-3.045356048786323,1.988595922432952,-1.125682447414583,-0.6029402762312293,2.3633052472831437
397,0.5197378151561256,-0.12300905866903214,2.635766508245465,-1.4737111847287665,0.9963027009388654,-3.0151903723094278,1.993448999884892,-1.1193117596078976,-0.6322284266246934,2.3720055888996003
398,0.5109928793821799,-0.11816531160362881,2.6367802255622435,-1.4871582778885493,0.9943853150281404,-2.9846349301467145,1.9981511572707291,-1.1125506266317693,-0.6617701514706287,2.3808226892186988
399,0.5022438386750395,-0.11333087439406586,2.6379293210050925,-1.5004566564598378,0.992070188249698,-2.953741503402485,2.0027004951348775,-1.1054010626437638,-0.6915144827720088,2.3897516737918365
400,0.49349014464967983,-0.10850698768829643,2.6392130238627347,-1.5136049906158564,0.9893582466233818,-2.9225652469480483,2.007095135265536,-1.0978652343116782,-0.7214070363688032,2.3987844977903365
401,0.48473125570576775,-0.1036948861656691,2.6406306047683743,-1.5266019655341467,0.9862505748896836,-2.891164155538977,2.0113332212399144,-1.0899454610553527,-0.7513905468722353,2.407909921252756
402,0.4759666374320179,-0.09889579913155722,2.6421813746165985,-1.5394462815280487,0.9827484160758617,-2.859598451199729,2.0154129189600667,-1.0816442152074188,-0.781405481363258,2.4171135613593653
403,0.4671957630037629,-0.09411095109395874,2.6438646834484274,-1.5521366541766646,0.9788531709987472,-2.827929906773413,2.0193324171804274,-1.072964122092706,-0.8113907169577459,2.4263780237092334
404,0.4584181135747758,-0.08934156232161877,2.6456799193041625,-1.5646718144533056,0.9745663977044351,-2.7962211238571486,2.0230899280280816,-1.063907960026054,-0.8412842640182756,2.4356831109937596
405,0.44963317866431834,-0.08458884938322525,2.6476265070436007,-1.57705050885239,0.9698898108450863,-2.7645347857899107,2.0266836875167082,-1.0544786602283116,-0.8710240143460748,2.4450061038146242
406,0.4408404565403278,-0.07985402566722467,2.649703907133116,-1.5892714995147947,0.964825280993091,-2.732932907721797,2.0301119560551224,-1.0446793066603157,-0.9005484923246732,2.4543221049630946
407,0.4320394545995901,-0.0751383018817978,2.6519116143990478,-1.6013335643516353,0.9593748338928642,-2.7014761059532435,2.0333730189512256,-1.034513135774662,-0.929797586827295,2.463604435529171
408,0.4232296897456857,-0.07044288653452714,2.654249156746786,-1.613235497166481,0.9535406496505743,-2.6702229076755954,2.036465186912167,-1.0239835361851015,-0.9587132427572049,2.472825068968969
409,0.41441068876542886,-0.06576898639127779,2.6567160938449,-1.6249761077759686,0.9473250618621301,-2.639229120063048,2.0393867965413977,-1.0130940482534079,-0.9872400932716374,2.481955087884721
410,0.4055819887044589,-0.06111780691380189,2.6593120157736343,-1.6365542221288205,0.940730556679773,-2.608547274546721,2.0421362108332795,-1.0018483635935749,-1.0153260168592304,2.490965147837853
411,0.39674313724257554,-0.05649055267556436,2.66203654163706,-1.6479686824232516,0.9337597718176508,-2.578226158302969,2.044711819665827,-0.9902503244932152,-1.0429226072395572,2.4998259330064188
412,0.3878936930693472,-0.05188842775527456,2.664889318138186,-1.6592183472227418,0.926415495496766,-2.54831044080868,2.047112040292089,-0.9783039232520406,-1.0699855482327205,2.5085085898170747
413,0.3790332262604529,-0.04731263610759522,2.6678700181163073,-1.670302091570187,0.9187006653297247,-2.518840399062686,2.0493353178306397,-0.9660133014373199,-1.096474890000593,2.5169851266671506
414,0.37016131865515456,-0.04276438191048641,2.6709783390459165,-1.681218807100389,0.9106183671457304,-2.4898517410274974,2.0513801257555437,-0.9533827490562168,-1.1223552271061727,2.5252287703008944
415,0.3612775642352276,-0.03824486988862946,2.674214001496507,-1.691967402150893,0.9021718337562933,-2.4613755232435177,2.0532449663861208,-0.9404167036449227,-1.147595782439561,2.5332142720972883
416,0.3523815695056107,-0.03375530561236362,2.6775767475526555,-1.702546801871149,0.893364443662152,-2.4334381555791036,2.05492837137676,-0.9271197492745156,-1.1721704040478276,2.5409181602542086
417,0.3434729538769671,-0.029296895771556905,2.6810663391938205,-1.7129559483300023,0.8841997197019128,-2.4060614838033527,2.0564289022069695,-0.9134966154734697,-1.196057484182413,2.5483189364328807
418,0.33455135005028047,-0.024870848423823193,2.684682556633373,-1.723193800621481,0.8746813276429652,-2.3792629391356055,2.0577451506717614,-0.8995521760667884,-1.219239811410608,2.5553972177155195
419,0.3256164044035396,-0.020478373216489737,2.6884251966164565,-1.7332593349688885,0.8648130747152218,-2.353055743107651,2.058875739372428,-0.8852914479317116,-1.2417043674554789,2.5621358266328116
420,0.31666777738049406,-0.016120681581713824,2.6922940706763803,-1.7431515448271764,0.8545989080882805,-2.327449155898217,2.0598193222076704,-0.8707195896699944,-1.2634420806049889,2.5685198334874917
421,0.30770514388139386,-0.011798986904144392,2.696289003349375,-1.7528694409836028,0.8440429132926041,-2.3024487566599667,2.060574584864997,-0.8558419001967484,-1.2844475471702443,2.574536556228245
422,0.298728193655555,-0.007514504660524533,2.700409830347671,-1.7624120516566506,0.833149312585366,-2.278056745137869,2.0611402453122056,-0.8406638172458905,-1.304718731694046,2.5801755237396953
423,0.2897366316955201,-0.003268452530634289,2.7046563966910173,-1.7717784225932054,0.8219224632616022,-2.2542722549523493,2.0615150542887255,-0.8251909157922365,-1.3242566555362192,2.585428408658234
424,0.2807301786325139,0.0009379495210196072,2.70902855479694,-1.780967617163977,0.8103668559113548,-2.2310916701770687,2.061697795796491,-0.8094289063903353,-1.3430650822055776,2.5902889357622327
425,0.2717085711328201,0.005103479193349061,2.71352616253022,-1.789978716457167,0.7984871126234903,-2.208508938179551,2.061687287589987,-0.7933836334301412,-1.3611502064698158,2.5947527716870815
426,0.26267156229463706,0.009226911827231198,2.7181490812122915,-1.7988108193703554,0.7862879851369292,-2.186515873031657,2.0614823816649923,-0.777061073309698,-1.378520352935638,2.5988174012473797
427,0.25361892204489916,0.01330702041500174,2.7228971735914875,-1.8074630427006113,0.7737743529400123,-2.165102445073569,2.0610819647455103,-0.7604673325250105,-1.3951856885145295,2.6024819950717584
428,0.24455043753548078,0.017342575641414983,2.7277703017753057,-1.8159345212328108,0.7609512213187744,-2.144257053386,2.0604849587682916,-0.7436086456773594,-1.4111579520182804,2.6057472726227524
429,0.2354659135381327,0.02133234595655891,2.7327683251261443,-1.8242244078261607,0.7478237193548899,-2.123966778963472,2.059690321364293,-0.726491373398331,-1.4264502030899697,2.6086153640273135
430,0.2263651728374346,0.025275097681177153,2.737891098122232,-1.8323318734989098,0.7343970978741133,-2.104217617273643,2.0586970463363445,-0.7091220001929361,-1.4410765917837107,2.611089673515365
431,0.21724805662098254,0.02916959514480652,2.7431384681857898,-1.840256107511248,0.7206767273460168,-2.084994689631238,2.0575041641322307,-0.6915071322012103,-1.4550521493625581,2.6131747466771547
432,0.2081144248659694,0.0330146008570899,2.748510273480778,-1.8479963174463758,0.7066680957358779,-2.0662824334160166,2.0561107423123453,-0.673653494878788,-1.468392600282792,2.614876143219768
433,0.19896415672125664,0.03680887571256889,2.754006340682922,-1.855551729289751,0.6923768063095604,-2.048064771633234,2.0545158860110075,-0.6555679305969916,-1.48111419486343,2.616200316436944
434,0.18979715088398122,0.04055117922919883,2.7596264827250607,-1.862921587506485,0.6778085753922868,-2.030325262666764,2.052718738390466,-0.637257396163088,-1.4932335617877612,2.617154500206908
435,0.18061332596968943,0.04424026982076048,2.7653704965212325,-1.8701051551168988,0.662969230082182,-2.0130472313250416,2.050718481086588,-0.6187289602614215,-1.5047675793333122,2.617746603999115
436,0.17141262087494274,0.047874905103267994,2.771238160673286,-1.8771017137702157,0.6478647059195176,-1.996213882444517,2.0485143346451586,-0.5999898008162496,-1.515733264061783,2.617985116098563
437,0.16219499513129812,0.051453842235391525,2.777229233164199,-1.883910563816402,0.6325010445125663,-1.9798083984096402,2.0461055589477,-0.5810472022771748,-1.5261476756057473,2.6178790150401596
438,0.1529604292495291,0.05497583829282534,2.7833434490426807,-1.8905310243761266,0.6168843911210447,-1.963814021986842,2.0434914536256557,-0.5619085528282193,-1.5360278361500637,2.617437689078853
439,0.14370892505292243,0.05843965067643872,2.789580518104042,-1.8969624334088513,0.6010209921980904,-1.9482141258648502,2.0406713584617737,-0.5425813415216516,-1.5453906632106946,2.6166708633973146
440,0.13444050599846116,0.06184403755394762,2.795940122572714,-1.9032041477790322,0.5849171928917617,-1.9329922702561362,2.0376446537774933,-0.5230731553378141,-1.5542529143507355,2.6155885346649637
441,0.12515521748468714,0.06518775833474014,2.802421914792216,-1.9092555433204328,0.5685794345070697,-1.9181322498532611,2.03441076080512,-0.5033916761723296,-1.5626311425341086,2.6142009125039927
442,0.11585312714502619,0.06846957417737917,2.809025514928762,-1.9151160148985422,0.5520142519295328,-1.9036181313569873,2.0309691420435683,-0.4835446777521536,-1.570541660893837,2.612518367384006
443,0.10653432512535606,0.07168824852919141,2.815750508695102,-1.9207849764710867,0.5352282710113162,-1.8894342827063793,2.027319301596443,-0.4635400224821248,-1.578000515778105,2.6105513844519863
444,0.0971989243446035,0.07484254769723352,2.822596445101576,-1.9262618611466333,0.5182282059209752,-1.8755653950493394,2.023460785491237,-0.44338565822374165,-1.5850234670286714,2.608310522804159
445,0.08784706073717055,0.07793124144980558,2.829562834241723,-1.9315461212412777,0.5010208564578846,-1.8619964983989576,2.0193931819784483,-0.42308961500807907,-1.5916259745389052,2.6058063797173507
446,0.07847889347601267,0.08095310364755798,2.836649145120154,-1.9366372283334143,0.4836131053324,-1.8487129718292505,2.015116121809427,-0.402660001684842,-1.5978231902301818,2.6030495593765512
447,0.06909460517522305,0.08390691290311299,2.84385480353071,-1.9415346733165766,0.4660119154128712,-1.8357005489754596,2.0106292784917996,-0.3821050025097582,-1.6036299546734165,2.6000506456600614
448,0.059694402071017436,0.08679145326799678,2.851179189993235,-1.9462379664503477,0.44822432694058495,-1.8229453195202048,2.005932368521365,-0.36143287367258814,-1.609060797666146,2.5968201785720497
449,0.050278514180062975,0.08960551494555236,2.858621637757568,-1.950746637409333,0.4302574547137687,-1.810433727268505,2.001025151589396,-0.34065193976821634,-1.6141299421535136,2.593368633942679
450,0.04084719543415232,0.09234789502837995,2.8661814308835702,-1.955060235330194,0.41211848524175654,-1.7981525653422639,1.9959074307643463,-0.3197705902133766,-1.618851310953752,2.5897064060473003
451,0.03140072379029058,0.09501739825873051,2.873857802406218,-1.9591783288567337,0.39381467387048763,-1.7860889689586406,1.9905790526470244,-0.2987972756117571,-1.6232385358147274,2.5858437928274154
452,0.021939401315336934,0.09761283781016002,2.881649932594913,-1.9631005061830311,0.37535334188046116,-1.7742304061965488,1.985039907498368,-0.27774050407030115,-1.627304968388124,2.5817909834266266
453,0.012463554244424963,0.10013303608863944,2.889556947316273,-1.9668263750946215,0.3567418735583286,-1.7625646671013775,1.9792899293390465,-0.25660883746968915,-1.631063692761936,2.5775580477841262
454,0.0029735330124749278,0.10257682555120821,2.8975779165096878,-1.970355563007719,0.33798771324326765,-1.7510798514294241,1.973329096020194,-0.23541088769205942,-1.6345275392404748,2.573154928056094
455,-0.006530287741793022,0.10494304954015866,2.9057118527849197,-1.973687717006473,0.3190983623493521,-1.7397643552903157,1.96715742926468,-0.21415531280919348,-1.6377090991043506,2.568591431661488
456,-0.01604750919983421,0.10723056313064667,2.9139577101509433,-1.9768225038782612,0.3000813763650833,-1.7286068569072703,1.960774994678427,-0.19285081323443665,-1.6406207401213724,2.5638772257730613
457,-0.02557770841562647,0.10943823398954067,2.922314382885063,-1.9797596101470079,0.2809443618313017,-1.7175963016812124,1.9541819017313813,-0.17150612784176106,-1.643274622613311,2.5590218330969106
458,-0.035120438396661596,0.11156494324324716,2.9307807045511534,-1.982498742104534,0.2616949732986626,-1.706721886714927,1.9473783037078722,-0.15013003005541542,-1.6456827159135061,2.5540346288045987
459,-0.04467522821374062,0.11360958635218868,2.939355447175572,-1.9850396258399263,0.2423409102659238,-1.6959730449273882,1.9403643976261857,-0.12873132391373512,-1.6478568150766257,2.548924838500793
460,-0.054241583139617064,0.11557107398955833,2.9480373205889476,-1.987382007266929,0.22288991410024592,-1.6853394288655676,1.933140424127312,-0.10731884011068758,-1.6498085577250707,2.543701537126694
461,-0.06381898481641626,0.11744833292193577,2.9568249719416304,-1.9895256521493512,0.20334976494075557,-1.6748108943012632,1.9257066673329348,-0.0859014320188198,-1.6515494409366926,2.5383736487151976
462,-0.07340689145164317,0.11924030688932256,2.9657169854000984,-1.9914703461244907,0.183728278586583,-1.6643774836832836,1.9180634546728474,-0.06448797169726043,-1.6530908380962046,2.5329499469280434
463,-0.08300473804247661,0.1209459574821407,2.974711882031055,-1.993215894724571,0.16403330337065347,-1.6540294095005519,1.9102111566820945,-0.043087345888512776,-1.6544440156479796,2.5274390563180495
464,-0.09261193662793643,0.12256426501273666,2.9838081198793316,-1.9947621233961865,0.14427271702045727,-1.6437570375989194,1.90215018676825,-0.021708452007720605,-1.6556201497013348,2.5218494542712357
465,-0.10222787656840158,0.12409422937894558,2.99300409424502,-1.996108877517759,0.12445442350706172,-1.6335508704836228,1.8938810009493574,-0.00036019412811613694,-1.6566303424509439,2.5161894735941255
466,-0.11185192485185386,0.12553487091729387,3.002298138164517,-1.9972560224149978,0.10458634988363526,-1.6234015306300522,1.8854040975631439,0.020948521033658615,-1.6574856383850172,2.5104673057209843
467,-0.12148342642612388,0.12688523124345635,3.01168852309936,-1.9982034433743696,0.08467644311472142,-1.613299743817685,1.8767200169482456,0.042208788128734936,-1.6581970402625412,2.504691004524305
468,-0.13112170455632452,0.1281443740776326,3.021173459835884,-1.998951045654568,0.06473266689756589,-1.6032363224955564,1.8678293410982436,0.06341170718006671,-1.6587755248481457,2.4988684907193957
469,-0.14076606120657215,0.12931138605256726,3.0307510995978393,-1.999498754495988,0.04476299847674028,-1.5932021491822361,1.8587326932894157,0.08454838757582697,-1.6592320583995104,2.493007556860844
470,-0.1504157774450193,0.13038537750201062,3.040419535373187,-1.9998465151282017,0.024775425453357765,-1.5831881598989876,1.8494307376831824,0.10560995204865287,-1.6595776119074115,2.48711587293463
471,-0.16007011387115372,0.13136548322749592,3.0501768034553294,-1.999994292775436,0.0047779425901285115,-1.5731853276313745,1.8399241789042822,0.1265875406373674,-1.6598231760928819,2.481200992555072
472,-0.1697283110642578,0.13225086324139895,3.0600208851980604,-1.999942072660049,-0.015221451386431743,-1.5631846458120962,1.8302137615957912,0.1474723146278307,-1.65997977616943,2.475270359780486
473,-0.1793895900518706,0.13304070348434355,3.0699497089825445,-1.9996898600040087,-0.03521475698538918,-1.5531771118160986,1.820300269952138,0.16825546046973272,-1.6600584863809429,2.4693313165654978
474,-0.18905315279705093,0.1337342165151185,3.0799611523936403,-1.9992376800283709,-0.05519397715107451,-1.5431537104581057,1.81018452723132,0.188928193666193,-1.6600704443278405,2.4633911108714512
475,-0.19871818270320363,0.13433064217138127,3.090053044601915,-1.998585577950756,-0.0751511204618093,-1.5331053974825013,1.7998673952475523,0.20948176263319057,-1.66002686509517,2.4574569054591406
476,-0.20838384513520414,0.13482924819953643,3.100223168946741,-1.9977336189808284,-0.09507820432636097,-1.5230230830361118,1.789349773845624,0.2299074525258974,-1.659939055196733,2.451535787390377
477,-0.21804928795553444,0.13522933085229183,3.110469265714926,-1.9966818883137751,-0.11496725817687632,-1.5128976151157174,1.7786326003582407,0.25019658902916814,-1.6598184263489424,2.445634778266458
478,-0.22771364207412947,0.1355302154525138,3.1207890351084533,-1.9954304911217866,-0.1348103266569955,-1.5027197629842826,1.7677168490476571,0.2703405421095093,-1.6596765090868502,2.4397608452325312
479,-0.23737602201062413,0.1357312569221201,3.131180140394045,-1.993979552543539,-0.15459947280389894,-1.4924802005528235,1.756603530532915,0.29033072972601903,-1.659524966232718,2.433920912777087
480,-0.2470355264676861,0.13583184027486675,-3.1415450959530964,-1.9923292176716814,-0.17432678122297965,-1.4821694897287272,1.7452936912039954,0.3101586214978464,-1.6593756062243692,2.4281218753551896
481,-0.2566912389141193,0.13583138107200182,-3.131018460042651,-1.9904796515383252,-0.19398436125389898,-1.4717780637361624,1.7337884126242058,0.32981574232590083,-1.6592403963064888,2.422370610862686
482,-0.2663422281764247,0.13572932583987254,-3.120427686002886,-1.9884310390985427,-0.21356435012673866,-1.4612962104201923,1.722088810922118,0.3492936759666112,-1.6591314755826936,2.416673994986214
483,-0.2759875490375067,0.1355251524486834,-3.109775223472999,-1.9861835852118708,-0.2330589161070144,-1.450714055553347,1.710196036174364,0.3685840685556978,-1.659061167919652,2.4110389164504373
484,-0.28562624284121924,0.13521837045171092,-3.0990635408584097,-1.9837375146218252,-0.25246026162825813,-1.4400215461719812,1.698111271780606,0.38767863207996905,-1.6590419946864285,2.4054722931792143
485,-0.2952573381014452,0.13480852138438423,-3.0882951212823886,-1.9810930719334263,-0.2717606264109441,-1.4292084339797944,1.6858357338319812,0.4065691477953284,-1.6590866873025942,2.3999810893814413
486,-0.30487985111440563,0.13429517902274044,-3.077472458424835,-1.9782505215887396,-0.2909522905664908,-1.4182642588677388,1.673370670474334,0.4252474695892312,-1.6592081995570964,2.394572333564653
487,-0.3144927865728904,0.13367794960085935,-3.0665980522596223,-1.9752101478404307,-0.31002757768512307,-1.4071783326133003,1.6607173612675403,0.44370552728598245,-1.659419719646322,2.389253137470082
488,-0.32409513818109786,0.13295647198697294,-3.0556744047020405,-1.9719722547233407,-0.32897885790632714,-1.3959397228381787,1.6478771165422428,0.4619353298933001,-1.6597346818638619,2.384030715911383
489,-0.33368588926875703,0.13213041781803259,-3.0447040151778757,-1.9685371660240831,-0.347798550970695,-1.384537237321871,1.634851276755326,0.4799289687887276,-1.6601667778560047,2.378912407485387
490,-0.3432640134031923,0.13119949159260003,-3.0336893761255506,-1.964905225248665,-0.36647912925192844,-1.372959408789994,1.6216412118454726,0.49767862084452846,-1.6607299673355567,2.3739056961066765
491,-0.35282847499796466,0.1301634307220078,-3.022632968442562,-1.9610767955881379,-0.38501312076778266,-1.3611944803206513,1.6082483205901732,0.5151765514897905,-1.6614384881219106,2.3690182332980987
492,-0.3623782299166966,0.12902200553981213,-3.011537256887136,-1.957052259882277,-0.4033931121687696,-1.3492303915401058,1.5946740299655804,0.5324151177085817,-1.6623068653470303,2.36425786114611
493,-0.37191222607065044,0.12777501926963503,-3.0004046854456243,-1.9528320205812995,-0.42161175170339216,-1.337054765810933,1.580919794510649,0.5493867709730271,-1.6633499196346913,2.3596326358025514
494,-0.3814294040085874,0.12642230795156548,-2.989237672675651,-1.9484164997056181,-0.43966175215875003,-1.3246548986519633,1.5669870956970309,0.5660840601103155,-1.6645827740236876,2.355150851382643
495,-0.39092869749738374,0.12496374032736053,-2.978038607034437,-1.9438061388036416,-0.4575358937753214,-1.3120177476702315,1.5528774413062578,0.5824996341026819,-1.6660208593642056,2.3508210640719285
496,-0.40040903409182454,0.12339921768475756,-2.96680984220103,-1.9390013989076176,-0.47522702713477977,-1.2991299243311092,1.538592364815793,0.5986262448195373,-1.6676799178699206,2.3466521162121197
497,-0.40986933569192957,0.12172867366128043,-2.9555536924003944,-1.934002760487532,-0.4927280760196602,-1.2859776879442872,1.5241334247956024,0.6144567496809406,-1.6695760044561072,2.3426531600864986
498,-0.41930851908609745,0.11995207400799301,-2.9442724277364705,-1.928810723403061,-0.5100320402437544,-1.272546942300503,1.5095022043169635,0.6299841142517474,-1.6717254854359676,2.338833681069146
499,-0.42872549647827607,0.11806941631372679,-2.932968269540359,-1.9234258068535868,-0.527131998452086,-1.2588232354572375,1.4947003103753107,0.6452014147658128,-1.6741450340831217,2.3352035197380623
500,-0.4381191759972848,0.1160807296903838,-2.9216433857388022,-1.917848549326277,-0.5440211108893698,-1.2447917632410141,1.479729373328992,0.6601018405797536,-1.676851622497788,2.3317728924796373
501,-0.44748846218632654,0.11398607441999346,-2.9102998862470315,-1.9120795085422362,-0.5606926221358159,-1.2304373771094976,1.4645910463559098,0.6746786965558094,-1.6798625091375339,2.3285524100303165
502,-0.456832256470634,0.11178554156428194,-2.898939818388936,-1.906119261400735,-0.5771398638092112,-1.2157445970978271,1.449287004930101,0.6889254053734932,-1.683195221291109,2.3255530933103894
503,-0.4661494576010976,0.10947925253759638,-2.8875651623462852,-1.8999684039215217,-0.5933562572321769,-1.200697630660021,1.433818946320424,0.7028355097697733,-1.6868675316862642,2.322786385804355
504,-0.47543896207161923,0.10706735864411368,-2.8761778266374876,-1.8936275511852179,-0.6093353160635608,-1.1852803983066504,1.4181885891135986,0.7164026747076745,-1.6908974283308371,2.3202641616324997
505,-0.48469966450783175,0.10455004058035522,-2.864779643625052,-1.8870973372718132,-0.625070648892882,-1.16947656703277,1.4023976727639815,0.7296206894732372,-1.6953030765922819,2.317998728339705
506,-0.49393045802471286,0.10192750790412523,-2.853372365049553,-1.8803784151972567,-0.6405559617968117,-1.153269592622839,1.3864479571725439,0.7424834697009369,-1.7001027724267141,2.3160028233014014
507,-0.5031302345505088,0.09919999847109144,-2.8419576575864745,-1.8734714568481579,-0.6557850608566534,-1.136642772009011,1.370341222297649,0.7549850593277448,-1.7053148855774634,2.3142896025148647
508,-0.5122978851142654,0.0963677778403331,-2.8305370984208413,-1.8663771529145952,-0.6707518546358369,-1.119579306941384,1.3540792678003297,0.76711963247617,-1.7109577914794574,2.312872620409804
509,-0.5214323000941435,0.09343113865029352,-2.819112170833027,-1.8590962128210502,-0.6854503566164047,-1.1020623802982807,1.3376639127269065,0.7788814952666983,-1.7170497905347462,2.3117657991795277
510,-0.5305323694235656,0.09039039996669214,-2.8076842597875316,-1.8516293646554642,-0.6998746875935437,-1.0840752464144137,1.3210969952318985,0.7902650875602358,-1.723609013373118,2.310983386008733
511,-0.539596982752113,0.08724590660407543,-2.7962546475149046,-1.8439773550964327,-0.7140190780271819,-1.06560133682667,1.3043803723443197,0.8012649846312573,-1.7306533106882347,2.310539896463461
512,-0.5772354257527877,0.07370531688101914,-2.8426447775030166,-1.836140949338534,-0.7278778703497366,-1.0466243828210473,1.2589055235857463,0.8015831872307557,-1.7960203946819693,2.335180502976011
513,-0.6154612962603444,0.06192472194206784,-2.7826447883232577,-1.828120931015814,-0.7414455212290605,-1.0271285560983872,1.2126596347554695,0.8033702431711284,-1.7555162322248705,2.279864991393813
514,-0.652911968663701,0.047873150018398175,-2.722644799287797,-1.8199181021234212,-0.754716603785701,-1.007098628747356,1.1670061334597202,0.8025897538040992,-1.7155461705404411,2.2246690296985534
515,-0.6894526608496351,0.03160117175669058,-2.662644810355523,-1.811533282937409,-0.7676858097635824,-0.9865201535059736,1.1220806220877737,0.799286981520273,-1.6761246568495494,2.169635560777822
516,-0.6725521089514983,0.04037719311880396,-2.6026448186874984,-1.8029673119327096,-0.7803479516532316,-0.9653796649918884,1.1304152029812113,0.8207251447720355,-1.63726515369561,2.1522233801113773
517,-0.6607056925704206,0.04746135366138184,-2.5426448271618756,-1.7942210456992849,-0.79269796476672,-0.9436649021705272,1.1335153531288644,0.8401593184281019,-1.5989799249913483,2.132477792767316
518,-0.6474154469600971,0.0565331860393644,-2.4826448357613655,-1.7852953588564693,-0.804730909263467,-0.9213650517940357,1.137879911896372,0.8612640953028314,-1.5612797839673298,2.1152165609176223
519,-0.6337327264579389,0.06712936304117666,-2.4226448444984903,-1.7761911439655085,-0.8164419721261122,-0.8984710118695688,1.1424584175075696,0.8835713351672889,-1.5241738326289216,2.099765561231525
520,-0.6193831859666104,0.07968819608863677,-2.362644853348735,-1.7669093114403063,-0.8278264690856536,-0.8749756733946423,1.147526125473696,0.9075146651742904,-1.4876691799540929,2.0865183117184376
521,-0.6043284687369133,0.09454993861218636,-2.302644862264226,-1.7574507894563798,-0.8388798464951001,-0.8508742176279203,1.1531223207194665,0.9334297851072864,-1.451770644636306,2.0757216226880226
522,-0.5884944693070288,0.11217750728226845,-2.242644871160681,-1.7478165238580448,-0.8495976831508637,-0.8261644250538847,1.1593220545510161,0.9617751904331322,-1.4164804461067961,2.0677175816111797
523,-0.5718217731244097,0.13314240044220157,-2.182644879960782,-1.7380074780638322,-0.8599756920611862,-0.8008469909691761,1.1661857049394224,0.9931180925033878,-1.3817978889916058,2.0629197876030667
524,-0.5774707340634517,0.1250917085922578,-2.189924445374911,-1.7280246329701487,-0.8700097221608728,-0.7749258413027453,1.150553898906697,0.9951014307531306,-1.4149986040721658,2.077551968375883
525,-0.5831930400741187,0.11706145655390003,-2.1966132206788918,-1.717868986853184,-0.8796957599716702,-0.7484084409343449,1.1346759467790655,0.9967572165255701,-1.4482047797445468,2.092441525340606
526,-0.5889822385305615,0.10905124508269257,-2.2027318961039413,-1.7075415552690867,-0.8890299312075991,-0.721306085468987,1.118559316738525,0.9980811762902917,-1.4814258106349543,2.1075965961120264
527,-0.5948321706435717,0.10106044559046158,-2.208300240465374,-1.6970433709524082,-0.8980085023246204,-0.6936341662499572,1.1022112003088365,0.9990689479150819,-1.514666074215417,2.123021810804952
528,-0.6007369598098651,0.09308823211408424,-2.213337128935102,-1.6863754837128333,-0.9066278820139979,-0.6654123974581106,1.0856385239029682,0.9997161141280821,-1.547924731476991,2.1387179074734664
529,-0.6066909992275916,0.08513361001319315,-2.2178605683888453,-1.6755389603301956,-0.9148846226387805,-0.6366649935694167,1.068847961102604,1.0000182326519735,-1.5811955748194286,2.154681386056443
530,-0.6126889390044363,0.07719544168068421,-2.2218877204321665,-1.6645348844478025,-0.9227754216128066,-0.6074207853483693,1.0518459454433662,0.9999708632934907,-1.6144669350837972,2.1709042136539436
531,-0.6187256729436085,0.06927246953232444,-2.2254349221887324,-1.6533643564640714,-0.9302971227216964,-0.5777132630548064,1.034638683520463,0.9995695922540209,-1.6477216591339259,2.1873735943306265
532,-0.6247963251576251,0.06136333652417072,-2.228517704914237,-1.642028493422494,-0.9374467173852932,-0.5475805367263731,1.017232168264869,0.9988100539094639,-1.6809371681878638,2.2040718162843307
533,-0.6308962366293116,0.05346660442927652,-2.2311508104799045,-1.6305284288999269,-0.9442213458610588,-0.5170652053199697,0.9996321922706153,0.9976879502903353,-1.714085605159935,2.2209761880296663
534,-0.6370209518132133,0.04558077008854599,-2.233348205750197,-1.6188653128932389,-0.95061829838793,-0.48621412915210704,0.9818443610800256,0.996199068476476,-1.74713407659809,2.238059073176645
535,-0.6431662053480302,0.03770427983478507,-2.235123094860019,-1.6070403117043106,-0.9566350162701883,-0.4550781034039326,0.9638741063562805,0.9943392961049734,-1.7800449914560865,2.2552880304498917
536,-0.6493279089312366,0.0298355422741398,-2.2364879293770703,-1.5950546078234087,-0.9622690929009017,-0.4237114343156453,0.9457266988921721,0.9921046351750414,-1.8127764950614251,2.2726260618897407
537,-0.6555021383902484,0.021972939595306048,-2.237454416314755,-1.582909399810932,-0.9675182747245379,-0.3921714238816628,0.9274072614206836,0.9894912143198439,-1.8452829924330922,2.2900319678805356
538,-0.6616851209699428,0.014114837564216347,-2.238033523939895,-1.5706059021775611,-0.972380462138356,-0.3605177731102454,0.9089207812076183,0.9864952997025724,-1.8775157508296498,2.3074608030169785
539,-0.6678732228436475,0.006259594350416241,-2.2382354852970874,-1.5581453452628062,-0.9768537103322188,-0.32881191793031006,0.8902721224191588,0.983113304682635,-1.9094235673667774,2.324864422158074
540,-0.6740629368435586,-0.0015944316789205104,-2.2380697993475134,-1.5455289751119743,-0.9809362300664917,-0.29711631530754834,0.8714660382684157,0.9793417983875712,-1.940953484039965,2.3421921016712375
541,-0.6802508703966255,-0.009448875070377359,-2.2375452295939224,-1.5327580533515686,-0.9846263883877127,-0.265493699789787,0.8525071829549431,0.9751775133173353,-1.9720515298041355,2.3593912171728504
542,-0.686433733642979,-0.017305357181788623,-2.236669800034905,-1.519833857063122,-0.9879227092817555,-0.23400633231352022,0.833400123420143,0.9706173520999669,-2.002663467721385,2.3764079563198113
543,-0.6926083277057242,-0.025165480752839094,-2.2354507882599206,-1.506757678655493,-0.9908238742642128,-0.20271526353027572,0.8141493509497688,0.9656583935113737,-2.032735524729645,2.3931880436164645
544,-0.698771533073139,-0.03303082504060492,-2.233894715461218,-1.4935308257356246,-0.9933287229077735,-0.17167963311530354,0.7947592926624856,0.9602978978671686,-2.0622150823459147,2.4096774538880603
545,-0.7049202980467855,-0.040902941415157615,-2.232007333099099,-1.4801546209777887,-0.9954362533063774,-0.1409560245718928,0.7752343229310033,0.9545333118912198,-2.091051308527206,2.425823092035702
546,-0.7110516272015438,-0.04878334931195694,-2.2297936059121164,-1.466630401991313,-0.997145622475965,-0.11059789210988624,0.7555787747897692,0.9483622731640081,-2.11919571380223,2.4415734188165135
547,-0.7171625697958955,-0.056673532437506315,-2.22725769091284,-1.452959521186826,-0.99845614669166,-0.08065507250195922,0.7357969513909305,0.9417826142541538,-2.146602618410881,2.4568790054774827
548,-0.7232502080627078,-0.06457493512240875,-2.2244029119516915,-1.439143345641015,-0.9993673017612495,-0.05117339069845843,0.7158931375783072,0.9347923666388408,-2.173229521253233,2.4716930038345204
549,-0.7293116453020758,-0.07248895871124784,-2.2212317293648236,-1.425183256959923,-0.9998787232348542,-0.022194363718999813,0.6958716116578472,0.9273897645236063,-2.199037365645824,2.4859715225160897
550,-0.7353439936882347,-0.08041695787124657,-2.217745704145658,-1.4110806511407838,-0.9999902065507035,0.006244996773392763,0.6757366574525492,0.9195732486794569,-2.223990700919051,2.499673904269604
551,-0.7413443616919132,-0.08836023669094079,-2.2139454559918974,-1.396836938432427,-0.9997017071169574,0.03411228652508152,0.6554925767405139,0.9113414704260165,-2.2480577425169788,2.5127629031746523
552,-0.7473098410075065,-0.0963200444255245,-2.209830614478716,-1.3824535431942528,-0.9990133403295429,0.061379721814441665,0.6351437021867463,0.9026932959040184,-2.2712103362931577,2.5252047640899193
553,-0.7532374928608061,-0.10429757072629285,-2.2053997624923456,-1.3679319037538011,-0.9979253815259969,0.08802407252366619,0.614694410892995,0.893627810799704,-2.2934238350160117,2.5369692095169993
554,-0.7591243335574555,-0.1122939401667301,-2.2006503709240404,-1.3532734722629136,-0.9964382658753348,0.11402652573356668,0.5941491387054582,0.8841443257086047,-2.3146768966576072,2.5480293412022657
555,-0.7649673191144737,-0.12031020584600388,-2.195578723469924,-1.338479714552524,-0.9945525882039893,0.13937249138381436,0.5735123954380503,0.8742423823579855,-2.3349512148537386,2.5583614651919313
556,-0.7707633287967977,-0.12834734181034768,-2.1901798302047535,-1.3235521099860739,-0.9922691027578862,0.16405136184929442,0.5527887811892762,0.8639217609475385,-2.3542311920540477,2.5679448497363886
557,-0.776509147357526,-0.13640623398204382,-2.1844473283944303,-1.3084921513115828,-0.9895887229007583,0.18805623702960433,0.5319830039540568,0.8531824889187145,-2.3725035654240347,2.5767614254803006
558,-0.782201445754149,-0.14448766922196066,-2.178373368780612,-1.293301344512367,-0.9865125207488105,0.21138362585071127,0.5110998987582179,0.8420248515268498,-2.3897569946313233,2.584795436874804
559,-0.7878367600833642,-0.15259232207172554,-2.1719484853089206,-1.2779812086564475,-0.9830417267418881,0.234033134057412,0.49014444857308326,0.8304494046701625,-2.4059816193663326,2.592033052820253
560,-0.7934114684441381,-0.16072073862175879,-2.165161445979142,-1.2625332757446417,-0.979177729151317,0.25600714694934407,0.46912180730050357,0.8184569905295582,-2.421168592928486,2.5984619433070204
561,-0.7989217654028499,-0.1688733168267811,-2.1579990821725707,-1.2469590905573706,-0.9749220735246148,0.2773105143849678,0.44803732515452077,0.8060487566978337,-2.4353095965575386,2.6040708273760496
562,-0.8043636336965685,-0.17705028243524062,-2.150446093462948,-1.2312602105001726,-0.97027646206729,0.2979502440332553,0.42689657680360416,0.7932261796320494,-2.4483963374962032,2.6088489961676804
563,-0.8097328127725838,-0.18525165950644815,-2.14248482455373,-1.2154382054479715,-0.9652427529619856,0.3179352075580311,0.40570539267538774,0.7799910934555374,-2.460420032111761,2.6127858132523403
564,-0.8150247637274782,-0.19347723425098687,-2.1340950106253938,-1.1994946575880876,-0.9598229596252282,0.3372758632229733,0.38446989386060937,0.7663457253742414,-2.4713708738483673,2.615870192916805
565,-0.820234630182743,-0.20172651063715555,-2.1252534870562982,-1.1834311612620187,-0.954019249902089,0.35598399733641756,0.36319653107927574,0.7522927392649335,-2.481237484392716,2.6180900556883544
566,-0.8253571946250661,-0.20999865584943778,-2.115933859255585,-1.1672493228060146,-0.9478339451990766,0.3740724860305142,0.3418921281809485,0.7378352893496388,-2.490006345286099,2.61943175919641
567,-0.8303868297619749,-0.21829243325584827,-2.1061061283067803,-1.1509507603904343,-0.9412695195556019,0.39155507809344553,0.32056393062845945,0.7229770862997537,-2.4976612064002257,2.61987950159756
568,-0.8353174445192775,-0.226606120034598,-2.0957362684064456,-1.1345371038579373,-0.9343285986543979,0.4084461989420335,0.2992196593386598,0.7077224786197999,-2.504182467348479,2.619414694364757
569,-0.840142424468919,-0.23493740603020136,-2.0847857529078673,-1.1180099945604975,-0.92701395877128,0.4247607753253133,0.2778675700915786,0.6920765527410786,-2.5095465282331806,2.618015301469757
570,-0.8448545667742748,-0.24328326977478923,-2.0732110274670426,-1.1013710851952752,-0.9193285256646756,0.4405140799735253,0.2565165184210003,0.6760452558898864,-2.513725107440568,2.615655143173723
571,-0.8494460102478361,-0.2516398269723303,-2.0609629318102827,-1.0846220396393396,-0.9112753734053558,0.4557215951360275,0.2351760293915035,0.6596355464330255,-2.5166845269463103,2.612303165233569
572,-0.8539081619391243,-0.26000214620520345,-2.0479860766804983,-1.0677645327832885,-0.90285772314685,0.470398893769609,0.2138563708441642,0.6428555769416465,-2.518384970450107,2.607922678981223
573,-0.8582316229555087,-0.2683640263763182,-2.0342181905248267,-1.0508002503637583,-0.894078941837027,0.48456153703014543,0.19256862740824965,0.6257149154607088,-2.518779727554972,2.6024705853541934
574,-0.8624061181614919,-0.2767177307794424,-2.0195894627403868,-1.0337308887948575,-0.8849425408713637,0.498224986670857,0.1713247706333656,0.6082248100919213,-2.5178144494112438,2.5958966077846735
575,-0.8664204372470465,-0.28505367424358796,-2.0040219284223366,-1.0165581549985165,-0.8754521746884284,0.5114045309468265,0.15013771775147,0.5903985004448404,-2.515426459369163,2.5881425764655277
576,-0.8702623986707617,-0.2933600633749744,-1.9874289654283563,-0.9992837662338049,-0.865611639308158,0.5241152226565137,0.12902136756304317,0.5722515759331837,-2.51154418808487,2.579141831724021
577,-0.8737842057476982,-0.30131823559432064,-1.9697150099489587,-0.9819094499252019,-0.8554248708134978,0.5363718280074358,0.10812524417750369,0.5541066352191772,-2.5060868379563943,2.568890124353442
578,-0.8769785022356356,-0.30889629261581314,-1.9507892321947,-0.9644369434898631,-0.8448959437760261,0.5481887850668954,0.08745844125422753,0.535999651160213,-2.4989780172615954,2.557310254104336
579,-0.8798564909595739,-0.31610199199940725,-1.9305574268633356,-0.9468679941638701,-0.8340290696261731,0.5595801706434279,0.06701150320429627,0.5179270776267658,-2.4901375975067634,2.544312137654784
580,-0.8824299101005643,-0.32294382396630134,-1.9089221443750781,-0.9292043588275147,-0.8228285949687089,0.570559674535322,0.04677444872695047,0.4998847710024075,-2.4794818189104,2.529802902133102
581,-0.8847110427901196,-0.3294311414645068,-1.8857850384527475,-0.9114478038296094,-0.8112989998441578,0.581140580175409,0.026736761039489854,0.48186785837965096,-2.4669256186281565,2.5136892200855274
582,-0.8867127114677528,-0.3355743018246372,-1.8610501206596597,-0.89360010481086,-0.7994448959368459,0.5913357507932551,0.006887393343107284,0.46387059411220866,-2.4523858714529148,2.495880571415818
583,-0.8884482497843577,-0.3413848175926644,-1.8346279781309962,-0.8756630465262938,-0.7872710247302823,0.6011576203049405,-0.01278520325806387,0.4458862071376179,-2.4357855984359364,2.4762934908216825
584,-0.8899314432043358,-0.3468755122592308,-1.8064408817788369,-0.8576384226667918,-0.7747822556106337,0.6106181882251972,-0.032293020537544015,0.42790674335140294,-2.417059070004034,2.4548567306606324
585,-0.8911764281599971,-0.3520606743198059,-1.7764285250566085,-0.8395280356797178,-0.7619835839190322,0.619729017975972,-0.051648392480279304,0.4099229095992263,-2.3961575430325803,2.4315170818425327
586,-0.8921975391399725,-0.35695620055112287,-1.7445539115068822,-0.8213336965886817,-0.7488801289535097,0.6285012380388306,-0.07086384255129075,0.3919239284023869,-2.3730551495457126,2.4062453724882085
587,-0.8930090940618493,-0.36157971686840945,-1.7108087072574532,-0.8030572248124292,-0.7354771319213411,0.6369455454658797,-0.08995186924942,0.37389741505293167,-2.347754252723333,2.379041959895879
588,-0.8936251112701089,-0.36595066305231005,-1.6752172701488284,-0.7847004479829077,-0.721779953842635,0.6450722113249574,-0.10892466328720118,0.355829290790325,-2.320289481473786,2.349940923575413
589,-0.8940589568242109,-0.3700903264892761,-1.6378386329829961,-0.7662652017625027,-0.7077940734059962,0.6528910877099849,-0.1277937550617082,0.3377037469167201,-2.290729720692981,2.319012228898439
590,-0.8943229281728838,-0.37402181030892245,-1.5987659807961307,-0.747753329660472,-0.6935250847771224,0.6604116159967486,-0.1465695985124118,0.3195032744681999,-2.2591775967928793,2.286361389512787
591,-0.8944277889403157,-0.37776992323710834,-1.5581235714064334,-0.7291666828486026,-0.6789786953612166,0.6676428360684155,-0.16526110609171307,0.30120877212410824,-2.2257664074748487,2.252126563547143
592,-0.8943822778922724,-0.3813609821886444,-1.5160614878535945,-0.7105071199760853,-0.6641607235200951,0.6745933962741206,-0.18387515791618714,0.28279974133145075,-2.1906548841277154,2.2164734577135032
593,-0.8941926215297197,-0.3848225238876681,-1.4727489468235084,-0.6917765069836577,-0.6490770962449237,0.6812715639183997,-0.202416114546062,0.26425457235725563,-2.1540205107419084,2.1795887509198777
594,-0.8938620828301544,-0.38818292813545824,-1.4283670301187243,-0.6729767169170084,-0.6337338467854989,0.6876852361095336,-0.220885365913146,0.2455509186500407,-2.116052266228258,2.1416728956435453
595,-0.8933905778209266,-0.39147096203424403,-1.3831016475350724,-0.6541096297394813,-0.6181371122370333,0.6938419508213524,-0.2392809480814453,0.22666615020278924,-2.076943598356425,2.102933100818056
596,-0.8927743871833707,-0.39471526070800333,-1.3371373382895513,-0.6351771321440697,-0.6022931310853911,0.6997488980461777,-0.257597255039301,0.20757787037738773,-2.0368862363357287,2.063577102472337
597,-0.8920059828864626,-0.39794376507352963,-1.2906522613330127,-0.6161811173647562,-0.5862082407117827,0.7054129309366325,-0.2758248655217064,0.18826447563825305,-1.9960651922696453,2.0238080741557165
598,-0.8910739811951017,-0.40118314044074255,-1.2438144871315508,-0.5971234849871871,-0.5698888748578939,0.71084057685146,-0.2939504962079146,0.1687057344171513,-1.9546550639830107,1.983820792864249
599,-0.8899632245351122,-0.4044582008874998,-1.1967795270056676,-0.5780061407587223,-0.5533415610524803,0.7160380482354703,-0.31195708377639,0.14888336016498055,-1.9128175752411378,1.9437990002064696
600,-0.8886549866224216,-0.4077913634999201,-1.1496889310799978,-0.5588309963978517,-0.5365729180004349,0.7210112532766491,-0.3298239902245699,0.12878155450051482,-1.8707001843566469,1.903913793494658
601,-0.8871272886348818,-0.4112021539912815,-1.1026697419292832,-0.5395999694030323,-0.5195896529353996,0.7257658062944856,-0.34752731923184943,0.10838749894411809,-1.8284355482237689,1.8643228372650995
602,-0.8853705166253453,-0.41467670435572324,-1.0558345895877401,-0.5203149828609361,-0.5023985589369582,0.7303070378230215,-0.36505553376440913,0.08772185458123494,-1.7861416274107618,1.8251746710035053
603,-0.8834207031756737,-0.4181222675291554,-1.009284643820932,-0.5009779652541498,-0.48500651221350166,0.7346400043601177,-0.38244273792152383,0.06688424468434628,-1.7439246481810495,1.7866194694196367
604,-0.8812661433479455,-0.4215473282627353,-0.9631160964943728,-0.4815908502683184,-0.467420469351827,0.7387694977612211,-0.3996752930796271,0.04587314108909174,-1.701885594255594,1.7487879405194848
605,-0.878895317073869,-0.42495627641399725,-0.917412147116634,-0.4621555765987845,-0.44964746453460147,0.7427000542616012,-0.41673974047508455,0.024691188120604224,-1.6601122013782352,1.7117985241338824
606,-0.8762973425864428,-0.42834984562576645,-0.8722442213308785,-0.44267408775671735,-0.4316946067267801,0.7464359631158108,-0.4336232548297254,0.0033447611010136713,-1.6186801844466894,1.6757582922594523
607,-0.8734623395526221,-0.43172558751760837,-0.8276731767574246,-0.4231483318747701,-0.4135690768321209,0.7499812748470809,-0.450314007677852,-0.01815651068548746,-1.5776544516045055,1.6407638261062052
608,-0.8703817057660258,-0.4350783555904376,-0.7837504534807528,-0.4035802615122578,-0.39527812482090974,0.7533398091026414,-0.466801444253768,-0.03980023076952788,-1.5370902625833942,1.6069020262777065
609,-0.8670483143561001,-0.43840078013648415,-0.7405191448942108,-0.38397183345991004,-0.37682906683007494,0.756515162113617,-0.48307648089619004,-0.061571713306409204,-1.4970343070078278,1.574250830913848
610,-0.8634566401863472,-0.4416837210260116,-0.6980149772337794,-0.36432500854419003,-0.35822928223682704,0.7595107137603188,-0.4991316316421571,-0.08345443878918457,-1.4575256909940981,1.5428798297233661
611,-0.8596028248590322,-0.4449166895690573,-0.6562671944554962,-0.3446417514312205,-0.3394862107070128,0.7623296342454584,-0.5149610734278116,-0.10543047886204449,-1.4185968287009545,1.5128507710344101
612,-0.8554846898248624,-0.4480882339708125,-0.6152993503625609,-0.3249240304303084,-0.32060734921933826,0.764974890379158,-0.530560659394554,-0.12748088475147423,-1.380274240741719,1.4842179654381398
613,-0.8511017067394249,-0.4511862854224235,-0.5751300130043361,-0.3051738172971223,-0.30160024906668353,0.7674492514806304,-0.5459278894423025,-0.14958603635573997,-1.3425792644849666,1.4570285941492505
614,-0.8464549335771718,-0.45419846376468026,-0.5357733880401352,-0.28539308703651545,-0.2824725128356836,0.7697552949021605,-0.5610618465406564,-0.17172595092899667,-1.3055286829422958,1.4313229334609032
615,-0.8415469242253859,-0.4571123430647936,-0.497239868479493,-0.2655838177050335,-0.263231791365801,0.7718954111815078,-0.5759631065203524,-0.1938805516989926,-1.269135279661001,1.4071345090217522
616,-0.8363816184174159,-0.4599156784620235,-0.45953651832296966,-0.2457479902131001,-0.24388578068908245,0.77387180882917,-0.5906336282043158,-0.21602989777294107,-1.2334083271521397,1.3844901953375548
617,-0.8309642179838955,-0.4625965963495784,-0.42266749737038545,-0.22588758812693474,-0.2244422189518554,0.7756865187570767,-0.6050766298569608,-0.238154377397723,-1.1983540161274622,1.3634102770045313
618,-0.8253010545415297,-0.46514375043382283,-0.3866344339961909,-0.2060045974701957,-0.20490888331957058,0.777341398355284,-0.619296457071334,-0.26023486711425226,-1.163975832351475,1.343908488737752
619,-0.81939945292672,-0.467546446499853,-0.3514367521195374,-0.1861010065253778,-0.18529358686603822,0.7788381352231183,-0.6332984464013423,-0.28225285963381475,-1.1302748873426558,1.3259920512368364
620,-0.8132675939313468,-0.4697947388569386,-0.31707195798705956,-0.1661788056349928,-0.16560417544830938,0.7801782505609888,-0.6470887882963541,-0.30419056340862927,-1.0972502085480484,1.3096617192864877
621,-0.806914379218842,-0.4718795014719974,-0.28353589178135963,-0.14623998700252616,-0.14584852456842748,0.7813631022287947,-0.6606743922163159,-0.32603097690356997,-1.0648989940101543,1.2949118571836977
622,-0.8003493006936128,-0.47379247675142705,-0.250822948492461,-0.12628654449322554,-0.1260345362233393,0.7823938874764594,-0.6740627562003872,-0.34775794052808773,-1.0332168359689204,1.2817305546121722
623,-0.793582316065684,-0.47552630482325925,-0.21892627195648232,-0.10632047343471225,-0.10617013574419806,0.7832716453517061,-0.6872618426309717,-0.3693561690790612,-1.0021979173081885,1.2700997934926803
624,-0.7866237318924345,-0.477074536020399,-0.18783792548153141,-0.08634377041745736,-0.08626326862634384,0.7839972587896967,-0.7002799614749772,-0.39081126739405514,-0.9718351842712282,1.2599956732279025
625,-0.7794840949862778,-0.4784316290858142,-0.1575490420467527,-0.06635843309511363,-0.06632189735120068,0.7845714563886423,-0.7131256618911641,-0.4121097317346135,-0.942120498435395,1.25138869829092
626,-0.7721740927458437,-0.47959293742317466,-0.12804995667518712,-0.0463664599847589,-0.04635399820139721,0.7849948138749364,-0.7258076327610848,-0.4332389392217775,-0.9130447705501236,1.2442441284817014
627,-0.7647044626929596,-0.48055468551041636,-0.09933032324162752,-0.026369850267042503,-0.026367558070356484,0.7852677552607884,-0.738334612425917,-0.45418712744005985,-0.8845980785024159,1.238522388626281
628,-0.7570859112726154,-0.48131393738585515,-0.0713792176791627,-0.006370603586275981,-0.006370571267652135,0.7853905536967359,-0.7507153076863394,-0.47494336611820304,-0.8567697713758986,1.2341795312505366
629,-0.749329041792316,-0.48186855891197433,-0.04418522928848323,0.013629280149540351,0.013628963678619457,0.7853633320208057,-0.7629583219418563,-0.49549752259059376,-0.8295485613092889,1.2311677430326302
630,-0.7414442912352005,-0.4822171753247056,-0.01773654162815346,0.033627800968699426,0.033623047221136695,0.7851860630054648,-0.7750720922038999,-0.5158402225458423,-0.8029226046336182,1.2294358837861812
631,-0.7334418755727858,-0.48235912538865594,0.007978995731993007,0.053622959035786476,0.053603681993068565,0.7848585693028844,-0.7870648346085724,-0.5359628073817245,-0.7768795735708914,1.2289300454483196
632,-0.7253317431233337,-0.48229441330316525,0.032973803482046704,0.07361275485165383,0.07356287600690768,0.7843805230883966,-0.7989444979749876,-0.5558572893100729,-0.7514067196063499,1.2295941180703585
633,-0.7171235354462255,-0.48202365934145874,0.05726051590251985,0.09359518945337977,0.09349264585116929,0.7837514454014016,-0.8107187248996053,-0.575516305192628,-0.7264909294988817,1.2313703500935715
634,-0.7088265552273912,-0.4815480500560793,0.08085193041596578,0.1135682646141561,0.11338501988364241,0.7829707051823518,-0.8223948198415474,-0.5949330699397217,-0.702118774766386,1.2341998911398282
635,-0.7004497405922403,-0.48086928874839535,0.10376096263136846,0.1335299830431127,0.13323204141994396,0.7820375180038213,-0.833979723635353,-0.6141013301683393,-0.6782765553724528,1.238023307017014
636,-0.692001645277572,-0.4799895467781035,0.12600060624782405,0.15347834858503784,0.15302577191607933,0.7809509444930636,-0.8454799938626099,-0.6330153186941828,-0.6549503382452395,1.2427810584696608
637,-0.6834904240998805,-0.4789114161798475,0.1475838972659752,0.17341136642000265,0.17275829414376465,0.7797098884428689,-0.8569017905198831,-0.6516697103236122,-0.6321259911768937,1.2484139372302812
638,-0.6749238231719599,-0.4776378639577452,0.16852388202642693,0.19332704326283448,0.1924217153572057,0.7783130946069631,-0.8682508664347943,-0.6700595793149509,-0.6097892125805362,1.25486345499265
639,-0.6663091743407518,-0.4761721883440211,0.18883358865550026,0.2132233875624471,0.21200817045009426,0.7767591461756517,-0.8795325619031988,-0.6881803587941153,-0.5879255575201514,1.2620721829053132
640,-0.6576533933452338,-0.4745179772342629,0.20852600155149154,0.23309840970098727,0.23150982510153895,0.7750464619269026,-0.890751803046221,-0.7060278023358019,-0.566520460375411,1.269984040972635
641,-0.6489629812223934,-0.47267906894820755,0.22761403859024865,0.2529501221928054,0.25091887890969955,0.7731732930475957,-0.9019131034151988,-0.7235979478579071,-0.5455592544573471,1.2785445382857281
642,-0.6402440285207649,-0.4706595154105365,0.24611053076833936,0.2727765398831953,0.2702275685118367,0.7711377196192538,-0.9130205684039602,-0.7408870839223732,-0.5250271888509145,1.287700966251242
643,-0.6315022219136338,-0.4684635478000663,0.26402820403622485,0.2925756801469099,0.28942817068955534,0.7689376467622203,-0.9240779020605436,-0.7578917184896217,-0.5049094427259955,1.297402547934003
644,-0.6227428528370424,-0.46609554467710695,0.28137966310340173,0.3123455630864238,0.30851300545799065,0.7665708004319635,-0.9350884159234663,-0.7746085501350977,-0.48519113732856173,1.3076005472921914
645,-0.613970827810513,-0.46356000256683594,0.29817737702307034,0.3320842117299144,0.32747443913769303,0.7640347228610073,-0.9460550395404275,-0.791034441704529,-0.4658573458379369,1.3182483424885476
646,-0.6051906801304404,-0.4608615089505286,0.31443366638607423,0.351789652228968,0.34630488740800797,0.7613267676398998,-0.9569803323594084,-0.8071663963585365,-0.4468931012538256,1.3293014676443458
647,-0.5964065826570114,-0.4580047175956901,0.33016069197310727,0.37145991405595574,0.3649968183406966,0.7584440944306824,-0.9678664967129671,-0.8230015359363867,-0.4282834024575751,1.3407176274047123
648,-0.5876223614449974,-0.4549943261398916,0.345370444730904,0.3910930302010885,0.38354275541260996,0.7553836633065133,-0.9787153916460858,-0.8385370815525015,-0.4100132185756093,1.3524566885450595
649,-0.578841509996634,-0.45183505583081623,0.3600747369526691,0.4106870373691092,0.40193528049619187,0.7521422287114786,-0.9895285473657431,-0.8537703363270082,-0.3920674917588095,1.3644806526066005
650,-0.5700672039409244,-0.44853163331612306,0.37428519455566134,0.43023997617563103,0.4201670368266409,0.7487163330352061,-1.0003071801165553,-0.8686986701427639,-0.3744311384795448,1.376753613237906
651,-0.5613023159679947,-0.44508877437073546,0.3880132503598868,0.4497498913430674,0.43823073194451173,0.7451022997977352,-1.0110522073110622,-0.8833195063152472,-0.3570890494378484,1.3892417015674448
652,-0.5525494308695718,-0.4415111694456132,0.40127013828150127,0.4692148318961616,0.45611914061260495,0.7412962264412188,-1.0217642627657333,-0.8976303100582181,-0.3400260881597176,1.401913022562247
653,-0.5438108605572465,-0.4378034709205704,0.41406688836295885,0.48863285135707546,0.4738251077059589,0.7372939767265044,-1.032443711914322,-0.9116285786265294,-0.3232270883635456,1.414737584957728
654,-0.5350886589489725,-0.43397028194390463,0.4264143225693491,0.5080020079400462,0.4913415510738144,0.733091172734505,-1.0430906668890187,-0.925311833017719,-0.3066768501651559,1.4276872269866432
655,-0.5263846366312843,-0.43001614674319105,0.43832305128686977,0.5273203647455568,0.5086614643723737,0.7286831864746114,-1.0537050013768412,-0.9386776111155648,-0.2903601351877416,1.4407355397998745
656,-0.5177003752200816,-0.42594554229430065,0.44980347046511876,0.5465859899540265,0.5257779198672481,0.7240651311052729,-1.0642863651741081,-0.9517234621615487,-0.27426166064015417,1.453857790164284
657,-0.5090372413566032,-0.4217628712392794,0.4608657593499576,0.5657969570189859,0.5426840712044526,0.7192318517753863,-1.0748341983755891,-0.9644469424437321,-0.2583660924254287,1.4670308437459465
658,-0.5003964002874988,-0.4174724559479788,0.47151987875819334,0.5849513448597394,0.5593731561488667,0.7141779160993728,-1.0853477451472382,-0.9768456120968456,-0.2426580373411794,1.4802330900420138
659,-0.4917788289888012,-0.413078533623074,0.48177556984932346,0.6040472380534647,0.5758384992890305,0.708897604283927,-1.095826067042266,-0.9889170329121045,-0.22712203443460355,1.493444369810511
660,-0.4831853288032102,-0.40858525235320053,0.4916423533531554,0.6230827270267574,0.5920735147072245,0.7033848989304824,-1.1062680558299676,-1.000658767060425,-0.21174254557732697,1.5066459056633954
661,-0.4746165375685157,-0.403996668024253,0.5011295292153105,0.6420559082465795,0.6080717086137423,0.6976334745446516,-1.1166724458150952,-1.0120683766379952,-0.19650394532934112,1.5198202363316955
662,-0.4660729412223239,-0.39931674200431544,0.5102461766254951,0.6609648844106218,0.6238266819443293,0.6916366867923863,-1.1270378256329456,-1.0231434239486448,-0.18139051016689123,1.532951154980288
663,-0.45755488487458995,-0.3945493395231478,0.5190011543960171,0.6798077646370254,0.6393321329197169,0.6853875615526078,-1.1373626495116154,-1.0338814724428647,-0.1663864071565907,1.5460236518408075
664,-0.4490625833449078,-0.3896982286725603,0.5274031016603787,0.6985826646534714,0.6545818595662526,0.6788787838277314,-1.1476452479983792,-1.0442800882388128,-0.15147568216735263,1.5590238613418939
665,-0.44059613116614416,-0.3847670799593142,0.5354604388639155,0.7172877069856007,0.6695697621966022,0.672102686587147,-1.157883838151745,-1.0543368421559165,-0.13664224772323152,1.5719390138434708
666,-0.43215551205991376,-0.3797594663473449,0.543181369020408,0.7359210211447693,0.6842898458495512,0.6650512396345386,-1.1680765332046832,-1.0640493121968961,-0.12186987061413057,1.58475739202367
667,-0.4237406078926553,-0.37467886373107956,0.5505738792103863,0.7544807438150888,0.6987362226879031,0.6577160386082651,-1.178221351707744,-1.0734150864189826,-0.10714215939787886,1.5974682919207928
668,-0.4153512071237536,-0.36952865178638494,0.557645742298496,0.7729650190397587,0.7129031143535387,0.6500882942451496,-1.1883162261635123,-1.0824317661399236,-0.09244255194665363,1.6100619885963074
669,-0.4069870127593297,-0.36431211515022244,0.5644045188488248,0.7913719984066616,0.7267848542786822,0.6421588220623271,-1.1983590111659912,-1.0910969694289046,-0.0777543032135023,1.6225297063560624
670,-0.39864764982704637,-0.35903244488438135,0.570857559218498,0.8096998412331966,0.7403758899524486,0.6339180326396285,-1.208347491060243,-1.09940833483683,-0.06306047342113053,1.6348635934439215
671,-0.3903326723886142,-0.3536927401827152,0.5770120058111702,0.827946714750356,0.7536707851417809,0.6253559227167048,-1.21827938713897,-1.107363525324496,-0.048343916905534634,1.6470567011030826
672,-0.38204157010767176,-0.3482960102851044,0.5828747954732673,0.8461107942859937,0.7666642220658663,0.61646206735519,-1.2281523643936654,-1.1149602323509706,-0.03358727188192279,1.6591029668837167
673,-0.37377377439141257,-0.3428451765649212,0.5884526620169797,0.8641902634472943,0.7793510035231799,0.607225613456968,-1.237964037838707,-1.122196180088101,-0.01877295143998836,1.6709972020598984
674,-0.36552866412477036,-0.33734307476007974,0.5937521388550867,0.8821833143024047,0.791726054970291,0.5976352749755627,-1.247711978427175,-1.1290691297303708,-0.003883136120475972,1.682735083002337
675,-0.3573055710161989,-0.3317924573208202,0.5987795617337011,0.9000881475612352,0.803784426551621,0.5876793302090884,-1.2573937185774342,-1.1355768838724412,0.011100231524612703,1.6943131463349186
676,-0.34910378457412045,-0.32619599585021414,0.6035410715499779,0.9179029727553806,0.8155212950793129,0.5773456216204795,-1.267006757329501,-1.141717290929527,0.026195449929498404,1.7057287876808211
677,-0.3409225567329998,-0.32055628361599126,0.6080426172427318,0.9356260084171686,0.8269319659624466,0.5666215586940145,-1.2765485651501685,-1.1474882495784378,0.04142105854871725,1.7169802637767382
678,-0.33276110614775656,-0.3148758381146903,0.6122899587447519,0.953255482257799,0.8380118750848067,0.5554941244066477,-1.2860165884055554,-1.152887713199497,0.0567958343381042,1.728066697699713
679,-0.324618622174875,-0.30915710367133803,0.6162886699864133,0.9707896313445805,0.8487565906304755,0.5439498859681842,-1.2954082535194555,-1.1579136943018136,0.07233878401822913,1.738988086908946
680,-0.3164942685581344,-0.30340245405987204,0.6200441419409402,0.9882267022772163,0.8591618148564958,0.5319750105656659,-1.3047209708353507,-1.1625642689163678,0.08806913137527428,1.7497453137527712
681,-0.3083871868363764,-0.29761419513135445,0.6235615857024003,1.0055649513631455,0.8692233858119127,0.5195552869336455,-1.3139521381995218,-1.1668375809432672,0.10400629876875478,1.760340158027478
682,-0.30029649949016873,-0.2917945674386895,0.6268460355881953,1.0228026447919047,0.8789372790024944,0.5066761536623483,-1.3230991442820734,-1.1707318464411838,0.12016988192584699,1.7707753110978284
683,-0.29222131284362535,-0.28594574884806667,0.6299023522584605,1.0399380588085174,0.8882996090004824,0.4933227352482483,-1.3321593716521427,-1.174245357848549,0.13657961701021215,1.7810543909976906
684,-0.28416071973701934,-0.28006985712871435,0.6327352258454072,1.0569694798858615,0.8973066309987076,0.4794798869840495,-1.3411301996228808,-1.1773764881274218,0.15325533886135773,1.7911819578215047
685,-0.27611380198518015,-0.2741689525137773,0.6353491790862282,1.0738952048960235,0.9059547423084627,0.4651322498740918,-1.3500090068812036,-1.18012369482224,0.17021692921213644,1.8011635285924703
686,-0.2680796326360144,-0.2682450402262364,0.6377485704537456,1.090713541280604,0.9142404838005289,0.4502643168426439,-1.3587931739166184,-1.1824855240267653,0.18748425361110166,1.8110055906504992
687,-0.26005727804283296,-0.262300072964777,0.6399375972795129,1.1074228072199814,0.9221605412887859,0.4348605115707623,-1.3674800852628144,-1.1844606142535627,0.20507708570875066,1.8207156124422934
688,-0.25204579976351543,-0.25633595334539616,0.6419202988645915,1.124021331801486,0.9297117468558371,0.4189052813456625,-1.3760671315650015,-1.1860477002012333,0.22301501751892894,1.8303020504182181
689,-0.24404425629889795,-0.2503545362953257,0.6437005595736993,1.1405074551864933,0.936891080120138,0.4023832053261955,-1.3845517114853914,-1.1872456164154637,0.24131735424750383,1.839774350548424
690,-0.236051704682139,-0.24435763139654443,0.6452821119088988,1.1568795287764002,0.9436956694441047,0.3852791196091139,-1.3929312334585393,-1.188053300840649,0.26000299229978496,1.8491429427676844
691,-0.22806720193020047,-0.23834700517676993,0.6466685395594198,1.1731359153774927,0.9501227930827353,0.36757826041131964,-1.401203117307693,-1.1884697982595052,0.2790902791481002,1.8584192264510047
692,-0.2200898063679828,-0.23232438334636288,0.6478632804246403,1.1892749893646573,0.9561698802722672,0.3492664265498517,-1.40936479573264,-1.1884942636186302,0.29859685387478857,1.8676155448187988
693,-0.21211857883507468,-0.22629145298005,0.6488696296076425,1.2052951368439446,0.9618345122584524,0.3303301621888942,-1.4174137156790194,-1.1881259652385023,0.3185394674187483,1.876745145983425
694,-0.20415258378451917,-0.22024986464278717,0.6496907423771484,1.2211947558139582,0.9671144232640236,0.31075696051584134,-1.4253473395984773,-1.187364287906811,0.33893378186130707,1.8858221281933547
695,-0.19619089028246434,-0.21420123445944111,0.6503296370959996,1.236972256326048,0.9720075013949759,0.29053548859030254,-1.4331631466085122,-1.186208735854417,0.359794148505697,1.894861366726623
696,-0.18823257291705361,-0.20814714612827578,0.6507891981147005,1.2526260606433117,0.9765117894852975,0.2696558330657038,-1.4408586335603653,-1.1846589356135733,0.3811333650489967,1.9038784198546133
697,-0.18027671262442274,-0.20208915287849233,0.651072178628877,1.2681546033983628,0.9806254858798085,0.24810976580033245,-1.4484313160227855,-1.1827146387583007,0.40296241282854456,1.9128894113673376
698,-0.1723223974392052,-0.19602877937229224,0.6511812034998251,1.2835563317498675,0.9843469451548001,0.22589102754483356,-1.4558787291890727,-1.1803757245270923,0.4252901759549915,1.921910887351928
699,-0.16436872317650578,-0.18996752355211735,0.6511187720376329,1.2988297055378224,0.9876746787761803,0.2029956269152212,-1.4631984287143283,-1.1776422023282977,0.4481231451224117,1.9309596452777371
700,-0.15641479405188338,-0.18390685843387145,0.6508872607466571,1.3139731974375781,0.9906073556948702,0.17942215074251594,-1.4703879914894615,-1.1745142141287417,0.4714651100041412,1.9400525339943981
701,-0.1484597232454873,-0.17784823384704881,0.6504889260334202,1.328985293112564,0.9931438028792042,0.15517208065333724,-1.4774450163580515,-1.170992036726253,0.495316845380083,1.9492062240191053
702,-0.14050263341611718,-0.17179307812278904,0.649925906877272,1.3438644913657243,0.9952830057841277,0.13025010941636972,-1.4843671247818415,-1.1670760839069168,0.5196757974609023,1.9584369484941913
703,-0.13254265717062297,-0.16574279973094697,0.6492002274644258,1.3586093042896297,0.9970241087570001,0.10466444924219856,-1.4911519614602526,-1.162766908487947,0.5445357782222273,1.967760216440373
704,-0.12457893749372814,-0.15969878886731464,0.648313799786237,1.373218257415277,0.9983664153798475,0.07842712292189793,-1.497797194909005,-1.1580652042471622,0.5698866768643391,1.977190501401619
705,-0.11661062814304607,-0.1536624189921608,0.6472684262028422,1.3876898898595273,0.9993093887479177,0.051554227525755024,-1.5043005180025735,-1.1529718077400786,0.5957141986770872,1.9867409102375981
706,-0.10863689401376384,-0.14763504832126423,0.6460658019735207,1.4020227544711974,0.9998526516844362,0.024066159466105345,-1.5106596484849613,-1.1474877000057004,0.6219996425074154,1.9964228386051968
707,-0.1006569114771908,-0.14161802127061326,0.6447075177553768,1.4162154179757676,0.9999959868914717,-0.004012210822560227,-1.5168723294529585,-1.141614008162085,0.648719728577937,2.006245621487603
708,-0.09266986869710805,-0.13561266985592454,0.6431950620721687,1.4302664611187157,0.999739337036853,-0.03265142639572878,-1.5229363298158238,-1.1353520068927776,0.6758464884678975,2.0162161888554357
709,-0.08467496592760955,-0.12962031504810376,0.6415298237553371,1.4441744788074369,0.9990828047770997,-0.06181740477477093,-1.5288494447350465,-1.1287031198252033,0.703347228530108,2.026338738032413
710,-0.07667141579589554,-0.12364226808572834,0.6397130943595046,1.457938080251753,0.9980266527163616,-0.0914714824314205,-1.5346094960476484,-1.12166892080209,0.7311845767909251,2.0366144354270563
711,-0.06865844357326144,-0.11767983174557996,0.6377460705549292,1.4715558891029872,0.9965713033013819,-0.12157055086072027,-1.5402143326762485,-1.114251135046962,0.7593166214156495,2.047041160820383
712,-0.06063528743732124,-0.11173430157219337,0.635629856499606,1.4850265435916035,0.9947173386525217,-0.1520672896241892,-1.5456618310289247,-1.106451640224715,0.7876971461237952,2.0576133072244702
713,-0.05260119872831167,-0.10580696706731854,0.6333654661939159,1.4983486966633788,0.9924655003309216,-0.18291049838327378,-1.5509498953916905,-1.0982724673982402,0.8162759645771896,2.0683216483436357
714,-0.044555442202141235,-0.09989911284011636,0.6309538258209156,1.5115210161141086,0.9898166890418857,-0.21404552605890018,-1.5560764583162499,-1.0897158018820021,0.8449993518798158,2.079153283833274
715,-0.03649729628267566,-0.09401201971882524,0.6283957760755648,1.5245421847228224,0.9867719642746133,-0.24541479105467268,-1.5610394810054982,-1.0807839839934386,0.8738105671302375,2.0900916698898904
716,-0.028426053315587597,-0.08814696582454641,0.6256920744863698,1.5374109003835117,0.9833325438784152,-0.2769583822343691,-1.5658369536990993,-1.0714795097029617,0.9026504567207388,2.1011167393319994
717,-0.020341019825942018,-0.08230522760770222,0.6228433977331113,1.550125876235334,0.9794998035755915,-0.30861472634854564,-1.570466896061276,-1.0618050311832938,0.9314581240816568,2.1122051114388047
718,-0.012241516781539476,-0.0764880808476221,0.6198503439645036,1.5626858407913,0.9752752764111607,-0.3403213041667633,-1.5749273575728395,-1.0517633572587828,0.9601716481312669,2.123330387664328
719,-0.004126879863895733,-0.07069680161560869,0.6167134351198023,1.5750895380654217,0.9706606521396621,-0.37201539497002895,-1.5792164179293176,-1.0413574537552708,0.9887288300898311,2.1344635252446857
720,0.004003540251402614,-0.06493266720172951,0.6134331192585479,1.5873357276983062,0.9656577765492774,-0.4036348275127553,-1.5833321874469035,-1.030590443751007,1.0170679467713033,2.1455732769835403
721,0.012150377603361578,-0.05919695700547025,0.6100097729027886,1.5994231850811964,0.9602686507235386,-0.43511871520880985,-1.5872728074778348,-1.019465607729009,1.0451284881115983,2.1566266824286675
722,0.02031425064178912,-0.05349095339027357,0.606443703396275,1.6113507014784265,0.9544954302409214,-0.46640815416292103,-1.5910364508366375,-1.007986383631195,1.072851857559196,2.1675895934758858
723,0.028495761909706735,-0.04781594250187257,0.6027351512852637,1.6231170841482976,0.9483404243126435,-0.49744686468148896,-1.5946213222385908,-0.9961563668145161,1.1001820159667526,2.1784272163053133
724,0.036695497710747677,-0.04217321505021253,0.5988842927256892,1.6347211564623458,0.9418060948590116,-0.528181759882355,-1.5980256587515982,-0.9839793099092241,1.1270660526080443,2.189104651518376
725,0.044914027760453896,-0.03656406705463695,0.594891241921585,1.646161758023011,0.934895055524683,-0.5585634287330091,-1.6012477302625572,-0.97145912257932,1.153454670654594,2.199587415350541
726,0.05315190482051145,-0.03098980055189643,0.5907560535997327,1.6574377447796707,0.927610070633246,-0.5885465249860494,-1.6042858399591593,-0.9585998711851424,1.1793025785857822,2.209841926742434
727,0.061409664315092954,-0.025451724266420884,0.5864787255256041,1.668547989143047,0.9199540540815242,-0.6180900577424485,-1.607138324827954,-0.945405778347945,1.2045687832680527,2.21983594765207
728,0.06968782392860608,-0.019951154242178686,0.5820592010657276,1.6794913800979598,0.9119300681740611,-0.6471575834684962,-1.6098035561693538,-0.9318812224162397,1.229216784534224,2.2295389670351446
729,0.07798688318428003,-0.014489414435329978,0.5774973718016543,1.6902668233144347,0.9035413223982338,-0.6757173029780909,-1.6122799401301546,-0.9180307368335638,1.2532146747797452,2.238922522152246
730,0.08630732300315763,-0.009067837266767697,0.5727930802007195,1.7008732412571288,0.8947911721405041,-0.7037420699869326,-1.614565918253971,-0.9038590094072718,1.276535150187652,2.2479604540424183
731,0.09464960524320012,-0.0036877641335284587,0.5679461223487929,1.7113095732930879,0.8856831173443074,-0.7312093202389199,-1.6166599680498877,-0.8893708814778358,1.299155442587713,2.2566290969321923
732,0.10301417221835511,0.0016494541220521434,0.5629562507501714,1.7215747757978035,0.8762208011101247,-0.7581009318558724,-1.6185606035794484,-0.8745713469880725,1.3210571826060438,2.2649074038792443
733,0.1114014461975863,0.006942456786668398,0.5578231771997041,1.7316678222595798,0.8664080082382859,-0.7844030284895931,-1.6202663760619935,-0.8594655514516175,1.3422262056892973,2.2727770129883367
734,0.1198118288840159,0.012189872895183598,0.5525465757321317,1.7415877033821823,0.8562486637151049,-0.8101057371275008,-1.6217758744981663,-0.8440587908199213,1.3626523128596326,2.2802222600453637
735,0.12824570087448908,0.01739032089599654,0.5471260856534808,1.7513334271857652,0.8457468311429333,-0.8352029121201988,-1.6230877263112762,-0.8283565102469367,1.3823289977736795,2.2872301444010343
736,0.1367034211000321,0.02254240836413565,0.5415613146591612,1.7609040191060688,0.8349067111147797,-0.8596918362790572,-1.6242005980060366,-0.812364302750644,1.4012531509382185,2.293790255442069
737,0.1451853262478449,0.02764473176365518,0.5358518420431856,1.7702985220918765,0.823732639534121,-0.8835729088565338,-1.6251131958440317,-0.7960879077704658,1.4194247508997195,2.2998946670818405
738,0.1536917301656411,0.03269587626097189,0.5299972220026341,1.7795159967007192,0.8122290858806044,-0.9068493289873355,-1.6258242665350782,-0.7795332096196325,1.4368465509899697,2.305537807464016
739,0.16222292324932844,0.037694415590832704,0.5239969870411526,1.7885555211928177,0.8004006514223111,-0.9295267818372679,-1.6263325979434893,-0.7627062358314783,1.4535237688784206,2.3107163105851765
740,0.1707791718152029,0.04263891197664306,0.5178506514748635,1.7974161916232538,0.7882520673753163,-0.9516131333632378,-1.6266370198080509,-0.7456131553986732,1.4694637848381014,2.3154288558848664
741,0.17936071745801904,0.04752791610691015,0.5115577150436075,1.8060971219323696,0.7757881930112588,-0.9731181382979247,-1.6267364044743506,-0.7282602769043487,1.4846758533415323,2.3196760010946234
742,0.18796777639648632,0.052359967169563794,0.5051176666298959,1.814597444034368,0.7630140137137015,-0.9940531647825135,-1.6266296676378817,-0.7106540465441377,1.4991708314124095,2.32346001284013
743,0.19660053880793493,0.05713359294590842,0.49852998808735494,1.8229163079041226,0.7499346389840432,-1.0144309380104182,-1.6263157690961876,-0.6928010460381349,1.5129609260977732,2.326784698699278
744,0.20525916815408618,0.061847309965931505,0.4917941581797596,1.8310528816621792,0.7365553003977854,-1.0342653043291206,-1.6257937135080929,-0.6747079904318539,1.5260594625088801,2.3296552436675944
745,0.21394380050005582,0.06649962372664496,0.4849096566310037,1.8390063516579414,0.722881349511976,-1.0535710164801917,-1.6250625511578856,-0.656381725785331,1.5384806731111955,2.3320780532943965
746,0.22265454382890867,0.07108902897506494,0.47787596828551815,1.8467759225510378,0.7089182557246515,-1.0723635400346438,-1.6241213787221291,-0.6378292267495865,1.5502395083201619,2.3340606051418162
747,0.2313914773542704,0.0756140100573416,0.470692587377733,1.854360817390854,0.6946716040871542,-1.090658880591542,-1.6229693400365834,-0.6190575940298126,1.561351467969275,2.3356113096905857
748,0.24015465083368284,0.0800730413354311,0.46335902190818634,1.8617602776942273,0.6801470930701856,-1.1084734309385513,-1.6216056268605443,-0.6000740517347545,1.5718324528467376,2.336739381371687
749,0.2489440838855631,0.08446458767255824,0.45587479812280346,1.868973563521292,0.665350532284497,-1.125823837107909,-1.620029479635729,-0.5808859446119388,1.5816986352307125,2.3374547200378477
750,0.2577597653127895,0.08878710498854672,0.4482394650907144,1.8759999535494778,0.6502878401571169,-1.1427268820842833,-1.6182401882366884,-0.5615007351685702,1.5909663471749977,2.3377678028971385
751,0.2666016524360878,0.09303904088589636,0.4404525993747414,1.8828387451456365,0.6349650415640629,-1.1591993858163752,-1.6162370927095489,-0.5419260006781665,1.5996519851911166,2.337689586704601
752,0.275469670440526,0.09721883534726111,0.4325138097873812,1.8894892544363082,0.6193882654204694,-1.1752581201377648,-1.6140195839957823,-0.5221694300732083,1.6077719299251458,2.3372314198384645
753,0.2843637117385428,0.10132492150472908,0.4244227422237269,1.895950816376105,0.6035637422291092,-1.1909197372013636,-1.6115871046375623,-0.5022388207243802,1.6153424794250903,2.336404963766319
754,0.29328363535303015,0.10535572648102581,0.4161790845613362,1.902222784814218,0.5874978015882669,-1.2062007100649477,-1.6089391494611878,-0.4821420751072411,1.622379794626284,2.33522212332558
755,0.3022292663240621,0.10930967230245675,0.4077825716155567,1.9083045325590295,0.5711968696599886,-1.2211172841230187,-1.6060752662349675,-0.46188719735753186,1.6288998557385754,2.3336949851940094
756,0.3112003951429078,0.11318517688307335,0.39923299013728386,1.9141954514408346,0.5546674665997017,-1.2356854381550875,-1.6029950562979267,-0.44148228971662834,1.6349184282923712,2.331835763903416
757,0.32019677721698053,0.1169806550791941,0.3905301838385554,1.9198949523726523,0.5379162039482439,-1.2499208538459183,-1.5996981751556718,-0.4209355488690498,1.6404510376844739,2.329656754746961
758,0.32921813236936,0.12069451981303657,0.3816740584298007,1.9254024654091402,0.5209497819873273,-1.2638388927244983,-1.5961843330397802,-0.40025526217429075,1.645512951154299,2.327170292942996
759,0.33826414437647345,0.12432518326382398,0.3726645866509731,1.9307174398035836,0.5037749870595203,-1.2774545795615464,-1.5924532954271102,-0.3794498037956963,1.6501191662125194,2.324388718441723
760,0.34733446054743433,0.1278710581243222,0.363501813277221,1.935839344062973,0.4863986888537981,-1.2907825913575508,-1.5885048835155389,-0.3585276307294759,1.6542844046347718,2.32132434579208
761,0.356428691348413,0.1313305589203449,0.35418586007821246,1.94076766600115,0.4688278376577654,-1.3038372511423686,-1.584338974652737,-0.3374972787374205,1.658023111220581,2.3179894385221917
762,0.36554641007525024,0.1347021033903394,0.34471693070874754,1.9455019127900275,0.45106946157762406,-1.3166325258920903,-1.5799555027147774,-0.3163673581872847,1.661349456600838,2.3143961875255945
763,0.3746871525773215,0.13798411392173987,0.33509531550688587,1.9500416110088725,0.433130663727031,-1.3291820279480693,-1.575354458431551,-0.29514654980529115,1.6642773434549551,2.310556692985397
764,0.3838504170354176,0.14117501904035143,0.325321396174515,1.954386306691646,0.415018619385944,-1.3414990193963932,-1.5705358896562285,-0.2738436003455925,1.666820415570908,2.306482949408578
765,0.3930356637961275,0.14427325494861515,0.31539565031410755,1.9585355653724,0.39674057313061206,-1.3535964189332585,-1.5654999015762725,-0.2524673181819969,1.668992069247366,2.3021868333816724
766,0.40224231526489074,0.1472772671082064,0.30531865579439044,1.9624889721287242,0.37830383593583167,-1.3654868108028255,-1.5602466568638333,-0.23102656882762526,1.670805466597216,2.2976800936967217
767,0.41146975585953655,0.15018551186204154,0.29509109491679947,1.9662461316232376,0.3597157822506608,-1.3771824554492114,-1.554776375763701,-0.20953027038861927,1.6722735503660109,2.292974343531951
768,0.42071733202574163,0.15299645809041895,0.284713758353944,1.9698066681431217,0.3409838470487362,-1.3886953015737538,-1.54908933611738,-0.18798738895831724,1.6734090599276978,2.288081054405209
769,0.4299843523154307,0.15570858889570469,0.27418754883088364,1.9731702256376917,0.3221155228543811,-1.4000369993327406,-1.543185873322261,-0.16640693395867642,1.6742245481636242,2.2830115516494014
770,0.4392700875287091,0.15832040330969618,0.26351348451984125,1.9763364677540007,0.30311835674570226,-1.4112189144499225,-1.5370663802252915,-0.14479795343600607,1.6747323989697638,2.2777770111881357
771,0.4485737709194682,0.16083041801756662,0.2526927021190685,1.979305077870476,0.2839999473358494,-1.422252143052719,-1.5307313069510078,-0.12316952931828276,1.6749448451717877,2.2723884574165507
772,0.4578945984643437,0.16323716909211033,0.24172645958695568,1.9820757591285796,0.26476794173367757,-1.4331475270714018,-1.524181160664236,-0.10153077264156724,1.6748739866583575,2.266856762016919
773,0.4672317291942428,0.1655392137318823,0.23061613850315316,1.984648234462495,0.24543003248500284,-1.4439156700672382,-1.5174165052682522,-0.07989081875312054,1.6745318085703913,2.261192643561266
774,0.4765842855871948,0.16773513199675497,0.2193632460294602,1.9870222466268317,0.22599395449569257,-1.4545669533788361,-1.5104379610396368,-0.0582588224989376,1.6739301994082962,2.2554066677740483
775,0.4859513540208311,0.1698235285344058,0.20796941644453903,1.9891975582223522,0.20646748193779657,-1.4651115524962097,-1.503246204201521,-0.03664395340339077,1.6730809689407486,2.249509248347076
776,0.4953319852823674,0.17180303429130053,0.19643641222813635,1.9911739517197096,0.18685842513998854,-1.4755594535896255,-1.4958419664373421,-0.01505539084868801,1.6719958658177618,2.2435106482164127
777,0.504725195133557,0.17367230820185123,0.1847661246724341,1.9929512294812013,0.1671746274635352,-1.4859204701354887,-1.4882260343476443,0.006497680738316025,1.6706865948079228,2.2374209812272667
778,0.5141299649277122,0.17543003884960265,0.17296057400039871,1.9945292137805317,0.14742396216506348,-1.4962042595945497,-1.4803992488528195,0.028006076684539166,1.6691648335949485,2.231250214127789
779,0.5235452422755599,0.17707494609453403,0.16102190897353832,1.9959077468205864,0.12761432924735241,-1.5064203401089062,-1.4723625045450266,0.049460616847181615,1.6674422490824445,2.2250081688466063
780,0.53296994175641,0.17860578266085253,0.14895240597429335,1.99708669074921,0.10775365229944407,-1.516578107193738,-1.4641167489928,0.07085213036140846,1.6655305131680314,2.218704525021699
781,0.5424029456708889,0.1800213356799938,0.13675446755134946,1.998065927672992,0.0878498753273104,-1.5266868504077726,-1.455662982002103,0.0921714603526834,1.663441317959122,2.212348822760186
782,0.551843104831305,0.18132042818393046,0.12443062041944508,1.9988453596690559,0.06791095957636362,-1.536755769993164,-1.4470022548377508,0.11340946860756684,1.6611863904126092,2.2059504656196296
783,0.5612892393856033,0.18250192054431214,0.11198351290871188,1.999424908794852,0.04794488034705368,-1.5467939934810255,-1.4381356694092486,0.13455704019725845,1.6587775063897374,2.1995187238117317
784,0.570740139670804,0.18356471185341403,0.09941591186219638,1.9998045170959504,0.02795962380486148,-1.5568105922633153,-1.4290643774251466,0.15560508804855255,1.6562265041255118,2.1930627376388334
785,0.580194567091828,0.18450774124334804,0.08673069898392242,1.9999841466118375,0.007963183785935567,-1.5668145981353296,-1.4197895795200095,0.17654455745741246,1.6535452971192521,2.186591521182371
786,0.5896512550216734,0.18532998914047952,0.07393086664361796,1.9999637793797111,-0.012036441400328576,-1.5768150198156834,-1.4103125243580377,0.1973664305408081,1.6507458864593014,2.18011396627054
787,0.599108909719028,0.186030478452488,0.06101951314800079,1.999743417436278,-0.03203125217051633,-1.5868208594525117,-1.4006345077172502,0.21806173062300432,1.6478403726005124,2.1736388467597
788,0.6085662112595792,0.18660827568600086,0.04799983749224307,1.9993230828175483,-0.05201325086691355,-1.5968411291256488,-1.390756871557969,0.2386215265529144,1.6448409666178918,2.167174823170626
789,0.6180218144774992,0.18706249199320663,0.034875133608867175,1.998702817556634,-0.07197444495646654,-1.606884867354864,-1.3806810030791348,0.25903693694967317,1.641760000963731,2.160730447726487
790,0.6274743499138454,0.1873922841463121,0.02164878413481328,1.997882683679544,-0.09190685022768164,-1.6169611556237677,-1.3704083337656985,0.27929913437399373,1.638609939758581,2.154314169844352
791,0.6369224247689114,0.1875968554391369,0.008324253720716625,1.9968627631989828,-0.111802493984214,-1.6270791349278113,-1.3599403384300714,0.2993993494233509,1.635403388648528,2.14793434213607
792,0.6463646238558741,0.18767545651553338,-0.005094918090505773,1.9956431581061487,-0.13165341823383273,-1.6372480223527806,-1.3492785342502747,0.3193288747493661,1.6321531042622748,2.1415992269774113
793,0.655799510553421,0.18762738612467533,-0.018605124385875416,1.994223990360534,-0.15145168287151517,-1.6474771276873965,-1.338424479807113,0.3390790689961905,1.6288720033015212,2.135317003706423
794,0.6652256277553673,0.18745199180357064,-0.03220269877302416,1.9926054018777313,-0.1711893688553761,-1.6577758700698915,-1.327379774122364,0.35864136065894675,1.6255731712968673,2.1290957765127883
795,0.6746414988156115,0.18714867048741815,-0.04588392360483789,1.9907875545152398,-0.1908585813741894,-1.668153794663767,-1.3161460556996283,0.37800725186160755,1.6222698710589292,2.1229435830796843
796,0.6840456284870848,0.18671686904864776,-0.05964503850183811,1.9887706300562809,-0.21045145300520013,-1.6786205893521406,-1.304725001569196,0.3971683220538479,1.6189755508503025,2.1168684040378722
797,0.6934365038536464,0.1861560847656531,-0.07348224913470561,1.9865548301916196,-0.22996014686099078,-1.689186101433152,-1.2931183263379733,0.4161162316266439,1.6157038522984464,2.1108781732886244
798,0.7028125952541313,0.18546586572235288,-0.08739173622839257,1.984140376499396,-0.24937685972413318,-1.699860354290574,-1.2813277812452646,0.43484272544648606,1.6124686180621814,2.1049807892472563
799,0.7121723571979812,0.18464581113979966,-0.1013696647487262,1.981527510422967,-0.2686938251683646,-1.7106535640039524,-1.2693551532249858,0.45333963630816426,1.6092838992552263,2.0991841270524487
800,0.7215142292720581,0.18369557164109976,-0.11541219323227307,1.9787164932467636,-0.2879033166650653,-1.7215761558510787,-1.2572022639747056,0.47159888830616503,1.6061639626188056,2.093496051778001
801,0.7308366370383681,0.18261484945092019,-0.1295154832205106,1.9757076060701602,-0.30699765067375967,-1.7326387806421168,-1.244870969031792,0.48961250012467983,1.6031232974216063,2.087924432672892
802,0.7401379929224904,0.1814033985308426,-0.14367570876002372,1.9725011497793674,-0.325969189715432,-1.7438523308090974,-1.2323631568568771,0.5073725882462746,1.6001766220490736,2.0824771584424053
803,0.7494166970925211,0.18006102465178772,-0.1578890659314968,1.9690974450173422,-0.344810345427416,-1.7552279561563868,-1.219680747924821,0.5248713700792037,1.59733889022489,2.0771621535672544
804,0.7586711383283001,0.17858758540468334,-0.17215178237168047,1.9654968321517237,-0.3635135815986424,-1.7667770791568955,-1.2068256938234234,0.5421011670033258,1.594625296785215,2.071987395638808
805,0.7678996948805904,0.17698299015049257,-0.1864601267542569,1.961699671240799,-0.3820714171840091,-1.7785114096548387,-1.1937999763602085,0.5590544073345016,1.5920512829005817,2.0669609336664188
806,0.7771007353197309,0.17524719991066123,-0.2008104181975721,1.9577063419974947,-0.4004764292967199,-1.7904429588085071,-1.180605606677764,0.5757236292073811,1.589632540610935,2.0620909072870344
807,0.7862726193730828,0.17338022719899415,-0.21519903556952377,1.9535172437514072,-0.41872125617732653,-1.80258405207521,-1.1672446243783243,0.5921014833763207,1.5873850165056864,2.057385566777237
808,0.795413698750346,0.17138213579593384,-0.22962242666244942,1.94913279540887,-0.43679860013833777,-1.814947341005158,-1.153719096658524,0.6081807359342716,1.5853249143427086,2.0528532937333415
809,0.8045223179555382,0.169253040466198,-0.2440771172136193,1.944553435411064,-0.45470123048319755,-1.8275458135709115,-1.1400311174555258,0.6239542709493955,1.5834686963572921,2.048502622245417
810,0.8135968150841144,0.1669931066207401,-0.2585597197498689,1.9397796216901726,-0.4724219863984661,-1.8403928027138892,-1.1261828066060582,0.6394150930192062,1.5818330829640201,2.0443422603456876
811,0.8226355226033609,0.16460254992403364,-0.27306694223796785,1.9348118316235898,-0.4899537798180512,-1.8535019927388603,-1.1121763090202288,0.6545563297420849,1.5804350505008924,2.040381111460074
812,0.831636768113839,0.1620816358477494,-0.28759559652548317,1.9296505619861817,-0.5072895982583422,-1.8668874231310342,-1.0980137938723427,0.6693712341060916,1.5792918266055511,2.036628295533023
813,0.84059887508928,0.15943067917199877,-0.3021426065601268,1.9242963289006125,-0.5244225076230977,-1.8805634893080148,-1.0836974538113324,0.6838531867950965,1.578420882747888,2.033093169429674
814,0.8495201635919566,0.15665004343545672,-0.31670501637884046,1.9187496677857283,-0.541345654977011,-1.894544939750472,-1.0692295041937716,0.6979956984124678,1.5778399233716314,2.029785346145292
815,0.8583989509601838,0.15374014033585554,-0.33127999786114837,1.9130111333030182,-0.5580522712867794,-1.9088468688807356,-1.0546121823428343,0.7117924116226348,1.5775668710195871,2.026714712269098
816,0.8672335524642344,0.1507014290825565,-0.3458648582445663,1.9070812993011486,-0.5745356741286307,-1.9234847049782011,-1.039847746836914,0.7252371032111872,1.5776198467336349,2.023891443058105
817,0.8760222819266058,0.14753441570315864,-0.3604570474030747,1.9009607587585777,-0.5907892703612041,-1.9384741923347701,-1.0249384768319718,0.7383236860643627,1.5780171449316955,2.0213260143758824
818,0.8847634523022467,0.14423965230639313,-0.37505416489282667,1.89465012372426,-0.6068065587627183,-1.9538313667637117,-1.0098866714220132,0.7510462110691114,1.578777201870885,2.0190292106416794
819,0.8934553762140421,0.14081773630387345,-0.3896539667723493,1.8881500252564394,-0.6225811326313736,-1.9695725234828305,-0.9946946490423972,0.7633988689352471,1.5799185567104812,2.01701212781761
820,0.9020963664385836,0.13726930959362738,-0.40425437220750093,1.8814611133595462,-0.6381066823479474,-1.9857141762998443,-0.9793647469209626,0.7753759919415748,1.5814598040923433,2.0152861703367924
821,0.9106847363370003,0.13359505770872115,-0.4188534698743517,1.8745840569191952,-0.6533769978995605,-2.0022730069375108,-0.9638993205821949,0.7869720556082817,1.583419537063159,2.013863040745435
822,0.9192188002254166,0.12979570893469913,-0.43344952417596205,1.8675195436353014,-0.6683859713635882,-2.019265803252276,-0.9483007434098848,0.7981816802982874,1.585816279076314,2.012754720699714
823,0.9276968736794192,0.12587203340000014,-0.44804098129173436,1.8602682799533052,-0.6831275993507646,-2.036709385028378,-0.932571406273886,0.8089996327507647,1.5886684037366439,2.0119734418281126
824,0.9361172737667737,0.12182484214397385,-0.46262647508060745,1.8528309909935323,-0.6975959854064473,-2.0546205159757753,-0.9167137172267587,0.8194208275504211,1.5919940408951678,2.0115316448469915
825,0.9444783192025142,0.11765498616760367,-0.4772048328618575,1.8452084204786805,-0.711785342369123,-2.073015800533438,-0.9007301012761663,0.8294403285367267,1.5958109676715806,2.0114419252091253
826,0.9527783304204552,0.1133633554725475,-0.4917750810996617,1.8374013306594494,-0.7256899946851959,-2.091911564088844,-0.8846230002389942,0.8390533501577434,1.6001364829891824,2.0117169634806387
827,0.9610156295551178,0.10895087809463193,-0.5063364510198838,1.8294105022383151,-0.7393043806791324,-2.1113237152817104,-0.8683948726831974,0.8482552587737643,1.6049872642618266,2.012369438592843
828,0.969188540328048,0.1044185191384804,-0.5208883841897557,1.8212367342914608,-0.7526230547780576,-2.1312675891780724,-0.8520481939634128,0.857041573916538,1.6103792049883165,2.013411922115406
829,0.9772953878325057,0.09976727982052194,-0.5354305380932749,1.812880844188868,-0.765640689689914,-2.1517577702945823,-0.8355854563563623,0.8654079695104359,1.6163272322013074,2.014856751762265
830,0.9853344982105289,0.09499819652821584,-0.5499627917372102,1.8043436675125866,-0.7783520785342984,-2.172807894737887,-0.8190091693020577,0.8733502750625143,1.6228451030006767,2.0167158824896214
831,0.9933041982164302,0.09011233990394221,-0.5644852513246357,1.7956260579731689,-0.7907521369251587,-2.1944304311165266,-0.8023218597567386,0.8808644768291009,1.629945179791891,2.0190007137962427
832,1.0012028146608432,0.08511081396265253,-0.5789982560348894,1.786728887324304,-0.8028359050044701,-2.216636440398034,-0.7855260726634608,0.8879467189671226,1.6376381843631445,2.021721892210394
833,1.009028673729519,0.07999475525305201,-0.593502383950801,1.777653045275642,-0.8145985494261158,-2.2394353155356597,-0.768624371546123,0.8945933046791678,1.6459329315848588,2.0248890884655864
834,1.0167801001711667,0.07476533207280395,-0.6079984581759544,1.7683994394038254,-0.8260353652891601,-2.262834502486271,-0.7516193392326587,0.900800697361964,1.6548360443103167,2.028510749546316
835,1.0244554163487343,0.06942374374901145,-0.6224875531866592,1.7589689950617298,-0.8371417780197469,-2.2868392051869093,-0.7345135787129955,0.9065655217687583,1.6643516520002501,2.032593826638661
836,1.0320529411486465,0.06397121999605256,-0.6369710014651989,1.7493626552859305,-0.8479133452008673,-2.311452078146046,-0.717309714137284,0.9118845651969198,1.6744810766808471,2.037143481054375
837,1.0395709887426394,0.05840902036373028,-0.6514504004628154,1.739581380702398,-0.8583457583492696,-2.3366729115189178,-0.7000103919597587,0.9167547787129999,1.6852225110561023,2.0421627714056028
838,1.0470078671969731,0.05273843378966019,-0.6659276199427631,1.7296261494304437,-0.868434844638788,-2.3624983148415106,-0.6826182822334705,0.9211732784284481,1.6965706948987476,2.0476523266705233
839,1.0543618769239615,0.04696077827086695,-0.6804048097556318,1.7194979569848965,-0.8781765685694278,-2.3889214069446996,-0.6651360800609349,0.9251373468402948,1.708516597189068,2.053610011269919
840,1.0616313089709326,0.0410774006707102,-0.6948844081009693,1.709197816176561,-0.8875670335815046,-2.4159315208889622,-0.6475665072056285,0.9286444342522148,1.721047112787993,2.060030589811229
841,1.0688144431419406,0.035089676678524896,-0.7093691503310137,1.6987267570109346,-0.8966024836142181,-2.443513933963093,-0.6299123138689939,0.931692160292743,1.7341447836320794,2.066905400668618
842,1.075909545947792,0.028999010940755264,-0.7238620783540468,1.6880858265852081,-0.9052793046080264,-2.471649633771164,-0.612176280637416,0.9342783155487817,1.7477875554171174,2.074222048950081
843,1.0829148683802419,0.02280683738390322,-0.7383665506964501,1.6772760889835565,-0.9135940259502211,-2.5003151320731636,-0.5943612206033146,0.9364008633341243,1.7619485813767135,2.081964130532841
844,1.0898286435065745,0.016514619751316573,-0.7528862532839286,1.666298625170732,-0.921543321863127,-2.52948233822374,-0.5764699816641574,0.9380579416144437,1.7765960849398112,2.090110999590516
845,1.0966490838812353,0.010123852377728254,-0.7674252110034911,1.655154532883968,-0.9291240127343685,-2.559118503655017,-0.5585054490027328,0.9392478651120968,1.7916932926515259,2.0986375922526124
846,1.1033743787717338,0.0036360612275419353,-0.7819878001085238,1.6438449265232045,-0.9363330663886721,-2.5891862477784504,-0.5404705477514706,0.939969127616214,1.8071984476699265,2.1075143186035423
847,1.1100026911967487,-0.0029471947748415253,-0.7965787615295513,1.6323709370396566,-0.9431675993006936,-2.619643673878287,-0.522368245842908,0.9402204045258521,1.8230649123487357,2.116707034048136
848,1.1165321547752514,-0.009624322091833112,-0.8112032151528737,1.6207337118227096,-0.949624877748395,-2.6504445810272683,-0.5042015570474583,0.9400005556565619,1.8392413658743947,2.126177099092932
849,1.1229608703865854,-0.016393690563004524,-0.8258666751279866,1.6089344145851874,-0.9557023189064935,-2.6815387748284367,-0.48597354419860195,0.9393086283434889,1.85567209970045,2.1358815338281647
850,1.1292869026428463,-0.02325363100235882,-0.8405750662622923,1.5969742252469805,-0.9613974918795568,-2.712872476001037,-0.46768732260413426,0.938143860877198,1.8722974097387448,2.145773269928725
851,1.1355082761766675,-0.030202432362629428,-0.8553347415577555,1.5848543398170567,-0.9667081186743309,-2.7443888216776147,-0.4493460636403892,0.9365056863117015,1.8890540801198592,2.155801498983789
852,1.141622971749723,-0.03723833842319374,-0.8701525009384647,1.5725759702738584,-0.9716320751109048,-2.7760284500182753,-0.4309529985241354,0.9343937366877111,1.9058759490798105,2.1659121116469695
853,1.14762892218999,-0.04435954395444156,-0.8850356112100456,1.5601403444441087,-0.976167391672356,-2.807730154671101,-0.41251142225411863,0.9318078477179145,1.9226945434610556,2.1760482177593685
854,1.1535240081692038,-0.05156419030750501,-0.8999918272809411,1.5475487058800246,-0.9803122542925307,-2.8394315920225517,-0.3940246977108208,0.9287480639850256,1.9394397647416106,2.1861507335549923
855,1.1593060538361084,-0.05885036037419547,-0.9150294146610192,1.5348023137349744,-0.9840650050816433,-2.8710700213760587,-0.37549625989886604,0.9252146447074479,1.9560406067150395,2.196159018627136
856,1.164972822326228,-0.0662160728578971,-0.9301571732339197,1.5219024426375487,-0.9874241429894152,-2.9025830564067965,-0.3569296203113208,0.9212080701315181,1.972425883172877,2.2060115427942173
857,1.170522011175121,-0.07365927579216772,-0.9453844622749802,1.5088503825641069,-0.9903883244054711,-2.9339094056196564,-0.33832837138898597,0.9167290486133034,1.988524943344676,2.2156465615621377
858,1.1759512476696745,-0.08117783924008319,-0.9607212266552468,1.4956474387097796,-0.9929563636967662,-2.9649895801409523,-0.31969619104010505,0.9117785244566831,2.0042683534857053,2.2250027786522555
859,1.1812580841811497,-0.08876954710418417,-0.9761780241325164,1.4822949313579503,-0.9951272336818244,-2.9957665489487293,-0.30103684717680057,0.9063576865776403,2.019588524816213,2.234019975055247
860,1.1864399935347052,-0.0964320879745868,-0.9917660535808519,1.4687941957482267,-0.9969000660415961,-3.0261863244390357,-0.2823542022135215,0.9004679780670093,2.0344202708581838,2.2426395861819635
861,1.1914943644832774,-0.10416304494185184,-1.0074971839485651,1.4551465819429195,-0.9982741516667748,-3.0561984648014353,-0.26365221745964207,0.894111106724923,2.04870128085287,2.250805211720562
862,1.1964184973693075,-0.11195988430215814,-1.023383983658966,1.4413534546920337,-0.9992489409414315,-3.085756483749059,-0.2449349573227262,0.8872890566392733,2.0623725000900928,2.2584630465160056
863,1.201209600076199,-0.11981994308595144,-1.039439750075629,1.4274161932968048,-0.999824043962853,-3.1148181624090387,-0.22620659322060588,0.8800041008769015,2.07537841233341,2.26556222486962
864,1.2058647843928971,-0.1277404153484972,-1.055678538541635,1.413336191471756,-0.999999230697499,3.139839544846084,-0.2074714070788588,0.8722588153490017,2.0876672237918674,2.2720550748175468
865,1.210381062939879,-0.13571833717285542,-1.0721151903670503,1.399114857205336,-0.999774431073011,3.111879164795771,-0.188733794265457,0.8640560939001556,2.099190952016765,2.277897282919685
866,1.214755346833357,-0.14375057035419653,-1.0887653589775166,1.3847536126191209,-0.9991497350062423,3.084514521703087,-0.16999826578576394,0.8553991646520458,2.109905426498983,2.2830479736587757
867,1.2189844442967217,-0.15183378476088524,-1.1056455332459432,1.3702538938256013,-0.9981253923672896,3.057769563448156,-0.15126944952887955,0.8462916076064043,2.1197702104854867,2.287469710559571
868,1.2230650604640596,-0.15996443940450744,-1.1227730568058802,1.3556171507845733,-0.9967018128795511,3.0316637948036833,-0.13255209032051374,0.8367373734750436,2.1287484555700225,2.2911284285063567
869,1.2269937986595663,-0.16813876230048586,-1.1401661418867968,1.3408448471581444,-0.9948795659558413,3.006212463340424,-0.11385104849857819,0.8267408036553554,2.1368067019523656,2.2939933084430466
870,1.2307671634779616,-0.17635272926591752,-1.1578438759169651,1.325938460164364,-0.9926593804706327,2.9814267933001624,-0.09517129668640245,0.8163066512047152,2.1439146379624585,2.2960366067168283
871,1.234381566033121,-0.1846020418847948,-1.1758262188096524,1.3108994804295147,-0.9900421444685181,2.957314255765872,-0.07651791439639366,0.8054401025837233,2.1500448326040615,2.297233451846172
872,1.2378333317827548,-0.19288210497592648,-1.1941339884864268,1.295729411839035,-0.987028904809002,2.9338788640941087,-0.05789608005628022,0.7941467998330755,2.1551724545990503,2.297561621553053
873,1.2411187113727313,-0.20118800402851292,-1.2127888318053883,1.2804297713871424,-0.9836208667477723,2.9111214845518916,-0.03931106001441109,0.7824328627192594,2.159274990822306,2.2970013126015365
874,1.244233894970847,-0.20951448322662983,-1.2318131776655337,1.2650020890251326,-0.9798193934546138,2.8890401533006966,-0.02076819405428565,0.770304910227984,2.1623319762133555,2.29553491543047
875,1.2471750305702507,-0.21785592486769925,-1.2512301686723104,1.2494479075083849,-0.9756260054681576,2.867630392188506,-0.0022728769381341607,0.7577700806004584,2.16432474631877,2.2931468048405907
876,1.2499382467293245,-0.22620633119001227,-1.2710635674042652,1.2337687822420895,-0.9710423800876875,2.8468855171578986,0.016169464487234997,0.7448360488976753,2.1652362226174224,2.289823157157309
877,1.2525196801678062,-0.2345593098557973,-1.2913376330584956,1.217966281125707,-0.9660703507022413,2.826796934384504,0.0345533990420992,0.731511040846444,2.1650507397365866,2.2855518033725577
878,1.2549155085469619,-0.24290806457972325,-1.3120769641281738,1.2020419843961807,-0.9607119060572806,2.807354420475193,0.05287352415078117,0.7178038414775574,2.1637539225762197,2.2803221267750833
879,1.2571219886123142,-0.251245392632334,-1.3333063028468588,1.1859974844699102,-0.9549691894592174,2.7885463841460103,0.07112450414240401,0.7037237968268835,2.161332620186717,2.2741250124813117
880,1.2591354996586548,-0.2595636911602213,-1.3550502975018293,1.1698343857835234,-0.9488444979181241,2.7703601077480107,0.0893011138751314,0.6892808067579028,2.1577749019297467,2.2669528550241385
881,1.260952591978735,-0.26785497441744327,-1.3773332194604826,1.153554304633417,-0.9423402812289547,2.7527819678085708,0.10739828734531809,0.6744853068115115,2.1530701199105327,2.258799628670255
882,1.262570039573798,-0.27611090405452665,-1.4001786329585424,1.1371588690141392,-0.9354591409916634,2.735797634409647,0.12541117055965878,0.6593482369371367,2.147209039811397,2.249661023332412
883,1.2639848959389337,-0.28432283451365525,-1.4236090174430267,1.1206497184555895,-0.9282038295705979,2.7193922497417313,0.14333517748334423,0.6438809950569426,2.1401840399948284,2.2395346467398727
884,1.2651945512042622,-0.29248187527901365,-1.447645344594145,1.1040285038590658,-0.9205772489935901,2.703550586566602,0.16116604734519635,0.6280953737145765,2.131989376018839,2.2284202908687867
885,1.266196788345513,-0.3005789711806409,-1.472306615065414,1.0872968873321767,-0.9125824497911844,2.688257187608608,0.1788999010133363,0.6120034786105435,2.122621504505564,2.2163202574996808
886,1.266989835624881,-0.30860500111277006,-1.4976093634033334,1.0704565420226324,-0.9042226297764663,2.6734964870893,0.19653329360224858,0.5956176286636963,2.1120794566869527,2.2032397342159946
887,1.2675724119545033,-0.3165508943937402,-1.5235671433652251,1.0535091519509268,-0.8955011327659768,2.6592529157394935,0.21406326000357656,0.5789502383722366,2.1003652480748674,2.1891872083298924
888,1.2679437615752884,-0.32440776259414206,-1.5501900096676295,1.0364564118419504,-0.8864214472422383,2.6455109906809953,0.23148734973333807,0.5620136846480962,2.0874843068309614,2.1741749023672945
889,1.2681036744042555,-0.3321670430740457,-1.5774840156864096,1.0193000269555008,-0.8769872049583982,2.632255391580335,0.24880364744875472,0.5448201618843524,2.0734458999128416,2.1582192112120744
890,1.2680524887069196,-0.33982064883643326,-1.605450749335898,1.0020417129157693,-0.8672021794855813,2.619471024450662,0.2660107757911503,0.5273815306491481,2.058263533393026,2.1413411182253035
891,1.267791073453503,-0.34736111781049217,-1.6340869307977652,0.9846831955397783,-0.8570702847035119,2.607143074424953,0.2831078779137246,0.5097091668930197,2.041955301956868,2.1235665660725953
892,1.2673207888282534,-0.35478175354467245,-1.663384095524444,0.9672262106648,-0.8465955732350124,2.5952570487522775,0.3000945781634534,0.49181381969034,2.024544162902865,2.1049267580192823
893,1.2666434248273064,-0.3620767487330236,-1.6933283837231243,0.9496725039747743,-0.8357822348250097,2.5837988111854746,0.3169709208525321,0.4737054860919861,2.0060581122709875,2.0854583673686666
894,1.2657611195823302,-0.3692412831928631,-1.723900453275188,0.9320238308257422,-0.8246345946646914,2.572754608838554,0.3337372887565879,0.45539331147182827,1.9865302450658442,2.065203636594038
895,1.2646762608058666,-0.37627158894436163,-1.7550755269797365,0.9142819560703085,-0.8131571116614865,2.562111092499413,0.3503943047355581,0.4368855227171249,1.965998687700437,2.044210353361603
896,1.2633913753563275,-0.3831649768827626,-1.7868235776250918,0.8964486538811698,-0.8013543766555692,2.5518553312912466,0.3669427214751577,0.4181893997728066,1.9445063982632478,2.0225316976039323
897,1.2619090131534363,-0.38991982202475517,-1.8191096464087217,0.8785257075736812,-0.7892311105835723,2.5419748224863588,0.3833833055797551,0.39931128855881715,1.9221008382845053,2.0002259614108002
898,1.2602316323663374,-0.39653550718683794,-1.851894282479315,0.8605149094275374,-0.7767921625902832,2.532457497190761,0.3997167229388,0.3802566554034452,1.8988335275095105,1.9773561509676902
899,1.258361492848252,-0.4030123278852155,-1.8851340846785454,0.8424180605075443,-0.7640425080890486,2.523291722537723,0.41594343234070774,0.3610301802038331,1.874759499963318,1.9539894863146248
900,1.256300564197275,-0.40935136389696214,-1.9187823215723534,0.8242369704835132,-0.750987246771676,2.5144663009541306,0.4320635937137619,0.3416358828747139,1.8499366846531018,1.9301968196807666
901,1.2540504536676609,-0.41555432500561107,-1.95278960298498,0.8059734574492955,-0.7376316005686248,2.505970466995288,0.4480769962183654,0.3220772755630137,1.8244252371993186,1.9060519961700824
902,1.2516123575963474,-0.4216233797819236,-1.9871045755869474,0.7876293477409753,-0.7239809115603028,2.4977938821817167,0.4639830098553721,0.30235753177837915,1.798286849410922,1.8816311815076365
903,1.248987038241886,-0.42756097675073607,-2.021674616461571,0.7692064757542365,-0.710040639840307,2.489926628215464,0.47978056248764944,0.2824796630895709,1.7715840625025514,1.8570121805505764
904,1.2461748261580787,-0.4333696670094468,-2.0564465015873172,0.7507066837609222,-0.6958163613314545,2.482359198903139,0.49546814239715653,0.26244669432200773,1.7443796066891295,1.8322737676788259
905,1.243175646616732,-0.43905193642432605,-2.0913670303050163,0.732131821724822,-0.6813137655554999,2.475082491068045,0.51104382489191,0.2422618291311739,1.7167357858065255,1.8074950464891693
906,1.2399890672803078,-0.44461005412301463,-2.126383591540685,0.7134837471166572,-0.6665386533573856,2.4680877946939646,0.5265053201636506,0.22192859923437097,1.6887139209449362,1.7827548519389813
907,1.2366143633779045,-0.450045942328239,-2.1614446623283134,0.6947643247283485,-0.6514969345849919,2.4613667825080277,0.541850038649556,0.2014509922567529,1.6603738623432456,1.7581312036985133
908,1.2330505960760978,-0.45536107082836813,-2.19650023362703,0.6759754264865352,-0.6361946257252741,2.454911499179146,0.5570751695895626,0.18083355489690595,1.63177357437341,1.7337008153580789
909,1.2292966995359604,-0.46055637771027474,-2.231502162283733,0.6571189312653843,-0.6206378474977482,2.448714350281457,0.5721777682705761,0.16008146978747345,1.6029687946143962,1.7095386605689693
910,1.2253515722558832,-0.4656322165003948,-2.266404451109511,0.6381967246987043,-0.6048328224062841,2.4427680911485643,0.587154847557179,0.13920060590588929,1.5740127649215108,1.6857175943289908
911,1.2212141686476665,-0.4705883286375233,-2.301163461375306,0.619210698991383,-0.5887858722501876,2.4370658157238534,0.6020034696562835,0.11819754361266432,1.544956030080427,1.662308025510358
912,1.2168835873077368,-0.47542383926314813,-2.335738063627287,0.6001627527301665,-0.5725034155955617,2.431600945494345,0.6167208345775703,0.0970795763324136,1.5158462980579541,1.6393776353479206
913,1.2123591530576672,-0.4801372736588633,-2.3700897336641793,0.5810547906938144,-0.5559919652079778,2.426367218580206,0.6313043623638528,0.0758546915491145,1.4867283549352006,1.6169911358872595
914,1.2076404904795874,-0.4847265912614472,-2.404182600922015,0.5618887236626036,-0.5392581254474379,2.4213586790388097,0.6457517668169839,0.054531534185990715,1.4576440272187616,1.5952100622345837
915,1.2027275873159275,-0.4891892340080246,-2.4379834564980936,0.5426664682272655,-0.5223085896267315,2.4165696664309295,0.660061119088662,0.033119355618706936,1.4286321842505636,1.5740925927421523
916,1.1976208467051213,-0.4935221857644942,-2.4714617277302957,0.5233899465973252,-0.5051501373341961,2.4119948056869718,0.6742309001077961,0.011627951569701922,1.3997287737623187,1.5536933918943083
917,1.1923211277628911,-0.49772203972802553,-2.5045894257310946,0.504061086408882,-0.48778963172197237,2.4076289973029317,0.6882600413540091,-0.009932408006053162,1.3709668841455596,1.534063471528217
918,1.1868297744797651,-0.5017850709299398,-2.537341071640562,0.48468182053184755,-0.470234016760835,2.4034674078887996,0.7021479539479176,-0.031551054169104864,1.3423768276502246,1.515250067039995
919,1.181148633284579,-0.5057073112646898,-2.5696936066739013,0.46525408687666003,-0.4524903144626965,2.3995054610862865,0.715894546407919,-0.05321699680199332,1.313986239419398,1.497296526312926
920,1.1752800599216868,-0.5094846248056948,-2.6016262903441967,0.44577982820049183,-0.43456562207189353,2.395738828867818,0.7295002317211949,-0.07491900273380125,1.2858201879675715,1.4802422101929351
921,1.1692269165112783,-0.5131127815170048,-2.6331205905731623,0.426260991912989,-0.416467109226396,2.3921634232246705,0.7429659245982894,-0.09664567229060878,1.257901293381753,1.4641224043699974
922,1.1629925598149462,-0.5165875278140625,-2.664160068782817,0.40669952988151115,-0.3982020150900286,2.388775388248735,0.7562930299334351,-0.11838551272403386,1.2302498501480343,1.4489682434539721
923,1.1565808218212208,-0.5199046527548182,-2.6947302625012113,0.38709739823596034,-0.3797776454569147,2.385571092609647,0.7694834235852605,-0.1401270072979035,1.2028839520687278,1.4348066488176174
924,1.1499959838074738,-0.5230600489457097,-2.724818567520701,0.367456557173166,-0.3612013698292525,2.382547122426782,0.7825394266343078,-0.16185867911645718,1.1758196172321034,1.4216602823847635
925,1.1432427450345393,-0.5260497675203339,-2.7544141212182387,0.3477789707608671,-0.3424806184696126,2.379700274533819,0.7954637742736721,-0.18356914905072136,1.149070911427529,1.4095475189413849
926,1.1363261871972767,-0.5288700667893427,-2.7835076882808734,0.328066606741307,-0.3236228794289322,2.377027550132213,0.8082595804559698,-0.20524718736041048,1.1226500687665002,1.3984824397251643
927,1.1292517356959582,-0.5315174543674256,-2.81209154977145,0.30832143633446063,-0.3046356955513944,2.3745261488288225,0.8209302993614975,-0.22688175881603118,1.0965676085793135,1.388474849998576
928,1.1220251187167634,-0.5339887227578743,-2.84015939621355,0.28854543404091454,-0.2855266614573912,2.3721934630521706,0.8334796846758488,-0.24846206130048315,1.0708324479138653,1.37953032303688
929,1.114652325020801,-0.5362809785187963,-2.867706225164889,0.2687405774444146,-0.26630342050577305,2.370027072841291,0.8459117475763863,-0.26997755801302326,1.045452009173406,1.3716502724831583
930,1.1071395612449744,-0.5383916652498832,-2.894728243578558,0.2489088470141234,-0.2469736617366209,2.3680247410007484,0.858230714230851,-0.29141800351326236,1.0204323226002803,1.3648320543672232
931,1.0994932094188186,-0.5403185807274382,-2.9212227751158504,0.22905222590655416,-0.22754511679571235,2.366184408615277,0.8704409835122644,-0.3127734639317259,0.9957781234484591,1.3590690992941394
932,1.0917197853024507,-0.5420598885810202,-2.947188172467673,0.20917269976727051,-0.20802555684197999,2.36450419091746,0.8825470855351802,-0.3340343317390402,0.9714929437944537,1.3543510744298914
933,1.0838258980545814,-0.543614124950513,-2.9726237346588733,0.1892722565323201,-0.1884227894391479,2.3629823735019793,0.8945536415222612,-0.35519133551136506,0.9475791990187332,1.3506640740006632
934,1.0758182116480457,-0.5449802005905255,-2.9975296292470985,0.16935288622944283,-0.16874465543281053,2.361617408880159,0.9064653254186028,-0.376235545157715,0.9240382690523283,1.3479908361333914
935,1.0677034083649124,-0.5461573989025058,-3.021906819281384,0.14941658077906955,-0.1489990258141988,2.3604079133688436,0.9182868275858429,-0.39715837308830704,0.9008705745293586,1.3463109830513451
936,1.0594881546248254,-0.5471453703763216,-3.0457569948524497,0.12946533379513178,-0.12919379857188856,2.3593526643079974,0.9300228208296936,-0.41795157180443304,0.8780756480191396,1.3456012809454547
937,1.0511790693293595,-0.5479441239146262,-3.0690825090440663,0.10950114038569836,-0.10933689553270708,2.3584505976018466,0.9416779289436611,-0.4386072283819191,0.8556522005336733,1.3458359153056547
938,1.0427826948420398,-0.5485540154971473,-3.0918863180806433,0.08952599695348055,-0.08943625919312186,2.3577008055788626,0.9532566978885593,-0.45911775630402546,0.8335981835200803,1.3469867771403772
939,1.0343054706682775,-0.5489757346199303,-3.114171925458565,0.06954190099617216,-0.06949984954232696,2.357102535166389,0.9647635696721053,-0.47947588507760336,0.8119108465546319,1.3490237553469817
940,1.0257537098515834,-0.549210288918114,-3.1359433298462784,0.04955085090671553,-0.04953564087836742,2.3566551863762744,0.9762028589448679,-0.49967464803974654,0.7905867909570334,1.3519150305183822
941,1.017133578061704,-0.5492589873513757,3.125980330640098,0.029554845773460472,-0.029551618618522946,2.356358311098441,0.9875787322882434,-0.5197073687328527,0.7696220195416572,1.3556273656675193
942,1.0084510753163127,-0.5491234222999064,3.1052235949175286,0.009555885180257023,-0.009555776105247387,2.3562116121999095,0.9988951901360557,-0.539567646194659,0.7490119827176192,1.3601263896975055
943,0.9997120202500946,-0.5488054508866095,3.084966564070036,-0.010444030993501241,0.010443888591061618,2.3562149429274206,1.0101560512435959,-0.5592493394776711,0.7287516211426155,1.3653768699111084
944,0.9909220368229001,-0.548307175808962,3.0652037117394424,-0.030442902772863486,0.030439375871184192,2.3563683066123997,1.0213649395957636,-0.5787465516801462,0.7088354051270427,1.3713429704048279
945,0.9820865433415845,-0.5476309259322415,3.045929227653172,-0.050438730287320994,0.05042268780681477,2.3566718566776563,1.0325252736289054,-0.5980536137390563,0.6892573709755156,1.377988493795529
946,0.9732107436575902,-0.5467792368651149,3.02713705138877,-0.07042951397077836,0.07038583133961263,2.3571258969458246,1.0436402576283685,-0.6171650682047275,0.6700111544429452,1.3852771043487009
947,0.9642996203937451,-0.5457548317092775,3.008820903722297,-0.09041325476152971,0.09032082147833986,2.3577308822501957,1.0547128751552748,-0.6360756531876174,0.6510900214721014,1.393172531188044
948,0.9553579300486006,-0.5445606021471879,2.9909743157185282,-0.11038795430214902,0.11021968449273731,2.3584874193492102,1.0657458843507497,-0.6547802866399253,0.632486896369318,1.4016387508419266
949,0.9463901998244265,-0.5431995900061669,2.9735906557113707,-0.1303516151393278,0.1300744611029139,2.359396268146511,1.0767418149637544,-0.6732740511090808,0.6141943875648597,1.4106401489056117
950,0.9374007260252539,-0.5416749694133219,2.9566631543136737,-0.1503022409236186,0.14987720966295232,2.3604583432190505,1.0877029669488725,-0.6915521790762742,0.5962048110946232,1.4201416610560014
951,0.9283935738736949,-0.5399900296339808,2.940184927586677,-0.17023783660906852,0.16962000933746174,2.3616747156563527,1.0986314104827635,-0.7096100389714426,0.5785102119303245,1.4301088940413131
952,0.9193725785992815,-0.5381481586665776,2.9241489984908595,-0.1901564086527219,0.18929496326980613,2.3630466152146,1.1095289872520033,-0.7274431219363837,0.5611023832762596,1.4405082275791787
953,0.9103413476564164,-0.5361528276491984,2.9085483167318604,-0.21005596521397318,0.2088942017407418,2.364575432789753,1.1203973128703897,-0.7450470293899402,0.5439728839421076,1.4513068983348278
954,0.9013032639364152,-0.5340075761171973,2.893375777107564,-0.22993451635375262,0.22840988531620351,2.366262723214435,1.1312377802901679,-0.7624174614334008,0.527113053893129,1.4624730673208715
955,0.8922614898452672,-0.5317159981373617,2.878624236455273,-0.24979007423350463,0.2478342079829598,2.3681102083837824,1.1420515640787718,-0.7795502061203214,0.5105140280714906,1.4739758721684637
956,0.8832189721264315,-0.5292817293319179,2.864286529291233,-0.269620653313991,0.267159400270935,2.3701197807158785,1.1528396254404225,-0.7964411296028528,0.4941667485753545,1.4857854657743221
957,0.8741784473160076,-0.5267084347951378,2.850355482228514,-0.2894242705538291,0.28637773236087966,2.3722935069527646,1.1636027178698367,-0.8130861671560174,0.47806197527574934,1.4978730428374378
958,0.8651424477258114,-0.5239997978962885,2.8368239272534743,-0.30919894560779787,0.30548151717619876,2.3746336323082975,1.1743413933336093,-0.8294813150724872,0.4621902949451768,1.5102108557723373
959,0.8561133078581065,-0.5211595099550534,2.8236847139356205,-0.32894270102487083,0.3244631134576801,2.3771425849693415,1.1850560088829774,-0.8456226234127335,0.446542128966279,1.5227722214299886
960,0.8470931711638693,-0.5181912607692196,2.810930720640679,-0.3486535624459593,0.3433149288198954,2.379822980956867,1.1957467336098286,-0.861506189589115,0.4311077396838119,1.5355315199806923
961,0.8380839970644132,-0.515098729969238,2.7985548648120564,-0.3683295588013468,0.36202942278805417,2.3826776293535232,1.20641355586576,-0.8771281527572922,0.41587723545853317,1.5484641872218805
962,0.8290875681638784,-0.5118855791701235,2.7865501123815597,-0.38796872250779796,0.38059910981409556,2.3857095379040607,1.2170562906716764,-0.8924846889842191,0.400840574477499,1.5615467014733213
963,0.820105497587467,-0.5085554448879369,2.7749094863662678,-0.40756908966530103,0.3990165622707952,2.388921918994649,1.2276745872527681,-0.9075720071587321,0.38598756737161866,1.5747565661173935
964,0.8111392363873043,-0.5051119321856881,2.763626074704753,-0.4271287002534774,0.4172744134227364,2.39231819601659,1.2382679366407818,-0.9223863456084245,0.37130787868816295,1.5880722887366892
965,0.8021900809644289,-0.5015586090118102,2.7526930373824294,-0.4466455983275678,0.4353653603728932,2.3959020101191086,1.2488356792919966,-0.9369239693847033,0.3567910272633208,1.6014733576978128
966,0.7932591804616134,-0.49789900119329267,2.742103612892638,-0.4661178322140288,0.45328216698369495,2.3996772273548608,1.259377012675642,-0.9511811681769876,0.3424263855377774,1.6149402169315215
967,0.7843475440875087,-0.4941365880450319,2.7318511240771337,-0.4855434547056987,0.47101766677138485,2.4036479462203655,1.2698909987932074,-0.9651542548164167,0.3282031778567682,1.6284542395663206
968,0.7754560483379588,-0.49027479855689016,2.7219289833869067,-0.5049205232565162,0.48856476577251795,2.407818505591774,1.2803765715944748,-0.9788395643294081,0.3141104777951327,1.641997700986604
969,0.7665854440852786,-0.4863170081202739,2.71233069760174,-0.5242471001757738,0.5059164453814522,2.4121934930541324,1.2908325442610524,-0.9922334535017261,0.3001372045476076,1.6555537518078585
970,0.7577363635108144,-0.4822665357566833,2.7030498720445357,-0.5435212528218883,0.5230657651576994,2.416777753619516,1.3012576163327028,-1.0053323009143829,0.2862721184250199,1.6691063911905746
971,0.7489093268602377,-0.4781266418115921,2.694080214324246,-0.5627410537956501,0.5400058656019979,2.4215763988259873,1.311650380655888,-1.01813250741359,0.27250381549825864,1.6826404408512619
972,0.7401047490047707,-0.47390052607813654,2.6854155376392037,-0.5819045811329816,0.5567299709000376,2.4265948162052435,1.3220093301377522,-1.030630496978174,0.2588207214339602,1.6961415200732344
973,0.7313229457949251,-0.4695913263163824,2.6770497636707176,-0.6010099184971187,0.5732313916326847,2.431838679101828,1.3323328642920438,-1.042822717949067,0.24521108456888951,1.7095960219709134
974,0.7225641401963719,-0.46520211713535353,2.6689769250950235,-0.620055155370246,0.589503527451662,2.4373139568209106,1.3426192955666179,-1.0547056445870155,0.23166296827411292,1.7229910912193034
975,0.7138284682002757,-0.46073590920651625,2.6611911677399984,-0.6390383872445473,0.605539869719601,2.4430269250746033,1.352866855444823,-1.0662757789261172,0.21816424266539514,1.7363146034239958
976,0.7051159845028321,-0.45619564877898566,2.653686752411483,-0.6579577158126543,0.6213340041134094,2.4489841766885143,1.3630737003154865,-1.077529652892395,0.20470257572296857,1.7495551462762686
977,0.69642666795088,-0.4515842174683299,2.6464580564125777,-0.6768112491574763,0.6368796131899154,2.455192632520491,1.3732379171083564,-1.0884638306582453,0.19126542389208678,1.7627020026118818
978,0.687760426752322,-0.44690443229247206,2.639499574777907,-0.69559710194139,0.6521704789127604,2.4616595525321086,1.383357528693712,-1.0990749112052325,0.1778400222457983,1.775745135470389
979,0.6791171034517165,-0.44215904592981126,2.632805921243528,-0.7143133955947752,0.6672004851395333,2.4683925469401653,1.3934304990464916,-1.1093595310693445,0.16441337430336267,1.7886751752336612
980,0.6704964796728122,-0.43735074717628386,2.626371828971958,-0.7329582585038568,0.6819636200681355,2.4753995873599552,1.403454738176669,-1.1193143672444195,0.15097224161200273,1.8014834089071348
981,0.6618982806309995,-0.4324821615796577,2.620192151050618,-0.7515298261978846,0.6964539786414377,2.4826890178342347,1.413428106828884,-1.1289361402210953,0.1375031332163834,1.8141617715946698
982,0.6533221794196816,-0.4275558522308775,2.6142618607809185,-0.7700262415355653,0.7106657649092125,2.490269565621063,1.423348420955247,-1.13822161714009,0.12399229515985555,1.826702840206859
983,0.6447678010754267,-0.4225743206937579,2.6085760517741767,-0.7884456548907789,0.7245932943464408,2.4981503515899917,1.4332134559662055,-1.1471676150401988,0.11042570018418507,1.839099829433079
984,0.6362347264274746,-0.41754000805573976,2.6031299378695842,-0.8067862243375392,0.7382309961270456,2.5063409000487984,1.4430209507650138,-1.1557710041827853,0.09678903782078585,1.851346589998405
985,0.627722495737752,-0.4124552960837859,2.597918852888524,-0.8250461158341854,0.7515734153521484,2.514851147791886,1.4527686115719374,-1.1640287114359342,0.08306770509663819,1.8634376092174048
986,0.6192306121380122,-0.4073225084707855,2.592938250238671,-0.8432235034067843,0.7646152152319554,2.523691452126122,1.4624541155447965,-1.1719377237027409,0.06924679811254908,1.8753680138469662
987,0.6107585448710706,-0.40214391215906586,2.5881837023804746,-0.8613165693317297,0.7773511792204058,2.5328725975898596,1.4720751142028003,-1.1794950913794717,0.05531110479061496,1.887133575229007
988,0.6023057323433718,-0.39692171872876986,2.5836509001678594,-0.8793235043175001,0.7897762131017095,2.542405801035813,1.4816292366608719,-1.1866979318304793,0.04124509913204655,1.8987307167003507
989,0.5938715849963069,-0.39165808583995043,2.5793356520742146,-0.8972425076856059,0.8018853470279821,2.5523027146979134,1.4911140926819129,-1.1935434328679326,0.02703293737630119,1.9101565232304822
990,0.5854554880038106,-0.3863551187182596,2.5752338833140644,-0.9150717875506427,0.8136737375071053,2.5625754268059584,1.5005272755544534,-1.200028856225365,0.012658456508106042,1.921408753227068
991,0.5770568038038167,-0.38101487167506815,2.5713416348701297,-0.9328095609994818,0.8251366693400644,2.5732364592495207,1.5098663648032984,-1.2061515410151324,-0.0018948243793910358,1.9324858524234878
992,0.5686748744711461,-0.3756393496537481,2.567655062434863,-0.9504540542695596,0.836269557506963,2.584298761724097,1.5191289287407057,-1.2119089071607112,-0.01664369928923426,1.9433869697305228
993,0.5603103545625043,-0.3702313700930468,2.5640983329103895,-0.9680035029262528,0.8470679490009707,2.5957757017178724,1.5283138574887571,-1.2172993190940176,-0.03167736880748295,1.9541147189849142
994,0.5519628347168897,-0.3647921839317367,2.5606667850023137,-0.9854561520393205,0.8575275246094671,2.6076810496170584,1.5374189867562102,-1.2223197085412039,-0.04701426461474467,1.964671207048144
995,0.5436319055386408,-0.3593229910247036,2.557355927385258,-1.0028102563583978,0.8676441006416691,2.620028958122165,1.5464421618970388,-1.2269670916663726,-0.062673030736907,1.9750593694638077
996,0.5353171586875077,-0.35382494230540523,2.554161432391558,-1.0200640804875087,0.8774136306020465,2.632833935077795,1.5553812391750164,-1.2312385729074518,-0.07867250268623716,1.9852829987867482
997,0.527018187846588,-0.3482991418608866,2.5510791299414746,-1.0372158990586215,0.8868322068088755,2.646110808726245,1.5642340869052096,-1.2351313486697622,-0.09503167878477026,1.995346773640014
998,0.5187345895789194,-0.3427466489217122,2.5481050017050997,-1.054263996904172,0.8958960619572528,2.659874684302496,1.5729985864830915,-1.238642710878965,-0.11176968259739617,2.0052562879191576
